- 10:03/07/2023 08:15:21 PM;
Software:Name=Qtegra;Version=2.10.3324.83;File Version=1;
Configuration:Machine=iCAP RQ;
STDS:Additional Gas Flow 1=0;Additional Gas Flow 2=0;Additional Gas Flow 3=0;CCT Entry Lens=-108.333333333333;Angular Deflection=-370;Deflection Entry Lens=-35;Extraction Lens 1 Polarity=0;Extraction Lens 1 Negative=0;Extraction Lens 1 Positive=0;Spray Chamber Temperature=2.7;Peristaltic Pump Speed=0;Cool Flow=14;Sampling Depth=5;Plasma Power=1550;Auxilliary Flow=0.8;Nebulizer Flow=1.105;Torch Horizontal Position=-0.723333333333333;Torch Vertical Position=0.3;Extraction Lens 2=-130;CCT Focus Lens=-1.08;CCT Bias=-2;CCT Exit Lens=-160;Focus Lens=18.8;D1 Lens=-200;D2 Lens=-80;Quad Entry Lens=-29.4;Pole Bias=-1;CCT1 Flow=0;CCT2 Flow=0;CCT1 Shut-Off Valve=0;CCT2 Shut-Off Valve=0;Virtual CCT Mass to Dac Factor=130;Virtual CCT Mass to Dac Offset=35;Virtual CCT Mass parameter b=0.65;Virtual CCT Mass Maximum Dac Limit Set=4095;
RF Generator:RF Plasma Lit Readback=1;RF FET Temperature Ok Readback=1;Plasma Power Readback=1548.6077186126;
Ion Optics:Pole Bias Readback=-0.793743890518083;Torch Horizontal Position Readback=-0.72316715542522;Torch Vertical Position Readback=0.311436950146628;Sampling Depth Readback=5;Extraction Lens 1 Negative Readback=-201.368523949169;Extraction Lens 1 Positive Readback=0.0342130987292277;Extraction Lens 2 Readback=-137.82991202346;Angular Deflection Readback=-369.296187683284;Quad Entry Lens Readback=-29.8142717497556;Focus Lens Readback=18.3040078201369;D2 Lens Readback=-80.9384164222874;Deflection Exit Lens Readback=34.5894428152493;Deflection Entry Lens Readback=-35.425219941349;D1 Lens Readback=-200.58651026393;CCT Exit Lens Readback=-162.512218963832;CCT Bias Readback=-2.01857282502444;CCT Entry Lens Readback=-109.237536656891;CCT Focus Lens Readback=-1.47116324535679;
Vacuum:Analyzer Vacuum Ok Readback=1;Interface Pressure Readback=2.07122263692432;Analyzer Pressure Readback=2.19605002409792E-07;
Detector:Detector Voltage (Counting) Readback=1618.76832844575;Detector Voltage (Analog) Readback=-1978.49462365591;
Cooling System:Plasma Cooling Water Flow Readback=0.636862745098039;Interface Temperature Readback=31.2178705615847;Exhaust Flow Readback=0.550695014662757;Quad Board Temperature Readback=0;Inlet Fan Speed Readback=0;Outlet Fan Speed Readback=2447.05882352941;Peltier Temperature Hot Side Readback=20.7862437909878;Spray Chamber Temperature Readback=2.6293915694153;
Power Supply:Supply Voltage 500 V Readback=-539.467253176931;Supply Voltage 1 kV Readback=-1169.35483870968;
Gas Supply:Nebulizer Supply Pressure Readback=0.0564456989247311;Nebulizer Flow Readback=1.10263929618768;Cool Flow Readback=13.9589442815249;Auxilliary Flow Readback=0.797653958944281;CCT2 Flow Readback=0;CCT1 Flow Readback=0;Additional Gas Flow 1 Readback=0;
Pulse Counting:Threshold=2500000;

Time,24Mg,26Mg,43Ca,55Mn,59Co,63Cu,66Zn,86Sr,88Sr,138Ba,208Pb,
,dwell time=0.01;xcal factor=66096.21568,dwell time=0.01;xcal factor=66420.50783,dwell time=0.01;xcal factor=69176.99106,dwell time=0.01;xcal factor=80139.50903,dwell time=0.01;xcal factor=85118.72235,dwell time=0.01;xcal factor=86639.08057,dwell time=0.01;xcal factor=86821.65425,dwell time=0.01;xcal factor=85302.89892,dwell time=0.01;xcal factor=82608.9753,dwell time=0.01;xcal factor=93538.82005,dwell time=0.01;xcal factor=107923.33534,
0.01244,0,800.025600819226,300.003600043201,1600.10240655402,100.0004000016,0,0,1000.04000160006,0,0,0,
0.13872,0,200.0016000128,200.0016000128,2100.17641481884,0,0,0,1100.04840212969,0,0,0,
0.26503,0,400.006400102402,200.0016000128,600.014400345608,500.010000200004,100.0004000016,0,1300.06760351538,0,0,0,
0.39123,0,400.006400102402,100.0004000016,1100.04840212969,300.003600043201,100.0004000016,100.0004000016,900.032401166442,100.0004000016,0,100.0004000016,
0.51754,0,400.006400102402,100.0004000016,1300.06760351538,400.006400102402,100.0004000016,0,600.014400345608,0,0,0,
0.64379,0,200.0016000128,300.003600043201,1100.04840212969,0,100.0004000016,0,700.019600548815,0,0,0,
0.77002,0,500.010000200004,200.0016000128,1400.07840439065,100.0004000016,100.0004000016,0,700.019600548815,0,0,0,
0.89628,0,400.006400102402,100.0004000016,1900.14441097523,100.0004000016,0,0,800.025600819226,0,0,0,
1.02257,0,200.0016000128,200.0016000128,2100.17641481884,100.0004000016,100.0004000016,100.0004000016,1000.04000160006,0,0,0,
1.14878,0,400.006400102402,200.0016000128,900.032401166442,100.0004000016,0,0,200.0016000128,0,0,0,
1.27507,0,600.014400345608,100.0004000016,1200.05760276493,100.0004000016,0,200.0016000128,1800.12960933187,0,0,0,
1.40129,0,200.0016000128,400.006400102402,1900.14441097523,100.0004000016,100.0004000016,0,800.025600819226,0,0,0,
1.52752,100.0004000016,400.006400102402,100.0004000016,1400.07840439065,0,400.006400102402,200.0016000128,800.025600819226,0,0,0,
1.65367,0,500.010000200004,200.0016000128,1400.07840439065,100.0004000016,0,100.0004000016,1500.09000540032,0,0,0,
1.77991,0,700.019600548815,200.0016000128,1400.07840439065,0,0,0,1000.04000160006,0,0,0,
1.90611,0,400.006400102402,0,1000.04000160006,100.0004000016,0,0,1800.12960933187,0,0,0,
2.03234,0,0,400.006400102402,1700.11560786133,100.0004000016,0,0,700.019600548815,0,0,0,
2.15866,0,400.006400102402,600.014400345608,1200.05760276493,300.003600043201,0,0,1400.07840439065,0,0,0,
2.28497,0,200.0016000128,200.0016000128,700.019600548815,200.0016000128,0,0,600.014400345608,0,0,0,
2.41111,0,100.0004000016,200.0016000128,1500.09000540032,200.0016000128,100.0004000016,100.0004000016,900.032401166442,100.0004000016,0,0,
2.53735,0,0,0,1100.04840212969,200.0016000128,100.0004000016,200.0016000128,1000.04000160006,0,0,0,
2.66363,0,600.014400345608,400.006400102402,1300.06760351538,0,0,100.0004000016,1100.04840212969,0,0,0,
2.78978,0,500.010000200004,0,2100.17641481884,200.0016000128,0,100.0004000016,800.025600819226,0,0,0,
2.91599,0,400.006400102402,200.0016000128,2100.17641481884,200.0016000128,0,0,900.032401166442,0,0,100.0004000016,
3.0423,0,300.003600043201,500.010000200004,1200.05760276493,200.0016000128,0,0,1000.04000160006,0,0,0,
3.16862,0,700.019600548815,300.003600043201,1500.09000540032,200.0016000128,0,0,1200.05760276493,0,0,0,
3.29488,0,500.010000200004,0,1400.07840439065,100.0004000016,0,0,1100.04840212969,0,0,0,
3.42108,100.0004000016,600.014400345608,300.003600043201,800.025600819226,100.0004000016,100.0004000016,0,1600.10240655402,0,0,0,
3.54732,100.0004000016,500.010000200004,300.003600043201,1400.07840439065,300.003600043201,100.0004000016,0,1000.04000160006,0,0,0,
3.67361,0,900.032401166442,0,800.025600819226,200.0016000128,0,0,700.019600548815,0,0,0,
3.7998,0,300.003600043201,400.006400102402,1400.07840439065,100.0004000016,300.003600043201,300.003600043201,1100.04840212969,0,0,0,
3.92599,0,300.003600043201,200.0016000128,800.025600819226,400.006400102402,100.0004000016,100.0004000016,1900.14441097523,0,0,0,
4.05235,0,500.010000200004,0,1800.12960933187,300.003600043201,0,0,1100.04840212969,0,0,0,
4.17863,200.0016000128,400.006400102402,400.006400102402,1900.14441097523,100.0004000016,200.0016000128,0,1700.11560786133,0,0,0,
4.30485,0,200.0016000128,0,1700.11560786133,200.0016000128,0,100.0004000016,800.025600819226,0,0,0,
4.43106,0,900.032401166442,100.0004000016,2000.16001280102,0,0,0,1100.04840212969,0,0,0,
4.55743,0,300.003600043201,0,1000.04000160006,300.003600043201,0,0,1200.05760276493,0,0,0,
4.68365,0,800.025600819226,0,1400.07840439065,100.0004000016,100.0004000016,100.0004000016,800.025600819226,0,0,0,
4.80997,0,400.006400102402,0,1600.10240655402,100.0004000016,0,200.0016000128,900.032401166442,0,0,0,
4.93625,0,200.0016000128,400.006400102402,1100.04840212969,0,0,0,1400.07840439065,0,0,0,
5.06257,100.0004000016,400.006400102402,200.0016000128,1400.07840439065,100.0004000016,0,0,800.025600819226,100.0004000016,0,0,
5.18889,0,500.010000200004,100.0004000016,1700.11560786133,100.0004000016,200.0016000128,100.0004000016,1400.07840439065,0,0,0,
5.31517,0,400.006400102402,300.003600043201,1000.04000160006,200.0016000128,0,100.0004000016,1000.04000160006,0,0,0,
5.44133,0,400.006400102402,0,2400.23042212052,200.0016000128,300.003600043201,0,800.025600819226,0,0,0,
5.56764,100.0004000016,600.014400345608,0,1500.09000540032,400.006400102402,100.0004000016,0,1200.05760276493,0,0,0,
5.69395,0,300.003600043201,0,1200.05760276493,200.0016000128,0,200.0016000128,1400.07840439065,0,0,0,
5.82019,0,700.019600548815,100.0004000016,1500.09000540032,100.0004000016,0,100.0004000016,1500.09000540032,0,0,0,
5.94642,0,200.0016000128,100.0004000016,1800.12960933187,200.0016000128,0,0,900.032401166442,0,0,100.0004000016,
6.0727,0,100.0004000016,200.0016000128,1900.14441097523,100.0004000016,0,0,1000.04000160006,0,0,0,
6.199,0,500.010000200004,300.003600043201,2100.17641481884,200.0016000128,0,100.0004000016,1300.06760351538,0,0,0,
6.32523,0,700.019600548815,400.006400102402,1200.05760276493,200.0016000128,0,0,1000.04000160006,0,0,0,
6.45153,0,400.006400102402,0,1600.10240655402,0,0,0,1100.04840212969,0,0,0,
6.57777,0,600.014400345608,200.0016000128,700.019600548815,300.003600043201,100.0004000016,200.0016000128,1400.07840439065,0,0,0,
6.70406,0,200.0016000128,100.0004000016,1300.06760351538,0,100.0004000016,200.0016000128,1600.10240655402,0,0,0,
6.83031,0,400.006400102402,0,1000.04000160006,400.006400102402,100.0004000016,0,1400.07840439065,0,0,0,
6.95645,100.0004000016,700.019600548815,300.003600043201,1500.09000540032,200.0016000128,0,200.0016000128,900.032401166442,0,0,0,
7.08273,0,600.014400345608,300.003600043201,1900.14441097523,0,0,0,700.019600548815,0,0,0,
7.20902,0,500.010000200004,0,1000.04000160006,0,200.0016000128,100.0004000016,1400.07840439065,0,0,0,
7.33529,0,500.010000200004,200.0016000128,1400.07840439065,300.003600043201,0,100.0004000016,1000.04000160006,0,0,0,
7.46161,100.0004000016,300.003600043201,200.0016000128,900.032401166442,200.0016000128,0,0,1500.09000540032,0,0,0,
7.58784,0,1000.04000160006,200.0016000128,1300.06760351538,100.0004000016,100.0004000016,100.0004000016,1600.10240655402,0,0,0,
7.71413,0,1000.04000160006,200.0016000128,1600.10240655402,0,0,0,1500.09000540032,0,0,0,
7.84041,0,300.003600043201,100.0004000016,1200.05760276493,100.0004000016,400.006400102402,100.0004000016,1500.09000540032,0,0,0,
7.9667,100.0004000016,400.006400102402,0,1000.04000160006,100.0004000016,0,100.0004000016,1100.04840212969,0,0,0,
8.09299,0,800.025600819226,200.0016000128,1100.04840212969,200.0016000128,0,0,1200.05760276493,0,0,100.0004000016,
8.21927,0,500.010000200004,0,2100.17641481884,300.003600043201,100.0004000016,0,500.010000200004,0,0,0,
8.34548,0,600.014400345608,200.0016000128,1700.11560786133,0,100.0004000016,100.0004000016,1000.04000160006,0,0,0,
8.47171,0,500.010000200004,0,1200.05760276493,0,300.003600043201,0,900.032401166442,0,0,0,
8.598,0,600.014400345608,0,1300.06760351538,200.0016000128,0,100.0004000016,900.032401166442,0,0,0,
8.72426,0,100.0004000016,200.0016000128,1500.09000540032,0,0,100.0004000016,1000.04000160006,0,0,0,
8.85047,0,200.0016000128,100.0004000016,600.014400345608,400.006400102402,0,0,1400.07840439065,0,0,0,
8.97677,100.0004000016,300.003600043201,100.0004000016,1600.10240655402,200.0016000128,100.0004000016,0,600.014400345608,0,0,0,
9.10301,0,500.010000200004,200.0016000128,1500.09000540032,100.0004000016,200.0016000128,0,600.014400345608,100.0004000016,0,0,
9.2293,0,300.003600043201,100.0004000016,600.014400345608,300.003600043201,100.0004000016,200.0016000128,1200.05760276493,0,0,0,
9.3556,0,200.0016000128,100.0004000016,1700.11560786133,100.0004000016,100.0004000016,0,700.019600548815,0,0,0,
9.48192,100.0004000016,400.006400102402,200.0016000128,1400.07840439065,200.0016000128,0,100.0004000016,1200.05760276493,0,0,0,
9.60815,0,500.010000200004,300.003600043201,800.025600819226,200.0016000128,100.0004000016,0,600.014400345608,0,0,0,
9.73441,0,100.0004000016,200.0016000128,1100.04840212969,0,0,100.0004000016,600.014400345608,200.0016000128,0,0,
9.86061,0,700.019600548815,100.0004000016,1200.05760276493,300.003600043201,200.0016000128,0,900.032401166442,0,0,0,
9.98682,0,600.014400345608,300.003600043201,1400.07840439065,100.0004000016,0,100.0004000016,700.019600548815,0,0,0,
10.11309,0,200.0016000128,200.0016000128,1200.05760276493,100.0004000016,0,0,700.019600548815,0,0,0,
10.23928,100.0004000016,400.006400102402,100.0004000016,1600.10240655402,0,100.0004000016,0,1000.04000160006,0,0,0,
10.36557,0,200.0016000128,0,900.032401166442,200.0016000128,0,200.0016000128,1200.05760276493,0,0,0,
10.49182,0,400.006400102402,200.0016000128,2000.16001280102,0,100.0004000016,100.0004000016,700.019600548815,0,0,0,
10.61805,0,400.006400102402,300.003600043201,1500.09000540032,100.0004000016,0,0,600.014400345608,0,0,0,
10.74437,100.0004000016,400.006400102402,0,900.032401166442,200.0016000128,0,0,900.032401166442,0,0,0,
10.87073,0,700.019600548815,100.0004000016,1700.11560786133,100.0004000016,100.0004000016,0,1400.07840439065,0,0,0,
10.99705,0,300.003600043201,300.003600043201,900.032401166442,0,100.0004000016,100.0004000016,800.025600819226,0,0,0,
11.12336,100.0004000016,500.010000200004,0,1700.11560786133,200.0016000128,100.0004000016,100.0004000016,1300.06760351538,0,0,0,
11.24968,100.0004000016,800.025600819226,100.0004000016,1900.14441097523,100.0004000016,100.0004000016,0,1300.06760351538,0,0,0,
11.37604,0,500.010000200004,100.0004000016,1500.09000540032,100.0004000016,0,0,900.032401166442,0,0,0,
11.50235,100.0004000016,900.032401166442,200.0016000128,1600.10240655402,0,0,0,1200.05760276493,0,0,0,
11.62867,0,400.006400102402,0,2500.2500250025,100.0004000016,100.0004000016,0,700.019600548815,0,0,0,
11.7549,0,300.003600043201,100.0004000016,1000.04000160006,400.006400102402,0,0,1000.04000160006,0,0,0,
11.88118,0,500.010000200004,100.0004000016,800.025600819226,100.0004000016,100.0004000016,0,1800.12960933187,0,0,0,
12.00748,0,100.0004000016,300.003600043201,1700.11560786133,200.0016000128,0,200.0016000128,900.032401166442,0,0,0,
12.13368,0,400.006400102402,100.0004000016,1500.09000540032,0,300.003600043201,0,600.014400345608,0,0,0,
12.25997,200.0016000128,100.0004000016,0,1800.12960933187,0,0,0,1100.04840212969,0,0,0,
12.38616,0,500.010000200004,300.003600043201,2300.21161946899,300.003600043201,200.0016000128,100.0004000016,800.025600819226,0,0,0,
12.51248,0,400.006400102402,100.0004000016,1900.14441097523,100.0004000016,200.0016000128,0,700.019600548815,0,0,0,
12.63876,0,600.014400345608,100.0004000016,1200.05760276493,0,0,0,1200.05760276493,0,0,0,
12.76512,0,300.003600043201,100.0004000016,1500.09000540032,300.003600043201,200.0016000128,0,1400.07840439065,0,0,0,
12.89137,0,400.006400102402,100.0004000016,1000.04000160006,200.0016000128,200.0016000128,0,800.025600819226,0,0,0,
13.01764,0,800.025600819226,100.0004000016,1200.05760276493,100.0004000016,500.010000200004,0,500.010000200004,0,0,0,
13.14394,0,500.010000200004,0,1100.04840212969,100.0004000016,0,100.0004000016,1100.04840212969,0,0,0,
13.27025,0,100.0004000016,0,1000.04000160006,0,0,0,1200.05760276493,0,0,0,
13.3965,100.0004000016,400.006400102402,300.003600043201,1300.06760351538,100.0004000016,0,0,400.006400102402,0,0,0,
13.52277,0,400.006400102402,400.006400102402,1300.06760351538,100.0004000016,100.0004000016,100.0004000016,700.019600548815,0,0,0,
13.649,0,300.003600043201,200.0016000128,1000.04000160006,0,0,0,800.025600819226,0,0,0,
13.7753,0,200.0016000128,200.0016000128,1900.14441097523,100.0004000016,100.0004000016,0,1300.06760351538,0,0,0,
13.90162,100.0004000016,900.032401166442,100.0004000016,2100.17641481884,200.0016000128,100.0004000016,0,1500.09000540032,0,0,0,
14.02791,0,400.006400102402,300.003600043201,1400.07840439065,200.0016000128,0,100.0004000016,1000.04000160006,0,0,0,
14.1541,0,200.0016000128,100.0004000016,1300.06760351538,100.0004000016,100.0004000016,200.0016000128,1000.04000160006,0,0,0,
14.28038,0,600.014400345608,300.003600043201,1800.12960933187,0,100.0004000016,100.0004000016,1000.04000160006,0,0,0,
14.40666,0,200.0016000128,200.0016000128,1100.04840212969,200.0016000128,100.0004000016,100.0004000016,900.032401166442,0,0,0,
14.53291,0,500.010000200004,100.0004000016,1300.06760351538,0,200.0016000128,0,1500.09000540032,0,0,0,
14.65922,0,300.003600043201,200.0016000128,1300.06760351538,300.003600043201,100.0004000016,100.0004000016,800.025600819226,0,0,0,
14.78553,0,300.003600043201,200.0016000128,1600.10240655402,100.0004000016,0,0,1700.11560786133,0,0,0,
14.91179,0,500.010000200004,100.0004000016,1600.10240655402,0,0,100.0004000016,1600.10240655402,0,0,100.0004000016,
15.03805,0,600.014400345608,100.0004000016,900.032401166442,300.003600043201,0,200.0016000128,1400.07840439065,0,0,0,
15.16436,0,700.019600548815,0,900.032401166442,100.0004000016,0,0,900.032401166442,0,0,0,
15.29066,0,500.010000200004,200.0016000128,1800.12960933187,200.0016000128,100.0004000016,200.0016000128,900.032401166442,0,0,0,
15.4169,0,200.0016000128,100.0004000016,1600.10240655402,400.006400102402,200.0016000128,100.0004000016,900.032401166442,0,0,0,
15.5432,0,900.032401166442,100.0004000016,1700.11560786133,200.0016000128,0,100.0004000016,300.003600043201,0,0,0,
15.66944,0,300.003600043201,100.0004000016,1700.11560786133,0,0,100.0004000016,700.019600548815,0,0,0,
15.79566,0,300.003600043201,100.0004000016,1100.04840212969,0,100.0004000016,100.0004000016,1700.11560786133,0,0,0,
15.92187,0,300.003600043201,100.0004000016,1800.12960933187,100.0004000016,0,0,800.025600819226,0,0,0,
16.04811,0,400.006400102402,0,1700.11560786133,100.0004000016,200.0016000128,100.0004000016,1100.04840212969,0,0,0,
16.1744,0,300.003600043201,0,1600.10240655402,0,0,0,1500.09000540032,0,0,0,
16.30068,0,500.010000200004,200.0016000128,1900.14441097523,300.003600043201,0,200.0016000128,800.025600819226,0,0,0,
16.42703,100.0004000016,0,100.0004000016,1200.05760276493,300.003600043201,0,0,1200.05760276493,0,100.0004000016,0,
16.55325,0,900.032401166442,200.0016000128,1400.07840439065,100.0004000016,200.0016000128,0,800.025600819226,0,0,0,
16.67952,0,700.019600548815,0,2100.17641481884,200.0016000128,100.0004000016,200.0016000128,1400.07840439065,0,0,0,
16.80585,0,100.0004000016,100.0004000016,1100.04840212969,400.006400102402,200.0016000128,200.0016000128,1400.07840439065,0,0,0,
16.93217,200.0016000128,400.006400102402,200.0016000128,1600.10240655402,0,100.0004000016,0,1300.06760351538,0,0,0,
17.05848,0,200.0016000128,0,1100.04840212969,200.0016000128,400.006400102402,200.0016000128,1300.06760351538,0,0,0,
17.18479,0,200.0016000128,0,1600.10240655402,200.0016000128,300.003600043201,0,1300.06760351538,0,0,0,
17.31106,0,500.010000200004,0,1700.11560786133,0,0,0,900.032401166442,0,0,0,
17.43731,0,400.006400102402,0,2100.17641481884,200.0016000128,100.0004000016,0,1100.04840212969,0,0,0,
17.56363,100.0004000016,700.019600548815,100.0004000016,1300.06760351538,400.006400102402,100.0004000016,0,1800.12960933187,0,0,0,
17.68986,0,200.0016000128,100.0004000016,1000.04000160006,0,300.003600043201,100.0004000016,1200.05760276493,0,0,0,
17.81617,0,800.025600819226,100.0004000016,1700.11560786133,0,200.0016000128,0,800.025600819226,0,0,0,
17.94247,0,200.0016000128,0,900.032401166442,200.0016000128,0,0,1500.09000540032,0,0,0,
18.0687,100.0004000016,500.010000200004,0,1500.09000540032,300.003600043201,0,100.0004000016,1200.05760276493,0,0,0,
18.19492,100.0004000016,900.032401166442,500.010000200004,2100.17641481884,0,0,0,900.032401166442,0,0,0,
18.32113,0,300.003600043201,100.0004000016,1500.09000540032,100.0004000016,0,100.0004000016,1600.10240655402,0,0,0,
18.44728,200.0016000128,400.006400102402,200.0016000128,1500.09000540032,200.0016000128,200.0016000128,0,1000.04000160006,0,0,0,
18.5736,0,700.019600548815,100.0004000016,2000.16001280102,100.0004000016,0,0,700.019600548815,0,0,0,
18.69983,0,600.014400345608,100.0004000016,1200.05760276493,100.0004000016,100.0004000016,100.0004000016,1100.04840212969,0,0,0,
18.82613,0,400.006400102402,200.0016000128,1300.06760351538,100.0004000016,200.0016000128,0,1700.11560786133,0,100.0004000016,0,
18.95243,0,500.010000200004,300.003600043201,1700.11560786133,100.0004000016,0,0,1000.04000160006,0,0,0,
19.07867,0,600.014400345608,100.0004000016,1300.06760351538,0,100.0004000016,100.0004000016,1500.09000540032,0,0,0,
19.20496,0,400.006400102402,100.0004000016,1600.10240655402,0,100.0004000016,100.0004000016,1500.09000540032,0,0,0,
19.33123,0,500.010000200004,300.003600043201,1800.12960933187,200.0016000128,300.003600043201,0,500.010000200004,0,0,0,
19.45751,0,300.003600043201,0,1200.05760276493,100.0004000016,0,200.0016000128,1300.06760351538,100.0004000016,0,0,
19.58374,0,200.0016000128,0,1000.04000160006,200.0016000128,0,0,700.019600548815,0,0,0,
19.71006,0,500.010000200004,200.0016000128,1600.10240655402,300.003600043201,0,0,1500.09000540032,0,0,0,
19.83637,0,300.003600043201,100.0004000016,1400.07840439065,100.0004000016,100.0004000016,0,1700.11560786133,0,0,0,
19.96257,0,600.014400345608,200.0016000128,1700.11560786133,0,0,0,700.019600548815,0,0,0,
20.08888,0,300.003600043201,100.0004000016,1400.07840439065,100.0004000016,0,100.0004000016,1500.09000540032,0,0,0,
20.21515,0,300.003600043201,200.0016000128,1100.04840212969,100.0004000016,200.0016000128,0,1100.04840212969,0,0,0,
20.34135,0,500.010000200004,0,1400.07840439065,100.0004000016,0,0,900.032401166442,0,0,0,
20.46767,100.0004000016,400.006400102402,100.0004000016,1100.04840212969,100.0004000016,0,100.0004000016,1000.04000160006,0,0,0,
20.59387,0,200.0016000128,200.0016000128,1600.10240655402,0,0,0,1000.04000160006,200.0016000128,0,0,
20.72006,5501.21026625858,3100.38444767151,149286.162661559,4500.81014582625,400.006400102402,900.032401166442,2800.31363512713,229996.649456445,2315818.70906894,25726.4467872973,100.0004000016,
20.84629,83276.4779066501,12606.3536022155,649864.97911075,12105.8592358702,400.006400102402,1400.07840439065,4300.73972723308,339241.768800704,2670211.21310538,33043.6175751993,100.0004000016,
20.97255,84182.5165254594,14007.84439286,849732.403570158,16510.8971921468,200.0016000128,1600.10240655402,2800.31363512713,416319.310302759,3151821.53910363,35650.7666917691,100.0004000016,
21.09885,83880.4963798944,11605.3848985929,911568.997325926,14708.648685427,400.006400102402,1100.04840212969,2400.23042212052,420144.142385345,3245995.77094548,31138.7365883159,0,
21.22509,87404.517338407,15309.3693340324,1032989.00366544,14308.184281409,500.010000200004,900.032401166442,2400.23042212052,414665.685321709,3420300.70882821,32742.827618525,0,
21.35138,79149.7967585701,12205.9565067753,1025509.16306127,13607.4024269202,700.019600548815,1200.05760276493,1700.11560786133,422832.550988033,3417822.43956922,26227.4864057532,0,
21.47769,76030.5245504369,13307.0793662228,1008830.51813752,18413.5523745477,400.006400102402,500.010000200004,2100.17641481884,419420.437214032,3298865.5151374,27630.5040765005,0,
21.60393,69291.5217661617,13907.7326993809,997146.553194321,17712.5404786589,100.0004000016,600.014400345608,1700.11560786133,424280.391167808,3222865.25786152,23121.3641404658,0,
21.73016,69190.9670691107,11605.3848985929,1044705.21560849,19615.3784567101,300.003600043201,800.025600819226,2000.16001280102,435662.019062503,3530170.64597704,22620.4488857928,0,
21.85644,71001.0750445261,10804.6676164103,1023450.25149062,17612.3991289868,400.006400102402,900.032401166442,2900.33643902693,423659.868041036,3372387.50315429,21217.9928579435,0,
21.98269,68084.9186390236,13307.0793662228,1060777.90379612,18012.9693379233,200.0016000128,800.025600819226,2700.2916314962,413735.615825641,3454996.47845416,22019.3770518056,0,
22.109,73113.1980856177,11605.3848985929,1018250.24144936,15809.9919148902,400.006400102402,900.032401166442,2900.33643902693,403509.342394596,3177430.32144659,16110.3750815525,0,
22.23534,68989.8600949814,10904.7544729502,1014676.43986031,18613.8487034354,100.0004000016,500.010000200004,2100.17641481884,402270.353315098,3340996.09254034,16010.246557797,0,
22.36158,61651.6630912044,9603.68781612139,1015326.14894086,16611.0297237366,200.0016000128,400.006400102402,1900.14441097523,395354.884847303,3127864.93626667,15609.7404780583,200.0016000128,
22.48783,63058.6555774328,11205.0198488923,963020.350853872,19615.3784567101,200.0016000128,500.010000200004,2300.21161946899,406194.233403658,3022951.53763583,15109.1259120509,100.0004000016,
22.61414,65169.4405454181,11104.9305891816,987958.219679329,17612.3991289868,0,1000.04000160006,2800.31363512713,388030.660616868,3267474.10452345,13707.5117164206,0,
22.74038,66878.4316556573,12005.7627661277,1013485.3908266,18713.9980705568,300.003600043201,600.014400345608,2400.23042212052,396077.220328239,3042777.6917078,12005.7627661277,100.0004000016,
22.86667,61551.1696727162,9903.92195309342,967335.169743276,15109.1259120509,300.003600043201,500.010000200004,2500.2500250025,374425.015529148,2979168.7807269,11805.5722300926,0,
22.99298,61752.1573156257,9803.84310649775,963883.199913592,15009.0054032419,400.006400102402,700.019600548815,2500.2500250025,379680.012994396,2989907.94751588,13807.6218072376,0,
23.1193,68487.1067757112,10904.7544729502,1013377.1190497,17512.2585810067,100.0004000016,400.006400102402,2300.21161946899,383081.465476979,2956038.26764294,10704.5815609081,0,
23.24558,67180.0425139374,10604.4963064339,1003528.15870057,21418.3340939844,200.0016000128,600.014400345608,3200.40965243551,377928.105344795,2801559.48383218,9403.53572943427,100.0004000016,
23.37177,65068.9189134994,9703.76506084361,983528.521599588,19314.911111378,200.0016000128,600.014400345608,2300.21161946899,378958.609963982,2861864.03580108,11605.3848985929,0,
23.498,67682.7434071994,10204.1632986258,980936.228233172,17812.6826300326,300.003600043201,500.010000200004,2200.1936170383,384112.388665283,2941994.74184196,11905.6670975384,100.0004000016,
23.62429,67984.3736212609,11104.9305891816,999850.240862613,16510.8971921468,400.006400102402,1300.06760351538,2300.21161946899,377722.014463271,2950255.63937195,11305.1099096792,0,
23.75045,74923.872531123,9903.92195309342,1008181.13345734,15910.1188355794,700.019600548815,500.010000200004,2200.1936170383,360113.613308988,3031212.43516582,10704.5815609081,0,
23.87669,71604.502459023,12105.8592358702,981368.241206866,14608.5313823273,400.006400102402,800.025600819226,2200.1936170383,368142.4837238,2913907.69024,11205.0198488923,0,
24.00304,66878.4316556573,9903.92195309342,949330.299683626,16611.0297237366,500.010000200004,700.019600548815,1600.10240655402,370613.928264082,3046082.0507198,10704.5815609081,100.0004000016,
24.1293,71403.3567600526,11205.0198488923,1024425.484783,16711.163056922,300.003600043201,600.014400345608,2200.1936170383,385658.930471726,3055169.03800278,10504.4118529783,100.0004000016,
24.25558,69995.4272328341,10804.6676164103,962265.404969801,18413.5523745477,500.010000200004,600.014400345608,2000.16001280102,387205.660737569,3073343.01256875,8102.62525058119,0,
24.38179,74119.0960479176,11805.5722300926,1003311.78178853,17011.567866149,500.010000200004,400.006400102402,1600.10240655402,368554.357708793,2987429.67825689,11605.3848985929,0,
24.50811,74923.872531123,13206.9732818928,978668.395806835,15309.3693340324,300.003600043201,400.006400102402,2000.16001280102,354352.429555467,2884994.54888505,11505.2924345199,0,
24.63434,73817.3181847359,11605.3848985929,985797.202680903,18613.8487034354,100.0004000016,800.025600819226,2100.17641481884,368142.4837238,3055995.12775578,14107.9568876847,0,
24.7606,70799.9390278146,11104.9305891816,997903.529059417,17011.567866149,0,300.003600043201,1800.12960933187,374218.981539748,2979994.8704799,10604.4963064339,0,
24.88684,76332.3556907226,12005.7627661277,998444.253095895,18313.4054127621,300.003600043201,1000.04000160006,2400.23042212052,372364.826189152,2875907.56160206,9903.92195309342,0,
25.01304,67079.5047547236,11104.9305891816,982772.382599441,18313.4054127621,500.010000200004,700.019600548815,2600.27042812453,358158.632525794,2879211.92061406,8602.95941803981,0,
25.1393,73113.1980856177,13006.7635170289,930274.529002493,16811.2971917128,300.003600043201,500.010000200004,2100.17641481884,358261.518736712,2823037.81741014,9603.68781612139,0,
25.26556,78546.0060910773,12406.1534521122,972191.055592956,17912.8255831175,100.0004000016,600.014400345608,2000.16001280102,351267.157737612,2673515.57211738,9503.61137232148,0,
25.39185,71503.9292060958,10704.5815609081,937915.006640106,18713.9980705568,300.003600043201,800.025600819226,2700.2916314962,349519.170320377,2780081.15025421,10104.0820491479,0,
25.518,80055.5372749817,11004.8421305374,956335.21464851,16611.0297237366,200.0016000128,800.025600819226,2100.17641481884,358158.632525794,2991560.12702188,10104.0820491479,0,
25.64432,79049.1629616551,14408.2991803279,1002229.95124062,32241.5270868879,400.006400102402,700.019600548815,3700.5476810568,360113.613308988,2899038.07468603,11405.2007715518,0,
25.77058,75024.4732238859,12706.4548790786,941790.772193721,22420.0883992057,500.010000200004,400.006400102402,3600.51847466035,344276.654068872,2697472.17495434,10404.3282005314,100.0004000016,
25.89686,75426.8840672744,13206.9732818928,921993.463510128,25125.2257266295,100.0004000016,800.025600819226,3100.38444767151,351369.988034153,2931255.57505297,11805.5722300926,0,
26.0231,73515.5475855207,11405.2007715518,990011.518773105,23822.6791905894,200.0016000128,500.010000200004,3200.40965243551,372261.825503792,2944473.01110095,11905.6670975384,0,
26.14937,74923.872531123,12706.4548790786,973378.326150828,53213.0244639615,200.0016000128,600.014400345608,2800.31363512713,365980.364701919,2809820.38136216,9403.53572943427,0,
26.27564,76734.808514053,10404.3282005314,947283.423214723,18113.1138944596,200.0016000128,500.010000200004,3100.38444767151,354763.855871352,2863516.21530708,9903.92195309342,0,
26.4019,71805.6513855683,12306.0545788528,953209.47769685,19014.4509827469,300.003600043201,600.014400345608,2100.17641481884,348902.291135185,2882516.27962605,12005.7627661277,100.0004000016,
26.52821,69090.4131787206,11805.5722300926,946637.108257673,16310.634533716,400.006400102402,800.025600819226,2600.27042812453,370201.987400143,2989907.94751588,10204.1632986258,100.0004000016,
26.65445,71805.6513855683,10904.7544729502,937484.437509337,15409.4922472243,400.006400102402,500.010000200004,3700.5476810568,337906.318665726,3016342.81961184,12205.9565067753,0,
26.78073,61752.1573156257,11405.2007715518,942221.484310144,13907.7326993809,200.0016000128,700.019600548815,1600.10240655402,358673.071929369,2994038.39628088,11004.8421305374,0,
26.90696,64666.8404483568,11205.0198488923,923498.718342223,17612.3991289868,200.0016000128,600.014400345608,2000.16001280102,358055.747149755,3119604.03873668,10604.4963064339,0,
27.03322,67180.0425139374,12306.0545788528,927907.970446333,14107.9568876847,100.0004000016,200.0016000128,2500.2500250025,373394.879039952,2998994.93479887,11505.2924345199,0,
27.15951,66174.7012111976,10204.1632986258,956443.012110238,13607.4024269202,200.0016000128,200.0016000128,2100.17641481884,347463.023120942,2924646.85702899,11004.8421305374,0,
27.28569,66375.7630204782,10604.4963064339,904158.757263526,14908.8856958747,500.010000200004,400.006400102402,1700.11560786133,332257.89454485,3017168.90936484,9903.92195309342,0,
27.41197,66074.1715161165,10504.4118529783,892675.894125884,13807.6218072376,100.0004000016,800.025600819226,2900.33643902693,347874.225875921,2810646.47111516,9203.38684635946,100.0004000016,
27.53826,66375.7630204782,9603.68781612139,882940.525336397,14308.184281409,200.0016000128,900.032401166442,2000.16001280102,361451.405430191,3052690.76874379,11004.8421305374,0,
27.66452,65269.9629836093,10004.0016006403,930704.858791754,13607.4024269202,100.0004000016,500.010000200004,2600.27042812453,374321.99811621,3174125.9624346,13407.186251831,0,
27.79076,69291.5217661617,10004.0016006403,961510.502988689,12606.3536022155,100.0004000016,500.010000200004,2700.2916314962,357438.452425388,2790820.31704319,12406.1534521122,0,
27.91698,65772.5872689938,12406.1534521122,892354.091406224,15309.3693340324,600.014400345608,700.019600548815,1900.14441097523,372879.842160389,2957690.44714893,12706.4548790786,0,
28.04327,63661.7007198284,10604.4963064339,921025.891994343,12306.0545788528,600.014400345608,500.010000200004,2900.33643902693,354043.868580863,2903168.52345102,12706.4548790786,100.0004000016,
28.16949,65269.9629836093,9903.92195309342,919950.89724502,10004.0016006403,300.003600043201,300.003600043201,1800.12960933187,383906.197328395,3160082.43663362,11205.0198488923,0,
28.29582,69894.8668888862,10704.5815609081,965501.196490295,12906.6598364756,100.0004000016,500.010000200004,1900.14441097523,354969.574036511,2816429.09938615,13307.0793662228,100.0004000016,
28.42207,59742.4259434492,12205.9565067753,897396.586515951,10504.4118529783,200.0016000128,700.019600548815,1900.14441097523,365362.684101802,3116299.67972469,8602.95941803981,100.0004000016,
28.5483,63259.6674005189,9803.84310649775,942436.845731743,12906.6598364756,200.0016000128,300.003600043201,2800.31363512713,368142.4837238,2831298.71494013,11305.1099096792,0,
28.67462,64968.3980878437,9903.92195309342,915436.892801314,12205.9565067753,200.0016000128,200.0016000128,2700.2916314962,361142.671644214,2912255.510734,13006.7635170289,100.0004000016,
28.80082,58737.681124556,9903.92195309342,913932.574020557,11605.3848985929,200.0016000128,700.019600548815,2000.16001280102,367833.587011669,3049386.40973179,9203.38684635946,0,
28.92715,64465.8060531688,10804.6676164103,922961.107262991,12506.2531265633,100.0004000016,700.019600548815,3000.36004320518,368966.245068273,3270778.46353545,9903.92195309342,0,
29.05347,66978.9678019669,10804.6676164103,932641.519611301,10404.3282005314,300.003600043201,300.003600043201,2400.23042212052,376279.472010979,3023777.62738883,11004.8421305374,0,
29.17978,59641.9478358493,9103.31360615264,895572.478599899,10404.3282005314,300.003600043201,300.003600043201,1400.07840439065,358878.853535231,3128691.02601967,10404.3282005314,0,
29.30604,66878.4316556573,9603.68781612139,908454.032184518,11305.1099096792,100.0004000016,900.032401166442,2400.23042212052,371334.856966563,3128691.02601967,10504.4118529783,0,
29.43224,65672.0607992942,9003.24116682005,917371.273600358,11905.6670975384,200.0016000128,400.006400102402,2200.1936170383,351986.987332119,3001473.20405787,9503.61137232148,0,
29.55849,59842.904856798,9203.38684635946,916296.581951476,10004.0016006403,400.006400102402,500.010000200004,3100.38444767151,378340.297149911,2951081.72912494,9903.92195309342,0,
29.68477,64566.3228476556,10304.2453490838,882248.755425842,10004.0016006403,200.0016000128,900.032401166442,2900.33643902693,377722.014463271,2957690.44714893,10504.4118529783,100.0004000016,
29.81096,62254.6405270692,9603.68781612139,915974.191836261,10804.6676164103,900.032401166442,800.025600819226,2500.2500250025,378134.199573647,2979168.7807269,11205.0198488923,0,
29.93716,66074.1715161165,10004.0016006403,909742.89243933,9603.68781612139,500.010000200004,800.025600819226,2500.2500250025,347463.023120942,2984125.31924489,9803.84310649775,0,
30.06344,60948.2260858408,11905.6670975384,895036.025174118,11605.3848985929,300.003600043201,500.010000200004,2900.33643902693,369790.059913296,3077473.46133375,11805.5722300926,0,
30.18968,61852.6523459899,9903.92195309342,878631.289542549,8703.02865397158,600.014400345608,400.006400102402,1900.14441097523,354455.28488266,2799081.21457318,9203.38684635946,100.0004000016,
30.31595,57733.0168708705,10304.2453490838,888278.615867651,11004.8421305374,700.019600548815,300.003600043201,3400.46246289495,372776.837293516,2908125.06196901,10504.4118529783,0,
30.44211,63360.1745211896,8903.16952835209,900508.893198734,9103.31360615264,300.003600043201,600.014400345608,2900.33643902693,344893.30813713,2821385.63790415,11205.0198488923,0,
30.56826,59842.904856798,9903.92195309342,859465.184884832,10604.4963064339,500.010000200004,500.010000200004,2300.21161946899,345818.345506085,2766863.71420623,9803.84310649775,0,
30.6945,59440.9940378578,10304.2453490838,905447.190191576,10804.6676164103,400.006400102402,1100.04840212969,1900.14441097523,361245.58207102,3014690.64010584,11405.2007715518,0,
30.82073,61953.1481823067,10704.5815609081,899328.275021859,9003.24116682005,600.014400345608,700.019600548815,2800.31363512713,340371.87502534,2799081.21457318,10604.4963064339,0,
30.94697,62355.1395872932,11004.8421305374,904266.121779064,9703.76506084361,100.0004000016,600.014400345608,4100.67251029169,368966.245068273,2957690.44714893,10004.0016006403,0,
31.07326,65269.9629836093,9303.46088745013,912965.604165976,9703.76506084361,300.003600043201,600.014400345608,2700.2916314962,347463.023120942,2850298.7792591,11805.5722300926,0,
31.19949,58034.4076882059,11505.2924345199,891495.989925101,8502.8909829342,100.0004000016,400.006400102402,2600.27042812453,342015.845855668,2857733.58703609,9703.76506084361,0,
31.32577,66677.361782341,10404.3282005314,879917.18426501,9303.46088745013,300.003600043201,200.0016000128,2200.1936170383,333592.749323086,2637167.62298543,10404.3282005314,0,
31.45209,63058.6555774328,9503.61137232148,883775.635291389,7902.49718911176,500.010000200004,700.019600548815,3300.43565750679,344790.530375225,2804037.75309117,9603.68781612139,0,
31.57841,61048.7146689335,10904.7544729502,914899.616044847,8402.82334864514,900.032401166442,300.003600043201,3500.49006860961,337598.157855264,2611558.84064247,10704.5815609081,100.0004000016,
31.70472,65873.1145450243,8402.82334864514,881310.381097119,9803.84310649775,200.0016000128,800.025600819226,2900.33643902693,336981.858720989,2514906.33954162,9903.92195309342,100.0004000016,
31.831,65269.9629836093,11205.0198488923,889136.504096697,9603.68781612139,200.0016000128,900.032401166442,4300.73972723308,340577.359714564,2647080.70002142,12005.7627661277,0,
31.9573,69090.4131787206,9103.31360615264,895143.314081157,8803.09869073914,600.014400345608,300.003600043201,3000.36004320518,329485.95328027,2533906.4038606,12306.0545788528,0,
32.08354,64968.3980878437,10204.1632986258,901260.251718808,8002.56081946223,300.003600043201,300.003600043201,3300.43565750679,330512.527458276,2532254.2243546,12506.2531265633,0,
32.20986,64063.7469371714,10104.0820491479,919520.924310852,7302.132222609,400.006400102402,400.006400102402,3700.5476810568,339447.235162233,2700776.53396633,13206.9732818928,0,
32.33618,66074.1715161165,10304.2453490838,888493.082594648,9503.61137232148,400.006400102402,100.0004000016,3700.5476810568,305692.768645234,2529775.9550956,12205.9565067753,0,
32.4624,62757.1438882963,11905.6670975384,892461.358090669,8202.69048247825,600.014400345608,400.006400102402,3200.40965243551,310816.83068076,2476080.12115069,11104.9305891816,0,
32.5887,62355.1395872932,9803.84310649775,941898.448882008,9503.61137232148,400.006400102402,400.006400102402,4500.81014582625,326304.102050823,2408340.76140479,10504.4118529783,0,
32.71493,65269.9629836093,10504.4118529783,962494.065050179,8602.95941803981,200.0016000128,600.014400345608,4200.70571856072,300775.620577424,2550428.19892057,11205.0198488923,0,
32.8412,64465.8060531688,10404.3282005314,912535.862949634,8202.69048247825,600.014400345608,200.0016000128,2300.21161946899,296884.233362745,2499210.63423465,9903.92195309342,0,
32.96748,58737.681124556,10704.5815609081,896323.550738149,8402.82334864514,600.014400345608,1000.04000160006,4400.77453631839,299444.221809335,2333166.59388191,11104.9305891816,0,
33.09363,60546.2798120259,10104.0820491479,922316.003401008,7602.31110257518,300.003600043201,700.019600548815,2600.27042812453,288491.106543448,2425688.64621776,11505.2924345199,100.0004000016,
33.2199,65269.9629836093,9503.61137232148,925830.259790784,8903.16952835209,100.0004000016,300.003600043201,4300.73972723308,301287.734340527,2253035.88784103,10604.4963064339,0,
33.34611,61048.7146689335,9903.92195309342,958060.081487542,7302.132222609,100.0004000016,200.0016000128,4200.70571856072,290742.374335359,2150600.75846919,9803.84310649775,0,
33.47238,62958.150874998,11705.4781637807,902977.806328616,9203.38684635946,200.0016000128,400.006400102402,3600.51847466035,284705.787163461,2234035.82352206,10104.0820491479,0,
33.59867,65973.6426273953,7302.132222609,929198.76701474,9303.46088745013,0,600.014400345608,3500.49006860961,285524.138572764,2189426.97686013,8703.02865397158,0,
33.72491,65571.5351359155,9603.68781612139,965932.696302451,7902.49718911176,500.010000200004,600.014400345608,4200.70571856072,282660.140369329,2162992.10476417,9103.31360615264,0,
33.85119,58536.7418289123,10104.0820491479,931565.561221314,9103.31360615264,300.003600043201,700.019600548815,3900.60849492521,270188.859283459,2122513.70686724,8202.69048247825,0,
33.97734,56728.433172703,10904.7544729502,906950.523942167,8903.16952835209,300.003600043201,400.006400102402,4600.84655576626,253443.559563782,2077904.86020531,9003.24116682005,100.0004000016,
34.10358,55824.3767113128,9503.61137232148,915974.191836261,8602.95941803981,600.014400345608,300.003600043201,3700.5476810568,256198.881453464,2042383.00082636,8703.02865397158,0,
34.22974,54719.5074041707,8602.95941803981,908239.234608433,6701.7960813498,200.0016000128,700.019600548815,5501.21026625858,251402.967948899,2179513.89982415,8602.95941803981,0,
34.35601,54217.3262941004,8703.02865397158,902548.396321424,7402.19104855037,400.006400102402,200.0016000128,4200.70571856072,261405.01913804,2118849.9871999,8602.95941803981,0,
34.48234,58235.3389276679,8803.09869073914,912428.429872677,9003.24116682005,100.0004000016,700.019600548815,5401.16665199683,231524.468523169,2089934.24731159,9203.38684635946,100.0004000016,
34.60864,51505.8961224277,10004.0016006403,882918.102305857,7802.43435952017,300.003600043201,200.0016000128,4600.84655576626,243651.726463829,2080426.70086744,6501.69043951427,0,
34.73487,54819.9460419398,7602.31110257518,914577.260684062,7902.49718911176,200.0016000128,400.006400102402,4400.77453631839,237128.055206722,2077376.31054501,7602.31110257518,0,
34.86115,50401.4076321559,9903.92195309342,878524.137417033,7302.132222609,500.010000200004,600.014400345608,4600.84655576626,251198.92692505,2084768.82608112,7302.132222609,200.0016000128,
34.98742,53213.0244639615,7402.19104855037,917156.328140226,8903.16952835209,200.0016000128,500.010000200004,4300.73972723308,249872.740641387,1854860.62689565,6301.58800017604,200.0016000128,
35.11363,50602.2164772841,9103.31360615264,919520.924310852,6501.69043951427,500.010000200004,600.014400345608,4300.73972723308,227043.390514632,2004955.94951586,6801.85010322808,0,
35.23994,52108.3854417188,8402.82334864514,929091.195725226,7502.25067520256,400.006400102402,600.014400345608,5501.21026625858,239370.186852105,2014760.86533682,6801.85010322808,0,
35.36613,48293.1091143725,10504.4118529783,886455.792146256,6501.69043951427,0,700.019600548815,4600.84655576626,255994.762916926,1810251.78023372,7001.96054895371,0,
35.49245,58938.6236428079,10904.7544729502,961402.663432222,8502.8909829342,300.003600043201,300.003600043201,4400.77453631839,234478.77679397,2045037.56014816,8002.56081946223,0,
35.61869,56527.5260988791,7802.43435952017,1001924.94995179,7802.43435952017,400.006400102402,700.019600548815,7001.96054895371,235701.451557547,2353818.83770688,9603.68781612139,0,
35.74496,57632.5548762153,10704.5815609081,914040.019570283,6801.85010322808,300.003600043201,600.014400345608,5601.25468104855,227043.390514632,1964730.56404448,10404.3282005314,200.0016000128,
35.87129,58436.2733895444,9903.92195309342,966903.623317864,7502.25067520256,400.006400102402,100.0004000016,8803.09869073914,219205.332752283,1893287.43545611,7102.01697282028,300.003600043201,
35.99749,49698.6020264204,7502.25067520256,908131.837155992,8202.69048247825,300.003600043201,100.0004000016,5901.39272868397,214016.572668813,1845349.31168524,7502.25067520256,0,
36.12369,50100.2004008016,7902.49718911176,887528.010305307,7702.37233067785,100.0004000016,800.025600819226,4700.88376614804,225312.491171141,1886693.02279561,6701.7960813498,100.0004000016,
36.24999,52409.640968907,8402.82334864514,942544.527783428,7802.43435952017,200.0016000128,400.006400102402,6801.85010322808,222869.272895303,1890857.53869057,7702.37233067785,200.0016000128,
36.37619,48795.0527627819,7602.31110257518,944806.05738576,7202.07419736884,200.0016000128,200.0016000128,6501.69043951427,221240.723627662,2020904.6672484,8803.09869073914,0,
36.50242,45081.1460629132,8202.69048247825,959353.882065617,7902.49718911176,200.0016000128,500.010000200004,7702.37233067785,235191.989340655,1671468.70172994,7602.31110257518,0,
36.62858,46385.9066992069,8803.09869073914,909313.258106506,6301.58800017604,700.019600548815,400.006400102402,5801.34591225164,210965.358116721,1927236.14539846,7402.19104855037,0,
36.75481,45783.6925900546,7402.19104855037,960755.644906707,6301.58800017604,300.003600043201,600.014400345608,6001.44034568296,218798.293998733,1782164.72863177,6301.58800017604,100.0004000016,
36.88101,42873.3992595323,9303.46088745013,912643.296917432,5601.25468104855,100.0004000016,300.003600043201,5401.16665199683,220324.757077832,1865312.36835997,7402.19104855037,100.0004000016,
37.00724,47289.282164727,7302.132222609,939422.111178438,8002.56081946223,100.0004000016,100.0004000016,5801.34591225164,221953.188054883,2011141.55566888,8703.02865397158,0,
37.13357,40866.6944453348,6901.90492575951,939314.45504613,6901.90492575951,100.0004000016,0,6701.7960813498,219917.682188685,1876287.37416522,6701.7960813498,0,
37.25988,42973.74294289,7402.19104855037,996173.363280925,7102.01697282028,300.003600043201,300.003600043201,7202.07419736884,231728.191712689,1957433.13478285,7001.96054895371,0,
37.38608,48995.8358549322,6401.6388195378,969601.023825551,6301.58800017604,300.003600043201,700.019600548815,6801.85010322808,231320.748623379,1861469.34491964,7402.19104855037,0,
37.5124,46586.6511711784,8002.56081946223,912535.862949634,5101.04061228491,300.003600043201,0,6601.74286011507,214728.629004603,1891320.34231575,7802.43435952017,0,
37.63855,46687.0246138803,6501.69043951427,965952.914602952,8202.69048247825,200.0016000128,200.0016000128,6301.58800017604,233867.483840231,2060556.97539233,10404.3282005314,0,
37.76487,50401.4076321559,6501.69043951427,987309.876840941,7502.25067520256,500.010000200004,500.010000200004,7302.132222609,239166.340240115,1938377.92173647,7602.31110257518,100.0004000016,
37.89114,43776.5213593361,7602.31110257518,950407.732806298,7001.96054895371,100.0004000016,400.006400102402,8803.09869073914,226432.45774068,1887904.2170156,8102.62525058119,0,
38.01742,41769.6718125834,8002.56081946223,988930.794595966,6001.44034568296,700.019600548815,100.0004000016,6101.48876325823,224498.032489153,1959991.37280276,7502.25067520256,0,
38.14377,46185.1654450807,7402.19104855037,867721.587304195,7902.49718911176,200.0016000128,500.010000200004,8602.95941803981,213101.13075716,1599598.89321905,5701.29989637637,0,
38.26997,42572.3730341581,6801.85010322808,813752.741420541,8703.02865397158,0,100.0004000016,7102.01697282028,210558.585304463,1901158.68670695,6001.44034568296,100.0004000016,
38.39625,44980.7854907414,7302.132222609,918768.506000713,5901.39272868397,200.0016000128,600.014400345608,8502.8909829342,226127.002449961,1768121.20283079,8502.8909829342,0,
38.52254,44378.6389482162,7702.37233067785,918338.572293503,6401.6388195378,400.006400102402,600.014400345608,8302.75651516303,234784.434377448,2006356.215999,7802.43435952017,0,
38.64877,43575.8219301585,5301.12383825371,957197.619413492,8903.16952835209,100.0004000016,0,7402.19104855037,222971.064207595,1918885.85961693,7702.37233067785,0,
38.77512,37857.2401471024,6801.85010322808,930489.692111738,6601.74286011507,300.003600043201,300.003600043201,7001.96054895371,207508.207564672,1878252.26852449,7001.96054895371,0,
38.90136,37355.7347562563,7902.49718911176,800752.143526488,6801.85010322808,200.0016000128,400.006400102402,7102.01697282028,223276.443074092,2009974.24328856,8102.62525058119,0,
39.02767,44278.2840061228,7902.49718911176,908454.032184518,7502.25067520256,200.0016000128,200.0016000128,8502.8909829342,245181.19981258,2015122.0389774,7001.96054895371,0,
39.15383,45482.5963950534,5901.39272868397,913610.242717239,7402.19104855037,500.010000200004,400.006400102402,10904.7544729502,240695.270095632,1932513.06367753,7202.07419736884,100.0004000016,
39.28007,43475.4734218603,8302.75651516303,930166.948786883,7502.25067520256,200.0016000128,400.006400102402,7702.37233067785,241612.71692642,2132859.84684043,8102.62525058119,0,
39.40634,45181.5074394207,6701.7960813498,996390.790667356,5801.34591225164,500.010000200004,200.0016000128,9003.24116682005,246710.858509353,1958947.93577349,8102.62525058119,0,
39.53257,44478.9946945776,7302.132222609,889029.264958681,5801.34591225164,500.010000200004,300.003600043201,9603.68781612139,248852.692133669,2071296.14218132,8102.62525058119,0,
39.6589,44478.9946945776,6301.58800017604,1047581.7640484,7001.96054895371,200.0016000128,500.010000200004,8703.02865397158,252015.110805842,2063035.24465133,8302.75651516303,0,
39.78513,44077.5765347011,7001.96054895371,961726.184789336,6201.53798141939,700.019600548815,100.0004000016,9703.76506084361,261813.434434479,2174557.36130616,8102.62525058119,0,
39.91127,45683.3263873305,11004.8421305374,910172.541020985,7602.31110257518,200.0016000128,0,10204.1632986258,264366.329269476,2226601.01574507,7102.01697282028,0,
40.03764,47490.0411179596,7902.49718911176,903085.161055022,5001.00020004001,300.003600043201,200.0016000128,11605.3848985929,264264.203569335,2028339.47502538,8602.95941803981,0,
40.16379,50301.0044168691,8803.09869073914,925972.016542844,8002.56081946223,500.010000200004,200.0016000128,13106.8679988314,268145.560690043,2229079.28500407,7802.43435952017,0,
40.29011,53815.5958999932,7202.07419736884,905339.815885569,5801.34591225164,600.014400345608,800.025600819226,11104.9305891816,278058.645096057,2377775.44054384,8803.09869073914,100.0004000016,
40.41637,48995.8358549322,8302.75651516303,913502.800731383,7902.49718911176,200.0016000128,500.010000200004,11505.2924345199,258546.481787578,2220818.38747408,9503.61137232148,0,
40.54266,52510.0610880405,9503.61137232148,895357.894562389,6401.6388195378,300.003600043201,300.003600043201,12205.9565067753,270393.207318306,2136557.23266821,8302.75651516303,0,
40.66895,60144.3464314354,7602.31110257518,878524.137417033,5801.34591225164,100.0004000016,400.006400102402,14107.9568876847,265898.31385501,2546297.75015558,9403.53572943427,0,
40.79522,56025.2725093309,7402.19104855037,861177.20078618,6001.44034568296,200.0016000128,100.0004000016,11905.6670975384,292175.208002849,2232383.64401607,11305.1099096792,0,
40.92149,55723.9300203653,7502.25067520256,889166.454531389,6201.53798141939,200.0016000128,100.0004000016,10604.4963064339,268554.193973551,2234035.82352206,8202.69048247825,0,
41.04777,53715.1653144341,9703.76506084361,846276.720077002,6601.74286011507,600.014400345608,300.003600043201,11405.2007715518,290026.018378768,2411645.12041679,9903.92195309342,0,
41.17401,55623.4841347792,9403.53572943427,960324.317139629,7001.96054895371,400.006400102402,400.006400102402,13006.7635170289,277240.776840385,2380253.70980283,9603.68781612139,0,
41.30028,51606.3089965329,9503.61137232148,894821.450027138,7702.37233067785,300.003600043201,200.0016000128,12205.9565067753,268247.717771866,2136557.23266821,8602.95941803981,100.0004000016,
41.42652,51907.5524486736,8502.8909829342,872525.034255223,5601.25468104855,200.0016000128,600.014400345608,13307.0793662228,295553.244104112,2457080.05683172,9503.61137232148,0,
41.55278,52309.2216548153,7502.25067520256,917801.175216776,6501.69043951427,300.003600043201,200.0016000128,13907.7326993809,289923.685126288,2437253.90275975,9703.76506084361,0,
41.67902,54518.6325444167,8803.09869073914,884633.225101054,7302.132222609,400.006400102402,700.019600548815,13407.186251831,297498.583340079,2557036.91694456,9203.38684635946,0,
41.80522,55723.9300203653,8302.75651516303,868884.078426178,5601.25468104855,400.006400102402,500.010000200004,12606.3536022155,278467.59907137,2397601.59461581,10304.2453490838,0,
41.93143,46486.2785329572,8803.09869073914,855613.977751761,5701.29989637637,300.003600043201,500.010000200004,15709.8657957197,319737.647006397,2579341.34027552,10004.0016006403,0,
42.05774,49799.0004128207,8602.95941803981,900723.562613445,6201.53798141939,200.0016000128,600.014400345608,12306.0545788528,303233.955725413,2357949.28647187,10004.0016006403,0,
42.18393,56929.3434683601,8202.69048247825,850480.818943232,6501.69043951427,200.0016000128,300.003600043201,14007.84439286,321071.182595309,2673515.57211738,10104.0820491479,0,
42.31026,55623.4841347792,8102.62525058119,849043.79971922,6401.6388195378,200.0016000128,700.019600548815,15209.2472223112,325688.352209413,2507471.53176464,12406.1534521122,0,
42.43649,57331.1737254839,7802.43435952017,844494.709115043,6001.44034568296,400.006400102402,400.006400102402,15209.2472223112,315327.722106559,2533080.3141076,9503.61137232148,0,
42.5628,54317.7609056434,9103.31360615264,814392.453110738,7102.01697282028,400.006400102402,800.025600819226,13206.9732818928,320045.373521309,2658645.9565634,10704.5815609081,100.0004000016,
42.68904,53213.0244639615,8302.75651516303,812153.600898676,4400.77453631839,300.003600043201,500.010000200004,20216.3347985172,316558.244286559,2492601.91621066,10704.5815609081,100.0004000016,
42.81533,51305.072789072,7202.07419736884,926522.029701339,5001.00020004001,300.003600043201,300.003600043201,17912.8255831175,319532.500151917,2755298.45766425,11605.3848985929,0,
42.94162,57733.0168708705,7902.49718911176,841609.539481845,6301.58800017604,200.0016000128,1200.05760276493,17912.8255831175,333284.693426722,2548776.01941457,12506.2531265633,200.0016000128,
43.06791,52409.640968907,5701.29989637637,799367.605901244,4900.9605882753,400.006400102402,900.032401166442,16010.246557797,324046.49900122,2756124.54741725,12205.9565067753,0,
43.19418,49899.3996040112,7402.19104855037,791595.653806633,5601.25468104855,400.006400102402,500.010000200004,16611.0297237366,328562.107660573,2607428.39187748,10004.0016006403,0,
43.3204,54217.3262941004,6401.6388195378,792553.586609332,4400.77453631839,300.003600043201,1000.04000160006,18814.1482394761,314507.440440027,2391818.96634482,9903.92195309342,0,
43.44663,47891.5686793148,7502.25067520256,778511.033202722,6701.7960813498,100.0004000016,400.006400102402,15910.1188355794,307742.144476838,2669385.12335238,10304.2453490838,0,
43.57292,47791.1855820906,8102.62525058119,757369.698618169,5701.29989637637,400.006400102402,500.010000200004,16310.634533716,303848.614158819,2508297.62151764,9903.92195309342,0,
43.69917,60445.7952581627,7902.49718911176,741881.010729216,4700.88376614804,300.003600043201,300.003600043201,18713.9980705568,307537.191956657,2389340.69708582,10804.6676164103,100.0004000016,
43.82538,42171.0159909287,7402.19104855037,771282.956316645,4800.92177698118,300.003600043201,200.0016000128,16410.7654621432,313994.791392432,2669385.12335238,11205.0198488923,100.0004000016,
43.95169,49999.7996000016,6901.90492575951,782977.459489786,5301.12383825371,400.006400102402,500.010000200004,18113.1138944596,329793.916796693,2666080.76434039,11805.5722300926,0,
44.07793,47490.0411179596,7702.37233067785,801604.24054526,5701.29989637637,500.010000200004,600.014400345608,18513.7001381022,307434.716941404,2561167.36570955,12906.6598364756,100.0004000016,
44.20422,46486.2785329572,9903.92195309342,766714.352266028,5101.04061228491,400.006400102402,800.025600819226,19815.6940296715,310099.337077878,2401732.0433808,10304.2453490838,100.0004000016,
44.33048,47088.5264296878,6601.74286011507,758855.894656583,4900.9605882753,400.006400102402,500.010000200004,22920.9956319989,336365.589567093,2872603.20259007,13907.7326993809,0,
44.45671,45683.3263873305,7502.25067520256,773195.87628866,3200.40965243551,500.010000200004,600.014400345608,17712.5404786589,332565.925469564,2653689.41804541,11004.8421305374,100.0004000016,
44.583,48293.1091143725,9803.84310649775,784998.494156088,4800.92177698118,300.003600043201,800.025600819226,17211.841747122,341510.1558286,2510775.89077663,12205.9565067753,0,
44.70919,41569.0045475489,8302.75651516303,813539.511236117,4800.92177698118,400.006400102402,100.0004000016,21217.9928579435,489084.170961229,2606602.30212448,13006.7635170289,0,
44.83538,48192.7227986646,8202.69048247825,807463.931488409,5101.04061228491,100.0004000016,400.006400102402,19114.6035571176,352912.542592893,2808994.29160917,11905.6670975384,0,
44.96167,43375.1257177431,7302.132222609,790105.677537024,5701.29989637637,700.019600548815,600.014400345608,17111.7044058136,322917.848402833,2519862.87805962,14508.4148806308,0,
45.0879,47690.8032894631,7402.19104855037,796066.615762429,6301.58800017604,300.003600043201,400.006400102402,20616.9883984403,318506.815742035,2770994.16297123,13006.7635170289,0,
45.21414,48293.1091143725,8202.69048247825,765970.779327859,4400.77453631839,200.0016000128,600.014400345608,19615.3784567101,324456.942345328,2787515.9580312,12606.3536022155,100.0004000016,
45.34033,46586.6511711784,7502.25067520256,841502.693718241,5301.12383825371,500.010000200004,100.0004000016,20516.8237955123,344790.530375225,2675167.75162337,13907.7326993809,0,
45.46649,52510.0610880405,7502.25067520256,835841.132312577,4000.64010241639,500.010000200004,500.010000200004,22019.3770518056,316455.696202532,2633037.17422044,13206.9732818928,0,
45.59272,46285.535669918,6801.85010322808,829755.051266898,5701.29989637637,100.0004000016,400.006400102402,24223.4482979524,335852.054838945,2627254.54594945,14708.648685427,0,
45.71895,47188.9038949381,8002.56081946223,840113.779188992,5201.0818250196,100.0004000016,500.010000200004,22420.0883992057,339755.440952288,2655341.59755141,13707.5117164206,0,
45.84523,52510.0610880405,6801.85010322808,869098.223931192,5301.12383825371,400.006400102402,600.014400345608,22520.2682414173,345921.131604133,2968429.61393792,14107.9568876847,0,
45.97153,51305.072789072,9803.84310649775,835093.564374853,8002.56081946223,600.014400345608,300.003600043201,21518.505915087,325996.223387443,2856907.49728309,14208.0701838644,0,
46.09776,50702.6221071449,7602.31110257518,856897.586000041,4700.88376614804,300.003600043201,600.014400345608,21518.505915087,342735.150170911,2650385.05903341,18012.9693379233,0,
46.22409,67381.1204517744,7602.31110257518,888474.684620834,5901.39272868397,100.0004000016,300.003600043201,24423.8376655616,347257.426746426,2672689.48236438,22219.7311212357,100.0004000016,
46.35029,52510.0610880405,6701.7960813498,873810.322201385,5401.16665199683,200.0016000128,200.0016000128,24223.4482979524,375631.315396838,2820559.54815115,17311.9798900839,0,
46.47661,49297.0165285281,8602.95941803981,849518.578565993,4800.92177698118,600.014400345608,100.0004000016,21518.505915087,371366.170450808,2544645.57064958,14007.84439286,0,
46.60293,49598.2044448007,9003.24116682005,893319.523562921,4400.77453631839,100.0004000016,400.006400102402,20917.487019148,438755.460598078,2734646.21383928,14007.84439286,100.0004000016,
46.72924,57532.0936871056,7402.19104855037,875309.986213635,5401.16665199683,100.0004000016,600.014400345608,24323.6425805883,400369.15608381,2682602.55940036,14508.4148806308,0,
46.8555,54016.4594866532,6601.74286011507,854223.545958468,5801.34591225164,500.010000200004,400.006400102402,24624.2302425587,326919.881834723,2643776.34100942,14808.7667899396,0,
46.98171,49297.0165285281,8703.02865397158,891817.77131518,4000.64010241639,400.006400102402,200.0016000128,24824.6260290208,333284.693426722,2546297.75015558,15209.2472223112,0,
47.10795,51104.2526754579,7102.01697282028,878098.135962515,5601.25468104855,600.014400345608,200.0016000128,34046.302972042,333900.812711538,3086560.44861673,11905.6670975384,0,
47.23423,49999.7996000016,8202.69048247825,832744.346762227,5001.00020004001,600.014400345608,700.019600548815,25826.6531060054,361863.062171057,2527297.68583661,15109.1259120509,0,
47.36044,48895.4439065055,8202.69048247825,918553.537364187,6601.74286011507,400.006400102402,200.0016000128,26227.4864057532,331847.1982977,2659472.0463164,12306.0545788528,0,
47.48662,51405.4840532773,7702.37233067785,971487.073887389,4600.84655576626,300.003600043201,500.010000200004,26728.5460872212,348696.671411943,2652037.23853941,14708.648685427,0,
47.61291,55723.9300203653,8202.69048247825,878738.442555411,5101.04061228491,200.0016000128,400.006400102402,24824.6260290208,340474.616953386,2817255.18913915,14508.4148806308,0,
47.73915,55121.2667869313,12406.1534521122,873947.516499187,5601.25468104855,500.010000200004,300.003600043201,25025.025025025,340371.87502534,2578515.25052253,11905.6670975384,0,
47.86548,50803.0285418829,7602.31110257518,937269.158304491,5001.00020004001,100.0004000016,200.0016000128,30537.255451651,321686.70793764,2651211.14878641,15309.3693340324,100.0004000016,
47.9917,56226.1715289109,8302.75651516303,831749.551955355,5001.00020004001,400.006400102402,500.010000200004,28131.6199408135,338933.575505968,2485993.19818667,12806.5569571621,0,
48.11805,51706.7226756024,10604.4963064339,907594.863249351,5801.34591225164,300.003600043201,300.003600043201,27730.7256440136,342735.150170911,2471123.58263269,15609.7404780583,0,
48.24428,57029.7998244003,9203.38684635946,914899.616044847,5601.25468104855,300.003600043201,800.025600819226,28231.8455217485,322404.858660465,2623124.09718446,16711.163056922,0,
48.37058,57833.4796710809,10304.2453490838,960000.830720027,4400.77453631839,600.014400345608,400.006400102402,31840.5011174214,337906.318665726,2743733.20112227,12806.5569571621,0,
48.49689,62656.64160401,10004.0016006403,914761.94122191,5401.16665199683,400.006400102402,500.010000200004,29434.6151073663,329691.261459152,2553732.55793256,14808.7667899396,0,
48.62313,58838.151980851,9503.61137232148,906460.702295254,4000.64010241639,300.003600043201,700.019600548815,27830.9480141918,337290.004540442,2540515.12188458,13006.7635170289,100.0004000016,
48.74942,57230.7149529525,9003.24116682005,976077.072059716,5801.34591225164,100.0004000016,400.006400102402,29133.9118734207,317583.770821181,2550428.19892057,14107.9568876847,0,
48.87567,54116.8924877736,7302.132222609,904266.121779064,4700.88376614804,300.003600043201,100.0004000016,28131.6199408135,314609.972741228,2455427.87732572,13707.5117164206,0,
49.00188,55020.8257333103,8402.82334864514,955688.448680413,5101.04061228491,100.0004000016,300.003600043201,29534.8511243267,342426.871893018,2552080.37842657,12205.9565067753,0,
49.12819,53715.1653144341,9203.38684635946,931364.419075221,6001.44034568296,400.006400102402,300.003600043201,29234.1454819229,315430.261052717,2647080.70002142,14107.9568876847,0,
49.25451,69693.7486211668,10804.6676164103,942436.845731743,6201.53798141939,500.010000200004,500.010000200004,29534.8511243267,314302.378329337,2677646.02088237,17412.118834709,0,
49.38077,64164.2605068977,10604.4963064339,962696.797241723,6001.44034568296,400.006400102402,300.003600043201,30437.0114058695,324046.49900122,2578515.25052253,16711.163056922,100.0004000016,
49.50705,56326.6222468108,10104.0820491479,930812.443470829,6201.53798141939,900.032401166442,200.0016000128,33143.8825004306,323533.46353006,2573558.71200453,15609.7404780583,0,
49.63334,63058.6555774328,8302.75651516303,951377.499117653,4600.84655576626,200.0016000128,100.0004000016,28632.7558727184,326611.988199825,2733820.12408628,16410.7654621432,0,
49.75967,63661.7007198284,10504.4118529783,990768.079178276,4700.88376614804,200.0016000128,800.025600819226,31439.4879969241,313994.791392432,2719776.59828531,14608.5313823273,100.0004000016,
49.88588,67582.2016155555,10404.3282005314,935515.038538549,7402.19104855037,400.006400102402,500.010000200004,27029.191526849,307434.716941404,2411645.12041679,13407.186251831,100.0004000016,
50.01217,62958.150874998,10604.4963064339,982232.310256954,7602.31110257518,400.006400102402,400.006400102402,27931.1711870447,321276.35438443,2652863.32829241,17311.9798900839,200.0016000128,
50.13841,57130.2569859279,10604.4963064339,976940.789200243,6401.6388195378,300.003600043201,400.006400102402,30236.5257230735,307332.242756029,2562819.54521555,16110.3750815525,0,
50.2647,70699.3722296877,9903.92195309342,1372713.62200907,6201.53798141939,400.006400102402,300.003600043201,41067.3504547458,375352.209888673,2656993.7770574,15009.0054032419,100.0004000016,
50.39095,68989.8600949814,10904.7544729502,943816.277465204,5101.04061228491,100.0004000016,600.014400345608,39562.5087638469,306000.153860481,2545471.66040258,17712.5404786589,0,
50.51716,64867.8780684411,11905.6670975384,962494.065050179,5301.12383825371,300.003600043201,700.019600548815,33645.2191745706,350753.018767669,2614037.10990147,13607.4024269202,0,
50.64347,69291.5217661617,14808.7667899396,974241.863828479,6101.48876325823,500.010000200004,300.003600043201,31238.986254846,308664.471899284,2547949.92966157,13907.7326993809,0,
50.76965,66878.4316556573,11705.4781637807,990856.631382919,5701.29989637637,600.014400345608,1300.06760351538,26828.7604311822,327740.968127571,2615689.28940747,18113.1138944596,0,
50.89592,80659.4006324339,11004.8421305374,1216373.62222373,7602.31110257518,100.0004000016,600.014400345608,28532.5270808722,328254.174096288,4639609.18425431,16711.163056922,0,
51.02222,70598.8062383673,9903.92195309342,1044922.28195191,5901.39272868397,300.003600043201,1000.04000160006,32742.827618525,324046.49900122,2838733.52271712,18613.8487034354,0,
51.14848,68788.7563474173,11505.2924345199,979208.31999734,5201.0818250196,800.025600819226,200.0016000128,31138.7365883159,354043.868580863,2630558.90496144,16410.7654621432,0,
51.27466,73515.5475855207,10504.4118529783,999633.925154334,7102.01697282028,400.006400102402,500.010000200004,31439.4879969241,323533.46353006,2685906.91841236,17311.9798900839,0,
51.40092,74119.0960479176,10904.7544729502,992281.332135609,5201.0818250196,200.0016000128,200.0016000128,34447.3996218797,299444.221809335,2684254.73890636,17412.118834709,200.0016000128,
51.5272,68989.8600949814,11705.4781637807,1000541.41013068,5501.21026625858,400.006400102402,600.014400345608,31238.986254846,324149.108589951,2548776.01941457,17111.7044058136,0,
51.65351,72006.8035397662,11004.8421305374,1021933.36719654,5601.25468104855,400.006400102402,600.014400345608,33143.8825004306,305897.691292342,2465340.9543617,17211.841747122,100.0004000016,
51.77978,69190.9670691107,11905.6670975384,941898.448882008,7102.01697282028,300.003600043201,400.006400102402,28532.5270808722,328048.889213088,2591732.6865705,17111.7044058136,0,
51.90601,70095.9883835203,10104.0820491479,993902.870142779,6001.44034568296,400.006400102402,300.003600043201,34647.952766629,305282.933307421,2590080.50706451,18613.8487034354,0,
52.03226,74018.5026197335,11004.8421305374,988714.660545805,5201.0818250196,900.032401166442,500.010000200004,30537.255451651,305897.691292342,2472775.76213869,15910.1188355794,0,
52.15857,69894.8668888862,10504.4118529783,970140.571176884,5101.04061228491,300.003600043201,300.003600043201,33645.2191745706,309689.358996683,2551254.28867357,17311.9798900839,100.0004000016,
52.28481,70397.6766761065,12105.8592358702,974254.153529608,7001.96054895371,500.010000200004,700.019600548815,31238.986254846,319532.500151917,2633863.26397344,16911.4321281186,0,
52.4111,73012.6127282647,15009.0054032419,1009534.41896789,6201.53798141939,500.010000200004,100.0004000016,33444.6820952793,306410.012430509,2666080.76434039,18213.259252736,0,
52.53742,71202.2142885796,13407.186251831,974457.75721986,4200.70571856072,200.0016000128,500.010000200004,36653.6609596449,327946.248019355,2525645.50633061,17311.9798900839,0,
52.66373,67783.2860053585,10104.0820491479,917693.698475625,5401.16665199683,100.0004000016,700.019600548815,29334.3798932349,301185.3099294,2585950.05829951,18513.7001381022,0,
52.78999,70900.5066327574,9203.38684635946,929091.195725226,5001.00020004001,200.0016000128,200.0016000128,30537.255451651,312046.914360233,2475254.03139769,18413.5523745477,0,
52.9162,72710.8614983452,11205.0198488923,951700.770661706,4200.70571856072,200.0016000128,500.010000200004,28332.0719053969,301492.585650613,2499210.63423465,19114.6035571176,0,
53.04243,72912.0281779415,11505.2924345199,962804.647549734,4900.9605882753,200.0016000128,500.010000200004,32241.5270868879,316148.056935004,2780081.15025421,21819.0261908384,100.0004000016,
53.16872,71705.0765188439,11205.0198488923,989471.145449555,12005.7627661277,200.0016000128,500.010000200004,36051.9147572504,325585.730146767,2678472.11063537,21718.8519635043,0,
53.29491,80558.7547201612,11705.4781637807,967766.730512749,4100.67251029169,600.014400345608,300.003600043201,34848.5091247016,318711.945975945,2438079.99251274,16611.0297237366,0,
53.42112,69693.7486211668,11004.8421305374,976832.821416548,5701.29989637637,200.0016000128,600.014400345608,35349.9140786791,310611.828357605,2473601.85189169,16611.0297237366,0,
53.54738,71604.502459023,10004.0016006403,928876.055823833,3700.5476810568,1100.04840212969,600.014400345608,32341.7855869784,315942.968243681,2651211.14878641,18113.1138944596,0,
53.67362,74722.6735672303,10104.0820491479,1003960.92332784,5601.25468104855,0,900.032401166442,33344.4147604609,302824.20002591,2841211.79197612,19114.6035571176,0,
53.79981,73314.3712214515,9203.38684635946,969169.402085844,5501.21026625858,200.0016000128,700.019600548815,33244.1482288479,302414.457597202,2648732.87952742,17612.3991289868,100.0004000016,
53.92605,72912.0281779415,10104.0820491479,987201.822846285,3700.5476810568,400.006400102402,300.003600043201,34748.2305439951,312354.45396189,2507471.53176464,19615.3784567101,0,
54.05224,70397.6766761065,11705.4781637807,980828.227234559,5001.00020004001,800.025600819226,800.025600819226,34748.2305439951,314917.574628377,2554558.64768556,17812.6826300326,0,
54.17844,75628.0943325068,10804.6676164103,972514.845889486,5901.39272868397,600.014400345608,700.019600548815,31439.4879969241,333284.693426722,2584297.87879352,16611.0297237366,0,
54.30472,68688.205683573,13106.8679988314,952024.050259728,5201.0818250196,800.025600819226,100.0004000016,32943.3534531443,307332.242756029,2538036.85262559,19515.221873061,0,
54.43105,69291.5217661617,13006.7635170289,988498.530090523,5101.04061228491,0,600.014400345608,34246.8496903764,305180.476547159,2542167.30139058,18413.5523745477,0,
54.55735,69392.077269883,9103.31360615264,942436.845731743,4200.70571856072,200.0016000128,600.014400345608,39361.8768704403,314917.574628377,2529775.9550956,20817.3200102485,0,
54.68359,74018.5026197335,10304.2453490838,983528.521599588,4700.88376614804,300.003600043201,600.014400345608,35049.0686961746,315020.110251976,2528949.8653426,16811.2971917128,0,
54.80978,81263.2930695453,12706.4548790786,958060.081487542,5701.29989637637,300.003600043201,600.014400345608,34046.302972042,295246.112626577,2487645.37769267,17011.567866149,0,
54.93602,67180.0425139374,12406.1534521122,948683.882753467,5801.34591225164,400.006400102402,500.010000200004,34046.302972042,309996.841312394,2476906.21090368,18413.5523745477,0,
55.06234,64767.3588552821,9503.61137232148,910924.460327265,4900.9605882753,400.006400102402,600.014400345608,36152.2037822616,306819.884276974,2480210.56991568,18914.2992102029,0,
55.18865,63460.6824479582,11705.4781637807,918875.991656195,3000.36004320518,400.006400102402,800.025600819226,34547.6757925938,303131.515556365,2351340.56844788,17712.5404786589,0,
55.31493,69392.077269883,12205.9565067753,928015.531918424,4100.67251029169,100.0004000016,700.019600548815,35951.6265357053,312559.484514789,2521515.05756561,17512.2585810067,100.0004000016,
55.44122,64063.7469371714,9903.92195309342,914899.616044847,4500.81014582625,400.006400102402,700.019600548815,34948.7885087582,307434.716941404,2762733.26544124,15709.8657957197,0,
55.56742,64264.7748827995,12105.8592358702,960647.811621232,4500.81014582625,100.0004000016,300.003600043201,37054.8411649241,303541.281209388,2495906.27522265,18814.1482394761,0,
55.69366,59742.4259434492,9803.84310649775,908536.012026918,5501.21026625858,200.0016000128,500.010000200004,34948.7885087582,329588.606953681,2384384.15856783,17311.9798900839,0,
55.81994,63661.7007198284,8202.69048247825,905769.318450296,4500.81014582625,100.0004000016,600.014400345608,35650.7666917691,289616.690337748,2379427.62004984,14508.4148806308,300.003600043201,
55.94623,62958.150874998,9803.84310649775,917478.747667427,5401.16665199683,100.0004000016,900.032401166442,35650.7666917691,327330.418326451,2447166.97979573,16210.5044068556,0,
56.07247,63058.6555774328,9203.38684635946,925434.302875442,4700.88376614804,700.019600548815,400.006400102402,33845.7594667991,293403.480372319,2521515.05756561,17011.567866149,100.0004000016,
56.19872,67079.5047547236,11705.4781637807,917478.747667427,4500.81014582625,400.006400102402,800.025600819226,33845.7594667991,300570.780876817,2537210.76287259,14508.4148806308,0,
56.32497,60445.7952581627,11305.1099096792,920488.383473926,2500.2500250025,300.003600043201,500.010000200004,32943.3534531443,299444.221809335,4349651.68095176,17211.841747122,0,
56.45128,64767.3588552821,8302.75651516303,928876.055823833,4600.84655576626,200.0016000128,500.010000200004,34547.6757925938,314507.440440027,2280296.84968999,15409.4922472243,0,
56.57752,58335.8057557995,10404.3282005314,897718.514589739,4300.73972723308,200.0016000128,400.006400102402,36252.4936107484,281535.175716782,2448819.15930173,14007.84439286,0,
56.70375,53715.1653144341,8803.09869073914,915974.191836261,3000.36004320518,800.025600819226,600.014400345608,35650.7666917691,361554.318362577,2448819.15930173,17512.2585810067,0,
56.82996,54116.8924877736,11205.0198488923,952778.400644459,5201.0818250196,200.0016000128,500.010000200004,39060.9350586916,315020.110251976,2537210.76287259,15109.1259120509,0,
56.95628,55723.9300203653,9503.61137232148,939852.744643939,3900.60849492521,200.0016000128,600.014400345608,35049.0686961746,347874.225875921,2484341.01868067,17011.567866149,0,
57.08259,59842.904856798,9603.68781612139,874238.779895096,3200.40965243551,0,200.0016000128,32843.0901342561,293608.204032408,2393471.14585081,12806.5569571621,0,
57.20893,52208.8031457558,7802.43435952017,920273.38630746,5001.00020004001,200.0016000128,0,32141.2693898966,303029.076216772,2544645.57064958,14308.184281409,100.0004000016,
57.33526,54518.6325444167,7402.19104855037,916081.65431679,4400.77453631839,1100.04840212969,600.014400345608,34347.1242544771,289207.375546753,2808168.20185617,14908.8856958747,100.0004000016,
57.46159,53815.5958999932,9703.76506084361,927155.065129014,4800.92177698118,800.025600819226,900.032401166442,37155.1382251261,298829.77732982,2281122.93944299,15609.7404780583,0,
57.5879,55523.0390545449,9003.24116682005,921348.407807095,4300.73972723308,500.010000200004,400.006400102402,42472.032567234,287877.193976225,2348036.20943589,15910.1188355794,0,
57.71421,56527.5260988791,8302.75651516303,909635.482520324,4200.70571856072,500.010000200004,800.025600819226,38158.1530252104,295041.362451636,2278644.67018399,16811.2971917128,0,
57.84053,54518.6325444167,8202.69048247825,917156.328140226,3700.5476810568,700.019600548815,200.0016000128,37556.3345017526,291458.77087557,2311688.26030394,14308.184281409,100.0004000016,
57.96676,56326.6222468108,7602.31110257518,995699.020756801,3900.60849492521,300.003600043201,400.006400102402,33544.9502333126,300058.696136175,2270383.77265401,17011.567866149,0,
58.09304,49497.8076679519,7902.49718911176,944052.170375628,4900.9605882753,500.010000200004,500.010000200004,37756.9374616922,317994.00469902,2431471.27448875,15009.0054032419,0,
58.21931,54116.8924877736,10304.2453490838,959726.985407961,5001.00020004001,300.003600043201,600.014400345608,33143.8825004306,288388.785712263,2357949.28647187,13307.0793662228,0,
58.34556,44980.7854907414,8002.56081946223,930672.649164666,4500.81014582625,300.003600043201,500.010000200004,37656.6355799122,273765.427106417,2325731.78610492,17412.118834709,0,
58.47187,48594.2728894055,7702.37233067785,951161.98922923,2900.33643902693,0,500.010000200004,33143.8825004306,278160.882349372,2095252.74501828,14308.184281409,0,
58.59811,49096.2286080718,6701.7960813498,901045.573407707,4200.70571856072,100.0004000016,100.0004000016,31439.4879969241,273458.824480883,2305905.63203295,14908.8856958747,200.0016000128,
58.7244,48192.7227986646,8102.62525058119,951054.235627268,4400.77453631839,600.014400345608,200.0016000128,33645.2191745706,283273.799651293,2137383.32242121,17311.9798900839,0,
58.85065,46285.535669918,6901.90492575951,967550.948334961,3000.36004320518,300.003600043201,400.006400102402,36352.7842427204,278978.810148802,2210079.2206851,14808.7667899396,300.003600043201,
58.97685,45984.4274087224,7802.43435952017,927800.409866669,3000.36004320518,500.010000200004,300.003600043201,32742.827618525,266000.452766728,2082035.3089703,14208.0701838644,0,
59.10317,45884.059597182,7202.07419736884,992929.923060927,4700.88376614804,700.019600548815,300.003600043201,36653.6609596449,307388.996260362,2011817.67996541,11605.3848985929,0,
59.22936,47791.1855820906,6501.69043951427,885598.081566555,3300.43565750679,500.010000200004,800.025600819226,30036.0432519023,248240.702587844,2184905.20079858,12406.1534521122,0,
59.35562,48092.3372875922,6901.90492575951,939960.405244438,4500.81014582625,500.010000200004,600.014400345608,30036.0432519023,266306.874456774,2121687.61711424,14107.9568876847,100.0004000016,
59.48192,47991.9525811455,7202.07419736884,939099.145462318,4100.67251029169,200.0016000128,700.019600548815,33344.4147604609,282966.966286681,2060556.97539233,10904.7544729502,0,
59.60818,47791.1855820906,8803.09869073914,937484.437509337,3900.60849492521,900.032401166442,400.006400102402,32642.5659059413,273561.024529507,2246887.31559307,10704.5815609081,0,
59.73436,47088.5264296878,7402.19104855037,937915.006640106,2900.33643902693,100.0004000016,400.006400102402,33244.1482288479,254566.025537417,2039904.73156737,10604.4963064339,0,
59.86063,42271.354045629,7802.43435952017,917586.222625845,4700.88376614804,400.006400102402,1000.04000160006,34347.1242544771,256811.25685975,2182185.88265994,12706.4548790786,0,
59.98691,41268.0096799526,7902.49718911176,916189.117688525,4700.88376614804,300.003600043201,700.019600548815,31339.2367243789,248546.693652313,2075426.59094631,12105.8592358702,0,
60.11314,42873.3992595323,8102.62525058119,952024.050259728,5301.12383825371,500.010000200004,300.003600043201,30537.255451651,251402.967948899,2009339.41070641,13307.0793662228,100.0004000016,
60.23945,39863.462632511,6701.7960813498,937592.078451879,2500.2500250025,500.010000200004,300.003600043201,30036.0432519023,259771.490003193,2145644.2199512,12105.8592358702,0,
60.36572,43174.4327220127,6601.74286011507,938991.492010791,4500.81014582625,400.006400102402,600.014400345608,34347.1242544771,254157.844547526,2117557.16834924,11305.1099096792,0,
60.49196,44980.7854907414,6401.6388195378,909957.714949009,3700.5476810568,100.0004000016,400.006400102402,30036.0432519023,254872.169939025,2047495.40192578,10404.3282005314,100.0004000016,
60.61828,42973.74294289,7102.01697282028,924789.075916078,5601.25468104855,700.019600548815,200.0016000128,27730.7256440136,252933.380741507,2089816.82949453,11805.5722300926,0,
60.74455,41970.3422936842,6401.6388195378,971543.499218776,3000.36004320518,500.010000200004,400.006400102402,33344.4147604609,238350.98671857,1873034.60146163,10204.1632986258,0,
60.87081,40264.7457111035,5601.25468104855,949114.823795131,3200.40965243551,0,900.032401166442,30637.5003003677,240593.33567566,2036847.97937413,9803.84310649775,0,
60.99712,41268.0096799526,6101.48876325823,899006.306926016,3500.49006860961,400.006400102402,100.0004000016,34246.8496903764,240695.270095632,1842469.28060067,8502.8909829342,0,
61.12335,39662.8259162513,6701.7960813498,905768.9323847,4100.67251029169,300.003600043201,500.010000200004,29334.3798932349,243039.989014229,2034122.10329638,8002.56081946223,0,
61.24964,39763.1438724695,6001.44034568296,980828.227234559,3300.43565750679,500.010000200004,300.003600043201,31840.5011174214,245793.04104764,2030650.59532305,11605.3848985929,0,
61.37592,42271.354045629,8402.82334864514,976400.959256535,3600.51847466035,100.0004000016,100.0004000016,31539.7400724913,241306.893905739,2002039.19399993,10404.3282005314,0,
61.50226,37857.2401471024,5601.25468104855,930704.858791754,3100.38444767151,100.0004000016,400.006400102402,30036.0432519023,235803.34646941,1937469.60219553,13006.7635170289,0,
61.62858,39763.1438724695,6101.48876325823,1000931.87339834,2900.33643902693,200.0016000128,500.010000200004,31238.986254846,233154.346158505,1992476.65690619,9803.84310649775,100.0004000016,
61.75484,36352.7842427204,6701.7960813498,938282.118180767,3100.38444767151,400.006400102402,500.010000200004,29835.5639922788,227043.390514632,1999822.8811619,9103.31360615264,0,
61.88109,35550.4816839913,6301.58800017604,966148.451586636,5001.00020004001,200.0016000128,100.0004000016,26227.4864057532,229894.801430636,2030416.78740253,8903.16952835209,0,
62.00733,35851.3391176164,6501.69043951427,830366.012134245,3600.51847466035,400.006400102402,200.0016000128,28833.2158646761,225210.680959607,1946043.2430102,8602.95941803981,0,
62.13367,39562.5087638469,5401.16665199683,981152.232924148,3300.43565750679,400.006400102402,400.006400102402,29334.3798932349,221138.946280992,1808599.60072773,7702.37233067785,100.0004000016,
62.25988,35049.0686961746,4200.70571856072,958383.519541471,3700.5476810568,200.0016000128,200.0016000128,31940.756405173,237331.868895089,1877165.05022662,9403.53572943427,0,
62.38608,40064.1025641026,6101.48876325823,1018527.4278051,2900.33643902693,700.019600548815,300.003600043201,31539.7400724913,234784.434377448,2094426.65526528,10904.7544729502,0,
62.51239,33544.9502333126,7001.96054895371,947498.868689049,3400.46246289495,100.0004000016,500.010000200004,29334.3798932349,217373.761826948,1962252.29478549,10704.5815609081,100.0004000016,
62.63871,36453.0756781874,6801.85010322808,926187.108255313,3700.5476810568,400.006400102402,300.003600043201,29334.3798932349,227145.215520547,1826773.5752937,10804.6676164103,0,
62.76502,34246.8496903764,6301.58800017604,968629.895086735,3900.60849492521,200.0016000128,300.003600043201,26027.0681508769,222156.756713129,1888543.75949166,8703.02865397158,0,
62.89122,34748.2305439951,5701.29989637637,941144.730834682,3400.46246289495,500.010000200004,300.003600043201,27730.7256440136,217170.270368413,1943603.80400576,9903.92195309342,0,
63.01753,36252.4936107484,5401.16665199683,945236.869634525,3600.51847466035,800.025600819226,200.0016000128,27630.5040765005,221342.50179576,1864504.03827225,7302.132222609,0,
63.14368,31539.7400724913,6601.74286011507,918875.991656195,4100.67251029169,0,200.0016000128,30136.2840860396,215847.655934802,1944184.58275314,9803.84310649775,0,
63.27,33645.2191745706,6301.58800017604,949976.748820833,2200.1936170383,200.0016000128,400.006400102402,27630.5040765005,221953.188054883,1965109.30576708,8903.16952835209,100.0004000016,
63.39626,32341.7855869784,5801.34591225164,926617.302387323,2800.31363512713,600.014400345608,100.0004000016,29735.3255667733,223683.626398906,1925078.25590055,8502.8909829342,0,
63.52255,36553.3679171591,6401.6388195378,942113.804940209,2800.31363512713,500.010000200004,400.006400102402,29835.5639922788,224294.426036315,1862295.43467264,11205.0198488923,0,
63.64883,31339.2367243789,4500.81014582625,947822.043608948,3400.46246289495,400.006400102402,400.006400102402,30136.2840860396,226025.185663545,2007173.10517673,9003.24116682005,0,
63.77507,36753.9548056547,5401.16665199683,979856.258651292,2300.21161946899,400.006400102402,600.014400345608,30737.7459520291,216051.126047979,1974419.61838749,10804.6676164103,100.0004000016,
63.90128,37255.4360889003,5201.0818250196,937053.882673218,3400.46246289495,300.003600043201,400.006400102402,25125.2257266295,209338.345622045,1972091.43754774,10804.6676164103,0,
64.02756,33845.7594667991,5201.0818250196,934040.399010772,3100.38444767151,600.014400345608,300.003600043201,29635.0879441258,220528.299450394,1919465.57323387,9903.92195309342,0,
64.15381,31439.4879969241,4400.77453631839,947929.770371201,2100.17641481884,400.006400102402,700.019600548815,23822.6791905894,209440.027750552,1745816.77949982,9003.24116682005,0,
64.28001,33344.4147604609,4400.77453631839,940283.392408005,2300.21161946899,100.0004000016,200.0016000128,26127.2768770597,220324.757077832,2001222.61536002,8402.82334864514,0,
64.40619,30437.0114058695,4400.77453631839,949761.262196388,4100.67251029169,400.006400102402,500.010000200004,28131.6199408135,217475.508787786,1920972.94549903,9303.46088745013,0,
64.53241,32241.5270868879,5201.0818250196,947606.592767883,4000.64010241639,500.010000200004,400.006400102402,28332.0719053969,227145.215520547,1807773.51097473,9203.38684635946,0,
64.65867,33043.6175751993,5201.0818250196,956335.21464851,2500.2500250025,200.0016000128,100.0004000016,29133.9118734207,230811.463265957,1772251.65159578,11405.2007715518,100.0004000016,
64.78491,32742.827618525,4500.81014582625,907594.863249351,2800.31363512713,600.014400345608,300.003600043201,24724.4277346018,222869.272895303,1966389.09263494,10404.3282005314,0,
64.91111,33043.6175751993,4400.77453631839,962049.714209757,3300.43565750679,500.010000200004,400.006400102402,28432.2990917683,219103.571832077,1805295.24171573,8202.69048247825,0,
65.03724,29835.5639922788,3800.57768780855,934793.704276959,4700.88376614804,200.0016000128,100.0004000016,27931.1711870447,222563.903887907,1961503.28714648,10404.3282005314,0,
65.16353,29234.1454819229,5001.00020004001,944375.259443753,2900.33643902693,300.003600043201,500.010000200004,26427.9078707115,222767.482404597,1960689.15835199,9403.53572943427,100.0004000016,
65.28981,31339.2367243789,5901.39272868397,964314.645950605,3000.36004320518,200.0016000128,400.006400102402,25225.4272306485,219205.332752283,1921773.89688855,8903.16952835209,0,
65.41615,30737.7459520291,5001.00020004001,937376.797460212,3200.40965243551,200.0016000128,500.010000200004,23922.8702639724,216356.337374675,1803643.06220973,9903.92195309342,0,
65.54238,32141.2693898966,3500.49006860961,996390.790667356,2600.27042812453,1000.04000160006,500.010000200004,27530.2833116428,237331.868895089,1974652.45857772,10804.6676164103,0,
65.66864,28231.8455217485,4500.81014582625,937915.006640106,2600.27042812453,400.006400102402,500.010000200004,24624.2302425587,229996.649456445,1686338.31728392,10004.0016006403,0,
65.79496,29935.8032206519,3500.49006860961,923821.295693327,3100.38444767151,600.014400345608,400.006400102402,24624.2302425587,227043.390514632,1839991.01134168,9903.92195309342,0,
65.92129,28933.4470648069,5401.16665199683,982555.392456263,2700.2916314962,500.010000200004,300.003600043201,25826.6531060054,230505.901919941,1921552.74901359,10804.6676164103,100.0004000016,
66.04761,35149.3496869605,4600.84655576626,911783.85011795,3000.36004320518,300.003600043201,800.025600819226,25225.4272306485,212592.580639956,1907730.37108757,10404.3282005314,100.0004000016,
66.17392,29133.9118734207,3500.49006860961,901152.912118424,3800.57768780855,500.010000200004,300.003600043201,23622.2994506814,216559.815697208,1796208.25443275,10004.0016006403,0,
66.30024,26227.4864057532,5801.34591225164,913180.480119408,3900.60849492521,200.0016000128,700.019600548815,24423.8376655616,231320.748623379,1935823.78368594,10904.7544729502,0,
66.42644,39662.8259162513,4600.84655576626,912535.862949634,3700.5476810568,100.0004000016,200.0016000128,27730.7256440136,215949.390580935,1970927.49783154,11705.4781637807,0,
66.55275,29434.6151073663,4200.70571856072,898577.028583741,2400.23042212052,600.014400345608,300.003600043201,27530.2833116428,226025.185663545,1942426.14071352,12005.7627661277,0,
66.67908,28732.9854673165,4800.92177698118,908991.041707257,3300.43565750679,600.014400345608,500.010000200004,28933.4470648069,223887.222991271,1963248.01442642,9803.84310649775,100.0004000016,
66.80529,30938.239664225,4800.92177698118,886026.929751536,2200.1936170383,400.006400102402,800.025600819226,24924.8251258253,269855.720735301,1872208.51170863,8502.8909829342,0,
66.9316,26327.6967369673,4200.70571856072,867029.817393641,3100.38444767151,200.0016000128,100.0004000016,26528.1198069954,220222.987123563,1964992.96752983,8002.56081946223,0,
67.05783,29234.1454819229,4900.9605882753,903299.873177444,2700.2916314962,300.003600043201,200.0016000128,27029.191526849,219205.332752283,1982454.92850729,10904.7544729502,0,
67.18412,26928.9755777216,4100.67251029169,867063.984769473,2700.2916314962,200.0016000128,200.0016000128,24724.4277346018,211677.24212488,1924104.18120568,9103.31360615264,0,
67.31037,29033.6790677186,3500.49006860961,902977.806328616,3700.5476810568,400.006400102402,400.006400102402,26628.3325458288,224192.62404249,1922132.57750344,10304.2453490838,0,
67.43658,26728.5460872212,4400.77453631839,897825.825726279,4300.73972723308,200.0016000128,200.0016000128,26027.0681508769,232543.117369679,2031001.3147879,8402.82334864514,0,
67.5629,27129.408278574,3200.40965243551,899220.951433781,2900.33643902693,100.0004000016,0,28532.5270808722,222258.542274523,1898611.60126359,10604.4963064339,0,
67.68922,24023.0621396541,3800.57768780855,876916.962008546,3100.38444767151,200.0016000128,300.003600043201,23722.4889194957,216152.862335944,1769773.38233679,9503.61137232148,0,
67.81548,24123.2548176442,4200.70571856072,867385.159156847,2300.21161946899,400.006400102402,100.0004000016,24824.6260290208,303123.851314333,1947437.40649239,8903.16952835209,0,
67.94167,28732.9854673165,4200.70571856072,897825.825726279,2700.2916314962,400.006400102402,400.006400102402,27029.191526849,216661.556089925,2005656.06460617,13307.0793662228,0,
68.0679,24824.6260290208,3900.60849492521,893748.627631323,4600.84655576626,200.0016000128,100.0004000016,25425.8326459683,214932.081058946,1903706.25457363,9803.84310649775,0,
68.19419,23522.1107841371,3900.60849492521,866314.60888063,3600.51847466035,300.003600043201,400.006400102402,25325.6295370915,217373.761826948,1957433.13478285,11104.9305891816,0,
68.32049,23622.2994506814,4200.70571856072,914684.711579925,4400.77453631839,400.006400102402,0,26327.6967369673,241306.893905739,1987464.86232075,11605.3848985929,0,
68.44664,24423.8376655616,4500.81014582625,871668.246563208,3200.40965243551,400.006400102402,100.0004000016,26427.9078707115,229894.801430636,1895339.02479259,11405.2007715518,0,
68.57287,23822.6791905894,3300.43565750679,857967.356902009,3200.40965243551,300.003600043201,200.0016000128,24323.6425805883,236414.733220813,1835034.47282369,11104.9305891816,0,
68.6992,23021.1794851263,3900.60849492521,853474.913856222,3400.46246289495,300.003600043201,400.006400102402,24824.6260290208,218493.02355609,1913901.35301565,12205.9565067753,0,
68.82555,24023.0621396541,3600.51847466035,879917.18426501,3400.46246289495,200.0016000128,400.006400102402,28332.0719053969,220426.527853439,1860001.37523207,9603.68781612139,0,
68.95187,21718.8519635043,3500.49006860961,885276.454752537,4700.88376614804,600.014400345608,200.0016000128,28031.3951625821,237433.776973769,1868904.15269663,12906.6598364756,0,
69.07818,28933.4470648069,3700.5476810568,877559.808216229,4800.92177698118,200.0016000128,300.003600043201,26127.2768770597,221851.404958011,1953945.41071344,12606.3536022155,0,
69.2045,21718.8519635043,3200.40965243551,863531.592821111,4300.73972723308,500.010000200004,300.003600043201,26728.5460872212,220222.987123563,1906078.19158158,11505.2924345199,0,
69.33081,25025.025025025,3700.5476810568,902226.348159077,4700.88376614804,300.003600043201,600.014400345608,27329.8441898553,239472.111392896,1978145.54385783,13707.5117164206,0,
69.45705,24123.2548176442,4100.67251029169,885383.662802497,4800.92177698118,300.003600043201,200.0016000128,23722.4889194957,224905.255255861,1946856.48750959,11705.4781637807,0,
69.58332,22620.4488857928,4500.81014582625,873703.209995115,4500.81014582625,300.003600043201,0,26027.0681508769,223072.856341484,1907760.19804112,13307.0793662228,0,
69.70956,23121.3641404658,5701.29989637637,863745.649717982,4400.77453631839,200.0016000128,200.0016000128,26327.6967369673,215237.265296572,1849155.00339373,15009.0054032419,0,
69.83576,22019.3770518056,4000.64010241639,893104.976861921,3800.57768780855,300.003600043201,100.0004000016,27630.5040765005,210558.585304463,1879177.02410955,12606.3536022155,0,
69.96199,25626.2412710616,3800.57768780855,883239.670516712,5801.34591225164,100.0004000016,200.0016000128,26427.9078707115,217679.00517265,1776382.10036078,12906.6598364756,0,
70.08832,22620.4488857928,3800.57768780855,903944.030902369,4900.9605882753,500.010000200004,300.003600043201,29835.5639922788,239879.81778826,1904864.39948343,15910.1188355794,0,
70.21455,26628.3325458288,4500.81014582625,895679.771952286,6101.48876325823,200.0016000128,200.0016000128,23221.549598027,226025.185663545,1798686.52369174,16110.3750815525,0,
70.34078,28131.6199408135,3800.57768780855,906520.982209474,5301.12383825371,100.0004000016,500.010000200004,25926.8602271954,215542.456921767,1802816.97245674,13907.7326993809,0,
70.46697,26828.7604311822,4300.73972723308,926617.302387323,5801.34591225164,200.0016000128,500.010000200004,24223.4482979524,223174.64929698,1909266.25965504,17111.7044058136,0,
70.59329,33444.6820952793,4800.92177698118,903085.161055022,6601.74286011507,400.006400102402,100.0004000016,23522.1107841371,226228.820058283,1659077.35543496,17512.2585810067,0,
70.71953,23922.8702639724,3900.60849492521,913395.359636466,6901.90492575951,400.006400102402,300.003600043201,21318.1630749398,217068.525870695,1731773.25369885,16711.163056922,0,
70.84574,24724.4277346018,5201.0818250196,902011.653833083,6601.74286011507,300.003600043201,200.0016000128,25926.8602271954,210660.277276926,1837395.44150736,15609.7404780583,0,
70.97196,28031.3951625821,3600.51847466035,892461.358090669,7102.01697282028,400.006400102402,200.0016000128,23822.6791905894,212694.289022191,1915176.28363859,19214.7569333248,0,
71.09819,24023.0621396541,4500.81014582625,897074.666445678,6601.74286011507,500.010000200004,200.0016000128,24223.4482979524,205779.987820567,1812641.83887533,16010.246557797,100.0004000016,
71.22446,27029.191526849,3800.57768780855,929521.486238684,6701.7960813498,400.006400102402,0,25425.8326459683,215542.456921767,1890382.4862746,16010.246557797,0,
71.35081,24924.8251258253,3900.60849492521,937807.363017252,7802.43435952017,300.003600043201,500.010000200004,26027.0681508769,198564.689755272,1811146.57332098,19014.4509827469,200.0016000128,
71.47704,26928.9755777216,4100.67251029169,905232.44246966,9503.61137232148,200.0016000128,200.0016000128,23922.8702639724,205271.732993499,1659077.35543496,17912.8255831175,100.0004000016,
71.60327,25425.8326459683,6001.44034568296,918231.091095325,7802.43435952017,500.010000200004,400.006400102402,24824.6260290208,205678.335215357,1681381.77876593,16811.2971917128,0,
71.72954,25325.6295370915,5101.04061228491,901904.308004724,9103.31360615264,400.006400102402,200.0016000128,24423.8376655616,219815.915519669,1800339.61390359,19415.0660912868,0,
71.85572,26327.6967369673,4900.9605882753,903729.308101029,8703.02865397158,400.006400102402,0,19415.0660912868,217984.255908069,1767741.6591717,19615.3784567101,0,
71.98202,27630.5040765005,4200.70571856072,893855.905870655,8502.8909829342,300.003600043201,200.0016000128,23321.7358578195,194298.429488213,1732592.80486918,16911.4321281186,0,
72.1083,27029.191526849,4500.81014582625,909957.714949009,10304.2453490838,500.010000200004,200.0016000128,21919.201220269,201104.816435153,1782079.57491483,18113.1138944596,0,
72.23458,31439.4879969241,5501.21026625858,952886.168565034,8703.02865397158,100.0004000016,0,25526.0365572884,206796.558969788,1708642.74061488,21518.505915087,100.0004000016,
72.36079,31038.4877247787,5601.25468104855,926079.56195296,10404.3282005314,400.006400102402,600.014400345608,21819.0261908384,201917.765134256,1744489.56536995,19515.221873061,0,
72.48702,31740.2466327303,5101.04061228491,954071.674764337,10004.0016006403,100.0004000016,500.010000200004,24824.6260290208,249362.706085298,1729505.95319557,20216.3347985172,0,
72.61331,31539.7400724913,5001.00020004001,920273.38630746,9903.92195309342,300.003600043201,300.003600043201,23822.6791905894,211067.053370821,1677251.33000093,18914.2992102029,0,
72.73952,37355.7347562563,5901.39272868397,973562.383619053,11905.6670975384,400.006400102402,200.0016000128,25225.4272306485,208423.243376235,1801488.87631006,22520.2682414173,0,
72.86577,32241.5270868879,4400.77453631839,925004.148000664,10004.0016006403,200.0016000128,100.0004000016,24123.2548176442,218493.02355609,1811903.95973972,21418.3340939844,0,
72.99208,34146.5759295679,5101.04061228491,982772.382599441,11605.3848985929,500.010000200004,400.006400102402,26227.4864057532,208626.593689373,1734251.52295784,21718.8519635043,0,
73.11832,43776.5213593361,5801.34591225164,1003960.92332784,14308.184281409,500.010000200004,100.0004000016,25325.6295370915,202730.766283988,1750670.90682634,21217.9928579435,100.0004000016,
73.24461,29735.3255667733,6401.6388195378,946583.357107423,10804.6676164103,200.0016000128,300.003600043201,26127.2768770597,201612.903225806,1719792.73991168,18413.5523745477,0,
73.37086,32542.3049964954,4400.77453631839,953425.02159325,12406.1534521122,200.0016000128,100.0004000016,24524.0335528818,203035.655238602,1645033.82963398,22520.2682414173,0,
73.49707,31740.2466327303,5201.0818250196,923498.718342223,11104.9305891816,100.0004000016,400.006400102402,22620.4488857928,204458.567902828,1749525.99839931,19915.8530190031,0,
73.62339,32542.3049964954,5101.04061228491,935116.56278788,14708.648685427,200.0016000128,300.003600043201,26227.4864057532,204255.284828248,1744947.34454767,18413.5523745477,0,
73.74958,33845.7594667991,5601.25468104855,969708.931502296,13807.6218072376,100.0004000016,300.003600043201,25526.0365572884,198361.501741711,1726991.26775741,18213.259252736,0,
73.87584,36753.9548056547,6301.58800017604,927262.620354353,13307.0793662228,300.003600043201,300.003600043201,23021.1794851263,184755.365360283,1597895.14896949,20616.9883984403,200.0016000128,
74.00206,33745.4889190629,6501.69043951427,917048.856747141,11104.9305891816,100.0004000016,300.003600043201,26728.5460872212,198463.095338889,1695597.57561261,21418.3340939844,0,
74.12829,38258.4589252378,5801.34591225164,948683.882753467,13707.5117164206,400.006400102402,900.032401166442,26628.3325458288,198564.689755272,1768429.52836169,20016.0128102482,100.0004000016,
74.25452,37355.7347562563,6001.44034568296,966256.330573293,13407.186251831,100.0004000016,600.014400345608,26828.7604311822,198971.075613041,1697079.98018009,17712.5404786589,0,
74.38072,40164.423735672,6001.44034568296,974889.554769613,12806.5569571621,300.003600043201,500.010000200004,27129.408278574,197751.957361372,1708602.73410624,23421.922919853,0,
74.50689,40365.0684904065,5101.04061228491,993578.546355908,13407.186251831,400.006400102402,300.003600043201,25826.6531060054,203543.819889427,1737510.37415403,18113.1138944596,0,
74.63312,37355.7347562563,7001.96054895371,953317.249197523,12406.1534521122,600.014400345608,700.019600548815,26327.6967369673,192064.29820955,1587207.54692407,19314.911111378,100.0004000016,
74.75935,38659.6905622281,6001.44034568296,919413.433306239,12606.3536022155,400.006400102402,0,24423.8376655616,215847.655934802,1693317.27463366,20216.3347985172,0,
74.88559,40164.423735672,5801.34591225164,966256.330573293,12205.9565067753,300.003600043201,300.003600043201,26127.2768770597,197040.859521458,1486424.59705823,18914.2992102029,0,
75.01185,37756.9374616922,6501.69043951427,932426.320790337,12306.0545788528,0,100.0004000016,28732.9854673165,204356.925955648,1758458.88402242,17812.6826300326,0,
75.1381,37857.2401471024,7302.132222609,1004718.29608764,12506.2531265633,300.003600043201,200.0016000128,28332.0719053969,205068.43680182,1735108.54454069,19915.8530190031,0,
75.26437,38158.1530252104,5901.39272868397,982232.310256954,11705.4781637807,0,100.0004000016,27229.6258329062,201003.201535447,1744718.4529999,19415.0660912868,0,
75.3907,42572.3730341581,6401.6388195378,948791.616671995,12906.6598364756,200.0016000128,600.014400345608,26027.0681508769,193892.194327545,1666780.4449299,16711.163056922,0,
75.51702,38760.0004807442,5201.0818250196,975637.693350717,17211.841747122,500.010000200004,300.003600043201,28031.3951625821,203848.728516239,1724705.6006431,19515.221873061,0,
75.64333,40766.3676465285,6101.48876325823,933825.176972423,12506.2531265633,400.006400102402,500.010000200004,32642.5659059413,205576.683430056,1740942.30802143,18814.1482394761,0,
75.76957,40064.1025641026,4500.81014582625,959677.352362123,16010.246557797,300.003600043201,200.0016000128,27329.8441898553,187800.238578844,1681693.79661292,18113.1138944596,0,
75.89584,41669.3377780627,5501.21026625858,930812.443470829,12005.7627661277,500.010000200004,500.010000200004,27029.191526849,195720.355723258,1681465.98646716,18914.2992102029,0,
76.02209,37155.1382251261,5301.12383825371,955149.50166113,14308.184281409,300.003600043201,100.0004000016,27630.5040765005,195009.372543487,1680326.99408764,17712.5404786589,0,
76.14835,45683.3263873305,5301.12383825371,931673.153042511,14808.7667899396,400.006400102402,300.003600043201,30537.255451651,199987.097606606,1704512.29184989,22420.0883992057,0,
76.27472,41669.3377780627,6901.90492575951,997903.529059417,12506.2531265633,400.006400102402,100.0004000016,28332.0719053969,200495.139328498,1736137.84724896,21318.1630749398,0,
76.40105,41769.6718125834,6901.90492575951,950407.732806298,12606.3536022155,300.003600043201,300.003600043201,29133.9118734207,194907.806793353,1693773.12506091,20917.487019148,0,
76.52732,38158.1530252104,6201.53798141939,915221.979425387,12806.5569571621,400.006400102402,300.003600043201,28532.5270808722,186176.214578162,1694571.39196173,18613.8487034354,0,
76.65356,40766.3676465285,7402.19104855037,938668.537017593,17011.567866149,500.010000200004,200.0016000128,24724.4277346018,199377.474578868,1677935.42659086,21017.6548300572,0,
76.77978,35851.3391176164,5601.25468104855,910279.955392862,12806.5569571621,300.003600043201,200.0016000128,27730.7256440136,185465.769929763,1647565.69157894,18413.5523745477,0,
76.90598,37957.5436361524,4700.88376614804,935439.429337339,14808.7667899396,100.0004000016,500.010000200004,26528.1198069954,196126.649842373,1723677.17797969,17311.9798900839,0,
77.03231,41870.0066511207,7902.49718911176,976508.923450345,13407.186251831,400.006400102402,300.003600043201,29434.6151073663,198971.075613041,1738654.25422685,19515.221873061,0,
77.15862,38960.6227289663,6101.48876325823,955041.714943044,15809.9919148902,200.0016000128,300.003600043201,25325.6295370915,201206.43215432,1723448.65035895,19415.0660912868,0,
77.28494,33444.6820952793,6901.90492575951,933932.787545073,11805.5722300926,300.003600043201,400.006400102402,28131.6199408135,187698.730942987,1673946.97098894,18413.5523745477,0,
77.41115,32141.2693898966,6301.58800017604,902763.099545355,14508.4148806308,400.006400102402,300.003600043201,27830.9480141918,185770.241299828,1451728.82743228,20116.1734034163,0,
77.53736,39060.9350586916,4700.88376614804,917478.747667427,13106.8679988314,700.019600548815,400.006400102402,30938.239664225,199275.873608496,1763500.58023269,19715.5358422437,0,
77.66362,38258.4589252378,6901.90492575951,912858.167525592,12606.3536022155,200.0016000128,200.0016000128,28933.4470648069,186379.206125327,1609511.97025504,20416.6599945556,100.0004000016,
77.78991,38358.7656289435,5601.25468104855,888600.317290685,12706.4548790786,100.0004000016,100.0004000016,31940.756405173,193587.526554041,1783112.49764309,20616.9883984403,0,
77.91612,34948.7885087582,6001.44034568296,939960.405244438,17011.567866149,200.0016000128,800.025600819226,32742.827618525,193790.637584298,1610338.06000804,22319.9093591484,0,
78.04235,33544.9502333126,4400.77453631839,879702.859603647,15609.7404780583,100.0004000016,400.006400102402,30737.7459520291,203543.819889427,1732821.48891123,22520.2682414173,0,
78.16866,34246.8496903764,6301.58800017604,917801.175216776,17011.567866149,200.0016000128,300.003600043201,32742.827618525,195923.501144903,1639047.30242351,21217.9928579435,0,
78.29489,34547.6757925938,5001.00020004001,889029.264958681,15009.0054032419,200.0016000128,100.0004000016,30336.7681630136,195517.21357736,1765219.77457261,19415.0660912868,0,
78.42117,38258.4589252378,5301.12383825371,936515.709228835,14608.5313823273,300.003600043201,300.003600043201,34748.2305439951,203747.091487586,1755022.45281484,18613.8487034354,0,
78.54745,37255.4360889003,5901.39272868397,905125.069943838,13206.9732818928,400.006400102402,200.0016000128,33143.8825004306,177146.402085071,1686364.76204302,20917.487019148,0,
78.67372,35349.9140786791,6001.44034568296,886134.144018025,14708.648685427,400.006400102402,400.006400102402,32742.827618525,188003.256305061,1702326.73394229,20016.0128102482,0,
78.8,35049.0686961746,4800.92177698118,925541.843824536,17011.567866149,300.003600043201,400.006400102402,32141.2693898966,203747.091487586,1778407.60592467,19114.6035571176,0,
78.92626,33043.6175751993,6101.48876325823,937484.437509337,15809.9919148902,400.006400102402,0,31138.7365883159,199275.873608496,1767512.37729772,20416.6599945556,0,
79.05256,34447.3996218797,4100.67251029169,899757.578269067,14007.84439286,200.0016000128,300.003600043201,33645.2191745706,189119.91230156,1737052.84952814,18814.1482394761,0,
79.17879,29534.8511243267,4100.67251029169,892139.560703603,14808.7667899396,700.019600548815,300.003600043201,32742.827618525,199275.873608496,1784375.06696094,19915.8530190031,0,
79.30498,32442.0448901777,4400.77453631839,898362.394749055,13006.7635170289,100.0004000016,200.0016000128,30637.5003003677,196837.696081791,1694457.37642602,21618.6785382571,0,
79.43122,30336.7681630136,5101.04061228491,880345.844237586,14908.8856958747,200.0016000128,100.0004000016,30136.2840860396,201104.816435153,1691721.29572292,21618.6785382571,0,
79.55737,32442.0448901777,6501.69043951427,875952.75258035,12105.8592358702,500.010000200004,100.0004000016,30437.0114058695,198361.501741711,1626033.76531501,17412.118834709,0,
79.68369,29735.3255667733,5101.04061228491,869419.448836497,12406.1534521122,200.0016000128,300.003600043201,28632.7558727184,193282.866149096,1766469.02332479,20717.1538033492,0,
79.80989,31940.756405173,5501.21026625858,926939.957355369,13307.0793662228,200.0016000128,300.003600043201,33745.4889190629,198056.725865301,1730420.50159099,18213.259252736,0,
79.93608,33143.8825004306,5001.00020004001,879274.220930329,13206.9732818928,100.0004000016,100.0004000016,32742.827618525,192775.115181368,1723562.91368075,20116.1734034163,0,
80.06237,29635.0879441258,5701.29989637637,882167.807552624,12806.5569571621,200.0016000128,400.006400102402,33544.9502333126,190642.784593806,1569859.6621111,17612.3991289868,0,
80.18861,28933.4470648069,4800.92177698118,881417.556297259,13006.7635170289,300.003600043201,400.006400102402,34146.5759295679,202629.138271705,1685339.28807784,17512.2585810067,0,
80.31488,31038.4877247787,4600.84655576626,858823.237359173,13607.4024269202,400.006400102402,200.0016000128,37054.8411649241,194196.869469874,1731773.25369885,19715.5358422437,100.0004000016,
80.4411,30036.0432519023,5001.00020004001,909098.446283184,13507.2939387269,500.010000200004,300.003600043201,35249.6314811254,203543.819889427,1699703.09930154,22019.3770518056,0,
80.56731,33745.4889190629,5101.04061228491,884526.023267083,12105.8592358702,500.010000200004,300.003600043201,35249.6314811254,191556.596358712,1741514.3826561,19615.3784567101,0,
80.69352,30737.7459520291,4800.92177698118,885705.292280676,14208.0701838644,0,0,33143.8825004306,189830.5631237,1707917.93618303,17912.8255831175,0,
80.81983,32442.0448901777,5501.21026625858,902226.348159077,13707.5117164206,200.0016000128,300.003600043201,33845.7594667991,198666.284990868,1733507.5645133,20516.8237955123,0,
80.94606,27229.6258329062,6301.58800017604,861495.658109204,13307.0793662228,500.010000200004,200.0016000128,37857.2401471024,197853.546043534,1767397.73783368,17612.3991289868,0,
81.07233,32041.0124959949,4400.77453631839,899220.951433781,16510.8971921468,100.0004000016,500.010000200004,35349.9140786791,197751.957361372,1616946.77803203,18213.259252736,0,
81.19857,30637.5003003677,4400.77453631839,858823.237359173,11305.1099096792,500.010000200004,400.006400102402,31840.5011174214,181609.769658779,1472381.07125725,18113.1138944596,0,
81.32477,32642.5659059413,4000.64010241639,873274.770038334,15809.9919148902,400.006400102402,300.003600043201,34647.952766629,198056.725865301,1635946.842351,21217.9928579435,0,
81.45106,27129.408278574,4300.73972723308,872203.732220622,12806.5569571621,600.014400345608,300.003600043201,36453.0756781874,205170.08448773,1614468.50877303,18513.7001381022,0,
81.57732,26528.1198069954,4400.77453631839,846632.287199507,10004.0016006403,300.003600043201,400.006400102402,30537.255451651,186886.699308872,1651542.80450987,18814.1482394761,0,
81.70353,31639.9929510902,3400.46246289495,867599.279846036,16210.5044068556,100.0004000016,100.0004000016,34848.5091247016,194095.310270323,1719564.27872139,19615.3784567101,0,
81.82984,28332.0719053969,4500.81014582625,990856.631382919,12306.0545788528,100.0004000016,100.0004000016,36152.2037822616,195821.928024607,1709287.56714715,19515.221873061,0,
81.95607,28031.3951625821,4000.64010241639,885705.292280676,13206.9732818928,200.0016000128,500.010000200004,31539.7400724913,197751.957361372,1714881.68513199,18914.2992102029,0,
82.08237,27830.9480141918,3900.60849492521,970103.53406628,12606.3536022155,100.0004000016,300.003600043201,41769.6718125834,208219.8963438,1743338.51024083,21819.0261908384,0,
82.20857,29133.9118734207,4100.67251029169,904588.220665644,12906.6598364756,400.006400102402,300.003600043201,31940.756405173,215338.995017449,1749297.02847409,21117.8234429859,0,
82.33475,31639.9929510902,3800.57768780855,972178.843797944,12706.4548790786,300.003600043201,300.003600043201,35149.3496869605,201104.816435153,1671446.18982388,20116.1734034163,0,
82.46098,29534.8511243267,5001.00020004001,925864.472024955,11104.9305891816,400.006400102402,700.019600548815,33745.4889190629,203747.091487586,1704836.7800376,20216.3347985172,0,
82.58721,31539.7400724913,3900.60849492521,886563.009965291,11405.2007715518,400.006400102402,100.0004000016,33244.1482288479,190439.724315828,1671673.82890015,16611.0297237366,200.0016000128,
82.71347,29133.9118734207,3100.38444767151,861495.658109204,12406.1534521122,700.019600548815,600.014400345608,34347.1242544771,194907.806793353,1652468.63741097,16110.3750815525,0,
82.83973,28231.8455217485,4500.81014582625,895357.894562389,10704.5815609081,400.006400102402,200.0016000128,35951.6265357053,181609.769658779,2072122.23193432,18313.4054127621,0,
82.96591,31238.986254846,4800.92177698118,915221.979425387,11405.2007715518,600.014400345608,400.006400102402,33745.4889190629,200393.529345354,1729163.01368105,20616.9883984403,0,
83.09214,29935.8032206519,4000.64010241639,917801.175216776,11505.2924345199,200.0016000128,400.006400102402,32742.827618525,195720.355723258,1630420.88847606,19615.3784567101,0,
83.21833,28632.7558727184,4500.81014582625,934901.322887447,10604.4963064339,400.006400102402,700.019600548815,32241.5270868879,187495.718125728,1713854.01840478,15809.9919148902,0,
83.34464,28532.5270808722,4800.92177698118,931242.791114504,10704.5815609081,100.0004000016,400.006400102402,34647.952766629,198971.075613041,1628512.03457401,23021.1794851263,0,
83.47088,29935.8032206519,2900.33643902693,897718.514589739,10704.5815609081,400.006400102402,0,32341.7855869784,195009.372543487,1606387.23574536,17412.118834709,0,
83.59711,27029.191526849,4200.70571856072,860000.165504001,10704.5815609081,400.006400102402,300.003600043201,32141.2693898966,189830.5631237,1695425.3045669,15910.1188355794,100.0004000016,
83.72344,28432.2990917683,7202.07419736884,908346.632951272,13607.4024269202,0,600.014400345608,31940.756405173,208728.270076231,1692063.27513752,20316.4969955604,100.0004000016,
83.84978,31639.9929510902,4000.64010241639,921348.407807095,9903.92195309342,200.0016000128,600.014400345608,31038.4877247787,195517.21357736,1593820.87253263,18313.4054127621,0,
83.9761,27430.063349431,4000.64010241639,930166.948786883,13106.8679988314,400.006400102402,200.0016000128,33444.6820952793,193587.526554041,1611258.47834695,19515.221873061,0,
84.10241,27029.191526849,4000.64010241639,926617.302387323,11505.2924345199,400.006400102402,100.0004000016,33745.4889190629,201206.43215432,1639615.02559534,19114.6035571176,0,
84.22857,27229.6258329062,4300.73972723308,901260.251718808,11104.9305891816,400.006400102402,400.006400102402,30437.0114058695,194806.241862078,1678504.80853371,18914.2992102029,0,
84.3548,31339.2367243789,5001.00020004001,974565.705261408,11104.9305891816,500.010000200004,0,31840.5011174214,200393.529345354,1687732.18326999,19815.6940296715,0,
84.48108,29534.8511243267,4000.64010241639,905554.565387692,12105.8592358702,100.0004000016,200.0016000128,34447.3996218797,186582.200944598,1579344.65967807,17412.118834709,0,
84.6074,29434.6151073663,4200.70571856072,946313.962853181,11505.2924345199,200.0016000128,100.0004000016,35149.3496869605,190135.140036999,1678077.41975393,18613.8487034354,0,
84.73373,32943.3534531443,5501.21026625858,958491.334017253,10604.4963064339,300.003600043201,100.0004000016,32341.7855869784,195212.506500365,1571511.8416171,17712.5404786589,0,
84.85987,30537.255451651,5301.12383825371,835900.171418683,10404.3282005314,200.0016000128,400.006400102402,33645.2191745706,188409.301575787,1617491.73793056,17612.3991289868,0,
84.98611,28332.0719053969,4300.73972723308,978560.413661813,10804.6676164103,300.003600043201,100.0004000016,32943.3534531443,185262.793106088,1640182.77296597,17311.9798900839,0,
85.11239,26127.2768770597,4300.73972723308,958275.705961266,11405.2007715518,200.0016000128,600.014400345608,33845.7594667991,187901.747032865,1479815.87903424,17612.3991289868,100.0004000016,
85.23858,27830.9480141918,3500.49006860961,917693.698475625,9003.24116682005,700.019600548815,500.010000200004,29234.1454819229,182319.996776663,1564432.56246892,18713.9980705568,100.0004000016,
85.36479,28432.2990917683,6301.58800017604,940498.721652223,10904.7544729502,200.0016000128,200.0016000128,27229.6258329062,184755.365360283,1560707.15226722,19515.221873061,0,
85.49107,27931.1711870447,4300.73972723308,963236.057742237,10804.6676164103,600.014400345608,200.0016000128,29635.0879441258,181609.769658779,1567707.27062504,18313.4054127621,0,
85.6173,24123.2548176442,4600.84655576626,913287.919432478,9403.53572943427,300.003600043201,300.003600043201,28933.4470648069,179073.571238649,1469902.80199826,17111.7044058136,0,
85.74364,24524.0335528818,5201.0818250196,955257.289274457,10504.4118529783,500.010000200004,300.003600043201,33645.2191745706,191962.756202261,1624294.9886687,17712.5404786589,0,
85.86986,24624.2302425587,4100.67251029169,972406.914893617,10804.6676164103,600.014400345608,700.019600548815,27229.6258329062,182725.858831683,1641431.90236874,16410.7654621432,0,
85.99621,26728.5460872212,4400.77453631839,919090.965641653,9703.76506084361,500.010000200004,400.006400102402,29133.9118734207,181914.147803734,1566577.96971835,16711.163056922,100.0004000016,
86.12244,30737.7459520291,5701.29989637637,970140.571176884,9903.92195309342,700.019600548815,100.0004000016,26928.9755777216,178667.82689968,1538376.61565637,16010.246557797,0,
86.24871,27430.063349431,3400.46246289495,950192.239024107,11004.8421305374,1000.04000160006,300.003600043201,29635.0879441258,180189.435601162,1415380.87830034,18113.1138944596,0,
86.37505,25125.2257266295,4300.73972723308,963775.340644732,10604.4963064339,200.0016000128,300.003600043201,30637.5003003677,191455.058444176,1478163.69952824,15709.8657957197,0,
86.50129,26628.3325458288,5601.25468104855,957089.815683897,12005.7627661277,200.0016000128,600.014400345608,30637.5003003677,179885.099148316,1589634.72223404,16611.0297237366,0,
86.62758,28732.9854673165,5501.21026625858,962373.251693785,10304.2453490838,400.006400102402,100.0004000016,31038.4877247787,184450.918527294,1535897.7624931,18914.2992102029,0,
86.7538,26528.1198069954,6501.69043951427,949350.436749641,8903.16952835209,500.010000200004,500.010000200004,30837.992406645,174509.701249058,1537700.51886512,17812.6826300326,0,
86.88004,26427.9078707115,4400.77453631839,934148.011369531,9403.53572943427,400.006400102402,600.014400345608,25225.4272306485,177349.248103642,1564771.28794512,15609.7404780583,0,
87.00636,25325.6295370915,4000.64010241639,949653.520226198,10504.4118529783,400.006400102402,0,30236.5257230735,179479.32865465,1448424.46842029,16811.2971917128,0,
87.13267,23421.922919853,4600.84655576626,908883.638021805,8302.75651516303,200.0016000128,200.0016000128,30336.7681630136,171974.932740483,1535447.11166965,13206.9732818928,0,
87.25894,25526.0365572884,4000.64010241639,942436.845731743,8202.69048247825,500.010000200004,500.010000200004,28532.5270808722,178262.095637111,1518446.23119842,15709.8657957197,0,
87.38518,26628.3325458288,4700.88376614804,924789.075916078,8102.62525058119,100.0004000016,100.0004000016,26528.1198069954,177856.377450309,1519233.86994119,16510.8971921468,0,
87.51152,24524.0335528818,3800.57768780855,915007.069613929,9103.31360615264,400.006400102402,400.006400102402,26227.4864057532,166602.911272625,1530828.82309243,16911.4321281186,0,
87.63777,23622.2994506814,3700.5476810568,958706.965655592,7202.07419736884,0,0,25325.6295370915,172583.230629194,1549424.40847882,16510.8971921468,0,
87.76399,21318.1630749398,4400.77453631839,971435.576295767,8202.69048247825,500.010000200004,300.003600043201,28933.4470648069,172583.230629194,1552018.59066134,18814.1482394761,0,
87.89034,21017.6548300572,3700.5476810568,928768.487211931,8402.82334864514,300.003600043201,0,26327.6967369673,171062.541028832,1473740.1676529,15509.6159618964,0,
88.01658,20116.1734034163,2900.33643902693,884324.065157506,9003.24116682005,600.014400345608,100.0004000016,29635.0879441258,174306.900982402,1556644.25994068,14908.8856958747,0,
88.14286,20616.9883984403,3500.49006860961,917908.652849311,6801.85010322808,300.003600043201,400.006400102402,25526.0365572884,175219.527914283,1515858.60471431,16110.3750815525,0,
88.26912,21318.1630749398,3000.36004320518,819297.693565371,9403.53572943427,100.0004000016,200.0016000128,29534.8511243267,171569.417147276,1517996.17292279,18213.259252736,0,
88.39536,21718.8519635043,4100.67251029169,984630.702187927,8302.75651516303,300.003600043201,200.0016000128,28131.6199408135,178972.13392796,1516196.09257334,14107.9568876847,0,
88.52164,21718.8519635043,3400.46246289495,945236.869634525,8803.09869073914,0,200.0016000128,27931.1711870447,187698.730942987,1594612.99519169,14107.9568876847,0,
88.64783,21017.6548300572,3500.49006860961,931242.791114504,10004.0016006403,300.003600043201,300.003600043201,30236.5257230735,173495.732589003,1577988.32269505,16911.4321281186,0,
88.77411,21017.6548300572,4100.67251029169,972622.777782395,9303.46088745013,400.006400102402,400.006400102402,30637.5003003677,172887.390598631,1520471.68250116,15709.8657957197,0,
88.90039,21819.0261908384,3400.46246289495,923283.671234695,9703.76506084361,400.006400102402,0,26227.4864057532,174104.103983147,1486305.52059363,13407.186251831,0,
89.02666,22319.9093591484,3300.43565750679,891388.7312391,8602.95941803981,0,300.003600043201,26127.2768770597,170251.581698609,1549424.40847882,15309.3693340324,0,
89.15289,20917.487019148,4500.81014582625,953640.569069905,8402.82334864514,600.014400345608,0,28732.9854673165,183639.096290148,1503772.4818712,15709.8657957197,0,
89.2792,22319.9093591484,2900.33643902693,1074560.79056003,9503.61137232148,400.006400102402,200.0016000128,25926.8602271954,176639.301338189,1500455.80783989,17011.567866149,0,
89.40539,21217.9928579435,3100.38444767151,925434.302875442,12105.8592358702,500.010000200004,100.0004000016,27530.2833116428,172583.230629194,1522384.89284957,17412.118834709,0,
89.53162,16711.163056922,2800.31363512713,924574.00739991,8903.16952835209,100.0004000016,200.0016000128,30236.5257230735,167210.949548802,1516083.59566579,16210.5044068556,0,
89.65796,20416.6599945556,3200.40965243551,888064.152694016,9003.24116682005,400.006400102402,300.003600043201,29133.9118734207,176233.635448137,1516758.59142978,16210.5044068556,0,
89.78426,21919.201220269,3300.43565750679,899864.906304649,10404.3282005314,0,500.010000200004,32241.5270868879,179377.888074644,1572903.29163868,14308.184281409,0,
89.9104,18713.9980705568,2900.33643902693,882060.626138811,10104.0820491479,300.003600043201,100.0004000016,27430.063349431,176335.050695068,1561045.78274339,16510.8971921468,0,
90.03664,20917.487019148,2700.2916314962,968028.224334616,10504.4118529783,600.014400345608,300.003600043201,29935.8032206519,169136.597938144,1530153.11081963,20616.9883984403,0,
90.16292,18513.7001381022,2000.16001280102,930489.692111738,9203.38684635946,500.010000200004,400.006400102402,29534.8511243267,174306.900982402,1521371.9823983,16410.7654621432,0,
90.28925,19214.7569333248,3600.51847466035,941144.730834682,10104.0820491479,200.0016000128,300.003600043201,27931.1711870447,160422.856130689,1498545.7598087,17912.8255831175,0,
90.4155,19715.5358422437,3400.46246289495,940714.054471349,8803.09869073914,200.0016000128,100.0004000016,29534.8511243267,166805.587433509,1522272.34342311,18914.2992102029,0,
90.54179,20416.6599945556,3700.5476810568,921679.640327456,7202.07419736884,0,400.006400102402,29735.3255667733,178870.697434575,1576067.08224549,17111.7044058136,0,
90.66806,21618.6785382571,3700.5476810568,873167.662266158,9403.53572943427,500.010000200004,200.0016000128,31439.4879969241,178870.697434575,1590511.90593607,14608.5313823273,0,
90.79435,24123.2548176442,4000.64010241639,927905.569522448,9203.38684635946,100.0004000016,0,34547.6757925938,175219.527914283,1555515.89931848,21618.6785382571,0,
90.92061,23922.8702639724,3700.5476810568,939099.145462318,9703.76506084361,200.0016000128,500.010000200004,28833.2158646761,175118.121654227,1537249.80680882,16110.3750815525,0,
91.0469,23722.4889194957,2800.31363512713,806845.835175388,10904.7544729502,400.006400102402,300.003600043201,31439.4879969241,176537.883640084,1570643.90235607,18113.1138944596,0,
91.17324,22520.2682414173,2700.2916314962,890101.696319463,12005.7627661277,400.006400102402,400.006400102402,31740.2466327303,175726.571468853,1526099.55987896,17211.841747122,0,
91.29959,22119.5536854579,3500.49006860961,846968.489987557,11004.8421305374,300.003600043201,300.003600043201,28131.6199408135,173597.125779375,1524523.5134596,16611.0297237366,0,
91.42582,19815.6940296715,3900.60849492521,871561.152091664,10204.1632986258,100.0004000016,500.010000200004,29133.9118734207,176436.466759047,1545364.96691386,14508.4148806308,0,
91.55211,22219.7311212357,3600.51847466035,896775.92354749,9703.76506084361,300.003600043201,300.003600043201,29935.8032206519,169136.597938144,1516983.59765463,17712.5404786589,0,
91.67833,24423.8376655616,3200.40965243551,905661.941473929,9703.76506084361,200.0016000128,400.006400102402,28131.6199408135,178667.82689968,1594273.50827401,15509.6159618964,0,
91.80465,22420.0883992057,3900.60849492521,920703.384207034,9103.31360615264,200.0016000128,100.0004000016,28833.2158646761,178566.39285815,1521822.15526936,16711.163056922,0,
91.93089,20717.1538033492,3800.57768780855,877988.390099289,9703.76506084361,200.0016000128,400.006400102402,28131.6199408135,184247.958061176,1546605.22012445,16811.2971917128,100.0004000016,
92.05707,24123.2548176442,4700.88376614804,926079.56195296,10104.0820491479,200.0016000128,300.003600043201,31339.2367243789,171569.417147276,1560029.9172177,17211.841747122,0,
92.18337,20717.1538033492,3200.40965243551,903944.030902369,9403.53572943427,600.014400345608,600.014400345608,30336.7681630136,170961.168254787,1581379.42473642,17612.3991289868,0,
92.30956,22219.7311212357,2900.33643902693,881739.087223531,10004.0016006403,500.010000200004,300.003600043201,31639.9929510902,181203.943577987,1425293.95533633,16510.8971921468,0,
92.43579,21518.505915087,3700.5476810568,915544.35082598,8803.09869073914,100.0004000016,500.010000200004,29635.0879441258,172380.461399665,1522722.54686035,17712.5404786589,0,
92.56202,21217.9928579435,3400.46246289495,915866.730246926,10604.4963064339,200.0016000128,900.032401166442,28732.9854673165,163360.536603631,1451331.66584139,18413.5523745477,0,
92.68818,22920.9956319989,3500.49006860961,875309.986213635,12706.4548790786,400.006400102402,100.0004000016,33544.9502333126,174306.900982402,1505625.55396757,15809.9919148902,0,
92.81447,20416.6599945556,2900.33643902693,877238.381119967,10804.6676164103,300.003600043201,200.0016000128,34246.8496903764,168629.819792611,1635120.752598,14508.4148806308,0,
92.94063,18814.1482394761,3200.40965243551,868884.078426178,9803.84310649775,500.010000200004,300.003600043201,30637.5003003677,173292.948658566,1450212.23650299,18413.5523745477,0,
93.06685,21017.6548300572,3500.49006860961,857539.437919151,10004.0016006403,0,100.0004000016,30236.5257230735,163765.787746655,1493603.38439887,16110.3750815525,0,
93.19317,21518.505915087,2800.31363512713,855400.055433978,8903.16952835209,500.010000200004,200.0016000128,29334.3798932349,176335.050695068,1474525.15291686,16410.7654621432,0,
93.31949,21318.1630749398,2600.27042812453,881310.381097119,10904.7544729502,300.003600043201,200.0016000128,25526.0365572884,165994.902376073,1471554.98150425,13507.2939387269,0,
93.44569,22920.9956319989,2800.31363512713,846952.95441011,10704.5815609081,300.003600043201,400.006400102402,27129.408278574,172481.845606093,1377380.7496624,13206.9732818928,0,
93.572,23321.7358578195,4400.77453631839,894070.465016075,11004.8421305374,300.003600043201,500.010000200004,34547.6757925938,174205.502074355,1568723.72353224,15009.0054032419,0,
93.69827,20516.8237955123,2800.31363512713,866849.872942033,9003.24116682005,200.0016000128,200.0016000128,29033.6790677186,170657.054831759,1449428.69234025,15609.7404780583,100.0004000016,
93.82446,20316.4969955604,2800.31363512713,868991.150735507,11205.0198488923,500.010000200004,700.019600548815,30837.992406645,176132.221018244,1483611.94093095,12406.1534521122,0,
93.95074,24724.4277346018,2900.33643902693,925219.223653755,8703.02865397158,700.019600548815,100.0004000016,31940.756405173,160668.01011694,1512034.34262881,18513.7001381022,0,
94.07699,22319.9093591484,3000.36004320518,921348.407807095,10604.4963064339,500.010000200004,400.006400102402,26928.9755777216,163157.91592687,1388454.94540756,12005.7627661277,0,
94.2033,21217.9928579435,2900.33643902693,853047.143548527,8602.95941803981,300.003600043201,100.0004000016,28532.5270808722,175827.982630693,1417566.62510303,13307.0793662228,0,
94.3296,21017.6548300572,3300.43565750679,870061.922580218,9403.53572943427,100.0004000016,200.0016000128,27931.1711870447,171569.417147276,1478899.49457077,11104.9305891816,0,
94.45583,20216.3347985172,4500.81014582625,904802.957706783,9003.24116682005,100.0004000016,300.003600043201,33043.6175751993,176233.635448137,1461186.73130253,11305.1099096792,0,
94.58214,21217.9928579435,2300.21161946899,864815.98735314,10104.0820491479,600.014400345608,100.0004000016,27329.8441898553,177247.824685788,1449540.62437844,13307.0793662228,0,
94.70834,19014.4509827469,2600.27042812453,914684.711579925,9503.61137232148,400.006400102402,500.010000200004,27830.9480141918,172583.230629194,1442714.50330005,11605.3848985929,0,
94.83453,18914.2992102029,2800.31363512713,907917.044922255,8502.8909829342,300.003600043201,300.003600043201,28131.6199408135,170454.316632233,1433320.36338414,12406.1534521122,0,
94.96081,18012.9693379233,2400.23042212052,889136.504096697,8202.69048247825,200.0016000128,400.006400102402,28933.4470648069,164981.619497425,1449204.83110596,12306.0545788528,100.0004000016,
95.08704,18113.1138944596,2900.33643902693,873596.098675686,9503.61137232148,400.006400102402,200.0016000128,28131.6199408135,171062.541028832,1449876.42617734,13106.8679988314,0,
95.21328,18213.259252736,3700.5476810568,896430.850314486,9403.53572943427,500.010000200004,300.003600043201,29033.6790677186,173799.914610471,1463875.75104479,9203.38684635946,0,
95.33948,16611.0297237366,3400.46246289495,855400.055433978,9103.31360615264,800.025600819226,100.0004000016,29033.6790677186,168021.712955692,1421587.0707549,11004.8421305374,0,
95.46565,17412.118834709,2000.16001280102,877345.522598168,9203.38684635946,300.003600043201,0,26528.1198069954,163765.787746655,1372865.90769075,9403.53572943427,0,
95.59187,16911.4321281186,1900.14441097523,893963.184998902,8102.62525058119,100.0004000016,600.014400345608,27630.5040765005,163765.787746655,1410310.58525248,10104.0820491479,0,
95.71809,18213.259252736,3500.49006860961,843319.191869072,9003.24116682005,400.006400102402,400.006400102402,29835.5639922788,155157.008427984,1436451.00162426,11605.3848985929,0,
95.84448,18313.4054127621,3200.40965243551,901152.912118424,8502.8909829342,200.0016000128,100.0004000016,28632.7558727184,163867.102571949,1422480.66931314,9703.76506084361,0,
95.97077,17412.118834709,2900.33643902693,891388.7312391,7902.49718911176,500.010000200004,300.003600043201,29033.6790677186,174205.502074355,1376538.80727402,9403.53572943427,0,
96.09701,24023.0621396541,2100.17641481884,908991.041707257,8502.8909829342,100.0004000016,200.0016000128,26528.1198069954,156878.293035369,1426055.66807183,11705.4781637807,0,
96.22329,19014.4509827469,4100.67251029169,891281.473441759,9603.68781612139,600.014400345608,100.0004000016,28632.7558727184,160929.303827279,1424714.93017533,10704.5815609081,0,
96.34959,20116.1734034163,3500.49006860961,886777.448267864,10804.6676164103,500.010000200004,400.006400102402,32542.3049964954,157789.656726992,1432202.45798337,11405.2007715518,0,
96.47578,19515.221873061,2600.27042812453,929629.061098504,10504.4118529783,100.0004000016,200.0016000128,28933.4470648069,176030.807405378,1439358.68691569,9603.68781612139,0,
96.60206,19915.8530190031,3400.46246289495,903407.230573481,8903.16952835209,300.003600043201,200.0016000128,28833.2158646761,161233.182231741,1393135.25109373,9503.61137232148,0,
96.72831,20917.487019148,2500.2500250025,923821.295693327,9303.46088745013,300.003600043201,400.006400102402,31138.7365883159,163664.473737187,1385335.66368618,12406.1534521122,0,
96.85458,22920.9956319989,2600.27042812453,873917.435294507,9803.84310649775,200.0016000128,1000.04000160006,29234.1454819229,156270.753923372,1331976.70989324,10504.4118529783,0,
96.98082,21017.6548300572,3100.38444767151,943729.089354354,8703.02865397158,600.014400345608,300.003600043201,32442.0448901777,173799.914610471,1420023.41870876,11104.9305891816,0,
97.10708,18413.5523745477,2700.2916314962,935547.053306886,9003.24116682005,300.003600043201,100.0004000016,29534.8511243267,165994.902376073,1378542.63827632,13307.0793662228,0,
97.23337,20717.1538033492,2700.2916314962,973594.205187238,10004.0016006403,300.003600043201,500.010000200004,27329.8441898553,164373.688936131,1354961.26874892,10404.3282005314,0,
97.35957,20616.9883984403,3100.38444767151,897933.137752142,9303.46088745013,300.003600043201,100.0004000016,31840.5011174214,148577.797628389,1335194.35373433,11104.9305891816,0,
97.48576,22119.5536854579,3300.43565750679,919843.402674098,8202.69048247825,500.010000200004,200.0016000128,30737.7459520291,165082.944113384,1394138.38974641,13106.8679988314,100.0004000016,
97.61204,22420.0883992057,3500.49006860961,956550.810467343,9103.31360615264,600.014400345608,400.006400102402,29133.9118734207,165488.250736846,1400827.92996388,13206.9732818928,0,
97.73827,23221.549598027,3100.38444767151,1001040.04160166,9503.61137232148,0,100.0004000016,30938.239664225,173597.125779375,1407632.43955821,10904.7544729502,0,
97.86456,20717.1538033492,2700.2916314962,900079.565044424,8602.95941803981,400.006400102402,200.0016000128,28532.5270808722,158802.360499473,1340410.82611957,10504.4118529783,0,
97.99071,19415.0660912868,3300.43565750679,889994.44918519,9003.24116682005,300.003600043201,400.006400102402,32041.0124959949,162752.684362456,1367302.85695,11705.4781637807,0,
98.11687,20516.8237955123,4100.67251029169,960755.644906707,9803.84310649775,100.0004000016,100.0004000016,28632.7558727184,163461.848165684,1398932.21598973,11705.4781637807,0,
98.24311,23522.1107841371,4100.67251029169,941252.402159972,9103.31360615264,500.010000200004,400.006400102402,30036.0432519023,160220.28276062,1323437.12489102,11104.9305891816,0,
98.36939,18814.1482394761,3100.38444767151,937161.520042164,9003.24116682005,700.019600548815,100.0004000016,30036.0432519023,152221.242962408,1364744.6416293,11905.6670975384,0,
98.49571,24223.4482979524,3500.49006860961,979964.25156919,10704.5815609081,200.0016000128,600.014400345608,30236.5257230735,155460.74741905,1329203.50999878,11905.6670975384,0,
98.62202,23722.4889194957,2800.31363512713,995308.36674597,10004.0016006403,200.0016000128,200.0016000128,30837.992406645,158498.540807085,1333973.77557556,10804.6676164103,0,
98.74826,19715.5358422437,2700.2916314962,929198.76701474,10704.5815609081,400.006400102402,200.0016000128,28632.7558727184,148375.414948194,1270769.6705015,10304.2453490838,0,
98.87453,21518.505915087,4400.77453631839,936515.709228835,10304.2453490838,100.0004000016,600.014400345608,28933.4470648069,150905.432595573,1425293.95533633,11605.3848985929,0,
99.00069,22019.3770518056,5201.0818250196,970895.975134425,10204.1632986258,400.006400102402,400.006400102402,28833.2158646761,135935.137222097,1265032.54325458,11104.9305891816,0,
99.12701,20316.4969955604,3200.40965243551,932747.95889633,9403.53572943427,600.014400345608,300.003600043201,26828.7604311822,140788.415124698,1325543.78043233,14508.4148806308,0,
99.25332,23021.1794851263,3200.40965243551,948683.882753467,10604.4963064339,600.014400345608,200.0016000128,31940.756405173,161030.595813205,1372532.05844997,15609.7404780583,0,
99.3796,27430.063349431,4200.70571856072,1002662.67265768,9703.76506084361,300.003600043201,500.010000200004,31339.2367243789,161233.182231741,1341032.80053046,11905.6670975384,0,
99.50589,23021.1794851263,3800.57768780855,947498.868689049,8202.69048247825,400.006400102402,300.003600043201,29635.0879441258,145441.232086388,1256642.93066146,13807.6218072376,0,
99.63209,23121.3641404658,3600.51847466035,951808.529632813,9503.61137232148,400.006400102402,400.006400102402,29133.9118734207,145947.076833944,1294974.92511191,13206.9732818928,0,
99.75833,20516.8237955123,3400.46246289495,920488.383473926,7502.25067520256,400.006400102402,300.003600043201,30537.255451651,146958.827387251,1332975.20487055,11505.2924345199,0,
99.8846,20817.3200102485,3000.36004320518,1046889.99413784,11305.1099096792,100.0004000016,300.003600043201,31940.756405173,152018.801637095,1304381.67868251,10704.5815609081,0,
100.0109,23121.3641404658,3400.46246289495,933394.743612086,9003.24116682005,300.003600043201,400.006400102402,28532.5270808722,148071.847035344,1247270.28389048,12406.1534521122,0,
100.13715,23421.922919853,5101.04061228491,962804.647549734,9003.24116682005,0,300.003600043201,29935.8032206519,159106.187529939,1264206.45350158,13407.186251831,0,
100.26337,20316.4969955604,3900.60849492521,921993.463510128,8903.16952835209,400.006400102402,400.006400102402,28031.3951625821,146351.767285602,1260724.88004101,13507.2939387269,0,
100.38958,21318.1630749398,4100.67251029169,927155.065129014,8002.56081946223,400.006400102402,400.006400102402,32141.2693898966,146452.941933823,1335971.14420314,14107.9568876847,0,
100.51587,21117.8234429859,3400.46246289495,904373.487184588,8602.95941803981,700.019600548815,300.003600043201,31038.4877247787,152120.021892405,1291988.3053236,13006.7635170289,0,
100.64208,22019.3770518056,3200.40965243551,933439.728806885,9003.24116682005,200.0016000128,100.0004000016,31740.2466327303,146351.767285602,1245286.34657216,12105.8592358702,100.0004000016,
100.76829,24724.4277346018,3700.5476810568,924681.541211948,13307.0793662228,300.003600043201,300.003600043201,31639.9929510902,149589.759891837,1262049.02809409,12205.9565067753,0,
100.89454,23021.1794851263,4200.70571856072,910611.321758582,11004.8421305374,200.0016000128,400.006400102402,29434.6151073663,150298.181935245,1256973.85225516,12706.4548790786,0,
101.02083,23021.1794851263,3200.40965243551,923391.194342479,8302.75651516303,200.0016000128,200.0016000128,31740.2466327303,150500.595563854,1347628.50265373,11905.6670975384,0,
101.14712,19314.911111378,3900.60849492521,939099.145462318,10004.0016006403,400.006400102402,400.006400102402,31038.4877247787,154549.552450254,1352294.33615408,11004.8421305374,0,
101.27335,19214.7569333248,3800.57768780855,939529.768204362,9603.68781612139,300.003600043201,300.003600043201,33444.6820952793,153334.728504966,1288781.21004105,11705.4781637807,0,
101.39955,22520.2682414173,2900.33643902693,939099.145462318,10504.4118529783,600.014400345608,100.0004000016,34246.8496903764,145137.735006457,1292983.76986698,11505.2924345199,0,
101.52577,24924.8251258253,3200.40965243551,926294.655449915,11205.0198488923,700.019600548815,0,31940.756405173,147363.550405375,1208197.92431072,11205.0198488923,0,
101.65193,16911.4321281186,2900.33643902693,908239.234608433,8803.09869073914,300.003600043201,200.0016000128,33745.4889190629,143316.906366288,1262269.73241899,12205.9565067753,0,
101.77828,17712.5404786589,2900.33643902693,922316.003401008,11104.9305891816,500.010000200004,300.003600043201,33143.8825004306,136642.790207568,1246608.93812519,10604.4963064339,100.0004000016,
101.90452,19915.8530190031,3400.46246289495,933825.176972423,11605.3848985929,200.0016000128,100.0004000016,31940.756405173,144733.083629371,1195641.00400268,12906.6598364756,0,
102.03079,20717.1538033492,2900.33643902693,902119.000551197,10804.6676164103,400.006400102402,100.0004000016,30236.5257230735,140383.903718363,1211715.16882442,10504.4118529783,0,
102.15707,20116.1734034163,3000.36004320518,897396.586515951,9603.68781612139,200.0016000128,100.0004000016,31840.5011174214,139473.800645984,1248041.89607455,10504.4118529783,0,
102.28331,19515.221873061,3600.51847466035,959035.215497406,10104.0820491479,400.006400102402,200.0016000128,30437.0114058695,145137.735006457,1240327.81516733,13006.7635170289,0,
102.40962,19715.5358422437,2800.31363512713,900723.562613445,9803.84310649775,300.003600043201,200.0016000128,32943.3534531443,153233.498472696,1244294.49037779,12406.1534521122,0,
102.5359,19715.5358422437,3200.40965243551,902548.396321424,8903.16952835209,200.0016000128,200.0016000128,32241.5270868879,145744.736492712,1252010.90403525,10104.0820491479,0,
102.66206,22119.5536854579,3200.40965243551,914469.810679249,10804.6676164103,100.0004000016,0,32241.5270868879,149387.360923888,1252010.90403525,13006.7635170289,0,
102.78826,19214.7569333248,3900.60849492521,877452.664963585,8903.16952835209,200.0016000128,300.003600043201,30236.5257230735,142507.733835379,1262159.37979284,11505.2924345199,0,
102.91452,18113.1138944596,2600.27042812453,896001.657344106,10104.0820491479,300.003600043201,700.019600548815,33143.8825004306,143620.359493426,1254878.15636145,11905.6670975384,0,
103.04072,23522.1107841371,4300.73972723308,896860.057511747,11805.5722300926,500.010000200004,400.006400102402,33946.0308177889,134216.717270223,1317673.26503371,13006.7635170289,100.0004000016,
103.16704,22119.5536854579,3100.38444767151,901045.573407707,8903.16952835209,200.0016000128,500.010000200004,32742.827618525,140788.415124698,1266574.20832545,13607.4024269202,0,
103.29332,24524.0335528818,2300.21161946899,903299.873177444,10504.4118529783,100.0004000016,600.014400345608,35751.0525029742,150500.595563854,1280932.65773816,10504.4118529783,0,
103.41959,21418.3340939844,3100.38444767151,914577.260684062,9403.53572943427,200.0016000128,300.003600043201,31238.986254846,151917.582196467,1316897.5535812,12005.7627661277,0,
103.54588,24524.0335528818,3700.5476810568,853194.419182548,11004.8421305374,700.019600548815,0,30036.0432519023,158194.728452509,1294421.79618247,13206.9732818928,100.0004000016,
103.67206,22119.5536854579,4400.77453631839,905876.696316806,11405.2007715518,300.003600043201,200.0016000128,33946.0308177889,140990.675709378,1250687.76801952,12005.7627661277,0,
103.7983,23622.2994506814,2600.27042812453,877881.243297629,10004.0016006403,600.014400345608,100.0004000016,32141.2693898966,147161.187267892,1297408.96888911,13006.7635170289,0,
103.92456,23221.549598027,3900.60849492521,912643.296917432,9803.84310649775,300.003600043201,100.0004000016,32642.5659059413,144126.130982793,1305267.36673752,11705.4781637807,0,
104.0508,24924.8251258253,4500.81014582625,896216.25205098,9503.61137232148,400.006400102402,200.0016000128,33645.2191745706,154347.073643879,1265139.22625001,11605.3848985929,100.0004000016,
104.17702,22319.9093591484,2900.33643902693,872739.240045205,12105.8592358702,400.006400102402,500.010000200004,34246.8496903764,149994.567601173,1290992.91615487,12506.2531265633,100.0004000016,
104.30338,22720.6303323418,4400.77453631839,893104.976861921,10504.4118529783,400.006400102402,100.0004000016,33143.8825004306,140080.52870595,1224693.1710899,9403.53572943427,0,
104.42964,22119.5536854579,4500.81014582625,854009.646648079,11004.8421305374,200.0016000128,400.006400102402,30036.0432519023,148780.183565976,1274856.01378904,13807.6218072376,0,
104.55585,25826.6531060054,3700.5476810568,869954.841406829,10904.7544729502,300.003600043201,400.006400102402,28933.4470648069,144328.445275884,1353072.1357373,15709.8657957197,0,
104.68218,23421.922919853,3200.40965243551,896216.25205098,12406.1534521122,300.003600043201,0,32943.3534531443,148678.990190003,1289815.23584454,11104.9305891816,0,
104.80844,22319.9093591484,3400.46246289495,847166.73697096,11405.2007715518,200.0016000128,300.003600043201,27129.408278574,136541.694484439,1227114.22013151,11505.2924345199,0,
104.93465,22319.9093591484,3700.5476810568,866207.558726638,8903.16952835209,300.003600043201,500.010000200004,28632.7558727184,144126.130982793,1167553.95240073,12506.2531265633,0,
105.061,24423.8376655616,3600.51847466035,865137.105918771,11104.9305891816,400.006400102402,500.010000200004,31740.2466327303,141091.807222131,1257966.66708679,12105.8592358702,0,
105.18723,25025.025025025,4000.64010241639,884204.423092852,11305.1099096792,300.003600043201,100.0004000016,33444.6820952793,168731.173789082,1362075.72875322,13006.7635170289,0,
105.31352,23321.7358578195,4000.64010241639,913502.800731383,14107.9568876847,200.0016000128,300.003600043201,34647.952766629,145441.232086388,1340521.83734622,13707.5117164206,0,
105.43983,25425.8326459683,2800.31363512713,890637.945318973,9503.61137232148,500.010000200004,700.019600548815,33143.8825004306,155460.74741905,1317119.18075861,13907.7326993809,0,
105.56614,23221.549598027,4900.9605882753,860107.164284089,9603.68781612139,300.003600043201,0,30637.5003003677,141496.341409452,1266463.81952208,12706.4548790786,0,
105.69241,24924.8251258253,4200.70571856072,872525.034255223,10504.4118529783,300.003600043201,0,32943.3534531443,144328.445275884,1264206.45350158,12806.5569571621,100.0004000016,
105.81861,25626.2412710616,2300.21161946899,866742.818357524,10504.4118529783,500.010000200004,400.006400102402,33043.6175751993,147768.286451187,1330534.57304512,14308.184281409,0,
105.94485,26728.5460872212,5001.00020004001,918220.790774683,9903.92195309342,1100.04840212969,400.006400102402,30737.7459520291,149387.360923888,1269334.22999328,12105.8592358702,0,
106.07113,26628.3325458288,5101.04061228491,889887.202939434,9603.68781612139,300.003600043201,100.0004000016,31138.7365883159,162347.465849662,1331754.83240365,13707.5117164206,0,
106.19733,26728.5460872212,2400.23042212052,870061.922580218,7702.37233067785,400.006400102402,0,31539.7400724913,137552.688310435,1261607.63057271,11805.5722300926,100.0004000016,
106.32359,25025.025025025,3800.57768780855,918220.790774683,10904.7544729502,400.006400102402,400.006400102402,25626.2412710616,136036.228066295,1248041.89607455,11805.5722300926,0,
106.44981,26528.1198069954,3700.5476810568,884633.225101054,9503.61137232148,100.0004000016,300.003600043201,36753.9548056547,160017.71265247,1340188.80647336,15709.8657957197,100.0004000016,
106.57604,27229.6258329062,4100.67251029169,870918.603881052,8803.09869073914,700.019600548815,500.010000200004,27931.1711870447,159815.145806161,1312908.90260435,13607.4024269202,0,
106.70238,22720.6303323418,5101.04061228491,873167.662266158,9603.68781612139,400.006400102402,100.0004000016,30837.992406645,155865.744150758,1339855.78402161,13507.2939387269,0,
106.82859,27329.8441898553,3700.5476810568,915544.35082598,10204.1632986258,300.003600043201,400.006400102402,31539.7400724913,164373.688936131,1337413.87665662,13607.4024269202,0,
106.9548,26427.9078707115,3700.5476810568,850908.504328476,8803.09869073914,600.014400345608,500.010000200004,30437.0114058695,151107.855998841,1268782.17925817,13006.7635170289,0,
107.08111,26427.9078707115,3900.60849492521,850053.147709272,8903.16952835209,400.006400102402,600.014400345608,30938.239664225,149893.364452135,1261717.97856203,12506.2531265633,0,
107.20743,26327.6967369673,3000.36004320518,893426.798246704,8703.02865397158,400.006400102402,500.010000200004,29534.8511243267,152828.586491523,1317340.8116689,13006.7635170289,0,
107.33369,23421.922919853,5801.34591225164,888064.152694016,8402.82334864514,600.014400345608,400.006400102402,31238.986254846,148071.847035344,1281595.73439189,14908.8856958747,0,
107.45988,23121.3641404658,5201.0818250196,866849.872942033,7402.19104855037,200.0016000128,300.003600043201,31138.7365883159,152423.687546532,1283032.51526519,10404.3282005314,200.0016000128,
107.58612,22019.3770518056,3600.51847466035,828580.874452434,7702.37233067785,200.0016000128,100.0004000016,27229.6258329062,140990.675709378,1255650.21592647,12005.7627661277,0,
107.71248,21418.3340939844,3300.43565750679,873381.878697306,8803.09869073914,100.0004000016,200.0016000128,32542.3049964954,151613.928762581,1330756.42997072,13907.7326993809,0,
107.83878,23722.4889194957,3500.49006860961,867063.984769473,8102.62525058119,300.003600043201,300.003600043201,29133.9118734207,153334.728504966,1277838.74236366,12706.4548790786,0,
107.96508,23321.7358578195,4000.64010241639,892675.894125884,8903.16952835209,400.006400102402,0,26928.9755777216,152929.813264649,1330978.29063502,11605.3848985929,0,
108.0914,20817.3200102485,4900.9605882753,863959.710158122,5801.34591225164,200.0016000128,600.014400345608,30537.255451651,140586.157794386,1253223.89589442,11004.8421305374,0,
108.21772,22019.3770518056,3800.57768780855,890852.451138783,9503.61137232148,200.0016000128,100.0004000016,29635.0879441258,155055.763727617,1241760.08733258,12105.8592358702,0,
108.34391,24123.2548176442,4200.70571856072,878309.835828002,7402.19104855037,200.0016000128,300.003600043201,29033.6790677186,152626.135389544,1279717.10410132,12706.4548790786,100.0004000016,
108.47023,22520.2682414173,3200.40965243551,879917.18426501,8602.95941803981,100.0004000016,0,28732.9854673165,151107.855998841,1296745.09407924,11505.2924345199,100.0004000016,
108.59651,21718.8519635043,3900.60849492521,850480.818943232,8002.56081946223,400.006400102402,500.010000200004,27530.2833116428,151006.643889915,1226123.73694988,11405.2007715518,0,
108.72273,21017.6548300572,4000.64010241639,879917.18426501,7802.43435952017,400.006400102402,400.006400102402,31138.7365883159,148780.183565976,1271100.94828166,13607.4024269202,0,
108.84907,26227.4864057532,4000.64010241639,860321.164500606,8102.62525058119,400.006400102402,500.010000200004,32041.0124959949,144024.975057127,1235811.67304722,11605.3848985929,100.0004000016,
108.97531,22920.9956319989,3800.57768780855,908239.234608433,8002.56081946223,300.003600043201,700.019600548815,26928.9755777216,154650.79307583,1253467.28671259,14208.0701838644,0,
109.1016,23522.1107841371,4000.64010241639,929289.109343557,7102.01697282028,300.003600043201,300.003600043201,29334.3798932349,145137.735006457,1228324.91229248,13206.9732818928,0,
109.22786,23522.1107841371,3600.51847466035,931673.153042511,7602.31110257518,400.006400102402,100.0004000016,27029.191526849,144733.083629371,1301614.28787853,10304.2453490838,0,
109.35406,23121.3641404658,4100.67251029169,903836.669056727,8302.75651516303,200.0016000128,400.006400102402,27830.9480141918,151107.855998841,1260902.09448958,10604.4963064339,0,
109.48037,21919.201220269,3200.40965243551,912428.429872677,8102.62525058119,400.006400102402,600.014400345608,29935.8032206519,151917.582196467,1265470.36204324,9903.92195309342,0,
109.60656,24023.0621396541,3100.38444767151,922638.551318529,7802.43435952017,600.014400345608,300.003600043201,29434.6151073663,145137.735006457,1259400.86550985,8102.62525058119,0,
109.73285,21819.0261908384,3000.36004320518,902548.396321424,5901.39272868397,300.003600043201,400.006400102402,29635.0879441258,146857.648668222,1226784.05075827,10204.1632986258,100.0004000016,
109.85904,19415.0660912868,3800.57768780855,882167.807552624,7102.01697282028,400.006400102402,100.0004000016,27229.6258329062,136238.412194092,1176256.25088999,10304.2453490838,0,
109.98528,19715.5358422437,3600.51847466035,941360.074379068,7702.37233067785,400.006400102402,500.010000200004,30036.0432519023,148678.990190003,1262380.08597253,9803.84310649775,0,
110.11151,20717.1538033492,3800.57768780855,934793.704276959,7602.31110257518,400.006400102402,900.032401166442,27229.6258329062,148375.414948194,1263814.76656721,10604.4963064339,0,
110.23778,20316.4969955604,3900.60849492521,879167.063480562,5901.39272868397,0,100.0004000016,25425.8326459683,136946.082256131,1240878.67057411,12105.8592358702,0,
110.36396,18012.9693379233,3800.57768780855,906520.982209474,7202.07419736884,300.003600043201,300.003600043201,31740.2466327303,146048.248225695,1224473.09788652,9203.38684635946,0,
110.49025,19815.6940296715,2000.16001280102,908883.638021805,6901.90492575951,300.003600043201,600.014400345608,27931.1711870447,144328.445275884,1247380.51142496,8102.62525058119,100.0004000016,
110.61653,21618.6785382571,3700.5476810568,892675.894125884,7302.132222609,200.0016000128,500.010000200004,27029.191526849,148881.377756317,1221832.50752042,10804.6676164103,100.0004000016,
110.74281,23021.1794851263,3100.38444767151,939745.084937101,6001.44034568296,0,500.010000200004,29835.5639922788,147970.659359672,1144423.43931676,11505.2924345199,0,
110.86902,21919.201220269,3500.49006860961,946529.392228495,6501.69043951427,400.006400102402,1100.04840212969,32141.2693898966,138058.215720738,1259621.52532688,11205.0198488923,0,
110.99525,22920.9956319989,2400.23042212052,936623.342131036,8903.16952835209,100.0004000016,400.006400102402,30837.992406645,140889.545010237,1218532.51727277,9603.68781612139,0,
111.12154,24123.2548176442,2700.2916314962,905125.069943838,7802.43435952017,600.014400345608,500.010000200004,29735.3255667733,139574.919955593,1201385.94851113,8502.8909829342,0,
111.24779,21518.505915087,4100.67251029169,924466.474479955,8002.56081946223,500.010000200004,700.019600548815,28131.6199408135,142305.448840437,1226343.83785825,11104.9305891816,0,
111.374,22620.4488857928,4000.64010241639,938560.887140284,6901.90492575951,400.006400102402,600.014400345608,29033.6790677186,139069.331542091,1219082.45796557,8803.09869073914,0,
111.50031,21318.1630749398,3300.43565750679,930382.110110775,6501.69043951427,300.003600043201,300.003600043201,28332.0719053969,142912.313590448,1252782.79497627,9403.53572943427,0,
111.62655,19915.8530190031,4300.73972723308,928338.221689366,9003.24116682005,300.003600043201,200.0016000128,28933.4470648069,145137.735006457,1198969.64692173,7602.31110257518,0,
111.75284,19715.5358422437,2800.31363512713,905554.565387692,7602.31110257518,300.003600043201,0,28732.9854673165,142608.877553483,1179106.97830276,8002.56081946223,0,
111.8791,20316.4969955604,5201.0818250196,936408.077219949,7001.96054895371,300.003600043201,300.003600043201,28131.6199408135,133307.060649686,1208747.43154275,8102.62525058119,100.0004000016,
112.00534,18613.8487034354,3300.43565750679,940175.729126459,7602.31110257518,300.003600043201,200.0016000128,29133.9118734207,134621.030237954,1199628.59406505,7902.49718911176,0,
112.13162,23722.4889194957,2700.2916314962,913395.359636466,6501.69043951427,400.006400102402,900.032401166442,29635.0879441258,135530.781976417,1225683.54621595,9503.61137232148,0,
112.25781,19715.5358422437,3900.60849492521,939422.111178438,6701.7960813498,500.010000200004,200.0016000128,31339.2367243789,137047.181232077,1229535.71623419,9003.24116682005,0,
112.384,21318.1630749398,3200.40965243551,944375.259443753,7702.37233067785,400.006400102402,400.006400102402,30236.5257230735,135834.04719102,1194357.94485354,7202.07419736884,100.0004000016,
112.51029,22319.9093591484,3500.49006860961,949114.823795131,7202.07419736884,100.0004000016,400.006400102402,30236.5257230735,143215.756951596,1213474.14512618,7902.49718911176,100.0004000016,
112.63652,20717.1538033492,3500.49006860961,931565.561221314,6701.7960813498,400.006400102402,200.0016000128,29534.8511243267,133610.272207053,1229535.71623419,11305.1099096792,0,
112.76275,19815.6940296715,2100.17641481884,941144.730834682,7402.19104855037,200.0016000128,200.0016000128,30036.0432519023,133610.272207053,1218532.51727277,8102.62525058119,0,
112.88895,24323.6425805883,3200.40965243551,997795.386951186,6701.7960813498,300.003600043201,400.006400102402,29835.5639922788,141900.888615345,1218972.46798139,9003.24116682005,0,
113.01521,20416.6599945556,4200.70571856072,966148.451586636,8402.82334864514,300.003600043201,200.0016000128,30537.255451651,144227.287722376,1201056.42659512,6701.7960813498,0,
113.14149,20917.487019148,3400.46246289495,949222.561292064,6101.48876325823,900.032401166442,300.003600043201,28031.3951625821,130174.302888965,1205780.36621006,9403.53572943427,0,
113.26777,20717.1538033492,3700.5476810568,960647.811621232,8302.75651516303,400.006400102402,500.010000200004,27530.2833116428,141496.341409452,1234710.4107726,9003.24116682005,0,
113.39411,23121.3641404658,4200.70571856072,923606.243233939,8202.69048247825,400.006400102402,500.010000200004,26327.6967369673,144834.245252655,1231627.36819132,7302.132222609,0,
113.52037,19314.911111378,3100.38444767151,930382.110110775,6301.58800017604,200.0016000128,200.0016000128,28632.7558727184,135732.957973054,1242200.81791692,8502.8909829342,0,
113.64673,20917.487019148,3300.43565750679,930274.529002493,7202.07419736884,600.014400345608,200.0016000128,27730.7256440136,137249.381623665,1209846.51513881,6201.53798141939,0,
113.77289,20416.6599945556,2300.21161946899,931027.61550717,8502.8909829342,400.006400102402,0,26227.4864057532,140080.52870595,1174940.73993416,9103.31360615264,0,
113.89909,22019.3770518056,3900.60849492521,900508.893198734,5601.25468104855,300.003600043201,500.010000200004,26528.1198069954,134519.950776556,1201276.10695151,7202.07419736884,0,
114.02528,20616.9883984403,3600.51847466035,921670.931645591,8602.95941803981,300.003600043201,200.0016000128,28632.7558727184,135227.524079548,1246498.71707114,9203.38684635946,100.0004000016,
114.15155,20516.8237955123,3000.36004320518,882940.525336397,16110.3750815525,200.0016000128,300.003600043201,29334.3798932349,144530.762824716,1131206.00326878,9903.92195309342,0,
114.27787,19715.5358422437,2400.23042212052,984284.704610651,8703.02865397158,300.003600043201,200.0016000128,29334.3798932349,138361.541926765,1176640.93968371,8202.69048247825,0,
114.40413,19415.0660912868,3000.36004320518,928876.055823833,7802.43435952017,100.0004000016,300.003600043201,28933.4470648069,140889.545010237,1214353.72180908,10504.4118529783,100.0004000016,
114.53034,18914.2992102029,2000.16001280102,889243.744123142,8903.16952835209,200.0016000128,600.014400345608,29935.8032206519,153739.656782253,1204571.75440656,7802.43435952017,0,
114.65657,20016.0128102482,3500.49006860961,949653.520226198,9503.61137232148,200.0016000128,300.003600043201,29534.8511243267,138664.875452999,1222492.60525709,8703.02865397158,0,
114.78286,20717.1538033492,2700.2916314962,922531.034454154,11104.9305891816,500.010000200004,100.0004000016,29434.6151073663,139574.919955593,1211715.16882442,7702.37233067785,0,
114.90915,19114.6035571176,3700.5476810568,880238.677913183,7902.49718911176,400.006400102402,0,31339.2367243789,139777.161015245,1172090.91975009,8202.69048247825,0,
115.03539,23522.1107841371,3600.51847466035,951377.499117653,8903.16952835209,400.006400102402,200.0016000128,28933.4470648069,138260.432378079,1294532.42010669,8302.75651516303,0,
115.1616,20016.0128102482,2900.33643902693,959785.177585698,11805.5722300926,200.0016000128,500.010000200004,31138.7365883159,152322.464847114,1330756.42997072,9903.92195309342,0,
115.28787,20917.487019148,3100.38444767151,924143.881072472,10304.2453490838,300.003600043201,200.0016000128,31539.7400724913,141496.341409452,1316675.93013659,9603.68781612139,100.0004000016,
115.41411,20116.1734034163,3300.43565750679,938560.887140284,11505.2924345199,600.014400345608,600.014400345608,31238.986254846,147970.659359672,1255429.622846,6801.85010322808,0,
115.54032,21117.8234429859,3800.57768780855,895357.894562389,9703.76506084361,100.0004000016,200.0016000128,31539.7400724913,143923.819945367,1266132.65867896,7802.43435952017,0,
115.66652,21217.9928579435,3400.46246289495,923821.295693327,10904.7544729502,200.0016000128,300.003600043201,29334.3798932349,152120.021892405,1328648.94011391,7502.25067520256,0,
115.79284,22319.9093591484,3200.40965243551,1058650.08261727,10004.0016006403,400.006400102402,500.010000200004,29935.8032206519,141192.939548504,1284801.07662545,10304.2453490838,0,
115.91907,22019.3770518056,3500.49006860961,944052.170375628,10204.1632986258,500.010000200004,500.010000200004,31940.756405173,143418.056594817,1256312.01740899,11505.2924345199,0,
116.04536,19014.4509827469,4000.64010241639,932426.320790337,10604.4963064339,300.003600043201,100.0004000016,34848.5091247016,154144.598097139,1354627.87265444,7502.25067520256,0,
116.17158,21418.3340939844,3400.46246289495,931565.561221314,11004.8421305374,100.0004000016,500.010000200004,34547.6757925938,144530.762824716,1249475.01049979,9003.24116682005,0,
116.29784,18413.5523745477,3200.40965243551,863424.565701375,12606.3536022155,500.010000200004,500.010000200004,32341.7855869784,159410.02189875,1326320.00168488,8102.62525058119,0,
116.42407,20116.1734034163,3700.5476810568,918553.537364187,11305.1099096792,500.010000200004,200.0016000128,34347.1242544771,150905.432595573,1324324.09665449,8803.09869073914,0,
116.55028,20216.3347985172,3100.38444767151,912320.997686548,11004.8421305374,500.010000200004,600.014400345608,29735.3255667733,147565.916799781,1299068.80257184,8803.09869073914,0,
116.67649,21919.201220269,3600.51847466035,889243.744123142,10704.5815609081,0,100.0004000016,29033.6790677186,150196.976342719,1309364.44994486,9703.76506084361,0,
116.80285,20016.0128102482,3700.5476810568,892890.433716272,9503.61137232148,700.019600548815,200.0016000128,30537.255451651,156270.753923372,1221062.43549619,6001.44034568296,0,
116.92916,20717.1538033492,3200.40965243551,897074.666445678,11405.2007715518,200.0016000128,0,31439.4879969241,152120.021892405,1319224.82513507,7202.07419736884,0,
117.05548,18313.4054127621,2800.31363512713,911246.724818414,12506.2531265633,300.003600043201,100.0004000016,33043.6175751993,142103.167100452,1273861.92139701,6901.90492575951,0,
117.18162,16911.4321281186,2500.2500250025,873381.878697306,12205.9565067753,200.0016000128,500.010000200004,32041.0124959949,145036.570941189,1283143.0433777,8102.62525058119,0,
117.30791,21117.8234429859,2100.17641481884,860214.16394962,12606.3536022155,400.006400102402,300.003600043201,32642.5659059413,153334.728504966,1351627.68733899,8102.62525058119,0,
117.43415,18713.9980705568,3400.46246289495,900294.227342423,11605.3848985929,200.0016000128,200.0016000128,29735.3255667733,140586.157794386,1155162.60610575,9503.61137232148,0,
117.5604,20717.1538033492,3200.40965243551,864066.741706946,13206.9732818928,100.0004000016,700.019600548815,33344.4147604609,153638.423490681,1327539.87042638,7202.07419736884,0,
117.68662,19415.0660912868,3000.36004320518,887635.237006478,12406.1534521122,100.0004000016,0,33544.9502333126,134519.950776556,1205780.36621006,8703.02865397158,0,
117.81281,19715.5358422437,2900.33643902693,864387.841668563,12506.2531265633,200.0016000128,100.0004000016,29735.3255667733,146857.648668222,1293315.60813284,8102.62525058119,0,
117.93905,21819.0261908384,2800.31363512713,862996.466080163,14308.184281409,500.010000200004,300.003600043201,34246.8496903764,143114.608350732,1285022.16353069,9303.46088745013,0,
118.06533,17912.8255831175,2900.33643902693,866849.872942033,13407.186251831,200.0016000128,400.006400102402,34246.8496903764,148476.605881122,1247711.1995834,7202.07419736884,0,
118.19154,21919.201220269,3000.36004320518,853688.8043186,12906.6598364756,400.006400102402,0,32241.5270868879,153840.890888675,1339300.76531472,8402.82334864514,0,
118.31772,20817.3200102485,2900.33643902693,853688.8043186,15910.1188355794,300.003600043201,0,32241.5270868879,140586.157794386,1259511.19495481,7202.07419736884,100.0004000016,
118.44401,20016.0128102482,3700.5476810568,835200.35714581,11905.6670975384,0,400.006400102402,32542.3049964954,145441.232086388,1214463.67304482,9903.92195309342,0,
118.5703,16510.8971921468,2100.17641481884,844708.451012906,13106.8679988314,100.0004000016,600.014400345608,32742.827618525,146452.941933823,1311579.62094486,8202.69048247825,0,
118.69658,18814.1482394761,3900.60849492521,893855.905870655,14608.5313823273,200.0016000128,300.003600043201,34347.1242544771,153132.269255226,1326209.11013201,10004.0016006403,0,
118.82278,18914.2992102029,2500.2500250025,883882.830909912,16811.2971917128,500.010000200004,200.0016000128,29835.5639922788,156372.008404241,1280822.14821543,9103.31360615264,0,
118.94902,18213.259252736,4100.67251029169,868884.078426178,13106.8679988314,600.014400345608,100.0004000016,33143.8825004306,147363.550405375,1343408.45770935,8202.69048247825,0,
119.07525,16911.4321281186,3900.60849492521,886563.009965291,14608.5313823273,600.014400345608,800.025600819226,36453.0756781874,155764.493745271,1325322.01133884,7902.49718911176,100.0004000016,
119.2014,18814.1482394761,3500.49006860961,885062.041316701,14908.8856958747,500.010000200004,100.0004000016,30036.0432519023,152524.911060672,1276292.05783307,8602.95941803981,0,
119.32769,19314.911111378,3200.40965243551,850053.147709272,15709.8657957197,100.0004000016,800.025600819226,31038.4877247787,152322.464847114,1279717.10410132,8602.95941803981,0,
119.45398,16210.5044068556,2800.31363512713,910279.955392862,17211.841747122,600.014400345608,600.014400345608,37957.5436361524,151816.363570512,1341187.92435654,9103.31360615264,0,
119.58027,17412.118834709,3200.40965243551,884847.631432902,17111.7044058136,100.0004000016,700.019600548815,35149.3496869605,149589.759891837,1243412.90336126,9603.68781612139,0,
119.70654,18113.1138944596,3200.40965243551,879059.906918197,17712.5404786589,400.006400102402,200.0016000128,33845.7594667991,141192.939548504,1327428.96859664,9503.61137232148,0,
119.83274,14908.8856958747,3200.40965243551,881310.381097119,18113.1138944596,500.010000200004,200.0016000128,35049.0686961746,143620.359493426,1279606.60480097,7902.49718911176,0,
119.95898,17712.5404786589,3300.43565750679,873274.770038334,14508.4148806308,200.0016000128,700.019600548815,34046.302972042,154144.598097139,1266132.65867896,9703.76506084361,0,
120.08527,279157.366932661,3700.5476810568,916511.513151075,14808.7667899396,500.010000200004,400.006400102402,36453.0756781874,152120.021892405,1342964.32108912,8602.95941803981,0,
120.21147,19715.5358422437,1700.11560786133,883025.290821672,14908.8856958747,400.006400102402,300.003600043201,28833.2158646761,148881.377756317,1263042.22676981,9103.31360615264,0,
120.33772,18213.259252736,2800.31363512713,895143.314081157,18012.9693379233,100.0004000016,400.006400102402,34848.5091247016,152828.586491523,1305931.67192084,8002.56081946223,0,
120.46404,18513.7001381022,2700.2916314962,873596.098675686,15409.4922472243,300.003600043201,500.010000200004,30236.5257230735,143114.608350732,1307149.6519038,8502.8909829342,0,
120.59027,17412.118834709,3000.36004320518,836909.161561293,16711.163056922,300.003600043201,500.010000200004,27830.9480141918,142710.022085357,1244294.49037779,8602.95941803981,0,
120.71656,19815.6940296715,3200.40965243551,864708.949603132,16210.5044068556,100.0004000016,700.019600548815,30737.7459520291,142912.313590448,1233829.46751622,7602.31110257518,0,
120.84282,21217.9928579435,3700.5476810568,902226.348159077,17211.841747122,400.006400102402,600.014400345608,31639.9929510902,151310.282660485,1307924.78879998,8402.82334864514,0,
120.96902,24524.0335528818,4400.77453631839,888922.026709083,17211.841747122,400.006400102402,500.010000200004,32542.3049964954,147768.286451187,1323215.39128933,6401.6388195378,0,
121.09534,20416.6599945556,3500.49006860961,932211.125540946,17211.841747122,600.014400345608,800.025600819226,31238.986254846,154043.361546108,1333529.95702368,9903.92195309342,100.0004000016,
121.22152,20316.4969955604,3100.38444767151,903407.230573481,16811.2971917128,200.0016000128,1100.04840212969,30637.5003003677,154043.361546108,1286901.55239926,9703.76506084361,100.0004000016,
121.34771,22019.3770518056,3600.51847466035,907809.650140938,18713.9980705568,500.010000200004,1000.04000160006,31339.2367243789,157789.656726992,1296302.52949393,8502.8909829342,100.0004000016,
121.474,20116.1734034163,5501.21026625858,887742.464595923,15709.8657957197,500.010000200004,1600.10240655402,30637.5003003677,146554.117396185,1210176.2581933,10804.6676164103,0,
121.60024,21618.6785382571,5101.04061228491,918231.091095325,19915.8530190031,300.003600043201,1000.04000160006,31740.2466327303,149286.162661559,1232728.37164011,9303.46088745013,0,
121.72647,27129.408278574,3800.57768780855,846739.175385633,15809.9919148902,700.019600548815,800.025600819226,24624.2302425587,142103.167100452,1266463.81952208,11405.2007715518,200.0016000128,
121.85267,23922.8702639724,4100.67251029169,851336.203865705,18613.8487034354,100.0004000016,1400.07840439065,27430.063349431,138058.215720738,1239336.33371398,9903.92195309342,0,
121.97891,24724.4277346018,4600.84655576626,885598.081566555,18313.4054127621,200.0016000128,1600.10240655402,33745.4889190629,146351.767285602,1213803.97946515,9303.46088745013,0,
122.1052,28532.5270808722,4800.92177698118,856148.799033601,17311.9798900839,500.010000200004,1000.04000160006,31940.756405173,143519.207637193,1213694.03376324,11705.4781637807,0,
122.23148,26928.9755777216,5601.25468104855,837550.021496842,19014.4509827469,200.0016000128,1700.11560786133,28732.9854673165,136743.886743887,1171981.32367413,12005.7627661277,100.0004000016,
122.35782,32141.2693898966,5901.39272868397,863745.649717982,16210.5044068556,500.010000200004,1800.12960933187,27630.5040765005,139473.800645984,1146251.67336011,10604.4963064339,0,
122.48405,29434.6151073663,5101.04061228491,838084.095729068,16911.4321281186,200.0016000128,1900.14441097523,25826.6531060054,134014.565664121,1097014.08403656,10504.4118529783,0,
122.61032,31840.5011174214,4500.81014582625,781275.781275781,13307.0793662228,100.0004000016,2200.1936170383,27430.063349431,123204.193364258,1070887.78672762,11004.8421305374,100.0004000016,
122.73668,34647.952766629,4800.92177698118,785104.87317854,14007.84439286,200.0016000128,2300.21161946899,25025.025025025,121790.440053379,1005042.89791876,11004.8421305374,0,
122.86297,34246.8496903764,5501.21026625858,710324.855096609,16811.2971917128,200.0016000128,2600.27042812453,21718.8519635043,114724.059503813,990984.247384267,10404.3282005314,0,
122.98936,33244.1482288479,5601.25468104855,718259.552790328,17311.9798900839,300.003600043201,2000.16001280102,23822.6791905894,119670.1083964,992821.822325547,13307.0793662228,100.0004000016,
123.11559,34447.3996218797,6501.69043951427,717942.070849844,14308.184281409,300.003600043201,2400.23042212052,21718.8519635043,108367.715058191,877452.664963585,11104.9305891816,0,
123.24185,32542.3049964954,4600.84655576626,683489.009521383,14808.7667899396,300.003600043201,2700.2916314962,23622.2994506814,100300.802004811,832851.120112425,10604.4963064339,0,
123.36806,28332.0719053969,5701.29989637637,637239.218002675,13907.7326993809,200.0016000128,1800.12960933187,18012.9693379233,97579.3886631222,836054.731098342,8402.82334864514,0,
123.49429,27931.1711870447,5801.34591225164,621264.419647615,14808.7667899396,600.014400345608,2600.27042812453,17612.3991289868,98284.883604194,803947.797581448,10204.1632986258,0,
123.62058,26327.6967369673,4600.84655576626,611815.037618634,12506.2531265633,400.006400102402,1400.07840439065,17612.3991289868,93750.2509375025,767989.14858441,12806.5569571621,0,
123.74677,30236.5257230735,4800.92177698118,583508.665646055,11605.3848985929,200.0016000128,2400.23042212052,17011.567866149,93448.0003533157,770007.834082382,8803.09869073914,0,
123.87296,26528.1198069954,3300.43565750679,575028.950932772,13307.0793662228,300.003600043201,2400.23042212052,10104.0820491479,90728.0727109227,714238.693963531,10304.2453490838,0,
123.99924,26327.6967369673,3800.57768780855,530315.718096296,11905.6670975384,400.006400102402,2200.1936170383,10804.6676164103,76432.9676855054,687394.681681805,9303.46088745013,0,
124.12547,23722.4889194957,2900.33643902693,508434.108653685,12406.1534521122,300.003600043201,3800.57768780855,10804.6676164103,91231.7185285699,644392.289449282,8002.56081946223,100.0004000016,
124.2517,21017.6548300572,3800.57768780855,471944.181800398,9203.38684635946,300.003600043201,1300.06760351538,9803.84310649775,72409.1175314308,640078.930418979,10104.0820491479,100.0004000016,
124.3779,22520.2682414173,4100.67251029169,454204.831004443,8502.8909829342,100.0004000016,2000.16001280102,8202.69048247825,69291.5217661617,562999.50101025,7802.43435952017,0,
124.50414,17712.5404786589,2900.33643902693,400825.018796611,9703.76506084361,300.003600043201,2000.16001280102,8402.82334864514,63159.1610859366,552861.716089308,7902.49718911176,0,
124.63043,23021.1794851263,3400.46246289495,394116.691045019,9303.46088745013,500.010000200004,2200.1936170383,9503.61137232148,61048.7146689335,548787.965498917,8002.56081946223,0,
124.75672,20516.8237955123,4200.70571856072,376691.61026274,7402.19104855037,100.0004000016,2500.2500250025,7302.132222609,52911.7496151873,455967.286027321,9203.38684635946,100.0004000016,
124.88305,18213.259252736,2500.2500250025,333079.326991281,7902.49718911176,100.0004000016,2800.31363512713,7202.07419736884,48493.8841597332,427280.013344237,6901.90492575951,0,
125.00928,18814.1482394761,2100.17641481884,304155.954573979,7302.132222609,200.0016000128,2800.31363512713,4700.88376614804,45281.8696202735,368657.32829478,6401.6388195378,0,
125.13554,15209.2472223112,2400.23042212052,278263.12042969,6501.69043951427,0,2400.23042212052,5701.29989637637,42171.0159909287,369378.14580289,4200.70571856072,0,
125.26183,17412.118834709,3500.49006860961,267124.035301204,6201.53798141939,100.0004000016,3200.40965243551,4900.9605882753,39562.5087638469,310611.828357605,5301.12383825371,0,
125.38803,16210.5044068556,2700.2916314962,225821.554556389,6901.90492575951,200.0016000128,2900.33643902693,3100.38444767151,36954.5449082846,277445.238942634,5201.0818250196,0,
125.51427,13707.5117164206,2800.31363512713,206593.238180124,6201.53798141939,0,3000.36004320518,2300.21161946899,32843.0901342561,276525.185529695,5101.04061228491,0,
125.64058,15109.1259120509,3800.57768780855,200799.974194381,4900.9605882753,100.0004000016,2600.27042812453,2700.2916314962,29635.0879441258,236720.437705679,4700.88376614804,0,
125.76682,15009.0054032419,2300.21161946899,173901.310251215,6101.48876325823,300.003600043201,2200.1936170383,2100.17641481884,28031.3951625821,239166.340240115,3000.36004320518,0,
125.89308,11805.5722300926,2900.33643902693,176639.301338189,4500.81014582625,100.0004000016,2800.31363512713,2400.23042212052,25726.4467872973,203442.185319902,4100.67251029169,200.0016000128,
126.01929,10904.7544729502,1800.12960933187,148375.414948194,5401.16665199683,100.0004000016,2300.21161946899,2100.17641481884,20917.487019148,166805.587433509,2400.23042212052,0,
126.14553,11104.9305891816,1200.05760276493,119064.365090529,3300.43565750679,200.0016000128,3000.36004320518,1100.04840212969,17812.6826300326,155157.008427984,2900.33643902693,0,
126.27181,10704.5815609081,2200.1936170383,106854.773917794,3100.38444767151,200.0016000128,3600.51847466035,1200.05760276493,17712.5404786589,125527.133559262,3100.38444767151,100.0004000016,
126.3981,10004.0016006403,1900.14441097523,87203.1180383011,2500.2500250025,200.0016000128,4400.77453631839,1200.05760276493,14107.9568876847,107560.790426186,2400.23042212052,0,
126.52439,10504.4118529783,1800.12960933187,65973.6426273953,2600.27042812453,100.0004000016,2500.2500250025,800.025600819226,12406.1534521122,77539.7529160163,2000.16001280102,0,
126.65059,9003.24116682005,1300.06760351538,40264.7457111035,2400.23042212052,0,2700.2916314962,700.019600548815,6001.44034568296,46385.9066992069,1300.06760351538,0,
126.77682,6501.69043951427,2500.2500250025,20817.3200102485,1600.10240655402,0,1400.07840439065,600.014400345608,3700.5476810568,14808.7667899396,300.003600043201,100.0004000016,
126.90306,2400.23042212052,800.025600819226,8002.56081946223,1400.07840439065,100.0004000016,300.003600043201,200.0016000128,1500.09000540032,7202.07419736884,300.003600043201,0,
127.02927,1200.05760276493,300.003600043201,2700.2916314962,1500.09000540032,200.0016000128,300.003600043201,100.0004000016,800.025600819226,3200.40965243551,100.0004000016,0,
127.15563,200.0016000128,300.003600043201,1600.10240655402,1400.07840439065,100.0004000016,200.0016000128,100.0004000016,1100.04840212969,1400.07840439065,0,0,
127.28185,200.0016000128,500.010000200004,1900.14441097523,1300.06760351538,200.0016000128,500.010000200004,0,1200.05760276493,1100.04840212969,0,0,
127.408,0,200.0016000128,800.025600819226,1100.04840212969,0,200.0016000128,0,1300.06760351538,900.032401166442,0,0,
127.5343,100.0004000016,400.006400102402,300.003600043201,800.025600819226,100.0004000016,0,100.0004000016,1200.05760276493,500.010000200004,0,0,
127.66052,0,400.006400102402,500.010000200004,1700.11560786133,100.0004000016,0,100.0004000016,600.014400345608,100.0004000016,0,0,
127.78679,0,200.0016000128,100.0004000016,1400.07840439065,100.0004000016,0,200.0016000128,900.032401166442,0,0,0,
127.91302,100.0004000016,500.010000200004,300.003600043201,1800.12960933187,0,0,0,1200.05760276493,100.0004000016,0,0,
128.03922,100.0004000016,200.0016000128,600.014400345608,900.032401166442,200.0016000128,100.0004000016,0,900.032401166442,200.0016000128,0,0,
128.16543,0,400.006400102402,400.006400102402,1500.09000540032,0,0,100.0004000016,1200.05760276493,0,0,0,
128.29173,0,200.0016000128,300.003600043201,900.032401166442,0,200.0016000128,100.0004000016,600.014400345608,100.0004000016,0,0,
128.41802,100.0004000016,300.003600043201,100.0004000016,1400.07840439065,0,0,0,700.019600548815,0,0,0,
128.54431,0,400.006400102402,200.0016000128,2700.2916314962,200.0016000128,0,0,800.025600819226,0,0,0,
128.67057,0,400.006400102402,200.0016000128,900.032401166442,100.0004000016,200.0016000128,0,1400.07840439065,0,0,0,
128.79689,0,500.010000200004,400.006400102402,700.019600548815,0,0,0,600.014400345608,0,0,0,
128.92321,0,500.010000200004,0,900.032401166442,0,0,0,1400.07840439065,0,0,0,
129.04943,0,300.003600043201,100.0004000016,1600.10240655402,0,0,0,600.014400345608,0,0,0,
129.17573,0,400.006400102402,0,1300.06760351538,200.0016000128,0,200.0016000128,1500.09000540032,100.0004000016,0,0,
129.30201,0,700.019600548815,300.003600043201,1700.11560786133,0,100.0004000016,0,900.032401166442,200.0016000128,0,0,
129.4283,0,500.010000200004,0,1600.10240655402,200.0016000128,200.0016000128,200.0016000128,700.019600548815,0,0,0,
129.55456,0,200.0016000128,100.0004000016,1900.14441097523,200.0016000128,100.0004000016,100.0004000016,1400.07840439065,0,0,0,
129.68087,0,300.003600043201,200.0016000128,1200.05760276493,0,0,0,1100.04840212969,200.0016000128,0,0,
129.80707,100.0004000016,400.006400102402,0,1400.07840439065,200.0016000128,0,0,600.014400345608,100.0004000016,100.0004000016,0,
129.93327,0,700.019600548815,200.0016000128,1600.10240655402,100.0004000016,0,100.0004000016,1100.04840212969,100.0004000016,0,0,
130.05954,0,400.006400102402,100.0004000016,800.025600819226,400.006400102402,200.0016000128,200.0016000128,1700.11560786133,0,0,0,
130.18577,0,700.019600548815,100.0004000016,1300.06760351538,300.003600043201,100.0004000016,0,1100.04840212969,0,0,0,
130.31205,0,400.006400102402,300.003600043201,1400.07840439065,0,100.0004000016,200.0016000128,1300.06760351538,0,0,0,
130.43826,0,600.014400345608,300.003600043201,1100.04840212969,100.0004000016,0,100.0004000016,900.032401166442,0,0,0,
130.56453,0,600.014400345608,0,1400.07840439065,100.0004000016,0,100.0004000016,1100.04840212969,0,0,0,
130.69076,200.0016000128,300.003600043201,0,1500.09000540032,100.0004000016,100.0004000016,0,1100.04840212969,0,0,0,
130.81702,0,700.019600548815,0,1600.10240655402,100.0004000016,0,0,1200.05760276493,0,0,200.0016000128,
130.94337,0,200.0016000128,100.0004000016,1300.06760351538,100.0004000016,0,0,1100.04840212969,0,0,0,
131.06966,0,0,400.006400102402,1500.09000540032,300.003600043201,100.0004000016,100.0004000016,1100.04840212969,100.0004000016,0,0,
131.1959,0,700.019600548815,0,1600.10240655402,100.0004000016,0,100.0004000016,700.019600548815,0,0,0,
131.32217,0,400.006400102402,100.0004000016,1400.07840439065,200.0016000128,0,0,900.032401166442,0,0,100.0004000016,
131.4484,0,700.019600548815,100.0004000016,2400.23042212052,200.0016000128,0,100.0004000016,800.025600819226,0,0,0,
131.57466,0,300.003600043201,100.0004000016,1200.05760276493,200.0016000128,0,100.0004000016,1500.09000540032,0,0,0,
131.70097,0,700.019600548815,100.0004000016,1500.09000540032,100.0004000016,0,0,600.014400345608,100.0004000016,0,0,
131.82716,0,600.014400345608,300.003600043201,1300.06760351538,200.0016000128,0,0,1400.07840439065,0,0,0,
131.95347,0,400.006400102402,100.0004000016,1300.06760351538,0,0,0,1100.04840212969,0,0,0,
132.07971,0,200.0016000128,100.0004000016,600.014400345608,100.0004000016,0,200.0016000128,1000.04000160006,0,0,0,
132.20587,0,500.010000200004,0,600.014400345608,100.0004000016,0,200.0016000128,1300.06760351538,0,0,0,
132.33214,0,600.014400345608,200.0016000128,1500.09000540032,100.0004000016,0,200.0016000128,1500.09000540032,100.0004000016,0,100.0004000016,
132.45837,200.0016000128,500.010000200004,200.0016000128,1200.05760276493,0,100.0004000016,0,1500.09000540032,0,0,0,
132.58464,0,400.006400102402,0,1000.04000160006,200.0016000128,200.0016000128,0,1300.06760351538,0,0,0,
132.71093,0,400.006400102402,100.0004000016,900.032401166442,200.0016000128,0,100.0004000016,900.032401166442,0,0,0,
132.83712,0,100.0004000016,0,1400.07840439065,100.0004000016,0,100.0004000016,1700.11560786133,0,0,0,
132.96343,0,600.014400345608,100.0004000016,1800.12960933187,300.003600043201,100.0004000016,100.0004000016,1400.07840439065,0,0,0,
133.08959,0,200.0016000128,100.0004000016,1400.07840439065,100.0004000016,0,100.0004000016,900.032401166442,0,0,0,
133.21583,0,1000.04000160006,100.0004000016,2000.16001280102,300.003600043201,0,0,1100.04840212969,0,0,0,
133.34202,100.0004000016,400.006400102402,0,2200.1936170383,300.003600043201,100.0004000016,0,600.014400345608,0,0,0,
133.46825,0,300.003600043201,400.006400102402,1300.06760351538,200.0016000128,0,100.0004000016,1200.05760276493,0,0,0,
133.59459,0,800.025600819226,100.0004000016,1800.12960933187,0,0,0,1000.04000160006,0,0,0,
133.72089,100.0004000016,500.010000200004,300.003600043201,1700.11560786133,0,100.0004000016,200.0016000128,1600.10240655402,0,0,0,
133.84717,0,300.003600043201,100.0004000016,2300.21161946899,400.006400102402,100.0004000016,0,1500.09000540032,0,0,0,
133.97356,100.0004000016,200.0016000128,100.0004000016,2300.21161946899,400.006400102402,0,0,1500.09000540032,0,100.0004000016,0,
134.09989,0,400.006400102402,300.003600043201,1100.04840212969,200.0016000128,100.0004000016,100.0004000016,900.032401166442,0,0,0,
134.2262,0,600.014400345608,200.0016000128,1200.05760276493,100.0004000016,0,0,900.032401166442,0,0,0,
134.35244,0,400.006400102402,100.0004000016,1500.09000540032,0,100.0004000016,100.0004000016,900.032401166442,0,0,0,
134.47872,0,300.003600043201,100.0004000016,1200.05760276493,200.0016000128,0,100.0004000016,700.019600548815,0,0,0,
134.60496,100.0004000016,100.0004000016,100.0004000016,1000.04000160006,100.0004000016,0,0,200.0016000128,0,0,0,
134.73122,0,100.0004000016,200.0016000128,1000.04000160006,400.006400102402,100.0004000016,0,600.014400345608,0,0,100.0004000016,
134.85756,0,200.0016000128,100.0004000016,600.014400345608,0,300.003600043201,0,1000.04000160006,0,0,0,
134.9838,100.0004000016,900.032401166442,200.0016000128,1300.06760351538,100.0004000016,100.0004000016,300.003600043201,800.025600819226,0,0,0,
135.11004,0,300.003600043201,0,1800.12960933187,0,0,0,1100.04840212969,0,0,0,
135.23625,0,400.006400102402,100.0004000016,1200.05760276493,0,0,0,800.025600819226,0,0,0,
135.36256,0,500.010000200004,200.0016000128,1300.06760351538,100.0004000016,0,0,1000.04000160006,100.0004000016,0,0,
135.4888,0,800.025600819226,200.0016000128,1400.07840439065,100.0004000016,0,0,1800.12960933187,0,0,0,
135.615,100.0004000016,800.025600819226,0,800.025600819226,300.003600043201,0,0,1100.04840212969,0,0,0,
135.74124,0,700.019600548815,0,1600.10240655402,0,100.0004000016,0,1300.06760351538,0,0,0,
135.86752,0,500.010000200004,0,1100.04840212969,200.0016000128,0,0,700.019600548815,0,0,0,
135.99384,0,300.003600043201,0,1600.10240655402,0,100.0004000016,0,1000.04000160006,0,0,0,
136.12015,0,300.003600043201,100.0004000016,1600.10240655402,100.0004000016,0,100.0004000016,900.032401166442,0,0,0,
136.24646,0,500.010000200004,300.003600043201,900.032401166442,100.0004000016,0,0,1000.04000160006,0,0,0,
136.37271,0,200.0016000128,100.0004000016,1400.07840439065,100.0004000016,100.0004000016,100.0004000016,800.025600819226,0,0,0,
136.49892,0,500.010000200004,0,1300.06760351538,200.0016000128,100.0004000016,200.0016000128,1300.06760351538,0,0,0,
136.62513,0,500.010000200004,100.0004000016,1500.09000540032,0,0,0,1600.10240655402,0,0,0,
136.75144,0,600.014400345608,0,1500.09000540032,200.0016000128,100.0004000016,100.0004000016,1500.09000540032,0,0,0,
136.87773,0,900.032401166442,100.0004000016,1300.06760351538,0,0,0,1200.05760276493,0,0,0,
137.00402,0,300.003600043201,0,1100.04840212969,300.003600043201,0,200.0016000128,1600.10240655402,0,0,0,
137.13027,0,700.019600548815,100.0004000016,1400.07840439065,300.003600043201,100.0004000016,0,1300.06760351538,0,0,0,
137.25659,0,200.0016000128,100.0004000016,1600.10240655402,100.0004000016,0,0,800.025600819226,0,0,0,
137.38287,0,600.014400345608,200.0016000128,1900.14441097523,100.0004000016,100.0004000016,0,1200.05760276493,0,0,0,
137.50913,0,700.019600548815,100.0004000016,1800.12960933187,200.0016000128,100.0004000016,0,1100.04840212969,0,0,0,
137.63543,0,400.006400102402,200.0016000128,1200.05760276493,0,0,0,1200.05760276493,0,0,0,

