- 55:03/07/2023 10:17:42 PM;
Software:Name=Qtegra;Version=2.10.3324.83;File Version=1;
Configuration:Machine=iCAP RQ;
STDS:Additional Gas Flow 1=0;Additional Gas Flow 2=0;Additional Gas Flow 3=0;CCT Entry Lens=-108.333333333333;Angular Deflection=-370;Deflection Entry Lens=-35;Extraction Lens 1 Polarity=0;Extraction Lens 1 Negative=0;Extraction Lens 1 Positive=0;Spray Chamber Temperature=2.7;Peristaltic Pump Speed=0;Cool Flow=14;Sampling Depth=5;Plasma Power=1550;Auxilliary Flow=0.8;Nebulizer Flow=1.105;Torch Horizontal Position=-0.723333333333333;Torch Vertical Position=0.3;Extraction Lens 2=-130;CCT Focus Lens=-1.08;CCT Bias=-2;CCT Exit Lens=-160;Focus Lens=18.8;D1 Lens=-200;D2 Lens=-80;Quad Entry Lens=-29.4;Pole Bias=-1;CCT1 Flow=0;CCT2 Flow=0;CCT1 Shut-Off Valve=0;CCT2 Shut-Off Valve=0;Virtual CCT Mass to Dac Factor=130;Virtual CCT Mass to Dac Offset=35;Virtual CCT Mass parameter b=0.65;Virtual CCT Mass Maximum Dac Limit Set=4095;
RF Generator:RF Plasma Lit Readback=1;RF FET Temperature Ok Readback=1;Plasma Power Readback=1548.6077186126;
Ion Optics:Pole Bias Readback=-0.793743890518083;Torch Horizontal Position Readback=-0.72316715542522;Torch Vertical Position Readback=0.300879765395894;Sampling Depth Readback=5;Extraction Lens 1 Negative Readback=-200.39100684262;Extraction Lens 1 Positive Readback=0.00977517106549364;Extraction Lens 2 Readback=-137.82991202346;Angular Deflection Readback=-369.560117302053;Quad Entry Lens Readback=-29.8142717497556;Focus Lens Readback=18.3040078201369;D2 Lens Readback=-80.9384164222874;Deflection Exit Lens Readback=34.6578690127077;Deflection Entry Lens Readback=-35.425219941349;D1 Lens Readback=-200.58651026393;CCT Exit Lens Readback=-162.512218963832;CCT Bias Readback=-2.15542521994134;CCT Entry Lens Readback=-109.237536656891;CCT Focus Lens Readback=-1.40273704789833;
Vacuum:Analyzer Vacuum Ok Readback=1;Interface Pressure Readback=2.02512396424301;Analyzer Pressure Readback=2.19605002409792E-07;
Detector:Detector Voltage (Counting) Readback=1618.76832844575;Detector Voltage (Analog) Readback=-1978.49462365591;
Cooling System:Plasma Cooling Water Flow Readback=0.909803921568627;Interface Temperature Readback=31.3538974560148;Exhaust Flow Readback=0.550695014662757;Quad Board Temperature Readback=0;Inlet Fan Speed Readback=0;Outlet Fan Speed Readback=2447.05882352941;Peltier Temperature Hot Side Readback=20.7862437909878;Spray Chamber Temperature Readback=2.6293915694153;
Power Supply:Supply Voltage 500 V Readback=-539.467253176931;Supply Voltage 1 kV Readback=-1169.35483870968;
Gas Supply:Nebulizer Supply Pressure Readback=0.0564456989247311;Nebulizer Flow Readback=1.10263929618768;Cool Flow Readback=14.0371456500489;Auxilliary Flow Readback=0.797653958944281;CCT2 Flow Readback=0;CCT1 Flow Readback=0;Additional Gas Flow 1 Readback=0;
Pulse Counting:Threshold=2500000;

Time,24Mg,26Mg,43Ca,55Mn,59Co,63Cu,66Zn,86Sr,88Sr,138Ba,208Pb,
,dwell time=0.01;xcal factor=66096.21568,dwell time=0.01;xcal factor=66420.50783,dwell time=0.01;xcal factor=69176.99106,dwell time=0.01;xcal factor=80139.50903,dwell time=0.01;xcal factor=85118.72235,dwell time=0.01;xcal factor=86639.08057,dwell time=0.01;xcal factor=86821.65425,dwell time=0.01;xcal factor=85302.89892,dwell time=0.01;xcal factor=82608.9753,dwell time=0.01;xcal factor=93538.82005,dwell time=0.01;xcal factor=107923.33534,
0.01244,100.0004000016,400.006400102402,500.010000200004,1100.04840212969,300.003600043201,0,0,800.025600819226,0,0,0,
0.13867,100.0004000016,200.0016000128,100.0004000016,1300.06760351538,0,0,100.0004000016,1200.05760276493,0,0,0,
0.26491,0,100.0004000016,200.0016000128,1100.04840212969,0,100.0004000016,0,1000.04000160006,0,0,0,
0.39119,100.0004000016,400.006400102402,200.0016000128,1100.04840212969,500.010000200004,0,0,1200.05760276493,0,0,0,
0.51743,0,700.019600548815,0,1200.05760276493,100.0004000016,100.0004000016,300.003600043201,1100.04840212969,0,0,0,
0.64372,0,500.010000200004,0,1200.05760276493,0,0,0,900.032401166442,0,0,0,
0.76993,0,300.003600043201,100.0004000016,1100.04840212969,200.0016000128,100.0004000016,0,1300.06760351538,0,0,0,
0.8962,0,400.006400102402,100.0004000016,1000.04000160006,100.0004000016,0,0,1100.04840212969,0,0,0,
1.0225,0,500.010000200004,300.003600043201,1200.05760276493,200.0016000128,100.0004000016,200.0016000128,600.014400345608,0,0,0,
1.14869,0,400.006400102402,200.0016000128,1300.06760351538,100.0004000016,100.0004000016,0,1000.04000160006,0,0,100.0004000016,
1.27503,0,300.003600043201,200.0016000128,1200.05760276493,0,0,0,600.014400345608,0,0,100.0004000016,
1.40133,0,200.0016000128,100.0004000016,800.025600819226,0,100.0004000016,0,1100.04840212969,0,0,0,
1.52756,100.0004000016,700.019600548815,0,1200.05760276493,200.0016000128,0,100.0004000016,1200.05760276493,0,0,0,
1.65383,0,300.003600043201,100.0004000016,1100.04840212969,200.0016000128,100.0004000016,200.0016000128,700.019600548815,0,0,0,
1.78006,0,100.0004000016,200.0016000128,1100.04840212969,100.0004000016,100.0004000016,100.0004000016,1200.05760276493,0,0,0,
1.90632,0,200.0016000128,100.0004000016,1000.04000160006,300.003600043201,100.0004000016,0,800.025600819226,0,0,0,
2.03262,0,600.014400345608,200.0016000128,1400.07840439065,100.0004000016,0,200.0016000128,700.019600548815,0,0,0,
2.1589,0,600.014400345608,0,1000.04000160006,500.010000200004,100.0004000016,100.0004000016,800.025600819226,0,0,0,
2.28518,0,400.006400102402,100.0004000016,800.025600819226,100.0004000016,0,100.0004000016,400.006400102402,0,0,0,
2.41144,0,500.010000200004,100.0004000016,1100.04840212969,300.003600043201,100.0004000016,0,600.014400345608,0,0,0,
2.53776,0,500.010000200004,0,1200.05760276493,100.0004000016,0,200.0016000128,1000.04000160006,0,0,0,
2.66397,0,600.014400345608,200.0016000128,1800.12960933187,0,100.0004000016,0,200.0016000128,0,0,0,
2.79017,0,500.010000200004,200.0016000128,1600.10240655402,300.003600043201,0,100.0004000016,500.010000200004,0,0,0,
2.91643,0,700.019600548815,0,1100.04840212969,300.003600043201,100.0004000016,0,1200.05760276493,0,0,0,
3.04267,100.0004000016,100.0004000016,0,1300.06760351538,100.0004000016,0,0,900.032401166442,0,0,0,
3.16887,0,400.006400102402,200.0016000128,1400.07840439065,200.0016000128,0,200.0016000128,1100.04840212969,0,0,0,
3.29526,0,400.006400102402,0,1200.05760276493,300.003600043201,100.0004000016,0,900.032401166442,100.0004000016,0,0,
3.42143,100.0004000016,900.032401166442,200.0016000128,700.019600548815,200.0016000128,100.0004000016,100.0004000016,400.006400102402,0,100.0004000016,0,
3.54766,0,300.003600043201,100.0004000016,1000.04000160006,100.0004000016,0,100.0004000016,1300.06760351538,0,0,0,
3.67393,0,500.010000200004,100.0004000016,800.025600819226,200.0016000128,100.0004000016,0,900.032401166442,0,0,0,
3.80025,0,200.0016000128,0,1200.05760276493,100.0004000016,100.0004000016,200.0016000128,400.006400102402,0,0,0,
3.92656,0,500.010000200004,300.003600043201,900.032401166442,0,0,0,600.014400345608,0,0,0,
4.05279,0,400.006400102402,0,1400.07840439065,200.0016000128,100.0004000016,0,800.025600819226,0,0,100.0004000016,
4.17906,0,400.006400102402,300.003600043201,1300.06760351538,100.0004000016,100.0004000016,100.0004000016,1300.06760351538,0,0,0,
4.30533,0,200.0016000128,300.003600043201,1200.05760276493,0,100.0004000016,0,1000.04000160006,0,0,0,
4.43154,0,600.014400345608,100.0004000016,700.019600548815,300.003600043201,0,0,400.006400102402,0,0,0,
4.55785,0,500.010000200004,300.003600043201,900.032401166442,200.0016000128,0,0,1000.04000160006,0,0,0,
4.68421,0,600.014400345608,0,700.019600548815,100.0004000016,0,0,700.019600548815,0,0,0,
4.81047,0,500.010000200004,100.0004000016,1000.04000160006,0,0,0,500.010000200004,0,0,0,
4.93677,100.0004000016,1000.04000160006,200.0016000128,1500.09000540032,300.003600043201,0,0,1200.05760276493,100.0004000016,0,0,
5.063,0,500.010000200004,100.0004000016,1000.04000160006,0,0,0,300.003600043201,0,0,0,
5.1892,0,200.0016000128,200.0016000128,600.014400345608,200.0016000128,100.0004000016,0,600.014400345608,0,0,0,
5.31552,100.0004000016,800.025600819226,0,900.032401166442,300.003600043201,0,0,500.010000200004,0,0,0,
5.44183,0,300.003600043201,200.0016000128,1400.07840439065,200.0016000128,100.0004000016,100.0004000016,900.032401166442,0,0,0,
5.56806,100.0004000016,500.010000200004,300.003600043201,600.014400345608,0,100.0004000016,0,1300.06760351538,0,0,0,
5.69433,0,700.019600548815,300.003600043201,1200.05760276493,100.0004000016,0,0,1300.06760351538,0,0,0,
5.82049,0,100.0004000016,600.014400345608,1400.07840439065,0,0,0,800.025600819226,0,0,0,
5.94665,0,500.010000200004,100.0004000016,1600.10240655402,200.0016000128,0,0,300.003600043201,0,0,0,
6.07288,0,200.0016000128,300.003600043201,1100.04840212969,100.0004000016,100.0004000016,100.0004000016,400.006400102402,0,0,0,
6.19916,0,300.003600043201,100.0004000016,900.032401166442,200.0016000128,0,0,1400.07840439065,0,0,0,
6.32549,0,300.003600043201,0,1600.10240655402,0,200.0016000128,100.0004000016,700.019600548815,0,0,0,
6.45179,100.0004000016,600.014400345608,300.003600043201,1000.04000160006,300.003600043201,100.0004000016,0,700.019600548815,0,0,100.0004000016,
6.57803,0,200.0016000128,200.0016000128,1100.04840212969,200.0016000128,0,0,600.014400345608,0,0,0,
6.7043,0,200.0016000128,300.003600043201,700.019600548815,100.0004000016,100.0004000016,0,700.019600548815,0,0,0,
6.83046,0,400.006400102402,100.0004000016,500.010000200004,100.0004000016,0,200.0016000128,1000.04000160006,0,0,0,
6.95678,0,700.019600548815,300.003600043201,900.032401166442,100.0004000016,0,100.0004000016,1200.05760276493,0,0,0,
7.08311,0,300.003600043201,100.0004000016,1600.10240655402,200.0016000128,0,200.0016000128,800.025600819226,0,0,0,
7.20932,0,600.014400345608,0,1800.12960933187,100.0004000016,0,100.0004000016,700.019600548815,0,0,0,
7.3356,0,400.006400102402,100.0004000016,900.032401166442,100.0004000016,200.0016000128,100.0004000016,700.019600548815,0,0,0,
7.46184,0,300.003600043201,300.003600043201,1600.10240655402,0,100.0004000016,0,900.032401166442,0,0,0,
7.5881,0,300.003600043201,200.0016000128,700.019600548815,400.006400102402,100.0004000016,100.0004000016,800.025600819226,0,0,0,
7.71434,0,400.006400102402,300.003600043201,1100.04840212969,100.0004000016,0,0,900.032401166442,0,0,0,
7.84059,0,500.010000200004,200.0016000128,1500.09000540032,200.0016000128,300.003600043201,100.0004000016,1100.04840212969,0,0,0,
7.96678,100.0004000016,400.006400102402,0,800.025600819226,0,400.006400102402,0,900.032401166442,0,0,0,
8.09306,100.0004000016,200.0016000128,400.006400102402,1200.05760276493,100.0004000016,100.0004000016,100.0004000016,1200.05760276493,0,0,0,
8.21926,0,700.019600548815,100.0004000016,1500.09000540032,200.0016000128,0,100.0004000016,1100.04840212969,0,0,0,
8.34557,0,100.0004000016,400.006400102402,1400.07840439065,300.003600043201,0,0,1000.04000160006,0,0,0,
8.47173,0,700.019600548815,200.0016000128,1200.05760276493,0,0,0,900.032401166442,0,0,0,
8.59789,0,300.003600043201,200.0016000128,1100.04840212969,0,0,0,700.019600548815,0,0,0,
8.72409,0,400.006400102402,0,1300.06760351538,300.003600043201,100.0004000016,100.0004000016,300.003600043201,0,0,0,
8.85049,0,400.006400102402,100.0004000016,1100.04840212969,200.0016000128,0,200.0016000128,700.019600548815,0,0,0,
8.97675,0,200.0016000128,200.0016000128,1300.06760351538,100.0004000016,100.0004000016,100.0004000016,600.014400345608,0,0,0,
9.10304,0,300.003600043201,100.0004000016,1500.09000540032,400.006400102402,200.0016000128,0,800.025600819226,100.0004000016,0,0,
9.22919,0,100.0004000016,300.003600043201,900.032401166442,100.0004000016,0,200.0016000128,1000.04000160006,0,0,0,
9.35542,0,700.019600548815,300.003600043201,1600.10240655402,100.0004000016,0,0,900.032401166442,0,0,0,
9.48171,0,600.014400345608,200.0016000128,1300.06760351538,0,0,0,1100.04840212969,0,0,0,
9.60803,0,100.0004000016,200.0016000128,900.032401166442,300.003600043201,0,0,800.025600819226,0,0,0,
9.73429,0,500.010000200004,0,700.019600548815,500.010000200004,100.0004000016,100.0004000016,500.010000200004,0,0,0,
9.86057,0,400.006400102402,100.0004000016,800.025600819226,300.003600043201,0,100.0004000016,1100.04840212969,0,0,0,
9.98687,0,300.003600043201,100.0004000016,2100.17641481884,0,0,100.0004000016,1100.04840212969,0,0,0,
10.11312,0,200.0016000128,200.0016000128,1400.07840439065,200.0016000128,200.0016000128,0,1000.04000160006,0,0,0,
10.2394,0,100.0004000016,200.0016000128,800.025600819226,400.006400102402,100.0004000016,0,1200.05760276493,0,0,0,
10.36569,0,300.003600043201,200.0016000128,1600.10240655402,100.0004000016,0,100.0004000016,2000.16001280102,0,0,0,
10.49202,100.0004000016,400.006400102402,200.0016000128,1200.05760276493,300.003600043201,0,0,900.032401166442,0,0,0,
10.61831,100.0004000016,200.0016000128,100.0004000016,1400.07840439065,500.010000200004,0,0,1400.07840439065,0,0,0,
10.74452,0,700.019600548815,0,900.032401166442,100.0004000016,100.0004000016,0,300.003600043201,0,0,0,
10.87089,0,500.010000200004,100.0004000016,1700.11560786133,300.003600043201,0,0,800.025600819226,0,0,0,
10.9971,0,500.010000200004,200.0016000128,1300.06760351538,300.003600043201,100.0004000016,100.0004000016,700.019600548815,0,0,0,
11.12323,0,600.014400345608,200.0016000128,900.032401166442,300.003600043201,0,0,1000.04000160006,0,0,0,
11.2495,0,700.019600548815,100.0004000016,1600.10240655402,200.0016000128,200.0016000128,0,1300.06760351538,0,0,0,
11.37574,0,400.006400102402,0,900.032401166442,300.003600043201,0,0,1200.05760276493,0,0,0,
11.502,0,500.010000200004,200.0016000128,800.025600819226,0,0,0,800.025600819226,0,0,0,
11.62824,0,800.025600819226,300.003600043201,900.032401166442,0,100.0004000016,0,800.025600819226,0,0,0,
11.75444,100.0004000016,300.003600043201,300.003600043201,800.025600819226,100.0004000016,100.0004000016,0,900.032401166442,0,100.0004000016,0,
11.88067,0,400.006400102402,200.0016000128,1500.09000540032,0,100.0004000016,100.0004000016,700.019600548815,0,0,0,
12.00685,0,700.019600548815,200.0016000128,1100.04840212969,100.0004000016,0,0,700.019600548815,0,0,0,
12.13312,100.0004000016,400.006400102402,100.0004000016,1200.05760276493,100.0004000016,0,0,800.025600819226,0,0,0,
12.2594,0,200.0016000128,200.0016000128,1200.05760276493,100.0004000016,0,0,700.019600548815,0,0,0,
12.38563,100.0004000016,300.003600043201,0,900.032401166442,300.003600043201,100.0004000016,0,1000.04000160006,0,0,0,
12.51194,100.0004000016,400.006400102402,0,1300.06760351538,300.003600043201,0,100.0004000016,1400.07840439065,0,0,0,
12.63821,0,300.003600043201,200.0016000128,600.014400345608,200.0016000128,0,0,500.010000200004,0,0,0,
12.7644,0,400.006400102402,200.0016000128,1200.05760276493,200.0016000128,200.0016000128,200.0016000128,500.010000200004,0,0,0,
12.89064,0,400.006400102402,200.0016000128,1300.06760351538,500.010000200004,0,200.0016000128,400.006400102402,0,0,0,
13.01692,0,600.014400345608,200.0016000128,1100.04840212969,300.003600043201,0,100.0004000016,400.006400102402,0,0,0,
13.14308,0,400.006400102402,300.003600043201,1300.06760351538,0,0,100.0004000016,200.0016000128,0,0,0,
13.26928,0,800.025600819226,200.0016000128,1400.07840439065,300.003600043201,100.0004000016,400.006400102402,400.006400102402,0,0,0,
13.39559,0,200.0016000128,0,800.025600819226,100.0004000016,0,200.0016000128,800.025600819226,0,0,0,
13.52183,0,600.014400345608,100.0004000016,1700.11560786133,0,0,0,800.025600819226,0,0,0,
13.6481,0,300.003600043201,100.0004000016,1000.04000160006,100.0004000016,0,0,1000.04000160006,0,0,0,
13.77435,0,700.019600548815,100.0004000016,1300.06760351538,200.0016000128,100.0004000016,0,500.010000200004,0,0,0,
13.90058,0,300.003600043201,100.0004000016,700.019600548815,200.0016000128,0,100.0004000016,900.032401166442,100.0004000016,0,0,
14.0269,100.0004000016,700.019600548815,300.003600043201,700.019600548815,100.0004000016,100.0004000016,200.0016000128,900.032401166442,0,0,0,
14.1531,0,300.003600043201,100.0004000016,1200.05760276493,0,0,400.006400102402,800.025600819226,0,0,0,
14.27929,0,600.014400345608,100.0004000016,1400.07840439065,200.0016000128,300.003600043201,0,700.019600548815,0,0,0,
14.40557,0,600.014400345608,100.0004000016,900.032401166442,0,100.0004000016,0,600.014400345608,0,0,0,
14.5318,100.0004000016,500.010000200004,100.0004000016,1200.05760276493,100.0004000016,100.0004000016,0,800.025600819226,0,0,0,
14.65807,0,500.010000200004,200.0016000128,700.019600548815,100.0004000016,400.006400102402,0,900.032401166442,0,0,0,
14.78422,0,200.0016000128,100.0004000016,1800.12960933187,200.0016000128,0,100.0004000016,800.025600819226,0,0,0,
14.91039,0,800.025600819226,400.006400102402,1100.04840212969,200.0016000128,0,0,800.025600819226,0,0,0,
15.03661,0,600.014400345608,0,1600.10240655402,100.0004000016,200.0016000128,100.0004000016,300.003600043201,0,0,0,
15.16289,0,100.0004000016,100.0004000016,1200.05760276493,100.0004000016,0,100.0004000016,1200.05760276493,0,0,0,
15.28921,0,500.010000200004,0,1200.05760276493,100.0004000016,0,0,800.025600819226,0,0,0,
15.41552,0,1000.04000160006,100.0004000016,1000.04000160006,100.0004000016,0,100.0004000016,300.003600043201,0,0,0,
15.54183,100.0004000016,500.010000200004,0,1100.04840212969,100.0004000016,0,100.0004000016,900.032401166442,0,0,0,
15.66818,0,300.003600043201,200.0016000128,1000.04000160006,200.0016000128,400.006400102402,200.0016000128,600.014400345608,0,0,0,
15.79451,0,200.0016000128,0,1100.04840212969,100.0004000016,0,100.0004000016,600.014400345608,0,0,0,
15.92081,0,300.003600043201,400.006400102402,1100.04840212969,100.0004000016,0,0,1100.04840212969,0,0,0,
16.04705,0,200.0016000128,100.0004000016,800.025600819226,100.0004000016,100.0004000016,0,900.032401166442,0,0,0,
16.17332,0,100.0004000016,100.0004000016,1600.10240655402,300.003600043201,0,0,600.014400345608,0,0,0,
16.29956,0,0,200.0016000128,800.025600819226,100.0004000016,100.0004000016,0,300.003600043201,0,0,0,
16.42582,100.0004000016,200.0016000128,100.0004000016,1100.04840212969,300.003600043201,0,100.0004000016,700.019600548815,0,100.0004000016,0,
16.55211,0,300.003600043201,300.003600043201,1700.11560786133,500.010000200004,0,100.0004000016,800.025600819226,0,0,0,
16.67831,0,200.0016000128,500.010000200004,1200.05760276493,0,0,100.0004000016,800.025600819226,0,0,0,
16.8045,100.0004000016,200.0016000128,200.0016000128,1300.06760351538,0,100.0004000016,100.0004000016,1100.04840212969,0,0,0,
16.93078,0,400.006400102402,200.0016000128,1800.12960933187,300.003600043201,0,100.0004000016,700.019600548815,0,0,0,
17.05702,0,200.0016000128,400.006400102402,700.019600548815,100.0004000016,0,0,800.025600819226,0,0,0,
17.18329,0,600.014400345608,200.0016000128,800.025600819226,200.0016000128,300.003600043201,0,900.032401166442,0,0,0,
17.30945,0,200.0016000128,0,1200.05760276493,100.0004000016,0,0,1000.04000160006,0,0,0,
17.43561,0,400.006400102402,0,1400.07840439065,200.0016000128,100.0004000016,100.0004000016,600.014400345608,0,0,0,
17.56184,100.0004000016,200.0016000128,100.0004000016,1500.09000540032,200.0016000128,100.0004000016,100.0004000016,800.025600819226,0,0,0,
17.68812,0,300.003600043201,300.003600043201,1200.05760276493,200.0016000128,0,0,600.014400345608,0,0,0,
17.81444,0,0,300.003600043201,1500.09000540032,300.003600043201,0,0,700.019600548815,0,0,0,
17.94077,0,400.006400102402,200.0016000128,1000.04000160006,0,100.0004000016,0,600.014400345608,0,0,0,
18.06698,0,500.010000200004,0,1000.04000160006,100.0004000016,100.0004000016,0,400.006400102402,0,0,0,
18.19326,0,100.0004000016,0,1100.04840212969,0,0,0,800.025600819226,0,100.0004000016,0,
18.31953,0,300.003600043201,0,1100.04840212969,100.0004000016,0,100.0004000016,800.025600819226,0,0,0,
18.44575,0,400.006400102402,200.0016000128,900.032401166442,400.006400102402,0,0,1100.04840212969,0,0,0,
18.57205,100.0004000016,800.025600819226,0,1000.04000160006,200.0016000128,200.0016000128,0,800.025600819226,0,0,0,
18.69829,0,1100.04840212969,200.0016000128,800.025600819226,0,0,100.0004000016,400.006400102402,0,0,0,
18.82456,0,400.006400102402,100.0004000016,1300.06760351538,100.0004000016,0,200.0016000128,800.025600819226,0,0,0,
18.9508,0,300.003600043201,100.0004000016,2000.16001280102,200.0016000128,100.0004000016,0,800.025600819226,0,0,0,
19.07707,100.0004000016,400.006400102402,200.0016000128,800.025600819226,100.0004000016,0,0,1400.07840439065,0,0,0,
19.2033,0,500.010000200004,400.006400102402,900.032401166442,400.006400102402,0,0,800.025600819226,0,0,0,
19.32955,0,100.0004000016,100.0004000016,1400.07840439065,100.0004000016,0,100.0004000016,800.025600819226,0,0,0,
19.45574,200.0016000128,400.006400102402,100.0004000016,700.019600548815,0,200.0016000128,100.0004000016,1100.04840212969,0,0,0,
19.58203,100.0004000016,500.010000200004,0,1100.04840212969,100.0004000016,0,100.0004000016,400.006400102402,0,0,0,
19.70822,100.0004000016,100.0004000016,0,1300.06760351538,200.0016000128,100.0004000016,0,1200.05760276493,0,0,0,
19.83453,0,200.0016000128,0,2300.21161946899,100.0004000016,0,0,1300.06760351538,0,0,0,
19.9607,0,100.0004000016,200.0016000128,800.025600819226,100.0004000016,100.0004000016,100.0004000016,1200.05760276493,0,0,0,
20.08687,0,1000.04000160006,0,1700.11560786133,100.0004000016,100.0004000016,0,1100.04840212969,0,0,0,
20.21305,0,100.0004000016,200.0016000128,800.025600819226,300.003600043201,0,0,1100.04840212969,0,0,0,
20.33937,100.0004000016,500.010000200004,0,800.025600819226,100.0004000016,0,0,1100.04840212969,0,0,0,
20.46569,0,300.003600043201,100.0004000016,600.014400345608,200.0016000128,200.0016000128,0,900.032401166442,0,0,0,
20.59199,0,200.0016000128,100.0004000016,1400.07840439065,0,100.0004000016,0,900.032401166442,4800.92177698118,200.0016000128,0,
20.71819,6101.48876325823,2300.21161946899,153739.656782253,4900.9605882753,100.0004000016,600.014400345608,1000.04000160006,179377.888074644,1621903.31655002,7902.49718911176,100.0004000016,
20.84451,59541.4705339888,8402.82334864514,676208.630492655,13807.6218072376,400.006400102402,1000.04000160006,1200.05760276493,318814.512339377,2813950.83012716,9603.68781612139,0,
20.97066,76634.1940971609,12105.8592358702,863959.710158122,14508.4148806308,600.014400345608,600.014400345608,1700.11560786133,311329.351017515,2671037.30285838,10404.3282005314,100.0004000016,
21.09698,81766.5589822822,14208.0701838644,874667.251779142,16210.5044068556,600.014400345608,600.014400345608,1900.14441097523,360525.226621653,2674341.66187038,10504.4118529783,0,
21.22325,79753.6165004715,13407.186251831,889565.469533159,15709.8657957197,300.003600043201,800.025600819226,1800.12960933187,338111.763370415,2659472.0463164,10704.5815609081,0,
21.34953,70900.5066327574,12906.6598364756,897718.514589739,16210.5044068556,400.006400102402,1400.07840439065,1900.14441097523,337803.597562706,2628080.63570245,7802.43435952017,0,
21.4758,71202.2142885796,10004.0016006403,915651.809741797,17412.118834709,200.0016000128,600.014400345608,1000.04000160006,363303.966009115,2716472.23927331,7502.25067520256,0,
21.60204,77137.2742556103,12606.3536022155,1001040.04160166,17912.8255831175,100.0004000016,500.010000200004,2200.1936170383,335954.76011918,2714820.05976731,7402.19104855037,0,
21.72835,70397.6766761065,10004.0016006403,901582.275858068,16410.7654621432,400.006400102402,300.003600043201,1300.06760351538,317788.886098306,2482688.83917467,7602.31110257518,0,
21.85464,67582.2016155555,9703.76506084361,857753.395640176,15009.0054032419,200.0016000128,500.010000200004,800.025600819226,332360.570687419,2605776.21237148,5701.29989637637,0,
21.98088,69090.4131787206,10504.4118529783,985581.120747719,15910.1188355794,600.014400345608,600.014400345608,2000.16001280102,330717.852279359,2619819.73817246,6701.7960813498,0,
22.10712,68889.3078178835,13206.9732818928,954395.013433995,16310.634533716,100.0004000016,600.014400345608,1000.04000160006,322404.858660465,2462862.68510271,5701.29989637637,0,
22.23338,63360.1745211896,10104.0820491479,916941.386245361,21418.3340939844,200.0016000128,100.0004000016,800.025600819226,310201.833673502,2501688.90349365,6101.48876325823,0,
22.35965,63159.1610859366,11004.8421305374,946529.392228495,16811.2971917128,800.025600819226,700.019600548815,1100.04840212969,327843.607657519,2585950.05829951,7102.01697282028,0,
22.48588,67079.5047547236,10404.3282005314,858609.261933231,18513.7001381022,100.0004000016,500.010000200004,1200.05760276493,295348.488957063,2521515.05756561,6401.6388195378,0,
22.61204,67079.5047547236,10204.1632986258,944698.356559027,19415.0660912868,500.010000200004,1100.04840212969,1600.10240655402,329383.300438908,2525645.50633061,5701.29989637637,0,
22.73829,73012.6127282647,11104.9305891816,920058.392707547,18513.7001381022,200.0016000128,1200.05760276493,1400.07840439065,297191.404621493,2330688.32462291,5301.12383825371,0,
22.86461,61048.7146689335,10704.5815609081,868884.078426178,17412.118834709,100.0004000016,200.0016000128,1000.04000160006,292994.042994043,2326557.87585792,5301.12383825371,0,
22.99082,67481.6606304171,9803.84310649775,936623.342131036,16711.163056922,600.014400345608,400.006400102402,1500.09000540032,301799.868835469,2480210.56991568,5201.0818250196,100.0004000016,
23.11709,61953.1481823067,12005.7627661277,929306.339196814,15509.6159618964,300.003600043201,400.006400102402,1400.07840439065,312867.03657203,2429819.09498276,3900.60849492521,0,
23.24328,59139.5693837456,10904.7544729502,919198.453971651,14308.184281409,100.0004000016,300.003600043201,1900.14441097523,308971.929313054,2502514.99324664,6701.7960813498,0,
23.36951,61048.7146689335,10104.0820491479,902441.046044179,16010.246557797,900.032401166442,400.006400102402,1800.12960933187,293505.841788109,2409166.85115779,5601.25468104855,0,
23.49574,59943.3845759056,10104.0820491479,925756.928399281,15809.9919148902,0,600.014400345608,1100.04840212969,288491.106543448,2309209.99104495,5901.39272868397,0,
23.6219,64867.8780684411,11405.2007715518,926617.302387323,15309.3693340324,300.003600043201,400.006400102402,1900.14441097523,298010.564449212,2418253.83844078,4100.67251029169,0,
23.7481,64063.7469371714,9803.84310649775,907487.471139059,13407.186251831,200.0016000128,900.032401166442,1100.04840212969,289412.031286037,2461210.50559671,3800.57768780855,0,
23.87434,62355.1395872932,11905.6670975384,895572.478599899,16110.3750815525,500.010000200004,300.003600043201,1600.10240655402,301185.3099294,2496732.36497565,4500.81014582625,0,
24.00056,59842.904856798,9803.84310649775,876167.015132383,15209.2472223112,200.0016000128,600.014400345608,1400.07840439065,300570.780876817,2447993.06954873,5301.12383825371,0,
24.12689,63159.1610859366,12105.8592358702,905769.318450296,15209.2472223112,400.006400102402,500.010000200004,1400.07840439065,291561.116551607,2397601.59461581,5601.25468104855,0,
24.25319,60847.7383086133,8903.16952835209,795085.74669596,13707.5117164206,400.006400102402,300.003600043201,1900.14441097523,299444.221809335,2517384.60880062,4300.73972723308,0,
24.37938,64063.7469371714,11305.1099096792,881096.033359698,13106.8679988314,200.0016000128,600.014400345608,900.032401166442,305590.308566246,2440558.26177174,4200.70571856072,0,
24.5057,60948.2260858408,8803.09869073914,865244.147212554,11205.0198488923,100.0004000016,1100.04840212969,1400.07840439065,301082.886347536,2432297.36424175,5301.12383825371,0,
24.63197,63561.1911808346,8903.16952835209,878309.835828002,15709.8657957197,300.003600043201,1100.04840212969,2000.16001280102,311021.836324759,2445514.80028973,6801.85010322808,100.0004000016,
24.75822,65471.0102788483,10004.0016006403,878524.137417033,14608.5313823273,400.006400102402,400.006400102402,1900.14441097523,323841.282318286,2553732.55793256,5601.25468104855,0,
24.88453,64063.7469371714,12406.1534521122,894070.465016075,12005.7627661277,200.0016000128,400.006400102402,1500.09000540032,319224.786103189,2509123.71127063,5701.29989637637,0,
25.01076,62958.150874998,9503.61137232148,846952.95441011,11004.8421305374,500.010000200004,300.003600043201,1400.07840439065,310099.337077878,2495080.18546966,3200.40965243551,100.0004000016,
25.13704,64365.2900648866,9403.53572943427,849946.232111837,12105.8592358702,200.0016000128,500.010000200004,1900.14441097523,310406.829355212,2666906.85409339,5601.25468104855,0,
25.26328,68587.6558263409,10604.4963064339,902548.396321424,11305.1099096792,200.0016000128,200.0016000128,2000.16001280102,330820.515938152,2843690.06123511,6601.74286011507,0,
25.38944,64968.3980878437,9403.53572943427,889565.469533159,13206.9732818928,0,700.019600548815,1400.07840439065,306614.946694146,2437253.90275975,4200.70571856072,0,
25.51567,60244.8285678772,6401.6388195378,827726.994727011,11305.1099096792,400.006400102402,100.0004000016,1100.04840212969,323943.890244001,2693341.72618935,6201.53798141939,0,
25.64187,63259.6674005189,9603.68781612139,901796.96306611,12806.5569571621,200.0016000128,500.010000200004,1700.11560786133,317788.886098306,2590080.50706451,4900.9605882753,0,
25.76819,65672.0607992942,9603.68781612139,855186.136656035,12606.3536022155,400.006400102402,500.010000200004,1900.14441097523,319840.221680265,2533080.3141076,4800.92177698118,0,
25.8945,58737.681124556,9603.68781612139,839152.310433643,11705.4781637807,500.010000200004,500.010000200004,2000.16001280102,321891.88970189,2679298.20038837,5201.0818250196,0,
26.02073,57029.7998244003,10204.1632986258,840968.478153012,13106.8679988314,800.025600819226,400.006400102402,2600.27042812453,330409.866295965,2628906.72545545,4400.77453631839,0,
26.147,58737.681124556,9303.46088745013,832210.49325056,10404.3282005314,300.003600043201,700.019600548815,2100.17641481884,322199.668583051,2667732.94384639,4800.92177698118,0,
26.27323,63159.1610859366,9903.92195309342,825165.694263094,11104.9305891816,0,400.006400102402,1800.12960933187,332463.24766232,2765211.53470023,4800.92177698118,0,
26.39949,56326.6222468108,8502.8909829342,808955.914173866,8803.09869073914,400.006400102402,400.006400102402,2200.1936170383,332360.570687419,2642950.25125642,5601.25468104855,0,
26.5258,62254.6405270692,7302.132222609,828794.353205663,8502.8909829342,800.025600819226,500.010000200004,2300.21161946899,322507.454946195,2556210.82719156,3900.60849492521,0,
26.65209,53413.8783887248,9303.46088745013,806398.335177631,10104.0820491479,400.006400102402,200.0016000128,2100.17641481884,344071.109380956,2826342.17642214,5201.0818250196,0,
26.77838,61651.6630912044,8102.62525058119,827193.348567934,9403.53572943427,200.0016000128,200.0016000128,2200.1936170383,321584.118302441,2669385.12335238,3700.5476810568,0,
26.90463,55824.3767113128,8703.02865397158,769157.822691702,9403.53572943427,200.0016000128,300.003600043201,1800.12960933187,341399.331797982,2667732.94384639,5101.04061228491,0,
27.03095,48995.8358549322,8002.56081946223,785530.398046076,9503.61137232148,100.0004000016,300.003600043201,3300.43565750679,329485.95328027,2795776.85556119,5101.04061228491,100.0004000016,
27.15714,56627.9792330667,9103.31360615264,817271.548127525,9703.76506084361,200.0016000128,400.006400102402,2500.2500250025,328254.174096288,2769341.98346523,5001.00020004001,0,
27.28346,54418.1963224123,8102.62525058119,820364.624861086,8602.95941803981,600.014400345608,600.014400345608,3100.38444767151,340474.616953386,2767689.80395923,4500.81014582625,0,
27.40978,47991.9525811455,9203.38684635946,811300.806964508,9503.61137232148,500.010000200004,500.010000200004,3600.51847466035,335646.646776495,2647906.78977442,3900.60849492521,0,
27.53609,50501.811652291,8502.8909829342,803202.074164596,9203.38684635946,600.014400345608,500.010000200004,3000.36004320518,348388.248081634,2754472.36791125,5401.16665199683,0,
27.66234,48092.3372875922,6001.44034568296,789041.514167468,9803.84310649775,700.019600548815,500.010000200004,3000.36004320518,329485.95328027,2685906.91841236,6401.6388195378,0,
27.78854,47891.5686793148,7902.49718911176,771708.025103705,8302.75651516303,300.003600043201,300.003600043201,3000.36004320518,325790.975103734,2611558.84064247,4400.77453631839,0,
27.91478,49999.7996000016,9203.38684635946,784892.116011387,8202.69048247825,300.003600043201,300.003600043201,2700.2916314962,345407.20945039,2718950.50853231,4000.64010241639,0,
28.04107,47188.9038949381,6801.85010322808,785849.550913644,9203.38684635946,200.0016000128,200.0016000128,3000.36004320518,345509.992213859,2652037.23853941,4700.88376614804,0,
28.16726,47891.5686793148,9303.46088745013,806504.890848807,8703.02865397158,200.0016000128,400.006400102402,3100.38444767151,326509.358651738,2757776.72692325,3200.40965243551,100.0004000016,
28.29344,49196.6221659339,8703.02865397158,815991.87106048,9603.68781612139,700.019600548815,400.006400102402,3300.43565750679,360113.613308988,2799907.30432618,5201.0818250196,0,
28.41973,49196.6221659339,7202.07419736884,779999.670016004,8302.75651516303,200.0016000128,300.003600043201,4100.67251029169,331949.871111039,2743733.20112227,4900.9605882753,100.0004000016,
28.54596,49598.2044448007,9103.31360615264,796705.451153422,8402.82334864514,100.0004000016,300.003600043201,3000.36004320518,355175.295539923,2951907.81887794,4500.81014582625,0,
28.67223,52610.4820122257,7001.96054895371,799687.101394834,10704.5815609081,200.0016000128,700.019600548815,3000.36004320518,366906.942009221,2801559.48383218,4000.64010241639,0,
28.79839,48694.6624237518,7602.31110257518,801071.673313023,8903.16952835209,200.0016000128,300.003600043201,3000.36004320518,359084.638480889,2751168.00889926,5001.00020004001,100.0004000016,
28.92463,42873.3992595323,7902.49718911176,807996.762644886,7702.37233067785,500.010000200004,100.0004000016,3600.51847466035,343454.495320585,2809820.38136216,5901.39272868397,0,
29.05092,45482.5963950534,6501.69043951427,795853.677663267,8703.02865397158,400.006400102402,400.006400102402,4000.64010241639,359187.532206168,2746211.47038126,4700.88376614804,0,
29.17713,43475.4734218603,6401.6388195378,795214.884458073,6201.53798141939,500.010000200004,300.003600043201,4100.67251029169,332668.604109162,2707385.25199032,4900.9605882753,0,
29.3034,46185.1654450807,6801.85010322808,784998.494156088,7602.31110257518,800.025600819226,300.003600043201,3400.46246289495,354763.855871352,2780081.15025421,6301.58800017604,200.0016000128,
29.42969,48293.1091143725,7202.07419736884,792660.027979878,6701.7960813498,500.010000200004,700.019600548815,4100.67251029169,340680.103308885,2707385.25199032,5601.25468104855,0,
29.55592,48594.2728894055,7001.96054895371,836588.743515016,9003.24116682005,600.014400345608,600.014400345608,5201.0818250196,348491.055024476,2754472.36791125,4400.77453631839,0,
29.6822,46887.7739127647,8202.69048247825,827620.263730996,8202.69048247825,100.0004000016,700.019600548815,4000.64010241639,355278.1575435,2910603.33122801,5801.34591225164,0,
29.80843,51305.072789072,8002.56081946223,773514.723893492,6401.6388195378,0,600.014400345608,3800.57768780855,335338.540927719,2804037.75309117,4800.92177698118,0,
29.93468,46687.0246138803,9503.61137232148,804373.944601106,6201.53798141939,100.0004000016,400.006400102402,6001.44034568296,367936.551746532,2987429.67825689,5501.21026625858,0,
30.06099,49196.6221659339,7001.96054895371,790424.943673712,6901.90492575951,600.014400345608,600.014400345608,5801.34591225164,343762.798600213,2909777.24147501,4900.9605882753,0,
30.18722,49899.3996040112,7602.31110257518,817911.434236616,7402.19104855037,300.003600043201,800.025600819226,5101.04061228491,370716.915570313,3012212.37084685,6101.48876325823,100.0004000016,
30.3135,52007.9685426946,7302.132222609,848449.506604796,8402.82334864514,0,400.006400102402,4700.88376614804,359084.638480889,2770994.16297123,5001.00020004001,0,
30.43974,51706.7226756024,9003.24116682005,797024.880714557,7802.43435952017,200.0016000128,400.006400102402,7902.49718911176,348491.055024476,2944473.01110095,5601.25468104855,0,
30.56597,46887.7739127647,7001.96054895371,863570.967840868,5601.25468104855,600.014400345608,300.003600043201,5601.25468104855,360113.613308988,2818081.27889215,4700.88376614804,0,
30.69241,48393.4962347255,8302.75651516303,860642.171466402,8502.8909829342,400.006400102402,100.0004000016,6601.74286011507,396283.609441729,2789994.2272902,4800.92177698118,0,
30.81869,48995.8358549322,7902.49718911176,796492.502507419,7001.96054895371,300.003600043201,400.006400102402,5801.34591225164,335338.540927719,2938690.38282996,4300.73972723308,0,
30.94497,53413.8783887248,9203.38684635946,792660.027979878,7502.25067520256,0,1200.05760276493,8402.82334864514,334311.575550971,2921342.49801699,5201.0818250196,100.0004000016,
31.0712,57733.0168708705,8402.82334864514,847701.20884529,7602.31110257518,300.003600043201,100.0004000016,5101.04061228491,376897.68440884,2705733.07248433,5101.04061228491,0,
31.19748,53514.3065588096,8602.95941803981,815671.971615152,7202.07419736884,400.006400102402,900.032401166442,6801.85010322808,334825.04783215,2851124.8690121,4600.84655576626,0,
31.32364,55020.8257333103,9203.38684635946,836802.354662819,8402.82334864514,300.003600043201,600.014400345608,6201.53798141939,343557.262247021,2748689.73964026,5201.0818250196,0,
31.44979,53313.4510237786,9803.84310649775,830502.310280127,5401.16665199683,200.0016000128,500.010000200004,8302.75651516303,352604.01666376,2849472.6895061,6301.58800017604,100.0004000016,
31.57603,54217.3262941004,8803.09869073914,821324.69592808,6701.7960813498,600.014400345608,300.003600043201,6101.48876325823,346640.6576338,2797429.03506718,6101.48876325823,0,
31.70238,51204.6623298021,8102.62525058119,837763.64854027,6801.85010322808,500.010000200004,600.014400345608,9103.31360615264,358878.853535231,2865994.48456608,5101.04061228491,0,
31.82864,57933.9432768561,9103.31360615264,818444.696891459,8102.62525058119,300.003600043201,400.006400102402,6701.7960813498,350547.369018792,2693341.72618935,4300.73972723308,0,
31.95493,55523.0390545449,9203.38684635946,833171.445458942,7502.25067520256,400.006400102402,500.010000200004,5701.29989637637,330820.515938152,2728863.58556829,4800.92177698118,0,
32.08117,57632.5548762153,9203.38684635946,833598.558278532,9403.53572943427,500.010000200004,200.0016000128,5501.21026625858,355175.295539923,2652037.23853941,5901.39272868397,0,
32.20744,53213.0244639615,10004.0016006403,819191.301617727,6401.6388195378,300.003600043201,1000.04000160006,6001.44034568296,331847.1982977,2629732.81520845,6401.6388195378,0,
32.3336,54217.3262941004,8703.02865397158,860642.171466402,6601.74286011507,300.003600043201,700.019600548815,5601.25468104855,361863.062171057,2601645.76360649,6201.53798141939,0,
32.45992,52610.4820122257,8202.69048247825,850801.581655444,7302.132222609,300.003600043201,300.003600043201,6401.6388195378,323841.282318286,2685906.91841236,4600.84655576626,0,
32.58624,53815.5958999932,9203.38684635946,849197.84769239,7702.37233067785,100.0004000016,400.006400102402,5601.25468104855,340680.103308885,2576863.07101653,5201.0818250196,100.0004000016,
32.71252,50200.6020064209,8402.82334864514,822711.591298779,5601.25468104855,300.003600043201,300.003600043201,7602.31110257518,334927.744786072,2559515.18620355,4700.88376614804,200.0016000128,
32.83882,50903.435781508,7502.25067520256,843212.331967433,5001.00020004001,300.003600043201,300.003600043201,8302.75651516303,335441.242044671,2612384.93039547,6901.90492575951,100.0004000016,
32.96507,49196.6221659339,9403.53572943427,839045.484988548,5401.16665199683,200.0016000128,400.006400102402,6701.7960813498,353323.922179493,2690863.45693035,4400.77453631839,0,
33.09139,47490.0411179596,8302.75651516303,875331.056320296,4900.9605882753,100.0004000016,300.003600043201,6101.48876325823,344790.530375225,2637167.62298543,6101.48876325823,0,
33.21766,42873.3992595323,6301.58800017604,841395.848838171,6001.44034568296,400.006400102402,300.003600043201,7902.49718911176,334208.88359235,2607428.39187748,4300.73972723308,0,
33.34393,44679.7086001427,6201.53798141939,857539.437919151,5801.34591225164,100.0004000016,300.003600043201,7001.96054895371,334208.88359235,2747863.64988726,6201.53798141939,0,
33.47023,41067.3504547458,6701.7960813498,859679.17447629,5901.39272868397,500.010000200004,500.010000200004,5001.00020004001,331025.845752291,2711515.70075532,5101.04061228491,100.0004000016,
33.59647,43475.4734218603,8602.95941803981,823351.747104686,7001.96054895371,200.0016000128,600.014400345608,7702.37233067785,328767.400863204,2563645.63496855,5501.21026625858,0,
33.72273,41468.6721210324,7502.25067520256,885062.041316701,6501.69043951427,500.010000200004,400.006400102402,5701.29989637637,332360.570687419,2656993.7770574,6701.7960813498,0,
33.849,41970.3422936842,7402.19104855037,892354.091406224,6701.7960813498,0,300.003600043201,7001.96054895371,345612.775810958,2661124.2258224,6001.44034568296,0,
33.97513,38760.0004807442,6601.74286011507,869740.681719406,8102.62525058119,200.0016000128,400.006400102402,5301.12383825371,333592.749323086,2580167.43002852,4900.9605882753,100.0004000016,
34.10136,44177.9298682877,7402.19104855037,876595.550881667,7502.25067520256,100.0004000016,400.006400102402,5401.16665199683,344276.654068872,2600819.67385349,6001.44034568296,0,
34.22764,43074.0874303803,5001.00020004001,915329.435667786,7302.132222609,800.025600819226,200.0016000128,5301.12383825371,328356.817785775,2620645.82792546,4400.77453631839,0,
34.3539,35851.3391176164,7102.01697282028,822818.281729013,4400.77453631839,200.0016000128,200.0016000128,5701.29989637637,333079.326991281,2592558.7763235,4400.77453631839,100.0004000016,
34.48019,40164.423735672,6501.69043951427,902226.348159077,4600.84655576626,100.0004000016,600.014400345608,4100.67251029169,342529.630485644,2728037.49581529,5501.21026625858,100.0004000016,
34.60644,39863.462632511,5501.21026625858,861391.218712889,7001.96054895371,500.010000200004,600.014400345608,6501.69043951427,332976.645022171,2629732.81520845,4900.9605882753,0,
34.7327,29334.3798932349,6801.85010322808,889243.744123142,5901.39272868397,300.003600043201,400.006400102402,5701.29989637637,329383.300438908,2646254.61026842,5101.04061228491,100.0004000016,
34.85897,35751.0525029742,5101.04061228491,874560.132477748,4900.9605882753,200.0016000128,0,5801.34591225164,316558.244286559,2620645.82792546,4000.64010241639,0,
34.98518,32141.2693898966,5501.21026625858,865672.321247512,5401.16665199683,500.010000200004,500.010000200004,7802.43435952017,324251.719010207,2599993.58410049,5601.25468104855,100.0004000016,
35.11149,32943.3534531443,4900.9605882753,890101.696319463,5601.25468104855,800.025600819226,500.010000200004,5101.04061228491,321584.118302441,2533906.4038606,5101.04061228491,0,
35.23773,35751.0525029742,4700.88376614804,849946.232111837,6601.74286011507,600.014400345608,500.010000200004,6501.69043951427,322712.65001175,2640471.98199743,4600.84655576626,0,
35.364,30837.992406645,5901.39272868397,858395.290048448,5501.21026625858,200.0016000128,100.0004000016,6201.53798141939,322302.263206087,2589254.41731151,6301.58800017604,0,
35.49024,29835.5639922788,5401.16665199683,866635.76465914,5401.16665199683,900.032401166442,700.019600548815,5301.12383825371,335441.242044671,2735472.30359228,5201.0818250196,0,
35.61651,30437.0114058695,5901.39272868397,846276.720077002,4600.84655576626,500.010000200004,500.010000200004,5601.25468104855,332360.570687419,2631384.99471444,5001.00020004001,0,
35.74268,31840.5011174214,4500.81014582625,848984.031531625,6001.44034568296,500.010000200004,600.014400345608,4800.92177698118,331436.515367063,2627254.54594945,6401.6388195378,0,
35.86891,27129.408278574,4700.88376614804,841823.233659698,5001.00020004001,200.0016000128,200.0016000128,5601.25468104855,316455.696202532,2620645.82792546,5901.39272868397,0,
35.99516,25225.4272306485,5501.21026625858,855293.095602532,6001.44034568296,600.014400345608,800.025600819226,5701.29989637637,340166.393668607,2873429.29234307,6001.44034568296,0,
36.12147,27129.408278574,4000.64010241639,895465.186136604,5201.0818250196,200.0016000128,700.019600548815,6501.69043951427,328767.400863204,2714820.05976731,5001.00020004001,100.0004000016,
36.24767,32141.2693898966,4400.77453631839,880988.860822394,4600.84655576626,500.010000200004,200.0016000128,4300.73972723308,324559.555260215,2680124.29014137,6001.44034568296,0,
36.37399,27430.063349431,5401.16665199683,873274.770038334,6001.44034568296,500.010000200004,500.010000200004,5201.0818250196,334003.502172644,2716472.23927331,6001.44034568296,100.0004000016,
36.50022,32742.827618525,4800.92177698118,868562.866816222,5701.29989637637,300.003600043201,300.003600043201,4700.88376614804,327433.05452895,2647080.70002142,5401.16665199683,0,
36.62646,27931.1711870447,5801.34591225164,865244.147212554,4300.73972723308,200.0016000128,500.010000200004,6301.58800017604,314302.378329337,2647906.78977442,4700.88376614804,0,
36.75266,25926.8602271954,4200.70571856072,845670.333305765,4500.81014582625,600.014400345608,200.0016000128,6301.58800017604,318096.565245748,2702428.71347233,6101.48876325823,0,
36.87889,23522.1107841371,5001.00020004001,873274.770038334,4800.92177698118,100.0004000016,300.003600043201,5301.12383825371,327740.968127571,2624776.27669045,5601.25468104855,0,
37.00516,24724.4277346018,3800.57768780855,842036.931371819,5101.04061228491,100.0004000016,900.032401166442,7502.25067520256,326509.358651738,2693341.72618935,5501.21026625858,0,
37.1315,25425.8326459683,3000.36004320518,879488.538492116,5101.04061228491,300.003600043201,0,5501.21026625858,320866.014131069,2823863.90716314,5101.04061228491,0,
37.25773,24323.6425805883,4300.73972723308,855613.977751761,4500.81014582625,500.010000200004,400.006400102402,6201.53798141939,336776.432338645,2653689.41804541,6101.48876325823,100.0004000016,
37.38407,25425.8326459683,4700.88376614804,876059.883412825,5001.00020004001,400.006400102402,600.014400345608,5101.04061228491,334208.88359235,2644602.43076242,4900.9605882753,0,
37.51029,23421.922919853,4300.73972723308,840968.478153012,4900.9605882753,300.003600043201,800.025600819226,7402.19104855037,338111.763370415,2639645.89224443,6801.85010322808,0,
37.63665,22520.2682414173,3800.57768780855,879274.220930329,6701.7960813498,300.003600043201,300.003600043201,6001.44034568296,332463.24766232,2748689.73964026,5101.04061228491,0,
37.76288,24223.4482979524,3700.5476810568,889994.44918519,5801.34591225164,300.003600043201,600.014400345608,7502.25067520256,343762.798600213,2903168.52345102,6701.7960813498,0,
37.88914,23321.7358578195,2900.33643902693,880881.689172681,5801.34591225164,900.032401166442,800.025600819226,7202.07419736884,339652.704855888,2787515.9580312,5301.12383825371,0,
38.01545,25425.8326459683,4100.67251029169,875309.986213635,5001.00020004001,300.003600043201,500.010000200004,6901.90492575951,329075.346907016,2663602.49508139,5501.21026625858,0,
38.14171,22820.8125810739,3400.46246289495,837656.834576986,4100.67251029169,400.006400102402,600.014400345608,6401.6388195378,332771.283581122,2714820.05976731,5801.34591225164,100.0004000016,
38.268,22720.6303323418,4200.70571856072,848663.31392271,4600.84655576626,500.010000200004,800.025600819226,6501.69043951427,326098.848776851,2719776.59828531,7302.132222609,0,
38.39426,19615.3784567101,3200.40965243551,822391.525297681,4200.70571856072,700.019600548815,500.010000200004,7302.132222609,337598.157855264,2836255.25345812,5401.16665199683,0,
38.52045,23922.8702639724,2900.33643902693,862568.380630798,5701.29989637637,600.014400345608,100.0004000016,7202.07419736884,343454.495320585,2746211.47038126,6401.6388195378,0,
38.64673,20917.487019148,3700.5476810568,831676.661803423,5301.12383825371,0,600.014400345608,7402.19104855037,318404.251871536,2481036.65966868,4900.9605882753,0,
38.77301,21718.8519635043,3700.5476810568,851229.277654611,5401.16665199683,400.006400102402,200.0016000128,8903.16952835209,351164.328275269,2755298.45766425,4500.81014582625,0,
38.8993,24924.8251258253,4200.70571856072,863531.592821111,5701.29989637637,400.006400102402,700.019600548815,8602.95941803981,334619.656422022,2649558.96928041,6101.48876325823,0,
39.02551,22920.9956319989,3900.60849492521,839045.484988548,4600.84655576626,200.0016000128,200.0016000128,8302.75651516303,328356.817785775,2750341.91914626,6101.48876325823,0,
39.15169,20216.3347985172,3900.60849492521,824525.448520358,4700.88376614804,100.0004000016,100.0004000016,6301.58800017604,335543.94399426,2571906.53249854,4800.92177698118,0,
39.27798,21217.9928579435,4400.77453631839,852298.579571307,4500.81014582625,200.0016000128,0,6301.58800017604,331744.526316643,2672689.48236438,6001.44034568296,100.0004000016,
39.40423,22620.4488857928,3000.36004320518,798089.703053668,5401.16665199683,600.014400345608,600.014400345608,9503.61137232148,342118.601115053,2686733.00816536,4500.81014582625,200.0016000128,
39.53042,23522.1107841371,3800.57768780855,853047.143548527,4400.77453631839,300.003600043201,500.010000200004,8202.69048247825,355586.748561831,3001473.20405787,6201.53798141939,0,
39.6567,23021.1794851263,3100.38444767151,868455.798052209,4200.70571856072,300.003600043201,100.0004000016,9203.38684635946,355689.613903843,2912255.510734,7302.132222609,0,
39.78289,20917.487019148,3500.49006860961,841182.161728589,3900.60849492521,200.0016000128,400.006400102402,8202.69048247825,356924.06311237,2710689.61100232,6401.6388195378,0,
39.90921,21718.8519635043,3000.36004320518,815565.340228499,3800.57768780855,700.019600548815,400.006400102402,8903.16952835209,329280.648429585,2690863.45693035,4500.81014582625,0,
40.03537,21117.8234429859,3000.36004320518,834239.25398984,5201.0818250196,100.0004000016,500.010000200004,7902.49718911176,338728.117474398,2700776.53396633,6101.48876325823,0,
40.16152,22520.2682414173,3600.51847466035,823245.052266248,4400.77453631839,600.014400345608,500.010000200004,9403.53572943427,356203.953133621,2853603.1382711,5301.12383825371,0,
40.28765,21819.0261908384,3000.36004320518,801071.673313023,6201.53798141939,200.0016000128,200.0016000128,10704.5815609081,345407.20945039,2856081.40753009,6401.6388195378,0,
40.41387,20817.3200102485,3600.51847466035,828687.613387939,5701.29989637637,100.0004000016,0,9603.68781612139,331436.515367063,2768515.89371223,4700.88376614804,0,
40.54011,19615.3784567101,4200.70571856072,799367.605901244,4800.92177698118,200.0016000128,800.025600819226,9503.61137232148,338419.936674221,2993212.30652788,6201.53798141939,0,
40.6664,21518.505915087,4000.64010241639,830929.334843237,3600.51847466035,200.0016000128,700.019600548815,10704.5815609081,342529.630485644,2904820.70295702,5501.21026625858,0,
40.79271,22920.9956319989,3800.57768780855,814712.320845896,4400.77453631839,400.006400102402,100.0004000016,12205.9565067753,354352.429555467,2725559.2265563,4600.84655576626,0,
40.91895,21718.8519635043,3100.38444767151,830075.299835514,4100.67251029169,800.025600819226,900.032401166442,10304.2453490838,343865.56802699,2913081.600487,4800.92177698118,0,
41.04524,21418.3340939844,3400.46246289495,793298.69465274,4800.92177698118,700.019600548815,300.003600043201,9503.61137232148,342324.114133718,2808168.20185617,5501.21026625858,100.0004000016,
41.1715,20917.487019148,4300.73972723308,802136.829763694,4800.92177698118,200.0016000128,600.014400345608,9803.84310649775,368245.450966226,2901516.34394502,6201.53798141939,0,
41.29771,23522.1107841371,4000.64010241639,789680.001650539,4100.67251029169,400.006400102402,200.0016000128,9803.84310649775,341810.337836742,2868472.75382507,5501.21026625858,0,
41.42402,21217.9928579435,3900.60849492521,797344.318186509,4600.84655576626,100.0004000016,200.0016000128,12005.7627661277,350855.844893324,2808994.29160917,7202.07419736884,0,
41.55033,23722.4889194957,2800.31363512713,820151.285430412,5301.12383825371,400.006400102402,200.0016000128,13607.4024269202,368554.357708793,2929603.39554698,6301.58800017604,0,
41.6767,21919.201220269,3000.36004320518,810341.481141932,5101.04061228491,300.003600043201,400.006400102402,10704.5815609081,348593.862801243,2941168.65208896,4800.92177698118,0,
41.80294,20116.1734034163,3100.38444767151,779999.670016004,4000.64010241639,200.0016000128,800.025600819226,12806.5569571621,356512.566687628,2620645.82792546,6301.58800017604,0,
41.92923,21217.9928579435,4200.70571856072,790957.071467774,4500.81014582625,200.0016000128,700.019600548815,13407.186251831,368657.32829478,2908125.06196901,6401.6388195378,0,
42.05549,18313.4054127621,4400.77453631839,805332.826860668,5801.34591225164,400.006400102402,300.003600043201,12306.0545788528,369172.193763649,2829646.53543413,5501.21026625858,0,
42.18169,22520.2682414173,3800.57768780855,808103.331516443,4100.67251029169,200.0016000128,300.003600043201,15109.1259120509,365877.415846165,2880864.10012005,6601.74286011507,0,
42.30801,20116.1734034163,3600.51847466035,820684.640617383,5501.21026625858,200.0016000128,400.006400102402,12105.8592358702,355072.434370931,2837081.34321112,5401.16665199683,0,
42.43424,21819.0261908384,2400.23042212052,817911.434236616,5501.21026625858,300.003600043201,400.006400102402,15509.6159618964,357849.978902269,2924646.85702899,4400.77453631839,0,
42.56058,24724.4277346018,2300.21161946899,806504.890848807,5501.21026625858,200.0016000128,300.003600043201,14208.0701838644,350547.369018792,2861037.94604808,6401.6388195378,0,
42.68677,23421.922919853,3400.46246289495,800113.107695864,5601.25468104855,300.003600043201,400.006400102402,15809.9919148902,378855.555736027,2807342.11210317,7202.07419736884,0,
42.81298,23321.7358578195,4800.92177698118,835093.564374853,3900.60849492521,300.003600043201,200.0016000128,15910.1188355794,367730.623112641,2828820.44568114,6801.85010322808,0,
42.9393,23822.6791905894,2300.21161946899,824845.567423507,5501.21026625858,200.0016000128,200.0016000128,17512.2585810067,357747.096030803,2846994.42024711,6201.53798141939,0,
43.06548,23722.4889194957,3400.46246289495,818231.389186085,4900.9605882753,100.0004000016,300.003600043201,13507.2939387269,349313.540589321,2820559.54815115,6901.90492575951,0,
43.19168,21718.8519635043,4500.81014582625,797770.247122001,5401.16665199683,200.0016000128,300.003600043201,15009.0054032419,372055.826641876,2894081.53616803,7402.19104855037,0,
43.31797,21618.6785382571,4000.64010241639,808849.338261103,5801.34591225164,200.0016000128,0,15009.0054032419,354969.574036511,2832950.89444613,7802.43435952017,100.0004000016,
43.44421,24423.8376655616,3800.57768780855,850480.818943232,5201.0818250196,400.006400102402,600.014400345608,17512.2585810067,385349.607034788,2962646.98566693,8202.69048247825,0,
43.57043,22920.9956319989,3500.49006860961,830822.577378812,6101.48876325823,500.010000200004,600.014400345608,16911.4321281186,349005.102247747,3001473.20405787,6301.58800017604,0,
43.69663,23622.2994506814,5201.0818250196,796811.926794839,5801.34591225164,100.0004000016,500.010000200004,18012.9693379233,373394.879039952,2899038.07468603,7001.96054895371,0,
43.8228,26628.3325458288,4500.81014582625,848984.031531625,4300.73972723308,300.003600043201,600.014400345608,16110.3750815525,367627.660049436,2934559.93406497,8102.62525058119,0,
43.94903,22820.8125810739,3400.46246289495,823245.052266248,5301.12383825371,400.006400102402,600.014400345608,16110.3750815525,374115.965799752,2994038.39628088,7302.132222609,0,
44.07526,21618.6785382571,4400.77453631839,818551.352065897,5701.29989637637,400.006400102402,800.025600819226,19214.7569333248,366289.216283128,2781733.32976021,8102.62525058119,0,
44.20149,24524.0335528818,3600.51847466035,825805.971752767,5801.34591225164,300.003600043201,600.014400345608,20316.4969955604,376794.64691743,2847820.51000011,6401.6388195378,0,
44.32777,22820.8125810739,4200.70571856072,808316.471899905,5701.29989637637,200.0016000128,300.003600043201,19415.0660912868,368348.419044527,2846168.33049411,8202.69048247825,0,
44.45401,20216.3347985172,3800.57768780855,817378.193609683,4700.88376614804,200.0016000128,800.025600819226,19214.7569333248,390299.686785263,2880038.01036706,8803.09869073914,0,
44.58027,22019.3770518056,4900.9605882753,819404.625184867,5201.0818250196,200.0016000128,500.010000200004,18914.2992102029,369996.021984624,2898211.98493303,6101.48876325823,100.0004000016,
44.7066,24624.2302425587,3800.57768780855,825272.404973328,6001.44034568296,100.0004000016,800.025600819226,24924.8251258253,387618.153974889,2975864.42171491,6601.74286011507,0,
44.83292,22620.4488857928,3700.5476810568,856041.833007202,5701.29989637637,300.003600043201,300.003600043201,18914.2992102029,381844.468179289,3095647.43589972,7502.25067520256,100.0004000016,
44.95924,22620.4488857928,4500.81014582625,835734.334244129,5701.29989637637,0,200.0016000128,18613.8487034354,362274.732275828,2988255.76800989,7502.25067520256,0,
45.08547,23221.549598027,3500.49006860961,827620.263730996,6001.44034568296,200.0016000128,900.032401166442,20616.9883984403,373291.869991312,2998994.93479887,7302.132222609,100.0004000016,
45.21176,26027.0681508769,3900.60849492521,825699.256633073,5301.12383825371,300.003600043201,500.010000200004,20016.0128102482,384834.084724422,3013864.55035285,6301.58800017604,0,
45.33799,22820.8125810739,3500.49006860961,871775.341921383,5801.34591225164,100.0004000016,300.003600043201,20216.3347985172,394426.22817603,2873429.29234307,5401.16665199683,100.0004000016,
45.46425,24023.0621396541,4600.84655576626,834239.25398984,4900.9605882753,500.010000200004,800.025600819226,22820.8125810739,377825.059485622,2806516.02235017,6701.7960813498,0,
45.59054,23421.922919853,3700.5476810568,813965.975127727,5401.16665199683,300.003600043201,300.003600043201,22720.6303323418,379061.665028871,2972560.06270291,7702.37233067785,100.0004000016,
45.71683,24924.8251258253,4400.77453631839,881739.087223531,5901.39272868397,500.010000200004,600.014400345608,24924.8251258253,404438.663523291,2954386.08813694,8202.69048247825,0,
45.84308,28332.0719053969,3300.43565750679,860000.165504001,6001.44034568296,800.025600819226,400.006400102402,21618.6785382571,395251.697418623,2960994.80616093,6901.90492575951,0,
45.96929,26127.2768770597,3700.5476810568,840968.478153012,6501.69043951427,500.010000200004,400.006400102402,22520.2682414173,386586.9460139,3021299.35812983,8502.8909829342,0,
46.09555,26327.6967369673,5401.16665199683,871882.438166201,5901.39272868397,600.014400345608,600.014400345608,22319.9093591484,385246.500897622,3070864.74330976,7702.37233067785,100.0004000016,
46.22182,30537.255451651,3800.57768780855,848128.802259747,4600.84655576626,800.025600819226,300.003600043201,24423.8376655616,378237.247943348,2975038.33196191,9303.46088745013,0,
46.34803,22720.6303323418,5501.21026625858,867278.100141546,4900.9605882753,200.0016000128,700.019600548815,24223.4482979524,405987.683177171,3050212.49948479,8803.09869073914,0,
46.47428,25926.8602271954,4600.84655576626,876274.147739035,6701.7960813498,500.010000200004,600.014400345608,24524.0335528818,398244.473342003,3093995.25639372,9603.68781612139,100.0004000016,
46.6005,25425.8326459683,4700.88376614804,870276.087586407,5401.16665199683,500.010000200004,400.006400102402,23622.2994506814,400928.251522024,3127864.93626667,7802.43435952017,0,
46.72674,25425.8326459683,3800.57768780855,907165.300150054,5501.21026625858,200.0016000128,700.019600548815,25025.025025025,396283.609441729,3006429.74257586,6901.90492575951,0,
46.85304,27830.9480141918,3700.5476810568,825272.404973328,4300.73972723308,200.0016000128,400.006400102402,23321.7358578195,376176.439539737,3016342.81961184,8402.82334864514,0,
46.97928,27830.9480141918,3400.46246289495,899328.275021859,6301.58800017604,500.010000200004,200.0016000128,26327.6967369673,402889.832747373,3172473.7829286,10104.0820491479,0,
47.10552,28833.2158646761,5101.04061228491,893641.350280894,5601.25468104855,1000.04000160006,300.003600043201,24624.2302425587,372261.825503792,2965951.34467892,9103.31360615264,0,
47.23175,28833.2158646761,3700.5476810568,871775.341921383,5901.39272868397,300.003600043201,900.032401166442,20316.4969955604,392569.118573141,3097299.61540572,8903.16952835209,0,
47.358,26828.7604311822,4500.81014582625,852298.579571307,4700.88376614804,200.0016000128,200.0016000128,26628.3325458288,388546.312770642,3005603.65282286,9403.53572943427,0,
47.48419,26427.9078707115,5701.29989637637,892890.433716272,5701.29989637637,700.019600548815,500.010000200004,24824.6260290208,387308.782790248,3125386.66700767,7902.49718911176,0,
47.61047,27931.1711870447,3900.60849492521,883454.05376304,5701.29989637637,500.010000200004,300.003600043201,27229.6258329062,388030.660616868,3084082.17935774,9503.61137232148,0,
47.7367,27229.6258329062,4500.81014582625,830822.577378812,4600.84655576626,200.0016000128,600.014400345608,25526.0365572884,372467.827710794,2961820.89591393,9003.24116682005,0,
47.86298,27430.063349431,4900.9605882753,844601.579622049,4800.92177698118,200.0016000128,300.003600043201,22720.6303323418,378237.247943348,2964299.16517292,9503.61137232148,0,
47.98922,27329.8441898553,5501.21026625858,884204.423092852,4700.88376614804,100.0004000016,400.006400102402,23822.6791905894,371952.828465301,3037821.15318981,10704.5815609081,0,
48.11548,29434.6151073663,5701.29989637637,861284.209306752,5601.25468104855,700.019600548815,500.010000200004,26528.1198069954,385040.29113595,3186517.30872958,11605.3848985929,0,
48.24176,27229.6258329062,4100.67251029169,899435.599499416,6001.44034568296,200.0016000128,400.006400102402,28131.6199408135,379989.198276597,3127864.93626667,11705.4781637807,0,
48.36808,27229.6258329062,6501.69043951427,899650.251123009,6501.69043951427,200.0016000128,900.032401166442,24924.8251258253,378958.609963982,3045255.9609668,10404.3282005314,0,
48.4943,32442.0448901777,4800.92177698118,865779.366971262,4900.9605882753,400.006400102402,300.003600043201,28031.3951625821,394219.869250241,3197256.47551856,13106.8679988314,0,
48.62056,30637.5003003677,5901.39272868397,876167.015132383,6001.44034568296,100.0004000016,700.019600548815,25726.4467872973,387927.532699651,3115473.58997169,11405.2007715518,0,
48.74683,30036.0432519023,5501.21026625858,896108.95425297,5601.25468104855,100.0004000016,500.010000200004,30537.255451651,400928.251522024,3261691.47625246,12906.6598364756,0,
48.87306,31238.986254846,4300.73972723308,898684.346835181,5701.29989637637,400.006400102402,400.006400102402,28131.6199408135,400102.41321293,3177430.32144659,12005.7627661277,0,
48.99923,30236.5257230735,4500.81014582625,879702.859603647,4900.9605882753,300.003600043201,800.025600819226,26327.6967369673,399483.069720565,3149343.26984463,11705.4781637807,0,
49.12558,27229.6258329062,3600.51847466035,848128.802259747,5701.29989637637,300.003600043201,400.006400102402,23822.6791905894,385762.03995922,3246821.86069848,10504.4118529783,0,
49.25186,30637.5003003677,5401.16665199683,885705.292280676,4500.81014582625,400.006400102402,400.006400102402,26327.6967369673,392672.284202914,3119604.03873668,9803.84310649775,100.0004000016,
49.37814,31138.7365883159,5501.21026625858,869954.841406829,6701.7960813498,700.019600548815,600.014400345608,27329.8441898553,404128.882258976,3301343.7843964,10404.3282005314,0,
49.50442,30437.0114058695,5901.39272868397,881953.445612698,5401.16665199683,300.003600043201,200.0016000128,25526.0365572884,389887.10640597,3042777.6917078,9403.53572943427,0,
49.63071,28833.2158646761,5601.25468104855,835413.945336398,4400.77453631839,100.0004000016,300.003600043201,27730.7256440136,389165.123005427,3242691.41193349,10204.1632986258,100.0004000016,
49.75693,32241.5270868879,5201.0818250196,904373.487184588,5601.25468104855,300.003600043201,700.019600548815,24524.0335528818,414148.971641876,3276561.09180644,11805.5722300926,0,
49.88308,28632.7558727184,3500.49006860961,880024.347926907,5101.04061228491,200.0016000128,500.010000200004,27329.8441898553,399070.190838454,3247647.95045148,11004.8421305374,0,
50.00941,31138.7365883159,5301.12383825371,881203.206784602,4700.88376614804,400.006400102402,500.010000200004,25726.4467872973,404438.663523291,3193126.02675357,11705.4781637807,0,
50.13576,33344.4147604609,5501.21026625858,879167.063480562,4600.84655576626,200.0016000128,500.010000200004,27229.6258329062,404232.141840974,3274908.91230044,9903.92195309342,0,
50.26208,30036.0432519023,5901.39272868397,845563.453959747,5901.39272868397,100.0004000016,200.0016000128,27029.191526849,395251.697418623,3096473.52565272,13407.186251831,0,
50.38835,29133.9118734207,4800.92177698118,828687.613387939,5901.39272868397,500.010000200004,400.006400102402,27229.6258329062,383184.554027601,3260865.38649946,10904.7544729502,0,
50.51454,29334.3798932349,4900.9605882753,883454.05376304,4300.73972723308,100.0004000016,600.014400345608,26728.5460872212,402786.584077127,3201386.92428355,10304.2453490838,0,
50.64078,29033.6790677186,6501.69043951427,868348.730174498,4700.88376614804,300.003600043201,800.025600819226,29534.8511243267,409706.101175351,3348430.90031732,13307.0793662228,0,
50.76707,31840.5011174214,5601.25468104855,878524.137417033,5901.39272868397,300.003600043201,200.0016000128,29334.3798932349,383700.009341202,3286474.16884242,12406.1534521122,0,
50.89322,32742.827618525,4400.77453631839,840327.448629429,3900.60849492521,200.0016000128,600.014400345608,26427.9078707115,399895.96202614,3269126.28402945,10504.4118529783,0,
51.01941,31439.4879969241,5301.12383825371,860428.165937058,4800.92177698118,400.006400102402,400.006400102402,24824.6260290208,389371.399787136,3157604.16737462,10304.2453490838,0,
51.14569,33143.8825004306,5001.00020004001,823671.836910084,4200.70571856072,100.0004000016,1000.04000160006,25826.6531060054,397625.220451387,3209647.82181354,11705.4781637807,0,
51.27191,30938.239664225,4800.92177698118,888278.615867651,4900.9605882753,200.0016000128,900.032401166442,23221.549598027,400102.41321293,3321169.93846837,10404.3282005314,0,
51.3982,33244.1482288479,4900.9605882753,835520.740756051,2400.23042212052,300.003600043201,900.032401166442,30236.5257230735,382153.706200556,3350083.07982332,7702.37233067785,0,
51.52448,33043.6175751993,4400.77453631839,837229.587555137,5501.21026625858,400.006400102402,300.003600043201,28933.4470648069,417042.838900682,3340996.09254034,10604.4963064339,0,
51.65065,33143.8825004306,4600.84655576626,844601.579622049,2900.33643902693,200.0016000128,300.003600043201,27129.408278574,397109.199442483,3338517.82328134,9503.61137232148,0,
51.77688,30236.5257230735,5501.21026625858,819084.641156034,3500.49006860961,200.0016000128,400.006400102402,28732.9854673165,385658.930471726,3225343.52712052,11405.2007715518,100.0004000016,
51.90311,33645.2191745706,5101.04061228491,812046.998575175,5301.12383825371,300.003600043201,700.019600548815,30036.0432519023,414458.997328432,3218734.80909653,11305.1099096792,0,
52.02938,29935.8032206519,4500.81014582625,815991.87106048,4900.9605882753,500.010000200004,900.032401166442,25225.4272306485,385762.03995922,3271604.55328844,10104.0820491479,100.0004000016,
52.15572,30136.2840860396,6001.44034568296,830182.051123096,3900.60849492521,200.0016000128,800.025600819226,27229.6258329062,388752.579497262,3212952.18082554,10904.7544729502,0,
52.28195,28933.4470648069,5101.04061228491,834239.25398984,4000.64010241639,200.0016000128,600.014400345608,27931.1711870447,400412.09628585,3301343.7843964,11705.4781637807,0,
52.40825,28933.4470648069,5201.0818250196,849518.578565993,4500.81014582625,300.003600043201,600.014400345608,26828.7604311822,392362.789828429,3239387.05292149,8903.16952835209,0,
52.53454,30236.5257230735,5301.12383825371,823671.836910084,4800.92177698118,100.0004000016,300.003600043201,30036.0432519023,390815.431115733,3228647.88613251,11004.8421305374,0,
52.66086,29033.6790677186,4600.84655576626,800432.6216542,5201.0818250196,600.014400345608,300.003600043201,27830.9480141918,379370.835245246,3075821.28182775,8502.8909829342,0,
52.78701,29234.1454819229,6101.48876325823,792979.357362761,4600.84655576626,200.0016000128,300.003600043201,26227.4864057532,376691.61026274,3083256.08960474,10204.1632986258,0,
52.91334,24624.2302425587,3600.51847466035,792766.470228957,3900.60849492521,200.0016000128,300.003600043201,28632.7558727184,384318.583351949,3160082.43663362,8703.02865397158,0,
53.03965,28131.6199408135,3600.51847466035,815032.196508156,4700.88376614804,100.0004000016,400.006400102402,29935.8032206519,397109.199442483,3220386.98860252,10804.6676164103,0,
53.16594,27630.5040765005,3200.40965243551,827513.533617092,4600.84655576626,200.0016000128,300.003600043201,27931.1711870447,415285.769473192,3281517.63032443,9903.92195309342,0,
53.29216,28231.8455217485,4400.77453631839,836695.548647397,3500.49006860961,200.0016000128,300.003600043201,33344.4147604609,385349.607034788,3085734.35886373,8703.02865397158,0,
53.41839,25325.6295370915,4000.64010241639,793618.039850108,4400.77453631839,600.014400345608,400.006400102402,33043.6175751993,400825.018796611,3222865.25786152,9603.68781612139,0,
53.54464,24023.0621396541,3900.60849492521,792979.357362761,4400.77453631839,400.006400102402,100.0004000016,32442.0448901777,398347.685092999,3197256.47551856,10004.0016006403,0,
53.67095,25425.8326459683,4300.73972723308,822071.467230758,5701.29989637637,500.010000200004,400.006400102402,31539.7400724913,381741.39051332,3207169.55255454,7802.43435952017,100.0004000016,
53.79714,25526.0365572884,4400.77453631839,815565.340228499,3300.43565750679,0,200.0016000128,28933.4470648069,393394.467084066,3173299.8726816,8302.75651516303,0,
53.92345,23321.7358578195,4600.84655576626,794789.039897316,4000.64010241639,200.0016000128,400.006400102402,28432.2990917683,364230.347794327,2941994.74184196,9603.68781612139,0,
54.04969,25325.6295370915,3900.60849492521,803628.196553461,3900.60849492521,600.014400345608,700.019600548815,30737.7459520291,381638.313684561,3044429.8712138,9103.31360615264,0,
54.176,24624.2302425587,4400.77453631839,797876.731553486,3700.5476810568,300.003600043201,500.010000200004,30336.7681630136,389887.10640597,3090690.89738173,9703.76506084361,0,
54.30228,22920.9956319989,3200.40965243551,823565.139426593,4100.67251029169,100.0004000016,100.0004000016,36252.4936107484,398657.325379151,3260039.29674646,8402.82334864514,100.0004000016,
54.42845,23722.4889194957,2800.31363512713,842250.632618295,2700.2916314962,500.010000200004,400.006400102402,28833.2158646761,361760.146733,2975864.42171491,8202.69048247825,0,
54.55469,19815.6940296715,3700.5476810568,794789.039897316,3400.46246289495,300.003600043201,400.006400102402,33946.0308177889,380401.457038087,2937038.20332397,10604.4963064339,0,
54.68096,22620.4488857928,4200.70571856072,815458.709722721,3000.36004320518,200.0016000128,100.0004000016,29234.1454819229,379473.893657974,2932907.75455897,9303.46088745013,0,
54.80719,24223.4482979524,3100.38444767151,842464.337399214,2900.33643902693,500.010000200004,100.0004000016,36051.9147572504,416009.239227679,3424431.15759321,10304.2453490838,0,
54.93342,21718.8519635043,3300.43565750679,858502.2755482,2700.2916314962,400.006400102402,200.0016000128,30637.5003003677,379164.720930705,2933733.84431197,8002.56081946223,100.0004000016,
55.0597,20516.8237955123,3100.38444767151,814605.697386736,4700.88376614804,200.0016000128,300.003600043201,29133.9118734207,368966.245068273,2990734.03726888,8302.75651516303,0,
55.18595,19114.6035571176,3800.57768780855,814179.212357764,3300.43565750679,200.0016000128,600.014400345608,30837.992406645,377309.842741886,2855255.31777709,7802.43435952017,0,
55.31226,18814.1482394761,3400.46246289495,790850.644152286,4200.70571856072,400.006400102402,100.0004000016,33544.9502333126,365980.364701919,2960994.80616093,8903.16952835209,100.0004000016,
55.43858,22119.5536854579,4900.9605882753,791169.928733839,4500.81014582625,100.0004000016,300.003600043201,34547.6757925938,364230.347794327,3040299.4224488,8903.16952835209,0,
55.56489,20316.4969955604,4300.73972723308,805759.019628893,4600.84655576626,200.0016000128,300.003600043201,27430.063349431,361554.318362577,2815603.00963316,6701.7960813498,0,
55.69117,17311.9798900839,4200.70571856072,816738.333932282,3200.40965243551,300.003600043201,200.0016000128,29935.8032206519,374940.115141328,2996516.66553987,7502.25067520256,100.0004000016,
55.81751,20216.3347985172,3200.40965243551,816418.415987179,2600.27042812453,300.003600043201,400.006400102402,31539.7400724913,357952.862608583,2945299.10085395,8202.69048247825,0,
55.94372,23221.549598027,3600.51847466035,848342.604272214,3400.46246289495,200.0016000128,200.0016000128,30938.239664225,391228.04166599,3104734.4231827,9503.61137232148,0,
56.06991,17412.118834709,3300.43565750679,783934.752206073,3700.5476810568,200.0016000128,400.006400102402,27830.9480141918,367318.775874665,2962646.98566693,8703.02865397158,100.0004000016,
56.19623,20216.3347985172,4000.64010241639,802882.491608903,3900.60849492521,400.006400102402,300.003600043201,30938.239664225,365980.364701919,2767689.80395923,8502.8909829342,0,
56.32254,18413.5523745477,3100.38444767151,889350.985038026,3400.46246289495,300.003600043201,400.006400102402,34246.8496903764,386277.599961007,2960168.71640793,8002.56081946223,100.0004000016,
56.44887,20416.6599945556,3500.49006860961,840861.637690447,2400.23042212052,600.014400345608,400.006400102402,33544.9502333126,367524.697822046,2953559.99838394,9603.68781612139,0,
56.5751,18613.8487034354,2600.27042812453,789680.001650539,2900.33643902693,400.006400102402,400.006400102402,33143.8825004306,362274.732275828,2801559.48383218,8102.62525058119,0,
56.70138,19014.4509827469,2400.23042212052,822071.467230758,2900.33643902693,300.003600043201,400.006400102402,31138.7365883159,354866.714536655,2945299.10085395,9403.53572943427,0,
56.82765,17412.118834709,4000.64010241639,866314.60888063,2300.21161946899,1000.04000160006,600.014400345608,29935.8032206519,369996.021984624,2908951.15172201,9403.53572943427,0,
56.9539,19014.4509827469,3100.38444767151,821751.417097718,4600.84655576626,800.025600819226,900.032401166442,35149.3496869605,356615.439541715,2849472.6895061,8002.56081946223,0,
57.08019,16510.8971921468,3500.49006860961,824525.448520358,2900.33643902693,300.003600043201,500.010000200004,30637.5003003677,367421.736430459,2746211.47038126,7402.19104855037,0,
57.20645,18513.7001381022,4400.77453631839,791808.521613535,2500.2500250025,100.0004000016,800.025600819226,28131.6199408135,365774.467826052,2867646.66407207,5801.34591225164,100.0004000016,
57.33274,17211.841747122,2700.2916314962,822498.213083124,3600.51847466035,200.0016000128,200.0016000128,27029.191526849,358981.74559058,2793298.58630219,6501.69043951427,0,
57.45895,20917.487019148,3400.46246289495,849411.66739045,4200.70571856072,400.006400102402,500.010000200004,31339.2367243789,361451.405430191,2717298.32902631,7202.07419736884,0,
57.58508,17011.567866149,2600.27042812453,825165.694263094,3500.49006860961,500.010000200004,400.006400102402,28432.2990917683,350855.844893324,2744559.29087527,6801.85010322808,0,
57.71135,16611.0297237366,3400.46246289495,835200.35714581,3000.36004320518,200.0016000128,300.003600043201,29234.1454819229,357849.978902269,2873429.29234307,5601.25468104855,0,
57.8377,18814.1482394761,2100.17641481884,838297.731604166,3200.40965243551,200.0016000128,500.010000200004,30236.5257230735,358055.747149755,2794124.67605519,6501.69043951427,100.0004000016,
57.96399,16410.7654621432,2700.2916314962,849946.232111837,3800.57768780855,100.0004000016,500.010000200004,30737.7459520291,346537.865699848,2713167.88026132,8502.8909829342,0,
58.09022,21017.6548300572,1900.14441097523,841289.004841624,3900.60849492521,500.010000200004,500.010000200004,26928.9755777216,339960.915644284,2683428.64915336,7102.01697282028,0,
58.21642,14107.9568876847,2100.17641481884,802775.96584951,3000.36004320518,100.0004000016,100.0004000016,25626.2412710616,333182.009792795,2783385.50926621,5501.21026625858,100.0004000016,
58.34265,17211.841747122,3100.38444767151,826979.896278849,2700.2916314962,200.0016000128,900.032401166442,29334.3798932349,350033.259243636,2915559.869746,8602.95941803981,0,
58.46881,19114.6035571176,2000.16001280102,839900.113282122,4300.73972723308,400.006400102402,200.0016000128,30437.0114058695,337598.157855264,2828820.44568114,6101.48876325823,0,
58.59513,18113.1138944596,3900.60849492521,830502.310280127,2500.2500250025,300.003600043201,100.0004000016,30236.5257230735,354763.855871352,2709037.43149632,5901.39272868397,0,
58.72139,15309.3693340324,3300.43565750679,819191.301617727,1900.14441097523,300.003600043201,0,25826.6531060054,325380.488516459,2585950.05829951,7202.07419736884,0,
58.84768,17912.8255831175,2200.1936170383,852726.325107341,2700.2916314962,400.006400102402,400.006400102402,26327.6967369673,354146.721404579,2692515.63643635,5801.34591225164,0,
58.97395,16010.246557797,2900.33643902693,833491.778749576,3000.36004320518,300.003600043201,200.0016000128,27530.2833116428,339447.235162233,2614863.19965447,5501.21026625858,0,
59.10019,18713.9980705568,3200.40965243551,908131.837155992,3700.5476810568,300.003600043201,500.010000200004,27530.2833116428,348799.480856587,2718124.41877931,7302.132222609,0,
59.22642,19014.4509827469,2600.27042812453,843532.91432352,2900.33643902693,200.0016000128,0,27630.5040765005,321071.182595309,2608254.48163048,6001.44034568296,0,
59.35269,15409.4922472243,2600.27042812453,830075.299835514,2500.2500250025,500.010000200004,500.010000200004,27730.7256440136,334003.502172644,2645428.52051542,5401.16665199683,0,
59.47895,16811.2971917128,2000.16001280102,885383.662802497,3200.40965243551,500.010000200004,100.0004000016,25726.4467872973,332873.963885455,2651211.14878641,6401.6388195378,0,
59.60513,16510.8971921468,3900.60849492521,883346.86169596,3100.38444767151,400.006400102402,300.003600043201,26928.9755777216,333284.693426722,2566949.99398054,8302.75651516303,0,
59.73137,16510.8971921468,3900.60849492521,871882.438166201,4300.73972723308,400.006400102402,500.010000200004,24223.4482979524,326304.102050823,2431471.27448875,6201.53798141939,0,
59.8576,19214.7569333248,3000.36004320518,851443.130961343,2300.21161946899,200.0016000128,300.003600043201,25125.2257266295,312354.45396189,2542993.39114358,6501.69043951427,0,
59.98392,16611.0297237366,2700.2916314962,847808.105872622,1700.11560786133,200.0016000128,0,26628.3325458288,337392.721479217,2492601.91621066,5401.16665199683,0,
60.11019,18413.5523745477,3200.40965243551,864923.025989075,3000.36004320518,600.014400345608,300.003600043201,22319.9093591484,322917.848402833,2500036.72398765,6801.85010322808,0,
60.23644,17412.118834709,2400.23042212052,850587.738962833,2500.2500250025,300.003600043201,0,24123.2548176442,310509.328441318,2488471.46744567,6701.7960813498,0,
60.36276,12606.3536022155,3100.38444767151,871454.058506741,2500.2500250025,200.0016000128,500.010000200004,22420.0883992057,321173.768074254,2469471.4031267,4800.92177698118,100.0004000016,
60.48895,19114.6035571176,3400.46246289495,848984.031531625,3200.40965243551,500.010000200004,200.0016000128,25325.6295370915,310201.833673502,2566123.90422755,7202.07419736884,0,
60.61522,18513.7001381022,3900.60849492521,846846.064455831,2600.27042812453,300.003600043201,300.003600043201,22620.4488857928,320763.431145754,2533906.4038606,5301.12383825371,0,
60.7415,16711.163056922,2200.1936170383,863638.620826643,3400.46246289495,100.0004000016,600.014400345608,24824.6260290208,307947.100316653,2436427.81300675,6201.53798141939,0,
60.86777,17311.9798900839,3200.40965243551,869526.525577718,2000.16001280102,200.0016000128,400.006400102402,24824.6260290208,309689.358996683,2508297.62151764,7001.96054895371,0,
60.99395,20416.6599945556,2500.2500250025,848449.506604796,2300.21161946899,100.0004000016,600.014400345608,25526.0365572884,305590.308566246,2434775.63350075,6101.48876325823,0,
61.12021,17812.6826300326,2800.31363512713,895036.025174118,2600.27042812453,200.0016000128,300.003600043201,24023.0621396541,299956.281675545,2374471.08153184,6001.44034568296,0,
61.24649,13607.4024269202,2700.2916314962,832957.894345269,2500.2500250025,400.006400102402,300.003600043201,24123.2548176442,291765.810388643,2405862.49214579,6801.85010322808,0,
61.37271,17211.841747122,3300.43565750679,843319.191869072,2400.23042212052,300.003600043201,200.0016000128,24724.4277346018,303131.515556365,2484341.01868067,6201.53798141939,0,
61.49905,17512.2585810067,1900.14441097523,890530.693741948,2700.2916314962,0,100.0004000016,25526.0365572884,316250.602526764,2538036.85262559,5901.39272868397,0,
61.62535,16911.4321281186,2900.33643902693,830715.820796826,2300.21161946899,200.0016000128,200.0016000128,24824.6260290208,296884.233362745,2297644.73450296,6301.58800017604,0,
61.75153,17311.9798900839,2900.33643902693,855507.016150384,2900.33643902693,400.006400102402,100.0004000016,21518.505915087,308357.021955506,2566123.90422755,6001.44034568296,0,
61.87785,19114.6035571176,3700.5476810568,875095.73785423,3300.43565750679,200.0016000128,300.003600043201,23221.549598027,320250.528686831,2528949.8653426,6201.53798141939,0,
62.00412,19515.221873061,3100.38444767151,853367.969952182,1700.11560786133,500.010000200004,200.0016000128,22820.8125810739,280512.567448408,2305905.63203295,6201.53798141939,0,
62.13031,16110.3750815525,2300.21161946899,806398.335177631,3300.43565750679,100.0004000016,300.003600043201,24123.2548176442,296372.297841511,2404210.3126398,5601.25468104855,0,
62.25659,19915.8530190031,2900.33643902693,889243.744123142,2200.1936170383,400.006400102402,0,22920.9956319989,282864.690153437,2485167.10843367,7302.132222609,0,
62.38284,18814.1482394761,3000.36004320518,826553.002285133,2500.2500250025,400.006400102402,300.003600043201,24724.4277346018,308971.929313054,2455427.87732572,5201.0818250196,0,
62.50915,19014.4509827469,3000.36004320518,848449.506604796,3200.40965243551,300.003600043201,200.0016000128,21418.3340939844,283171.521035599,2460384.41584371,6101.48876325823,0,
62.63536,15009.0054032419,2000.16001280102,805545.921485078,2800.31363512713,400.006400102402,400.006400102402,20717.1538033492,292277.55947732,2274514.221419,7402.19104855037,0,
62.76159,18012.9693379233,4100.67251029169,861177.20078618,3700.5476810568,500.010000200004,300.003600043201,20516.8237955123,283682.922389207,2291036.01647897,7602.31110257518,0,
62.88782,18012.9693379233,2200.1936170383,827406.804385287,2600.27042812453,600.014400345608,0,22820.8125810739,282251.050730354,2268731.59314801,6601.74286011507,0,
63.01405,16310.634533716,2500.2500250025,799261.109161834,2900.33643902693,200.0016000128,200.0016000128,22019.3770518056,290947.054919797,2253861.97759403,7802.43435952017,0,
63.14036,15809.9919148902,3900.60849492521,833385.000103334,3000.36004320518,300.003600043201,100.0004000016,22920.9956319989,295246.112626577,2257166.33660603,8602.95941803981,0,
63.26666,15609.7404780583,2500.2500250025,840754.798111351,3500.49006860961,900.032401166442,0,21117.8234429859,269371.500192047,2281949.02919599,8302.75651516303,0,
63.39289,17011.567866149,2500.2500250025,822498.213083124,2300.21161946899,400.006400102402,600.014400345608,21217.9928579435,283273.799651293,2338949.2221529,6801.85010322808,0,
63.51917,15309.3693340324,3500.49006860961,828260.662939132,2800.31363512713,300.003600043201,400.006400102402,20316.4969955604,282251.050730354,2176209.54081215,8102.62525058119,0,
63.64547,16611.0297237366,3100.38444767151,849518.578565993,3700.5476810568,400.006400102402,100.0004000016,22620.4488857928,286342.542956439,2280296.84968999,9503.61137232148,200.0016000128,
63.77172,19314.911111378,2300.21161946899,808529.615803905,2800.31363512713,400.006400102402,400.006400102402,20516.8237955123,285114.956246637,2300949.09351496,9103.31360615264,0,
63.89794,16010.246557797,4000.64010241639,808316.471899905,3300.43565750679,300.003600043201,200.0016000128,20116.1734034163,260179.85248055,2315000.96148803,7001.96054895371,0,
64.02427,18814.1482394761,1700.11560786133,808849.338261103,2400.23042212052,0,200.0016000128,21919.201220269,251198.92692505,2099383.19378327,8703.02865397158,0,
64.15053,16510.8971921468,2200.1936170383,802669.440969685,2600.27042812453,400.006400102402,400.006400102402,20416.6599945556,260996.617047333,2161339.92525818,8102.62525058119,0,
64.27678,16110.3750815525,3500.49006860961,809382.226627024,2100.17641481884,500.010000200004,600.014400345608,20917.487019148,260179.85248055,2096078.83477128,8402.82334864514,0,
64.40309,16210.5044068556,3000.36004320518,769901.579591887,2800.31363512713,100.0004000016,200.0016000128,22219.7311212357,277343.007478049,2252209.79808803,9903.92195309342,100.0004000016,
64.52932,16510.8971921468,2500.2500250025,814818.945185846,3800.57768780855,800.025600819226,300.003600043201,19014.4509827469,271517.18058824,2257992.42635903,11104.9305891816,0,
64.65555,18513.7001381022,3300.43565750679,809169.068640001,3200.40965243551,100.0004000016,300.003600043201,22920.9956319989,270801.913302954,2200166.14364912,9503.61137232148,0,
64.78182,16410.7654621432,3000.36004320518,811087.617285582,2600.27042812453,100.0004000016,100.0004000016,19515.221873061,260894.518587977,2273996.75330343,9703.76506084361,100.0004000016,
64.90811,18012.9693379233,2800.31363512713,766501.89847586,3400.46246289495,500.010000200004,0,21618.6785382571,268043.404434238,2148122.4892102,10704.5815609081,0,
65.03441,16811.2971917128,1700.11560786133,806718.004831018,3400.46246289495,400.006400102402,400.006400102402,22019.3770518056,247832.726038797,2205948.77192011,11705.4781637807,0,
65.16061,16010.246557797,2800.31363512713,797131.35899288,4400.77453631839,200.0016000128,0,21217.9928579435,255586.535741706,2116731.07859625,12306.0545788528,0,
65.28675,16410.7654621432,2800.31363512713,805332.826860668,5501.21026625858,400.006400102402,400.006400102402,23421.922919853,248954.693275698,2129948.51464423,11705.4781637807,0,
65.41306,17412.118834709,2200.1936170383,814499.074808353,4200.70571856072,600.014400345608,100.0004000016,25225.4272306485,251300.947024791,2216868.36180581,12306.0545788528,0,
65.5393,16410.7654621432,2100.17641481884,823778.535275282,4000.64010241639,300.003600043201,500.010000200004,19314.911111378,244365.457629857,2001904.60292943,18313.4054127621,0,
65.66563,19815.6940296715,3200.40965243551,813539.511236117,3700.5476810568,400.006400102402,0,22219.7311212357,253851.717463948,2154731.20723419,13807.6218072376,0,
65.7919,17712.5404786589,2700.2916314962,832637.574294666,3700.5476810568,700.019600548815,0,21819.0261908384,253545.597801931,2092774.47575928,12606.3536022155,0,
65.91814,15910.1188355794,2300.21161946899,824952.275488195,3700.5476810568,500.010000200004,200.0016000128,20717.1538033492,258546.481787578,2072122.23193432,12606.3536022155,0,
66.04437,16911.4321281186,2800.31363512713,815671.971615152,4400.77453631839,300.003600043201,100.0004000016,19915.8530190031,253647.636864669,2134037.80531219,13006.7635170289,0,
66.17057,18213.259252736,3800.57768780855,797663.763569571,4100.67251029169,600.014400345608,200.0016000128,23421.922919853,257219.523628634,2181831.22909717,14007.84439286,0,
66.29673,16911.4321281186,4500.81014582625,791914.956834651,4000.64010241639,700.019600548815,100.0004000016,20616.9883984403,239268.263134515,2069401.61463567,15809.9919148902,0,
66.42304,17612.3991289868,2300.21161946899,786275.100360183,4200.70571856072,500.010000200004,100.0004000016,19815.6940296715,244365.457629857,2172022.81580412,13307.0793662228,0,
66.54927,21418.3340939844,4200.70571856072,809062.490966828,3600.51847466035,500.010000200004,200.0016000128,20216.3347985172,246098.972786725,2097803.56043461,13607.4024269202,0,
66.67557,19715.5358422437,3800.57768780855,796598.976390953,6301.58800017604,600.014400345608,200.0016000128,20917.487019148,260281.945162959,2019315.56831348,17111.7044058136,0,
66.80188,19314.911111378,3500.49006860961,799154.613301631,4800.92177698118,200.0016000128,300.003600043201,22620.4488857928,243753.685588038,2094631.79479176,14408.2991803279,0,
66.92812,20516.8237955123,4000.64010241639,798089.703053668,4500.81014582625,400.006400102402,100.0004000016,20717.1538033492,230913.318692675,2030416.78740253,15509.6159618964,0,
67.05441,21117.8234429859,4700.88376614804,798728.638652687,5201.0818250196,500.010000200004,100.0004000016,20016.0128102482,237128.055206722,2053583.40944408,17612.3991289868,0,
67.18066,20316.4969955604,3300.43565750679,819297.962960668,5801.34591225164,400.006400102402,500.010000200004,20016.0128102482,235395.771758968,2170487.19944007,18313.4054127621,0,
67.30687,20016.0128102482,2800.31363512713,763315.511989217,3900.60849492521,100.0004000016,400.006400102402,24323.6425805883,222156.756713129,1976398.88814074,16410.7654621432,0,
67.43319,19715.5358422437,2900.33643902693,810767.8393703,6001.44034568296,200.0016000128,300.003600043201,20717.1538033492,233358.095668745,2062134.66118207,16611.0297237366,200.0016000128,
67.5595,18213.259252736,2900.33643902693,786062.323881194,5701.29989637637,200.0016000128,0,22219.7311212357,231626.329706708,1963945.96856651,15509.6159618964,0,
67.68582,24323.6425805883,3600.51847466035,788935.102660593,5701.29989637637,100.0004000016,200.0016000128,21418.3340939844,241001.078295566,1838338.83183568,18313.4054127621,0,
67.81202,23121.3641404658,3100.38444767151,792447.146117308,6101.48876325823,100.0004000016,100.0004000016,25926.8602271954,222462.115861902,1962201.15096244,16310.634533716,0,
67.93833,20717.1538033492,3000.36004320518,797663.763569571,6101.48876325823,0,100.0004000016,19715.5358422437,223887.222991271,1930716.9603192,15709.8657957197,0,
68.0646,21518.505915087,3700.5476810568,774577.606222189,6601.74286011507,600.014400345608,100.0004000016,19114.6035571176,235905.242204124,2043633.27967876,16611.0297237366,0,
68.19086,21518.505915087,2300.21161946899,812899.84181855,6201.53798141939,500.010000200004,500.010000200004,20016.0128102482,224599.836948187,1911235.97924605,15409.4922472243,0,
68.31717,24624.2302425587,3100.38444767151,790212.0987043,6001.44034568296,200.0016000128,100.0004000016,23421.922919853,228876.366395944,1986066.55411678,15409.4922472243,0,
68.4434,21919.201220269,4900.9605882753,793511.590572368,5501.21026625858,500.010000200004,400.006400102402,20917.487019148,218391.268384207,1820990.94702271,15509.6159618964,100.0004000016,
68.56969,24023.0621396541,3600.51847466035,817164.903526418,7001.96054895371,300.003600043201,300.003600043201,20616.9883984403,228163.510791599,1993642.45732845,21819.0261908384,0,
68.69596,23121.3641404658,4000.64010241639,793511.590572368,6101.48876325823,400.006400102402,200.0016000128,21217.9928579435,221240.723627662,1900463.97920271,15309.3693340324,0,
68.82231,25325.6295370915,4200.70571856072,811514.000165194,6201.53798141939,200.0016000128,700.019600548815,22820.8125810739,231524.468523169,1979543.03129195,16010.246557797,100.0004000016,
68.94854,23522.1107841371,4400.77453631839,784147.49357459,5901.39272868397,200.0016000128,400.006400102402,21217.9928579435,219714.149671942,1926424.08471699,17412.118834709,100.0004000016,
69.07481,24323.6425805883,4300.73972723308,818658.008121517,6601.74286011507,200.0016000128,200.0016000128,21518.505915087,221444.280785295,1961968.52567642,18012.9693379233,0,
69.20115,28231.8455217485,2600.27042812453,824632.153939599,7001.96054895371,300.003600043201,500.010000200004,23321.7358578195,224498.032489153,1938377.92173647,16911.4321281186,0,
69.32738,24323.6425805883,4100.67251029169,849518.578565993,6401.6388195378,100.0004000016,100.0004000016,25225.4272306485,224090.82287038,1919929.36210535,17512.2585810067,0,
69.45361,27830.9480141918,3200.40965243551,828687.613387939,8202.69048247825,200.0016000128,0,23421.922919853,226228.820058283,1910424.8833164,17412.118834709,100.0004000016,
69.57977,28131.6199408135,3800.57768780855,820791.314298935,7502.25067520256,500.010000200004,200.0016000128,24023.0621396541,216254.599444839,1886924.35094965,16210.5044068556,0,
69.70597,23021.1794851263,3600.51847466035,833385.000103334,6801.85010322808,300.003600043201,500.010000200004,24123.2548176442,229589.26228681,1934895.12629234,16911.4321281186,0,
69.83221,27830.9480141918,4200.70571856072,827406.804385287,7602.31110257518,400.006400102402,600.014400345608,22119.5536854579,227959.845160874,1911467.72992082,16510.8971921468,0,
69.95844,29635.0879441258,4100.67251029169,794256.753968189,7702.37233067785,300.003600043201,500.010000200004,21618.6785382571,219307.094493717,1826221.88075422,16611.0297237366,0,
70.08476,24824.6260290208,2700.2916314962,816098.505970747,6801.85010322808,900.032401166442,500.010000200004,23622.2994506814,217577.256569683,1845003.39320843,16110.3750815525,100.0004000016,
70.21102,27730.7256440136,3500.49006860961,816205.141761946,6701.7960813498,600.014400345608,300.003600043201,19915.8530190031,218289.514033474,1839930.94622566,15009.0054032419,0,
70.33725,21819.0261908384,3400.46246289495,832103.725196014,8302.75651516303,700.019600548815,400.006400102402,21017.6548300572,219714.149671942,1848462.97919137,15309.3693340324,0,
70.46357,25425.8326459683,4400.77453631839,850160.064191118,6001.44034568296,400.006400102402,500.010000200004,26227.4864057532,229385.573635494,1874669.44156587,17111.7044058136,0,
70.58981,29635.0879441258,4700.88376614804,826766.447517945,7802.43435952017,100.0004000016,200.0016000128,22820.8125810739,219612.384645493,1799305.36200502,15409.4922472243,0,
70.7161,40164.423735672,3600.51847466035,826019.40463794,7802.43435952017,500.010000200004,200.0016000128,21217.9928579435,222563.903887907,1861040.31734707,16210.5044068556,0,
70.84241,25926.8602271954,5401.16665199683,847273.629577552,6801.85010322808,200.0016000128,400.006400102402,22019.3770518056,221851.404958011,1820350.85310172,15509.6159618964,0,
70.96873,23522.1107841371,2800.31363512713,798302.678070204,8402.82334864514,400.006400102402,400.006400102402,24023.0621396541,210456.894152384,1799765.01966031,13307.0793662228,0,
71.09499,23321.7358578195,4100.67251029169,860749.175559316,7902.49718911176,500.010000200004,0,21718.8519635043,218391.268384207,1802983.06480318,15109.1259120509,0,
71.22119,25125.2257266295,5201.0818250196,872203.732220622,8102.62525058119,200.0016000128,100.0004000016,21117.8234429859,219001.81173309,1901390.26384884,15309.3693340324,100.0004000016,
71.34743,26327.6967369673,4300.73972723308,891281.473441759,7502.25067520256,300.003600043201,200.0016000128,23622.2994506814,224294.426036315,1882529.79659603,16811.2971917128,100.0004000016,
71.47372,27530.2833116428,4300.73972723308,869312.372981676,6701.7960813498,100.0004000016,400.006400102402,24524.0335528818,214423.457079,1813101.95413887,14308.184281409,100.0004000016,
71.59991,26528.1198069954,4400.77453631839,884204.423092852,7102.01697282028,300.003600043201,400.006400102402,25125.2257266295,210456.894152384,1843850.39600048,17712.5404786589,0,
71.72615,26628.3325458288,5801.34591225164,856362.733741519,6101.48876325823,400.006400102402,500.010000200004,25125.2257266295,205373.382319136,1772328.12165346,14308.184281409,0,
71.85238,25325.6295370915,5201.0818250196,854972.221417845,7702.37233067785,400.006400102402,200.0016000128,17812.6826300326,217475.508787786,1785637.7553207,15509.6159618964,0,
71.97862,25526.0365572884,4600.84655576626,851443.130961343,8002.56081946223,500.010000200004,600.014400345608,23421.922919853,207101.546304437,1805052.21624172,12105.8592358702,0,
72.10484,27730.7256440136,3300.43565750679,879917.18426501,6201.53798141939,300.003600043201,0,22620.4488857928,205678.335215357,1847655.66270753,17912.8255831175,0,
72.23105,28031.3951625821,3900.60849492521,857218.507976435,8202.69048247825,700.019600548815,300.003600043201,23121.3641404658,203137.286529427,1714310.74941122,15809.9919148902,100.0004000016,
72.3573,27029.191526849,4300.73972723308,873917.435294507,6001.44034568296,300.003600043201,100.0004000016,22019.3770518056,206186.606440685,1822422.68704885,15009.0054032419,0,
72.48359,27630.5040765005,3200.40965243551,891281.473441759,8502.8909829342,200.0016000128,300.003600043201,23822.6791905894,210558.585304463,1824840.23125158,15109.1259120509,0,
72.60988,28632.7558727184,3600.51847466035,849839.317398803,7302.132222609,0,500.010000200004,24524.0335528818,204661.854256563,1760406.58691352,14608.5313823273,0,
72.73622,25425.8326459683,4000.64010241639,855293.095602532,7802.43435952017,0,300.003600043201,26828.7604311822,196126.649842373,1743917.36343486,14208.0701838644,0,
72.86244,25826.6531060054,4100.67251029169,871882.438166201,7602.31110257518,500.010000200004,700.019600548815,24924.8251258253,198056.725865301,1762125.38376888,15109.1259120509,100.0004000016,
72.98871,27029.191526849,5101.04061228491,868777.007003195,7102.01697282028,500.010000200004,100.0004000016,23021.1794851263,214525.180233426,1784834.21259016,13006.7635170289,0,
73.11506,28833.2158646761,3900.60849492521,851336.203865705,7302.132222609,100.0004000016,400.006400102402,24223.4482979524,208423.243376235,1727642.80493385,14208.0701838644,100.0004000016,
73.24136,25325.6295370915,3900.60849492521,883668.440560744,7402.19104855037,0,300.003600043201,22319.9093591484,203340.551570067,1750212.93169494,14107.9568876847,0,
73.36768,28632.7558727184,5201.0818250196,842784.901197865,7001.96054895371,300.003600043201,200.0016000128,21418.3340939844,199682.282405783,1722991.6068428,13907.7326993809,0,
73.49398,28332.0719053969,3100.38444767151,873596.098675686,6801.85010322808,400.006400102402,800.025600819226,24524.0335528818,199275.873608496,1772442.8033532,14408.2991803279,0,
73.6203,29534.8511243267,4700.88376614804,897825.825726279,7602.31110257518,600.014400345608,600.014400345608,24123.2548176442,206999.883039521,1771640.0520869,13507.2939387269,0,
73.7465,26728.5460872212,4200.70571856072,877988.390099289,5801.34591225164,500.010000200004,200.0016000128,24824.6260290208,203747.091487586,1737853.52789935,13407.186251831,0,
73.87281,28332.0719053969,4800.92177698118,872096.633315809,7602.31110257518,200.0016000128,300.003600043201,20516.8237955123,192368.929142935,1612816.32926703,13507.2939387269,0,
73.99908,23522.1107841371,4500.81014582625,848449.506604796,5601.25468104855,700.019600548815,200.0016000128,22019.3770518056,196228.225419568,1660410.35703622,13707.5117164206,0,
74.12536,28231.8455217485,4600.84655576626,832424.032007407,7502.25067520256,0,100.0004000016,26027.0681508769,185364.281108962,1692975.26308596,14608.5313823273,0,
74.25164,27630.5040765005,4400.77453631839,845670.333305765,6301.58800017604,200.0016000128,700.019600548815,24023.0621396541,188713.844120148,1693089.2659614,11905.6670975384,0,
74.37788,27229.6258329062,3900.60849492521,830609.065097268,9003.24116682005,600.014400345608,300.003600043201,22420.0883992057,184450.918527294,1628378.60867787,14408.2991803279,0,
74.50417,20516.8237955123,3700.5476810568,829648.303508699,6901.90492575951,300.003600043201,200.0016000128,24223.4482979524,185770.241299828,1711798.92212549,12205.9565067753,0,
74.63039,22920.9956319989,4700.88376614804,848021.902579839,7202.07419736884,300.003600043201,200.0016000128,23021.1794851263,182928.794765174,1698904.70413342,16010.246557797,100.0004000016,
74.75655,20717.1538033492,3900.60849492521,853367.969952182,6801.85010322808,400.006400102402,200.0016000128,24023.0621396541,182421.461063947,1707347.29807109,14408.2991803279,0,
74.88278,27830.9480141918,3800.57768780855,846525.399897441,7102.01697282028,200.0016000128,200.0016000128,25726.4467872973,182827.326389588,1698334.4511036,13807.6218072376,0,
75.00902,27830.9480141918,3400.46246289495,838618.192040879,6701.7960813498,200.0016000128,200.0016000128,25726.4467872973,192368.929142935,1666552.88937434,14308.184281409,100.0004000016,
75.1353,25926.8602271954,5101.04061228491,845563.453959747,8002.56081946223,0,200.0016000128,24624.2302425587,190744.315960453,1738425.47038238,13907.7326993809,0,
75.26161,23922.8702639724,4000.64010241639,870918.603881052,8102.62525058119,400.006400102402,500.010000200004,22319.9093591484,186582.200944598,1643135.44943772,13106.8679988314,0,
75.38785,23121.3641404658,2900.33643902693,812153.600898676,9603.68781612139,500.010000200004,100.0004000016,27129.408278574,188003.256305061,1634846.9029,13407.186251831,0,
75.51407,22420.0883992057,3200.40965243551,857860.375828486,7802.43435952017,400.006400102402,400.006400102402,26928.9755777216,188916.876574307,1589860.96693498,12606.3536022155,0,
75.64027,22019.3770518056,3400.46246289495,804693.564102988,7602.31110257518,400.006400102402,300.003600043201,24423.8376655616,190033.613580854,1716366.23222293,12105.8592358702,0,
75.76652,21017.6548300572,3200.40965243551,846739.175385633,5001.00020004001,300.003600043201,200.0016000128,24123.2548176442,195212.506500365,1693431.28043051,14808.7667899396,0,
75.89268,20717.1538033492,2400.23042212052,851336.203865705,7702.37233067785,400.006400102402,100.0004000016,24223.4482979524,189119.91230156,1660637.8077704,15309.3693340324,100.0004000016,
76.01889,17912.8255831175,2500.2500250025,808742.763228529,6901.90492575951,200.0016000128,100.0004000016,27229.6258329062,179783.655298834,1643021.87285524,13206.9732818928,0,
76.14517,19214.7569333248,2500.2500250025,831996.958024038,7802.43435952017,200.0016000128,0,25526.0365572884,180595.228982261,1677935.42659086,13707.5117164206,100.0004000016,
76.27148,22219.7311212357,2800.31363512713,831249.612531256,9303.46088745013,200.0016000128,0,24524.0335528818,185973.226303022,1635982.01538494,13507.2939387269,0,
76.39776,16510.8971921468,2700.2916314962,787658.233070918,7402.19104855037,300.003600043201,700.019600548815,23321.7358578195,175219.527914283,1634619.8920126,12406.1534521122,0,
76.52404,19214.7569333248,3400.46246289495,815352.080097809,8002.56081946223,300.003600043201,0,26528.1198069954,182421.461063947,1570192.07060444,13106.8679988314,0,
76.65036,19114.6035571176,3500.49006860961,794043.845747491,8903.16952835209,400.006400102402,0,26227.4864057532,191556.596358712,1626676.94811419,9503.61137232148,0,
76.77656,18113.1138944596,2300.21161946899,808103.331516443,7402.19104855037,400.006400102402,1000.04000160006,25325.6295370915,188612.329120454,1687276.3606241,13707.5117164206,100.0004000016,
76.90287,16110.3750815525,2600.27042812453,818231.389186085,8202.69048247825,300.003600043201,500.010000200004,28131.6199408135,182827.326389588,1562851.95778844,15609.7404780583,0,
77.02912,14908.8856958747,3300.43565750679,799474.103519874,7302.132222609,400.006400102402,700.019600548815,26427.9078707115,189322.951301986,1714881.68513199,15109.1259120509,0,
77.15538,18713.9980705568,2600.27042812453,814605.697386736,7202.07419736884,200.0016000128,100.0004000016,24123.2548176442,183233.204798111,1618171.90654253,15609.7404780583,0,
77.28162,15209.2472223112,2700.2916314962,799261.109161834,9103.31360615264,700.019600548815,200.0016000128,26127.2768770597,176537.883640084,1565900.43525571,15910.1188355794,0,
77.40789,17412.118834709,2000.16001280102,795747.209931982,7902.49718911176,100.0004000016,0,26528.1198069954,177754.949946623,1595065.6578981,17211.841747122,0,
77.53418,16310.634533716,2300.21161946899,772770.75842048,7802.43435952017,0,300.003600043201,27229.6258329062,178160.664864582,1592349.91277709,14408.2991803279,0,
77.66038,16410.7654621432,2000.16001280102,777979.418861232,7702.37233067785,300.003600043201,200.0016000128,24223.4482979524,189119.91230156,1637571.33541604,15609.7404780583,0,
77.78663,15609.7404780583,2200.1936170383,785636.781457445,9403.53572943427,200.0016000128,300.003600043201,25125.2257266295,186886.699308872,1648929.13943146,15409.4922472243,0,
77.91292,15509.6159618964,2500.2500250025,817911.434236616,7402.19104855037,200.0016000128,0,29234.1454819229,196939.277392097,1600045.96487943,12306.0545788528,0,
78.03919,15509.6159618964,3400.46246289495,802775.96584951,9103.31360615264,1000.04000160006,500.010000200004,24223.4482979524,183943.523495612,1660751.53459286,16510.8971921468,0,
78.16552,15209.2472223112,1300.06760351538,811940.39713219,10804.6676164103,600.014400345608,0,27029.191526849,190541.254045601,1654270.65386124,16410.7654621432,0,
78.29168,16210.5044068556,2500.2500250025,810554.658495389,8803.09869073914,100.0004000016,600.014400345608,25626.2412710616,199987.097606606,1623274.27936121,15209.2472223112,100.0004000016,
78.41792,14808.7667899396,2200.1936170383,758537.409639051,8202.69048247825,300.003600043201,300.003600043201,26528.1198069954,183740.57120753,1616811.60407812,15509.6159618964,0,
78.54415,13707.5117164206,1700.11560786133,752169.362747118,8803.09869073914,300.003600043201,200.0016000128,28833.2158646761,181305.398871878,1584545.23413541,16010.246557797,0,
78.67043,14208.0701838644,2600.27042812453,770220.345692044,7302.132222609,300.003600043201,300.003600043201,25125.2257266295,178059.234909278,1542772.08464809,15709.8657957197,0,
78.79673,13407.186251831,1300.06760351538,771070.427181263,8903.16952835209,500.010000200004,200.0016000128,28432.2990917683,181203.943577987,1599479.92696847,15109.1259120509,0,
78.92296,14508.4148806308,2300.21161946899,779999.670016004,9003.24116682005,400.006400102402,400.006400102402,27830.9480141918,184349.437885321,1624068.15761448,17612.3991289868,0,
79.04928,15009.0054032419,1700.11560786133,768414.108722093,9603.68781612139,100.0004000016,300.003600043201,22720.6303323418,190135.140036999,1622480.44845036,15309.3693340324,0,
79.17549,14508.4148806308,3100.38444767151,809062.490966828,10504.4118529783,900.032401166442,300.003600043201,27730.7256440136,195415.643732792,1733050.17686586,15910.1188355794,0,
79.30182,13607.4024269202,2700.2916314962,786381.489916493,8102.62525058119,400.006400102402,200.0016000128,24524.0335528818,181609.769658779,1602423.58719849,15709.8657957197,0,
79.42812,13507.2939387269,2700.2916314962,780425.026399155,7202.07419736884,500.010000200004,500.010000200004,25325.6295370915,188612.329120454,1566352.12105755,16811.2971917128,0,
79.55444,14708.648685427,2700.2916314962,787232.637972009,7502.25067520256,300.003600043201,200.0016000128,26327.6967369673,178059.234909278,1602536.81791096,15709.8657957197,0,
79.68069,13006.7635170289,3000.36004320518,788935.102660593,6501.69043951427,100.0004000016,200.0016000128,30136.2840860396,188916.876574307,1610918.56633144,14708.648685427,100.0004000016,
79.8069,13106.8679988314,2800.31363512713,797024.880714557,8102.62525058119,200.0016000128,100.0004000016,26928.9755777216,188003.256305061,1614884.74690309,14107.9568876847,0,
79.93313,12706.4548790786,2300.21161946899,790424.943673712,7502.25067520256,300.003600043201,300.003600043201,28833.2158646761,184856.849273669,1670990.92332837,14808.7667899396,0,
80.05942,13307.0793662228,2700.2916314962,796066.615762429,6901.90492575951,700.019600548815,700.019600548815,26528.1198069954,182117.070654977,1535559.77294052,12205.9565067753,0,
80.18562,14708.648685427,2400.23042212052,780318.685987469,8302.75651516303,900.032401166442,300.003600043201,25626.2412710616,181508.311912264,1644839.21438224,15109.1259120509,100.0004000016,
80.3118,14208.0701838644,2800.31363512713,827513.533617092,6601.74286011507,0,200.0016000128,26928.9755777216,185567.259568501,1576971.16079705,13106.8679988314,0,
80.43808,15509.6159618964,2500.2500250025,834346.039698089,8703.02865397158,200.0016000128,200.0016000128,25025.025025025,195618.784240846,1642340.43369467,14908.8856958747,0,
80.56431,13106.8679988314,3200.40965243551,793085.802247506,8602.95941803981,300.003600043201,100.0004000016,25926.8602271954,177044.98030148,1544575.77520779,12005.7627661277,100.0004000016,
80.69059,13006.7635170289,2600.27042812453,811514.000165194,6001.44034568296,500.010000200004,100.0004000016,26027.0681508769,187698.730942987,1577536.24112842,13607.4024269202,0,
80.81689,12806.5569571621,2000.16001280102,820577.967817232,7001.96054895371,300.003600043201,400.006400102402,30637.5003003677,186988.200399768,1616471.55018589,16110.3750815525,0,
80.94315,14107.9568876847,2600.27042812453,812580.018998059,7001.96054895371,200.0016000128,700.019600548815,26227.4864057532,177754.949946623,1536799.1100619,11705.4781637807,0,
81.06938,12706.4548790786,2400.23042212052,845777.213535744,7001.96054895371,400.006400102402,200.0016000128,26628.3325458288,179682.212266735,1592463.05775032,14007.84439286,300.003600043201,
81.19575,13307.0793662228,3100.38444767151,830715.820796826,7402.19104855037,300.003600043201,0,24824.6260290208,177653.523260123,1536799.1100619,16110.3750815525,0,
81.32206,10804.6676164103,2200.1936170383,790531.36747587,6101.48876325823,400.006400102402,100.0004000016,24023.0621396541,177856.377450309,1486754.50380774,13206.9732818928,0,
81.44838,14608.5313823273,2000.16001280102,822711.591298779,7702.37233067785,200.0016000128,100.0004000016,25125.2257266295,184247.958061176,1560481.40341334,14908.8856958747,0,
81.57469,15209.2472223112,2000.16001280102,844174.102897029,6101.48876325823,600.014400345608,300.003600043201,23622.2994506814,178870.697434575,1547169.00989678,14208.0701838644,0,
81.7009,12105.8592358702,2100.17641481884,843212.331967433,7102.01697282028,400.006400102402,300.003600043201,26227.4864057532,172988.778888522,1538714.67697077,13507.2939387269,0,
81.82713,15609.7404780583,2300.21161946899,801817.273594214,6101.48876325823,200.0016000128,300.003600043201,25125.2257266295,166197.568743985,1454802.49902646,11905.6670975384,0,
81.95344,13507.2939387269,1600.10240655402,773514.723893492,4700.88376614804,500.010000200004,400.006400102402,23421.922919853,167312.292118,1429631.63436613,14308.184281409,0,
82.07967,13106.8679988314,2000.16001280102,845670.333305765,6201.53798141939,400.006400102402,400.006400102402,26427.9078707115,168832.528601861,1510347.51884356,13106.8679988314,0,
82.20593,12506.2531265633,2800.31363512713,859786.170600113,6001.44034568296,300.003600043201,200.0016000128,27830.9480141918,174813.907775594,1482714.20278556,12806.5569571621,0,
82.33218,12306.0545788528,1600.10240655402,829114.577952268,5401.16665199683,100.0004000016,300.003600043201,29534.8511243267,173191.557918479,1492817.26738247,11505.2924345199,0,
82.45851,9003.24116682005,2300.21161946899,827193.348567934,6501.69043951427,200.0016000128,400.006400102402,24123.2548176442,184247.958061176,1482938.63161597,11805.5722300926,0,
82.58473,13106.8679988314,2100.17641481884,816418.415987179,5401.16665199683,200.0016000128,100.0004000016,25926.8602271954,169339.314910719,1387897.87672419,9003.24116682005,0,
82.71103,12506.2531265633,1800.12960933187,790637.792156345,5301.12383825371,100.0004000016,0,23522.1107841371,171569.417147276,1445735.46648162,11405.2007715518,0,
82.83734,12906.6598364756,2000.16001280102,829434.810639248,5901.39272868397,500.010000200004,800.025600819226,23622.2994506814,169846.121628751,1440924.62855789,12306.0545788528,0,
82.96357,12706.4548790786,2200.1936170383,828901.093905619,8402.82334864514,300.003600043201,200.0016000128,23922.8702639724,169744.758652351,1423262.61763637,12105.8592358702,100.0004000016,
83.08979,15309.3693340324,1400.07840439065,859572.179237867,5701.29989637637,500.010000200004,500.010000200004,25325.6295370915,168224.411969605,1427843.53025248,10004.0016006403,0,
83.21598,13507.2939387269,2100.17641481884,856148.799033601,4700.88376614804,700.019600548815,300.003600043201,25325.6295370915,167210.949548802,1440812.76943188,10604.4963064339,0,
83.34214,14007.84439286,2700.2916314962,815147.074102044,5201.0818250196,300.003600043201,300.003600043201,23221.549598027,163563.160543533,1399043.72104025,9503.61137232148,0,
83.46845,32442.0448901777,2900.33643902693,821858.099593874,5201.0818250196,600.014400345608,400.006400102402,24624.2302425587,165184.269545295,1420135.10200286,9403.53572943427,0,
83.59468,12105.8592358702,1400.07840439065,820791.314298935,5401.16665199683,100.0004000016,200.0016000128,26928.9755777216,156068.247406912,1343630.53163554,8402.82334864514,0,
83.72098,13607.4024269202,2200.1936170383,807677.061310782,5601.25468104855,400.006400102402,400.006400102402,22920.9956319989,166298.903152029,1367859.05641034,9603.68781612139,0,
83.84729,14408.2991803279,1900.14441097523,807144.243355177,6401.6388195378,400.006400102402,200.0016000128,24524.0335528818,167312.292118,1361630.96247369,10204.1632986258,0,
83.97361,13507.2939387269,1900.14441097523,859037.216326362,5601.25468104855,800.025600819226,300.003600043201,24524.0335528818,161131.888614688,1371530.56143934,12406.1534521122,0,
84.09992,13307.0793662228,2100.17641481884,834559.613763,5301.12383825371,300.003600043201,100.0004000016,23622.2994506814,152929.813264649,1416450.05177624,10904.7544729502,100.0004000016,
84.22612,14408.2991803279,2000.16001280102,830395.556345392,5601.25468104855,200.0016000128,500.010000200004,24323.6425805883,159004.911037759,1331643.89506103,10804.6676164103,0,
84.35236,14208.0701838644,2800.31363512713,856041.833007202,6101.48876325823,400.006400102402,200.0016000128,23522.1107841371,164778.972713327,1350405.58544277,9903.92195309342,0,
84.47866,14408.2991803279,2300.21161946899,851336.203865705,4300.73972723308,100.0004000016,200.0016000128,23121.3641404658,157992.190959224,1386672.40840658,10704.5815609081,0,
84.60498,12506.2531265633,2400.23042212052,820577.967817232,5401.16665199683,200.0016000128,300.003600043201,25726.4467872973,159207.464837492,1368081.54276481,9703.76506084361,0,
84.73127,15009.0054032419,2500.2500250025,826766.447517945,4500.81014582625,100.0004000016,200.0016000128,20316.4969955604,152322.464847114,1326652.68194876,8302.75651516303,0,
84.85751,13206.9732818928,1400.07840439065,799900.102786802,4300.73972723308,0,100.0004000016,22620.4488857928,165285.59579317,1303828.15393421,12506.2531265633,0,
84.9838,14107.9568876847,2000.16001280102,859679.17447629,5701.29989637637,500.010000200004,500.010000200004,28031.3951625821,156979.55240702,1338412.78403344,10204.1632986258,0,
85.11,14808.7667899396,1800.12960933187,867492.219058341,4200.70571856072,200.0016000128,100.0004000016,23722.4889194957,142103.167100452,1301282.24011177,10104.0820491479,0,
85.23626,13807.6218072376,2200.1936170383,854651.355197405,4900.9605882753,200.0016000128,400.006400102402,23922.8702639724,158903.63536094,1410198.98500323,11104.9305891816,0,
85.36259,15009.0054032419,2200.1936170383,853047.143548527,4800.92177698118,100.0004000016,200.0016000128,24524.0335528818,158295.998422072,1360185.57570645,13106.8679988314,0,
85.48881,14808.7667899396,2200.1936170383,840968.478153012,4400.77453631839,700.019600548815,300.003600043201,24824.6260290208,147161.187267892,1287122.67464113,9403.53572943427,0,
85.6151,11905.6670975384,1200.05760276493,812899.84181855,4400.77453631839,600.014400345608,100.0004000016,24323.6425805883,155157.008427984,1394249.85430374,11805.5722300926,0,
85.74132,14708.648685427,1600.10240655402,844067.235925321,6301.58800017604,200.0016000128,100.0004000016,26828.7604311822,153840.890888675,1331643.89506103,8402.82334864514,0,
85.86749,11705.4781637807,2200.1936170383,848770.218908065,5201.0818250196,300.003600043201,400.006400102402,22720.6303323418,152221.242962408,1366301.75705035,10704.5815609081,100.0004000016,
85.99377,15309.3693340324,2100.17641481884,871454.058506741,6701.7960813498,100.0004000016,300.003600043201,22720.6303323418,158194.728452509,1370306.61282905,11505.2924345199,0,
86.12006,12906.6598364756,2300.21161946899,839579.621047061,5401.16665199683,400.006400102402,200.0016000128,21718.8519635043,153739.656782253,1345296.2054343,11405.2007715518,0,
86.24633,12706.4548790786,2700.2916314962,851763.917555623,6101.48876325823,200.0016000128,300.003600043201,24423.8376655616,152626.135389544,1379656.00928564,12606.3536022155,0,
86.37254,14107.9568876847,2100.17641481884,858823.237359173,5801.34591225164,200.0016000128,200.0016000128,25325.6295370915,151006.643889915,1310361.23073555,10404.3282005314,0,
86.49878,12306.0545788528,1400.07840439065,824525.448520358,4300.73972723308,200.0016000128,100.0004000016,26427.9078707115,153942.125809957,1322217.63630697,11505.2924345199,0,
86.62501,14208.0701838644,2200.1936170383,850480.818943232,4800.92177698118,200.0016000128,300.003600043201,26227.4864057532,149792.162117572,1396479.34317113,9803.84310649775,0,
86.75121,14308.184281409,2500.2500250025,872310.832012121,4300.73972723308,500.010000200004,200.0016000128,25526.0365572884,147464.733195458,1381771.67315306,9803.84310649775,0,
86.87746,14708.648685427,2500.2500250025,823245.052266248,6301.58800017604,200.0016000128,500.010000200004,25826.6531060054,160118.99729881,1366857.91427607,11205.0198488923,0,
87.00374,12706.4548790786,2300.21161946899,862568.380630798,5701.29989637637,200.0016000128,100.0004000016,22920.9956319989,158599.813222555,1383999.05439747,11205.0198488923,0,
87.13003,13907.7326993809,2500.2500250025,856469.702423061,7802.43435952017,300.003600043201,700.019600548815,26628.3325458288,159713.863606172,1400604.89065925,9303.46088745013,100.0004000016,
87.25635,15009.0054032419,2000.16001280102,834346.039698089,4700.88376614804,300.003600043201,0,25425.8326459683,151512.712580585,1348183.87238204,9703.76506084361,0,
87.38259,15209.2472223112,2100.17641481884,831676.661803423,5701.29989637637,200.0016000128,200.0016000128,24524.0335528818,157789.656726992,1303274.65248114,9903.92195309342,0,
87.50886,12906.6598364756,2500.2500250025,820364.624861086,6101.48876325823,300.003600043201,400.006400102402,25526.0365572884,159815.145806161,1357184.12496257,11605.3848985929,0,
87.63519,10804.6676164103,2500.2500250025,873596.098675686,5401.16665199683,500.010000200004,400.006400102402,27830.9480141918,158498.540807085,1341965.06844696,11205.0198488923,100.0004000016,
87.76151,17111.7044058136,2800.31363512713,835520.740756051,5901.39272868397,200.0016000128,400.006400102402,25526.0365572884,155460.74741905,1388789.19790747,10404.3282005314,0,
87.88783,14808.7667899396,3100.38444767151,824632.153939599,6901.90492575951,200.0016000128,500.010000200004,25626.2412710616,144429.603643327,1282479.88864639,11905.6670975384,0,
88.01414,14208.0701838644,1700.11560786133,790318.520749859,7001.96054895371,300.003600043201,200.0016000128,26728.5460872212,153942.125809957,1305710.23313173,10904.7544729502,0,
88.1404,12205.9565067753,2000.16001280102,827513.533617092,7402.19104855037,500.010000200004,100.0004000016,26828.7604311822,160422.856130689,1381994.39435383,11705.4781637807,0,
88.2666,12306.0545788528,2200.1936170383,837977.2791163,7001.96054895371,200.0016000128,0,26528.1198069954,153739.656782253,1386004.01911613,11805.5722300926,0,
88.39284,14208.0701838644,2000.16001280102,832210.49325056,8502.8909829342,600.014400345608,300.003600043201,25125.2257266295,161233.182231741,1289002.36390709,8102.62525058119,0,
88.51912,14107.9568876847,2300.21161946899,801178.18500064,8002.56081946223,200.0016000128,200.0016000128,27830.9480141918,158498.540807085,1413324.14854008,11505.2924345199,0,
88.64536,17311.9798900839,1500.09000540032,846204.743295494,6401.6388195378,200.0016000128,100.0004000016,26728.5460872212,153031.040852547,1351961.00753034,9303.46088745013,0,
88.77156,12406.1534521122,1700.11560786133,817058.259806351,10004.0016006403,500.010000200004,100.0004000016,28332.0719053969,159106.187529939,1325876.44107848,9903.92195309342,0,
88.89779,16711.163056922,2100.17641481884,809275.647193396,10304.2453490838,200.0016000128,100.0004000016,26027.0681508769,159207.464837492,1407074.56090316,9403.53572943427,0,
89.02403,17712.5404786589,2400.23042212052,803415.133599762,7802.43435952017,300.003600043201,100.0004000016,30036.0432519023,158498.540807085,1432649.60879679,10404.3282005314,0,
89.1503,14408.2991803279,2200.1936170383,832317.262187687,8102.62525058119,100.0004000016,200.0016000128,30136.2840860396,158295.998422072,1365968.07397658,8703.02865397158,0,
89.2766,14508.4148806308,1600.10240655402,789467.168976715,8502.8909829342,300.003600043201,500.010000200004,27530.2833116428,152018.801637095,1325765.55326229,8703.02865397158,0,
89.40285,14007.84439286,3700.5476810568,796811.926794839,8002.56081946223,100.0004000016,0,27931.1711870447,154448.312639607,1420693.53263695,10204.1632986258,0,
89.52908,14408.2991803279,2000.16001280102,801497.725339961,8903.16952835209,400.006400102402,200.0016000128,27029.191526849,147768.286451187,1345518.31118905,10604.4963064339,0,
89.65536,13006.7635170289,2200.1936170383,784360.238453764,9203.38684635946,400.006400102402,100.0004000016,29334.3798932349,155561.995379426,1382662.58051989,10604.4963064339,0,
89.78166,15209.2472223112,3300.43565750679,821218.017839363,9803.84310649775,200.0016000128,200.0016000128,28031.3951625821,152727.360533157,1271984.39654303,11805.5722300926,0,
89.90789,17011.567866149,2100.17641481884,768732.83802393,8903.16952835209,300.003600043201,100.0004000016,28432.2990917683,158498.540807085,1351072.17242455,11004.8421305374,0,
90.03422,14208.0701838644,2800.31363512713,809915.13699903,8803.09869073914,0,200.0016000128,29935.8032206519,159511.301652477,1363410.11764408,8302.75651516303,0,
90.16042,15009.0054032419,2600.27042812453,799474.103519874,8302.75651516303,200.0016000128,200.0016000128,26628.3325458288,143316.906366288,1332309.53313868,9903.92195309342,0,
90.28674,14908.8856958747,2500.2500250025,809169.068640001,8703.02865397158,600.014400345608,0,28732.9854673165,153739.656782253,1347184.22372764,10804.6676164103,0,
90.41305,18313.4054127621,2700.2916314962,796705.451153422,8502.8909829342,500.010000200004,200.0016000128,29835.5639922788,150095.771564698,1358406.85571619,12706.4548790786,0,
90.53936,13507.2939387269,2400.23042212052,805652.470117054,6501.69043951427,200.0016000128,100.0004000016,29334.3798932349,152423.687546532,1405847.31082851,9503.61137232148,100.0004000016,
90.66562,15109.1259120509,2000.16001280102,806611.447399932,9103.31360615264,500.010000200004,100.0004000016,34246.8496903764,166197.568743985,1428067.03003497,9303.46088745013,0,
90.79182,17912.8255831175,2600.27042812453,819297.693565371,9503.61137232148,300.003600043201,100.0004000016,28933.4470648069,160726.722302066,1354739.0037487,9503.61137232148,0,
90.91806,15109.1259120509,1800.12960933187,773514.723893492,7202.07419736884,400.006400102402,200.0016000128,27931.1711870447,160118.99729881,1381214.88660299,11805.5722300926,0,
91.04434,14107.9568876847,2400.23042212052,785211.253078754,8703.02865397158,300.003600043201,300.003600043201,26728.5460872212,148476.605881122,1326763.57723851,9403.53572943427,0,
91.17053,13307.0793662228,2800.31363512713,772877.036572743,7902.49718911176,700.019600548815,200.0016000128,29033.6790677186,145744.736492712,1345296.2054343,11705.4781637807,0,
91.29673,14007.84439286,1700.11560786133,765227.249304339,9203.38684635946,100.0004000016,0,28833.2158646761,157384.598045372,1358962.67992628,8703.02865397158,0,
91.42301,14007.84439286,2200.1936170383,761828.801312411,9103.31360615264,500.010000200004,300.003600043201,26528.1198069954,155359.50027369,1358295.69368708,10204.1632986258,0,
91.54925,17211.841747122,2300.21161946899,808423.043411832,10204.1632986258,500.010000200004,100.0004000016,26628.3325458288,152727.360533157,1348517.10545731,10204.1632986258,0,
91.67552,13507.2939387269,3000.36004320518,777447.826445599,8602.95941803981,100.0004000016,0,27029.191526849,157080.812593836,1354627.87265444,11805.5722300926,0,
91.80168,12906.6598364756,1800.12960933187,789786.41930479,7902.49718911176,200.0016000128,500.010000200004,26828.7604311822,155055.763727617,1327983.48708876,12306.0545788528,0,
91.92783,14208.0701838644,3000.36004320518,757369.698618169,7602.31110257518,300.003600043201,100.0004000016,25425.8326459683,163461.848165684,1346073.59196044,9903.92195309342,0,
92.05407,13507.2939387269,2000.16001280102,756626.664908348,9703.76506084361,500.010000200004,300.003600043201,28031.3951625821,151613.928762581,1243743.49155161,9403.53572943427,0,
92.18035,13507.2939387269,2500.2500250025,796386.029502811,9703.76506084361,300.003600043201,100.0004000016,30136.2840860396,162752.684362456,1337635.84952571,9603.68781612139,0,
92.30667,15809.9919148902,1800.12960933187,809915.13699903,8602.95941803981,200.0016000128,400.006400102402,27329.8441898553,152929.813264649,1361075.02572841,9503.61137232148,0,
92.43299,15309.3693340324,1800.12960933187,785424.015512511,6901.90492575951,100.0004000016,500.010000200004,29635.0879441258,151107.855998841,1281927.28526614,10104.0820491479,0,
92.55929,14808.7667899396,2200.1936170383,800965.162504799,10204.1632986258,600.014400345608,500.010000200004,26027.0681508769,151310.282660485,1348072.79656337,11805.5722300926,0,
92.68555,12005.7627661277,2100.17641481884,808742.763228529,8302.75651516303,100.0004000016,200.0016000128,24123.2548176442,156068.247406912,1297630.2679413,10104.0820491479,0,
92.81177,14908.8856958747,2100.17641481884,786168.711681753,8502.8909829342,300.003600043201,600.014400345608,26528.1198069954,151512.712580585,1320776.56819187,9103.31360615264,0,
92.938,12406.1534521122,2500.2500250025,772664.481144719,7302.132222609,200.0016000128,0,25526.0365572884,147161.187267892,1315789.47368421,9603.68781612139,0,
93.06435,13507.2939387269,2800.31363512713,779255.330118832,7602.31110257518,300.003600043201,300.003600043201,25325.6295370915,150500.595563854,1334750.49403992,10104.0820491479,0,
93.19064,13607.4024269202,1700.11560786133,790318.520749859,8903.16952835209,200.0016000128,500.010000200004,23822.6791905894,146554.117396185,1333640.91025917,10604.4963064339,0,
93.31696,15009.0054032419,2900.33643902693,820257.954705071,7502.25067520256,300.003600043201,200.0016000128,25025.025025025,156270.753923372,1345185.15396126,10304.2453490838,0,
93.4431,13807.6218072376,2200.1936170383,783722.014348126,6901.90492575951,300.003600043201,600.014400345608,22720.6303323418,152423.687546532,1276071.11776304,10004.0016006403,0,
93.56942,14107.9568876847,1600.10240655402,787445.433765462,6701.7960813498,500.010000200004,200.0016000128,26327.6967369673,149083.768580143,1248813.55362738,9803.84310649775,0,
93.69569,14107.9568876847,1700.11560786133,777554.143174722,7102.01697282028,200.0016000128,400.006400102402,27430.063349431,156979.55240702,1304824.51525469,9903.92195309342,0,
93.82196,15309.3693340324,2000.16001280102,789573.584874518,6801.85010322808,500.010000200004,200.0016000128,24023.0621396541,153739.656782253,1288338.91347141,9803.84310649775,100.0004000016,
93.94825,14007.84439286,2700.2916314962,793405.142173249,6501.69043951427,500.010000200004,200.0016000128,26127.2768770597,152221.242962408,1287233.23715711,11405.2007715518,0,
94.0745,13106.8679988314,2900.33643902693,834132.46916438,7502.25067520256,300.003600043201,400.006400102402,23822.6791905894,153942.125809957,1317451.62852391,9203.38684635946,0,
94.20077,14408.2991803279,2500.2500250025,805013.191522744,8202.69048247825,300.003600043201,500.010000200004,25526.0365572884,155359.50027369,1250577.51270528,7402.19104855037,0,
94.32705,16410.7654621432,1700.11560786133,770964.163928072,6101.48876325823,400.006400102402,300.003600043201,25325.6295370915,146048.248225695,1289223.52149407,10804.6676164103,0,
94.4534,14208.0701838644,2800.31363512713,806291.780386392,5201.0818250196,300.003600043201,400.006400102402,23121.3641404658,149488.560000644,1258518.26332462,9803.84310649775,0,
94.57963,12706.4548790786,1600.10240655402,858395.290048448,5301.12383825371,100.0004000016,200.0016000128,24724.4277346018,154144.598097139,1315678.67082665,9303.46088745013,0,
94.70593,14408.2991803279,3300.43565750679,819617.952277084,5201.0818250196,800.025600819226,0,23021.1794851263,149488.560000644,1276071.11776304,10304.2453490838,0,
94.83224,13106.8679988314,2200.1936170383,789680.001650539,6201.53798141939,400.006400102402,200.0016000128,22119.5536854579,151411.497213224,1293426.22274949,9203.38684635946,0,
94.95848,13006.7635170289,2100.17641481884,814499.074808353,5601.25468104855,400.006400102402,200.0016000128,23121.3641404658,146452.941933823,1290218.77668457,8903.16952835209,0,
95.08471,10704.5815609081,2200.1936170383,784892.116011387,5901.39272868397,600.014400345608,0,21919.201220269,137957.108612063,1195016.6600306,8803.09869073914,0,
95.2109,11805.5722300926,2300.21161946899,799154.613301631,4800.92177698118,200.0016000128,500.010000200004,22319.9093591484,149893.364452135,1282148.32382971,8102.62525058119,0,
95.33715,13006.7635170289,3000.36004320518,849411.66739045,6401.6388195378,300.003600043201,200.0016000128,25125.2257266295,153435.959352048,1256312.01740899,8502.8909829342,0,
95.46331,13607.4024269202,3300.43565750679,803095.545766435,5101.04061228491,500.010000200004,200.0016000128,25726.4467872973,145036.570941189,1238565.23327134,8302.75651516303,0,
95.58953,14608.5313823273,2200.1936170383,842357.484566944,5001.00020004001,100.0004000016,300.003600043201,24423.8376655616,152727.360533157,1208197.92431072,8402.82334864514,0,
95.71576,11805.5722300926,2600.27042812453,803202.074164596,4800.92177698118,400.006400102402,600.014400345608,25526.0365572884,144733.083629371,1238895.69934004,7902.49718911176,0,
95.84204,15109.1259120509,1900.14441097523,805545.921485078,6101.48876325823,700.019600548815,500.010000200004,23922.8702639724,136036.228066295,1223482.8141783,7001.96054895371,0,
95.96828,15009.0054032419,2500.2500250025,794576.122889488,5701.29989637637,0,500.010000200004,26127.2768770597,152626.135389544,1226233.78694227,7602.31110257518,0,
96.09455,15009.0054032419,2500.2500250025,837122.778007441,5801.34591225164,400.006400102402,200.0016000128,23922.8702639724,148780.183565976,1231847.56148745,6301.58800017604,0,
96.22078,14808.7667899396,2600.27042812453,789680.001650539,6501.69043951427,600.014400345608,0,26027.0681508769,142710.022085357,1241980.45077424,8002.56081946223,0,
96.34703,13607.4024269202,2100.17641481884,820471.29589847,5601.25468104855,200.0016000128,200.0016000128,26928.9755777216,136541.694484439,1194138.38048977,8402.82334864514,0,
96.47322,15509.6159618964,2600.27042812453,801391.211014098,5801.34591225164,400.006400102402,700.019600548815,25826.6531060054,139473.800645984,1216442.95302013,9103.31360615264,0,
96.59951,13907.7326993809,2700.2916314962,862568.380630798,4900.9605882753,200.0016000128,200.0016000128,22319.9093591484,140485.030349594,1220952.42889927,9703.76506084361,0,
96.72574,12806.5569571621,2000.16001280102,794895.499719352,5701.29989637637,500.010000200004,200.0016000128,19815.6940296715,134621.030237954,1160697.84184707,7402.19104855037,0,
96.85201,15910.1188355794,2200.1936170383,842571.191115117,6101.48876325823,300.003600043201,100.0004000016,26427.9078707115,152322.464847114,1250026.25002625,7001.96054895371,0,
96.97826,13607.4024269202,2400.23042212052,841716.386128994,4900.9605882753,400.006400102402,100.0004000016,23321.7358578195,138867.101870734,1196553.79095569,7702.37233067785,0,
97.10449,13607.4024269202,1600.10240655402,838084.095729068,4400.77453631839,300.003600043201,500.010000200004,22920.9956319989,138765.988255169,1220292.40870094,7802.43435952017,0,
97.23075,11605.3848985929,2200.1936170383,851656.98780629,4400.77453631839,400.006400102402,500.010000200004,24724.4277346018,146554.117396185,1196553.79095569,8903.16952835209,0,
97.35705,15509.6159618964,2500.2500250025,822284.838393813,5001.00020004001,200.0016000128,500.010000200004,25025.025025025,136844.984093404,1204132.28684511,6801.85010322808,0,
97.48326,14308.184281409,1500.09000540032,859358.191417176,5301.12383825371,300.003600043201,200.0016000128,23522.1107841371,139777.161015245,1223042.71209197,7702.37233067785,0,
97.60955,13106.8679988314,2500.2500250025,810767.8393703,4700.88376614804,500.010000200004,300.003600043201,24323.6425805883,139777.161015245,1188101.80257942,8202.69048247825,0,
97.73576,16310.634533716,1700.11560786133,830929.334843237,4000.64010241639,200.0016000128,400.006400102402,23021.1794851263,142103.167100452,1206219.88905335,7902.49718911176,0,
97.862,15209.2472223112,2000.16001280102,867706.341519945,5501.21026625858,200.0016000128,200.0016000128,28532.5270808722,145441.232086388,1269002.99676786,7602.31110257518,100.0004000016,
97.98814,12406.1534521122,3000.36004320518,818658.008121517,4600.84655576626,300.003600043201,300.003600043201,21618.6785382571,135025.356213579,1136739.05497915,6501.69043951427,0,
98.11438,15809.9919148902,2600.27042812453,855186.136656035,4100.67251029169,100.0004000016,500.010000200004,24223.4482979524,137552.688310435,1230966.81048231,7902.49718911176,0,
98.24059,17011.567866149,3000.36004320518,858930.226400106,5901.39272868397,200.0016000128,200.0016000128,21418.3340939844,134722.110512346,1206769.31334071,7102.01697282028,0,
98.36681,16911.4321281186,2400.23042212052,840434.284674762,4400.77453631839,100.0004000016,100.0004000016,24123.2548176442,136036.228066295,1237023.16834094,9003.24116682005,0,
98.49315,17011.567866149,2000.16001280102,827833.726605148,6401.6388195378,300.003600043201,500.010000200004,22420.0883992057,135834.04719102,1236802.88814726,7702.37233067785,0,
98.61945,15209.2472223112,3100.38444767151,877238.381119967,4200.70571856072,400.006400102402,200.0016000128,22420.0883992057,142811.167431008,1199628.59406505,8102.62525058119,0,
98.74559,16110.3750815525,2600.27042812453,784041.122451505,4500.81014582625,600.014400345608,400.006400102402,25425.8326459683,138361.541926765,1195785.20294399,5701.29989637637,100.0004000016,
98.87183,16510.8971921468,1900.14441097523,832317.262187687,4600.84655576626,400.006400102402,400.006400102402,25025.025025025,142507.733835379,1264476.97971122,7202.07419736884,0,
98.99812,18413.5523745477,3000.36004320518,884097.224810632,4600.84655576626,300.003600043201,300.003600043201,24323.6425805883,142002.027451043,1252341.70888043,9103.31360615264,0,
99.12427,17912.8255831175,2400.23042212052,846204.743295494,5601.25468104855,300.003600043201,300.003600043201,23121.3641404658,136946.082256131,1219962.41106189,6501.69043951427,0,
99.25048,15609.7404780583,2000.16001280102,822818.281729013,3700.5476810568,500.010000200004,100.0004000016,22620.4488857928,141597.47699041,1197432.2324823,8202.69048247825,0,
99.37679,17412.118834709,2200.1936170383,848449.506604796,5401.16665199683,400.006400102402,500.010000200004,21318.1630749398,134823.191599741,1244404.69291947,7302.132222609,0,
99.5031,16210.5044068556,2300.21161946899,854437.448808214,5101.04061228491,300.003600043201,200.0016000128,25225.4272306485,139271.564467148,1249695.50353216,8002.56081946223,0,
99.62936,18012.9693379233,3600.51847466035,838190.91322502,4800.92177698118,400.006400102402,300.003600043201,24624.2302425587,135530.781976417,1204352.01878328,8803.09869073914,100.0004000016,
99.75556,18613.8487034354,3400.46246289495,805119.735755574,4700.88376614804,300.003600043201,200.0016000128,25626.2412710616,139069.331542091,1225243.37025848,7202.07419736884,0,
99.8818,20516.8237955123,3500.49006860961,835200.35714581,5801.34591225164,200.0016000128,400.006400102402,23622.2994506814,132094.287575497,1200287.57435642,8102.62525058119,0,
100.00809,19114.6035571176,2100.17641481884,813219.672564471,4500.81014582625,0,400.006400102402,23922.8702639724,132902.789953273,1199408.94133428,7802.43435952017,0,
100.13438,15509.6159618964,2800.31363512713,817378.193609683,3900.60849492521,600.014400345608,300.003600043201,24624.2302425587,147464.733195458,1241319.37155189,7502.25067520256,0,
100.26062,17211.841747122,2900.33643902693,846204.743295494,6101.48876325823,200.0016000128,100.0004000016,26227.4864057532,151107.855998841,1269223.81799001,8202.69048247825,0,
100.38686,20516.8237955123,3700.5476810568,837977.2791163,4600.84655576626,400.006400102402,400.006400102402,24223.4482979524,141091.807222131,1262490.44045348,7402.19104855037,0,
100.5131,16711.163056922,2800.31363512713,840541.121603519,4000.64010241639,200.0016000128,200.0016000128,23421.922919853,137957.108612063,1193369.93420225,7001.96054895371,0,
100.63942,16711.163056922,2300.21161946899,818871.322876346,5201.0818250196,700.019600548815,300.003600043201,19915.8530190031,138462.652288807,1216332.98518043,6801.85010322808,0,
100.76566,13407.186251831,3600.51847466035,813752.741420541,4800.92177698118,100.0004000016,400.006400102402,20416.6599945556,145340.065579047,1232067.7584803,7402.19104855037,0,
100.89182,16911.4321281186,2500.2500250025,852084.712111185,4900.9605882753,200.0016000128,100.0004000016,22119.5536854579,150095.771564698,1227444.39781788,9403.53572943427,0,
101.01805,19114.6035571176,3700.5476810568,827193.348567934,7202.07419736884,100.0004000016,400.006400102402,23121.3641404658,148375.414948194,1321441.65694528,7402.19104855037,0,
101.14435,18613.8487034354,3700.5476810568,901618.312921372,5001.00020004001,300.003600043201,300.003600043201,23421.922919853,143418.056594817,1223262.76128859,8102.62525058119,0,
101.27063,17812.6826300326,3300.43565750679,775002.783700301,4600.84655576626,200.0016000128,200.0016000128,21718.8519635043,138867.101870734,1295638.71054602,8703.02865397158,0,
101.39683,19915.8530190031,2700.2916314962,819617.952277084,4200.70571856072,200.0016000128,100.0004000016,25025.025025025,145340.065579047,1262380.08597253,7402.19104855037,0,
101.52306,18012.9693379233,4100.67251029169,802136.829763694,5301.12383825371,100.0004000016,600.014400345608,23922.8702639724,139170.447597902,1273641.02219177,7502.25067520256,100.0004000016,
101.64934,18613.8487034354,2700.2916314962,805332.826860668,6201.53798141939,200.0016000128,600.014400345608,23121.3641404658,150905.432595573,1262049.02809409,8102.62525058119,0,
101.77555,17812.6826300326,2200.1936170383,800965.162504799,5701.29989637637,400.006400102402,200.0016000128,19114.6035571176,148476.605881122,1268561.36546083,7402.19104855037,0,
101.90174,17412.118834709,2600.27042812453,823138.358309473,5901.39272868397,800.025600819226,400.006400102402,25526.0365572884,146149.420431548,1275297.8567765,8803.09869073914,0,
102.02802,18113.1138944596,2700.2916314962,807250.805186225,6301.58800017604,300.003600043201,300.003600043201,24323.6425805883,146250.593451514,1328538.02894033,8402.82334864514,0,
102.15429,21919.201220269,2800.31363512713,823778.535275282,5301.12383825371,900.032401166442,300.003600043201,24824.6260290208,140485.030349594,1288670.63450335,8502.8909829342,0,
102.28058,20316.4969955604,4200.70571856072,808423.043411832,6601.74286011507,0,100.0004000016,22620.4488857928,139271.564467148,1197981.28835384,8302.75651516303,200.0016000128,
102.40684,16911.4321281186,2900.33643902693,791595.653806633,7302.132222609,800.025600819226,500.010000200004,22820.8125810739,129972.216302718,1199958.08006707,7202.07419736884,100.0004000016,
102.53316,18914.2992102029,2800.31363512713,796066.615762429,7202.07419736884,200.0016000128,600.014400345608,24423.8376655616,138968.216299705,1223702.8707612,7802.43435952017,0,
102.65947,20717.1538033492,2200.1936170383,791382.78951343,6101.48876325823,300.003600043201,300.003600043201,24123.2548176442,143215.756951596,1332531.41997649,8402.82334864514,0,
102.78572,20116.1734034163,2300.21161946899,793085.802247506,6301.58800017604,400.006400102402,300.003600043201,23321.7358578195,141799.750593346,1228434.98075882,9003.24116682005,0,
102.912,20616.9883984403,4700.88376614804,781701.179770646,6901.90492575951,100.0004000016,200.0016000128,25325.6295370915,143721.512163527,1282479.88864639,8703.02865397158,0,
103.03823,19615.3784567101,2700.2916314962,810128.307309841,5901.39272868397,300.003600043201,600.014400345608,24023.0621396541,148173.035525315,1321330.80648558,8302.75651516303,100.0004000016,
103.16451,20917.487019148,3000.36004320518,815138.823490537,5501.21026625858,200.0016000128,500.010000200004,23522.1107841371,155460.74741905,1308921.46050294,7602.31110257518,0,
103.29077,20917.487019148,2300.21161946899,782445.660917525,7102.01697282028,700.019600548815,900.032401166442,24524.0335528818,146149.420431548,1310804.26866488,10004.0016006403,0,
103.41691,20216.3347985172,4000.64010241639,800113.107695864,6901.90492575951,300.003600043201,400.006400102402,22820.8125810739,152120.021892405,1287786.06368795,9203.38684635946,0,
103.5432,20917.487019148,2100.17641481884,797024.880714557,7702.37233067785,300.003600043201,400.006400102402,24824.6260290208,153031.040852547,1342187.11803829,8502.8909829342,0,
103.66941,20616.9883984403,3300.43565750679,789360.75395712,7001.96054895371,100.0004000016,800.025600819226,25626.2412710616,142811.167431008,1273309.68034841,7902.49718911176,0,
103.79567,19214.7569333248,3400.46246289495,800539.12806562,6501.69043951427,200.0016000128,100.0004000016,24323.6425805883,154144.598097139,1319113.99334653,9403.53572943427,100.0004000016,
103.92196,25025.025025025,4000.64010241639,799900.102786802,6701.7960813498,600.014400345608,600.014400345608,27129.408278574,153334.728504966,1275960.64912133,9603.68781612139,100.0004000016,
104.04827,22820.8125810739,3500.49006860961,792127.829912265,7202.07419736884,600.014400345608,400.006400102402,27129.408278574,140080.52870595,1271321.80477676,8002.56081946223,100.0004000016,
104.17453,23622.2994506814,5001.00020004001,754291.695168083,7102.01697282028,200.0016000128,500.010000200004,28231.8455217485,137350.483039327,1264035.50057151,7502.25067520256,0,
104.30079,25626.2412710616,3400.46246289495,795427.812011177,7001.96054895371,1000.04000160006,500.010000200004,25425.8326459683,154448.312639607,1307924.78879998,9503.61137232148,1500.09000540032,
104.42702,22620.4488857928,4900.9605882753,793724.490006479,7902.49718911176,500.010000200004,500.010000200004,24524.0335528818,142103.167100452,1294974.92511191,7902.49718911176,0,
104.55333,24223.4482979524,4800.92177698118,797344.318186509,8202.69048247825,0,400.006400102402,25225.4272306485,141192.939548504,1232067.7584803,10104.0820491479,0,
104.67961,24423.8376655616,3100.38444767151,800539.12806562,7202.07419736884,600.014400345608,600.014400345608,26928.9755777216,160118.99729881,1274193.27716962,8102.62525058119,0,
104.80588,22920.9956319989,4600.84655576626,776491.015346292,8402.82334864514,300.003600043201,900.032401166442,27430.063349431,145137.735006457,1225133.32857784,7602.31110257518,0,
104.93208,23321.7358578195,3500.49006860961,800219.611469333,7402.19104855037,600.014400345608,700.019600548815,26227.4864057532,150500.595563854,1274524.64130019,10304.2453490838,100.0004000016,
105.05839,27730.7256440136,3400.46246289495,813859.357833783,7802.43435952017,100.0004000016,500.010000200004,26528.1198069954,141395.206642155,1268561.36546083,8102.62525058119,0,
105.18471,25325.6295370915,5101.04061228491,784785.738744425,7702.37233067785,700.019600548815,200.0016000128,26728.5460872212,145542.399407772,1313905.95199502,10104.0820491479,0,
105.31093,23722.4889194957,4700.88376614804,798622.147188363,7302.132222609,0,300.003600043201,28432.2990917683,141698.613385038,1295085.55369036,15709.8657957197,0,
105.43723,25025.025025025,4600.84655576626,802136.829763694,9803.84310649775,100.0004000016,200.0016000128,27830.9480141918,148881.377756317,1263814.76656721,8202.69048247825,0,
105.56347,25926.8602271954,4200.70571856072,812899.84181855,10404.3282005314,400.006400102402,400.006400102402,29334.3798932349,152524.911060672,1254216.4271582,6901.90492575951,0,
105.68974,24524.0335528818,5201.0818250196,792340.706503797,8502.8909829342,300.003600043201,400.006400102402,28632.7558727184,147970.659359672,1253885.57506511,9203.38684635946,0,
105.81598,24123.2548176442,3500.49006860961,766395.672894576,7602.31110257518,100.0004000016,400.006400102402,26227.4864057532,134621.030237954,1238124.62479482,8102.62525058119,100.0004000016,
105.94213,21418.3340939844,4400.77453631839,784041.122451505,8402.82334864514,100.0004000016,300.003600043201,26528.1198069954,145744.736492712,1093205.87463084,8402.82334864514,0,
106.06843,24023.0621396541,4600.84655576626,807357.367897299,8302.75651516303,200.0016000128,200.0016000128,29033.6790677186,158903.63536094,1295196.18319968,8002.56081946223,0,
106.19464,27029.191526849,3900.60849492521,799048.118320626,10704.5815609081,100.0004000016,600.014400345608,26027.0681508769,140282.777900686,1230086.11861874,7902.49718911176,0,
106.32091,24924.8251258253,4500.81014582625,835627.537058624,9003.24116682005,500.010000200004,900.032401166442,27931.1711870447,140788.415124698,1236913.02778174,9203.38684635946,0,
106.4472,25826.6531060054,3500.49006860961,806185.226475082,9603.68781612139,100.0004000016,800.025600819226,24824.6260290208,152626.135389544,1258076.98448043,9403.53572943427,0,
106.57344,24023.0621396541,4400.77453631839,824205.337553353,8803.09869073914,400.006400102402,800.025600819226,26427.9078707115,139574.919955593,1217322.72895064,8703.02865397158,0,
106.69971,25626.2412710616,3700.5476810568,789786.41930479,9903.92195309342,500.010000200004,200.0016000128,29434.6151073663,147667.101218354,1239116.01467711,9703.76506084361,100.0004000016,
106.82594,26928.9755777216,4000.64010241639,755989.812990909,8302.75651516303,800.025600819226,700.019600548815,26528.1198069954,137148.281021252,1170447.07498147,9303.46088745013,0,
106.95218,24023.0621396541,4000.64010241639,812153.600898676,9303.46088745013,300.003600043201,800.025600819226,25726.4467872973,142710.022085357,1214793.53228614,8602.95941803981,0,
107.07849,26828.7604311822,4400.77453631839,795640.743079545,10004.0016006403,200.0016000128,500.010000200004,26327.6967369673,135429.695197725,1190735.60347645,8903.16952835209,0,
107.20472,27129.408278574,4400.77453631839,830929.334843237,10004.0016006403,100.0004000016,600.014400345608,25125.2257266295,145947.076833944,1215013.44305889,9203.38684635946,0,
107.33099,22319.9093591484,4500.81014582625,794469.665703673,10204.1632986258,400.006400102402,300.003600043201,24624.2302425587,135126.439740042,1181519.61728902,9303.46088745013,0,
107.45723,24323.6425805883,4200.70571856072,829328.065527972,8102.62525058119,200.0016000128,300.003600043201,27931.1711870447,155865.744150758,1209626.69104511,7802.43435952017,100.0004000016,
107.5835,25826.6531060054,3900.60849492521,860214.16394962,8602.95941803981,200.0016000128,400.006400102402,23021.1794851263,152120.021892405,1214573.6252029,9803.84310649775,100.0004000016,
107.70973,24423.8376655616,3900.60849492521,805652.470117054,9003.24116682005,200.0016000128,500.010000200004,25726.4467872973,137148.281021252,1175817.73254596,7402.19104855037,0,
107.83598,0,3700.5476810568,826873.171457379,10204.1632986258,300.003600043201,500.010000200004,25425.8326459683,140485.030349594,1179764.92665477,9703.76506084361,0,
107.96217,28031.3951625821,3800.57768780855,835520.740756051,9803.84310649775,500.010000200004,500.010000200004,23922.8702639724,136946.082256131,1146251.67336011,7602.31110257518,0,
108.08845,27229.6258329062,4400.77453631839,813859.357833783,9303.46088745013,200.0016000128,300.003600043201,25526.0365572884,146250.593451514,1153363.32252328,7102.01697282028,100.0004000016,
108.21465,27730.7256440136,3700.5476810568,806398.335177631,9703.76506084361,200.0016000128,1200.05760276493,27530.2833116428,135328.609232106,1184919.99983242,7102.01697282028,100.0004000016,
108.34097,27931.1711870447,4300.73972723308,839259.136762031,9703.76506084361,300.003600043201,700.019600548815,25125.2257266295,135834.04719102,1116534.06431771,10204.1632986258,100.0004000016,
108.46721,28131.6199408135,4100.67251029169,860642.171466402,9003.24116682005,400.006400102402,500.010000200004,24223.4482979524,140080.52870595,1194357.94485354,9903.92195309342,100.0004000016,
108.59337,24724.4277346018,4000.64010241639,820684.640617383,12406.1534521122,100.0004000016,200.0016000128,22920.9956319989,135328.609232106,1092379.78487785,7302.132222609,0,
108.7197,24624.2302425587,4800.92177698118,823031.665234349,10104.0820491479,300.003600043201,400.006400102402,24524.0335528818,125527.133559262,1127997.92648208,10304.2453490838,0,
108.846,24824.6260290208,4700.88376614804,838831.836748193,10404.3282005314,200.0016000128,400.006400102402,23522.1107841371,132195.347527997,1173844.58180478,7802.43435952017,0,
108.97227,22019.3770518056,4600.84655576626,806398.335177631,11205.0198488923,100.0004000016,200.0016000128,23321.7358578195,130376.39272546,1150189.95497983,8602.95941803981,0,
109.0985,25425.8326459683,4600.84655576626,855613.977751761,9403.53572943427,800.025600819226,800.025600819226,23021.1794851263,141900.888615345,1149095.86886124,8202.69048247825,0,
109.22481,25225.4272306485,3400.46246289495,820471.29589847,10504.4118529783,400.006400102402,700.019600548815,24924.8251258253,132902.789953273,1125158.31845941,8202.69048247825,0,
109.35099,27229.6258329062,3200.40965243551,816844.975009294,9103.31360615264,100.0004000016,400.006400102402,20616.9883984403,133205.991756308,1150189.95497983,9703.76506084361,100.0004000016,
109.47729,26327.6967369673,4800.92177698118,820684.640617383,9503.61137232148,200.0016000128,500.010000200004,23221.549598027,136238.412194092,1140565.13810583,9403.53572943427,100.0004000016,
109.6035,30136.2840860396,4600.84655576626,847166.73697096,8703.02865397158,500.010000200004,400.006400102402,23522.1107841371,134621.030237954,1136083.2674704,7902.49718911176,100.0004000016,
109.72984,36051.9147572504,4900.9605882753,821431.374898263,9103.31360615264,200.0016000128,300.003600043201,23221.549598027,135126.439740042,1129854.92704545,9403.53572943427,0,
109.85611,33344.4147604609,5501.21026625858,846311.627945446,10004.0016006403,600.014400345608,500.010000200004,24123.2548176442,138765.988255169,1104862.18721154,10104.0820491479,0,
109.9824,39161.2481921726,5201.0818250196,850694.6598669,13006.7635170289,600.014400345608,100.0004000016,22620.4488857928,124618.105804792,1124830.71109699,8903.16952835209,0,
110.10864,30737.7459520291,3900.60849492521,800326.116122108,8502.8909829342,500.010000200004,900.032401166442,24924.8251258253,130881.631537045,1145486.03412718,9103.31360615264,100.0004000016,
110.23492,30637.5003003677,5401.16665199683,835413.945336398,10104.0820491479,500.010000200004,700.019600548815,24824.6260290208,127749.478347921,1121336.74373506,8102.62525058119,0,
110.36119,30537.255451651,4200.70571856072,830715.820796826,7202.07419736884,300.003600043201,500.010000200004,25025.025025025,126638.256814344,1116424.93303749,10704.5815609081,0,
110.48739,31539.7400724913,5201.0818250196,868134.597077936,10404.3282005314,300.003600043201,500.010000200004,20316.4969955604,139574.919955593,1169570.44220293,8302.75651516303,0,
110.6137,29835.5639922788,4200.70571856072,837336.397985928,11305.1099096792,200.0016000128,700.019600548815,22119.5536854579,140788.415124698,1159055.42789937,10704.5815609081,0,
110.73993,31940.756405173,4300.73972723308,864494.876760855,12005.7627661277,400.006400102402,500.010000200004,26528.1198069954,129062.866884318,1101918.59542444,9503.61137232148,0,
110.86621,32742.827618525,4800.92177698118,848770.218908065,9503.61137232148,500.010000200004,300.003600043201,25626.2412710616,123002.218863556,1088249.33611285,9903.92195309342,0,
110.99245,28131.6199408135,6401.6388195378,863745.649717982,8602.95941803981,100.0004000016,400.006400102402,21618.6785382571,130073.259189565,1154786.11662105,12406.1534521122,0,
111.11869,31238.986254846,4200.70571856072,843212.331967433,8302.75651516303,500.010000200004,1000.04000160006,21518.505915087,131083.732750024,1178120.1177806,12806.5569571621,0,
111.24495,34246.8496903764,4700.88376614804,873381.878697306,9803.84310649775,100.0004000016,600.014400345608,24423.8376655616,134722.110512346,1148001.87428877,10304.2453490838,0,
111.3712,30437.0114058695,4500.81014582625,843746.640312937,10804.6676164103,200.0016000128,300.003600043201,26427.9078707115,125224.116999124,1150737.03237252,10904.7544729502,100.0004000016,
111.49739,32041.0124959949,4700.88376614804,838618.192040879,10404.3282005314,200.0016000128,300.003600043201,23922.8702639724,132498.532262086,1150955.86973895,11905.6670975384,200.0016000128,
111.62366,26327.6967369673,4300.73972723308,859251.198834886,9303.46088745013,100.0004000016,400.006400102402,19214.7569333248,129770.13296664,1151502.97917922,10104.0820491479,0,
111.74986,29635.0879441258,5101.04061228491,853795.750876961,11205.0198488923,200.0016000128,400.006400102402,20917.487019148,121184.59448379,1133460.44648495,11305.1099096792,0,
111.87617,26628.3325458288,4200.70571856072,829328.065527972,10004.0016006403,300.003600043201,900.032401166442,21618.6785382571,130174.302888965,1120354.23379598,10504.4118529783,0,
112.00233,29434.6151073663,5601.25468104855,834773.191359198,8202.69048247825,800.025600819226,800.025600819226,20316.4969955604,134621.030237954,1165297.69829109,11205.0198488923,0,
112.12849,31940.756405173,3800.57768780855,821644.735483071,9003.24116682005,200.0016000128,300.003600043201,21518.505915087,132700.659482065,1161792.89906152,9703.76506084361,200.0016000128,
112.25484,31339.2367243789,5001.00020004001,889243.744123142,8903.16952835209,300.003600043201,100.0004000016,21718.8519635043,133509.200875048,1149095.86886124,13607.4024269202,100.0004000016,
112.38107,24323.6425805883,3500.49006860961,839793.281653747,9703.76506084361,700.019600548815,400.006400102402,22720.6303323418,132094.287575497,1152487.83386266,10004.0016006403,100.0004000016,
112.50734,35249.6314811254,5001.00020004001,929980.879254112,9203.38684635946,600.014400345608,600.014400345608,20516.8237955123,149286.162661559,1136988.63153978,9903.92195309342,0,
112.63359,26728.5460872212,3800.57768780855,840541.121603519,10504.4118529783,400.006400102402,300.003600043201,20016.0128102482,130174.302888965,1163873.76035566,11405.2007715518,0,
112.75978,25726.4467872973,4600.84655576626,829861.799907426,11405.2007715518,100.0004000016,400.006400102402,23121.3641404658,133205.991756308,1131712.19159353,10304.2453490838,0,
112.88602,25526.0365572884,5301.12383825371,813219.672564471,8102.62525058119,100.0004000016,200.0016000128,19214.7569333248,127244.365466723,1130947.40362907,10104.0820491479,100.0004000016,
113.01231,22920.9956319989,3200.40965243551,806291.780386392,9303.46088745013,500.010000200004,500.010000200004,18613.8487034354,136743.886743887,1222712.64522138,10004.0016006403,0,
113.13859,27830.9480141918,4400.77453631839,846952.95441011,10704.5815609081,300.003600043201,900.032401166442,21117.8234429859,129163.902458637,1163873.76035566,10104.0820491479,200.0016000128,
113.26488,26227.4864057532,3900.60849492521,850266.981557386,7402.19104855037,200.0016000128,300.003600043201,21117.8234429859,130780.582149506,1159274.40451028,21318.1630749398,100.0004000016,
113.39116,24524.0335528818,4400.77453631839,843639.776876352,8202.69048247825,200.0016000128,400.006400102402,20817.3200102485,134924.273500149,1461641.90446827,11004.8421305374,0,
113.51744,23922.8702639724,4000.64010241639,836588.743515016,8002.56081946223,100.0004000016,200.0016000128,21418.3340939844,135834.04719102,1225023.28782068,13807.6218072376,300.003600043201,
113.64366,26427.9078707115,4400.77453631839,832637.574294666,9103.31360615264,300.003600043201,200.0016000128,22620.4488857928,130275.347400926,1181738.97015701,9703.76506084361,100.0004000016,
113.7698,20116.1734034163,4200.70571856072,794256.753968189,9703.76506084361,200.0016000128,300.003600043201,21418.3340939844,134014.565664121,1182068.00635072,9103.31360615264,100.0004000016,
113.89611,26327.6967369673,3600.51847466035,785636.781457445,7001.96054895371,0,600.014400345608,21518.505915087,131690.055892879,1173077.32573965,8803.09869073914,0,
114.02235,22520.2682414173,3900.60849492521,813539.511236117,7802.43435952017,500.010000200004,300.003600043201,23722.4889194957,132498.532262086,1188540.73260871,10904.7544729502,0,
114.14865,25626.2412710616,4300.73972723308,804587.023389278,7702.37233067785,600.014400345608,0,22019.3770518056,142811.167431008,1198091.10228992,8703.02865397158,0,
114.27495,23121.3641404658,4000.64010241639,809169.068640001,8302.75651516303,300.003600043201,700.019600548815,22620.4488857928,138563.763464215,1216772.86207461,11905.6670975384,0,
114.40119,24423.8376655616,2900.33643902693,787126.241392257,7602.31110257518,600.014400345608,400.006400102402,21718.8519635043,131993.228435745,1186675.38159223,9503.61137232148,0,
114.52742,21718.8519635043,4300.73972723308,800645.635356379,6901.90492575951,0,600.014400345608,22420.0883992057,140282.777900686,1194357.94485354,12906.6598364756,0,
114.65362,25826.6531060054,3000.36004320518,813859.357833783,9203.38684635946,400.006400102402,700.019600548815,23622.2994506814,136036.228066295,1189967.35682469,8402.82334864514,100.0004000016,
114.77987,23822.6791905894,3400.46246289495,774896.488015704,6901.90492575951,400.006400102402,100.0004000016,19615.3784567101,139878.282765306,1248482.83769198,11505.2924345199,0,
114.9061,21718.8519635043,4000.64010241639,791169.928733839,7001.96054895371,100.0004000016,700.019600548815,29033.6790677186,135429.695197725,1181629.29326357,9703.76506084361,100.0004000016,
115.03233,22019.3770518056,2800.31363512713,790637.792156345,8903.16952835209,400.006400102402,100.0004000016,20616.9883984403,131690.055892879,1199079.46914377,9003.24116682005,0,
115.15863,26528.1198069954,4900.9605882753,1087704.41886057,6501.69043951427,300.003600043201,500.010000200004,25225.4272306485,144935.407689925,1247049.83159893,10204.1632986258,100.0004000016,
115.28494,25726.4467872973,2700.2916314962,849090.939169851,6401.6388195378,400.006400102402,200.0016000128,25225.4272306485,145137.735006457,1190955.11079822,9003.24116682005,0,
115.41117,21318.1630749398,2300.21161946899,803095.545766435,9103.31360615264,400.006400102402,200.0016000128,21318.1630749398,138867.101870734,1233939.58218778,8202.69048247825,100.0004000016,
115.53747,20917.487019148,3300.43565750679,805545.921485078,7402.19104855037,300.003600043201,200.0016000128,19815.6940296715,134418.872128141,1172638.9138983,8703.02865397158,0,
115.66374,23622.2994506814,3700.5476810568,824952.275488195,8002.56081946223,500.010000200004,400.006400102402,23522.1107841371,141496.341409452,1269444.64292469,9203.38684635946,0,
115.79001,21017.6548300572,3800.57768780855,852298.579571307,7302.132222609,200.0016000128,300.003600043201,36553.3679171591,138058.215720738,1226673.99614783,8602.95941803981,0,
115.91624,17812.6826300326,3000.36004320518,800432.6216542,5601.25468104855,600.014400345608,100.0004000016,22019.3770518056,140080.52870595,1221942.52150199,8402.82334864514,0,
116.04256,20216.3347985172,2000.16001280102,786594.271662802,7402.19104855037,0,100.0004000016,20516.8237955123,136137.319723623,1240249.85066461,8903.16952835209,0,
116.16883,16811.2971917128,3100.38444767151,793618.039850108,6801.85010322808,100.0004000016,500.010000200004,21819.0261908384,146250.593451514,1217432.70509373,8502.8909829342,0,
116.29507,20817.3200102485,3600.51847466035,781382.129583414,10504.4118529783,700.019600548815,200.0016000128,22319.9093591484,139878.282765306,1237023.16834094,7502.25067520256,0,
116.42138,17912.8255831175,2900.33643902693,809169.068640001,6001.44034568296,200.0016000128,700.019600548815,21017.6548300572,144227.287722376,1210176.2581933,7202.07419736884,200.0016000128,
116.54765,17812.6826300326,3200.40965243551,830502.310280127,4500.81014582625,400.006400102402,0,21418.3340939844,139271.564467148,1236031.93659696,8102.62525058119,0,
116.6739,17612.3991289868,3000.36004320518,779893.333113345,5901.39272868397,400.006400102402,300.003600043201,20817.3200102485,138867.101870734,1219082.45796557,7402.19104855037,0,
116.80021,18113.1138944596,2800.31363512713,781807.531587871,5801.34591225164,700.019600548815,400.006400102402,23321.7358578195,146857.648668222,1228655.12046297,9203.38684635946,0,
116.92645,16410.7654621432,3900.60849492521,785317.633856741,6301.58800017604,900.032401166442,200.0016000128,20616.9883984403,136036.228066295,1222932.68887854,9003.24116682005,0,
117.05274,16410.7654621432,3200.40965243551,786487.880350696,7102.01697282028,300.003600043201,500.010000200004,20516.8237955123,130780.582149506,1218202.56393047,9503.61137232148,100.0004000016,
117.17899,16410.7654621432,2600.27042812453,773195.87628866,6101.48876325823,300.003600043201,700.019600548815,18513.7001381022,141698.613385038,1211825.09792738,7802.43435952017,0,
117.3052,16510.8971921468,3100.38444767151,759811.396964876,7302.132222609,300.003600043201,300.003600043201,21919.201220269,143013.460563686,1210725.84838877,7302.132222609,200.0016000128,
117.43151,14608.5313823273,2500.2500250025,801391.211014098,7202.07419736884,700.019600548815,200.0016000128,22119.5536854579,133003.856408112,1217762.63905901,6801.85010322808,100.0004000016,
117.55771,17812.6826300326,2800.31363512713,800539.12806562,8302.75651516303,100.0004000016,600.014400345608,21518.505915087,151715.14575922,1267126.1662604,7802.43435952017,0,
117.68391,17712.5404786589,1800.12960933187,782658.377713883,5501.21026625858,100.0004000016,400.006400102402,19014.4509827469,137653.7921659,1209516.78038102,6601.74286011507,0,
117.81019,16110.3750815525,3900.60849492521,756520.520735029,6001.44034568296,200.0016000128,200.0016000128,22019.3770518056,145137.735006457,1205450.73375262,9203.38684635946,0,
117.93654,17412.118834709,1700.11560786133,810554.658495389,6201.53798141939,300.003600043201,200.0016000128,20416.6599945556,141294.072688509,1202045.0172095,8002.56081946223,0,
118.06272,17011.567866149,3200.40965243551,790531.36747587,7802.43435952017,400.006400102402,400.006400102402,24123.2548176442,138765.988255169,1224803.20907672,9303.46088745013,0,
118.18898,17111.7044058136,2600.27042812453,782445.660917525,6001.44034568296,500.010000200004,200.0016000128,22420.0883992057,143013.460563686,1172090.91975009,9103.31360615264,100.0004000016,
118.31526,16110.3750815525,2400.23042212052,780425.026399155,7602.31110257518,0,300.003600043201,19214.7569333248,141192.939548504,1227554.45889408,6201.53798141939,0,
118.44148,16711.163056922,2600.27042812453,782445.660917525,7001.96054895371,100.0004000016,400.006400102402,23922.8702639724,146149.420431548,1182068.00635072,7001.96054895371,0,
118.56781,14608.5313823273,3200.40965243551,773408.440481983,7402.19104855037,400.006400102402,300.003600043201,22720.6303323418,141496.341409452,1225463.4563902,7202.07419736884,0,
118.69411,19114.6035571176,2800.31363512713,791808.521613535,6001.44034568296,300.003600043201,300.003600043201,21318.1630749398,140788.415124698,1224583.1340265,7302.132222609,0,
118.82026,16410.7654621432,3000.36004320518,818658.008121517,6101.48876325823,200.0016000128,300.003600043201,20416.6599945556,146452.941933823,1217432.70509373,8202.69048247825,0,
118.9465,17512.2585810067,2400.23042212052,820471.29589847,6301.58800017604,400.006400102402,200.0016000128,21819.0261908384,147060.006920471,1215013.44305889,7001.96054895371,0,
119.07278,15609.7404780583,2900.33643902693,782658.377713883,6301.58800017604,200.0016000128,1000.04000160006,24423.8376655616,139878.282765306,1187004.54187407,9103.31360615264,0,
119.19908,15409.4922472243,2900.33643902693,802669.440969685,6001.44034568296,300.003600043201,200.0016000128,22920.9956319989,146655.293672699,1242861.9415519,7302.132222609,0,
119.32523,16911.4321281186,2600.27042812453,794256.753968189,7001.96054895371,600.014400345608,600.014400345608,25025.025025025,147970.659359672,1233168.79889863,6901.90492575951,100.0004000016,
119.45145,19615.3784567101,2500.2500250025,850053.147709272,8502.8909829342,300.003600043201,300.003600043201,25826.6531060054,148982.572761036,1276954.90033677,8102.62525058119,0,
119.57769,18313.4054127621,3200.40965243551,798941.624218808,6401.6388195378,0,200.0016000128,21718.8519635043,132599.595465677,1181300.26809651,7602.31110257518,0,
119.70396,17111.7044058136,3500.49006860961,805972.121292198,7001.96054895371,200.0016000128,200.0016000128,21618.6785382571,150399.388342287,1286680.43387743,7802.43435952017,100.0004000016,
119.8302,20717.1538033492,2600.27042812453,825592.542395293,6201.53798141939,300.003600043201,100.0004000016,21618.6785382571,142002.027451043,1227664.52089401,7102.01697282028,0,
119.95647,19815.6940296715,3600.51847466035,849839.317398803,7402.19104855037,400.006400102402,0,22620.4488857928,148678.990190003,1233389.01807376,7302.132222609,0,
120.08275,17412.118834709,2700.2916314962,807996.762644886,5801.34591225164,0,400.006400102402,20316.4969955604,139574.919955593,1192491.76508059,6501.69043951427,200.0016000128,
120.20904,44378.6389482162,2900.33643902693,815885.237031132,6101.48876325823,200.0016000128,300.003600043201,25526.0365572884,141091.807222131,1199079.46914377,7502.25067520256,0,
120.33528,15709.8657957197,3300.43565750679,843319.191869072,7001.96054895371,100.0004000016,500.010000200004,23421.922919853,153031.040852547,1256863.54413044,6201.53798141939,0,
120.4615,19214.7569333248,2800.31363512713,858502.2755482,6801.85010322808,200.0016000128,300.003600043201,25926.8602271954,149589.759891837,1260945.56211029,7001.96054895371,0,
120.58776,17712.5404786589,3000.36004320518,818444.696891459,5801.34591225164,300.003600043201,300.003600043201,22920.9956319989,144126.130982793,1206659.42664022,6601.74286011507,0,
120.71393,16911.4321281186,1700.11560786133,817911.434236616,6801.85010322808,200.0016000128,200.0016000128,25425.8326459683,145441.232086388,1244184.28876161,6901.90492575951,0,
120.84023,16711.163056922,2800.31363512713,821324.69592808,6101.48876325823,600.014400345608,700.019600548815,22019.3770518056,143114.608350732,1235481.28465707,6801.85010322808,0,
120.96648,18513.7001381022,2800.31363512713,818658.008121517,9203.38684635946,100.0004000016,0,21418.3340939844,146554.117396185,1202045.0172095,7902.49718911176,0,
121.09271,18213.259252736,3400.46246289495,851656.98780629,5201.0818250196,400.006400102402,400.006400102402,25425.8326459683,151715.14575922,1260835.22061202,7302.132222609,0,
121.21895,21017.6548300572,3400.46246289495,805439.373732953,6301.58800017604,500.010000200004,400.006400102402,21418.3340939844,136743.886743887,1200726.91296747,9603.68781612139,0,
121.34524,16510.8971921468,3500.49006860961,841930.08207397,6801.85010322808,300.003600043201,600.014400345608,23622.2994506814,147262.368429523,1190516.09983406,6501.69043951427,0,
121.4715,21318.1630749398,2800.31363512713,827513.533617092,6801.85010322808,200.0016000128,400.006400102402,20817.3200102485,143822.665647504,1273861.92139701,7001.96054895371,200.0016000128,
121.59774,21117.8234429859,3100.38444767151,838618.192040879,5301.12383825371,200.0016000128,300.003600043201,25125.2257266295,152221.242962408,1207648.44012076,7702.37233067785,0,
121.72396,20917.487019148,3500.49006860961,849625.490625892,7702.37233067785,400.006400102402,100.0004000016,20817.3200102485,146554.117396185,1220182.40856498,8803.09869073914,0,
121.85017,16310.634533716,2500.2500250025,825165.694263094,5401.16665199683,500.010000200004,400.006400102402,23722.4889194957,145340.065579047,1216552.92178239,6101.48876325823,0,
121.97641,19314.911111378,3000.36004320518,853688.8043186,4200.70571856072,200.0016000128,400.006400102402,21418.3340939844,142305.448840437,1204132.28684511,7502.25067520256,0,
122.1027,19615.3784567101,2800.31363512713,817271.548127525,6601.74286011507,300.003600043201,0,19014.4509827469,147060.006920471,1234159.81430412,6501.69043951427,0,
122.22898,19615.3784567101,2200.1936170383,849839.317398803,6601.74286011507,500.010000200004,200.0016000128,21117.8234429859,143316.906366288,1225683.54621595,5801.34591225164,0,
122.35527,20616.9883984403,3300.43565750679,827300.076035571,5601.25468104855,300.003600043201,300.003600043201,20616.9883984403,138361.541926765,1208747.43154275,7202.07419736884,0,
122.48153,21618.6785382571,4600.84655576626,839259.136762031,6501.69043951427,400.006400102402,600.014400345608,21819.0261908384,150905.432595573,1234159.81430412,6801.85010322808,200.0016000128,
122.60785,18713.9980705568,2900.33643902693,826659.724460533,6401.6388195378,0,300.003600043201,20817.3200102485,136137.319723623,1219082.45796557,8202.69048247825,100.0004000016,
122.73413,24423.8376655616,4400.77453631839,863210.514119244,5301.12383825371,200.0016000128,0,20717.1538033492,148071.847035344,1218862.47892003,6801.85010322808,0,
122.86039,23221.549598027,5201.0818250196,826339.560580328,5101.04061228491,200.0016000128,500.010000200004,21718.8519635043,140990.675709378,1179874.58792877,7902.49718911176,0,
122.98669,22420.0883992057,5501.21026625858,834559.613763,5701.29989637637,500.010000200004,700.019600548815,18814.1482394761,137856.002316705,1243192.51586139,6501.69043951427,0,
123.11292,26327.6967369673,3100.38444767151,856790.613778153,5401.16665199683,100.0004000016,300.003600043201,21017.6548300572,135429.695197725,1191503.89520046,6001.44034568296,0,
123.23919,23421.922919853,3500.49006860961,834559.613763,6201.53798141939,200.0016000128,0,19715.5358422437,137653.7921659,1177242.97088672,7302.132222609,0,
123.36546,23722.4889194957,4100.67251029169,853367.969952182,5201.0818250196,600.014400345608,500.010000200004,21718.8519635043,147768.286451187,1208307.82391372,6201.53798141939,0,
123.49159,25225.4272306485,4700.88376614804,885169.247590608,5901.39272868397,400.006400102402,400.006400102402,22319.9093591484,133509.200875048,1207648.44012076,7102.01697282028,0,
123.61782,24524.0335528818,4000.64010241639,828901.093905619,6101.48876325823,300.003600043201,300.003600043201,22920.9956319989,142811.167431008,1206549.54086125,6001.44034568296,0,
123.74411,24023.0621396541,3900.60849492521,836161.531815683,6101.48876325823,300.003600043201,300.003600043201,20516.8237955123,134317.7942927,1198310.73292394,8903.16952835209,0,
123.87036,23321.7358578195,3700.5476810568,832424.032007407,4000.64010241639,300.003600043201,1000.04000160006,23121.3641404658,144935.407689925,1207978.12786977,6901.90492575951,100.0004000016,
123.99666,25926.8602271954,4300.73972723308,848556.409821624,6001.44034568296,300.003600043201,400.006400102402,19415.0660912868,142811.167431008,1253223.89589442,7902.49718911176,0,
124.12289,27830.9480141918,5301.12383825371,847594.312702128,5101.04061228491,400.006400102402,200.0016000128,23221.549598027,150095.771564698,1274966.47314278,5701.29989637637,0,
124.24916,22019.3770518056,4100.67251029169,868777.007003195,4900.9605882753,300.003600043201,500.010000200004,22620.4488857928,139574.919955593,1196553.79095569,7402.19104855037,100.0004000016,
124.3754,25526.0365572884,4100.67251029169,847273.629577552,4100.67251029169,900.032401166442,100.0004000016,23421.922919853,126941.307485416,1211385.3870478,5801.34591225164,0,
124.50157,22720.6303323418,3500.49006860961,825805.971752767,5401.16665199683,300.003600043201,400.006400102402,18914.2992102029,147869.47249829,1198091.10228992,7602.31110257518,0,
124.6279,26327.6967369673,4400.77453631839,842998.614815274,5901.39272868397,100.0004000016,200.0016000128,20416.6599945556,138462.652288807,1255209.03347224,7202.07419736884,0,
124.75419,30036.0432519023,3100.38444767151,858609.261933231,4500.81014582625,100.0004000016,600.014400345608,19214.7569333248,141192.939548504,1232398.06090114,7001.96054895371,0,
124.88047,27931.1711870447,4900.9605882753,851656.98780629,5101.04061228491,100.0004000016,300.003600043201,22319.9093591484,137552.688310435,1256863.54413044,6101.48876325823,0,
125.0067,30036.0432519023,4600.84655576626,824418.74398291,5801.34591225164,0,300.003600043201,19715.5358422437,143923.819945367,1211935.02795241,7302.132222609,100.0004000016,
125.13298,27530.2833116428,3900.60849492521,828901.093905619,6201.53798141939,300.003600043201,200.0016000128,20116.1734034163,139170.447597902,1196663.59292481,6101.48876325823,100.0004000016,
125.2593,30036.0432519023,4300.73972723308,818231.389186085,4100.67251029169,600.014400345608,300.003600043201,20316.4969955604,138260.432378079,1220512.41174176,7802.43435952017,0,
125.38554,24023.0621396541,4300.73972723308,811194.211684831,4900.9605882753,400.006400102402,100.0004000016,20116.1734034163,138058.215720738,1265801.50618612,7602.31110257518,0,
125.51187,24423.8376655616,3800.57768780855,853581.858645024,4600.84655576626,200.0016000128,100.0004000016,20116.1734034163,140586.157794386,1260614.54039723,7502.25067520256,0,
125.63806,27129.408278574,4000.64010241639,821431.374898263,4300.73972723308,500.010000200004,200.0016000128,21318.1630749398,139069.331542091,1244184.28876161,8703.02865397158,100.0004000016,
125.7643,24724.4277346018,3800.57768780855,847915.003784135,3600.51847466035,400.006400102402,700.019600548815,22319.9093591484,148881.377756317,1324434.97232775,6801.85010322808,0,
125.89053,25726.4467872973,4900.9605882753,829114.577952268,4700.88376614804,200.0016000128,300.003600043201,19715.5358422437,137856.002316705,1253444.45191209,7302.132222609,0,
126.01674,26528.1198069954,5501.21026625858,830502.310280127,5301.12383825371,700.019600548815,600.014400345608,19915.8530190031,142811.167431008,1248262.36503143,5501.21026625858,100.0004000016,
126.14298,25125.2257266295,3900.60849492521,839365.963973722,5101.04061228491,100.0004000016,600.014400345608,20917.487019148,139473.800645984,1292541.33187497,6701.7960813498,0,
126.26927,26828.7604311822,4200.70571856072,823778.535275282,5801.34591225164,300.003600043201,300.003600043201,19314.911111378,148577.797628389,1300064.80335968,6801.85010322808,100.0004000016,
126.39546,25826.6531060054,4900.9605882753,835520.740756051,3800.57768780855,400.006400102402,500.010000200004,18313.4054127621,137957.108612063,1293647.45477493,7402.19104855037,0,
126.52174,25826.6531060054,3900.60849492521,811940.39713219,5201.0818250196,400.006400102402,400.006400102402,21418.3340939844,136541.694484439,1240878.67057411,6201.53798141939,0,
126.64794,27730.7256440136,4500.81014582625,816738.333932282,4800.92177698118,200.0016000128,600.014400345608,20416.6599945556,134115.6410607,1252782.79497627,6701.7960813498,100.0004000016,
126.77417,29234.1454819229,4700.88376614804,782977.459489786,4400.77453631839,200.0016000128,200.0016000128,21418.3340939844,146958.827387251,1287896.63178438,7302.132222609,100.0004000016,
126.90046,30737.7459520291,5401.16665199683,824205.337553353,4900.9605882753,700.019600548815,200.0016000128,20016.0128102482,141900.888615345,1383163.37793339,7402.19104855037,300.003600043201,
127.02675,42532.9147913265,6001.44034568296,842143.781553257,6001.44034568296,1200.05760276493,200.0016000128,61350.1852535006,145441.232086388,1292983.76986698,9003.24116682005,300.003600043201,
127.153,45382.2326054811,5001.00020004001,820364.624861086,3800.57768780855,400.006400102402,400.006400102402,20316.4969955604,141496.341409452,1313019.68213872,10004.0016006403,100.0004000016,
127.27924,42672.714305176,6801.85010322808,834132.46916438,4000.64010241639,100.0004000016,400.006400102402,23221.549598027,144024.975057127,1270880.0954999,9403.53572943427,200.0016000128,
127.40555,37355.7347562563,7302.132222609,891241.764263053,5001.00020004001,100.0004000016,500.010000200004,23321.7358578195,137451.585268247,1220423.69659265,17111.7044058136,200.0016000128,
127.53187,39963.7821963854,6401.6388195378,814499.074808353,3900.60849492521,100.0004000016,400.006400102402,23622.2994506814,155865.744150758,1284690.53456752,11705.4781637807,100.0004000016,
127.65815,48092.3372875922,19214.7569333248,821858.099593874,4200.70571856072,200.0016000128,400.006400102402,24023.0621396541,151512.712580585,1375648.31343554,11205.0198488923,200.0016000128,
127.78455,53815.5958999932,9103.31360615264,811727.196887725,3500.49006860961,500.010000200004,800.025600819226,23421.922919853,140485.030349594,1231517.27292949,8703.02865397158,200.0016000128,
127.91087,46185.1654450807,5501.21026625858,824738.860240645,5801.34591225164,200.0016000128,600.014400345608,19014.4509827469,151006.643889915,1298515.50139698,13206.9732818928,400.006400102402,
128.03718,49698.6020264204,6401.6388195378,844815.323287626,4800.92177698118,200.0016000128,700.019600548815,23021.1794851263,150804.222115806,1347739.57472641,10704.5815609081,300.003600043201,
128.16346,52510.0610880405,7102.01697282028,805652.470117054,3600.51847466035,300.003600043201,500.010000200004,22720.6303323418,168021.712955692,1282811.46182895,10404.3282005314,100.0004000016,
128.28974,51104.2526754579,5501.21026625858,837550.021496842,4100.67251029169,0,600.014400345608,24023.0621396541,147869.47249829,1349294.68207995,9103.31360615264,300.003600043201,
128.41595,60948.2260858408,7402.19104855037,821004.664306283,5201.0818250196,500.010000200004,700.019600548815,25425.8326459683,154245.835463059,1280711.63962206,12105.8592358702,600.014400345608,
128.54218,72811.4444346382,8602.95941803981,852298.579571307,3900.60849492521,300.003600043201,1500.09000540032,27630.5040765005,145238.89988574,1272647.02173273,9603.68781612139,800.025600819226,
128.66846,433822.511628394,10004.0016006403,809612.914817607,5501.21026625858,600.014400345608,1400.07840439065,26227.4864057532,142507.733835379,1255760.51385674,11205.0198488923,200.0016000128,
128.79476,65672.0607992942,11104.9305891816,805332.826860668,5801.34591225164,200.0016000128,1400.07840439065,30737.7459520291,149083.768580143,1272867.90422384,9203.38684635946,600.014400345608,
128.921,69291.5217661617,11505.2924345199,814392.453110738,5401.16665199683,300.003600043201,900.032401166442,34447.3996218797,164880.295697409,1327428.96859664,12005.7627661277,400.006400102402,
129.04721,96974.7102805239,12205.9565067753,806078.673443687,4500.81014582625,200.0016000128,1400.07840439065,35751.0525029742,143114.608350732,1327761.67688886,10304.2453490838,700.019600548815,
129.17353,89217.2565643428,13006.7635170289,834559.613763,4500.81014582625,200.0016000128,2200.1936170383,44478.9946945776,147262.368429523,1257525.40678158,13006.7635170289,500.010000200004,
129.29975,87404.517338407,14007.84439286,808636.189076133,4600.84655576626,100.0004000016,2900.33643902693,48895.4439065055,149690.960597476,1291324.70417001,12606.3536022155,400.006400102402,
129.42604,94254.0180919534,15809.9919148902,808423.043411832,3900.60849492521,400.006400102402,3900.60849492521,52309.2216548153,149589.759891837,1329092.59415284,10404.3282005314,700.019600548815,
129.55221,92440.5509898466,14508.4148806308,826873.171457379,3200.40965243551,300.003600043201,3900.60849492521,55322.1513100927,151310.282660485,1310028.96207988,11405.2007715518,1100.04840212969,
129.67848,107661.653168788,16911.4321281186,826766.447517945,3900.60849492521,600.014400345608,5001.00020004001,58536.7418289123,145137.735006457,1263483.67251747,9503.61137232148,1000.04000160006,
129.80481,102014.587282717,17812.6826300326,808742.763228529,4600.84655576626,300.003600043201,4100.67251029169,66777.8963157853,150905.432595573,1285022.16353069,10804.6676164103,300.003600043201,
129.93111,121992.395070462,18513.7001381022,770432.860806676,4200.70571856072,200.0016000128,6401.6388195378,69894.8668888862,143620.359493426,1279164.61689183,10204.1632986258,700.019600548815,
130.05742,122093.373796652,19014.4509827469,825912.687754385,4700.88376614804,500.010000200004,6501.69043951427,75829.3078268684,150905.432595573,1314597.9284345,10704.5815609081,600.014400345608,
130.18368,136642.790207568,20917.487019148,811194.211684831,4200.70571856072,500.010000200004,7802.43435952017,76432.9676855054,142710.022085357,1276071.11776304,12506.2531265633,800.025600819226,
130.30989,132700.659482065,20917.487019148,767351.734658119,4600.84655576626,400.006400102402,6501.69043951427,70498.2410538434,132599.595465677,1172200.51674393,10204.1632986258,300.003600043201,
130.43612,133812.417309757,23221.549598027,754079.446184276,4500.81014582625,500.010000200004,7202.07419736884,77036.6566091032,145542.399407772,1232287.95916997,12205.9565067753,600.014400345608,
130.56241,145542.399407772,21017.6548300572,747819.674629952,4500.81014582625,400.006400102402,6901.90492575951,78747.266416548,141900.888615345,1226233.78694227,8002.56081946223,900.032401166442,
130.68869,145036.570941189,22620.4488857928,751957.148743305,3800.57768780855,400.006400102402,6601.74286011507,78948.529972353,140687.286052751,1176694.78392709,9903.92195309342,700.019600548815,
130.81498,141192.939548504,21418.3340939844,730435.605982635,3400.46246289495,300.003600043201,6101.48876325823,67682.7434071994,133307.060649686,1167160.00485662,9903.92195309342,400.006400102402,
130.94123,127749.478347921,20416.6599945556,746228.692421134,3300.43565750679,300.003600043201,7102.01697282028,81061.9923593053,140485.030349594,1185249.11598599,9603.68781612139,700.019600548815,
131.06755,133812.417309757,21117.8234429859,733719.819493396,3500.49006860961,500.010000200004,5601.25468104855,78344.7489958631,137047.181232077,1154238.86980211,11905.6670975384,900.032401166442,
131.19383,136642.790207568,21718.8519635043,729800.048577863,4700.88376614804,300.003600043201,5901.39272868397,82471.1651911485,145643.56754321,1153582.2038473,11505.2924345199,1100.04840212969,
131.32008,146250.593451514,25225.4272306485,702395.051980524,3600.51847466035,500.010000200004,6001.44034568296,74018.5026197335,132195.347527997,1107152.10653389,11205.0198488923,700.019600548815,
131.44638,147565.916799781,28532.5270808722,672728.168938874,3800.57768780855,700.019600548815,7001.96054895371,77841.6203896896,133812.417309757,1047961.59071776,10104.0820491479,1200.05760276493,
131.57263,146452.941933823,20717.1538033492,638290.889997375,3500.49006860961,600.014400345608,5301.12383825371,74219.6902832384,115935.15668325,936623.342131036,10004.0016006403,600.014400345608,
131.6989,153132.269255226,25225.4272306485,594404.448921759,4000.64010241639,400.006400102402,6801.85010322808,66576.8280553149,119468.190715041,1008722.28510553,13707.5117164206,1000.04000160006,
131.82516,146655.293672699,23321.7358578195,601533.634270827,4100.67251029169,400.006400102402,7001.96054895371,63058.6555774328,102417.864888746,912106.135986733,10204.1632986258,1500.09000540032,
131.95137,146149.420431548,20116.1734034163,566973.197630657,4300.73972723308,300.003600043201,7001.96054895371,64968.3980878437,103728.606602481,891603.249499774,11705.4781637807,900.032401166442,
132.07769,150601.803599957,25225.4272306485,560176.835527419,2900.33643902693,700.019600548815,6901.90492575951,69291.5217661617,107459.928493954,899864.906304649,11805.5722300926,1200.05760276493,
132.20393,152929.813264649,21819.0261908384,517494.794431062,3400.46246289495,700.019600548815,5601.25468104855,58034.4076882059,93951.7553721132,772451.929222662,10604.4963064339,1500.09000540032,
132.33021,145340.065579047,22820.8125810739,518377.782474109,3100.38444767151,400.006400102402,6401.6388195378,53916.0272907297,88310.854206808,769795.325977603,8202.69048247825,900.032401166442,
132.45637,162144.861487425,23822.6791905894,446639.415012296,3800.57768780855,700.019600548815,4800.92177698118,56226.1715289109,86498.2459520426,716248.966206792,7502.25067520256,600.014400345608,
132.58259,160321.56903791,22019.3770518056,443428.064304702,4000.64010241639,500.010000200004,5401.16665199683,53012.1737596755,85793.4134740814,715719.916722213,8803.09869073914,1500.09000540032,
132.70886,150196.976342719,23021.1794851263,446950.233908367,3100.38444767151,500.010000200004,4300.73972723308,47590.4218014227,88008.734641121,695843.440365087,7602.31110257518,900.032401166442,
132.83514,138867.101870734,22319.9093591484,413425.607787487,3700.5476810568,200.0016000128,5301.12383825371,49999.7996000016,81263.2930695453,628828.947044689,8703.02865397158,600.014400345608,
132.96135,123002.218863556,22820.8125810739,391783.888842613,3100.38444767151,200.0016000128,2300.21161946899,39462.1924152464,68989.8600949814,568332.903785341,5301.12383825371,600.014400345608,
133.08766,114421.303458557,17912.8255831175,343762.798600213,3200.40965243551,300.003600043201,3600.51847466035,32041.0124959949,54418.1963224123,528647.226771994,5701.29989637637,1000.04000160006,
133.21389,111192.359769057,17211.841747122,308254.540300864,2500.2500250025,200.0016000128,2500.2500250025,29835.5639922788,57230.7149529525,480667.308099998,5701.29989637637,800.025600819226,
133.34017,97579.3886631222,19915.8530190031,271414.997068516,2400.23042212052,200.0016000128,2800.31363512713,28031.3951625821,48393.4962347255,410635.875752155,5601.25468104855,800.025600819226,
133.46641,91533.9157245632,15910.1188355794,237637.595600171,2700.2916314962,300.003600043201,3500.49006860961,23421.922919853,40967.0220480706,330101.887801834,3600.51847466035,1000.04000160006,
133.59268,83981.1689536568,12406.1534521122,201409.66605108,1700.11560786133,300.003600043201,2400.23042212052,21919.201220269,37456.0342272039,302004.728438644,3400.46246289495,300.003600043201,
133.71884,80156.1791485588,14007.84439286,174915.311584892,1500.09000540032,400.006400102402,2000.16001280102,17311.9798900839,31539.7400724913,286854.07259957,4500.81014582625,500.010000200004,
133.84507,73113.1980856177,15409.4922472243,163259.225857363,1900.14441097523,100.0004000016,1800.12960933187,16410.7654621432,30938.239664225,240593.33567566,2600.27042812453,500.010000200004,
133.97132,70699.3722296877,10304.2453490838,145947.076833944,1300.06760351538,400.006400102402,1500.09000540032,16210.5044068556,29133.9118734207,218900.052455312,2900.33643902693,300.003600043201,
134.09762,66476.2951346972,12706.4548790786,123507.161204481,3000.36004320518,400.006400102402,1900.14441097523,13807.6218072376,21919.201220269,170048.850030808,3200.40965243551,200.0016000128,
134.22382,62154.1422728366,9703.76506084361,97176.2665039031,2700.2916314962,0,1600.10240655402,13106.8679988314,18713.9980705568,130679.533574588,3100.38444767151,200.0016000128,
134.35014,64867.8780684411,10704.5815609081,81162.6423105168,1700.11560786133,0,900.032401166442,12306.0545788528,14408.2991803279,109073.816659569,3000.36004320518,800.025600819226,
134.47639,59541.4705339888,10704.5815609081,69291.5217661617,1400.07840439065,100.0004000016,1200.05760276493,12906.6598364756,11505.2924345199,89620.1230796405,1500.09000540032,800.025600819226,
134.60262,52811.3262757894,9603.68781612139,46385.9066992069,1300.06760351538,200.0016000128,900.032401166442,11004.8421305374,8102.62525058119,62757.1438882963,1300.06760351538,200.0016000128,
134.72888,51706.7226756024,9303.46088745013,31038.4877247787,2200.1936170383,200.0016000128,1200.05760276493,9803.84310649775,6601.74286011507,47088.5264296878,1200.05760276493,400.006400102402,
134.85517,48795.0527627819,7802.43435952017,26027.0681508769,2200.1936170383,100.0004000016,900.032401166442,10204.1632986258,4700.88376614804,35049.0686961746,1200.05760276493,200.0016000128,
134.98139,48393.4962347255,6701.7960813498,19815.6940296715,1000.04000160006,0,500.010000200004,8102.62525058119,2100.17641481884,19415.0660912868,800.025600819226,100.0004000016,
135.10768,40064.1025641026,6501.69043951427,8202.69048247825,1400.07840439065,400.006400102402,500.010000200004,7001.96054895371,2100.17641481884,8502.8909829342,0,100.0004000016,
135.23389,31339.2367243789,5101.04061228491,4500.81014582625,1400.07840439065,100.0004000016,800.025600819226,6001.44034568296,1700.11560786133,4300.73972723308,100.0004000016,0,
135.36011,26227.4864057532,4600.84655576626,2400.23042212052,1800.12960933187,200.0016000128,900.032401166442,7602.31110257518,1200.05760276493,3200.40965243551,100.0004000016,0,
135.48627,20316.4969955604,2800.31363512713,1700.11560786133,1900.14441097523,100.0004000016,600.014400345608,4400.77453631839,1000.04000160006,1600.10240655402,0,200.0016000128,
135.61252,14508.4148806308,3000.36004320518,1300.06760351538,1600.10240655402,200.0016000128,300.003600043201,3900.60849492521,1000.04000160006,500.010000200004,0,0,
135.73871,11805.5722300926,2900.33643902693,900.032401166442,1900.14441097523,0,400.006400102402,2400.23042212052,500.010000200004,1000.04000160006,0,0,
135.86494,8302.75651516303,2100.17641481884,1200.05760276493,1000.04000160006,0,100.0004000016,2100.17641481884,900.032401166442,1000.04000160006,100.0004000016,0,
135.99127,6101.48876325823,1300.06760351538,700.019600548815,1300.06760351538,0,200.0016000128,1200.05760276493,800.025600819226,700.019600548815,0,100.0004000016,
136.11758,5601.25468104855,1300.06760351538,900.032401166442,2200.1936170383,0,500.010000200004,2600.27042812453,900.032401166442,500.010000200004,100.0004000016,100.0004000016,
136.24377,3900.60849492521,1000.04000160006,900.032401166442,1000.04000160006,100.0004000016,400.006400102402,1100.04840212969,800.025600819226,400.006400102402,0,100.0004000016,
136.37008,4100.67251029169,1500.09000540032,900.032401166442,1600.10240655402,100.0004000016,1000.04000160006,700.019600548815,800.025600819226,400.006400102402,200.0016000128,0,
136.49632,3400.46246289495,800.025600819226,500.010000200004,700.019600548815,200.0016000128,200.0016000128,1400.07840439065,1100.04840212969,1100.04840212969,100.0004000016,100.0004000016,
136.62257,2900.33643902693,900.032401166442,500.010000200004,1300.06760351538,200.0016000128,200.0016000128,1700.11560786133,800.025600819226,400.006400102402,0,200.0016000128,
136.74882,2600.27042812453,900.032401166442,200.0016000128,1000.04000160006,200.0016000128,300.003600043201,1300.06760351538,1500.09000540032,200.0016000128,0,200.0016000128,
136.87506,1600.10240655402,1500.09000540032,400.006400102402,800.025600819226,0,300.003600043201,1000.04000160006,800.025600819226,300.003600043201,100.0004000016,0,
137.00138,3000.36004320518,1000.04000160006,300.003600043201,900.032401166442,200.0016000128,300.003600043201,1700.11560786133,1500.09000540032,500.010000200004,0,0,
137.12759,1900.14441097523,1000.04000160006,300.003600043201,1300.06760351538,0,500.010000200004,1400.07840439065,900.032401166442,300.003600043201,200.0016000128,0,
137.25382,2700.2916314962,1000.04000160006,800.025600819226,1800.12960933187,100.0004000016,500.010000200004,1300.06760351538,900.032401166442,300.003600043201,0,100.0004000016,
137.38005,1800.12960933187,800.025600819226,200.0016000128,1900.14441097523,500.010000200004,600.014400345608,1300.06760351538,400.006400102402,1500.09000540032,200.0016000128,0,
137.50628,3500.49006860961,1200.05760276493,200.0016000128,500.010000200004,300.003600043201,1200.05760276493,700.019600548815,1100.04840212969,200.0016000128,0,0,
137.63259,2300.21161946899,500.010000200004,100.0004000016,1500.09000540032,400.006400102402,700.019600548815,1000.04000160006,1200.05760276493,0,0,0,
137.75889,2300.21161946899,1000.04000160006,100.0004000016,2000.16001280102,200.0016000128,100.0004000016,600.014400345608,1500.09000540032,100.0004000016,0,0,
137.88512,2100.17641481884,1400.07840439065,300.003600043201,1500.09000540032,100.0004000016,400.006400102402,1800.12960933187,900.032401166442,100.0004000016,0,0,
138.01135,2000.16001280102,500.010000200004,1200.05760276493,1200.05760276493,300.003600043201,400.006400102402,800.025600819226,1100.04840212969,300.003600043201,0,0,
138.13755,2500.2500250025,900.032401166442,500.010000200004,1000.04000160006,400.006400102402,500.010000200004,1100.04840212969,700.019600548815,100.0004000016,0,0,
138.26371,900.032401166442,400.006400102402,100.0004000016,900.032401166442,500.010000200004,900.032401166442,700.019600548815,1000.04000160006,600.014400345608,100.0004000016,0,
138.39003,1400.07840439065,1200.05760276493,0,1300.06760351538,100.0004000016,500.010000200004,700.019600548815,1100.04840212969,200.0016000128,200.0016000128,0,
138.51626,1300.06760351538,1000.04000160006,0,1000.04000160006,400.006400102402,600.014400345608,1000.04000160006,1500.09000540032,0,100.0004000016,100.0004000016,
138.64256,1200.05760276493,900.032401166442,500.010000200004,1500.09000540032,0,800.025600819226,900.032401166442,1100.04840212969,600.014400345608,0,0,
138.76887,1900.14441097523,500.010000200004,100.0004000016,1200.05760276493,100.0004000016,600.014400345608,1000.04000160006,1000.04000160006,400.006400102402,0,100.0004000016,
138.89521,1200.05760276493,700.019600548815,200.0016000128,800.025600819226,200.0016000128,1400.07840439065,900.032401166442,1000.04000160006,200.0016000128,0,0,
139.02149,2000.16001280102,600.014400345608,100.0004000016,1100.04840212969,100.0004000016,100.0004000016,800.025600819226,1200.05760276493,200.0016000128,100.0004000016,0,
139.14778,1500.09000540032,1000.04000160006,200.0016000128,1300.06760351538,0,300.003600043201,800.025600819226,700.019600548815,200.0016000128,0,0,
139.27395,1700.11560786133,600.014400345608,300.003600043201,1100.04840212969,100.0004000016,1400.07840439065,600.014400345608,900.032401166442,400.006400102402,100.0004000016,0,
139.40024,1000.04000160006,600.014400345608,200.0016000128,800.025600819226,200.0016000128,2100.17641481884,1100.04840212969,1300.06760351538,300.003600043201,0,100.0004000016,
139.5265,1400.07840439065,500.010000200004,200.0016000128,1100.04840212969,100.0004000016,4000.64010241639,700.019600548815,1000.04000160006,1500.09000540032,100.0004000016,0,
139.65285,2200.1936170383,300.003600043201,800.025600819226,2000.16001280102,300.003600043201,6701.7960813498,600.014400345608,600.014400345608,200.0016000128,0,0,
139.77908,1800.12960933187,200.0016000128,700.019600548815,1100.04840212969,300.003600043201,3400.46246289495,500.010000200004,700.019600548815,100.0004000016,0,0,
139.90537,1500.09000540032,900.032401166442,400.006400102402,1200.05760276493,300.003600043201,1100.04840212969,800.025600819226,1000.04000160006,400.006400102402,0,0,
140.03161,1500.09000540032,500.010000200004,300.003600043201,800.025600819226,0,1000.04000160006,500.010000200004,500.010000200004,0,200.0016000128,0,
140.15784,1200.05760276493,600.014400345608,100.0004000016,1000.04000160006,400.006400102402,300.003600043201,500.010000200004,700.019600548815,400.006400102402,200.0016000128,0,
140.28414,1600.10240655402,200.0016000128,0,1000.04000160006,200.0016000128,800.025600819226,600.014400345608,800.025600819226,100.0004000016,100.0004000016,100.0004000016,
140.41046,1700.11560786133,700.019600548815,200.0016000128,600.014400345608,200.0016000128,400.006400102402,300.003600043201,700.019600548815,100.0004000016,300.003600043201,0,
140.53672,700.019600548815,1000.04000160006,100.0004000016,1000.04000160006,300.003600043201,400.006400102402,700.019600548815,1300.06760351538,300.003600043201,0,0,
140.66292,700.019600548815,400.006400102402,0,900.032401166442,400.006400102402,300.003600043201,800.025600819226,400.006400102402,100.0004000016,0,0,
140.78913,2900.33643902693,700.019600548815,200.0016000128,1200.05760276493,100.0004000016,700.019600548815,800.025600819226,1100.04840212969,100.0004000016,0,0,
140.91544,1300.06760351538,700.019600548815,400.006400102402,1200.05760276493,0,400.006400102402,200.0016000128,500.010000200004,400.006400102402,0,0,
141.04163,900.032401166442,900.032401166442,100.0004000016,1300.06760351538,200.0016000128,600.014400345608,100.0004000016,400.006400102402,0,0,0,
141.16792,1000.04000160006,1000.04000160006,100.0004000016,1000.04000160006,200.0016000128,600.014400345608,200.0016000128,1300.06760351538,0,100.0004000016,0,
141.2942,1000.04000160006,500.010000200004,300.003600043201,1400.07840439065,100.0004000016,600.014400345608,500.010000200004,1100.04840212969,0,0,0,
141.42047,400.006400102402,600.014400345608,400.006400102402,1400.07840439065,200.0016000128,700.019600548815,300.003600043201,900.032401166442,300.003600043201,0,0,
141.54665,900.032401166442,500.010000200004,200.0016000128,1500.09000540032,0,500.010000200004,800.025600819226,900.032401166442,100.0004000016,0,200.0016000128,
141.67292,1300.06760351538,300.003600043201,0,400.006400102402,200.0016000128,400.006400102402,100.0004000016,800.025600819226,300.003600043201,0,0,
141.79919,800.025600819226,800.025600819226,0,1500.09000540032,300.003600043201,800.025600819226,0,600.014400345608,9303.46088745013,100.0004000016,0,
141.92542,500.010000200004,300.003600043201,200.0016000128,800.025600819226,0,300.003600043201,0,400.006400102402,0,0,0,
142.05177,800.025600819226,700.019600548815,100.0004000016,1200.05760276493,100.0004000016,700.019600548815,200.0016000128,1400.07840439065,200.0016000128,0,0,
142.1781,1500.09000540032,1100.04840212969,300.003600043201,1400.07840439065,0,900.032401166442,200.0016000128,500.010000200004,200.0016000128,100.0004000016,100.0004000016,
142.30434,1000.04000160006,1200.05760276493,100.0004000016,1100.04840212969,300.003600043201,1000.04000160006,300.003600043201,900.032401166442,100.0004000016,100.0004000016,100.0004000016,
142.43057,4600.84655576626,1100.04840212969,300.003600043201,1000.04000160006,0,400.006400102402,200.0016000128,1300.06760351538,0,100.0004000016,0,
142.5568,200.0016000128,800.025600819226,300.003600043201,1100.04840212969,0,400.006400102402,0,600.014400345608,100.0004000016,0,0,
142.68311,1000.04000160006,1000.04000160006,300.003600043201,400.006400102402,200.0016000128,1100.04840212969,200.0016000128,700.019600548815,0,0,0,
142.8094,2000.16001280102,500.010000200004,100.0004000016,1000.04000160006,0,900.032401166442,0,1200.05760276493,0,0,200.0016000128,
142.93572,600.014400345608,800.025600819226,100.0004000016,900.032401166442,300.003600043201,300.003600043201,200.0016000128,1100.04840212969,0,0,0,
143.06199,1000.04000160006,500.010000200004,100.0004000016,1200.05760276493,100.0004000016,1400.07840439065,200.0016000128,600.014400345608,0,0,0,
143.18819,900.032401166442,600.014400345608,300.003600043201,1000.04000160006,0,500.010000200004,0,900.032401166442,0,0,100.0004000016,
143.31442,1300.06760351538,500.010000200004,200.0016000128,1000.04000160006,100.0004000016,1600.10240655402,300.003600043201,1200.05760276493,0,0,0,
143.44071,1100.04840212969,500.010000200004,100.0004000016,1200.05760276493,200.0016000128,400.006400102402,200.0016000128,600.014400345608,300.003600043201,0,0,
143.56689,900.032401166442,700.019600548815,0,700.019600548815,0,600.014400345608,400.006400102402,900.032401166442,0,0,0,
143.69309,1000.04000160006,900.032401166442,0,1200.05760276493,300.003600043201,700.019600548815,100.0004000016,1100.04840212969,200.0016000128,0,0,
143.81937,1200.05760276493,300.003600043201,200.0016000128,900.032401166442,0,300.003600043201,0,1500.09000540032,100.0004000016,0,0,
143.94561,1100.04840212969,600.014400345608,0,1500.09000540032,200.0016000128,600.014400345608,100.0004000016,1100.04840212969,100.0004000016,0,0,
144.07184,1000.04000160006,900.032401166442,100.0004000016,1300.06760351538,100.0004000016,600.014400345608,0,1000.04000160006,200.0016000128,0,0,
144.19803,8602.95941803981,700.019600548815,0,1500.09000540032,200.0016000128,600.014400345608,0,300.003600043201,0,0,0,
144.32419,1900.14441097523,900.032401166442,100.0004000016,700.019600548815,0,1000.04000160006,200.0016000128,700.019600548815,0,200.0016000128,0,
144.45043,700.019600548815,500.010000200004,100.0004000016,2000.16001280102,100.0004000016,100.0004000016,200.0016000128,300.003600043201,0,0,0,
144.57666,1000.04000160006,800.025600819226,200.0016000128,1600.10240655402,200.0016000128,1600.10240655402,200.0016000128,600.014400345608,0,0,200.0016000128,
144.7029,800.025600819226,600.014400345608,200.0016000128,1400.07840439065,200.0016000128,700.019600548815,0,1000.04000160006,0,0,0,
144.8292,600.014400345608,600.014400345608,200.0016000128,1900.14441097523,100.0004000016,200.0016000128,100.0004000016,1000.04000160006,200.0016000128,200.0016000128,0,
144.95541,800.025600819226,500.010000200004,200.0016000128,1100.04840212969,100.0004000016,700.019600548815,200.0016000128,1500.09000540032,100.0004000016,0,0,
145.08167,1300.06760351538,1100.04840212969,200.0016000128,1900.14441097523,200.0016000128,500.010000200004,100.0004000016,1300.06760351538,0,0,0,
145.2079,400.006400102402,800.025600819226,100.0004000016,1300.06760351538,200.0016000128,500.010000200004,100.0004000016,500.010000200004,0,0,0,
145.33411,600.014400345608,500.010000200004,200.0016000128,1700.11560786133,300.003600043201,500.010000200004,100.0004000016,700.019600548815,0,0,0,
145.46032,1000.04000160006,1200.05760276493,0,1100.04840212969,100.0004000016,700.019600548815,100.0004000016,1300.06760351538,0,100.0004000016,0,
145.58663,1000.04000160006,600.014400345608,0,1300.06760351538,200.0016000128,900.032401166442,100.0004000016,1100.04840212969,200.0016000128,0,0,
145.71286,1200.05760276493,1400.07840439065,200.0016000128,700.019600548815,200.0016000128,500.010000200004,0,800.025600819226,100.0004000016,0,0,
145.83914,1200.05760276493,400.006400102402,200.0016000128,1000.04000160006,0,700.019600548815,200.0016000128,1000.04000160006,0,100.0004000016,0,
145.96538,1000.04000160006,900.032401166442,100.0004000016,1200.05760276493,0,800.025600819226,100.0004000016,500.010000200004,0,0,0,
146.09165,1600.10240655402,700.019600548815,100.0004000016,800.025600819226,300.003600043201,600.014400345608,100.0004000016,1000.04000160006,200.0016000128,100.0004000016,0,
146.21788,900.032401166442,300.003600043201,100.0004000016,1300.06760351538,200.0016000128,1100.04840212969,100.0004000016,900.032401166442,100.0004000016,0,0,
146.34413,1200.05760276493,900.032401166442,300.003600043201,1400.07840439065,100.0004000016,1100.04840212969,0,1200.05760276493,0,0,0,
146.47032,2100.17641481884,5001.00020004001,200.0016000128,1300.06760351538,200.0016000128,1100.04840212969,100.0004000016,1300.06760351538,100.0004000016,100.0004000016,0,
146.59661,1000.04000160006,900.032401166442,100.0004000016,1900.14441097523,100.0004000016,700.019600548815,100.0004000016,800.025600819226,0,0,0,
146.7228,1000.04000160006,1100.04840212969,400.006400102402,1300.06760351538,200.0016000128,700.019600548815,100.0004000016,1000.04000160006,0,0,0,
146.84912,900.032401166442,300.003600043201,100.0004000016,1700.11560786133,100.0004000016,1100.04840212969,0,1000.04000160006,0,0,100.0004000016,
146.97536,500.010000200004,1000.04000160006,200.0016000128,1000.04000160006,300.003600043201,400.006400102402,200.0016000128,1300.06760351538,0,0,0,
147.1016,500.010000200004,800.025600819226,200.0016000128,900.032401166442,500.010000200004,400.006400102402,0,700.019600548815,0,200.0016000128,0,
147.22786,1300.06760351538,800.025600819226,100.0004000016,700.019600548815,400.006400102402,500.010000200004,100.0004000016,600.014400345608,0,0,0,
147.35414,1100.04840212969,900.032401166442,0,1300.06760351538,300.003600043201,1000.04000160006,100.0004000016,300.003600043201,0,200.0016000128,100.0004000016,
147.48044,800.025600819226,300.003600043201,200.0016000128,1500.09000540032,200.0016000128,200.0016000128,100.0004000016,600.014400345608,0,0,0,
147.60666,1000.04000160006,500.010000200004,0,1400.07840439065,100.0004000016,900.032401166442,0,1000.04000160006,0,0,100.0004000016,
147.73286,1100.04840212969,0,500.010000200004,1200.05760276493,0,600.014400345608,0,1200.05760276493,0,0,0,
147.85914,14107.9568876847,700.019600548815,400.006400102402,1300.06760351538,200.0016000128,400.006400102402,100.0004000016,1200.05760276493,100.0004000016,100.0004000016,0,
147.9854,1300.06760351538,600.014400345608,100.0004000016,1100.04840212969,100.0004000016,700.019600548815,300.003600043201,800.025600819226,0,0,0,
148.11159,1100.04840212969,900.032401166442,200.0016000128,1900.14441097523,200.0016000128,700.019600548815,100.0004000016,600.014400345608,100.0004000016,100.0004000016,0,
148.23781,700.019600548815,1000.04000160006,200.0016000128,900.032401166442,200.0016000128,700.019600548815,200.0016000128,1000.04000160006,200.0016000128,300.003600043201,200.0016000128,
148.36409,1100.04840212969,400.006400102402,0,800.025600819226,300.003600043201,400.006400102402,400.006400102402,400.006400102402,0,0,100.0004000016,
148.49037,1200.05760276493,400.006400102402,400.006400102402,500.010000200004,200.0016000128,700.019600548815,100.0004000016,1000.04000160006,0,100.0004000016,0,
148.61666,1100.04840212969,900.032401166442,0,1300.06760351538,400.006400102402,300.003600043201,0,800.025600819226,0,0,100.0004000016,
148.74292,1200.05760276493,300.003600043201,100.0004000016,1300.06760351538,100.0004000016,300.003600043201,0,1300.06760351538,0,0,0,
148.8692,600.014400345608,700.019600548815,100.0004000016,700.019600548815,0,700.019600548815,200.0016000128,500.010000200004,0,0,0,
148.99545,900.032401166442,500.010000200004,300.003600043201,1400.07840439065,100.0004000016,400.006400102402,0,500.010000200004,0,1100.04840212969,0,
149.12169,1000.04000160006,1000.04000160006,0,400.006400102402,100.0004000016,1000.04000160006,200.0016000128,1200.05760276493,0,0,0,
149.24795,700.019600548815,700.019600548815,0,1100.04840212969,100.0004000016,1000.04000160006,200.0016000128,1200.05760276493,0,0,0,
149.37421,900.032401166442,500.010000200004,300.003600043201,800.025600819226,200.0016000128,1300.06760351538,100.0004000016,700.019600548815,0,0,0,
149.5005,600.014400345608,700.019600548815,100.0004000016,1500.09000540032,800.025600819226,200.0016000128,100.0004000016,1100.04840212969,100.0004000016,0,0,
149.62674,900.032401166442,700.019600548815,100.0004000016,1300.06760351538,0,700.019600548815,0,600.014400345608,0,100.0004000016,0,
149.75301,800.025600819226,700.019600548815,0,1500.09000540032,300.003600043201,800.025600819226,200.0016000128,1000.04000160006,0,0,0,
149.87924,600.014400345608,400.006400102402,100.0004000016,900.032401166442,0,800.025600819226,0,400.006400102402,200.0016000128,0,100.0004000016,
150.0055,700.019600548815,400.006400102402,200.0016000128,1300.06760351538,0,3300.43565750679,0,1200.05760276493,0,100.0004000016,0,
150.13175,1000.04000160006,600.014400345608,300.003600043201,1100.04840212969,100.0004000016,800.025600819226,400.006400102402,500.010000200004,0,0,0,
150.25794,1800.12960933187,400.006400102402,100.0004000016,1400.07840439065,400.006400102402,800.025600819226,100.0004000016,1000.04000160006,100.0004000016,0,200.0016000128,
150.38417,1000.04000160006,800.025600819226,300.003600043201,1800.12960933187,200.0016000128,900.032401166442,100.0004000016,500.010000200004,0,0,100.0004000016,
150.51046,1000.04000160006,1100.04840212969,100.0004000016,1000.04000160006,300.003600043201,500.010000200004,0,400.006400102402,0,700.019600548815,0,
150.63675,2200.1936170383,500.010000200004,100.0004000016,1400.07840439065,200.0016000128,1000.04000160006,200.0016000128,900.032401166442,0,0,0,
150.7629,1300.06760351538,200.0016000128,0,1100.04840212969,100.0004000016,1100.04840212969,100.0004000016,900.032401166442,0,0,0,
150.88921,1500.09000540032,100.0004000016,200.0016000128,1500.09000540032,100.0004000016,700.019600548815,0,700.019600548815,0,0,0,
151.01548,400.006400102402,600.014400345608,100.0004000016,1000.04000160006,300.003600043201,900.032401166442,0,700.019600548815,0,0,0,
151.14177,700.019600548815,700.019600548815,300.003600043201,1000.04000160006,100.0004000016,600.014400345608,100.0004000016,1000.04000160006,0,0,0,
151.268,1300.06760351538,100.0004000016,200.0016000128,1400.07840439065,300.003600043201,800.025600819226,200.0016000128,600.014400345608,100.0004000016,0,0,
151.39427,200.0016000128,300.003600043201,0,1100.04840212969,200.0016000128,200.0016000128,200.0016000128,600.014400345608,0,0,0,
151.52055,200.0016000128,400.006400102402,200.0016000128,1400.07840439065,100.0004000016,100.0004000016,100.0004000016,1200.05760276493,0,0,0,
151.64681,0,400.006400102402,100.0004000016,900.032401166442,100.0004000016,300.003600043201,100.0004000016,1100.04840212969,0,0,0,
151.77312,0,300.003600043201,100.0004000016,1700.11560786133,200.0016000128,100.0004000016,0,1300.06760351538,0,0,0,
151.89935,100.0004000016,600.014400345608,200.0016000128,1400.07840439065,300.003600043201,100.0004000016,0,1000.04000160006,0,0,0,
152.02564,0,400.006400102402,400.006400102402,1200.05760276493,300.003600043201,0,100.0004000016,1100.04840212969,0,0,0,
152.15189,0,200.0016000128,200.0016000128,1100.04840212969,500.010000200004,100.0004000016,0,1000.04000160006,0,0,0,
152.27809,0,200.0016000128,100.0004000016,1100.04840212969,300.003600043201,100.0004000016,0,1000.04000160006,0,0,0,
152.40441,0,200.0016000128,200.0016000128,1500.09000540032,200.0016000128,0,100.0004000016,500.010000200004,0,0,0,
152.53059,100.0004000016,100.0004000016,200.0016000128,1500.09000540032,0,100.0004000016,0,900.032401166442,0,0,0,
152.65686,0,200.0016000128,200.0016000128,1400.07840439065,0,100.0004000016,0,1000.04000160006,0,0,0,
152.78308,0,500.010000200004,0,800.025600819226,0,300.003600043201,200.0016000128,500.010000200004,0,0,0,
152.90932,0,500.010000200004,0,1800.12960933187,0,0,0,600.014400345608,0,0,0,
153.03554,0,700.019600548815,400.006400102402,900.032401166442,100.0004000016,100.0004000016,0,800.025600819226,0,0,0,
153.16174,100.0004000016,100.0004000016,100.0004000016,1100.04840212969,0,0,200.0016000128,1300.06760351538,0,0,0,
153.28798,0,500.010000200004,300.003600043201,900.032401166442,200.0016000128,0,100.0004000016,700.019600548815,0,0,0,
153.41414,0,100.0004000016,100.0004000016,1600.10240655402,0,100.0004000016,0,900.032401166442,0,0,0,
153.54037,100.0004000016,0,0,1000.04000160006,100.0004000016,100.0004000016,0,1100.04840212969,0,0,0,
153.66665,0,500.010000200004,100.0004000016,1200.05760276493,200.0016000128,100.0004000016,100.0004000016,400.006400102402,0,0,0,
153.79296,0,400.006400102402,300.003600043201,1900.14441097523,200.0016000128,0,100.0004000016,500.010000200004,0,0,0,
153.9192,0,600.014400345608,0,1300.06760351538,0,100.0004000016,0,1000.04000160006,0,0,0,
154.04552,0,300.003600043201,0,1200.05760276493,300.003600043201,100.0004000016,0,1300.06760351538,0,0,0,
154.17173,0,200.0016000128,100.0004000016,1300.06760351538,100.0004000016,300.003600043201,0,1600.10240655402,0,0,0,
154.29804,0,200.0016000128,300.003600043201,1400.07840439065,0,0,100.0004000016,1200.05760276493,0,0,0,
154.42436,0,700.019600548815,100.0004000016,200.0016000128,100.0004000016,0,0,800.025600819226,0,0,0,
154.55061,0,200.0016000128,200.0016000128,1200.05760276493,100.0004000016,200.0016000128,0,2000.16001280102,0,0,0,
154.67687,0,800.025600819226,0,1400.07840439065,100.0004000016,0,200.0016000128,400.006400102402,0,0,0,
154.80311,0,100.0004000016,0,700.019600548815,200.0016000128,0,0,500.010000200004,0,0,0,
154.92937,0,100.0004000016,100.0004000016,1000.04000160006,100.0004000016,0,100.0004000016,1600.10240655402,100.0004000016,0,0,
155.05565,0,100.0004000016,200.0016000128,1000.04000160006,200.0016000128,0,0,400.006400102402,0,0,0,
155.18185,100.0004000016,200.0016000128,200.0016000128,2200.1936170383,0,200.0016000128,0,900.032401166442,0,0,0,
155.30804,0,600.014400345608,200.0016000128,1000.04000160006,0,0,0,300.003600043201,0,0,0,
155.43432,100.0004000016,500.010000200004,100.0004000016,1100.04840212969,300.003600043201,0,0,1100.04840212969,0,0,0,
155.56056,0,400.006400102402,500.010000200004,1000.04000160006,100.0004000016,0,100.0004000016,400.006400102402,0,0,0,
155.68683,0,200.0016000128,100.0004000016,1100.04840212969,0,100.0004000016,100.0004000016,900.032401166442,0,0,0,
155.81315,0,0,200.0016000128,1100.04840212969,0,0,100.0004000016,800.025600819226,0,0,0,
155.93939,0,500.010000200004,100.0004000016,1300.06760351538,100.0004000016,200.0016000128,0,1000.04000160006,0,0,0,
156.06562,0,100.0004000016,200.0016000128,1300.06760351538,100.0004000016,0,0,1100.04840212969,0,0,0,
156.19185,100.0004000016,300.003600043201,100.0004000016,1400.07840439065,100.0004000016,100.0004000016,100.0004000016,1100.04840212969,0,0,0,
156.31814,0,400.006400102402,200.0016000128,1100.04840212969,500.010000200004,300.003600043201,0,1300.06760351538,0,0,0,
156.44437,0,400.006400102402,200.0016000128,1000.04000160006,200.0016000128,0,100.0004000016,700.019600548815,0,0,0,
156.57063,100.0004000016,300.003600043201,100.0004000016,800.025600819226,100.0004000016,200.0016000128,0,600.014400345608,0,0,0,
156.69686,0,500.010000200004,100.0004000016,1000.04000160006,300.003600043201,100.0004000016,100.0004000016,700.019600548815,0,0,0,
156.82307,100.0004000016,400.006400102402,0,1400.07840439065,200.0016000128,0,0,1200.05760276493,0,0,0,
156.94928,0,300.003600043201,0,1100.04840212969,100.0004000016,200.0016000128,100.0004000016,1300.06760351538,0,0,0,
157.0756,0,200.0016000128,200.0016000128,800.025600819226,300.003600043201,0,0,1100.04840212969,0,0,0,
157.20182,0,400.006400102402,200.0016000128,900.032401166442,300.003600043201,100.0004000016,0,1000.04000160006,0,0,0,
157.3281,100.0004000016,500.010000200004,100.0004000016,1300.06760351538,0,200.0016000128,0,1400.07840439065,0,0,0,
157.45434,0,0,0,1100.04840212969,200.0016000128,0,100.0004000016,1200.05760276493,0,0,0,
157.58061,100.0004000016,500.010000200004,300.003600043201,1500.09000540032,100.0004000016,100.0004000016,200.0016000128,800.025600819226,0,0,0,
157.70688,0,400.006400102402,200.0016000128,1400.07840439065,400.006400102402,0,100.0004000016,1500.09000540032,0,0,0,
157.8332,100.0004000016,500.010000200004,0,1200.05760276493,0,0,0,600.014400345608,0,0,0,
157.95941,0,200.0016000128,100.0004000016,1100.04840212969,100.0004000016,100.0004000016,100.0004000016,600.014400345608,0,0,0,
158.08563,0,400.006400102402,200.0016000128,1400.07840439065,200.0016000128,100.0004000016,0,1000.04000160006,0,0,0,
158.21184,0,0,100.0004000016,900.032401166442,0,0,200.0016000128,1400.07840439065,0,0,0,
158.33807,0,300.003600043201,0,1300.06760351538,100.0004000016,0,100.0004000016,800.025600819226,0,0,0,
158.46435,0,400.006400102402,0,1600.10240655402,200.0016000128,0,0,500.010000200004,0,0,0,
158.59071,0,200.0016000128,0,1500.09000540032,100.0004000016,200.0016000128,100.0004000016,900.032401166442,0,0,0,
158.71691,200.0016000128,300.003600043201,100.0004000016,1100.04840212969,100.0004000016,100.0004000016,200.0016000128,700.019600548815,0,0,0,
158.84323,0,200.0016000128,200.0016000128,1300.06760351538,300.003600043201,0,100.0004000016,1300.06760351538,0,0,0,
158.96954,0,200.0016000128,300.003600043201,400.006400102402,200.0016000128,0,200.0016000128,1000.04000160006,0,0,0,
159.09585,100.0004000016,600.014400345608,500.010000200004,1200.05760276493,300.003600043201,200.0016000128,0,1200.05760276493,0,0,0,
159.22221,0,400.006400102402,300.003600043201,1700.11560786133,100.0004000016,100.0004000016,0,1100.04840212969,0,0,0,
159.34853,0,300.003600043201,100.0004000016,1000.04000160006,200.0016000128,0,200.0016000128,1400.07840439065,0,0,0,
159.47484,0,300.003600043201,0,900.032401166442,0,0,0,700.019600548815,0,0,0,
159.60115,100.0004000016,300.003600043201,400.006400102402,1200.05760276493,200.0016000128,0,0,800.025600819226,0,0,0,
159.72752,0,700.019600548815,200.0016000128,1400.07840439065,200.0016000128,200.0016000128,100.0004000016,1100.04840212969,0,0,0,
159.85375,0,300.003600043201,100.0004000016,1400.07840439065,200.0016000128,0,0,600.014400345608,0,0,0,
159.98004,100.0004000016,800.025600819226,0,1200.05760276493,300.003600043201,0,0,700.019600548815,0,0,0,
160.10625,0,200.0016000128,200.0016000128,1600.10240655402,200.0016000128,200.0016000128,0,1200.05760276493,0,0,0,
160.23251,0,500.010000200004,0,1000.04000160006,200.0016000128,0,0,900.032401166442,0,0,0,
160.35882,0,400.006400102402,200.0016000128,900.032401166442,100.0004000016,100.0004000016,100.0004000016,1100.04840212969,0,0,0,
160.48505,0,300.003600043201,200.0016000128,1100.04840212969,300.003600043201,100.0004000016,0,1100.04840212969,0,0,0,
160.61134,100.0004000016,300.003600043201,300.003600043201,1300.06760351538,100.0004000016,0,100.0004000016,800.025600819226,0,0,0,
160.73758,0,200.0016000128,0,700.019600548815,200.0016000128,0,200.0016000128,1000.04000160006,0,0,0,
160.86373,0,500.010000200004,100.0004000016,1100.04840212969,200.0016000128,0,0,500.010000200004,0,0,100.0004000016,
160.99002,0,400.006400102402,100.0004000016,1100.04840212969,100.0004000016,0,200.0016000128,1100.04840212969,0,0,0,
161.1163,0,200.0016000128,0,1400.07840439065,0,0,0,1000.04000160006,0,0,0,
161.24258,0,200.0016000128,300.003600043201,1700.11560786133,0,0,0,1200.05760276493,0,0,0,
161.36879,0,200.0016000128,400.006400102402,1500.09000540032,100.0004000016,100.0004000016,100.0004000016,1500.09000540032,0,0,0,
161.49503,100.0004000016,300.003600043201,100.0004000016,1600.10240655402,100.0004000016,100.0004000016,100.0004000016,1200.05760276493,0,0,0,
161.62126,100.0004000016,400.006400102402,100.0004000016,900.032401166442,100.0004000016,200.0016000128,0,600.014400345608,0,0,0,

