- 33:03/07/2023 09:13:28 PM;
Software:Name=Qtegra;Version=2.10.3324.83;File Version=1;
Configuration:Machine=iCAP RQ;
STDS:Additional Gas Flow 1=0;Additional Gas Flow 2=0;Additional Gas Flow 3=0;CCT Entry Lens=-108.333333333333;Angular Deflection=-370;Deflection Entry Lens=-35;Extraction Lens 1 Polarity=0;Extraction Lens 1 Negative=0;Extraction Lens 1 Positive=0;Spray Chamber Temperature=2.7;Peristaltic Pump Speed=0;Cool Flow=14;Sampling Depth=5;Plasma Power=1550;Auxilliary Flow=0.8;Nebulizer Flow=1.105;Torch Horizontal Position=-0.723333333333333;Torch Vertical Position=0.3;Extraction Lens 2=-130;CCT Focus Lens=-1.08;CCT Bias=-2;CCT Exit Lens=-160;Focus Lens=18.8;D1 Lens=-200;D2 Lens=-80;Quad Entry Lens=-29.4;Pole Bias=-1;CCT1 Flow=0;CCT2 Flow=0;CCT1 Shut-Off Valve=0;CCT2 Shut-Off Valve=0;Virtual CCT Mass to Dac Factor=130;Virtual CCT Mass to Dac Offset=35;Virtual CCT Mass parameter b=0.65;Virtual CCT Mass Maximum Dac Limit Set=4095;
RF Generator:RF Plasma Lit Readback=1;RF FET Temperature Ok Readback=1;Plasma Power Readback=1548.6077186126;
Ion Optics:Pole Bias Readback=-0.793743890518083;Torch Horizontal Position Readback=-0.72316715542522;Torch Vertical Position Readback=0.300879765395894;Sampling Depth Readback=5;Extraction Lens 1 Negative Readback=-200.39100684262;Extraction Lens 1 Positive Readback=0.00977517106549364;Extraction Lens 2 Readback=-137.82991202346;Angular Deflection Readback=-369.560117302053;Quad Entry Lens Readback=-29.8142717497556;Focus Lens Readback=18.2355816226784;D2 Lens Readback=-80.9384164222874;Deflection Exit Lens Readback=34.5894428152493;Deflection Entry Lens Readback=-35.425219941349;D1 Lens Readback=-200.58651026393;CCT Exit Lens Readback=-162.512218963832;CCT Bias Readback=-2.01857282502444;CCT Entry Lens Readback=-109.237536656891;CCT Focus Lens Readback=-1.47116324535679;
Vacuum:Analyzer Vacuum Ok Readback=1;Interface Pressure Readback=2.02512396424301;Analyzer Pressure Readback=2.24603955216639E-07;
Detector:Detector Voltage (Counting) Readback=1618.76832844575;Detector Voltage (Analog) Readback=-1978.49462365591;
Cooling System:Plasma Cooling Water Flow Readback=0.909803921568627;Interface Temperature Readback=31.2178705615847;Exhaust Flow Readback=0.550695014662757;Quad Board Temperature Readback=0;Inlet Fan Speed Readback=0;Outlet Fan Speed Readback=2447.05882352941;Peltier Temperature Hot Side Readback=20.7862437909878;Spray Chamber Temperature Readback=2.6293915694153;
Power Supply:Supply Voltage 500 V Readback=-540.689149560117;Supply Voltage 1 kV Readback=-1168.13294232649;
Gas Supply:Nebulizer Supply Pressure Readback=0.0564456989247311;Nebulizer Flow Readback=1.10263929618768;Cool Flow Readback=13.9589442815249;Auxilliary Flow Readback=0.797653958944281;CCT2 Flow Readback=0;CCT1 Flow Readback=0;Additional Gas Flow 1 Readback=0;
Pulse Counting:Threshold=2500000;

Time,24Mg,26Mg,43Ca,55Mn,59Co,63Cu,66Zn,86Sr,88Sr,138Ba,208Pb,
,dwell time=0.01;xcal factor=66096.21568,dwell time=0.01;xcal factor=66420.50783,dwell time=0.01;xcal factor=69176.99106,dwell time=0.01;xcal factor=80139.50903,dwell time=0.01;xcal factor=85118.72235,dwell time=0.01;xcal factor=86639.08057,dwell time=0.01;xcal factor=86821.65425,dwell time=0.01;xcal factor=85302.89892,dwell time=0.01;xcal factor=82608.9753,dwell time=0.01;xcal factor=93538.82005,dwell time=0.01;xcal factor=107923.33534,
0.01247,0,400.006400102402,300.003600043201,1500.09000540032,100.0004000016,0,100.0004000016,500.010000200004,0,0,0,
0.13871,0,500.010000200004,100.0004000016,700.019600548815,300.003600043201,0,300.003600043201,700.019600548815,0,0,0,
0.26491,0,600.014400345608,0,1300.06760351538,100.0004000016,0,100.0004000016,1200.05760276493,0,0,0,
0.39118,100.0004000016,100.0004000016,100.0004000016,1500.09000540032,0,0,100.0004000016,800.025600819226,0,0,0,
0.51751,0,300.003600043201,300.003600043201,1200.05760276493,300.003600043201,100.0004000016,0,1000.04000160006,0,0,0,
0.64383,100.0004000016,200.0016000128,0,1300.06760351538,100.0004000016,0,200.0016000128,1000.04000160006,0,0,0,
0.77004,0,200.0016000128,0,1300.06760351538,0,100.0004000016,100.0004000016,1600.10240655402,100.0004000016,0,0,
0.89632,0,300.003600043201,200.0016000128,900.032401166442,200.0016000128,100.0004000016,100.0004000016,1000.04000160006,0,0,0,
1.02259,0,200.0016000128,0,1500.09000540032,0,0,100.0004000016,1000.04000160006,0,0,0,
1.1488,0,400.006400102402,200.0016000128,1300.06760351538,0,100.0004000016,200.0016000128,600.014400345608,0,0,0,
1.27511,0,400.006400102402,100.0004000016,1000.04000160006,100.0004000016,100.0004000016,200.0016000128,800.025600819226,0,0,0,
1.40131,0,300.003600043201,100.0004000016,600.014400345608,100.0004000016,200.0016000128,100.0004000016,500.010000200004,0,0,0,
1.52762,0,100.0004000016,200.0016000128,1400.07840439065,0,0,0,700.019600548815,0,0,0,
1.65387,0,500.010000200004,200.0016000128,1100.04840212969,0,0,100.0004000016,1200.05760276493,0,0,0,
1.78011,0,300.003600043201,0,1100.04840212969,0,100.0004000016,100.0004000016,700.019600548815,0,0,0,
1.90637,0,200.0016000128,400.006400102402,1200.05760276493,400.006400102402,0,100.0004000016,1100.04840212969,0,0,0,
2.03262,100.0004000016,700.019600548815,200.0016000128,1300.06760351538,0,100.0004000016,100.0004000016,1500.09000540032,0,0,0,
2.15881,100.0004000016,300.003600043201,100.0004000016,1100.04840212969,0,0,0,1200.05760276493,0,0,0,
2.28514,0,700.019600548815,100.0004000016,1500.09000540032,100.0004000016,200.0016000128,200.0016000128,900.032401166442,0,0,0,
2.41138,0,300.003600043201,100.0004000016,1000.04000160006,200.0016000128,200.0016000128,0,900.032401166442,0,0,0,
2.5376,200.0016000128,700.019600548815,100.0004000016,1300.06760351538,0,0,0,900.032401166442,0,0,0,
2.66376,0,600.014400345608,100.0004000016,1400.07840439065,500.010000200004,300.003600043201,200.0016000128,1900.14441097523,0,0,0,
2.78992,0,600.014400345608,200.0016000128,1500.09000540032,100.0004000016,200.0016000128,100.0004000016,700.019600548815,0,0,0,
2.91628,0,700.019600548815,200.0016000128,1100.04840212969,100.0004000016,0,300.003600043201,1400.07840439065,0,0,0,
3.04251,0,500.010000200004,0,1300.06760351538,200.0016000128,200.0016000128,100.0004000016,1100.04840212969,0,0,0,
3.16877,0,500.010000200004,300.003600043201,1600.10240655402,100.0004000016,0,0,1000.04000160006,0,0,0,
3.29501,0,400.006400102402,100.0004000016,1400.07840439065,400.006400102402,0,0,1300.06760351538,0,0,0,
3.42126,100.0004000016,500.010000200004,0,1100.04840212969,100.0004000016,0,0,700.019600548815,0,0,0,
3.54757,0,400.006400102402,0,1700.11560786133,0,100.0004000016,0,900.032401166442,0,0,0,
3.67384,0,400.006400102402,200.0016000128,800.025600819226,400.006400102402,0,100.0004000016,1000.04000160006,0,0,0,
3.80001,0,100.0004000016,400.006400102402,800.025600819226,0,100.0004000016,100.0004000016,1000.04000160006,0,0,0,
3.92618,0,300.003600043201,100.0004000016,700.019600548815,100.0004000016,100.0004000016,0,1000.04000160006,0,0,0,
4.05248,0,500.010000200004,100.0004000016,1000.04000160006,200.0016000128,100.0004000016,0,900.032401166442,0,0,100.0004000016,
4.17872,0,700.019600548815,200.0016000128,1500.09000540032,200.0016000128,100.0004000016,100.0004000016,1000.04000160006,0,0,0,
4.30494,100.0004000016,600.014400345608,0,1900.14441097523,0,100.0004000016,0,700.019600548815,0,0,0,
4.43116,0,1000.04000160006,0,1000.04000160006,100.0004000016,200.0016000128,0,1100.04840212969,0,0,0,
4.55742,0,200.0016000128,200.0016000128,1200.05760276493,100.0004000016,0,100.0004000016,900.032401166442,0,0,0,
4.68378,0,400.006400102402,200.0016000128,1700.11560786133,200.0016000128,100.0004000016,100.0004000016,1000.04000160006,0,0,0,
4.81008,0,0,0,1700.11560786133,300.003600043201,0,200.0016000128,700.019600548815,0,0,0,
4.93639,0,300.003600043201,200.0016000128,1200.05760276493,0,0,0,800.025600819226,0,0,0,
5.06262,100.0004000016,400.006400102402,100.0004000016,1400.07840439065,100.0004000016,100.0004000016,0,900.032401166442,0,0,0,
5.18891,0,300.003600043201,0,1100.04840212969,0,100.0004000016,200.0016000128,1100.04840212969,0,0,0,
5.31516,0,600.014400345608,300.003600043201,1000.04000160006,100.0004000016,0,0,800.025600819226,0,0,0,
5.44137,0,400.006400102402,0,1700.11560786133,200.0016000128,0,100.0004000016,600.014400345608,0,0,0,
5.56768,0,700.019600548815,100.0004000016,1200.05760276493,0,0,0,900.032401166442,0,0,0,
5.694,0,200.0016000128,100.0004000016,700.019600548815,100.0004000016,100.0004000016,200.0016000128,800.025600819226,0,0,0,
5.82028,100.0004000016,0,0,1500.09000540032,0,100.0004000016,100.0004000016,1000.04000160006,0,0,0,
5.94646,0,400.006400102402,0,800.025600819226,200.0016000128,0,100.0004000016,1100.04840212969,0,0,0,
6.07269,0,400.006400102402,0,1500.09000540032,300.003600043201,0,0,1000.04000160006,0,0,0,
6.19898,0,100.0004000016,0,1400.07840439065,200.0016000128,0,100.0004000016,1000.04000160006,0,0,0,
6.32528,0,600.014400345608,0,1000.04000160006,100.0004000016,100.0004000016,0,700.019600548815,0,0,0,
6.45142,0,500.010000200004,0,1400.07840439065,200.0016000128,100.0004000016,0,600.014400345608,0,0,0,
6.57765,0,600.014400345608,0,1300.06760351538,0,0,0,500.010000200004,0,0,0,
6.70397,0,100.0004000016,200.0016000128,1300.06760351538,0,100.0004000016,100.0004000016,700.019600548815,0,0,0,
6.83024,0,400.006400102402,100.0004000016,800.025600819226,100.0004000016,0,100.0004000016,700.019600548815,0,0,0,
6.95649,100.0004000016,100.0004000016,200.0016000128,1200.05760276493,100.0004000016,200.0016000128,0,1200.05760276493,0,0,0,
7.0828,100.0004000016,300.003600043201,300.003600043201,1200.05760276493,100.0004000016,0,100.0004000016,1100.04840212969,0,0,0,
7.20903,0,300.003600043201,300.003600043201,1800.12960933187,100.0004000016,100.0004000016,200.0016000128,800.025600819226,0,0,0,
7.33533,0,300.003600043201,300.003600043201,1800.12960933187,100.0004000016,0,0,1200.05760276493,0,0,0,
7.46164,0,200.0016000128,200.0016000128,1800.12960933187,200.0016000128,100.0004000016,100.0004000016,700.019600548815,0,0,0,
7.58787,0,700.019600548815,200.0016000128,1000.04000160006,0,0,0,800.025600819226,0,0,0,
7.71417,0,400.006400102402,200.0016000128,1900.14441097523,100.0004000016,100.0004000016,0,900.032401166442,0,0,0,
7.84042,0,200.0016000128,100.0004000016,900.032401166442,0,0,0,1100.04840212969,0,0,0,
7.96665,0,600.014400345608,0,1100.04840212969,300.003600043201,0,0,1700.11560786133,0,0,0,
8.09294,0,1100.04840212969,0,1100.04840212969,100.0004000016,100.0004000016,0,1100.04840212969,0,0,0,
8.21914,0,700.019600548815,0,1000.04000160006,0,0,0,600.014400345608,0,0,0,
8.34533,0,300.003600043201,0,1200.05760276493,200.0016000128,200.0016000128,0,1300.06760351538,0,0,0,
8.47162,0,300.003600043201,200.0016000128,1600.10240655402,200.0016000128,100.0004000016,0,1000.04000160006,0,0,0,
8.59786,0,100.0004000016,200.0016000128,1500.09000540032,300.003600043201,0,100.0004000016,600.014400345608,0,0,0,
8.72408,0,100.0004000016,100.0004000016,2100.17641481884,200.0016000128,0,0,800.025600819226,0,0,0,
8.85028,0,300.003600043201,300.003600043201,2000.16001280102,0,100.0004000016,100.0004000016,1200.05760276493,0,0,0,
8.97644,0,300.003600043201,100.0004000016,1000.04000160006,100.0004000016,100.0004000016,0,1100.04840212969,0,0,0,
9.10267,0,500.010000200004,0,2100.17641481884,200.0016000128,0,100.0004000016,1000.04000160006,0,0,0,
9.22891,0,500.010000200004,100.0004000016,1600.10240655402,200.0016000128,0,400.006400102402,1200.05760276493,0,0,0,
9.35514,0,300.003600043201,100.0004000016,1600.10240655402,0,0,0,1000.04000160006,0,0,0,
9.48142,100.0004000016,500.010000200004,0,1500.09000540032,100.0004000016,100.0004000016,200.0016000128,1400.07840439065,0,0,0,
9.60766,200.0016000128,600.014400345608,100.0004000016,1000.04000160006,0,0,300.003600043201,600.014400345608,0,0,0,
9.73392,0,500.010000200004,500.010000200004,1100.04840212969,100.0004000016,0,0,600.014400345608,0,0,0,
9.86014,0,400.006400102402,200.0016000128,1800.12960933187,100.0004000016,0,200.0016000128,900.032401166442,0,0,0,
9.98635,0,300.003600043201,0,1500.09000540032,200.0016000128,0,0,900.032401166442,0,0,0,
10.11256,0,500.010000200004,200.0016000128,1800.12960933187,500.010000200004,0,200.0016000128,400.006400102402,0,0,0,
10.23887,0,400.006400102402,0,800.025600819226,0,100.0004000016,0,1200.05760276493,0,0,0,
10.36511,0,600.014400345608,0,1500.09000540032,300.003600043201,0,0,1500.09000540032,100.0004000016,0,0,
10.49138,0,800.025600819226,0,2400.23042212052,300.003600043201,100.0004000016,100.0004000016,1200.05760276493,0,0,0,
10.61762,0,500.010000200004,100.0004000016,1400.07840439065,100.0004000016,0,100.0004000016,1300.06760351538,0,0,0,
10.74389,0,400.006400102402,100.0004000016,1200.05760276493,0,0,0,600.014400345608,0,0,0,
10.87012,100.0004000016,300.003600043201,100.0004000016,1900.14441097523,100.0004000016,100.0004000016,100.0004000016,1000.04000160006,0,0,100.0004000016,
10.99637,0,200.0016000128,100.0004000016,1400.07840439065,300.003600043201,100.0004000016,0,700.019600548815,0,0,0,
11.12256,100.0004000016,400.006400102402,0,1200.05760276493,100.0004000016,0,100.0004000016,800.025600819226,0,0,100.0004000016,
11.24884,0,300.003600043201,200.0016000128,1500.09000540032,100.0004000016,100.0004000016,100.0004000016,700.019600548815,0,0,0,
11.37504,0,700.019600548815,300.003600043201,1100.04840212969,100.0004000016,0,100.0004000016,1200.05760276493,0,0,0,
11.50135,0,500.010000200004,100.0004000016,900.032401166442,200.0016000128,0,100.0004000016,1300.06760351538,0,0,0,
11.62751,0,0,200.0016000128,1200.05760276493,200.0016000128,0,200.0016000128,1100.04840212969,0,0,0,
11.75375,0,100.0004000016,0,800.025600819226,300.003600043201,0,0,900.032401166442,0,0,0,
11.88003,0,300.003600043201,100.0004000016,600.014400345608,200.0016000128,0,0,1300.06760351538,0,0,0,
12.00625,0,500.010000200004,400.006400102402,1100.04840212969,400.006400102402,0,100.0004000016,500.010000200004,0,0,0,
12.13252,0,700.019600548815,100.0004000016,1600.10240655402,300.003600043201,0,100.0004000016,1100.04840212969,0,0,100.0004000016,
12.25881,0,500.010000200004,100.0004000016,1400.07840439065,0,0,200.0016000128,2000.16001280102,0,0,0,
12.38501,0,500.010000200004,100.0004000016,1500.09000540032,100.0004000016,0,0,1500.09000540032,0,0,0,
12.51133,0,800.025600819226,100.0004000016,1000.04000160006,0,0,200.0016000128,1000.04000160006,0,0,0,
12.63748,100.0004000016,300.003600043201,200.0016000128,1300.06760351538,0,0,100.0004000016,1100.04840212969,0,0,0,
12.76381,0,200.0016000128,0,1700.11560786133,100.0004000016,0,0,600.014400345608,0,0,0,
12.89006,100.0004000016,500.010000200004,200.0016000128,1100.04840212969,200.0016000128,0,0,800.025600819226,0,0,0,
13.01637,0,200.0016000128,300.003600043201,1500.09000540032,100.0004000016,0,100.0004000016,1000.04000160006,0,0,0,
13.14263,0,400.006400102402,100.0004000016,700.019600548815,200.0016000128,0,0,1100.04840212969,0,0,0,
13.26887,0,400.006400102402,100.0004000016,1200.05760276493,200.0016000128,0,0,900.032401166442,0,0,0,
13.39518,0,800.025600819226,0,1700.11560786133,300.003600043201,0,200.0016000128,500.010000200004,0,0,0,
13.52146,0,600.014400345608,100.0004000016,1600.10240655402,0,100.0004000016,0,900.032401166442,0,0,0,
13.64771,100.0004000016,200.0016000128,0,1300.06760351538,200.0016000128,0,0,700.019600548815,0,0,0,
13.77397,0,600.014400345608,400.006400102402,1200.05760276493,100.0004000016,200.0016000128,100.0004000016,700.019600548815,0,0,0,
13.90022,100.0004000016,300.003600043201,300.003600043201,1100.04840212969,200.0016000128,300.003600043201,100.0004000016,1200.05760276493,0,0,100.0004000016,
14.02648,0,300.003600043201,100.0004000016,1600.10240655402,200.0016000128,0,100.0004000016,1100.04840212969,0,0,0,
14.15276,0,800.025600819226,0,1900.14441097523,100.0004000016,300.003600043201,100.0004000016,1200.05760276493,0,0,0,
14.27891,0,100.0004000016,100.0004000016,700.019600548815,200.0016000128,0,100.0004000016,500.010000200004,0,100.0004000016,0,
14.40515,0,500.010000200004,0,1500.09000540032,400.006400102402,100.0004000016,100.0004000016,1700.11560786133,0,0,0,
14.53144,0,600.014400345608,400.006400102402,1200.05760276493,0,100.0004000016,200.0016000128,1000.04000160006,0,0,0,
14.65763,0,400.006400102402,300.003600043201,1500.09000540032,100.0004000016,0,0,800.025600819226,0,0,0,
14.78388,0,800.025600819226,300.003600043201,900.032401166442,0,0,0,500.010000200004,0,0,0,
14.91011,0,400.006400102402,100.0004000016,800.025600819226,200.0016000128,0,0,800.025600819226,0,0,0,
15.03635,0,200.0016000128,0,900.032401166442,100.0004000016,0,200.0016000128,900.032401166442,0,0,0,
15.16257,0,500.010000200004,0,1100.04840212969,200.0016000128,0,0,500.010000200004,0,0,0,
15.28876,0,400.006400102402,300.003600043201,1800.12960933187,100.0004000016,0,200.0016000128,600.014400345608,0,0,0,
15.41501,0,500.010000200004,300.003600043201,1300.06760351538,300.003600043201,100.0004000016,0,900.032401166442,0,0,0,
15.5413,0,300.003600043201,0,800.025600819226,0,100.0004000016,0,1000.04000160006,0,0,0,
15.66759,0,500.010000200004,0,1400.07840439065,200.0016000128,100.0004000016,100.0004000016,1100.04840212969,0,0,0,
15.79383,0,500.010000200004,200.0016000128,1400.07840439065,100.0004000016,0,0,700.019600548815,0,0,0,
15.92008,0,500.010000200004,100.0004000016,900.032401166442,800.025600819226,100.0004000016,100.0004000016,900.032401166442,0,0,0,
16.04631,0,100.0004000016,200.0016000128,1100.04840212969,300.003600043201,0,100.0004000016,900.032401166442,0,0,0,
16.1726,0,0,300.003600043201,1300.06760351538,0,0,100.0004000016,1100.04840212969,0,0,0,
16.29882,0,500.010000200004,100.0004000016,1500.09000540032,400.006400102402,0,100.0004000016,800.025600819226,0,0,0,
16.42507,0,500.010000200004,300.003600043201,1000.04000160006,100.0004000016,0,0,1000.04000160006,0,0,0,
16.55138,0,400.006400102402,100.0004000016,1300.06760351538,0,0,100.0004000016,1300.06760351538,0,0,0,
16.67761,0,0,100.0004000016,1700.11560786133,0,0,200.0016000128,1300.06760351538,0,0,0,
16.80388,100.0004000016,100.0004000016,500.010000200004,1700.11560786133,0,0,0,600.014400345608,0,0,0,
16.93013,0,100.0004000016,0,900.032401166442,200.0016000128,0,100.0004000016,500.010000200004,0,0,0,
17.05636,0,0,100.0004000016,1000.04000160006,0,0,100.0004000016,900.032401166442,0,0,0,
17.18268,0,300.003600043201,100.0004000016,1200.05760276493,200.0016000128,100.0004000016,0,1200.05760276493,0,0,0,
17.30891,0,200.0016000128,0,1700.11560786133,0,0,0,1700.11560786133,0,0,0,
17.43513,0,200.0016000128,400.006400102402,1700.11560786133,100.0004000016,100.0004000016,0,800.025600819226,0,0,0,
17.56143,0,200.0016000128,100.0004000016,1100.04840212969,100.0004000016,200.0016000128,100.0004000016,1500.09000540032,0,0,0,
17.68769,0,500.010000200004,0,500.010000200004,300.003600043201,0,100.0004000016,500.010000200004,0,0,0,
17.81386,0,300.003600043201,0,800.025600819226,300.003600043201,0,100.0004000016,400.006400102402,0,0,0,
17.94002,0,300.003600043201,100.0004000016,1700.11560786133,500.010000200004,0,100.0004000016,800.025600819226,0,0,0,
18.06618,0,600.014400345608,100.0004000016,1100.04840212969,0,0,100.0004000016,300.003600043201,0,0,0,
18.19242,0,200.0016000128,200.0016000128,1200.05760276493,0,0,0,900.032401166442,0,0,0,
18.31869,0,400.006400102402,0,1200.05760276493,100.0004000016,0,0,800.025600819226,0,0,0,
18.44502,100.0004000016,200.0016000128,0,700.019600548815,100.0004000016,0,0,600.014400345608,0,0,0,
18.57132,0,800.025600819226,100.0004000016,1500.09000540032,200.0016000128,100.0004000016,200.0016000128,1100.04840212969,0,0,0,
18.69756,0,400.006400102402,300.003600043201,1400.07840439065,100.0004000016,0,100.0004000016,800.025600819226,0,0,0,
18.82383,0,600.014400345608,0,1700.11560786133,300.003600043201,0,100.0004000016,1200.05760276493,0,0,100.0004000016,
18.94999,0,700.019600548815,200.0016000128,1900.14441097523,100.0004000016,0,300.003600043201,1000.04000160006,0,0,0,
19.07631,0,700.019600548815,300.003600043201,1400.07840439065,100.0004000016,0,100.0004000016,1000.04000160006,0,0,100.0004000016,
19.20262,0,700.019600548815,100.0004000016,1300.06760351538,100.0004000016,200.0016000128,100.0004000016,800.025600819226,0,0,0,
19.32886,0,100.0004000016,200.0016000128,1800.12960933187,100.0004000016,0,0,600.014400345608,0,0,0,
19.45513,0,700.019600548815,0,1000.04000160006,400.006400102402,100.0004000016,100.0004000016,1800.12960933187,0,0,0,
19.58138,0,100.0004000016,100.0004000016,500.010000200004,100.0004000016,0,100.0004000016,900.032401166442,0,0,0,
19.70764,0,300.003600043201,100.0004000016,2000.16001280102,200.0016000128,200.0016000128,100.0004000016,400.006400102402,0,0,0,
19.83388,0,100.0004000016,300.003600043201,1200.05760276493,100.0004000016,100.0004000016,100.0004000016,1900.14441097523,0,0,0,
19.96013,0,0,0,1000.04000160006,400.006400102402,200.0016000128,0,800.025600819226,0,0,0,
20.08632,0,200.0016000128,0,1600.10240655402,200.0016000128,0,100.0004000016,200.0016000128,0,0,0,
20.2126,0,100.0004000016,200.0016000128,700.019600548815,300.003600043201,0,400.006400102402,600.014400345608,0,0,0,
20.3388,0,400.006400102402,300.003600043201,1300.06760351538,200.0016000128,100.0004000016,0,700.019600548815,0,0,0,
20.46511,0,500.010000200004,0,500.010000200004,300.003600043201,0,0,800.025600819226,0,0,100.0004000016,
20.59127,100.0004000016,400.006400102402,100.0004000016,1300.06760351538,200.0016000128,100.0004000016,0,800.025600819226,0,0,0,
20.71742,200.0016000128,100.0004000016,29033.6790677186,1900.14441097523,400.006400102402,400.006400102402,2300.21161946899,126840.289782824,1203692.83402371,11605.3848985929,500.010000200004,
20.84362,37556.3345017526,5801.34591225164,444463.895323511,6601.74286011507,300.003600043201,1000.04000160006,6401.6388195378,271925.922930735,2571080.44274554,19815.6940296715,700.019600548815,
20.96994,61852.6523459899,12806.5569571621,787551.832979184,12306.0545788528,500.010000200004,800.025600819226,8402.82334864514,382978.377763699,3179082.50095259,22420.0883992057,500.010000200004,
21.09625,80458.109615647,12105.8592358702,922208.489212214,17812.6826300326,100.0004000016,400.006400102402,8703.02865397158,428107.619888442,3597910.00572293,21819.0261908384,600.014400345608,
21.22256,81766.5589822822,12806.5569571621,1012510.97727963,16510.8971921468,300.003600043201,1000.04000160006,8502.8909829342,438767.868190551,3377344.04167228,23421.922919853,100.0004000016,
21.34884,77338.5119709183,15409.4922472243,995092.126606497,13707.5117164206,100.0004000016,600.014400345608,8803.09869073914,447157.450724124,3388909.29821426,21117.8234429859,500.010000200004,
21.47513,79954.8962091147,13206.9732818928,1044922.28195191,13907.7326993809,200.0016000128,1000.04000160006,9403.53572943427,449540.686689687,3844084.75211655,18713.9980705568,600.014400345608,
21.60133,73012.6127282647,12406.1534521122,1022908.4867991,16510.8971921468,700.019600548815,1300.06760351538,9503.61137232148,462085.935558516,3821780.32878558,18413.5523745477,100.0004000016,
21.72756,75829.3078268684,13206.9732818928,982664.366334781,15409.4922472243,200.0016000128,600.014400345608,8302.75651516303,430694.237608131,3453344.29894816,17812.6826300326,200.0016000128,
21.8539,80760.047352475,12506.2531265633,956874.210911024,15609.7404780583,200.0016000128,800.025600819226,9603.68781612139,413528.942959843,3329430.83599835,19014.4509827469,100.0004000016,
21.98021,75628.0943325068,12105.8592358702,1022908.4867991,16611.0297237366,500.010000200004,500.010000200004,9603.68781612139,448608.06293339,3729258.27644973,16510.8971921468,100.0004000016,
22.10653,81363.9446364005,11905.6670975384,988066.27996424,18012.9693379233,200.0016000128,600.014400345608,8302.75651516303,423246.202783947,3270778.46353545,16010.246557797,100.0004000016,
22.23277,75829.3078268684,13307.0793662228,1038411.86518352,18513.7001381022,300.003600043201,800.025600819226,7802.43435952017,443220.908221214,3636736.22411387,18713.9980705568,0,
22.35905,79351.066775277,11205.0198488923,987201.822846285,15309.3693340324,300.003600043201,500.010000200004,9103.31360615264,423039.375203384,3340170.00278734,15309.3693340324,500.010000200004,
22.48535,76533.5804876483,13407.186251831,1006990.67909454,16510.8971921468,100.0004000016,700.019600548815,6601.74286011507,431522.066423067,3421126.79858121,16711.163056922,0,
22.61155,79351.066775277,10404.3282005314,1021500.00416344,14708.648685427,100.0004000016,700.019600548815,7402.19104855037,417869.779169547,3298865.5151374,13206.9732818928,200.0016000128,
22.73783,79954.8962091147,11104.9305891816,964853.973661252,16911.4321281186,300.003600043201,600.014400345608,8202.69048247825,432556.928235428,3362474.4261183,14908.8856958747,0,
22.86402,70498.2410538434,10304.2453490838,967227.281792196,14608.5313823273,600.014400345608,600.014400345608,9603.68781612139,415905.883883876,3345126.54130533,13907.7326993809,300.003600043201,
22.99033,78344.7489958631,13006.7635170289,980612.227931029,19014.4509827469,300.003600043201,400.006400102402,7702.37233067785,407743.467161,3215430.45008453,14708.648685427,200.0016000128,
23.11662,78244.1216595779,12906.6598364756,997254.689904746,16911.4321281186,300.003600043201,600.014400345608,8703.02865397158,425418.095575164,3418648.52932221,14308.184281409,300.003600043201,
23.24298,78244.1216595779,11505.2924345199,964746.106326674,17612.3991289868,400.006400102402,600.014400345608,7902.49718911176,415699.175718044,3098951.79491171,13707.5117164206,100.0004000016,
23.36918,83276.4779066501,12205.9565067753,976724.854530341,14808.7667899396,900.032401166442,1100.04840212969,7502.25067520256,416939.475150367,3201386.92428355,14107.9568876847,200.0016000128,
23.49535,78847.8977906538,11205.0198488923,981692.260365656,16210.5044068556,100.0004000016,1100.04840212969,5901.39272868397,416732.750171817,3108864.8719477,12906.6598364756,200.0016000128,
23.62165,75426.8840672744,13907.7326993809,978668.395806835,18413.5523745477,300.003600043201,300.003600043201,7602.31110257518,408776.394636919,3295561.15612541,15009.0054032419,400.006400102402,
23.74789,75125.0747238727,13206.9732818928,964422.509700308,16010.246557797,400.006400102402,1200.05760276493,27830.9480141918,400721.786910297,3318691.66920937,12306.0545788528,100.0004000016,
23.87406,84182.5165254594,13507.2939387269,1027243.23604003,17512.2585810067,800.025600819226,1000.04000160006,9403.53572943427,423556.450464743,3137778.01330265,14107.9568876847,300.003600043201,
24.00036,80760.047352475,13907.7326993809,1026809.69613179,18914.2992102029,300.003600043201,600.014400345608,6501.69043951427,413838.953519105,3223691.34761452,15009.0054032419,400.006400102402,
24.12656,87605.9198721937,13507.2939387269,1040907.14020841,21017.6548300572,200.0016000128,800.025600819226,7702.37233067785,401960.624928874,3146865.00058564,13307.0793662228,0,
24.25281,79854.2559509478,12606.3536022155,967874.622946461,15009.0054032419,400.006400102402,400.006400102402,6801.85010322808,393084.955105026,3011386.28109385,14408.2991803279,0,
24.37903,70196.5503409547,11104.9305891816,974781.604036273,15009.0054032419,200.0016000128,200.0016000128,7702.37233067785,381947.546682478,3008081.92208185,14308.184281409,100.0004000016,
24.50531,71705.0765188439,10804.6676164103,999525.76864998,17512.2585810067,300.003600043201,400.006400102402,6401.6388195378,386483.82982526,3205517.37304855,13907.7326993809,500.010000200004,
24.63161,77539.7529160163,12005.7627661277,1027026.46428051,17111.7044058136,200.0016000128,700.019600548815,6801.85010322808,396180.414465664,2968429.61393792,13106.8679988314,300.003600043201,
24.75784,75628.0943325068,11705.4781637807,936946.246197644,18814.1482394761,900.032401166442,400.006400102402,7702.37233067785,389887.10640597,3150169.35959763,13807.6218072376,100.0004000016,
24.88405,86397.5531731283,13407.186251831,990876.1628318,15609.7404780583,400.006400102402,700.019600548815,8903.16952835209,409292.889870026,3130343.20552566,15910.1188355794,300.003600043201,
25.01032,73716.727177903,12005.7627661277,983960.620788,14608.5313823273,100.0004000016,800.025600819226,7702.37233067785,375558.26228177,3017168.90936484,12806.5569571621,200.0016000128,
25.13657,76332.3556907226,13006.7635170289,1007856.45327741,16210.5044068556,400.006400102402,600.014400345608,5801.34591225164,388855.714117422,2913081.600487,13907.7326993809,200.0016000128,
25.26277,69190.9670691107,11805.5722300926,940498.721652223,18513.7001381022,200.0016000128,300.003600043201,5301.12383825371,376073.407905154,3064256.02528577,12306.0545788528,0,
25.38904,79753.6165004715,12406.1534521122,1016084.18388585,18713.9980705568,400.006400102402,500.010000200004,7802.43435952017,384627.881662957,3078299.55108675,13807.6218072376,200.0016000128,
25.51524,82672.4885221691,10804.6676164103,972946.578843477,18012.9693379233,700.019600548815,400.006400102402,7502.25067520256,383906.197328395,2912255.510734,13407.186251831,200.0016000128,
25.64156,73616.1369781679,12506.2531265633,947283.423214723,21117.8234429859,300.003600043201,400.006400102402,7602.31110257518,375146.160841886,2994038.39628088,12105.8592358702,400.006400102402,
25.76784,76030.5245504369,10504.4118529783,945452.281124165,20616.9883984403,600.014400345608,400.006400102402,6901.90492575951,392465.953781649,2970907.88319691,15409.4922472243,500.010000200004,
25.894,78747.266416548,12606.3536022155,962481.09931376,19214.7569333248,400.006400102402,1000.04000160006,9103.31360615264,373188.861779046,2798255.12482018,12706.4548790786,600.014400345608,
26.02023,79250.4313631074,13707.5117164206,954610.577022902,23822.6791905894,200.0016000128,500.010000200004,8102.62525058119,364024.479327306,3046082.0507198,13307.0793662228,200.0016000128,
26.14646,75929.915784997,15309.3693340324,958706.965655592,21718.8519635043,300.003600043201,200.0016000128,6801.85010322808,352706.857805794,2937038.20332397,15209.2472223112,0,
26.27272,72207.9589216945,11405.2007715518,944806.05738576,24023.0621396541,100.0004000016,800.025600819226,6301.58800017604,367215.816154655,2921342.49801699,14508.4148806308,600.014400345608,
26.39892,74722.6735672303,13607.4024269202,988822.72712152,22019.3770518056,900.032401166442,500.010000200004,6901.90492575951,373806.923598452,2677646.02088237,14208.0701838644,300.003600043201,
26.52513,74119.0960479176,9803.84310649775,900186.89574864,17011.567866149,100.0004000016,800.025600819226,8102.62525058119,352501.176356055,2788342.0477842,13006.7635170289,600.014400345608,
26.6514,76231.74450329,18113.1138944596,1154114.33027381,20016.0128102482,400.006400102402,500.010000200004,7502.25067520256,339755.440952288,2911429.42098101,12906.6598364756,500.010000200004,
26.77773,66174.7012111976,10604.4963064339,883990.027416322,15309.3693340324,200.0016000128,700.019600548815,5601.25468104855,346743.450401492,2805689.93259717,13607.4024269202,500.010000200004,
26.90397,75728.7006760416,10304.2453490838,884847.631432902,15309.3693340324,100.0004000016,300.003600043201,6001.44034568296,336981.858720989,4551217.58068345,10004.0016006403,800.025600819226,
27.03015,64867.8780684411,10604.4963064339,876916.962008546,18814.1482394761,400.006400102402,700.019600548815,6301.58800017604,339549.96959254,2838733.52271712,10904.7544729502,100.0004000016,
27.15655,79954.8962091147,13206.9732818928,929521.486238684,34347.1242544771,500.010000200004,300.003600043201,6701.7960813498,343454.495320585,2864342.30506008,11705.4781637807,100.0004000016,
27.28283,74420.8811753284,11605.3848985929,920918.388506872,22620.4488857928,600.014400345608,100.0004000016,6501.69043951427,336365.589567093,2687559.09791836,10404.3282005314,300.003600043201,
27.40904,72409.1175314308,9603.68781612139,866207.558726638,21017.6548300572,200.0016000128,600.014400345608,6901.90492575951,341502.082057811,2674341.66187038,10804.6676164103,200.0016000128,
27.53527,77137.2742556103,14107.9568876847,898791.665976032,21418.3340939844,400.006400102402,300.003600043201,5301.12383825371,337700.877292555,2709037.43149632,11405.2007715518,500.010000200004,
27.66156,70498.2410538434,9803.84310649775,872203.732220622,17912.8255831175,400.006400102402,700.019600548815,5201.0818250196,341604.833150874,2791646.40679619,12506.2531265633,200.0016000128,
27.78777,98688.0413787011,13607.4024269202,896430.850314486,16210.5044068556,200.0016000128,300.003600043201,6001.44034568296,357747.096030803,2725559.2265563,10904.7544729502,100.0004000016,
27.91402,64767.3588552821,13807.6218072376,1015068.57825233,13907.7326993809,300.003600043201,400.006400102402,5601.25468104855,356924.06311237,2989907.94751588,10504.4118529783,400.006400102402,
28.04032,69794.307351667,11905.6670975384,932747.95889633,17612.3991289868,500.010000200004,600.014400345608,5801.34591225164,387411.905680687,2918038.139005,13206.9732818928,200.0016000128,
28.16664,82974.4795784455,11305.1099096792,939665.658001876,16110.3750815525,200.0016000128,500.010000200004,6301.58800017604,363201.038876715,3150169.35959763,12205.9565067753,400.006400102402,
28.29289,69894.8668888862,11305.1099096792,915544.35082598,12906.6598364756,600.014400345608,900.032401166442,6201.53798141939,338522.66277467,2814776.91988016,14208.0701838644,300.003600043201,
28.41915,73213.78425001,11905.6670975384,887420.784492399,14508.4148806308,100.0004000016,900.032401166442,6601.74286011507,346332.284333128,2817255.18913915,15009.0054032419,300.003600043201,
28.54547,70297.1131051468,11805.5722300926,898577.028583741,15709.8657957197,200.0016000128,300.003600043201,7302.132222609,341502.082057811,2690037.36717735,11605.3848985929,300.003600043201,
28.6717,66978.9678019669,10404.3282005314,868884.078426178,13307.0793662228,600.014400345608,100.0004000016,6501.69043951427,348491.055024476,2861864.03580108,12806.5569571621,300.003600043201,
28.798,68688.205683573,11405.2007715518,881203.206784602,12706.4548790786,400.006400102402,600.014400345608,6701.7960813498,343557.262247021,2814776.91988016,12606.3536022155,200.0016000128,
28.9243,65571.5351359155,10404.3282005314,884526.023267083,12406.1534521122,500.010000200004,200.0016000128,7102.01697282028,352501.176356055,2911429.42098101,13106.8679988314,100.0004000016,
29.05054,67984.3736212609,11605.3848985929,881846.265974276,11805.5722300926,400.006400102402,600.014400345608,5501.21026625858,374115.965799752,2938690.38282996,11104.9305891816,100.0004000016,
29.17677,67280.5810796177,10404.3282005314,894285.027717243,13507.2939387269,200.0016000128,300.003600043201,7302.132222609,359702.013357462,2892429.35666204,10304.2453490838,300.003600043201,
29.30304,67381.1204517744,10104.0820491479,896752.754378623,13607.4024269202,100.0004000016,200.0016000128,6001.44034568296,352192.660438816,3046082.0507198,11705.4781637807,300.003600043201,
29.42921,75527.4887962543,13106.8679988314,882703.727937583,12606.3536022155,300.003600043201,400.006400102402,5301.12383825371,362377.651890207,3055995.12775578,11705.4781637807,300.003600043201,
29.5555,74018.5026197335,11505.2924345199,909957.714949009,13607.4024269202,400.006400102402,400.006400102402,7302.132222609,370099.004274354,2879211.92061406,11705.4781637807,200.0016000128,
29.68178,65471.0102788483,11605.3848985929,860000.165504001,14007.84439286,200.0016000128,0,6901.90492575951,357849.978902269,3043603.7814608,15209.2472223112,500.010000200004,
29.80812,70095.9883835203,10504.4118529783,884418.822321066,12506.2531265633,300.003600043201,500.010000200004,7202.07419736884,345818.345506085,3095647.43589972,13006.7635170289,400.006400102402,
29.93435,60445.7952581627,8402.82334864514,841182.161728589,11805.5722300926,500.010000200004,400.006400102402,7902.49718911176,343968.338287234,2622298.00743146,12105.8592358702,600.014400345608,
30.06061,62556.1401257539,8602.95941803981,855079.178594477,10804.6676164103,200.0016000128,300.003600043201,5101.04061228491,365980.364701919,2927951.21604098,11205.0198488923,400.006400102402,
30.1869,62254.6405270692,9603.68781612139,898040.450667341,12706.4548790786,300.003600043201,400.006400102402,6801.85010322808,426659.343788776,3464909.55549014,15109.1259120509,400.006400102402,
30.31306,69392.077269883,10304.2453490838,957305.424038541,13907.7326993809,300.003600043201,500.010000200004,4900.9605882753,381741.39051332,3013864.55035285,12806.5569571621,200.0016000128,
30.43929,64465.8060531688,10004.0016006403,845670.333305765,11605.3848985929,300.003600043201,0,5301.12383825371,371849.831124968,3221213.07835552,14308.184281409,200.0016000128,
30.56557,66576.8280553149,9503.61137232148,866207.558726638,11205.0198488923,0,700.019600548815,7001.96054895371,357541.332792372,2853603.1382711,10404.3282005314,0,
30.6918,56527.5260988791,10404.3282005314,802136.829763694,11004.8421305374,100.0004000016,600.014400345608,4800.92177698118,343146.199541796,2792472.49654919,14007.84439286,100.0004000016,
30.81814,59842.904856798,7602.31110257518,857539.437919151,12706.4548790786,200.0016000128,600.014400345608,6201.53798141939,372570.830068729,3055169.03800278,12806.5569571621,100.0004000016,
30.94439,56125.7216164208,7802.43435952017,857325.483738845,12205.9565067753,200.0016000128,400.006400102402,5401.16665199683,382050.626022897,3199734.74477756,16110.3750815525,300.003600043201,
31.07071,57833.4796710809,9903.92195309342,891066.960513016,11104.9305891816,100.0004000016,600.014400345608,6101.48876325823,389680.82124446,3024603.71714183,13607.4024269202,200.0016000128,
31.19694,57733.0168708705,9603.68781612139,888707.552875096,9403.53572943427,200.0016000128,400.006400102402,7502.25067520256,393291.295586037,3093169.16664072,11705.4781637807,400.006400102402,
31.32325,56728.433172703,9603.68781612139,875309.986213635,11705.4781637807,100.0004000016,500.010000200004,6601.74286011507,378134.199573647,3125386.66700767,13807.6218072376,300.003600043201,
31.44954,52007.9685426946,8703.02865397158,843746.640312937,11505.2924345199,300.003600043201,600.014400345608,7202.07419736884,401754.143534136,3175778.14194059,13307.0793662228,200.0016000128,
31.57578,56929.3434683601,9703.76506084361,865458.232458046,7802.43435952017,0,400.006400102402,6001.44034568296,361142.671644214,2993212.30652788,11104.9305891816,300.003600043201,
31.702,53313.4510237786,8502.8909829342,871775.341921383,10804.6676164103,400.006400102402,200.0016000128,7202.07419736884,378649.44979088,3282343.72007743,11705.4781637807,1900.14441097523,
31.8282,57632.5548762153,8703.02865397158,865993.461076853,9603.68781612139,100.0004000016,1000.04000160006,6101.48876325823,386896.299605995,3012212.37084685,11405.2007715518,400.006400102402,
31.95436,53514.3065588096,7902.49718911176,825485.829039416,11004.8421305374,400.006400102402,500.010000200004,6801.85010322808,373188.861779046,2988255.76800989,14308.184281409,200.0016000128,
32.0806,52108.3854417188,7302.132222609,812366.80818727,9603.68781612139,600.014400345608,300.003600043201,5101.04061228491,377103.761901862,3021299.35812983,13507.2939387269,200.0016000128,
32.20683,51003.8438260298,9303.46088745013,875309.986213635,8803.09869073914,200.0016000128,0,6101.48876325823,388649.445715005,3155125.89811563,14308.184281409,500.010000200004,
32.33307,55623.4841347792,7602.31110257518,824845.567423507,8102.62525058119,300.003600043201,300.003600043201,6701.7960813498,375043.137573334,3077473.46133375,13006.7635170289,200.0016000128,
32.45935,52309.2216548153,8703.02865397158,833171.445458942,9803.84310649775,300.003600043201,900.032401166442,6201.53798141939,394116.691045019,3222039.16810852,12806.5569571621,200.0016000128,
32.58558,49497.8076679519,6801.85010322808,856683.642441367,8703.02865397158,400.006400102402,200.0016000128,6601.74286011507,410119.325920355,3110517.0514537,10404.3282005314,200.0016000128,
32.71185,52911.7496151873,8302.75651516303,861498.229004601,8202.69048247825,600.014400345608,200.0016000128,5201.0818250196,385452.714009521,3201386.92428355,12406.1534521122,300.003600043201,
32.83808,42973.74294289,6601.74286011507,844067.235925321,9103.31360615264,600.014400345608,100.0004000016,7202.07419736884,400928.251522024,3383952.75969627,11605.3848985929,100.0004000016,
32.96429,52309.2216548153,7402.19104855037,880453.011449512,7802.43435952017,300.003600043201,0,7302.132222609,423659.868041036,3433518.14487619,11705.4781637807,100.0004000016,
33.09049,49397.4116958642,9203.38684635946,882703.727937583,10604.4963064339,100.0004000016,600.014400345608,4600.84655576626,398966.973215265,3321996.02822137,13106.8679988314,200.0016000128,
33.2168,49698.6020264204,6901.90492575951,872417.932690318,9103.31360615264,700.019600548815,400.006400102402,5601.25468104855,401857.383811904,3336865.64377534,12205.9565067753,200.0016000128,
33.34303,43375.1257177431,7001.96054895371,887849.693073654,7202.07419736884,200.0016000128,200.0016000128,7202.07419736884,404954.982419771,3153473.71860963,10804.6676164103,100.0004000016,
33.46931,45482.5963950534,6101.48876325823,838725.013952912,8202.69048247825,300.003600043201,300.003600043201,7402.19104855037,400412.09628585,3269952.37378245,11405.2007715518,100.0004000016,
33.59556,50301.0044168691,6501.69043951427,853261.026932893,9103.31360615264,900.032401166442,800.025600819226,7202.07419736884,421798.480386574,3362474.4261183,11305.1099096792,100.0004000016,
33.72182,44077.5765347011,8002.56081946223,876167.015132383,8002.56081946223,600.014400345608,600.014400345608,5401.16665199683,384834.084724422,3168343.33416361,10904.7544729502,400.006400102402,
33.84816,44177.9298682877,7202.07419736884,880345.844237586,9403.53572943427,0,200.0016000128,7802.43435952017,407227.034915628,3212952.18082554,11705.4781637807,300.003600043201,
33.97449,42472.032567234,6801.85010322808,859893.167609346,9103.31360615264,300.003600043201,300.003600043201,6501.69043951427,405987.683177171,3211300.00131954,11505.2924345199,200.0016000128,
34.10079,42973.74294289,6501.69043951427,864173.77414162,8402.82334864514,500.010000200004,500.010000200004,5801.34591225164,410429.25329929,3112169.23095969,12906.6598364756,200.0016000128,
34.22703,43274.7788177972,6801.85010322808,854009.646648079,8803.09869073914,300.003600043201,500.010000200004,5801.34591225164,414458.997328432,3230300.06563851,12005.7627661277,100.0004000016,
34.35331,41268.0096799526,7202.07419736884,876274.147739035,8302.75651516303,200.0016000128,900.032401166442,5801.34591225164,401650.904095559,3240213.14267449,9803.84310649775,200.0016000128,
34.47958,38258.4589252378,6101.48876325823,848663.31392271,9003.24116682005,800.025600819226,100.0004000016,6201.53798141939,398554.111111563,3215430.45008453,12205.9565067753,300.003600043201,
34.60571,38760.0004807442,5401.16665199683,921240.901644444,8502.8909829342,500.010000200004,300.003600043201,6801.85010322808,438353.711150546,3369083.14414229,12306.0545788528,100.0004000016,
34.73193,43475.4734218603,7302.132222609,888064.152694016,10304.2453490838,300.003600043201,700.019600548815,6301.58800017604,431832.516123782,3389735.38796726,10004.0016006403,300.003600043201,
34.85821,43074.0874303803,6401.6388195378,917048.856747141,9703.76506084361,100.0004000016,100.0004000016,6301.58800017604,417249.568923447,3327778.65649236,13307.0793662228,200.0016000128,
34.98448,40465.3920735909,6501.69043951427,906306.21668449,7402.19104855037,200.0016000128,800.025600819226,5801.34591225164,410842.501565308,3288126.34834842,12105.8592358702,400.006400102402,
35.11077,38258.4589252378,5901.39272868397,906843.137173626,8402.82334864514,500.010000200004,500.010000200004,7702.37233067785,420144.142385345,3219560.89884953,13006.7635170289,100.0004000016,
35.23701,41167.6796653699,6801.85010322808,926832.404807042,7702.37233067785,100.0004000016,100.0004000016,7602.31110257518,427176.566314076,3304648.14340839,10904.7544729502,300.003600043201,
35.36329,39763.1438724695,7102.01697282028,912858.167525592,7402.19104855037,0,300.003600043201,7402.19104855037,422315.505171916,3369083.14414229,10704.5815609081,100.0004000016,
35.48946,38960.6227289663,5701.29989637637,874024.549274492,9003.24116682005,400.006400102402,300.003600043201,6601.74286011507,404541.925623631,3170821.6034226,11805.5722300926,200.0016000128,
35.61576,37456.0342272039,5701.29989637637,941683.096399294,8602.95941803981,400.006400102402,300.003600043201,7902.49718911176,429452.59543165,3339343.91303434,12105.8592358702,0,
35.74207,37556.3345017526,5601.25468104855,938668.537017593,7001.96054895371,100.0004000016,200.0016000128,6201.53798141939,413838.953519105,3349256.99007032,10204.1632986258,400.006400102402,
35.86831,37556.3345017526,8502.8909829342,927585.291384575,7302.132222609,300.003600043201,300.003600043201,7602.31110257518,413528.942959843,3364126.6056243,11205.0198488923,200.0016000128,
35.99457,35851.3391176164,6101.48876325823,959677.352362123,8002.56081946223,500.010000200004,600.014400345608,8302.75651516303,397831.634726354,3250952.30946348,10204.1632986258,500.010000200004,
36.12081,37054.8411649241,6101.48876325823,935008.942391083,6701.7960813498,600.014400345608,700.019600548815,7202.07419736884,418386.644162922,3091516.98713472,8502.8909829342,25526.0365572884,
36.24708,35149.3496869605,6501.69043951427,929844.213495965,7902.49718911176,200.0016000128,300.003600043201,5301.12383825371,411669.038422444,3233604.4246505,12606.3536022155,500.010000200004,
36.37332,35851.3391176164,5801.34591225164,949545.779150682,6801.85010322808,400.006400102402,400.006400102402,5701.29989637637,415389.119773579,3155951.98786862,10904.7544729502,300.003600043201,
36.49957,37957.5436361524,6001.44034568296,958922.600876373,7702.37233067785,500.010000200004,300.003600043201,7902.49718911176,410739.18823869,3220386.98860252,11605.3848985929,0,
36.6258,32341.7855869784,5701.29989637637,907809.650140938,7402.19104855037,100.0004000016,300.003600043201,5401.16665199683,387515.029408897,3107212.6924417,11205.0198488923,200.0016000128,
36.75211,36753.9548056547,5701.29989637637,909420.665353923,8803.09869073914,300.003600043201,500.010000200004,7602.31110257518,401444.427735939,3251778.39921647,13907.7326993809,100.0004000016,
36.87842,35550.4816839913,4900.9605882753,929951.79103363,6601.74286011507,900.032401166442,0,6401.6388195378,416215.95243711,3259213.20699346,13106.8679988314,0,
37.00466,33143.8825004306,4800.92177698118,945990.825497644,6901.90492575951,400.006400102402,200.0016000128,6701.7960813498,397315.605329779,3303822.05365539,10304.2453490838,100.0004000016,
37.13086,35650.7666917691,5401.16665199683,980396.232219017,7902.49718911176,200.0016000128,200.0016000128,10404.3282005314,416215.95243711,3065082.11503877,10104.0820491479,100.0004000016,
37.25718,37255.4360889003,6501.69043951427,980828.227234559,7802.43435952017,200.0016000128,900.032401166442,6201.53798141939,395045.325076896,3265821.92501745,11705.4781637807,300.003600043201,
37.38346,33544.9502333126,3600.51847466035,978776.378849535,7402.19104855037,500.010000200004,300.003600043201,8402.82334864514,410532.564105692,3146038.91083264,12205.9565067753,300.003600043201,
37.50972,34547.6757925938,5201.0818250196,954287.232982293,6901.90492575951,500.010000200004,0,8102.62525058119,404541.925623631,3046908.14047279,10704.5815609081,300.003600043201,
37.63602,34647.952766629,6301.58800017604,990984.247384267,6301.58800017604,800.025600819226,200.0016000128,8002.56081946223,389783.963406212,3036995.06343681,12606.3536022155,400.006400102402,
37.76225,31138.7365883159,6401.6388195378,977048.757881437,7902.49718911176,300.003600043201,200.0016000128,7001.96054895371,384730.982774937,3146865.00058564,12406.1534521122,200.0016000128,
37.88853,36753.9548056547,5301.12383825371,974025.974025974,6701.7960813498,500.010000200004,700.019600548815,6801.85010322808,381019.870292836,3186517.30872958,11205.0198488923,200.0016000128,
38.01469,33745.4889190629,5401.16665199683,954718.36016013,6001.44034568296,300.003600043201,500.010000200004,7102.01697282028,400412.09628585,2934559.93406497,9203.38684635946,300.003600043201,
38.14092,31740.2466327303,5901.39272868397,938776.187788439,7402.19104855037,300.003600043201,400.006400102402,8602.95941803981,410945.815732018,3023777.62738883,10604.4963064339,500.010000200004,
38.26721,33845.7594667991,4100.67251029169,1078284.9250823,7902.49718911176,400.006400102402,200.0016000128,8803.09869073914,407950.045937574,3188169.48823557,12306.0545788528,100.0004000016,
38.39335,34547.6757925938,5601.25468104855,1018683.49624498,7102.01697282028,800.025600819226,100.0004000016,11205.0198488923,404232.141840974,3124560.57725467,10904.7544729502,400.006400102402,
38.51967,36152.2037822616,6701.7960813498,972406.914893617,6401.6388195378,400.006400102402,800.025600819226,9003.24116682005,383906.197328395,3136951.92354965,12806.5569571621,400.006400102402,
38.64598,33444.6820952793,5701.29989637637,968719.994245171,6701.7960813498,400.006400102402,0,6801.85010322808,383390.733640912,3122082.30799568,13307.0793662228,400.006400102402,
38.77221,33645.2191745706,6701.7960813498,984608.796517647,5401.16665199683,400.006400102402,500.010000200004,8102.62525058119,375764.318021259,2903168.52345102,9703.76506084361,100.0004000016,
38.89849,32141.2693898966,6401.6388195378,984176.675771522,6101.48876325823,700.019600548815,100.0004000016,7402.19104855037,379576.952907687,3002299.29381086,11405.2007715518,100.0004000016,
39.02476,34547.6757925938,3900.60849492521,1011536.63672912,6801.85010322808,300.003600043201,400.006400102402,8302.75651516303,388855.714117422,3146038.91083264,12906.6598364756,0,
39.15097,38158.1530252104,6101.48876325823,999309.458340787,6101.48876325823,600.014400345608,300.003600043201,7001.96054895371,386174.486285373,2940342.56233596,14107.9568876847,100.0004000016,
39.27728,31539.7400724913,6201.53798141939,1016842.26300738,7001.96054895371,0,300.003600043201,7902.49718911176,390196.54043338,3099777.88466471,9503.61137232148,0,
39.40352,33645.2191745706,5501.21026625858,1029302.74786143,6701.7960813498,300.003600043201,100.0004000016,7602.31110257518,371231.864643463,2984125.31924489,11205.0198488923,100.0004000016,
39.5298,39662.8259162513,7702.37233067785,974241.863828479,4900.9605882753,700.019600548815,0,7802.43435952017,396593.199401859,3001473.20405787,11805.5722300926,100.0004000016,
39.65604,30737.7459520291,5901.39272868397,966903.623317864,6201.53798141939,300.003600043201,600.014400345608,7602.31110257518,362789.338700776,2880864.10012005,11505.2924345199,0,
39.78227,31339.2367243789,5601.25468104855,972622.777782395,6701.7960813498,400.006400102402,500.010000200004,9003.24116682005,361039.762052581,3017994.99911784,11305.1099096792,0,
39.90853,35450.1974796312,5001.00020004001,992821.822325547,5501.21026625858,500.010000200004,500.010000200004,8502.8909829342,369069.218997983,3008081.92208185,13006.7635170289,300.003600043201,
40.03479,30837.992406645,4500.81014582625,1027568.40044976,5301.12383825371,100.0004000016,300.003600043201,7702.37233067785,385349.607034788,2928777.30579398,9903.92195309342,0,
40.16097,34748.2305439951,3700.5476810568,954071.674764337,5401.16665199683,600.014400345608,500.010000200004,7302.132222609,358981.74559058,3118777.94898368,13106.8679988314,200.0016000128,
40.2873,35249.6314811254,6201.53798141939,1016084.18388585,6201.53798141939,100.0004000016,200.0016000128,8803.09869073914,373085.854403144,2920516.40826399,13707.5117164206,200.0016000128,
40.41354,36051.9147572504,5101.04061228491,967550.948334961,6601.74286011507,400.006400102402,300.003600043201,8302.75651516303,382772.204849125,3022951.53763583,11605.3848985929,200.0016000128,
40.53977,35450.1974796312,5701.29989637637,1132669.46304662,4400.77453631839,100.0004000016,300.003600043201,7702.37233067785,355895.34709178,3073343.01256875,11805.5722300926,100.0004000016,
40.66592,34246.8496903764,5701.29989637637,1015109.57564153,5801.34591225164,300.003600043201,0,8402.82334864514,354763.855871352,2865994.48456608,12005.7627661277,0,
40.7922,31038.4877247787,6501.69043951427,958814.782818172,7001.96054895371,200.0016000128,300.003600043201,8102.62525058119,347463.023120942,2884168.45913205,10004.0016006403,100.0004000016,
40.91844,30837.992406645,4600.84655576626,959677.352362123,5401.16665199683,100.0004000016,0,8502.8909829342,349519.170320377,2920516.40826399,11004.8421305374,400.006400102402,
41.04467,32843.0901342561,4200.70571856072,950515.481039515,5601.25468104855,600.014400345608,200.0016000128,9003.24116682005,346537.865699848,2873429.29234307,10104.0820491479,100.0004000016,
41.17093,30938.239664225,4800.92177698118,970464.310349126,4400.77453631839,600.014400345608,200.0016000128,8803.09869073914,346023.918535851,3063429.93553277,13307.0793662228,400.006400102402,
41.29717,34246.8496903764,6401.6388195378,955257.289274457,5501.21026625858,200.0016000128,200.0016000128,8302.75651516303,353323.922179493,2996516.66553987,10704.5815609081,200.0016000128,
41.42337,32542.3049964954,4800.92177698118,939099.145462318,7102.01697282028,900.032401166442,400.006400102402,7602.31110257518,344996.086732604,2831298.71494013,10604.4963064339,0,
41.5496,32241.5270868879,4000.64010241639,948037.498027949,5401.16665199683,400.006400102402,500.010000200004,8903.16952835209,360422.322040844,2718950.50853231,12506.2531265633,100.0004000016,
41.67589,29234.1454819229,4500.81014582625,912213.566391237,4900.9605882753,500.010000200004,500.010000200004,8703.02865397158,382462.951757076,2945299.10085395,12706.4548790786,100.0004000016,
41.80218,35249.6314811254,6101.48876325823,1024967.31264106,6101.48876325823,300.003600043201,300.003600043201,9503.61137232148,352398.336882669,2907298.97221601,11104.9305891816,300.003600043201,
41.92833,33845.7594667991,5601.25468104855,957413.229559056,5501.21026625858,100.0004000016,600.014400345608,9403.53572943427,372364.826189152,2881690.18987305,9003.24116682005,100.0004000016,
42.05464,35550.4816839913,6401.6388195378,981260.236616533,5301.12383825371,300.003600043201,100.0004000016,7702.37233067785,365259.74025974,2967603.52418492,12706.4548790786,300.003600043201,
42.18088,31339.2367243789,4200.70571856072,944913.759106665,4900.9605882753,600.014400345608,300.003600043201,9403.53572943427,351884.152030179,3117125.76947768,12906.6598364756,100.0004000016,
42.30714,31639.9929510902,4600.84655576626,1012294.45084925,6501.69043951427,200.0016000128,300.003600043201,8502.8909829342,374115.965799752,3065908.20479176,11004.8421305374,100.0004000016,
42.43339,32742.827618525,5301.12383825371,993578.546355908,4500.81014582625,300.003600043201,300.003600043201,9703.76506084361,353838.165436836,2884168.45913205,11905.6670975384,300.003600043201,
42.5597,28131.6199408135,4600.84655576626,929306.339196814,5001.00020004001,300.003600043201,700.019600548815,8402.82334864514,361039.762052581,3030386.34541282,11305.1099096792,0,
42.68593,31639.9929510902,4400.77453631839,982232.310256954,5901.39272868397,300.003600043201,200.0016000128,8602.95941803981,369996.021984624,2952733.90863094,12506.2531265633,0,
42.81224,30236.5257230735,4700.88376614804,952886.168565034,4200.70571856072,500.010000200004,600.014400345608,9003.24116682005,364642.094754186,3001473.20405787,11505.2924345199,100.0004000016,
42.93854,34347.1242544771,4900.9605882753,962481.09931376,5001.00020004001,200.0016000128,0,10304.2453490838,343557.262247021,2872603.20259007,13307.0793662228,400.006400102402,
43.06477,28332.0719053969,4800.92177698118,922746.069074786,4200.70571856072,600.014400345608,0,9503.61137232148,373600.899646393,2957690.44714893,10604.4963064339,0,
43.191,31238.986254846,4800.92177698118,950299.985467832,6001.44034568296,300.003600043201,400.006400102402,9203.38684635946,353426.76916212,2793298.58630219,9503.61137232148,0,
43.3172,29835.5639922788,5601.25468104855,928553.352665663,3900.60849492521,200.0016000128,300.003600043201,9603.68781612139,362686.415745156,2903168.52345102,10904.7544729502,0,
43.44336,33745.4889190629,5301.12383825371,942759.894568624,5301.12383825371,700.019600548815,400.006400102402,9403.53572943427,316045.51217398,2936212.11357097,12506.2531265633,0,
43.56967,30837.992406645,4800.92177698118,912750.731776081,5501.21026625858,0,400.006400102402,11104.9305891816,373703.911204216,3092343.07688772,12205.9565067753,0,
43.6959,30938.239664225,5601.25468104855,968953.596596197,5901.39272868397,600.014400345608,300.003600043201,9403.53572943427,370304.971362,3025429.80689483,11805.5722300926,0,
43.8222,28231.8455217485,3800.57768780855,924789.075916078,4700.88376614804,100.0004000016,300.003600043201,12806.5569571621,357952.862608583,2993212.30652788,13206.9732818928,200.0016000128,
43.94851,33544.9502333126,5301.12383825371,930812.443470829,4600.84655576626,600.014400345608,500.010000200004,9703.76506084361,352295.498243593,3004777.56306986,10304.2453490838,100.0004000016,
44.07481,27129.408278574,4500.81014582625,961186.987006945,4400.77453631839,0,300.003600043201,9503.61137232148,380504.523821126,3091516.98713472,11605.3848985929,0,
44.20114,29434.6151073663,4400.77453631839,957197.619413492,3900.60849492521,700.019600548815,200.0016000128,11405.2007715518,350855.844893324,2939516.47258296,10104.0820491479,100.0004000016,
44.32742,33544.9502333126,5001.00020004001,903407.230573481,4000.64010241639,0,600.014400345608,11905.6670975384,339139.036869461,2869298.84357807,11505.2924345199,300.003600043201,
44.45357,28732.9854673165,5101.04061228491,931135.202864457,5501.21026625858,500.010000200004,400.006400102402,11605.3848985929,355586.748561831,2905646.79271002,10704.5815609081,200.0016000128,
44.57988,26728.5460872212,4200.70571856072,898469.711221703,6301.58800017604,300.003600043201,700.019600548815,12005.7627661277,365259.74025974,3194778.20625956,11305.1099096792,400.006400102402,
44.70615,29935.8032206519,4700.88376614804,919520.924310852,4400.77453631839,300.003600043201,400.006400102402,12306.0545788528,357438.452425388,3044429.8712138,8102.62525058119,100.0004000016,
44.83249,30938.239664225,4100.67251029169,915221.979425387,4700.88376614804,200.0016000128,200.0016000128,15910.1188355794,369069.218997983,2902342.43369802,11205.0198488923,100.0004000016,
44.95873,28231.8455217485,4000.64010241639,909635.482520324,5101.04061228491,300.003600043201,200.0016000128,11805.5722300926,382256.787215465,3145212.82107964,13106.8679988314,0,
45.08502,33244.1482288479,4700.88376614804,941898.448882008,3500.49006860961,0,600.014400345608,12706.4548790786,389061.985871495,3052690.76874379,11205.0198488923,100.0004000016,
45.21127,27830.9480141918,5201.0818250196,911568.997325926,4200.70571856072,900.032401166442,200.0016000128,12306.0545788528,359907.811663123,2922994.67752299,10404.3282005314,100.0004000016,
45.3375,25826.6531060054,4700.88376614804,894714.163787175,4000.64010241639,600.014400345608,400.006400102402,14408.2991803279,381947.546682478,3149343.26984463,11705.4781637807,200.0016000128,
45.46378,27029.191526849,3300.43565750679,931027.61550717,4800.92177698118,100.0004000016,500.010000200004,14208.0701838644,398760.540485624,2972560.06270291,11705.4781637807,100.0004000016,
45.59001,29334.3798932349,5401.16665199683,977713.003082381,5001.00020004001,200.0016000128,400.006400102402,13307.0793662228,383493.824703622,3185691.21897658,10204.1632986258,300.003600043201,
45.7163,28532.5270808722,4100.67251029169,945775.405065446,5401.16665199683,200.0016000128,300.003600043201,13607.4024269202,407640.179032396,2984951.40899789,11305.1099096792,0,
45.8426,30136.2840860396,5401.16665199683,919950.89724502,5501.21026625858,300.003600043201,300.003600043201,14308.184281409,394735.772853231,2932081.66480597,10504.4118529783,0,
45.96893,28833.2158646761,5501.21026625858,898255.079165786,4700.88376614804,400.006400102402,200.0016000128,15409.4922472243,395974.027029443,3079951.73059274,12706.4548790786,200.0016000128,
46.09522,29635.0879441258,4300.73972723308,916296.581951476,4600.84655576626,300.003600043201,200.0016000128,15209.2472223112,381638.313684561,3001473.20405787,10404.3282005314,0,
46.22155,28732.9854673165,4600.84655576626,928983.625328261,5101.04061228491,500.010000200004,300.003600043201,15910.1188355794,396902.796910111,3097299.61540572,13206.9732818928,200.0016000128,
46.34783,31840.5011174214,4300.73972723308,906628.36630729,5001.00020004001,400.006400102402,800.025600819226,15309.3693340324,395561.262220344,3020473.26837684,12606.3536022155,100.0004000016,
46.4741,29033.6790677186,4700.88376614804,946960.26171142,5101.04061228491,400.006400102402,200.0016000128,15910.1188355794,390505.982003209,3045255.9609668,11805.5722300926,0,
46.60028,27029.191526849,4500.81014582625,922316.003401008,4800.92177698118,200.0016000128,200.0016000128,14608.5313823273,376897.68440884,3130343.20552566,12906.6598364756,0,
46.72649,29534.8511243267,4400.77453631839,926509.752515908,4800.92177698118,100.0004000016,300.003600043201,16110.3750815525,365568.574292707,3131169.29527866,13206.9732818928,100.0004000016,
46.85266,27229.6258329062,4700.88376614804,911139.302430672,3500.49006860961,500.010000200004,100.0004000016,17412.118834709,399276.628601617,3135299.74404366,14208.0701838644,0,
46.97895,31940.756405173,4900.9605882753,889136.504096697,4000.64010241639,300.003600043201,0,15509.6159618964,394632.590455681,3013038.46059985,12105.8592358702,0,
47.10524,29234.1454819229,3700.5476810568,937915.006640106,5601.25468104855,400.006400102402,400.006400102402,15409.4922472243,408673.098110001,3092343.07688772,11405.2007715518,100.0004000016,
47.23152,26327.6967369673,5601.25468104855,931242.791114504,3400.46246289495,200.0016000128,200.0016000128,14308.184281409,393291.295586037,3136125.83379666,12706.4548790786,0,
47.35773,28031.3951625821,5301.12383825371,941898.448882008,4800.92177698118,400.006400102402,0,15309.3693340324,397005.997756936,3019647.17862384,14007.84439286,400.006400102402,
47.48397,27229.6258329062,4000.64010241639,959893.003704996,4800.92177698118,200.0016000128,600.014400345608,16410.7654621432,419833.977980323,3405431.09327423,15409.4922472243,100.0004000016,
47.61025,28532.5270808722,4500.81014582625,951425.746481305,5201.0818250196,200.0016000128,600.014400345608,20016.0128102482,404232.141840974,3265821.92501745,12606.3536022155,100.0004000016,
47.7365,27229.6258329062,4500.81014582625,881203.206784602,4600.84655576626,500.010000200004,400.006400102402,21318.1630749398,388236.91896481,2929603.39554698,11705.4781637807,0,
47.86274,28231.8455217485,3800.57768780855,919735.90899477,5301.12383825371,200.0016000128,200.0016000128,19615.3784567101,377412.88441705,2936212.11357097,12306.0545788528,100.0004000016,
47.98903,26528.1198069954,5201.0818250196,859420.34837754,5401.16665199683,200.0016000128,300.003600043201,21217.9928579435,380916.799324258,3134473.65429066,11605.3848985929,0,
48.11526,30437.0114058695,4100.67251029169,897467.693458044,4600.84655576626,300.003600043201,0,19415.0660912868,399379.848741613,3230300.06563851,11104.9305891816,0,
48.24154,24423.8376655616,4100.67251029169,923498.718342223,5101.04061228491,400.006400102402,100.0004000016,19214.7569333248,405471.322303971,2918038.139005,11705.4781637807,100.0004000016,
48.36785,29334.3798932349,3100.38444767151,931027.61550717,4700.88376614804,400.006400102402,100.0004000016,20116.1734034163,402063.866885057,3038647.24294281,13106.8679988314,100.0004000016,
48.49416,26628.3325458288,3800.57768780855,924466.474479955,5001.00020004001,300.003600043201,100.0004000016,20717.1538033492,400515.325654927,3125386.66700767,12205.9565067753,200.0016000128,
48.62039,27730.7256440136,5001.00020004001,932964.324539638,5001.00020004001,300.003600043201,500.010000200004,19915.8530190031,378752.502344997,3004777.56306986,13807.6218072376,0,
48.74666,25926.8602271954,4100.67251029169,902870.452492063,5801.34591225164,0,200.0016000128,19114.6035571176,409292.889870026,3060125.57652077,15209.2472223112,100.0004000016,
48.87286,26628.3325458288,3100.38444767151,905876.696316806,5001.00020004001,500.010000200004,600.014400345608,21618.6785382571,399276.628601617,3122908.39774868,15009.0054032419,0,
48.99907,28031.3951625821,3900.60849492521,918553.537364187,4200.70571856072,400.006400102402,100.0004000016,22019.3770518056,397212.40196676,3330256.92575135,10704.5815609081,200.0016000128,
49.12533,26528.1198069954,3800.57768780855,897181.972246508,3800.57768780855,300.003600043201,300.003600043201,22319.9093591484,393291.295586037,3229473.97588551,14408.2991803279,100.0004000016,
49.25151,22520.2682414173,2700.2916314962,929951.79103363,5301.12383825371,600.014400345608,100.0004000016,21017.6548300572,394838.956089276,3174952.05218759,13106.8679988314,0,
49.37781,25025.025025025,4300.73972723308,998466.10039902,6101.48876325823,300.003600043201,200.0016000128,21718.8519635043,406090.957870604,3184865.12922358,13106.8679988314,0,
49.50405,23321.7358578195,5301.12383825371,922423.518481651,4700.88376614804,300.003600043201,400.006400102402,20416.6599945556,407123.750985796,3145212.82107964,12306.0545788528,0,
49.63028,26027.0681508769,4100.67251029169,961186.987006945,4500.81014582625,500.010000200004,400.006400102402,22319.9093591484,421695.077953086,3238560.9631685,10304.2453490838,100.0004000016,
49.75662,23021.1794851263,4300.73972723308,924574.00739991,4700.88376614804,300.003600043201,300.003600043201,22720.6303323418,387927.532699651,2966777.43443192,12205.9565067753,0,
49.88286,25526.0365572884,3700.5476810568,951485.255404137,4000.64010241639,400.006400102402,200.0016000128,23922.8702639724,406297.509776343,3165038.97515161,13507.2939387269,300.003600043201,
50.00906,26227.4864057532,5601.25468104855,924358.942452071,4300.73972723308,600.014400345608,200.0016000128,24223.4482979524,408776.394636919,3062603.84577977,13907.7326993809,100.0004000016,
50.13529,23421.922919853,4600.84655576626,974673.654200209,4200.70571856072,400.006400102402,700.019600548815,22720.6303323418,417663.039057798,3218734.80909653,13807.6218072376,300.003600043201,
50.26158,23722.4889194957,5201.0818250196,1026159.41334955,4400.77453631839,600.014400345608,200.0016000128,24123.2548176442,398038.052356532,3178256.41119959,14608.5313823273,100.0004000016,
50.38788,28833.2158646761,4200.70571856072,1000174.72117413,5501.21026625858,200.0016000128,600.014400345608,24924.8251258253,395974.027029443,3149343.26984463,14408.2991803279,0,
50.51417,25425.8326459683,4600.84655576626,949869.005061262,5101.04061228491,200.0016000128,200.0016000128,24924.8251258253,397625.220451387,3169995.5136696,12706.4548790786,100.0004000016,
50.64045,25826.6531060054,4200.70571856072,1015217.86184046,5801.34591225164,300.003600043201,300.003600043201,23822.6791905894,410842.501565308,3300517.6946434,13407.186251831,0,
50.76673,26027.0681508769,4300.73972723308,1020524.9901122,5101.04061228491,200.0016000128,400.006400102402,27530.2833116428,415182.420013338,3119604.03873668,14808.7667899396,100.0004000016,
50.89302,25125.2257266295,2700.2916314962,981260.236616533,5301.12383825371,100.0004000016,700.019600548815,27229.6258329062,386071.373447388,3160908.52638662,14808.7667899396,0,
51.01928,24924.8251258253,3700.5476810568,1000391.04588133,5601.25468104855,300.003600043201,400.006400102402,25726.4467872973,399173.409300568,3105560.5129357,15109.1259120509,100.0004000016,
51.14557,22620.4488857928,3900.60849492521,926294.655449915,4300.73972723308,700.019600548815,100.0004000016,25325.6295370915,386277.599961007,2939516.47258296,12806.5569571621,100.0004000016,
51.27172,25025.025025025,4300.73972723308,966903.623317864,4200.70571856072,500.010000200004,600.014400345608,25926.8602271954,406400.786988671,3222039.16810852,15409.4922472243,100.0004000016,
51.39797,25025.025025025,4000.64010241639,1039062.76039063,5001.00020004001,1100.04840212969,300.003600043201,27730.7256440136,389990.250243744,3084082.17935774,13407.186251831,200.0016000128,
51.52424,25826.6531060054,4500.81014582625,922531.034454154,5201.0818250196,700.019600548815,0,27329.8441898553,386483.82982526,3104734.4231827,13707.5117164206,100.0004000016,
51.65047,24223.4482979524,2900.33643902693,962157.559141795,4300.73972723308,700.019600548815,400.006400102402,20817.3200102485,396077.220328239,3269126.28402945,16010.246557797,300.003600043201,
51.77669,24423.8376655616,4300.73972723308,960755.644906707,4600.84655576626,500.010000200004,100.0004000016,28732.9854673165,386999.419145453,3125386.66700767,13006.7635170289,100.0004000016,
51.90301,22520.2682414173,3400.46246289495,987742.10180542,4300.73972723308,400.006400102402,400.006400102402,24123.2548176442,393188.12492636,3163386.79564561,17912.8255831175,300.003600043201,
52.02925,24924.8251258253,4400.77453631839,1002987.2231722,5301.12383825371,600.014400345608,100.0004000016,26728.5460872212,405058.248717553,3139430.19280865,13206.9732818928,200.0016000128,
52.15561,28732.9854673165,4100.67251029169,997470.966024425,4100.67251029169,200.0016000128,100.0004000016,27730.7256440136,399173.409300568,3132821.47478466,12606.3536022155,100.0004000016,
52.28187,24624.2302425587,3700.5476810568,981584.253081416,4500.81014582625,100.0004000016,200.0016000128,27430.063349431,368657.32829478,3002299.29381086,14007.84439286,0,
52.40807,28532.5270808722,3800.57768780855,963775.340644732,4700.88376614804,300.003600043201,500.010000200004,27229.6258329062,407227.034915628,3117951.85923068,13006.7635170289,100.0004000016,
52.53428,24223.4482979524,2600.27042812453,977912.539642295,3200.40965243551,500.010000200004,100.0004000016,28632.7558727184,389990.250243744,3107212.6924417,15209.2472223112,200.0016000128,
52.66055,26528.1198069954,4200.70571856072,1000066.56017039,4000.64010241639,0,500.010000200004,27029.191526849,397109.199442483,3184039.03947058,16811.2971917128,500.010000200004,
52.78687,25225.4272306485,3600.51847466035,969385.211162265,4500.81014582625,200.0016000128,600.014400345608,27029.191526849,386174.486285373,3165038.97515161,14708.648685427,200.0016000128,
52.91321,27931.1711870447,3800.57768780855,975753.192939583,5401.16665199683,100.0004000016,500.010000200004,25526.0365572884,391846.982636039,3001473.20405787,12806.5569571621,0,
53.03951,24023.0621396541,4200.70571856072,989471.145449555,4100.67251029169,100.0004000016,0,26227.4864057532,393291.295586037,3293082.88686641,13307.0793662228,200.0016000128,
53.16582,28231.8455217485,4900.9605882753,1010454.1217206,5701.29989637637,500.010000200004,400.006400102402,25726.4467872973,413012.27550145,3278213.27131243,13307.0793662228,0,
53.29214,24223.4482979524,4800.92177698118,995416.488164807,3200.40965243551,300.003600043201,200.0016000128,27029.191526849,398554.111111563,2885820.63863805,13407.186251831,0,
53.41833,23421.922919853,3100.38444767151,955257.289274457,4500.81014582625,200.0016000128,400.006400102402,24724.4277346018,409912.711867852,3365778.7851303,17311.9798900839,0,
53.54465,25425.8326459683,4200.70571856072,1018683.49624498,5101.04061228491,200.0016000128,500.010000200004,31038.4877247787,407227.034915628,3070864.74330976,16410.7654621432,100.0004000016,
53.67092,25726.4467872973,4300.73972723308,991200.41918608,5301.12383825371,200.0016000128,500.010000200004,29635.0879441258,390712.280573464,3121256.21824268,15409.4922472243,100.0004000016,
53.79718,21819.0261908384,4100.67251029169,933394.743612086,5201.0818250196,200.0016000128,100.0004000016,27329.8441898553,389474.539434932,3038647.24294281,15309.3693340324,0,
53.92349,27730.7256440136,4300.73972723308,997038.417383492,3700.5476810568,400.006400102402,0,28732.9854673165,399586.291538483,3387257.11870826,15309.3693340324,0,
54.04981,27430.063349431,4600.84655576626,1001148.21070498,4500.81014582625,600.014400345608,300.003600043201,29935.8032206519,391021.734714605,3119604.03873668,14107.9568876847,0,
54.17608,22420.0883992057,4100.67251029169,943836.782134036,4200.70571856072,300.003600043201,600.014400345608,31940.756405173,400618.555863072,3209647.82181354,18914.2992102029,100.0004000016,
54.30225,27931.1711870447,4300.73972723308,967335.169743276,4500.81014582625,100.0004000016,300.003600043201,27730.7256440136,382875.290887751,3212126.09107254,14608.5313823273,0,
54.42849,23421.922919853,5601.25468104855,967658.838975586,3600.51847466035,200.0016000128,600.014400345608,30236.5257230735,397315.605329779,3154299.80836263,16911.4321281186,200.0016000128,
54.55488,24624.2302425587,2600.27042812453,973054.514324659,3600.51847466035,300.003600043201,100.0004000016,25325.6295370915,396283.609441729,3157604.16737462,16210.5044068556,0,
54.68114,24123.2548176442,3700.5476810568,968198.305626997,4000.64010241639,300.003600043201,200.0016000128,28833.2158646761,387308.782790248,3184865.12922358,14608.5313823273,0,
54.80748,26728.5460872212,3600.51847466035,979532.285284362,3500.49006860961,300.003600043201,500.010000200004,31639.9929510902,415389.119773579,3352561.34908232,15309.3693340324,0,
54.93372,28432.2990917683,4600.84655576626,1009263.45927365,3100.38444767151,300.003600043201,400.006400102402,27931.1711870447,393703.986608376,3032038.52491882,12406.1534521122,0,
55.05995,21318.1630749398,3600.51847466035,930059.369463932,2900.33643902693,400.006400102402,200.0016000128,30938.239664225,374321.99811621,3128691.02601967,15609.7404780583,300.003600043201,
55.18612,23021.1794851263,3000.36004320518,944913.759106665,3600.51847466035,500.010000200004,200.0016000128,28732.9854673165,399999.187200026,3231126.15539151,15709.8657957197,100.0004000016,
55.3124,25726.4467872973,5401.16665199683,983420.499047967,3600.51847466035,400.006400102402,300.003600043201,32442.0448901777,407640.179032396,3290604.61760741,17412.118834709,400.006400102402,
55.43869,25826.6531060054,4200.70571856072,969924.749546046,2900.33643902693,500.010000200004,400.006400102402,31038.4877247787,385658.930471726,3275735.00205344,18613.8487034354,100.0004000016,
55.56498,27931.1711870447,3300.43565750679,954610.577022902,4200.70571856072,400.006400102402,300.003600043201,30136.2840860396,408259.920401003,3488040.06857411,16911.4321281186,0,
55.69125,27229.6258329062,3000.36004320518,998876.848520144,3600.51847466035,200.0016000128,100.0004000016,32943.3534531443,397315.605329779,3278213.27131243,12005.7627661277,100.0004000016,
55.81746,25526.0365572884,3900.60849492521,972838.644259379,4200.70571856072,400.006400102402,200.0016000128,29635.0879441258,399483.069720565,3633431.86510188,14808.7667899396,0,
55.94377,25626.2412710616,3200.40965243551,969385.211162265,3700.5476810568,200.0016000128,0,30136.2840860396,402167.109680461,3192299.93700057,17011.567866149,100.0004000016,
56.07008,25926.8602271954,3600.51847466035,939529.768204362,4500.81014582625,200.0016000128,100.0004000016,33444.6820952793,420040.753409336,3451692.11944216,17512.2585810067,100.0004000016,
56.1964,26127.2768770597,4300.73972723308,969385.211162265,3900.60849492521,200.0016000128,300.003600043201,29635.0879441258,397522.014572082,3364126.6056243,17311.9798900839,0,
56.32266,28432.2990917683,3500.49006860961,954179.453425744,3300.43565750679,400.006400102402,300.003600043201,31238.986254846,396283.609441729,3349256.99007032,18313.4054127621,0,
56.44894,24423.8376655616,4200.70571856072,901045.573407707,3100.38444767151,200.0016000128,200.0016000128,38358.7656289435,390196.54043338,3122082.30799568,17812.6826300326,0,
56.57522,27530.2833116428,4300.73972723308,897396.586515951,3200.40965243551,500.010000200004,200.0016000128,31038.4877247787,392672.284202914,3269952.37378245,15409.4922472243,200.0016000128,
56.70146,26528.1198069954,3900.60849492521,948145.226579204,4100.67251029169,300.003600043201,200.0016000128,37456.0342272039,384524.781388473,3177430.32144659,11905.6670975384,0,
56.82767,27430.063349431,3700.5476810568,925434.302875442,4100.67251029169,300.003600043201,200.0016000128,28632.7558727184,396386.805256443,3112169.23095969,15109.1259120509,0,
56.95396,27630.5040765005,3500.49006860961,938237.942869475,3400.46246289495,300.003600043201,400.006400102402,31940.756405173,410222.634206632,3398822.37525025,16410.7654621432,100.0004000016,
57.08022,25125.2257266295,3500.49006860961,939529.768204362,2600.27042812453,100.0004000016,200.0016000128,37556.3345017526,395251.697418623,3119604.03873668,19915.8530190031,0,
57.20645,28031.3951625821,3600.51847466035,922531.034454154,3600.51847466035,200.0016000128,100.0004000016,35450.1974796312,407123.750985796,3228647.88613251,16611.0297237366,100.0004000016,
57.33273,27229.6258329062,5101.04061228491,935224.184077847,3500.49006860961,600.014400345608,600.014400345608,32141.2693898966,408053.336585564,3202213.01403655,16310.634533716,0,
57.45896,27630.5040765005,4100.67251029169,931457.970292922,3300.43565750679,800.025600819226,400.006400102402,33344.4147604609,395458.07311454,3036995.06343681,15409.4922472243,300.003600043201,
57.58519,25025.025025025,4200.70571856072,890959.705381591,4800.92177698118,300.003600043201,200.0016000128,33745.4889190629,389371.399787136,3202213.01403655,15009.0054032419,300.003600043201,
57.71134,30136.2840860396,3000.36004320518,948899.351485107,5101.04061228491,500.010000200004,200.0016000128,32141.2693898966,401031.485086546,3430213.7858642,14808.7667899396,200.0016000128,
57.83754,26628.3325458288,5001.00020004001,942544.527783428,4200.70571856072,400.006400102402,200.0016000128,30938.239664225,414872.376676873,3476474.81203212,13807.6218072376,0,
57.96386,28833.2158646761,4600.84655576626,911676.423276563,3700.5476810568,300.003600043201,300.003600043201,33344.4147604609,401444.427735939,3364126.6056243,16811.2971917128,200.0016000128,
58.09008,27931.1711870447,4900.9605882753,913287.919432478,4700.88376614804,300.003600043201,200.0016000128,35450.1974796312,385143.395598013,3111343.14120669,13006.7635170289,0,
58.21634,27129.408278574,4100.67251029169,885276.454752537,3200.40965243551,300.003600043201,100.0004000016,30737.7459520291,387927.532699651,3186517.30872958,13707.5117164206,200.0016000128,
58.34258,27430.063349431,3500.49006860961,905661.941473929,5001.00020004001,200.0016000128,600.014400345608,32742.827618525,406813.904234605,3151821.53910363,15509.6159618964,100.0004000016,
58.46878,28131.6199408135,4600.84655576626,917371.273600358,2900.33643902693,200.0016000128,200.0016000128,35751.0525029742,399070.190838454,3177430.32144659,15109.1259120509,100.0004000016,
58.59501,29033.6790677186,4800.92177698118,900294.227342423,3400.46246289495,300.003600043201,200.0016000128,35951.6265357053,400825.018796611,3288952.43810142,15910.1188355794,300.003600043201,
58.7213,30336.7681630136,3200.40965243551,894070.465016075,4500.81014582625,300.003600043201,100.0004000016,32542.3049964954,403302.835821502,3164212.88539861,14708.648685427,0,
58.84759,29434.6151073663,4500.81014582625,918338.572293503,3800.57768780855,800.025600819226,100.0004000016,34447.3996218797,400205.640064862,3205517.37304855,14808.7667899396,0,
58.97375,29735.3255667733,3000.36004320518,901260.251718808,3600.51847466035,500.010000200004,0,34246.8496903764,419937.365274332,3307952.50242039,12806.5569571621,200.0016000128,
59.10005,30437.0114058695,5201.0818250196,929844.213495965,4500.81014582625,200.0016000128,300.003600043201,31740.2466327303,401031.485086546,3279039.36106543,14508.4148806308,0,
59.2263,27430.063349431,5201.0818250196,945883.114834403,4600.84655576626,300.003600043201,100.0004000016,39261.5621294189,403199.583793978,3133647.56453766,13807.6218072376,0,
59.35266,29534.8511243267,5601.25468104855,896216.25205098,3800.57768780855,200.0016000128,200.0016000128,35249.6314811254,400515.325654927,3209647.82181354,14908.8856958747,100.0004000016,
59.47881,33143.8825004306,4500.81014582625,922961.107262991,3600.51847466035,100.0004000016,100.0004000016,35249.6314811254,400205.640064862,3100603.97441771,14908.8856958747,0,
59.60512,30136.2840860396,5401.16665199683,920810.885911106,4700.88376614804,500.010000200004,100.0004000016,36352.7842427204,407950.045937574,3302995.96390239,14608.5313823273,200.0016000128,
59.73135,32341.7855869784,5001.00020004001,958491.334017253,3800.57768780855,100.0004000016,100.0004000016,36051.9147572504,404438.663523291,3278213.27131243,12906.6598364756,200.0016000128,
59.85768,30136.2840860396,5301.12383825371,905339.815885569,3500.49006860961,800.025600819226,400.006400102402,34547.6757925938,398347.685092999,3310430.77167938,14308.184281409,100.0004000016,
59.98395,35149.3496869605,4100.67251029169,920595.883394644,4300.73972723308,300.003600043201,600.014400345608,35349.9140786791,405781.136309129,3276561.09180644,15809.9919148902,200.0016000128,
60.11018,35751.0525029742,5801.34591225164,909850.303248888,2300.21161946899,200.0016000128,300.003600043201,31940.756405173,390299.686785263,2990734.03726888,14908.8856958747,100.0004000016,
60.23641,29534.8511243267,5401.16665199683,885705.292280676,4100.67251029169,300.003600043201,300.003600043201,36152.2037822616,380092.26171139,3065908.20479176,14308.184281409,0,
60.36261,39261.5621294189,6101.48876325823,923068.627694962,3800.57768780855,600.014400345608,300.003600043201,34848.5091247016,416215.95243711,3463257.37598414,15309.3693340324,200.0016000128,
60.48877,38258.4589252378,5701.29989637637,994767.773142622,3100.38444767151,300.003600043201,0,35550.4816839913,408156.628073371,3463257.37598414,15109.1259120509,0,
60.61508,36252.4936107484,5601.25468104855,961834.027033539,3700.5476810568,600.014400345608,200.0016000128,36553.3679171591,405781.136309129,3299691.6048904,14808.7667899396,0,
60.74131,38960.6227289663,5801.34591225164,968521.996376872,3100.38444767151,400.006400102402,300.003600043201,37054.8411649241,425521.528297588,3305474.23316139,13206.9732818928,200.0016000128,
60.86761,37556.3345017526,5501.21026625858,973486.265220463,3800.57768780855,100.0004000016,400.006400102402,36252.4936107484,413322.27345548,3242691.41193349,13807.6218072376,400.006400102402,
60.99392,37255.4360889003,6101.48876325823,921240.901644444,3700.5476810568,300.003600043201,400.006400102402,31940.756405173,410222.634206632,2988255.76800989,13307.0793662228,100.0004000016,
61.12023,36753.9548056547,8803.09869073914,978992.347628014,2800.31363512713,400.006400102402,800.025600819226,37957.5436361524,423659.868041036,3214604.36033153,16010.246557797,0,
61.24655,37756.9374616922,5801.34591225164,917263.800424628,2200.1936170383,500.010000200004,300.003600043201,30336.7681630136,408569.802422961,3237734.8734155,11705.4781637807,0,
61.37275,41167.6796653699,5301.12383825371,950623.230167496,3800.57768780855,200.0016000128,200.0016000128,33745.4889190629,416629.388943563,3247647.95045148,16510.8971921468,100.0004000016,
61.49898,41167.6796653699,6901.90492575951,945559.988210338,3200.40965243551,200.0016000128,300.003600043201,34146.5759295679,420144.142385345,3223691.34761452,14608.5313823273,100.0004000016,
61.62529,37957.5436361524,8202.69048247825,949222.561292064,4100.67251029169,300.003600043201,300.003600043201,37255.4360889003,398863.756430992,3186517.30872958,15109.1259120509,0,
61.75155,40766.3676465285,7802.43435952017,974565.705261408,3200.40965243551,100.0004000016,600.014400345608,34246.8496903764,426452.460670363,3344300.45155233,13307.0793662228,100.0004000016,
61.87789,44679.7086001427,7001.96054895371,987958.219679329,3000.36004320518,500.010000200004,300.003600043201,32341.7855869784,407743.467161,3028734.16590682,13307.0793662228,100.0004000016,
62.00413,39462.1924152464,6201.53798141939,920488.383473926,2700.2916314962,600.014400345608,300.003600043201,30537.255451651,399276.628601617,3014690.64010584,15509.6159618964,0,
62.13042,44077.5765347011,6001.44034568296,973054.514324659,4000.64010241639,100.0004000016,600.014400345608,35951.6265357053,410222.634206632,3084082.17935774,15509.6159618964,200.0016000128,
62.25663,41669.3377780627,6801.85010322808,982448.336499728,3600.51847466035,300.003600043201,300.003600043201,33544.9502333126,387205.660737569,3181560.77021158,14508.4148806308,0,
62.38289,43274.7788177972,8602.95941803981,972622.777782395,3200.40965243551,300.003600043201,400.006400102402,33745.4889190629,422108.692734158,3189821.66774157,15009.0054032419,100.0004000016,
62.50919,42371.6929043942,5801.34591225164,936730.975926564,2700.2916314962,800.025600819226,100.0004000016,32542.3049964954,391228.04166599,3096473.52565272,14808.7667899396,100.0004000016,
62.63544,40565.7164606663,7302.132222609,990876.1628318,2400.23042212052,400.006400102402,700.019600548815,38860.311202987,412185.651263494,3231952.24514451,14007.84439286,0,
62.76172,45582.960989,8803.09869073914,977696.588816706,3100.38444767151,800.025600819226,400.006400102402,35650.7666917691,397728.427169474,2902342.43369802,12406.1534521122,100.0004000016,
62.88794,44077.5765347011,7602.31110257518,949545.779150682,2900.33643902693,400.006400102402,100.0004000016,33645.2191745706,378443.347193347,3065908.20479176,12606.3536022155,100.0004000016,
63.0141,40866.6944453348,6601.74286011507,985148.967662002,3500.49006860961,400.006400102402,400.006400102402,33444.6820952793,394426.22817603,2985777.49875089,13206.9732818928,0,
63.14039,44679.7086001427,7402.19104855037,982556.350968214,3200.40965243551,500.010000200004,400.006400102402,34246.8496903764,412702.285110189,3193952.11650656,12706.4548790786,0,
63.26668,45783.6925900546,7302.132222609,988714.660545805,3800.57768780855,100.0004000016,300.003600043201,33244.1482288479,399895.96202614,3058473.39701478,13106.8679988314,200.0016000128,
63.39301,39963.7821963854,6601.74286011507,950730.98019025,3900.60849492521,700.019600548815,100.0004000016,30938.239664225,373497.888924976,3112995.32071269,13807.6218072376,200.0016000128,
63.51927,41669.3377780627,8102.62525058119,904385.392563591,3300.43565750679,400.006400102402,300.003600043201,37355.7347562563,382050.626022897,3254256.66847547,12706.4548790786,100.0004000016,
63.64555,39361.8768704403,6901.90492575951,974025.974025974,2700.2916314962,700.019600548815,0,33745.4889190629,398347.685092999,3187343.39848258,12005.7627661277,0,
63.77179,47490.0411179596,6801.85010322808,951054.235627268,3000.36004320518,100.0004000016,200.0016000128,38459.0731363374,403715.852325151,3150995.44935063,13507.2939387269,200.0016000128,
63.89802,46285.535669918,7902.49718911176,1010670.61751413,2900.33643902693,500.010000200004,200.0016000128,33745.4889190629,389474.539434932,3373213.59290728,14408.2991803279,100.0004000016,
64.02422,44679.7086001427,7001.96054895371,874639.286409742,2500.2500250025,300.003600043201,500.010000200004,31740.2466327303,378340.297149911,3068386.47405076,12205.9565067753,100.0004000016,
64.15045,43475.4734218603,7102.01697282028,1024967.31264106,3400.46246289495,100.0004000016,600.014400345608,36653.6609596449,387308.782790248,3028734.16590682,12706.4548790786,0,
64.27677,52409.640968907,8502.8909829342,974565.705261408,3200.40965243551,300.003600043201,300.003600043201,33544.9502333126,389474.539434932,3140256.28256165,13707.5117164206,100.0004000016,
64.40308,48293.1091143725,7402.19104855037,995957.108750447,3200.40965243551,200.0016000128,300.003600043201,34347.1242544771,405368.052648052,2993212.30652788,10804.6676164103,200.0016000128,
64.52928,46385.9066992069,7702.37233067785,984608.796517647,2700.2916314962,200.0016000128,500.010000200004,37857.2401471024,388546.312770642,3210473.91156654,13307.0793662228,100.0004000016,
64.6556,49497.8076679519,8202.69048247825,994119.090496966,2300.21161946899,200.0016000128,100.0004000016,36854.249455198,394323.048293908,3149343.26984463,13607.4024269202,200.0016000128,
64.7818,44679.7086001427,7202.07419736884,963775.340644732,3600.51847466035,500.010000200004,400.006400102402,38158.1530252104,374012.95089621,3141908.46206765,13907.7326993809,200.0016000128,
64.90812,45783.6925900546,6801.85010322808,992821.822325547,2800.31363512713,600.014400345608,400.006400102402,32442.0448901777,381638.313684561,3175778.14194059,12806.5569571621,0,
65.03443,45482.5963950534,8302.75651516303,996497.751822874,2300.21161946899,0,100.0004000016,32442.0448901777,368451.387958712,3081603.91009874,12105.8592358702,0,
65.16066,43977.2240053534,7402.19104855037,979856.258651292,3100.38444767151,300.003600043201,100.0004000016,34046.302972042,381844.468179289,3203039.10378955,11705.4781637807,100.0004000016,
65.28693,46185.1654450807,8703.02865397158,971111.812908266,3000.36004320518,400.006400102402,300.003600043201,36352.7842427204,377000.722736981,3113821.41046569,12406.1534521122,100.0004000016,
65.41317,46687.0246138803,9103.31360615264,991632.77357753,3100.38444767151,200.0016000128,400.006400102402,43475.4734218603,385040.29113595,3193952.11650656,15209.2472223112,0,
65.53941,50501.811652291,7702.37233067785,996065.235565945,3100.38444767151,400.006400102402,100.0004000016,33645.2191745706,391124.887771228,3032038.52491882,11605.3848985929,100.0004000016,
65.66572,44780.0667593657,7102.01697282028,1034832.52312935,3700.5476810568,300.003600043201,300.003600043201,35550.4816839913,360010.712068525,3008081.92208185,12506.2531265633,0,
65.79201,43475.4734218603,7202.07419736884,961186.987006945,2000.16001280102,200.0016000128,300.003600043201,32843.0901342561,371746.834620865,3730910.45595573,10604.4963064339,0,
65.91826,42271.354045629,8402.82334864514,979424.295957602,3100.38444767151,100.0004000016,200.0016000128,33745.4889190629,374528.033778572,3023777.62738883,12005.7627661277,200.0016000128,
66.04447,44579.3512452165,7102.01697282028,990011.518773105,2900.33643902693,0,500.010000200004,32442.0448901777,392672.284202914,3206343.46280155,13106.8679988314,200.0016000128,
66.17074,42773.0563802976,6301.58800017604,1007098.89771512,3500.49006860961,300.003600043201,400.006400102402,33745.4889190629,371128.873156534,3150169.35959763,10404.3282005314,0,
66.29696,46486.2785329572,6001.44034568296,967443.058590861,2500.2500250025,200.0016000128,100.0004000016,29935.8032206519,374115.965799752,3046908.14047279,10904.7544729502,0,
66.42318,40866.6944453348,5201.0818250196,978776.378849535,2200.1936170383,100.0004000016,400.006400102402,34948.7885087582,382772.204849125,2975864.42171491,11705.4781637807,0,
66.54946,43575.8219301585,6001.44034568296,1005908.54242084,3300.43565750679,200.0016000128,300.003600043201,33143.8825004306,377618.970277733,3046908.14047279,10904.7544729502,0,
66.6757,42672.714305176,7402.19104855037,978020.516401483,3600.51847466035,100.0004000016,400.006400102402,33946.0308177889,395458.07311454,3000647.11430487,10604.4963064339,200.0016000128,
66.80198,40164.423735672,6601.74286011507,958060.081487542,3000.36004320518,400.006400102402,400.006400102402,36653.6609596449,373291.869991312,3158430.25712762,11004.8421305374,0,
66.92827,39763.1438724695,8502.8909829342,969601.023825551,3100.38444767151,800.025600819226,100.0004000016,35149.3496869605,375249.184946996,3019647.17862384,8502.8909829342,100.0004000016,
67.0545,39562.5087638469,6601.74286011507,950733.97657075,2300.21161946899,600.014400345608,400.006400102402,34146.5759295679,371231.864643463,3141082.37231465,10104.0820491479,0,
67.18084,44378.6389482162,7202.07419736884,947283.423214723,2300.21161946899,200.0016000128,500.010000200004,32041.0124959949,388340.049395554,3167517.24441061,9703.76506084361,200.0016000128,
67.30703,36854.249455198,5801.34591225164,928338.221689366,3600.51847466035,0,500.010000200004,33344.4147604609,371952.828465301,3063429.93553277,11004.8421305374,100.0004000016,
67.43335,36653.6609596449,5701.29989637637,924358.942452071,3400.46246289495,200.0016000128,200.0016000128,28432.2990917683,376485.53946348,2989081.85776288,11104.9305891816,0,
67.55966,32542.3049964954,5101.04061228491,907594.863249351,2100.17641481884,100.0004000016,200.0016000128,34547.6757925938,364333.283281049,3192299.93700057,10504.4118529783,0,
67.68597,38659.6905622281,4100.67251029169,974673.654200209,2500.2500250025,200.0016000128,200.0016000128,33544.9502333126,370407.956159935,2997342.75529287,12105.8592358702,100.0004000016,
67.81223,37155.1382251261,5901.39272868397,955041.714943044,2100.17641481884,200.0016000128,100.0004000016,31840.5011174214,400515.325654927,3008908.01183485,12606.3536022155,100.0004000016,
67.93844,35851.3391176164,7502.25067520256,980504.229626089,3000.36004320518,300.003600043201,500.010000200004,33043.6175751993,385865.150284322,3128691.02601967,10804.6676164103,300.003600043201,
68.06467,35450.1974796312,5901.39272868397,984500.764983703,2100.17641481884,100.0004000016,200.0016000128,32542.3049964954,399379.848741613,3168343.33416361,11405.2007715518,0,
68.19096,34748.2305439951,6601.74286011507,976832.821416548,3000.36004320518,100.0004000016,500.010000200004,30837.992406645,366186.264920391,3096473.52565272,11805.5722300926,0,
68.31716,32843.0901342561,4200.70571856072,924251.411316247,3000.36004320518,600.014400345608,100.0004000016,31740.2466327303,368245.450966226,3053516.85849678,14208.0701838644,100.0004000016,
68.44334,35450.1974796312,4200.70571856072,963020.350853872,2900.33643902693,500.010000200004,300.003600043201,32742.827618525,363201.038876715,2969255.70369092,10904.7544729502,200.0016000128,
68.56963,38358.7656289435,5201.0818250196,931565.561221314,2800.31363512713,800.025600819226,100.0004000016,34547.6757925938,386174.486285373,3093995.25639372,11405.2007715518,100.0004000016,
68.69586,34046.302972042,5001.00020004001,979100.333363815,2200.1936170383,400.006400102402,200.0016000128,36553.3679171591,415905.883883876,3274908.91230044,12406.1534521122,200.0016000128,
68.82214,34848.5091247016,5401.16665199683,952024.050259728,2100.17641481884,400.006400102402,300.003600043201,35951.6265357053,406090.957870604,2957690.44714893,12205.9565067753,0,
68.94829,31840.5011174214,5501.21026625858,921455.914861497,2700.2916314962,300.003600043201,200.0016000128,30737.7459520291,384730.982774937,3152647.62885663,11705.4781637807,200.0016000128,
69.07444,35049.0686961746,4100.67251029169,924466.474479955,2500.2500250025,200.0016000128,400.006400102402,34647.952766629,480553.881069169,3119604.03873668,12606.3536022155,0,
69.20068,34647.952766629,6301.58800017604,936946.246197644,3100.38444767151,400.006400102402,400.006400102402,34547.6757925938,367112.857270418,3114647.50021869,14608.5313823273,0,
69.32696,31238.986254846,4100.67251029169,929413.912271458,2200.1936170383,400.006400102402,300.003600043201,32041.0124959949,382978.377763699,2987429.67825689,11805.5722300926,0,
69.45328,32542.3049964954,5601.25468104855,940929.390865472,2600.27042812453,100.0004000016,100.0004000016,32041.0124959949,373497.888924976,3009734.10158785,9203.38684635946,200.0016000128,
69.57961,34748.2305439951,5401.16665199683,908536.012026918,2300.21161946899,300.003600043201,300.003600043201,31038.4877247787,380401.457038087,2963473.07541992,10904.7544729502,0,
69.70583,33344.4147604609,3700.5476810568,948899.351485107,1500.09000540032,500.010000200004,600.014400345608,33143.8825004306,366186.264920391,3528518.46647104,12506.2531265633,200.0016000128,
69.8321,38158.1530252104,4300.73972723308,898362.394749055,3500.49006860961,200.0016000128,300.003600043201,34246.8496903764,389474.539434932,3062603.84577977,14608.5313823273,100.0004000016,
69.95833,30637.5003003677,3900.60849492521,926939.957355369,2800.31363512713,600.014400345608,300.003600043201,32642.5659059413,361965.978444358,2996516.66553987,9303.46088745013,0,
70.08461,32943.3534531443,4200.70571856072,913825.129361815,3700.5476810568,400.006400102402,400.006400102402,32141.2693898966,361142.671644214,3047734.23022579,11505.2924345199,100.0004000016,
70.21089,30437.0114058695,3000.36004320518,887849.693073654,2500.2500250025,200.0016000128,200.0016000128,28131.6199408135,352089.823468328,2993212.30652788,9703.76506084361,0,
70.33718,30136.2840860396,3200.40965243551,892675.894125884,2400.23042212052,400.006400102402,300.003600043201,29635.0879441258,367009.899221943,2817255.18913915,10304.2453490838,0,
70.46346,27730.7256440136,4000.64010241639,888064.152694016,2600.27042812453,500.010000200004,100.0004000016,30837.992406645,356306.823483591,2951907.81887794,9903.92195309342,100.0004000016,
70.58967,29835.5639922788,5201.0818250196,889779.957582184,3800.57768780855,800.025600819226,300.003600043201,30938.239664225,368039.517317239,2870951.02308407,10804.6676164103,200.0016000128,
70.7159,29534.8511243267,4500.81014582625,908991.041707257,2000.16001280102,500.010000200004,200.0016000128,29735.3255667733,367112.857270418,2876733.65135506,11505.2924345199,200.0016000128,
70.84218,29534.8511243267,4800.92177698118,884418.822321066,2600.27042812453,500.010000200004,100.0004000016,31740.2466327303,356924.06311237,2686733.00816536,9903.92195309342,100.0004000016,
70.96847,26027.0681508769,4800.92177698118,871561.152091664,2000.16001280102,100.0004000016,400.006400102402,30637.5003003677,363406.893976901,2900690.25419202,10204.1632986258,200.0016000128,
71.09471,26728.5460872212,4100.67251029169,876702.687036807,2500.2500250025,200.0016000128,100.0004000016,29033.6790677186,347565.822558928,2791646.40679619,8002.56081946223,100.0004000016,
71.22093,27530.2833116428,3100.38444767151,889565.469533159,1900.14441097523,400.006400102402,0,28432.2990917683,335852.054838945,2893255.44641503,11305.1099096792,200.0016000128,
71.34724,25125.2257266295,3400.46246289495,864387.841668563,1900.14441097523,500.010000200004,200.0016000128,30737.7459520291,344687.753446878,2884168.45913205,8803.09869073914,0,
71.47347,27229.6258329062,4500.81014582625,887420.784492399,2600.27042812453,300.003600043201,200.0016000128,33244.1482288479,354043.868580863,2935386.02381797,10304.2453490838,0,
71.59964,24223.4482979524,4700.88376614804,918338.572293503,2700.2916314962,300.003600043201,500.010000200004,34748.2305439951,383493.824703622,2732994.03433328,11905.6670975384,0,
71.72599,28031.3951625821,3600.51847466035,927585.291384575,2800.31363512713,300.003600043201,400.006400102402,29534.8511243267,368657.32829478,2919690.31851099,10304.2453490838,200.0016000128,
71.8522,27430.063349431,4700.88376614804,896323.550738149,2500.2500250025,300.003600043201,200.0016000128,29434.6151073663,409086.289257038,3021299.35812983,10204.1632986258,0,
71.97852,26728.5460872212,3600.51847466035,895679.771952286,1800.12960933187,600.014400345608,300.003600043201,29735.3255667733,353735.315116505,2805689.93259717,10804.6676164103,100.0004000016,
72.10484,26027.0681508769,4500.81014582625,938282.118180767,3900.60849492521,100.0004000016,800.025600819226,31238.986254846,344996.086732604,2951081.72912494,11705.4781637807,0,
72.23114,26127.2768770597,4500.81014582625,906306.21668449,2400.23042212052,500.010000200004,400.006400102402,28031.3951625821,349210.726974805,2865994.48456608,11305.1099096792,0,
72.35734,27229.6258329062,5001.00020004001,909098.446283184,3400.46246289495,300.003600043201,100.0004000016,31840.5011174214,346949.038438141,2744559.29087527,10804.6676164103,200.0016000128,
72.48352,24123.2548176442,3900.60849492521,908131.837155992,2200.1936170383,400.006400102402,400.006400102402,33244.1482288479,359187.532206168,2756124.54741725,12406.1534521122,0,
72.60982,27229.6258329062,4200.70571856072,924574.00739991,2300.21161946899,1200.05760276493,200.0016000128,31539.7400724913,360319.418295137,2794124.67605519,12105.8592358702,0,
72.73612,28231.8455217485,4200.70571856072,906843.137173626,3900.60849492521,0,400.006400102402,31138.7365883159,349416.355037842,2874255.38209606,12406.1534521122,100.0004000016,
72.8624,22620.4488857928,3700.5476810568,930166.948786883,3000.36004320518,900.032401166442,100.0004000016,29234.1454819229,356821.187754075,2789994.2272902,11605.3848985929,100.0004000016,
72.98869,25425.8326459683,4000.64010241639,908454.032184518,3200.40965243551,200.0016000128,0,27830.9480141918,333592.749323086,2860211.85629509,9403.53572943427,0,
73.11495,23021.1794851263,3700.5476810568,885705.292280676,1900.14441097523,400.006400102402,500.010000200004,28332.0719053969,328151.531238729,2656167.6873044,11305.1099096792,100.0004000016,
73.24127,23622.2994506814,2000.16001280102,900830.898655229,2400.23042212052,800.025600819226,500.010000200004,28332.0719053969,339755.440952288,2557863.00669756,11505.2924345199,0,
73.36754,24724.4277346018,3000.36004320518,918338.572293503,3200.40965243551,300.003600043201,500.010000200004,31138.7365883159,333490.063191858,2655341.59755141,14208.0701838644,0,
73.49381,23321.7358578195,4000.64010241639,910065.127539705,3200.40965243551,0,0,27430.063349431,337906.318665726,2552080.37842657,12906.6598364756,0,
73.62011,23121.3641404658,4200.70571856072,934470.853804276,2900.33643902693,100.0004000016,100.0004000016,29735.3255667733,317481.214428939,2571080.44274554,12506.2531265633,0,
73.74634,21819.0261908384,3600.51847466035,926079.56195296,4000.64010241639,400.006400102402,200.0016000128,29534.8511243267,328870.048712483,2535558.58336659,13907.7326993809,100.0004000016,
73.87262,23522.1107841371,3800.57768780855,971003.893572904,2400.23042212052,500.010000200004,100.0004000016,29935.8032206519,346229.494900339,2725559.2265563,15509.6159618964,0,
73.99886,18513.7001381022,3100.38444767151,908346.632951272,2600.27042812453,600.014400345608,300.003600043201,25926.8602271954,305590.308566246,2487645.37769267,13106.8679988314,100.0004000016,
74.12501,19915.8530190031,4500.81014582625,929198.76701474,3900.60849492521,600.014400345608,200.0016000128,31238.986254846,328767.400863204,2713993.97001431,14908.8856958747,0,
74.2513,21217.9928579435,3500.49006860961,940821.72222153,4100.67251029169,300.003600043201,0,29935.8032206519,331333.846715033,2500862.81374065,14708.648685427,100.0004000016,
74.37752,23822.6791905894,4000.64010241639,884418.822321066,3800.57768780855,400.006400102402,400.006400102402,27029.191526849,328972.69739375,2479384.48016268,15309.3693340324,100.0004000016,
74.50378,21919.201220269,3500.49006860961,939529.768204362,3900.60849492521,200.0016000128,500.010000200004,29133.9118734207,309689.358996683,2433949.54374775,14508.4148806308,0,
74.63007,21017.6548300572,4400.77453631839,933179.53228992,2600.27042812453,600.014400345608,200.0016000128,29434.6151073663,302516.891960277,2579341.34027552,16110.3750815525,0,
74.7563,19515.221873061,3000.36004320518,944806.05738576,4700.88376614804,300.003600043201,300.003600043201,28131.6199408135,309791.852271807,2460384.41584371,17712.5404786589,0,
74.88257,23822.6791905894,4000.64010241639,930059.369463932,4000.64010241639,800.025600819226,200.0016000128,27029.191526849,310816.83068076,2471949.67238569,17912.8255831175,0,
75.00884,22920.9956319989,3200.40965243551,929951.79103363,2800.31363512713,500.010000200004,100.0004000016,24323.6425805883,303848.614158819,2433949.54374775,18713.9980705568,100.0004000016,
75.13505,21518.505915087,3000.36004320518,933932.787545073,4500.81014582625,100.0004000016,500.010000200004,26127.2768770597,305385.390897349,2401732.0433808,15309.3693340324,0,
75.26136,23822.6791905894,3100.38444767151,967766.730512749,4700.88376614804,200.0016000128,200.0016000128,26027.0681508769,293710.567105226,2437253.90275975,19415.0660912868,0,
75.3876,21518.505915087,3500.49006860961,949330.299683626,4500.81014582625,200.0016000128,500.010000200004,31940.756405173,307742.144476838,2371992.81227285,17011.567866149,100.0004000016,
75.51386,21919.201220269,3200.40965243551,921455.914861497,3200.40965243551,400.006400102402,500.010000200004,25726.4467872973,298522.566282129,2424036.46671177,22219.7311212357,100.0004000016,
75.64011,19615.3784567101,4300.73972723308,948037.498027949,4100.67251029169,800.025600819226,300.003600043201,23622.2994506814,283580.640463438,2344731.85042389,22019.3770518056,100.0004000016,
75.76638,19114.6035571176,2500.2500250025,922208.489212214,4900.9605882753,200.0016000128,100.0004000016,24924.8251258253,277343.007478049,2110122.36057226,22019.3770518056,0,
75.8926,22319.9093591484,3600.51847466035,914577.260684062,5201.0818250196,300.003600043201,400.006400102402,25726.4467872973,288286.465709084,2257166.33660603,20717.1538033492,0,
76.01886,21518.505915087,3700.5476810568,936515.709228835,5601.25468104855,500.010000200004,100.0004000016,27530.2833116428,295041.362451636,2319949.15783393,23321.7358578195,0,
76.14504,23121.3641404658,3300.43565750679,980072.2453849,6001.44034568296,500.010000200004,200.0016000128,27630.5040765005,283682.922389207,2160513.83550518,22119.5536854579,0,
76.27132,19314.911111378,2800.31363512713,963667.482272008,4000.64010241639,900.032401166442,200.0016000128,23421.922919853,291970.507539031,2220818.38747408,21718.8519635043,0,
76.39752,18814.1482394761,2400.23042212052,935224.184077847,5901.39272868397,300.003600043201,200.0016000128,22219.7311212357,282455.593894995,2258818.51611202,24724.4277346018,200.0016000128,
76.52384,20616.9883984403,3200.40965243551,920165.88906169,5701.29989637637,100.0004000016,200.0016000128,23622.2994506814,281228.384549731,2271209.862407,20616.9883984403,0,
76.65008,20016.0128102482,3000.36004320518,919735.90899477,6601.74286011507,500.010000200004,0,26027.0681508769,300058.696136175,2227427.10549807,24624.2302425587,0,
76.77639,19415.0660912868,2400.23042212052,911994.861579691,5601.25468104855,400.006400102402,300.003600043201,26427.9078707115,284808.078192763,2153079.02772819,23522.1107841371,0,
76.90268,20016.0128102482,3400.46246289495,956335.21464851,6801.85010322808,200.0016000128,300.003600043201,25325.6295370915,264979.100809288,1984556.71811645,20016.0128102482,0,
77.02887,16711.163056922,4100.67251029169,895250.603877244,5401.16665199683,500.010000200004,100.0004000016,24323.6425805883,262528.192981463,2120035.43760824,19615.3784567101,200.0016000128,
77.15515,19214.7569333248,3000.36004320518,916726.447915673,7902.49718911176,500.010000200004,100.0004000016,25826.6531060054,274276.448013846,2259644.60586502,21017.6548300572,0,
77.28142,21318.1630749398,4400.77453631839,982124.298482644,6601.74286011507,400.006400102402,600.014400345608,24724.4277346018,275707.416499173,2321926.61111937,23722.4889194957,0,
77.40769,19314.911111378,2800.31363512713,956119.622411137,7802.43435952017,300.003600043201,300.003600043201,23522.1107841371,260077.760623378,2215035.75920309,24023.0621396541,0,
77.53387,20316.4969955604,4100.67251029169,933179.53228992,6901.90492575951,200.0016000128,400.006400102402,30938.239664225,273969.832989607,2257992.42635903,25726.4467872973,100.0004000016,
77.6601,18313.4054127621,3200.40965243551,936898.578359658,7102.01697282028,200.0016000128,300.003600043201,30136.2840860396,261405.01913804,2157209.47649318,26027.0681508769,0,
77.78637,18313.4054127621,3800.57768780855,976400.959256535,7602.31110257518,500.010000200004,200.0016000128,23922.8702639724,271823.736105551,2150600.75846919,28031.3951625821,0,
77.91264,19915.8530190031,2200.1936170383,1015760.34816289,8502.8909829342,200.0016000128,100.0004000016,24724.4277346018,251504.989697386,1954817.4870085,24323.6425805883,0,
78.03897,23722.4889194957,3500.49006860961,949007.087192816,7001.96054895371,400.006400102402,200.0016000128,25626.2412710616,251504.989697386,2138209.41217421,26427.9078707115,0,
78.16528,19815.6940296715,3400.46246289495,900294.227342423,7802.43435952017,400.006400102402,0,22019.3770518056,241408.834089229,2154196.73541385,24924.8251258253,0,
78.29158,20717.1538033492,3600.51847466035,924251.411316247,6501.69043951427,100.0004000016,600.014400345608,22720.6303323418,246302.931398726,2031643.83403738,21919.201220269,0,
78.41785,19415.0660912868,1700.11560786133,939314.45504613,6301.58800017604,800.025600819226,200.0016000128,25726.4467872973,262732.417138238,2024209.02626039,28332.0719053969,100.0004000016,
78.54406,20616.9883984403,3100.38444767151,934470.853804276,7702.37233067785,800.025600819226,100.0004000016,25626.2412710616,267941.249004443,2141513.77118621,25726.4467872973,0,
78.67029,18914.2992102029,3800.57768780855,961186.987006945,7302.132222609,200.0016000128,400.006400102402,25726.4467872973,248138.707214504,2226590.57742153,23822.6791905894,0,
78.79657,19815.6940296715,3600.51847466035,914469.810679249,5901.39272868397,0,300.003600043201,26027.0681508769,249158.698032182,2176630.70654892,28332.0719053969,0,
78.92281,24624.2302425587,3900.60849492521,951161.98922923,8102.62525058119,400.006400102402,100.0004000016,24223.4482979524,244569.388233203,2171077.80057733,27329.8441898553,0,
79.04909,21518.505915087,2400.23042212052,939852.744643939,6301.58800017604,400.006400102402,100.0004000016,29033.6790677186,249770.732081753,2222470.56698008,23622.2994506814,100.0004000016,
79.17532,20416.6599945556,2500.2500250025,962157.559141795,7402.19104855037,300.003600043201,0,26728.5460872212,237739.506147913,2234183.47560471,22119.5536854579,200.0016000128,
79.30152,19415.0660912868,4200.70571856072,903944.030902369,6201.53798141939,500.010000200004,0,25826.6531060054,248648.692321987,2163401.98792641,23522.1107841371,0,
79.42775,23221.549598027,3200.40965243551,905017.698308091,5701.29989637637,100.0004000016,300.003600043201,27229.6258329062,252117.137500808,2096078.83477128,24824.6260290208,0,
79.55398,20016.0128102482,4200.70571856072,943621.397468733,8102.62525058119,500.010000200004,100.0004000016,30336.7681630136,252627.283342559,2131600.69415022,22520.2682414173,0,
79.68024,18914.2992102029,4600.84655576626,927907.970446333,6601.74286011507,600.014400345608,100.0004000016,30036.0432519023,245487.116723015,2116731.07859625,21518.505915087,0,
79.80658,21819.0261908384,3200.40965243551,919413.433306239,6001.44034568296,300.003600043201,400.006400102402,26728.5460872212,234478.77679397,2139929.13221705,21318.1630749398,100.0004000016,
79.93282,18313.4054127621,3800.57768780855,885276.454752537,5401.16665199683,200.0016000128,200.0016000128,26928.9755777216,268962.840474005,2138209.41217421,26728.5460872212,100.0004000016,
80.05916,20516.8237955123,4400.77453631839,970895.975134425,6801.85010322808,800.025600819226,200.0016000128,27530.2833116428,239268.263134515,2144997.71982019,23021.1794851263,0,
80.18537,19815.6940296715,3200.40965243551,929306.339196814,7702.37233067785,300.003600043201,100.0004000016,29534.8511243267,256607.128424796,2097731.01427728,22319.9093591484,0,
80.31173,21017.6548300572,3100.38444767151,910817.040611578,6801.85010322808,200.0016000128,0,29635.0879441258,242836.083119611,2050643.89835635,22219.7311212357,100.0004000016,
80.43796,20516.8237955123,3100.38444767151,942113.804940209,6801.85010322808,200.0016000128,100.0004000016,28732.9854673165,237026.149597015,2130386.46692914,19815.6940296715,0,
80.56423,17311.9798900839,3000.36004320518,891174.216533068,5701.29989637637,400.006400102402,200.0016000128,29935.8032206519,236109.036142146,2161513.22222464,19715.5358422437,0,
80.69052,23622.2994506814,3200.40965243551,955576.365944633,6101.48876325823,500.010000200004,100.0004000016,26828.7604311822,251198.92692505,2113426.71958425,23121.3641404658,0,
80.8168,22720.6303323418,4400.77453631839,916511.513151075,7302.132222609,200.0016000128,0,28632.7558727184,278160.882349372,2102687.55279527,21819.0261908384,100.0004000016,
80.94309,18613.8487034354,2800.31363512713,884418.822321066,8502.8909829342,200.0016000128,400.006400102402,31840.5011174214,257831.9485306,2043209.09057936,21718.8519635043,0,
81.0693,24023.0621396541,2800.31363512713,933609.958506224,7502.25067520256,400.006400102402,200.0016000128,31339.2367243789,258648.561267378,2023382.93650739,20516.8237955123,0,
81.19554,22119.5536854579,3900.60849492521,901367.592208869,5301.12383825371,400.006400102402,100.0004000016,27329.8441898553,260486.133003532,2116731.07859625,20516.8237955123,100.0004000016,
81.32176,22219.7311212357,4400.77453631839,906306.21668449,8402.82334864514,100.0004000016,0,30537.255451651,267124.035301204,2275186.99868206,18814.1482394761,0,
81.44805,23421.922919853,3500.49006860961,897825.825726279,7102.01697282028,300.003600043201,0,32542.3049964954,247322.773893056,2105165.82205426,19715.5358422437,200.0016000128,
81.57433,21718.8519635043,3700.5476810568,901474.933588618,6701.7960813498,200.0016000128,100.0004000016,30837.992406645,260077.760623378,2142339.86093921,22720.6303323418,100.0004000016,
81.70057,25225.4272306485,2400.23042212052,908131.837155992,6001.44034568296,500.010000200004,200.0016000128,31940.756405173,247220.785935884,2038252.55206137,19415.0660912868,100.0004000016,
81.82688,22119.5536854579,5001.00020004001,913502.800731383,6401.6388195378,200.0016000128,100.0004000016,33946.0308177889,277343.007478049,2213383.5796971,19114.6035571176,0,
81.95316,25225.4272306485,3800.57768780855,950084.493475111,7102.01697282028,200.0016000128,400.006400102402,33143.8825004306,263957.831422704,2172905.18180016,19815.6940296715,100.0004000016,
82.07941,25325.6295370915,3900.60849492521,920918.388506872,6401.6388195378,100.0004000016,600.014400345608,36553.3679171591,273969.832989607,2126644.15563223,18713.9980705568,100.0004000016,
82.20565,25325.6295370915,4800.92177698118,880345.844237586,6501.69043951427,100.0004000016,0,35751.0525029742,260486.133003532,2295317.87035379,18113.1138944596,100.0004000016,
82.33191,28031.3951625821,4600.84655576626,907702.256249974,5801.34591225164,400.006400102402,200.0016000128,38358.7656289435,269473.667186881,2078730.94995831,15409.4922472243,0,
82.45817,26327.6967369673,5601.25468104855,894070.465016075,5401.16665199683,200.0016000128,100.0004000016,37456.0342272039,277036.318045782,2266253.32388901,18213.259252736,100.0004000016,
82.58441,25826.6531060054,4000.64010241639,915007.069613929,5301.12383825371,200.0016000128,200.0016000128,42973.74294289,255178.321763094,2162166.01501118,20817.3200102485,0,
82.71058,25325.6295370915,5201.0818250196,871668.246563208,6301.58800017604,600.014400345608,0,35450.1974796312,264162.078694833,2224948.83623908,20416.6599945556,200.0016000128,
82.83682,27931.1711870447,4400.77453631839,922208.489212214,5701.29989637637,400.006400102402,200.0016000128,34146.5759295679,273561.024529507,2158035.56624618,17111.7044058136,300.003600043201,
82.96314,25425.8326459683,3600.51847466035,876274.147739035,7001.96054895371,400.006400102402,0,37255.4360889003,261200.81644201,2181166.07933015,18814.1482394761,300.003600043201,
83.08946,25526.0365572884,3800.57768780855,897074.666445678,6601.74286011507,400.006400102402,0,38559.381447429,270086.686505369,2132426.78390322,32341.7855869784,0,
83.21577,27229.6258329062,4100.67251029169,917693.698475625,6401.6388195378,200.0016000128,300.003600043201,41669.3377780627,271006.271252916,2213383.5796971,19314.911111378,100.0004000016,
83.34207,24724.4277346018,4000.64010241639,899757.578269067,6701.7960813498,100.0004000016,0,43475.4734218603,287979.510667481,2487645.37769267,19515.221873061,0,
83.46828,24123.2548176442,4500.81014582625,867721.587304195,8002.56081946223,300.003600043201,200.0016000128,39863.462632511,262630.304647111,2186948.70760114,14007.84439286,0,
83.59455,27931.1711870447,3600.51847466035,863959.710158122,5801.34591225164,700.019600548815,300.003600043201,37756.9374616922,277240.776840385,2186948.70760114,14508.4148806308,0,
83.72085,27730.7256440136,3500.49006860961,870918.603881052,6201.53798141939,200.0016000128,100.0004000016,39161.2481921726,269167.168680788,2200166.14364912,16410.7654621432,0,
83.84712,30737.7459520291,3900.60849492521,871775.341921383,7001.96054895371,800.025600819226,200.0016000128,39060.9350586916,272539.061236373,2215861.84895609,15609.7404780583,0,
83.97345,26628.3325458288,4800.92177698118,874774.371967476,5901.39272868397,400.006400102402,400.006400102402,38559.381447429,268452.03441361,2213383.5796971,14408.2991803279,100.0004000016,
84.09976,27931.1711870447,3500.49006860961,901045.573407707,7001.96054895371,700.019600548815,100.0004000016,42873.3992595323,263549.346785668,2376123.26103784,16310.634533716,0,
84.22599,29835.5639922788,5601.25468104855,909205.851749597,7902.49718911176,600.014400345608,500.010000200004,41970.3422936842,285524.138572764,2192731.33587213,15609.7404780583,200.0016000128,
84.35226,27430.063349431,5701.29989637637,911783.85011795,7402.19104855037,600.014400345608,300.003600043201,45181.5074394207,287263.311215407,2284427.29845498,17712.5404786589,300.003600043201,
84.4785,31138.7365883159,3700.5476810568,930597.275005394,6701.7960813498,400.006400102402,600.014400345608,43676.1712426472,289514.360397834,2395949.41510981,16010.246557797,0,
84.60474,28031.3951625821,3200.40965243551,891241.764263053,6801.85010322808,400.006400102402,200.0016000128,48192.7227986646,299649.043268472,2396775.50486281,18914.2992102029,100.0004000016,
84.73106,28031.3951625821,5301.12383825371,926402.203536776,7802.43435952017,200.0016000128,100.0004000016,46185.1654450807,285421.84174967,2369514.54301385,17512.2585810067,0,
84.85725,29434.6151073663,4400.77453631839,921348.407807095,6801.85010322808,100.0004000016,300.003600043201,48192.7227986646,292789.329275695,2263775.05463002,16510.8971921468,100.0004000016,
84.98363,29033.6790677186,3700.5476810568,885383.662802497,6601.74286011507,400.006400102402,200.0016000128,39361.8768704403,284296.631322591,2258818.51611202,17011.567866149,0,
85.10988,27229.6258329062,5401.16665199683,921348.407807095,7702.37233067785,600.014400345608,400.006400102402,41368.3404985035,285728.734702134,2418253.83844078,18313.4054127621,100.0004000016,
85.2362,27630.5040765005,3800.57768780855,906843.137173626,8602.95941803981,400.006400102402,200.0016000128,39763.1438724695,285626.436223582,2217514.02846209,17612.3991289868,100.0004000016,
85.36247,27730.7256440136,3800.57768780855,932641.519611301,7802.43435952017,0,800.025600819226,50401.4076321559,284092.058367821,2239818.45179305,16510.8971921468,0,
85.48875,28131.6199408135,5801.34591225164,885598.081566555,7902.49718911176,400.006400102402,300.003600043201,51405.4840532773,302619.327152747,2259644.60586502,15709.8657957197,0,
85.61503,28933.4470648069,5501.21026625858,939960.405244438,7902.49718911176,300.003600043201,400.006400102402,43977.2240053534,292584.618871101,2404210.3126398,17211.841747122,200.0016000128,
85.74127,30837.992406645,3800.57768780855,922208.489212214,8402.82334864514,400.006400102402,200.0016000128,44880.4257228954,293198.760026224,2187774.79735414,17412.118834709,200.0016000128,
85.86753,30437.0114058695,5201.0818250196,892783.163476676,7802.43435952017,100.0004000016,100.0004000016,47088.5264296878,279490.041903283,2357123.19671887,18012.9693379233,100.0004000016,
85.9937,30437.0114058695,5301.12383825371,923498.718342223,9403.53572943427,700.019600548815,200.0016000128,44880.4257228954,282762.414847656,2307557.81153895,17912.8255831175,0,
86.11986,28131.6199408135,4600.84655576626,926187.108255313,7202.07419736884,300.003600043201,400.006400102402,46988.1497689666,300058.696136175,2367036.27375486,15709.8657957197,0,
86.24609,30737.7459520291,5401.16665199683,960216.487437332,9703.76506084361,300.003600043201,200.0016000128,43174.4327220127,284398.919041377,2380253.70980283,15209.2472223112,0,
86.37237,27129.408278574,4200.70571856072,929198.76701474,8703.02865397158,200.0016000128,400.006400102402,45281.8696202735,273867.629634722,2225774.92599208,18513.7001381022,0,
86.49869,27630.5040765005,4300.73972723308,916726.447915673,8302.75651516303,600.014400345608,300.003600043201,47590.4218014227,288695.750689876,2132426.78390322,15109.1259120509,100.0004000016,
86.625,33444.6820952793,4600.84655576626,1015068.57825233,8402.82334864514,800.025600819226,100.0004000016,50501.811652291,295348.488957063,2255514.15710003,16410.7654621432,0,
86.75124,26728.5460872212,4100.67251029169,895357.894562389,10504.4118529783,300.003600043201,300.003600043201,40264.7457111035,293198.760026224,2234861.91327506,16811.2971917128,100.0004000016,
86.87751,27630.5040765005,6401.6388195378,971219.733140523,11505.2924345199,700.019600548815,0,49397.4116958642,280001.294336066,2415775.56918178,17712.5404786589,0,
87.00374,31539.7400724913,4100.67251029169,920380.884444868,9503.61137232148,100.0004000016,100.0004000016,48995.8358549322,283580.640463438,2206774.86167311,16410.7654621432,200.0016000128,
87.13002,29234.1454819229,4800.92177698118,964098.921139762,9903.92195309342,600.014400345608,500.010000200004,47891.5686793148,307229.769400522,2143165.9506922,18313.4054127621,100.0004000016,
87.25629,25726.4467872973,3800.57768780855,948791.616671995,9603.68781612139,400.006400102402,300.003600043201,48895.4439065055,290333.023105248,2130774.60439722,15509.6159618964,300.003600043201,
87.38253,24423.8376655616,4600.84655576626,950299.985467832,10404.3282005314,500.010000200004,300.003600043201,45683.3263873305,277445.238942634,2191905.24611913,17912.8255831175,0,
87.5088,27530.2833116428,4400.77453631839,970680.140948075,11805.5722300926,100.0004000016,200.0016000128,47389.6612390643,279285.546720164,2243122.81080505,16711.163056922,0,
87.63504,24223.4482979524,3700.5476810568,923068.627694962,8502.8909829342,700.019600548815,200.0016000128,44880.4257228954,295655.622920697,2275340.311172,15109.1259120509,200.0016000128,
87.76131,28332.0719053969,4400.77453631839,933394.743612086,10204.1632986258,500.010000200004,500.010000200004,44980.7854907414,274991.912002588,2304253.45252695,19114.6035571176,0,
87.88759,25826.6531060054,4200.70571856072,928768.487211931,10304.2453490838,100.0004000016,0,44077.5765347011,264059.95464596,2074600.50119331,17111.7044058136,0,
88.01379,28432.2990917683,4500.81014582625,945236.869634525,11505.2924345199,500.010000200004,400.006400102402,47289.282164727,285319.545754291,2281949.02919599,19214.7569333248,0,
88.13998,25225.4272306485,5401.16665199683,947391.145504666,9803.84310649775,200.0016000128,400.006400102402,48493.8841597332,279285.546720164,2097731.01427728,16510.8971921468,100.0004000016,
88.26627,26327.6967369673,5201.0818250196,937269.158304491,10304.2453490838,400.006400102402,100.0004000016,47490.0411179596,266613.30357937,2193557.42562513,15109.1259120509,100.0004000016,
88.39246,24524.0335528818,5601.25468104855,971975.199880321,11405.2007715518,300.003600043201,200.0016000128,45382.2326054811,261609.225135503,2052296.07786235,18012.9693379233,100.0004000016,
88.51878,28231.8455217485,2900.33643902693,953640.569069905,12906.6598364756,300.003600043201,200.0016000128,43676.1712426472,266715.448271959,2059730.88563934,18914.2992102029,0,
88.64493,25926.8602271954,4400.77453631839,984824.862280428,11805.5722300926,600.014400345608,100.0004000016,46084.7960246854,261813.434434479,2280296.84968999,19214.7569333248,0,
88.77118,23722.4889194957,4300.73972723308,981152.232924148,12306.0545788528,400.006400102402,400.006400102402,44679.7086001427,268247.717771866,2069643.96267532,13507.2939387269,100.0004000016,
88.89745,28833.2158646761,3700.5476810568,945344.574932231,11205.0198488923,300.003600043201,200.0016000128,42672.714305176,262630.304647111,2129122.42489123,14708.648685427,0,
89.02368,26027.0681508769,3300.43565750679,960108.658630802,10504.4118529783,300.003600043201,300.003600043201,48192.7227986646,258240.248298605,2151426.84822219,17512.2585810067,400.006400102402,
89.14994,24824.6260290208,3300.43565750679,957736.651493504,13907.7326993809,400.006400102402,400.006400102402,38659.6905622281,260486.133003532,2200167.11782677,16310.634533716,200.0016000128,
89.27623,25225.4272306485,3400.46246289495,937053.882673218,13006.7635170289,500.010000200004,100.0004000016,43575.8219301585,253035.414856866,2112600.62983125,16410.7654621432,0,
89.40238,25125.2257266295,2700.2916314962,953640.569069905,12005.7627661277,300.003600043201,300.003600043201,43375.1257177431,255790.6476797,2092774.47575928,15309.3693340324,0,
89.52862,24123.2548176442,2500.2500250025,940175.729126459,11805.5722300926,500.010000200004,300.003600043201,42773.0563802976,241103.016008917,2006035.05169442,15409.4922472243,0,
89.65491,23922.8702639724,3200.40965243551,920595.883394644,12306.0545788528,500.010000200004,100.0004000016,43876.872280235,251504.989697386,2053122.16761535,14308.184281409,100.0004000016,
89.78122,24123.2548176442,3800.57768780855,955796.240770119,13307.0793662228,200.0016000128,400.006400102402,41569.0045475489,247628.742708485,2010991.59021241,15509.6159618964,200.0016000128,
89.90748,21618.6785382571,4300.73972723308,917586.222625845,12306.0545788528,0,400.006400102402,42171.0159909287,257117.455699016,2024209.02626039,17712.5404786589,100.0004000016,
90.03376,26628.3325458288,4300.73972723308,993686.653385626,14107.9568876847,600.014400345608,400.006400102402,36152.2037822616,309095.054238774,1996948.06441143,14508.4148806308,0,
90.16004,23522.1107841371,3600.51847466035,949438.038969828,11405.2007715518,400.006400102402,400.006400102402,38158.1530252104,240287.537355626,2071043.07977512,14908.8856958747,300.003600043201,
90.28625,23121.3641404658,5601.25468104855,949007.087192816,14808.7667899396,600.014400345608,300.003600043201,39261.5621294189,223785.42428425,2130150.93045566,15609.7404780583,200.0016000128,
90.41249,22520.2682414173,3500.49006860961,976508.923450345,12806.5569571621,300.003600043201,100.0004000016,39662.8259162513,250178.771265701,1993643.70539944,15910.1188355794,100.0004000016,
90.53878,17912.8255831175,4100.67251029169,959138.239679685,13006.7635170289,400.006400102402,400.006400102402,36954.5449082846,237637.595600171,2120497.45501252,13507.2939387269,0,
90.66502,21618.6785382571,3900.60849492521,959353.882065617,11605.3848985929,500.010000200004,500.010000200004,37857.2401471024,279592.290735535,1941600.05096052,15309.3693340324,0,
90.79125,21919.201220269,3200.40965243551,935439.429337339,12906.6598364756,100.0004000016,400.006400102402,36854.249455198,228876.366395944,2054637.38128425,14608.5313823273,0,
90.91755,21017.6548300572,2400.23042212052,929198.76701474,15409.4922472243,700.019600548815,300.003600043201,34748.2305439951,241714.659580139,2069049.89800382,17412.118834709,0,
91.04379,19615.3784567101,3500.49006860961,967336.454424061,13206.9732818928,500.010000200004,400.006400102402,37656.6355799122,239574.036756896,2101798.6921756,15409.4922472243,100.0004000016,
91.17008,22219.7311212357,2500.2500250025,936838.610615429,12506.2531265633,400.006400102402,300.003600043201,38158.1530252104,230913.318692675,2001572.57158657,13907.7326993809,400.006400102402,
91.29631,19415.0660912868,2600.27042812453,925326.762818519,12606.3536022155,200.0016000128,200.0016000128,38760.0004807442,229589.26228681,2022937.06898415,15309.3693340324,200.0016000128,
91.42254,19915.8530190031,2100.17641481884,949438.038969828,13907.7326993809,300.003600043201,100.0004000016,37054.8411649241,220019.449679,2003672.49945993,15009.0054032419,0,
91.54893,22920.9956319989,3800.57768780855,930274.529002493,13206.9732818928,100.0004000016,400.006400102402,36453.0756781874,219917.682188685,1868078.06294363,12906.6598364756,100.0004000016,
91.67519,19515.221873061,1900.14441097523,876022.826230851,12205.9565067753,100.0004000016,300.003600043201,33444.6820952793,226941.566330711,1942426.14071352,15009.0054032419,0,
91.80143,22820.8125810739,3500.49006860961,958599.149388623,13807.6218072376,400.006400102402,200.0016000128,36553.3679171591,216559.815697208,1908107.73575808,14508.4148806308,0,
91.92763,19014.4509827469,3400.46246289495,860000.165504001,13807.6218072376,500.010000200004,0,36753.9548056547,221240.723627662,2020950.96453987,15509.6159618964,0,
92.05388,18413.5523745477,2500.2500250025,927477.733482123,13206.9732818928,300.003600043201,400.006400102402,35650.7666917691,228570.851918381,1924104.18120568,17311.9798900839,0,
92.18015,19214.7569333248,4200.70571856072,922531.034454154,15009.0054032419,300.003600043201,200.0016000128,35550.4816839913,232339.381020436,2101446.13316567,17311.9798900839,100.0004000016,
92.30643,20316.4969955604,3500.49006860961,954287.232982293,12506.2531265633,300.003600043201,400.006400102402,39462.1924152464,233256.220502323,2031585.8674544,14308.184281409,0,
92.43273,20917.487019148,3600.51847466035,951916.289498817,12606.3536022155,200.0016000128,200.0016000128,35249.6314811254,232441.248783796,2051826.97218639,15809.9919148902,0,
92.55901,19815.6940296715,3700.5476810568,952117.51639186,14708.648685427,100.0004000016,200.0016000128,35550.4816839913,216559.815697208,1928744.38804967,16010.246557797,0,
92.68529,20416.6599945556,3100.38444767151,924251.411316247,15109.1259120509,400.006400102402,200.0016000128,33946.0308177889,214830.354621374,1989446.04701777,16811.2971917128,200.0016000128,
92.81149,19314.911111378,2400.23042212052,926187.108255313,12706.4548790786,200.0016000128,200.0016000128,35349.9140786791,225108.87156989,1958595.9100575,17412.118834709,100.0004000016,
92.93772,20516.8237955123,4600.84655576626,905232.44246966,14808.7667899396,300.003600043201,300.003600043201,37456.0342272039,231728.191712689,1927700.20206546,18613.8487034354,0,
93.06407,21318.1630749398,3600.51847466035,949438.038969828,12806.5569571621,800.025600819226,200.0016000128,35851.3391176164,227450.695470361,1887078.1272626,15509.6159618964,0,
93.19045,19915.8530190031,4100.67251029169,928983.625328261,15209.2472223112,600.014400345608,300.003600043201,32341.7855869784,226228.820058283,2004955.94951586,16811.2971917128,0,
93.31674,20116.1734034163,2500.2500250025,927477.733482123,13307.0793662228,300.003600043201,0,33745.4889190629,222563.903887907,1872208.51170863,16410.7654621432,100.0004000016,
93.44294,19915.8530190031,3000.36004320518,952778.400644459,13607.4024269202,400.006400102402,0,37456.0342272039,218289.514033474,1938726.25081894,13407.186251831,0,
93.56926,20516.8237955123,3000.36004320518,934901.322887447,12806.5569571621,700.019600548815,200.0016000128,33745.4889190629,212897.70824845,1769773.38233679,16010.246557797,0,
93.6955,19815.6940296715,2400.23042212052,886991.890123181,14007.84439286,800.025600819226,500.010000200004,33444.6820952793,213609.701390178,1796208.25443275,17612.3991289868,0,
93.8217,18613.8487034354,2500.2500250025,882060.626138811,14007.84439286,300.003600043201,300.003600043201,34347.1242544771,222869.272895303,1910193.15060236,13907.7326993809,0,
93.94793,21318.1630749398,2600.27042812453,906628.36630729,12406.1534521122,200.0016000128,200.0016000128,33745.4889190629,210558.585304463,1915987.66601781,18113.1138944596,0,
94.07416,20216.3347985172,2800.31363512713,863424.565701375,13707.5117164206,400.006400102402,500.010000200004,34146.5759295679,209541.710699333,1942790.75582072,16110.3750815525,0,
94.20042,20416.6599945556,3200.40965243551,914469.810679249,11605.3848985929,400.006400102402,300.003600043201,34447.3996218797,220324.757077832,1863947.61417864,14308.184281409,0,
94.32667,21217.9928579435,3700.5476810568,926832.404807042,11805.5722300926,600.014400345608,300.003600043201,33344.4147604609,208931.625310574,1934895.12629234,18513.7001381022,0,
94.45286,20416.6599945556,4500.81014582625,886991.890123181,12906.6598364756,400.006400102402,200.0016000128,34246.8496903764,223276.443074092,1892708.84877692,16210.5044068556,0,
94.5791,18713.9980705568,3400.46246289495,907165.300150054,12105.8592358702,200.0016000128,1000.04000160006,35450.1974796312,220222.987123563,1917643.44812356,13807.6218072376,100.0004000016,
94.70528,18814.1482394761,3800.57768780855,911994.861579691,13006.7635170289,200.0016000128,300.003600043201,33244.1482288479,212185.755316746,1945346.21536445,16711.163056922,100.0004000016,
94.83154,21017.6548300572,3400.46246289495,893104.976861921,13807.6218072376,700.019600548815,300.003600043201,33745.4889190629,221749.622682626,1969880.03797359,16711.163056922,0,
94.95782,19415.0660912868,3900.60849492521,923606.243233939,11705.4781637807,400.006400102402,400.006400102402,36753.9548056547,230709.608661602,1902773.83256958,13507.2939387269,0,
95.08405,19515.221873061,3600.51847466035,899006.306926016,12706.4548790786,400.006400102402,200.0016000128,33845.7594667991,208118.224057821,1892014.57762326,14608.5313823273,0,
95.21038,17111.7044058136,3200.40965243551,890959.705381591,11905.6670975384,200.0016000128,200.0016000128,33043.6175751993,237535.68587546,2048548.89944864,16811.2971917128,100.0004000016,
95.33673,21819.0261908384,2900.33643902693,920273.38630746,12706.4548790786,200.0016000128,200.0016000128,34146.5759295679,229894.801430636,1983736.36241964,14107.9568876847,0,
95.46296,17111.7044058136,2900.33643902693,879059.906918197,14208.0701838644,400.006400102402,300.003600043201,33645.2191745706,212084.051037326,1868777.19120252,14408.2991803279,100.0004000016,
95.58919,16911.4321281186,3300.43565750679,882918.102305857,10604.4963064339,400.006400102402,0,31038.4877247787,213813.135388091,1977446.8544297,15609.7404780583,0,
95.71542,18313.4054127621,3000.36004320518,895465.186136604,12906.6598364756,200.0016000128,200.0016000128,32141.2693898966,233052.472637278,1897338.23940783,14508.4148806308,0,
95.84171,16010.246557797,2500.2500250025,896538.150780004,12406.1534521122,300.003600043201,100.0004000016,32241.5270868879,208423.243376235,1862425.69853052,14308.184281409,0,
95.96802,18613.8487034354,2900.33643902693,891066.960513016,13106.8679988314,400.006400102402,100.0004000016,37054.8411649241,216152.862335944,1975700.28917951,14908.8856958747,0,
96.09434,17311.9798900839,2800.31363512713,881524.732385034,10304.2453490838,400.006400102402,0,35650.7666917691,220019.449679,1952085.66019673,15709.8657957197,0,
96.2206,15809.9919148902,1900.14441097523,925434.302875442,11905.6670975384,200.0016000128,200.0016000128,33143.8825004306,238758.656894219,1884264.3174838,15009.0054032419,0,
96.3468,20116.1734034163,3100.38444767151,896538.150780004,12406.1534521122,700.019600548815,300.003600043201,39060.9350586916,229283.730543176,1917262.79431335,15910.1188355794,0,
96.47304,17211.841747122,2900.33643902693,897611.204342511,10604.4963064339,300.003600043201,300.003600043201,36653.6609596449,224294.426036315,1904980.21945854,13607.4024269202,0,
96.59932,17812.6826300326,3700.5476810568,869098.223931192,10104.0820491479,300.003600043201,500.010000200004,31940.756405173,204052.005032745,1752502.96417733,17011.567866149,100.0004000016,
96.72551,17912.8255831175,2400.23042212052,877024.100825167,12706.4548790786,300.003600043201,100.0004000016,34046.302972042,226839.742968775,1961270.67390235,15409.4922472243,0,
96.85171,17612.3991289868,3300.43565750679,918446.05438312,12906.6598364756,200.0016000128,500.010000200004,33946.0308177889,224905.255255861,1801990.88270374,16510.8971921468,0,
96.97799,16310.634533716,3300.43565750679,904910.32756241,11104.9305891816,200.0016000128,200.0016000128,34246.8496903764,194501.551981296,1877327.57656813,12806.5569571621,0,
97.10422,17011.567866149,1500.09000540032,869205.298013245,10404.3282005314,100.0004000016,500.010000200004,33946.0308177889,206898.220594641,1777145.59912257,14408.2991803279,0,
97.23045,15409.4922472243,1700.11560786133,877345.522598168,11605.3848985929,600.014400345608,0,34948.7885087582,209440.027750552,1688816.58654291,14007.84439286,0,
97.35666,13607.4024269202,3000.36004320518,856469.702423061,10204.1632986258,100.0004000016,700.019600548815,37756.9374616922,212795.998225019,1834053.91712785,15910.1188355794,0,
97.48281,18914.2992102029,2500.2500250025,892783.163476676,10804.6676164103,100.0004000016,300.003600043201,35650.7666917691,217475.508787786,1786785.75714457,12806.5569571621,0,
97.60905,15709.8657957197,2200.1936170383,834773.191359198,10104.0820491479,400.006400102402,0,33745.4889190629,204560.210669796,1793905.56541571,14208.0701838644,0,
97.73528,14908.8856958747,3100.38444767151,860428.165937058,12105.8592358702,100.0004000016,0,35450.1974796312,207711.54311527,1776382.10036078,15209.2472223112,0,
97.86152,16410.7654621432,1700.11560786133,889565.469533159,9103.31360615264,300.003600043201,400.006400102402,32141.2693898966,221240.723627662,1924220.16688709,15009.0054032419,0,
97.9878,12806.5569571621,1800.12960933187,919305.943193176,10604.4963064339,500.010000200004,300.003600043201,35951.6265357053,208423.243376235,1733425.43320484,15509.6159618964,0,
98.11404,13807.6218072376,2900.33643902693,858823.237359173,9203.38684635946,500.010000200004,100.0004000016,33645.2191745706,197040.859521458,1786295.17739676,12706.4548790786,100.0004000016,
98.2403,18413.5523745477,2200.1936170383,894070.465016075,11605.3848985929,200.0016000128,200.0016000128,39763.1438724695,215949.390580935,1836819.25724272,14308.184281409,0,
98.36653,13907.7326993809,2500.2500250025,944159.865837561,10704.5815609081,400.006400102402,300.003600043201,32241.5270868879,219408.857056391,1790425.62616176,13607.4024269202,0,
98.49274,15109.1259120509,2000.16001280102,914792.16336685,9303.46088745013,200.0016000128,100.0004000016,34046.302972042,199783.886653388,1668164.34271795,15109.1259120509,0,
98.61895,15209.2472223112,2000.16001280102,873274.770038334,8102.62525058119,200.0016000128,100.0004000016,34046.302972042,210151.825618355,1753991.69556098,11605.3848985929,0,
98.74526,16310.634533716,2300.21161946899,887099.112383146,8803.09869073914,600.014400345608,100.0004000016,33344.4147604609,199275.873608496,1721392.07764168,14708.648685427,0,
98.87154,12306.0545788528,3700.5476810568,884954.835930802,9503.61137232148,0,0,36152.2037822616,206999.883039521,1741857.63918602,14608.5313823273,0,
98.99789,15209.2472223112,2300.21161946899,860963.186401685,7902.49718911176,500.010000200004,300.003600043201,35049.0686961746,205068.43680182,1697194.01811992,14007.84439286,0,
99.12404,14708.648685427,2300.21161946899,912320.997686548,9203.38684635946,300.003600043201,500.010000200004,32843.0901342561,226737.920428814,1770264.01905186,13307.0793662228,0,
99.25027,14508.4148806308,2100.17641481884,919413.433306239,8402.82334864514,600.014400345608,200.0016000128,33845.7594667991,207914.881946293,1660729.53494096,13307.0793662228,0,
99.37655,14107.9568876847,2200.1936170383,901152.912118424,6801.85010322808,300.003600043201,400.006400102402,38960.6227289663,205779.987820567,1724477.05543298,12105.8592358702,0,
99.50285,13106.8679988314,2800.31363512713,918220.790774683,8602.95941803981,400.006400102402,300.003600043201,34848.5091247016,205881.641245695,1729277.3258748,13607.4024269202,0,
99.62908,16510.8971921468,2300.21161946899,931673.153042511,9603.68781612139,800.025600819226,400.006400102402,30737.7459520291,191658.135091778,1675202.73154076,12706.4548790786,0,
99.7553,15609.7404780583,3500.49006860961,919735.90899477,7902.49718911176,600.014400345608,100.0004000016,33444.6820952793,195009.372543487,1736938.47081824,12706.4548790786,0,
99.8815,15309.3693340324,2200.1936170383,876059.883412825,7902.49718911176,400.006400102402,100.0004000016,32241.5270868879,193790.637584298,1659728.02811855,13707.5117164206,0,
100.00774,13807.6218072376,2300.21161946899,939852.744643939,8903.16952835209,500.010000200004,200.0016000128,36352.7842427204,207203.210389401,1672925.91328098,13006.7635170289,0,
100.13389,15910.1188355794,3400.46246289495,951377.499117653,8703.02865397158,300.003600043201,200.0016000128,36252.4936107484,200393.529345354,1737739.14233889,12706.4548790786,0,
100.26004,14708.648685427,1800.12960933187,929844.213495965,9203.38684635946,200.0016000128,300.003600043201,36954.5449082846,201409.66605108,1659614.31002785,14208.0701838644,0,
100.38624,14608.5313823273,2400.23042212052,910494.786808449,9203.38684635946,200.0016000128,400.006400102402,36252.4936107484,201714.523042432,1720249.67401295,11104.9305891816,0,
100.51256,13907.7326993809,2900.33643902693,930059.369463932,9003.24116682005,300.003600043201,100.0004000016,31238.986254846,208829.947283295,1676455.14727537,11905.6670975384,0,
100.63889,13006.7635170289,3300.43565750679,902763.099545355,8102.62525058119,200.0016000128,100.0004000016,36753.9548056547,201816.143678578,1671901.47186221,13707.5117164206,0,
100.76519,16711.163056922,2600.27042812453,909528.073491858,8202.69048247825,300.003600043201,300.003600043201,33344.4147604609,196939.277392097,1586381.45717107,14107.9568876847,0,
100.89134,13407.186251831,2400.23042212052,902763.099545355,9303.46088745013,400.006400102402,300.003600043201,33244.1482288479,185973.226303022,1647111.2399647,15109.1259120509,0,
101.01758,16010.246557797,3200.40965243551,938883.839452835,9003.24116682005,100.0004000016,200.0016000128,36051.9147572504,192673.56744381,1584432.15652914,12706.4548790786,0,
101.14386,14808.7667899396,2800.31363512713,925434.302875442,9503.61137232148,300.003600043201,300.003600043201,31038.4877247787,183740.57120753,1435207.03237231,12506.2531265633,0,
101.27018,12706.4548790786,3100.38444767151,920918.388506872,8903.16952835209,500.010000200004,400.006400102402,34246.8496903764,195517.21357736,1634733.39697259,13206.9732818928,0,
101.39645,12406.1534521122,2900.33643902693,870918.603881052,7502.25067520256,400.006400102402,300.003600043201,32041.0124959949,187901.747032865,1629967.02144884,14708.648685427,0,
101.52273,15309.3693340324,2000.16001280102,918338.572293503,9503.61137232148,100.0004000016,200.0016000128,33845.7594667991,197650.369498345,1651088.21723409,14808.7667899396,100.0004000016,
101.64901,13407.186251831,1600.10240655402,909528.073491858,10404.3282005314,600.014400345608,500.010000200004,33946.0308177889,185770.241299828,1568949.61251844,13907.7326993809,0,
101.7753,13407.186251831,2300.21161946899,906950.523942167,8102.62525058119,300.003600043201,300.003600043201,34848.5091247016,196025.075084155,1609898.88238425,13307.0793662228,0,
101.90156,16310.634533716,2200.1936170383,951593.012585485,9903.92195309342,500.010000200004,100.0004000016,35550.4816839913,198666.284990868,1678618.68783882,13507.2939387269,100.0004000016,
102.02784,15309.3693340324,1700.11560786133,925219.223653755,11004.8421305374,200.0016000128,100.0004000016,35951.6265357053,203137.286529427,1674064.27382527,13106.8679988314,0,
102.154,15109.1259120509,2300.21161946899,912686.631490246,10504.4118529783,300.003600043201,0,36252.4936107484,191861.215013543,1627017.26282783,12906.6598364756,0,
102.2802,15009.0054032419,2300.21161946899,904051.393637965,10004.0016006403,300.003600043201,400.006400102402,37255.4360889003,187698.730942987,1604688.38460589,12806.5569571621,0,
102.40647,14208.0701838644,2100.17641481884,886884.668751424,9603.68781612139,300.003600043201,300.003600043201,38459.0731363374,190033.613580854,1668032.06990865,12706.4548790786,0,
102.53267,17412.118834709,3000.36004320518,917908.652849311,10104.0820491479,300.003600043201,100.0004000016,33244.1482288479,194806.241862078,1624748.66237263,19314.911111378,100.0004000016,
102.65899,14208.0701838644,2800.31363512713,952778.400644459,9603.68781612139,0,100.0004000016,36152.2037822616,198463.095338889,1693203.26981063,14708.648685427,0,
102.78527,16410.7654621432,2400.23042212052,1026136.8968212,11104.9305891816,300.003600043201,500.010000200004,39562.5087638469,202934.024767427,1711684.75938114,13607.4024269202,0,
102.91142,16510.8971921468,2300.21161946899,944913.759106665,7702.37233067785,600.014400345608,200.0016000128,35650.7666917691,195415.643732792,1686364.76204302,15609.7404780583,0,
103.03772,17412.118834709,2700.2916314962,920810.885911106,11605.3848985929,600.014400345608,300.003600043201,39161.2481921726,199580.678977502,1687276.3606241,13807.6218072376,100.0004000016,
103.164,14107.9568876847,3200.40965243551,904158.757263526,9903.92195309342,200.0016000128,400.006400102402,33745.4889190629,185973.226303022,1627811.36432385,13707.5117164206,0,
103.29026,14708.648685427,1800.12960933187,930059.369463932,11405.2007715518,600.014400345608,200.0016000128,36252.4936107484,187495.718125728,1670990.92332837,14107.9568876847,0,
103.4165,15009.0054032419,2200.1936170383,922316.003401008,11705.4781637807,300.003600043201,100.0004000016,37355.7347562563,197853.546043534,1740713.48502092,13707.5117164206,0,
103.54281,15910.1188355794,2000.16001280102,927047.510796023,11205.0198488923,300.003600043201,200.0016000128,35049.0686961746,207203.210389401,1864965.93522319,15309.3693340324,0,
103.66902,15609.7404780583,2000.16001280102,981044.230129697,12105.8592358702,300.003600043201,200.0016000128,37656.6355799122,201714.523042432,1649164.27839898,13607.4024269202,0,
103.79533,13106.8679988314,2800.31363512713,936623.342131036,10704.5815609081,100.0004000016,400.006400102402,36854.249455198,183030.26395845,1655772.99642297,14107.9568876847,0,
103.92156,16611.0297237366,2000.16001280102,897074.666445678,10704.5815609081,400.006400102402,300.003600043201,33444.6820952793,192572.020524892,1688643.87527649,13707.5117164206,0,
104.04779,16410.7654621432,2100.17641481884,902655.747488478,13407.186251831,400.006400102402,200.0016000128,39562.5087638469,203645.455278652,1828179.46120431,14608.5313823273,0,
104.17413,15509.6159618964,1900.14441097523,957197.619413492,12406.1534521122,700.019600548815,200.0016000128,38659.6905622281,201409.66605108,1803327.90119221,17412.118834709,0,
104.30043,16611.0297237366,3500.49006860961,915221.979425387,11405.2007715518,600.014400345608,0,33244.1482288479,200799.974194381,1793790.69976807,15309.3693340324,0,
104.42658,16611.0297237366,2200.1936170383,936408.077219949,12506.2531265633,500.010000200004,200.0016000128,40967.0220480706,192876.663737575,1736938.47081824,13907.7326993809,100.0004000016,
104.55281,15109.1259120509,2400.23042212052,900926.543010817,11004.8421305374,200.0016000128,200.0016000128,37155.1382251261,197650.369498345,1659077.35543496,15209.2472223112,100.0004000016,
104.6791,15209.2472223112,3000.36004320518,952117.51639186,11805.5722300926,300.003600043201,100.0004000016,38960.6227289663,228978.206199466,1807811.58183245,17111.7044058136,100.0004000016,
104.80525,18613.8487034354,2800.31363512713,916511.513151075,12105.8592358702,400.006400102402,700.019600548815,37756.9374616922,193282.866149096,1775883.71126601,16611.0297237366,0,
104.93146,17812.6826300326,2400.23042212052,892032.296685406,10804.6676164103,500.010000200004,200.0016000128,37054.8411649241,201714.523042432,1820120.66908691,17912.8255831175,0,
105.05776,15910.1188355794,2200.1936170383,946529.392228495,13307.0793662228,200.0016000128,400.006400102402,34848.5091247016,203645.455278652,1846041.17538411,19615.3784567101,100.0004000016,
105.184,18814.1482394761,2400.23042212052,920488.383473926,13106.8679988314,300.003600043201,300.003600043201,39562.5087638469,201612.903225806,1860001.37523207,19014.4509827469,100.0004000016,
105.31027,17311.9798900839,2700.2916314962,906091.454720297,10604.4963064339,600.014400345608,200.0016000128,38760.0004807442,211067.053370821,1846599.72936567,21117.8234429859,0,
105.43651,14808.7667899396,2900.33643902693,924681.541211948,12406.1534521122,100.0004000016,200.0016000128,34748.2305439951,210965.358116721,1764302.84343953,17412.118834709,0,
105.56274,16711.163056922,2400.23042212052,904051.393637965,12706.4548790786,300.003600043201,100.0004000016,38659.6905622281,195821.928024607,1656599.08617596,17612.3991289868,0,
105.68906,17412.118834709,2000.16001280102,915329.435667786,11605.3848985929,400.006400102402,300.003600043201,35550.4816839913,207304.875294421,1900000.86080003,20817.3200102485,0,
105.81526,18513.7001381022,3100.38444767151,898147.764471885,12306.0545788528,300.003600043201,200.0016000128,33745.4889190629,210863.663683045,1851231.29006204,19815.6940296715,0,
105.94145,17712.5404786589,3100.38444767151,902119.000551197,11305.1099096792,0,200.0016000128,39562.5087638469,208423.243376235,1888775.11949372,16611.0297237366,100.0004000016,
106.06773,19214.7569333248,1500.09000540032,1176250.96741156,11205.0198488923,0,200.0016000128,36553.3679171591,191759.674643385,1854860.62689565,22119.5536854579,0,
106.19397,16811.2971917128,2000.16001280102,851336.203865705,10804.6676164103,0,200.0016000128,33143.8825004306,206288.263145583,1822307.57676544,21217.9928579435,0,
106.32023,15009.0054032419,3000.36004320518,870704.428236736,10404.3282005314,300.003600043201,100.0004000016,35049.0686961746,217577.256569683,1887849.70337324,23622.2994506814,0,
106.44639,17812.6826300326,3600.51847466035,900186.89574864,9803.84310649775,200.0016000128,500.010000200004,36352.7842427204,207406.541019509,1838432.63553408,20516.8237955123,0,
106.57255,15409.4922472243,3100.38444767151,875417.111723841,11004.8421305374,400.006400102402,200.0016000128,38559.381447429,205475.032464652,1832901.86027142,21919.201220269,0,
106.69879,16911.4321281186,2600.27042812453,875952.75258035,11705.4781637807,600.014400345608,200.0016000128,37656.6355799122,233256.220502323,2001904.60292943,25025.025025025,0,
106.82506,18513.7001381022,3600.51847466035,918446.05438312,9903.92195309342,200.0016000128,100.0004000016,37255.4360889003,211778.943122227,1921668.71271349,25425.8326459683,0,
106.95139,16911.4321281186,2200.1936170383,888064.152694016,12005.7627661277,500.010000200004,100.0004000016,37957.5436361524,212694.289022191,2234861.91327506,24524.0335528818,0,
107.0777,16611.0297237366,2900.33643902693,824952.275488195,10604.4963064339,500.010000200004,100.0004000016,36753.9548056547,205373.382319136,1813216.98542219,24123.2548176442,100.0004000016,
107.20393,15910.1188355794,3000.36004320518,845135.945415073,10504.4118529783,400.006400102402,400.006400102402,39060.9350586916,206694.898164953,1809425.69048073,28632.7558727184,0,
107.3302,18113.1138944596,2100.17641481884,850801.581655444,13707.5117164206,300.003600043201,500.010000200004,37456.0342272039,225617.926736733,1778751.81024362,25025.025025025,100.0004000016,
107.45636,16110.3750815525,3000.36004320518,864173.77414162,11305.1099096792,200.0016000128,300.003600043201,35450.1974796312,231524.468523169,1888890.80098779,27530.2833116428,0,
107.58269,19715.5358422437,2000.16001280102,909313.258106506,11205.0198488923,100.0004000016,300.003600043201,35851.3391176164,219917.682188685,1813556.13924572,28933.4470648069,300.003600043201,
107.70901,15809.9919148902,2700.2916314962,877666.95235611,10804.6676164103,200.0016000128,200.0016000128,37857.2401471024,221546.060596278,1815208.31875172,28632.7558727184,0,
107.83523,18513.7001381022,2800.31363512713,876714.596141405,9203.38684635946,200.0016000128,500.010000200004,39161.2481921726,218187.76050388,1994341.98591975,32041.0124959949,0,
107.96151,14908.8856958747,3700.5476810568,881953.445612698,10104.0820491479,200.0016000128,300.003600043201,35550.4816839913,216356.337374675,1855615.6166479,33143.8825004306,0,
108.08776,17812.6826300326,2100.17641481884,867029.817393641,10104.0820491479,400.006400102402,100.0004000016,38258.4589252378,220731.845108389,1920509.12066849,28432.2990917683,0,
108.21402,16711.163056922,2300.21161946899,882489.357120376,11505.2924345199,300.003600043201,0,36051.9147572504,210253.51430934,1812066.71700185,26528.1198069954,0,
108.34029,17011.567866149,2400.23042212052,867492.219058341,10204.1632986258,0,200.0016000128,35149.3496869605,224090.82287038,1925904.34565354,31038.4877247787,0,
108.46659,17211.841747122,3100.38444767151,861926.279027426,11505.2924345199,400.006400102402,300.003600043201,40465.3920735909,212490.873078304,1812296.76279054,28432.2990917683,0,
108.59283,16210.5044068556,3600.51847466035,837550.021496842,10804.6676164103,400.006400102402,300.003600043201,32341.7855869784,207203.210389401,1825121.3957877,30136.2840860396,0,
108.71905,17412.118834709,1800.12960933187,869954.841406829,8202.69048247825,200.0016000128,100.0004000016,39562.5087638469,228469.015403494,1968367.18402782,32141.2693898966,0,
108.84524,16711.163056922,3700.5476810568,898898.986006307,10104.0820491479,0,300.003600043201,44880.4257228954,216356.337374675,1697903.5738259,28532.5270808722,0,
108.97147,14408.2991803279,2000.16001280102,865779.366971262,11305.1099096792,200.0016000128,100.0004000016,38158.1530252104,220935.394051895,1879755.02866457,31539.7400724913,0,
109.0977,15409.4922472243,2200.1936170383,870597.341744382,12205.9565067753,200.0016000128,500.010000200004,40565.7164606663,242734.131407616,1963015.3710758,29133.9118734207,0,
109.22386,15910.1188355794,2600.27042812453,896001.657344106,11305.1099096792,200.0016000128,100.0004000016,38057.8479288519,225210.680959607,1967901.72465125,31639.9929510902,0,
109.35014,17712.5404786589,3100.38444767151,888064.152694016,11905.6670975384,100.0004000016,200.0016000128,32041.0124959949,232848.728062561,1937100.79216626,27730.7256440136,100.0004000016,
109.47636,15309.3693340324,3000.36004320518,893855.905870655,10004.0016006403,100.0004000016,300.003600043201,39462.1924152464,224396.228851866,1927236.14539846,32943.3534531443,0,
109.60262,16911.4321281186,2200.1936170383,845242.821225354,10304.2453490838,400.006400102402,100.0004000016,39161.2481921726,217068.525870695,1779686.45937277,31138.7365883159,0,
109.72892,17612.3991289868,2600.27042812453,858823.237359173,12205.9565067753,500.010000200004,100.0004000016,34748.2305439951,221240.723627662,1858731.66622976,28231.8455217485,0,
109.85511,15809.9919148902,2200.1936170383,876381.281232792,10604.4963064339,200.0016000128,100.0004000016,35149.3496869605,217984.255908069,1890382.4862746,33043.6175751993,0,
109.98143,17011.567866149,2400.23042212052,891710.50996313,11205.0198488923,400.006400102402,300.003600043201,40164.423735672,228672.689255411,1881295.49899161,31238.986254846,0,
110.1077,16310.634533716,2800.31363512713,906091.454720297,9803.84310649775,400.006400102402,0,38659.6905622281,231626.329706708,1981756.01585232,28833.2158646761,0,
110.2339,16911.4321281186,2400.23042212052,893534.073819358,9803.84310649775,500.010000200004,500.010000200004,35349.9140786791,226025.185663545,1959177.33531178,34848.5091247016,0,
110.36026,15910.1188355794,2200.1936170383,872525.034255223,11405.2007715518,0,100.0004000016,56828.8879177976,222054.971973253,1813556.13924572,28833.2158646761,0,
110.48657,15910.1188355794,3800.57768780855,902226.348159077,10904.7544729502,300.003600043201,600.014400345608,39462.1924152464,219917.682188685,1912278.88871665,28432.2990917683,0,
110.6129,16010.246557797,2400.23042212052,861605.2401819,11605.3848985929,300.003600043201,200.0016000128,36453.0756781874,228061.677565189,1898611.60126359,30136.2840860396,0,
110.73913,15709.8657957197,1900.14441097523,854009.646648079,11205.0198488923,100.0004000016,300.003600043201,37054.8411649241,223887.222991271,1860463.11736088,32542.3049964954,0,
110.86541,18914.2992102029,3900.60849492521,854865.26512613,10804.6676164103,300.003600043201,100.0004000016,34547.6757925938,218391.268384207,1813556.13924572,31038.4877247787,0,
110.99171,17812.6826300326,2500.2500250025,908561.432308183,12406.1534521122,200.0016000128,100.0004000016,34046.302972042,229894.801430636,1992709.8089348,30136.2840860396,0,
111.11796,14808.7667899396,2200.1936170383,877345.522598168,12606.3536022155,100.0004000016,200.0016000128,35349.9140786791,223072.856341484,1891320.34231575,29334.3798932349,0,
111.24419,20016.0128102482,3800.57768780855,955576.365944633,11305.1099096792,200.0016000128,100.0004000016,38960.6227289663,252117.137500808,2007873.33523469,34948.7885087582,0,
111.37038,17912.8255831175,2700.2916314962,923928.823261023,10704.5815609081,900.032401166442,400.006400102402,37857.2401471024,227348.867998402,1951969.4343105,31940.756405173,0,
111.4967,16110.3750815525,4100.67251029169,913825.129361815,12306.0545788528,0,0,38057.8479288519,247628.742708485,1943139.19903436,32442.0448901777,0,
111.62298,17412.118834709,2600.27042812453,924789.075916078,13006.7635170289,300.003600043201,200.0016000128,41970.3422936842,248342.698785252,1938261.8140441,31639.9929510902,100.0004000016,
111.74934,16310.634533716,2600.27042812453,879274.220930329,10204.1632986258,600.014400345608,600.014400345608,35450.1974796312,232033.782665391,1840853.06672851,28732.9854673165,0,
111.87561,14608.5313823273,2500.2500250025,900401.559825784,12506.2531265633,100.0004000016,200.0016000128,37656.6355799122,229792.9542271,1946275.59357256,25826.6531060054,0,
112.00187,17612.3991289868,2000.16001280102,909742.89243933,11405.2007715518,500.010000200004,300.003600043201,33946.0308177889,221444.280785295,1768121.20283079,26528.1198069954,0,
112.12817,16210.5044068556,2400.23042212052,886670.22867249,11605.3848985929,200.0016000128,200.0016000128,37857.2401471024,219103.571832077,1923060.35503978,28332.0719053969,0,
112.25449,14608.5313823273,2900.33643902693,896752.754378623,12906.6598364756,500.010000200004,0,36854.249455198,211677.24212488,1873034.60146163,26027.0681508769,0,
112.38075,17311.9798900839,2000.16001280102,882060.626138811,13807.6218072376,300.003600043201,100.0004000016,35851.3391176164,233561.848469433,1907528.51121721,30236.5257230735,0,
112.50696,16911.4321281186,2300.21161946899,886670.22867249,12005.7627661277,600.014400345608,0,37255.4360889003,215949.390580935,1934546.89627829,25926.8602271954,0,
112.63317,17512.2585810067,2300.21161946899,943836.782134036,13106.8679988314,800.025600819226,100.0004000016,40967.0220480706,221749.622682626,1877789.91459313,24223.4482979524,0,
112.75948,15309.3693340324,3000.36004320518,909635.482520324,9603.68781612139,700.019600548815,100.0004000016,35049.0686961746,220222.987123563,1882298.54405471,27029.191526849,0,
112.88571,18213.259252736,3400.46246289495,910924.460327265,12706.4548790786,500.010000200004,0,35550.4816839913,212490.873078304,1892824.5641211,26427.9078707115,0,
113.01199,12606.3536022155,2400.23042212052,901260.251718808,12706.4548790786,200.0016000128,300.003600043201,39361.8768704403,223174.64929698,1731773.25369885,23522.1107841371,0,
113.13824,16510.8971921468,2200.1936170383,882596.542085102,12706.4548790786,100.0004000016,100.0004000016,37155.1382251261,206796.558969788,1881142.34102492,25025.025025025,0,
113.2645,14808.7667899396,1800.12960933187,902870.452492063,10704.5815609081,800.025600819226,100.0004000016,39161.2481921726,217170.270368413,1883686.11898504,23021.1794851263,0,
113.39072,14107.9568876847,2300.21161946899,940929.390865472,11805.5722300926,900.032401166442,500.010000200004,38659.6905622281,225210.680959607,1843619.80844393,23021.1794851263,0,
113.51693,13807.6218072376,2800.31363512713,888493.082594648,10104.0820491479,300.003600043201,100.0004000016,34647.952766629,215033.80831733,1754903.76678281,19314.911111378,0,
113.64317,16611.0297237366,3000.36004320518,938345.590066236,12406.1534521122,400.006400102402,100.0004000016,33946.0308177889,232543.117369679,1920045.31182027,21117.8234429859,0,
113.76953,17011.567866149,1700.11560786133,973702.146051166,10704.5815609081,0,400.006400102402,37656.6355799122,215949.390580935,1895370.55365734,19715.5358422437,0,
113.89573,17011.567866149,3100.38444767151,919520.924310852,11004.8421305374,300.003600043201,100.0004000016,35049.0686961746,202527.511079031,1797237.09766628,21518.505915087,100.0004000016,
114.02202,14508.4148806308,3000.36004320518,921240.901644444,11104.9305891816,500.010000200004,100.0004000016,33344.4147604609,210761.970069783,1655772.99642297,18413.5523745477,0,
114.14823,16010.246557797,1900.14441097523,926617.302387323,10204.1632986258,500.010000200004,200.0016000128,38057.8479288519,209440.027750552,1845925.86229114,18213.259252736,0,
114.27435,14408.2991803279,1600.10240655402,973486.265220463,11205.0198488923,400.006400102402,100.0004000016,36753.9548056547,211473.842591659,1901390.26384884,17912.8255831175,0,
114.40062,16210.5044068556,3800.57768780855,932103.529255562,11405.2007715518,200.0016000128,200.0016000128,32241.5270868879,200799.974194381,1800339.61390359,21819.0261908384,0,
114.52686,16410.7654621432,2400.23042212052,924574.00739991,14107.9568876847,200.0016000128,200.0016000128,36051.9147572504,204966.789935758,1756053.28949622,16811.2971917128,100.0004000016,
114.65312,19915.8530190031,3400.46246289495,911031.880933626,12105.8592358702,700.019600548815,100.0004000016,33544.9502333126,201206.43215432,1668164.34271795,19415.0660912868,0,
114.77941,14208.0701838644,2200.1936170383,898851.233279153,11705.4781637807,400.006400102402,200.0016000128,36753.9548056547,203035.655238602,1809306.47541265,20717.1538033492,0,
114.90561,16711.163056922,4200.70571856072,953425.02159325,9603.68781612139,100.0004000016,200.0016000128,35951.6265357053,200799.974194381,1727642.80493385,17011.567866149,0,
115.03192,17412.118834709,2800.31363512713,886399.37488917,13106.8679988314,800.025600819226,300.003600043201,35049.0686961746,199275.873608496,1741972.05998759,19214.7569333248,100.0004000016,
115.1582,14808.7667899396,2400.23042212052,893104.976861921,9303.46088745013,300.003600043201,100.0004000016,32843.0901342561,204255.284828248,1739455.02851495,15910.1188355794,0,
115.28437,14908.8856958747,2600.27042812453,907809.650140938,11205.0198488923,500.010000200004,500.010000200004,34647.952766629,199682.282405783,1746091.86105726,16110.3750815525,0,
115.41066,13707.5117164206,1900.14441097523,930059.369463932,10204.1632986258,300.003600043201,200.0016000128,34647.952766629,200088.704312239,1656599.08617596,15309.3693340324,0,
115.53694,16711.163056922,2400.23042212052,964638.239888331,12806.5569571621,200.0016000128,0,37556.3345017526,208931.625310574,1801833.67425266,16510.8971921468,0,
115.66322,17612.3991289868,2300.21161946899,960971.314165137,11305.1099096792,400.006400102402,400.006400102402,33544.9502333126,205779.987820567,1556642.22606312,16410.7654621432,0,
115.78943,15309.3693340324,2500.2500250025,920165.88906169,12005.7627661277,200.0016000128,200.0016000128,33946.0308177889,199987.097606606,1781391.00402364,15809.9919148902,0,
115.91568,17712.5404786589,3000.36004320518,917048.856747141,9803.84310649775,100.0004000016,0,34748.2305439951,215847.655934802,1808961.48517357,13707.5117164206,0,
116.04196,16410.7654621432,2600.27042812453,940929.390865472,10904.7544729502,100.0004000016,200.0016000128,31539.7400724913,193282.866149096,1734422.38676368,15809.9919148902,0,
116.16816,14708.648685427,3200.40965243551,921778.441375306,9903.92195309342,500.010000200004,0,37456.0342272039,197142.442469884,1739455.02851495,17712.5404786589,0,
116.29434,17311.9798900839,1800.12960933187,923821.295693327,12005.7627661277,300.003600043201,400.006400102402,31740.2466327303,205475.032464652,1708602.73410624,14808.7667899396,0,
116.42067,16110.3750815525,3400.46246289495,882274.989854148,11905.6670975384,300.003600043201,200.0016000128,30938.239664225,195618.784240846,1755480.5926446,13507.2939387269,0,
116.54687,14408.2991803279,2200.1936170383,922638.551318529,10304.2453490838,400.006400102402,200.0016000128,28732.9854673165,201003.201535447,1771296.0305664,15509.6159618964,0,
116.67318,16410.7654621432,3000.36004320518,918768.506000713,8803.09869073914,100.0004000016,200.0016000128,32943.3534531443,198158.317004927,1694571.39196173,11205.0198488923,0,
116.79947,14908.8856958747,2100.17641481884,877024.100825167,10304.2453490838,400.006400102402,300.003600043201,31639.9929510902,195517.21357736,1596423.73847843,14007.84439286,0,
116.92573,14208.0701838644,2800.31363512713,904588.220665644,11004.8421305374,500.010000200004,0,29334.3798932349,191150.449611653,1704722.67679595,14608.5313823273,0,
117.05202,17111.7044058136,2500.2500250025,892139.560703603,13307.0793662228,100.0004000016,100.0004000016,33645.2191745706,186480.703125944,1655748.4720925,12506.2531265633,100.0004000016,
117.17821,15309.3693340324,1700.11560786133,904910.32756241,10004.0016006403,0,200.0016000128,32341.7855869784,200698.361753001,1759948.27837197,14107.9568876847,0,
117.30446,17311.9798900839,2700.2916314962,927155.065129014,9703.76506084361,200.0016000128,300.003600043201,30437.0114058695,193689.081659801,1635982.01538494,13407.186251831,0,
117.43069,13907.7326993809,2700.2916314962,891388.7312391,14007.84439286,800.025600819226,100.0004000016,33845.7594667991,188510.814939004,1646429.59160616,13307.0793662228,0,
117.55692,14908.8856958747,3000.36004320518,903729.308101029,11205.0198488923,100.0004000016,300.003600043201,29133.9118734207,198259.908963727,1698676.59999829,15509.6159618964,0,
117.68315,15309.3693340324,2500.2500250025,880024.347926907,11205.0198488923,400.006400102402,100.0004000016,32642.5659059413,195212.506500365,1689441.65688054,14508.4148806308,0,
117.80936,16510.8971921468,2000.16001280102,910065.127539705,11305.1099096792,300.003600043201,200.0016000128,33043.6175751993,194196.869469874,1684541.75170141,12706.4548790786,0,
117.93551,16811.2971917128,2900.33643902693,923498.718342223,12105.8592358702,600.014400345608,500.010000200004,36553.3679171591,197142.442469884,1750212.93169494,16110.3750815525,0,
118.06176,16410.7654621432,3000.36004320518,911139.302430672,11205.0198488923,400.006400102402,300.003600043201,33043.6175751993,185567.259568501,1775556.01060778,14508.4148806308,0,
118.18799,18713.9980705568,1900.14441097523,839259.136762031,10704.5815609081,400.006400102402,0,28933.4470648069,181406.8549833,1570417.9845594,12205.9565067753,0,
118.31427,14208.0701838644,2500.2500250025,881953.445612698,11805.5722300926,200.0016000128,300.003600043201,29434.6151073663,195821.928024607,1638479.60344894,12105.8592358702,0,
118.44056,14608.5313823273,2900.33643902693,882703.727937583,10404.3282005314,100.0004000016,200.0016000128,35349.9140786791,191556.596358712,1685681.10397595,15109.1259120509,0,
118.5668,13607.4024269202,2800.31363512713,896645.452134712,10504.4118529783,500.010000200004,200.0016000128,35349.9140786791,195618.784240846,1529381.26421416,14908.8856958747,100.0004000016,
118.69313,15409.4922472243,2600.27042812453,909420.665353923,11004.8421305374,100.0004000016,100.0004000016,33143.8825004306,192775.115181368,1664050.03455661,15309.3693340324,0,
118.81933,17412.118834709,3600.51847466035,899972.235229764,11405.2007715518,400.006400102402,500.010000200004,39060.9350586916,191861.215013543,1725505.53966279,11805.5722300926,0,
118.94565,14508.4148806308,2700.2916314962,905232.44246966,12506.2531265633,300.003600043201,300.003600043201,33544.9502333126,185871.733392436,1737395.99152959,14808.7667899396,0,
119.07196,17111.7044058136,2100.17641481884,876916.962008546,11905.6670975384,400.006400102402,100.0004000016,34547.6757925938,191048.914971141,1610465.36381828,13206.9732818928,0,
119.19828,16010.246557797,1800.12960933187,861391.218712889,10504.4118529783,300.003600043201,200.0016000128,36653.6609596449,182218.53330701,1672242.94359141,13006.7635170289,0,
119.32454,14208.0701838644,3100.38444767151,878095.53778823,12806.5569571621,100.0004000016,600.014400345608,34848.5091247016,189830.5631237,1641729.47062199,14808.7667899396,0,
119.4508,16210.5044068556,2100.17641481884,892783.163476676,11705.4781637807,100.0004000016,200.0016000128,34547.6757925938,184755.365360283,1657340.15192551,13707.5117164206,0,
119.57712,13807.6218072376,3000.36004320518,874988.615005009,13907.7326993809,0,400.006400102402,35049.0686961746,185262.793106088,1650816.45790497,13106.8679988314,0,
119.70335,17011.567866149,3300.43565750679,899864.906304649,14007.84439286,300.003600043201,300.003600043201,29334.3798932349,187495.718125728,1671901.47186221,11405.2007715518,0,
119.82966,16911.4321281186,3200.40965243551,896323.550738149,14808.7667899396,100.0004000016,200.0016000128,34748.2305439951,193587.526554041,1664960.10921968,11905.6670975384,0,
119.95596,18012.9693379233,2000.16001280102,861605.2401819,14908.8856958747,200.0016000128,100.0004000016,31238.986254846,190642.784593806,1643362.60550772,11605.3848985929,0,
120.0822,16711.163056922,2100.17641481884,860963.186401685,12005.7627661277,400.006400102402,100.0004000016,33946.0308177889,194399.99032535,1702326.73394229,11805.5722300926,0,
120.20849,16410.7654621432,2000.16001280102,863103.489656828,12105.8592358702,600.014400345608,200.0016000128,36252.4936107484,199682.282405783,1699703.09930154,13607.4024269202,0,
120.33474,16911.4321281186,2800.31363512713,868777.007003195,11205.0198488923,0,100.0004000016,35049.0686961746,185059.819554083,1601291.33308647,9903.92195309342,0,
120.46088,16811.2971917128,1800.12960933187,850480.818943232,11104.9305891816,400.006400102402,500.010000200004,38358.7656289435,186480.703125944,1655180.06107235,12806.5569571621,0,
120.5871,14308.184281409,2600.27042812453,895143.314081157,13507.2939387269,400.006400102402,600.014400345608,34146.5759295679,186176.214578162,1672356.76944415,11004.8421305374,0,
120.71333,14107.9568876847,2600.27042812453,857325.483738845,13206.9732818928,400.006400102402,300.003600043201,34246.8496903764,191759.674643385,1633825.38437937,13307.0793662228,0,
120.83963,17812.6826300326,2000.16001280102,870169.004640074,14308.184281409,700.019600548815,400.006400102402,31339.2367243789,194095.310270323,1676910.6003372,9703.76506084361,0,
120.96594,15910.1188355794,1700.11560786133,872632.136706849,10604.4963064339,100.0004000016,100.0004000016,37255.4360889003,190135.140036999,1650974.57283818,12005.7627661277,0,
121.09217,15509.6159618964,2800.31363512713,877024.100825167,12806.5569571621,500.010000200004,400.006400102402,31539.7400724913,185364.281108962,1612391.5811167,11305.1099096792,0,
121.2184,15109.1259120509,3000.36004320518,866314.60888063,14608.5313823273,700.019600548815,400.006400102402,33645.2191745706,184958.334004932,1659273.16157652,11705.4781637807,0,
121.3446,13907.7326993809,2300.21161946899,856041.833007202,11605.3848985929,500.010000200004,100.0004000016,35951.6265357053,186582.200944598,1611990.23951403,11305.1099096792,0,
121.47085,14808.7667899396,2200.1936170383,877131.24052897,13006.7635170289,700.019600548815,100.0004000016,31238.986254846,175929.394609531,1528013.58234295,10604.4963064339,0,
121.59714,15109.1259120509,1600.10240655402,824845.567423507,13307.0793662228,600.014400345608,300.003600043201,31539.7400724913,171670.794820677,1596423.73847843,12606.3536022155,0,
121.72342,12806.5569571621,3000.36004320518,877452.664963585,12005.7627661277,300.003600043201,500.010000200004,38158.1530252104,178059.234909278,1562739.06465158,10504.4118529783,0,
121.84974,17311.9798900839,3400.46246289495,864387.841668563,12306.0545788528,400.006400102402,0,36252.4936107484,187800.238578844,1556531.41956345,10404.3282005314,0,
121.97598,17812.6826300326,1900.14441097523,858181.321704737,15409.4922472243,700.019600548815,300.003600043201,32442.0448901777,176639.301338189,1507902.9306362,9803.84310649775,0,
122.10224,15709.8657957197,2100.17641481884,877559.808216229,15910.1188355794,400.006400102402,200.0016000128,37355.7347562563,185465.769929763,1588051.11712356,10404.3282005314,0,
122.22853,15709.8657957197,2800.31363512713,880238.677913183,12005.7627661277,100.0004000016,200.0016000128,36152.2037822616,172988.778888522,1553936.35552534,8903.16952835209,0,
122.35473,15609.7404780583,1900.14441097523,884204.423092852,15009.0054032419,400.006400102402,300.003600043201,35650.7666917691,187698.730942987,1608312.8626713,8703.02865397158,0,
122.48092,14808.7667899396,2800.31363512713,893534.073819358,13707.5117164206,500.010000200004,100.0004000016,34447.3996218797,183131.733969426,1527563.19926657,8602.95941803981,0,
122.6072,15209.2472223112,2100.17641481884,865779.366971262,13707.5117164206,600.014400345608,100.0004000016,35249.6314811254,182725.858831683,1631101.71802563,8102.62525058119,100.0004000016,
122.73344,12205.9565067753,2400.23042212052,873596.098675686,11505.2924345199,700.019600548815,100.0004000016,30437.0114058695,175726.571468853,1558449.83639995,9503.61137232148,0,
122.85971,15910.1188355794,1800.12960933187,901045.573407707,10904.7544729502,300.003600043201,300.003600043201,31138.7365883159,180493.779410817,1520134.08579794,9503.61137232148,0,
122.98596,15509.6159618964,3300.43565750679,849304.757099253,14908.8856958747,400.006400102402,600.014400345608,34046.302972042,174306.900982402,1512371.73314556,9003.24116682005,0,
123.11211,17111.7044058136,1600.10240655402,869954.841406829,13106.8679988314,400.006400102402,200.0016000128,31138.7365883159,177653.523260123,1558562.69308075,8502.8909829342,0,
123.23834,13807.6218072376,2200.1936170383,867171.042012425,14107.9568876847,100.0004000016,300.003600043201,35751.0525029742,172481.845606093,1507086.93476288,8302.75651516303,100.0004000016,
123.36454,15910.1188355794,2400.23042212052,858395.290048448,13607.4024269202,400.006400102402,100.0004000016,33344.4147604609,175118.121654227,1467686.13135595,7402.19104855037,0,
123.49073,16010.246557797,2800.31363512713,904373.487184588,12205.9565067753,300.003600043201,200.0016000128,35149.3496869605,176842.13918564,1536010.42759066,9003.24116682005,0,
123.61701,14908.8856958747,2100.17641481884,918446.05438312,12506.2531265633,300.003600043201,500.010000200004,34447.3996218797,169542.035148762,1517208.60769805,8502.8909829342,0,
123.74325,13407.186251831,2700.2916314962,866956.928412679,12506.2531265633,300.003600043201,200.0016000128,34146.5759295679,171772.173310672,1441036.48863035,6801.85010322808,0,
123.86945,14107.9568876847,1900.14441097523,836695.548647397,13006.7635170289,100.0004000016,200.0016000128,33645.2191745706,165184.269545295,1467910.30554556,8102.62525058119,0,
123.99574,14508.4148806308,2400.23042212052,876381.281232792,11805.5722300926,500.010000200004,600.014400345608,36252.4936107484,173901.310251215,1458498.25797247,6701.7960813498,100.0004000016,
124.12203,14808.7667899396,2500.2500250025,838831.836748193,14908.8856958747,300.003600043201,100.0004000016,34046.302972042,164373.688936131,1401497.07048989,7902.49718911176,0,
124.24824,14408.2991803279,3600.51847466035,860214.16394962,13507.2939387269,200.0016000128,100.0004000016,33946.0308177889,169846.121628751,1445847.367263,7102.01697282028,0,
124.37451,15609.7404780583,1900.14441097523,902310.082831927,13907.7326993809,0,300.003600043201,30437.0114058695,172380.461399665,1432537.81967511,7202.07419736884,0,
124.50083,14107.9568876847,2200.1936170383,910172.541020985,12105.8592358702,100.0004000016,100.0004000016,33544.9502333126,167514.979704916,1401608.59720861,9503.61137232148,0,
124.62715,14007.84439286,2400.23042212052,880453.011449512,13307.0793662228,500.010000200004,100.0004000016,33946.0308177889,165994.902376073,1425050.10189499,8202.69048247825,0,
124.75338,12806.5569571621,1200.05760276493,902011.653833083,14508.4148806308,300.003600043201,200.0016000128,33845.7594667991,165589.579432667,1415110.28836848,6801.85010322808,0,
124.87965,11605.3848985929,2000.16001280102,856683.642441367,12506.2531265633,300.003600043201,0,44177.9298682877,154448.312639607,1280728.24856155,7502.25067520256,0,
125.00581,13707.5117164206,2500.2500250025,911676.423276563,15709.8657957197,200.0016000128,300.003600043201,32642.5659059413,171974.932740483,1417566.62510303,7902.49718911176,0,
125.13213,13907.7326993809,1900.14441097523,912106.135986733,13307.0793662228,200.0016000128,400.006400102402,31439.4879969241,167109.607795764,1395587.50242839,8302.75651516303,0,
125.25844,15409.4922472243,1700.11560786133,909313.258106506,12205.9565067753,300.003600043201,0,29334.3798932349,157080.812593836,1342298.14423778,8402.82334864514,100.0004000016,
125.38468,12806.5569571621,1900.14441097523,875952.75258035,11905.6670975384,300.003600043201,200.0016000128,31639.9929510902,152626.135389544,1328759.85222194,8402.82334864514,0,
125.51095,11505.2924345199,2200.1936170383,896323.550738149,11605.3848985929,300.003600043201,100.0004000016,28532.5270808722,160524.144038969,1327428.96859664,6501.69043951427,0,
125.6372,14107.9568876847,2000.16001280102,888171.383836668,15509.6159618964,200.0016000128,400.006400102402,31940.756405173,156878.293035369,1349961.21285709,8803.09869073914,0,
125.76346,16911.4321281186,3200.40965243551,992281.332135609,13807.6218072376,100.0004000016,100.0004000016,33244.1482288479,164981.619497425,1344337.15954245,7602.31110257518,0,
125.88974,16611.0297237366,1900.14441097523,944913.759106665,13907.7326993809,500.010000200004,400.006400102402,30938.239664225,147768.286451187,1304270.97186916,6401.6388195378,0,
126.01604,15009.0054032419,3900.60849492521,922100.975915258,12706.4548790786,200.0016000128,200.0016000128,32442.0448901777,157384.598045372,1321552.50833867,6701.7960813498,0,
126.14228,13607.4024269202,2500.2500250025,892675.894125884,11905.6670975384,400.006400102402,500.010000200004,31639.9929510902,158093.45929823,1327539.87042638,10904.7544729502,0,
126.2685,15609.7404780583,2100.17641481884,915544.35082598,13106.8679988314,300.003600043201,400.006400102402,32241.5270868879,158295.998422072,1337524.86262347,7502.25067520256,0,
126.39478,12506.2531265633,2100.17641481884,928338.221689366,12205.9565067753,600.014400345608,200.0016000128,34848.5091247016,148577.797628389,1263704.40095642,7102.01697282028,0,
126.52104,14608.5313823273,1800.12960933187,905017.698308091,13907.7326993809,500.010000200004,200.0016000128,32943.3534531443,150399.388342287,1287675.49652161,7402.19104855037,0,
126.64734,12706.4548790786,3600.51847466035,879381.37926751,10304.2453490838,200.0016000128,300.003600043201,34647.952766629,149083.768580143,1271984.39654303,8402.82334864514,0,
126.77349,14408.2991803279,2200.1936170383,889779.957582184,12906.6598364756,700.019600548815,300.003600043201,29835.5639922788,141395.206642155,1274414.18566132,7302.132222609,0,
126.89977,14408.2991803279,2300.21161946899,889565.469533159,12606.3536022155,400.006400102402,100.0004000016,27730.7256440136,154650.79307583,1261497.28351072,6901.90492575951,0,
127.02609,12906.6598364756,2200.1936170383,903836.669056727,10904.7544729502,300.003600043201,300.003600043201,31740.2466327303,154650.79307583,1305267.36673752,6401.6388195378,0,
127.1523,13707.5117164206,2500.2500250025,916833.916634875,12606.3536022155,600.014400345608,0,30236.5257230735,151613.928762581,1306706.73704237,5301.12383825371,0,
127.27852,16510.8971921468,1900.14441097523,929736.636850927,12306.0545788528,700.019600548815,0,28732.9854673165,153739.656782253,1304935.2267275,7402.19104855037,0,
127.40478,16911.4321281186,2700.2916314962,948468.41760012,13106.8679988314,400.006400102402,200.0016000128,29334.3798932349,156372.008404241,1284911.61961317,8602.95941803981,0,
127.53115,13307.0793662228,2300.21161946899,865137.105918771,11905.6670975384,500.010000200004,100.0004000016,29234.1454819229,155055.763727617,1304270.97186916,7202.07419736884,0,
127.65739,15910.1188355794,2300.21161946899,957305.424038541,12806.5569571621,200.0016000128,200.0016000128,32843.0901342561,140080.52870595,1291877.70280503,6801.85010322808,0,
127.78374,14708.648685427,1900.14441097523,877024.100825167,11705.4781637807,300.003600043201,0,29534.8511243267,141597.47699041,1251018.53951933,7001.96054895371,0,
127.91006,15209.2472223112,2200.1936170383,877345.522598168,11405.2007715518,500.010000200004,300.003600043201,32742.827618525,154752.034516345,1323437.12489102,6201.53798141939,0,
128.03632,17512.2585810067,2300.21161946899,936623.342131036,12406.1534521122,600.014400345608,100.0004000016,30537.255451651,146554.117396185,1299843.46333171,6601.74286011507,0,
128.16252,15609.7404780583,3000.36004320518,903299.873177444,13307.0793662228,300.003600043201,200.0016000128,28231.8455217485,146048.248225695,1306706.73704237,5301.12383825371,0,
128.2888,14208.0701838644,2600.27042812453,900508.893198734,11905.6670975384,200.0016000128,500.010000200004,30837.992406645,151006.643889915,1317008.3667033,7402.19104855037,100.0004000016,
128.41504,14908.8856958747,2100.17641481884,936946.246197644,10404.3282005314,700.019600548815,300.003600043201,32141.2693898966,147869.47249829,1292430.72470353,8002.56081946223,0,
128.54137,15409.4922472243,2400.23042212052,912535.862949634,12506.2531265633,500.010000200004,500.010000200004,29234.1454819229,149792.162117572,1317229.99574714,6401.6388195378,100.0004000016,
128.66767,17211.841747122,2800.31363512713,900079.565044424,10804.6676164103,300.003600043201,600.014400345608,31138.7365883159,152626.135389544,1297298.32075972,8202.69048247825,0,
128.79395,13407.186251831,2600.27042812453,887420.784492399,11305.1099096792,100.0004000016,300.003600043201,28131.6199408135,147667.101218354,1325987.32982882,6901.90492575951,0,
128.92024,13907.7326993809,2000.16001280102,925541.843824536,11305.1099096792,200.0016000128,100.0004000016,29735.3255667733,142912.313590448,1259400.86550985,7202.07419736884,0,
129.04649,14608.5313823273,3000.36004320518,863424.565701375,11505.2924345199,500.010000200004,400.006400102402,27931.1711870447,149792.162117572,1278501.66290359,6001.44034568296,0,
129.17281,15809.9919148902,1900.14441097523,915544.35082598,11104.9305891816,300.003600043201,200.0016000128,26828.7604311822,141597.47699041,1327983.48708876,6001.44034568296,0,
129.29901,13507.2939387269,2600.27042812453,856653.268735321,11705.4781637807,100.0004000016,0,29935.8032206519,147565.916799781,1297740.91886411,7402.19104855037,0,
129.4252,15209.2472223112,2300.21161946899,896860.057511747,11305.1099096792,300.003600043201,400.006400102402,27830.9480141918,154043.361546108,1360296.75367673,7202.07419736884,0,
129.55149,15809.9919148902,2100.17641481884,921993.463510128,10404.3282005314,800.025600819226,200.0016000128,31840.5011174214,145238.89988574,1332642.36479768,7302.132222609,0,
129.67771,15709.8657957197,2600.27042812453,917908.652849311,11505.2924345199,200.0016000128,200.0016000128,30336.7681630136,141294.072688509,1272315.70495979,7502.25067520256,0,
129.804,16611.0297237366,1500.09000540032,834132.46916438,9303.46088745013,300.003600043201,400.006400102402,27931.1711870447,129669.09251739,1197212.6165776,6701.7960813498,0,
129.93021,13707.5117164206,2000.16001280102,844922.19644622,11405.2007715518,300.003600043201,100.0004000016,27430.063349431,147667.101218354,1243302.70914863,6601.74286011507,0,
130.05642,17211.841747122,3200.40965243551,868777.007003195,9703.76506084361,300.003600043201,200.0016000128,28031.3951625821,154549.552450254,1331754.83240365,8402.82334864514,0,
130.18266,14708.648685427,3000.36004320518,874238.779895096,10704.5815609081,200.0016000128,500.010000200004,29033.6790677186,140889.545010237,1262554.27399558,7602.31110257518,0,
130.30894,13407.186251831,2400.23042212052,842998.614815274,7902.49718911176,400.006400102402,100.0004000016,32141.2693898966,144227.287722376,1292098.90877273,6801.85010322808,0,
130.43518,16210.5044068556,2100.17641481884,892568.625663886,9503.61137232148,700.019600548815,100.0004000016,33244.1482288479,156574.519811306,1380101.38400564,6401.6388195378,0,
130.56144,13206.9732818928,1700.11560786133,915329.435667786,7602.31110257518,300.003600043201,0,30136.2840860396,159511.301652477,1378542.63827632,7502.25067520256,0,
130.68768,17412.118834709,2200.1936170383,895036.025174118,10804.6676164103,500.010000200004,300.003600043201,31940.756405173,162955.298513171,1285795.9969887,5501.21026625858,0,
130.81389,15309.3693340324,2100.17641481884,856790.613778153,8502.8909829342,100.0004000016,300.003600043201,27630.5040765005,145744.736492712,1338301.79058311,7702.37233067785,0,
130.94018,16911.4321281186,3000.36004320518,843105.472949505,11505.2924345199,400.006400102402,200.0016000128,28432.2990917683,149893.364452135,1322661.07362764,6301.58800017604,0,
131.06643,14908.8856958747,2300.21161946899,884954.835930802,9303.46088745013,300.003600043201,100.0004000016,29334.3798932349,153942.125809957,1349294.68207995,6801.85010322808,0,
131.19262,13707.5117164206,2000.16001280102,843105.472949505,9203.38684635946,200.0016000128,200.0016000128,32341.7855869784,140282.777900686,1252121.17139065,5701.29989637637,0,
131.31885,14308.184281409,2100.17641481884,865351.189392309,6901.90492575951,200.0016000128,200.0016000128,29133.9118734207,160220.28276062,1324545.84893501,7602.31110257518,100.0004000016,
131.4451,14608.5313823273,1400.07840439065,889672.71311343,8803.09869073914,100.0004000016,100.0004000016,33645.2191745706,156574.519811306,1361186.21120161,7502.25067520256,100.0004000016,
131.57141,12506.2531265633,2700.2916314962,842036.931371819,8102.62525058119,400.006400102402,400.006400102402,27530.2833116428,152828.586491523,1354739.0037487,8302.75651516303,0,
131.69768,15009.0054032419,2200.1936170383,867171.042012425,10404.3282005314,100.0004000016,100.0004000016,30136.2840860396,151512.712580585,1348628.18502218,7502.25067520256,0,
131.82385,15809.9919148902,2200.1936170383,867492.219058341,8202.69048247825,500.010000200004,100.0004000016,32542.3049964954,145845.906256286,1327983.48708876,6601.74286011507,0,
131.95008,14908.8856958747,2200.1936170383,842891.757564731,7702.37233067785,300.003600043201,200.0016000128,31038.4877247787,153638.423490681,1419241.66208733,7402.19104855037,0,
132.07632,18713.9980705568,2400.23042212052,873810.322201385,8502.8909829342,200.0016000128,0,28933.4470648069,156878.293035369,1367414.09496488,6801.85010322808,0,
132.20258,14708.648685427,2300.21161946899,871346.965808428,7602.31110257518,400.006400102402,300.003600043201,29133.9118734207,149994.567601173,1372420.77724799,6901.90492575951,0,
132.32882,16110.3750815525,2300.21161946899,836588.743515016,7302.132222609,500.010000200004,200.0016000128,35450.1974796312,156068.247406912,1425385.28211741,5801.34591225164,0,
132.45502,15809.9919148902,3000.36004320518,862140.309352578,7902.49718911176,0,200.0016000128,34748.2305439951,163259.225857363,1397594.22885236,6401.6388195378,0,
132.58126,16210.5044068556,2200.1936170383,869954.841406829,7602.31110257518,100.0004000016,300.003600043201,30637.5003003677,153031.040852547,1397817.21728994,7001.96054895371,0,
132.70744,16110.3750815525,2500.2500250025,826766.447517945,5901.39272868397,100.0004000016,100.0004000016,29635.0879441258,158093.45929823,1388119.91645138,7502.25067520256,100.0004000016,
132.8337,15009.0054032419,1600.10240655402,859786.170600113,7001.96054895371,400.006400102402,200.0016000128,31840.5011174214,159410.02189875,1397036.77423987,7502.25067520256,0,
132.95998,19715.5358422437,2600.27042812453,860642.171466402,7001.96054895371,400.006400102402,200.0016000128,29334.3798932349,159308.742960425,1416450.05177624,5801.34591225164,0,
133.08621,14708.648685427,3100.38444767151,855613.977751761,7202.07419736884,600.014400345608,500.010000200004,31339.2367243789,164171.051942875,1407186.13474848,5601.25468104855,0,
133.21256,18313.4054127621,2800.31363512713,850373.899808087,7202.07419736884,0,200.0016000128,32041.0124959949,170859.796297266,1386115.41497971,5901.39272868397,0,
133.3389,16210.5044068556,1900.14441097523,830929.334843237,6901.90492575951,400.006400102402,200.0016000128,35450.1974796312,163563.160543533,1293119.59485653,6701.7960813498,0,
133.46514,15709.8657957197,2800.31363512713,861177.20078618,7802.43435952017,400.006400102402,200.0016000128,33043.6175751993,160422.856130689,1421140.29414127,9203.38684635946,0,
133.59136,18814.1482394761,3500.49006860961,849197.84769239,5601.25468104855,700.019600548815,300.003600043201,29835.5639922788,156270.753923372,1373533.63153009,5401.16665199683,0,
133.71764,15409.4922472243,2900.33643902693,809595.388135019,6901.90492575951,400.006400102402,0,28933.4470648069,152626.135389544,1300064.80335968,5801.34591225164,0,
133.84392,15910.1188355794,2400.23042212052,812686.625724304,6701.7960813498,700.019600548815,400.006400102402,32341.7855869784,163157.91592687,1435221.0195959,7102.01697282028,0,
133.97019,17111.7044058136,3800.57768780855,867599.279846036,6601.74286011507,300.003600043201,200.0016000128,34647.952766629,164475.008656579,1443385.76880442,7202.07419736884,0,
134.09651,17812.6826300326,3600.51847466035,884097.224810632,7802.43435952017,200.0016000128,200.0016000128,32943.3534531443,172786.003125453,1501130.00818355,7202.07419736884,0,
134.22283,18713.9980705568,2300.21161946899,844815.323287626,7302.132222609,600.014400345608,500.010000200004,30938.239664225,159916.42882159,1372086.93927669,5601.25468104855,0,
134.34897,18113.1138944596,2500.2500250025,831996.958024038,6501.69043951427,300.003600043201,100.0004000016,31138.7365883159,173090.167995135,1439582.38150837,6801.85010322808,0,
134.4752,20016.0128102482,3400.46246289495,865672.321247512,6501.69043951427,300.003600043201,0,32141.2693898966,167717.670556589,1437121.94915613,6901.90492575951,0,
134.60148,18713.9980705568,2900.33643902693,865993.461076853,7602.31110257518,600.014400345608,0,34748.2305439951,163461.848165684,1430972.87124944,5901.39272868397,0,
134.72768,16410.7654621432,2700.2916314962,855293.095602532,6801.85010322808,400.006400102402,100.0004000016,30537.255451651,154752.034516345,1413435.77520264,6801.85010322808,0,
134.85392,14908.8856958747,2100.17641481884,865351.189392309,7802.43435952017,300.003600043201,100.0004000016,32742.827618525,168933.884230958,1496860.65194996,5401.16665199683,0,
134.98015,18413.5523745477,2300.21161946899,854009.646648079,7902.49718911176,200.0016000128,100.0004000016,34647.952766629,163259.225857363,1370751.67190566,6301.58800017604,0,
135.10638,13907.7326993809,2500.2500250025,823565.139426593,6501.69043951427,900.032401166442,400.006400102402,31940.756405173,165589.579432667,1389903.43406535,6701.7960813498,0,
135.23267,17111.7044058136,2500.2500250025,858716.249203552,6501.69043951427,100.0004000016,200.0016000128,37355.7347562563,169643.396492359,1469143.33146991,7102.01697282028,0,
135.35896,15910.1188355794,2300.21161946899,871025.693033036,6201.53798141939,300.003600043201,100.0004000016,31740.2466327303,174712.504783195,1437345.60590166,6201.53798141939,0,
135.48529,17612.3991289868,2100.17641481884,863959.710158122,6701.7960813498,300.003600043201,300.003600043201,34848.5091247016,173292.948658566,1392355.0848567,6801.85010322808,0,
135.61152,16711.163056922,2600.27042812453,847059.845248483,6001.44034568296,200.0016000128,200.0016000128,34046.302972042,169744.758652351,1376093.5528387,6701.7960813498,0,
135.73779,16010.246557797,3300.43565750679,882703.727937583,7202.07419736884,600.014400345608,400.006400102402,38258.4589252378,166704.248945012,1431196.42396485,6101.48876325823,0,
135.86403,19214.7569333248,2700.2916314962,869954.841406829,7102.01697282028,700.019600548815,200.0016000128,31840.5011174214,162853.991029946,1381548.95571277,7102.01697282028,100.0004000016,
135.99023,18513.7001381022,4200.70571856072,842678.045714664,6301.58800017604,100.0004000016,200.0016000128,31339.2367243789,154245.835463059,1412076.51928835,6701.7960813498,0,
136.11646,19214.7569333248,2300.21161946899,878631.289542549,6901.90492575951,300.003600043201,0,32542.3049964954,168123.062054524,1431531.76012856,5901.39272868397,200.0016000128,
136.24275,21418.3340939844,2100.17641481884,864173.77414162,7001.96054895371,500.010000200004,100.0004000016,31539.7400724913,166298.903152029,1380880.82595372,7402.19104855037,0,
136.36895,17111.7044058136,3200.40965243551,826907.162581472,6901.90492575951,200.0016000128,300.003600043201,31138.7365883159,165184.269545295,1413770.66085141,8502.8909829342,0,
136.49514,19915.8530190031,3000.36004320518,842678.045714664,6701.7960813498,400.006400102402,100.0004000016,34347.1242544771,165386.922857016,1512371.73314556,8703.02865397158,0,
136.62142,19014.4509827469,2800.31363512713,861712.252244797,7702.37233067785,700.019600548815,500.010000200004,32141.2693898966,170150.215456486,1374076.39065041,7802.43435952017,0,
136.74774,19915.8530190031,2800.31363512713,898684.346835181,5501.21026625858,200.0016000128,300.003600043201,36553.3679171591,167717.670556589,1481816.52550093,8502.8909829342,0,
136.874,23121.3641404658,3200.40965243551,891925.033555935,6401.6388195378,100.0004000016,400.006400102402,38760.0004807442,213406.270674993,1466341.16595878,7402.19104855037,200.0016000128,
137.00026,21819.0261908384,4800.92177698118,898255.079165786,5901.39272868397,200.0016000128,200.0016000128,36152.2037822616,166298.903152029,1417231.64319408,7402.19104855037,100.0004000016,
137.12658,21318.1630749398,4500.81014582625,938973.888091322,7202.07419736884,100.0004000016,500.010000200004,37054.8411649241,171569.417147276,1430637.54926671,6801.85010322808,100.0004000016,
137.25281,23522.1107841371,3800.57768780855,895787.066193775,6301.58800017604,300.003600043201,200.0016000128,34948.7885087582,175422.342885224,1480021.35348922,6501.69043951427,0,
137.37911,25626.2412710616,4300.73972723308,904910.32756241,7302.132222609,500.010000200004,300.003600043201,40766.3676465285,164880.295697409,1421922.16313106,7202.07419736884,100.0004000016,
137.5054,22119.5536854579,9303.46088745013,883882.830909912,6401.6388195378,100.0004000016,400.006400102402,40365.0684904065,176132.221018244,1500680.5374762,6401.6388195378,0,
137.63164,23421.922919853,4100.67251029169,942436.845731743,8703.02865397158,100.0004000016,300.003600043201,42371.6929043942,173495.732589003,1447078.3383618,6501.69043951427,0,
137.75786,20616.9883984403,3500.49006860961,901582.275858068,7102.01697282028,500.010000200004,600.014400345608,39863.462632511,156473.263700215,1425832.20230772,5901.39272868397,0,
137.88406,21718.8519635043,3300.43565750679,933287.137504512,7001.96054895371,100.0004000016,100.0004000016,35149.3496869605,172279.0780099,1436786.47113314,7102.01697282028,200.0016000128,
138.01022,22820.8125810739,3100.38444767151,857325.483738845,6401.6388195378,400.006400102402,100.0004000016,36653.6609596449,157890.923435481,1385781.23021066,7001.96054895371,100.0004000016,
138.13654,19415.0660912868,4800.92177698118,880560.179548974,6801.85010322808,500.010000200004,100.0004000016,40365.0684904065,165285.59579317,1424044.612243,6501.69043951427,0,
138.26289,24023.0621396541,3400.46246289495,908776.235226816,7602.31110257518,600.014400345608,200.0016000128,39462.1924152464,179073.571238649,1409083.03438251,7202.07419736884,100.0004000016,
138.38923,20717.1538033492,3500.49006860961,909313.258106506,6301.58800017604,400.006400102402,100.0004000016,41268.0096799526,163765.787746655,1386783.80991383,6201.53798141939,0,
138.51545,22820.8125810739,3900.60849492521,854651.355197405,6401.6388195378,500.010000200004,200.0016000128,40164.423735672,162448.769254306,1379433.32756503,6901.90492575951,0,
138.64172,23922.8702639724,3200.40965243551,938560.887140284,6701.7960813498,300.003600043201,400.006400102402,39462.1924152464,171265.289026537,1435668.2725454,7001.96054895371,100.0004000016,
138.76801,23121.3641404658,4000.64010241639,922746.069074786,5301.12383825371,600.014400345608,100.0004000016,41268.0096799526,165792.239272326,1428961.06696887,7102.01697282028,0,
138.89425,22620.4488857928,3400.46246289495,868562.866816222,6601.74286011507,400.006400102402,300.003600043201,39863.462632511,166298.903152029,1436451.00162426,6901.90492575951,0,
139.02046,21318.1630749398,3400.46246289495,922531.034454154,7202.07419736884,600.014400345608,400.006400102402,51807.1371596461,168629.819792611,1435109.20872316,6601.74286011507,0,
139.14669,24323.6425805883,4200.70571856072,892997.704844683,6001.44034568296,400.006400102402,300.003600043201,41368.3404985035,163461.848165684,1406851.416041,7001.96054895371,0,
139.273,26227.4864057532,3500.49006860961,891495.989925101,7302.132222609,200.0016000128,500.010000200004,35851.3391176164,160929.303827279,1423039.19910711,7902.49718911176,200.0016000128,
139.39937,24123.2548176442,2900.33643902693,898040.450667341,5401.16665199683,200.0016000128,300.003600043201,36252.4936107484,154043.361546108,1369416.53974188,7602.31110257518,100.0004000016,
139.5256,23321.7358578195,4500.81014582625,902226.348159077,7202.07419736884,900.032401166442,100.0004000016,38258.4589252378,159511.301652477,1380658.12355434,7402.19104855037,0,
139.65189,20016.0128102482,2900.33643902693,897933.137752142,6801.85010322808,700.019600548815,400.006400102402,37556.3345017526,172481.845606093,1393581.08108108,5501.21026625858,100.0004000016,
139.77815,22920.9956319989,3500.49006860961,898040.450667341,6101.48876325823,300.003600043201,200.0016000128,35550.4816839913,159004.911037759,1462531.17286172,7001.96054895371,0,
139.90435,22420.0883992057,4500.81014582625,959893.003704996,6001.44034568296,300.003600043201,100.0004000016,43776.5213593361,172380.461399665,1428290.53359776,5801.34591225164,100.0004000016,
140.03066,23722.4889194957,4700.88376614804,923176.14901886,6701.7960813498,100.0004000016,200.0016000128,42973.74294289,156777.034478872,1489336.45271759,6801.85010322808,200.0016000128,
140.15691,26327.6967369673,4600.84655576626,935762.303925637,7902.49718911176,100.0004000016,400.006400102402,42171.0159909287,167819.017206735,1444952.18752644,6701.7960813498,300.003600043201,
140.28315,21919.201220269,3000.36004320518,883990.027416322,5501.21026625858,400.006400102402,100.0004000016,37255.4360889003,157890.923435481,1378765.30495963,7302.132222609,100.0004000016,
140.40941,23522.1107841371,3300.43565750679,899328.275021859,5301.12383825371,300.003600043201,300.003600043201,34547.6757925938,172076.313680319,1405735.7482963,5901.39272868397,100.0004000016,
140.53565,25225.4272306485,4700.88376614804,932103.529255562,6801.85010322808,500.010000200004,200.0016000128,40666.0416516423,173495.732589003,1419800.05495318,6501.69043951427,200.0016000128,
140.66197,22620.4488857928,4900.9605882753,929413.912271458,6101.48876325823,400.006400102402,400.006400102402,42070.6787402837,173292.948658566,1463203.44487397,7602.31110257518,100.0004000016,
140.78815,21919.201220269,3000.36004320518,952886.168565034,6801.85010322808,500.010000200004,800.025600819226,40264.7457111035,165589.579432667,1393023.79595025,7602.31110257518,200.0016000128,
140.91441,25025.025025025,3500.49006860961,916189.117688525,8202.69048247825,400.006400102402,800.025600819226,37255.4360889003,156270.753923372,1374646.57973583,7302.132222609,0,
141.04063,22520.2682414173,4200.70571856072,912643.296917432,8803.09869073914,200.0016000128,400.006400102402,38158.1530252104,154954.519842228,1345185.15396126,6601.74286011507,0,
141.16687,24123.2548176442,4600.84655576626,881846.265974276,8202.69048247825,400.006400102402,200.0016000128,38960.6227289663,158903.63536094,1386226.81178388,7102.01697282028,0,
141.29308,23121.3641404658,2600.27042812453,854437.448808214,6601.74286011507,400.006400102402,500.010000200004,37656.6355799122,157688.390833746,1386338.20952863,6501.69043951427,0,
141.4193,22319.9093591484,3000.36004320518,909098.446283184,5901.39272868397,400.006400102402,500.010000200004,39161.2481921726,173799.914610471,1439806.07988629,6901.90492575951,200.0016000128,
141.54547,27329.8441898553,3500.49006860961,935008.942391083,6201.53798141939,100.0004000016,400.006400102402,47590.4218014227,167616.324722653,1539294.34125015,7202.07419736884,100.0004000016,
141.67169,24824.6260290208,3900.60849492521,935869.930574863,5401.16665199683,300.003600043201,200.0016000128,47690.8032894631,168528.466612437,1480641.96878724,8803.09869073914,0,
141.79792,25726.4467872973,3100.38444767151,886777.448267864,7202.07419736884,300.003600043201,400.006400102402,41569.0045475489,167717.670556589,1496860.65194996,7001.96054895371,100.0004000016,
141.92415,27730.7256440136,4600.84655576626,886455.792146256,7402.19104855037,500.010000200004,100.0004000016,40866.6944453348,159612.582221614,1428067.03003497,6001.44034568296,300.003600043201,
142.05044,26327.6967369673,3700.5476810568,891388.7312391,7202.07419736884,200.0016000128,600.014400345608,39763.1438724695,159916.42882159,1436451.00162426,9003.24116682005,100.0004000016,
142.17667,26227.4864057532,4400.77453631839,898791.665976032,7102.01697282028,300.003600043201,300.003600043201,47389.6612390643,168021.712955692,1442155.14141265,7102.01697282028,300.003600043201,
142.30296,26828.7604311822,4700.88376614804,908668.833322279,6501.69043951427,500.010000200004,800.025600819226,41569.0045475489,159511.301652477,1425497.01074778,9003.24116682005,300.003600043201,
142.42928,26227.4864057532,3800.57768780855,909850.303248888,8302.75651516303,300.003600043201,400.006400102402,44980.7854907414,164981.619497425,1459282.33959325,8602.95941803981,700.019600548815,
142.5556,32442.0448901777,4200.70571856072,916511.513151075,6201.53798141939,500.010000200004,500.010000200004,53112.5987092636,164576.329192922,1499669.28412733,7102.01697282028,300.003600043201,
142.68191,29234.1454819229,4500.81014582625,931242.791114504,7902.49718911176,0,500.010000200004,47791.1855820906,169542.035148762,1460962.67099074,8002.56081946223,200.0016000128,
142.80819,28332.0719053969,6001.44034568296,921348.407807095,7102.01697282028,600.014400345608,700.019600548815,47490.0411179596,167514.979704916,1472506.7134277,8202.69048247825,400.006400102402,
142.93449,33444.6820952793,5701.29989637637,882918.102305857,6101.48876325823,100.0004000016,300.003600043201,52007.9685426946,159815.145806161,1436674.64701752,10404.3282005314,500.010000200004,
143.06069,28031.3951625821,5101.04061228491,893534.073819358,7202.07419736884,400.006400102402,700.019600548815,49698.6020264204,170859.796297266,1500905.27092405,8602.95941803981,800.025600819226,
143.18693,35450.1974796312,5001.00020004001,918983.478203172,8102.62525058119,0,300.003600043201,55824.3767113128,170352.948757189,1472394.58692475,8903.16952835209,500.010000200004,
143.31325,33143.8825004306,5001.00020004001,925326.762818519,6101.48876325823,200.0016000128,400.006400102402,57733.0168708705,174712.504783195,1433432.15912503,9003.24116682005,500.010000200004,
143.4395,33745.4889190629,5601.25468104855,890423.443053496,7202.07419736884,500.010000200004,700.019600548815,59139.5693837456,165589.579432667,1547281.77072493,10704.5815609081,100.0004000016,
143.56573,38258.4589252378,4400.77453631839,915759.269548776,5801.34591225164,500.010000200004,1200.05760276493,59340.5183474468,173394.340215404,1485632.07431233,12406.1534521122,400.006400102402,
143.69195,34948.7885087582,6101.48876325823,884740.42782299,7302.132222609,400.006400102402,800.025600819226,61551.1696727162,165082.944113384,1499332.21682814,9603.68781612139,400.006400102402,
143.81815,35249.6314811254,4600.84655576626,921348.407807095,5901.39272868397,100.0004000016,700.019600548815,67582.2016155555,173901.310251215,1508436.04468686,9603.68781612139,500.010000200004,
143.94438,36352.7842427204,5801.34591225164,923713.769017636,8302.75651516303,200.0016000128,1100.04840212969,66375.7630204782,174915.311584892,1483499.72033424,10304.2453490838,1700.11560786133,
144.07069,40465.3920735909,5501.21026625858,899328.275021859,8002.56081946223,500.010000200004,900.032401166442,70699.3722296877,170251.581698609,1476992.55255154,11805.5722300926,1300.06760351538,
144.19696,38057.8479288519,5501.21026625858,894285.027717243,5801.34591225164,200.0016000128,600.014400345608,78847.8977906538,165386.922857016,1496635.98709508,13907.7326993809,1200.05760276493,
144.32322,44880.4257228954,6501.69043951427,892890.433716272,8402.82334864514,200.0016000128,1100.04840212969,84182.5165254594,166906.926738127,1466117.01834843,11605.3848985929,1300.06760351538,
144.44954,46385.9066992069,6801.85010322808,885812.503882872,4800.92177698118,500.010000200004,1400.07840439065,89217.2565643428,176740.719853371,1532518.25437256,14608.5313823273,1000.04000160006,
144.57585,49096.2286080718,6401.6388195378,886777.448267864,6301.58800017604,400.006400102402,1900.14441097523,107157.347559383,158498.540807085,1472618.8408805,10504.4118529783,1600.10240655402,
144.70217,48192.7227986646,7302.132222609,825592.542395293,6001.44034568296,0,1300.06760351538,94455.5306172433,171670.794820677,1490683.75633657,14208.0701838644,2500.2500250025,
144.82852,62857.6469786224,6501.69043951427,845135.945415073,6301.58800017604,300.003600043201,1300.06760351538,95966.977722812,152929.813264649,1358073.37244169,12806.5569571621,2100.17641481884,
144.95486,47791.1855820906,7202.07419736884,810021.721714281,6601.74286011507,700.019600548815,1600.10240655402,122800.247610319,166197.568743985,1478787.31390708,14708.648685427,1500.09000540032,
145.08116,45382.2326054811,7302.132222609,827193.348567934,7202.07419736884,100.0004000016,1600.10240655402,103930.271323278,156473.263700215,1323104.5258893,14007.84439286,1700.11560786133,
145.20747,48092.3372875922,9403.53572943427,753761.079268016,5401.16665199683,200.0016000128,1800.12960933187,94757.8054734678,148173.035525315,1309696.70181642,14107.9568876847,1300.06760351538,
145.33385,46687.0246138803,8803.09869073914,745592.354588894,7302.132222609,400.006400102402,1900.14441097523,93045.0109004188,154549.552450254,1287786.06368795,16711.163056922,2200.1936170383,
145.46008,48995.8358549322,8402.82334864514,733613.864035936,6201.53798141939,300.003600043201,2200.1936170383,107157.347559383,139878.282765306,1269886.30393208,14007.84439286,1700.11560786133,
145.58637,47590.4218014227,5301.12383825371,709690.290786881,7001.96054895371,400.006400102402,1400.07840439065,87102.4196008542,133003.856408112,1256753.23693254,12005.7627661277,2200.1936170383,
145.71258,47590.4218014227,7001.96054895371,733719.819493396,5201.0818250196,200.0016000128,2800.31363512713,88915.1151681559,139271.564467148,1170775.82741525,13307.0793662228,2000.16001280102,
145.83884,41569.0045475489,8102.62525058119,653023.362721437,4900.9605882753,200.0016000128,1800.12960933187,86598.9395392896,130174.302888965,1167926.91402685,14007.84439286,1500.09000540032,
145.96515,67381.1204517744,7202.07419736884,690667.916260754,6301.58800017604,200.0016000128,1500.09000540032,83981.1689536568,126133.188606806,1141549.169117,12906.6598364756,1900.14441097523,
146.09138,43876.872280235,7102.01697282028,640499.682057804,5701.29989637637,200.0016000128,1600.10240655402,81867.2145884166,125729.148659894,1127779.47318036,15209.2472223112,1300.06760351538,
146.21767,44679.7086001427,6501.69043951427,630615.667892835,5701.29989637637,400.006400102402,3100.38444767151,75326.2801455572,133711.344351952,1036133.98819418,14007.84439286,2500.2500250025,
146.34392,45281.8696202735,7302.132222609,585079.600299652,4700.88376614804,0,2700.2916314962,68487.1067757112,112705.823736931,1003744.53921365,14107.9568876847,1900.14441097523,
146.47005,42873.3992595323,7802.43435952017,547534.765085308,4600.84655576626,300.003600043201,2800.31363512713,74622.0752960811,105745.399623213,963559.624795407,11205.0198488923,2100.17641481884,
146.59628,43776.5213593361,7202.07419736884,532714.556506961,4200.70571856072,500.010000200004,3600.51847466035,61350.1852535006,109174.691558898,924466.474479955,12205.9565067753,1200.05760276493,
146.72251,43174.4327220127,7402.19104855037,501252.621528769,5101.04061228491,500.010000200004,2000.16001280102,53413.8783887248,95765.4409225605,813859.357833783,13407.186251831,1200.05760276493,
146.84881,37255.4360889003,5901.39272868397,450680.653003384,3400.46246289495,200.0016000128,2100.17641481884,53815.5958999932,87807.3256397391,779148.999356552,12606.3536022155,2200.1936170383,
146.97512,40465.3920735909,6501.69043951427,439803.319792574,4500.81014582625,400.006400102402,2200.1936170383,51305.072789072,82873.815085041,735839.111887075,10204.1632986258,2100.17641481884,
147.10136,37556.3345017526,6101.48876325823,404851.716961498,4300.73972723308,0,2500.2500250025,40164.423735672,82773.1513996187,687289.107356429,10304.2453490838,1600.10240655402,
147.22757,35851.3391176164,4800.92177698118,393291.295586037,4000.64010241639,100.0004000016,2200.1936170383,38760.0004807442,71101.6442631302,622629.906733627,7702.37233067785,1600.10240655402,
147.35377,33444.6820952793,5101.04061228491,343146.199541796,4100.67251029169,200.0016000128,3700.5476810568,33043.6175751993,64566.3228476556,599750.965622606,7902.49718911176,1100.04840212969,
147.48002,35249.6314811254,5601.25468104855,344687.753446878,2800.31363512713,100.0004000016,2200.1936170383,35450.1974796312,72912.0281779415,572098.99880118,7302.132222609,1100.04840212969,
147.60617,30637.5003003677,4800.92177698118,319532.500151917,4000.64010241639,300.003600043201,2900.33643902693,30336.7681630136,61048.7146689335,529168.606883481,7402.19104855037,1400.07840439065,
147.7324,28732.9854673165,5901.39272868397,300468.362270322,3700.5476810568,100.0004000016,2000.16001280102,28231.8455217485,57532.0936871056,491371.68051358,8903.16952835209,2100.17641481884,
147.85865,27830.9480141918,4300.73972723308,268043.404434238,2600.27042812453,100.0004000016,2500.2500250025,25025.025025025,53012.1737596755,447261.060397547,8502.8909829342,1800.12960933187,
147.98491,22820.8125810739,4500.81014582625,239879.81778826,4100.67251029169,100.0004000016,2700.2916314962,23722.4889194957,47791.1855820906,420867.888766417,4600.84655576626,1600.10240655402,
148.11115,25425.8326459683,4100.67251029169,229996.649456445,3400.46246289495,0,2600.27042812453,21117.8234429859,47389.6612390643,378443.347193347,4900.9605882753,1400.07840439065,
148.23742,23321.7358578195,4400.77453631839,218594.779549132,2300.21161946899,400.006400102402,1500.09000540032,22119.5536854579,43776.5213593361,363201.038876715,6901.90492575951,1200.05760276493,
148.36365,23822.6791905894,3700.5476810568,193079.763305977,3000.36004320518,200.0016000128,2300.21161946899,20917.487019148,39161.2481921726,337495.439250821,5501.21026625858,1400.07840439065,
148.4899,21418.3340939844,3900.60849492521,180189.435601162,2800.31363512713,200.0016000128,2300.21161946899,16911.4321281186,32642.5659059413,280512.567448408,4700.88376614804,1300.06760351538,
148.61609,19815.6940296715,2200.1936170383,143519.207637193,2500.2500250025,200.0016000128,2400.23042212052,16310.634533716,26628.3325458288,222054.971973253,4600.84655576626,800.025600819226,
148.74237,17311.9798900839,3600.51847466035,123608.152108373,2900.33643902693,400.006400102402,2100.17641481884,17912.8255831175,24223.4482979524,191048.914971141,3700.5476810568,1400.07840439065,
148.86856,16510.8971921468,2000.16001280102,104131.939284151,2400.23042212052,100.0004000016,2000.16001280102,11505.2924345199,23321.7358578195,158498.540807085,4000.64010241639,1100.04840212969,
148.99488,13707.5117164206,2800.31363512713,89317.9719802497,1400.07840439065,200.0016000128,2100.17641481884,13106.8679988314,15109.1259120509,130477.438862574,3700.5476810568,600.014400345608,
149.12112,13307.0793662228,2700.2916314962,75628.0943325068,2000.16001280102,0,2300.21161946899,10704.5815609081,13607.4024269202,115026.822848647,3200.40965243551,400.006400102402,
149.24729,13807.6218072376,2300.21161946899,60445.7952581627,1600.10240655402,100.0004000016,2500.2500250025,9803.84310649775,11705.4781637807,97680.1712264132,2600.27042812453,600.014400345608,
149.37355,10304.2453490838,2500.2500250025,57029.7998244003,1300.06760351538,300.003600043201,2600.27042812453,9203.38684635946,11605.3848985929,94052.5088029936,1500.09000540032,1100.04840212969,
149.49978,10604.4963064339,1700.11560786133,48694.6624237518,2400.23042212052,100.0004000016,2100.17641481884,7702.37233067785,11605.3848985929,79250.4313631074,2200.1936170383,200.0016000128,
149.62605,8903.16952835209,1600.10240655402,41970.3422936842,1000.04000160006,200.0016000128,2800.31363512713,8502.8909829342,8202.69048247825,66777.8963157853,1700.11560786133,900.032401166442,
149.75234,8803.09869073914,1600.10240655402,37456.0342272039,2400.23042212052,100.0004000016,2700.2916314962,8502.8909829342,6901.90492575951,59641.9478358493,1100.04840212969,100.0004000016,
149.87854,8402.82334864514,2100.17641481884,34748.2305439951,1600.10240655402,300.003600043201,2300.21161946899,7402.19104855037,7202.07419736884,46988.1497689666,800.025600819226,500.010000200004,
150.00485,7402.19104855037,1600.10240655402,24924.8251258253,1100.04840212969,100.0004000016,2000.16001280102,6501.69043951427,4700.88376614804,43977.2240053534,1300.06760351538,600.014400345608,
150.13102,7001.96054895371,1700.11560786133,22019.3770518056,1500.09000540032,100.0004000016,1800.12960933187,6901.90492575951,4200.70571856072,34146.5759295679,900.032401166442,100.0004000016,
150.25718,5101.04061228491,1900.14441097523,16410.7654621432,1700.11560786133,100.0004000016,1900.14441097523,4500.81014582625,4500.81014582625,31339.2367243789,1600.10240655402,100.0004000016,
150.38346,4900.9605882753,2000.16001280102,14007.84439286,1500.09000540032,200.0016000128,2600.27042812453,4400.77453631839,2000.16001280102,18413.5523745477,700.019600548815,200.0016000128,
150.50968,5801.34591225164,900.032401166442,10004.0016006403,1600.10240655402,200.0016000128,2700.2916314962,4900.9605882753,2700.2916314962,13106.8679988314,300.003600043201,500.010000200004,
150.63601,4400.77453631839,2200.1936170383,6601.74286011507,1700.11560786133,300.003600043201,3200.40965243551,4200.70571856072,2900.33643902693,11305.1099096792,500.010000200004,400.006400102402,
150.76233,4700.88376614804,1300.06760351538,5701.29989637637,1400.07840439065,0,2100.17641481884,5401.16665199683,1600.10240655402,5701.29989637637,300.003600043201,0,
150.88846,5301.12383825371,1500.09000540032,3200.40965243551,1900.14441097523,300.003600043201,1700.11560786133,2300.21161946899,1200.05760276493,4800.92177698118,200.0016000128,0,
151.0147,4200.70571856072,1700.11560786133,2400.23042212052,2600.27042812453,400.006400102402,1900.14441097523,2300.21161946899,1500.09000540032,2600.27042812453,200.0016000128,0,
151.14098,5501.21026625858,1600.10240655402,1300.06760351538,1000.04000160006,200.0016000128,2500.2500250025,2300.21161946899,900.032401166442,1900.14441097523,100.0004000016,100.0004000016,
151.26713,5101.04061228491,1500.09000540032,0,900.032401166442,300.003600043201,2000.16001280102,900.032401166442,1400.07840439065,900.032401166442,300.003600043201,300.003600043201,
151.39337,3900.60849492521,1600.10240655402,600.014400345608,1300.06760351538,0,2000.16001280102,1100.04840212969,2200.1936170383,700.019600548815,0,0,
151.51965,3700.5476810568,1800.12960933187,600.014400345608,900.032401166442,0,1800.12960933187,500.010000200004,1600.10240655402,1100.04840212969,0,100.0004000016,
151.64588,4400.77453631839,1500.09000540032,1000.04000160006,1300.06760351538,200.0016000128,2300.21161946899,900.032401166442,1000.04000160006,200.0016000128,100.0004000016,0,
151.77218,3500.49006860961,500.010000200004,200.0016000128,1400.07840439065,0,2000.16001280102,600.014400345608,900.032401166442,200.0016000128,0,0,
151.89839,3900.60849492521,1200.05760276493,400.006400102402,1900.14441097523,200.0016000128,3000.36004320518,400.006400102402,1500.09000540032,300.003600043201,0,0,
152.02466,3100.38444767151,1300.06760351538,100.0004000016,1700.11560786133,100.0004000016,3100.38444767151,700.019600548815,1000.04000160006,500.010000200004,0,100.0004000016,
152.15095,3700.5476810568,800.025600819226,1300.06760351538,1400.07840439065,200.0016000128,1900.14441097523,800.025600819226,800.025600819226,200.0016000128,0,200.0016000128,
152.27714,4100.67251029169,900.032401166442,200.0016000128,1700.11560786133,400.006400102402,1600.10240655402,500.010000200004,1300.06760351538,200.0016000128,100.0004000016,0,
152.40333,3800.57768780855,1100.04840212969,500.010000200004,1100.04840212969,200.0016000128,2900.33643902693,500.010000200004,900.032401166442,400.006400102402,100.0004000016,100.0004000016,
152.52961,3000.36004320518,1300.06760351538,200.0016000128,1700.11560786133,300.003600043201,3000.36004320518,800.025600819226,1000.04000160006,400.006400102402,0,0,
152.65585,4900.9605882753,800.025600819226,1100.04840212969,1300.06760351538,100.0004000016,1900.14441097523,200.0016000128,1000.04000160006,0,0,100.0004000016,
152.7821,4600.84655576626,1500.09000540032,400.006400102402,1500.09000540032,100.0004000016,1500.09000540032,300.003600043201,900.032401166442,200.0016000128,200.0016000128,100.0004000016,
152.90827,4900.9605882753,1600.10240655402,600.014400345608,1400.07840439065,100.0004000016,2400.23042212052,500.010000200004,900.032401166442,200.0016000128,300.003600043201,100.0004000016,
153.03451,5401.16665199683,1000.04000160006,0,2000.16001280102,300.003600043201,2400.23042212052,300.003600043201,900.032401166442,400.006400102402,0,0,
153.1608,5401.16665199683,1400.07840439065,500.010000200004,1300.06760351538,100.0004000016,2200.1936170383,400.006400102402,1000.04000160006,200.0016000128,0,0,
153.28708,5201.0818250196,800.025600819226,400.006400102402,1000.04000160006,200.0016000128,2700.2916314962,500.010000200004,700.019600548815,0,0,0,
153.41341,5801.34591225164,500.010000200004,300.003600043201,1100.04840212969,0,1500.09000540032,300.003600043201,1200.05760276493,900.032401166442,0,100.0004000016,
153.53967,3300.43565750679,1000.04000160006,300.003600043201,1100.04840212969,0,2900.33643902693,300.003600043201,1400.07840439065,100.0004000016,0,100.0004000016,
153.6659,3400.46246289495,1000.04000160006,400.006400102402,1100.04840212969,100.0004000016,1800.12960933187,300.003600043201,1000.04000160006,100.0004000016,0,0,
153.79223,3100.38444767151,400.006400102402,0,1000.04000160006,100.0004000016,2200.1936170383,200.0016000128,1800.12960933187,700.019600548815,0,200.0016000128,
153.91855,3600.51847466035,1300.06760351538,300.003600043201,1000.04000160006,200.0016000128,2100.17641481884,600.014400345608,1100.04840212969,0,0,0,
154.04486,2800.31363512713,900.032401166442,500.010000200004,1700.11560786133,100.0004000016,1200.05760276493,100.0004000016,1400.07840439065,0,0,0,
154.17118,1000.04000160006,700.019600548815,0,1100.04840212969,100.0004000016,800.025600819226,100.0004000016,1200.05760276493,0,0,0,
154.29743,400.006400102402,300.003600043201,300.003600043201,1600.10240655402,0,200.0016000128,100.0004000016,500.010000200004,0,0,0,
154.42364,0,300.003600043201,400.006400102402,1600.10240655402,0,0,200.0016000128,200.0016000128,0,0,0,
154.54987,0,400.006400102402,100.0004000016,900.032401166442,100.0004000016,100.0004000016,0,1200.05760276493,0,0,0,
154.67615,100.0004000016,400.006400102402,100.0004000016,1400.07840439065,100.0004000016,100.0004000016,100.0004000016,500.010000200004,0,0,0,
154.80235,100.0004000016,500.010000200004,300.003600043201,1400.07840439065,0,0,0,600.014400345608,0,0,0,
154.92859,0,100.0004000016,100.0004000016,700.019600548815,300.003600043201,0,0,900.032401166442,0,0,0,
155.05483,0,800.025600819226,500.010000200004,900.032401166442,100.0004000016,0,100.0004000016,700.019600548815,0,0,0,
155.18106,0,700.019600548815,100.0004000016,1100.04840212969,100.0004000016,0,100.0004000016,1100.04840212969,0,0,0,
155.30734,0,300.003600043201,200.0016000128,900.032401166442,300.003600043201,0,200.0016000128,900.032401166442,0,0,0,
155.4335,0,400.006400102402,100.0004000016,1200.05760276493,200.0016000128,0,0,400.006400102402,0,0,0,
155.55965,0,300.003600043201,200.0016000128,1000.04000160006,0,0,200.0016000128,1200.05760276493,0,0,0,
155.68589,0,500.010000200004,300.003600043201,1100.04840212969,100.0004000016,100.0004000016,200.0016000128,700.019600548815,0,0,0,
155.81213,0,100.0004000016,100.0004000016,700.019600548815,400.006400102402,200.0016000128,200.0016000128,600.014400345608,0,0,0,
155.93836,0,700.019600548815,200.0016000128,500.010000200004,300.003600043201,100.0004000016,100.0004000016,800.025600819226,0,0,0,
156.06464,0,300.003600043201,0,1200.05760276493,400.006400102402,100.0004000016,0,1000.04000160006,0,0,0,
156.1909,0,100.0004000016,100.0004000016,1500.09000540032,200.0016000128,0,0,800.025600819226,0,0,0,
156.31716,0,0,400.006400102402,600.014400345608,100.0004000016,100.0004000016,100.0004000016,800.025600819226,0,0,0,
156.44347,200.0016000128,200.0016000128,100.0004000016,700.019600548815,300.003600043201,0,100.0004000016,1100.04840212969,0,0,0,
156.56979,0,300.003600043201,0,900.032401166442,0,200.0016000128,200.0016000128,800.025600819226,0,0,0,
156.69611,0,400.006400102402,200.0016000128,1000.04000160006,200.0016000128,0,0,1500.09000540032,0,0,100.0004000016,
156.8224,0,500.010000200004,0,1700.11560786133,100.0004000016,100.0004000016,0,900.032401166442,0,0,0,
156.94868,0,500.010000200004,100.0004000016,800.025600819226,100.0004000016,0,100.0004000016,500.010000200004,0,0,0,
157.07494,0,200.0016000128,200.0016000128,1400.07840439065,100.0004000016,0,300.003600043201,1200.05760276493,100.0004000016,0,0,
157.20125,0,200.0016000128,100.0004000016,900.032401166442,100.0004000016,100.0004000016,300.003600043201,1000.04000160006,0,0,0,
157.32746,0,300.003600043201,200.0016000128,1200.05760276493,100.0004000016,0,0,1500.09000540032,0,0,0,
157.4537,0,200.0016000128,0,1400.07840439065,200.0016000128,200.0016000128,200.0016000128,1500.09000540032,0,0,0,
157.57994,0,500.010000200004,100.0004000016,1100.04840212969,400.006400102402,0,100.0004000016,800.025600819226,0,0,0,
157.70618,0,200.0016000128,0,1300.06760351538,200.0016000128,100.0004000016,200.0016000128,700.019600548815,0,0,0,
157.83236,0,100.0004000016,200.0016000128,1700.11560786133,200.0016000128,100.0004000016,100.0004000016,1100.04840212969,0,0,0,
157.95865,100.0004000016,400.006400102402,300.003600043201,1600.10240655402,0,200.0016000128,0,900.032401166442,0,0,0,
158.08486,0,500.010000200004,0,900.032401166442,200.0016000128,0,0,1200.05760276493,0,0,100.0004000016,
158.21109,0,300.003600043201,200.0016000128,1400.07840439065,100.0004000016,0,0,1100.04840212969,0,0,0,
158.33732,0,400.006400102402,300.003600043201,600.014400345608,300.003600043201,100.0004000016,400.006400102402,600.014400345608,0,0,0,
158.4636,100.0004000016,500.010000200004,0,1300.06760351538,200.0016000128,0,200.0016000128,1300.06760351538,0,0,0,
158.58989,0,100.0004000016,100.0004000016,900.032401166442,100.0004000016,100.0004000016,100.0004000016,600.014400345608,0,0,0,
158.71614,0,400.006400102402,400.006400102402,700.019600548815,300.003600043201,200.0016000128,100.0004000016,1400.07840439065,0,0,0,
158.84233,0,400.006400102402,100.0004000016,800.025600819226,100.0004000016,100.0004000016,0,900.032401166442,0,0,0,
158.96856,0,500.010000200004,200.0016000128,1400.07840439065,0,0,100.0004000016,1000.04000160006,0,0,0,
159.09472,100.0004000016,600.014400345608,0,900.032401166442,0,0,0,1000.04000160006,0,0,0,
159.22104,0,600.014400345608,100.0004000016,1800.12960933187,300.003600043201,100.0004000016,0,1000.04000160006,0,0,0,
159.3474,0,300.003600043201,0,1700.11560786133,200.0016000128,0,0,700.019600548815,0,0,0,
159.47374,100.0004000016,500.010000200004,100.0004000016,1200.05760276493,0,0,200.0016000128,900.032401166442,0,0,0,
159.60003,0,100.0004000016,200.0016000128,800.025600819226,200.0016000128,100.0004000016,0,1500.09000540032,0,0,0,
159.72627,0,400.006400102402,100.0004000016,1300.06760351538,200.0016000128,0,0,400.006400102402,0,0,0,
159.85254,100.0004000016,400.006400102402,0,800.025600819226,200.0016000128,100.0004000016,200.0016000128,1700.11560786133,0,0,0,
159.97876,0,200.0016000128,200.0016000128,1200.05760276493,300.003600043201,0,100.0004000016,800.025600819226,0,200.0016000128,0,
160.10502,0,400.006400102402,200.0016000128,1200.05760276493,300.003600043201,0,100.0004000016,1200.05760276493,0,0,0,
160.23132,0,400.006400102402,100.0004000016,1500.09000540032,200.0016000128,0,0,1500.09000540032,0,0,0,
160.3576,0,100.0004000016,300.003600043201,1100.04840212969,200.0016000128,0,0,1100.04840212969,0,0,0,
160.48388,0,400.006400102402,200.0016000128,1000.04000160006,300.003600043201,0,0,600.014400345608,0,0,0,
160.61009,0,700.019600548815,0,800.025600819226,200.0016000128,100.0004000016,100.0004000016,1400.07840439065,0,0,0,
160.73622,0,200.0016000128,500.010000200004,1200.05760276493,100.0004000016,0,0,900.032401166442,0,0,0,
160.86252,0,600.014400345608,300.003600043201,1900.14441097523,100.0004000016,0,100.0004000016,1600.10240655402,0,0,0,
160.98886,100.0004000016,600.014400345608,100.0004000016,1500.09000540032,0,200.0016000128,0,1300.06760351538,0,0,0,
161.11514,0,300.003600043201,200.0016000128,1800.12960933187,100.0004000016,0,0,1300.06760351538,0,0,0,
161.24137,0,300.003600043201,100.0004000016,1000.04000160006,300.003600043201,100.0004000016,200.0016000128,1000.04000160006,0,0,100.0004000016,
161.36758,0,300.003600043201,200.0016000128,1200.05760276493,400.006400102402,100.0004000016,0,1200.05760276493,0,0,0,
161.49386,0,500.010000200004,200.0016000128,1500.09000540032,0,0,200.0016000128,1000.04000160006,0,0,0,
161.62016,0,100.0004000016,100.0004000016,1500.09000540032,300.003600043201,100.0004000016,0,1100.04840212969,0,0,0,
161.74636,0,300.003600043201,200.0016000128,1200.05760276493,100.0004000016,0,0,900.032401166442,0,0,0,
161.87263,0,700.019600548815,200.0016000128,1500.09000540032,300.003600043201,0,0,300.003600043201,0,0,0,
161.99896,0,300.003600043201,0,1400.07840439065,200.0016000128,200.0016000128,100.0004000016,800.025600819226,0,0,100.0004000016,
162.12527,100.0004000016,600.014400345608,100.0004000016,1000.04000160006,200.0016000128,0,100.0004000016,600.014400345608,0,0,0,
162.2515,100.0004000016,800.025600819226,300.003600043201,1600.10240655402,0,0,100.0004000016,1200.05760276493,0,0,0,
162.37778,0,100.0004000016,300.003600043201,1800.12960933187,0,300.003600043201,100.0004000016,1100.04840212969,0,0,0,
162.50394,0,400.006400102402,100.0004000016,1700.11560786133,0,100.0004000016,0,300.003600043201,0,0,0,
162.63026,0,600.014400345608,300.003600043201,1600.10240655402,0,100.0004000016,200.0016000128,1500.09000540032,0,0,0,
162.75656,0,100.0004000016,0,1300.06760351538,0,0,100.0004000016,1300.06760351538,0,0,0,
162.8828,0,600.014400345608,0,1200.05760276493,200.0016000128,0,0,700.019600548815,0,0,0,
163.00907,0,700.019600548815,100.0004000016,1100.04840212969,100.0004000016,0,200.0016000128,1000.04000160006,0,0,0,
163.13531,0,400.006400102402,0,1400.07840439065,0,0,200.0016000128,800.025600819226,0,0,0,
163.26154,0,700.019600548815,400.006400102402,1700.11560786133,100.0004000016,0,200.0016000128,700.019600548815,0,0,0,
163.3878,0,600.014400345608,300.003600043201,1500.09000540032,100.0004000016,0,0,1600.10240655402,0,0,0,
163.51414,0,400.006400102402,200.0016000128,1300.06760351538,200.0016000128,0,0,1000.04000160006,0,0,0,
163.64039,0,700.019600548815,200.0016000128,1300.06760351538,100.0004000016,0,100.0004000016,1000.04000160006,0,0,0,
163.7666,0,400.006400102402,100.0004000016,700.019600548815,100.0004000016,100.0004000016,0,1400.07840439065,0,0,0,
163.89281,0,300.003600043201,200.0016000128,1600.10240655402,0,0,100.0004000016,1200.05760276493,0,0,0,
164.01903,200.0016000128,400.006400102402,500.010000200004,1700.11560786133,100.0004000016,0,0,300.003600043201,0,0,0,
164.14519,100.0004000016,500.010000200004,100.0004000016,1500.09000540032,300.003600043201,100.0004000016,200.0016000128,1300.06760351538,0,0,0,
164.27143,0,200.0016000128,100.0004000016,700.019600548815,100.0004000016,100.0004000016,200.0016000128,1500.09000540032,0,0,0,
164.39771,0,700.019600548815,0,1500.09000540032,400.006400102402,0,100.0004000016,1000.04000160006,0,0,0,
164.52394,100.0004000016,400.006400102402,200.0016000128,900.032401166442,300.003600043201,0,0,1500.09000540032,0,0,0,
164.6502,0,700.019600548815,200.0016000128,1000.04000160006,0,0,0,1700.11560786133,0,0,0,

