- 73:03/07/2023 11:11:16 PM;
Software:Name=Qtegra;Version=2.10.3324.83;File Version=1;
Configuration:Machine=iCAP RQ;
STDS:Additional Gas Flow 1=0;Additional Gas Flow 2=0;Additional Gas Flow 3=0;CCT Entry Lens=-108.333333333333;Angular Deflection=-370;Deflection Entry Lens=-35;Extraction Lens 1 Polarity=0;Extraction Lens 1 Negative=0;Extraction Lens 1 Positive=0;Spray Chamber Temperature=2.7;Peristaltic Pump Speed=0;Cool Flow=14;Sampling Depth=5;Plasma Power=1550;Auxilliary Flow=0.8;Nebulizer Flow=1.105;Torch Horizontal Position=-0.723333333333333;Torch Vertical Position=0.3;Extraction Lens 2=-130;CCT Focus Lens=-1.08;CCT Bias=-2;CCT Exit Lens=-160;Focus Lens=18.8;D1 Lens=-200;D2 Lens=-80;Quad Entry Lens=-29.4;Pole Bias=-1;CCT1 Flow=0;CCT2 Flow=0;CCT1 Shut-Off Valve=0;CCT2 Shut-Off Valve=0;Virtual CCT Mass to Dac Factor=130;Virtual CCT Mass to Dac Offset=35;Virtual CCT Mass parameter b=0.65;Virtual CCT Mass Maximum Dac Limit Set=4095;
RF Generator:RF Plasma Lit Readback=1;RF FET Temperature Ok Readback=1;Plasma Power Readback=1548.6077186126;
Ion Optics:Pole Bias Readback=-0.793743890518083;Torch Horizontal Position Readback=-0.72316715542522;Torch Vertical Position Readback=0.300879765395894;Sampling Depth Readback=5;Extraction Lens 1 Negative Readback=-201.368523949169;Extraction Lens 1 Positive Readback=0.0342130987292277;Extraction Lens 2 Readback=-137.82991202346;Angular Deflection Readback=-369.296187683284;Quad Entry Lens Readback=-29.8142717497556;Focus Lens Readback=18.3724340175953;D2 Lens Readback=-80.9384164222874;Deflection Exit Lens Readback=34.5894428152493;Deflection Entry Lens Readback=-35.425219941349;D1 Lens Readback=-200.58651026393;CCT Exit Lens Readback=-162.512218963832;CCT Bias Readback=-2.01857282502444;CCT Entry Lens Readback=-109.237536656891;CCT Focus Lens Readback=-1.33431085043988;
Vacuum:Analyzer Vacuum Ok Readback=1;Interface Pressure Readback=2.02512396424301;Analyzer Pressure Readback=2.19605002409792E-07;
Detector:Detector Voltage (Counting) Readback=1618.76832844575;Detector Voltage (Analog) Readback=-1978.49462365591;
Cooling System:Plasma Cooling Water Flow Readback=0.909803921568627;Interface Temperature Readback=31.4896520911238;Exhaust Flow Readback=0.550695014662757;Quad Board Temperature Readback=0;Inlet Fan Speed Readback=0;Outlet Fan Speed Readback=2423.52941176471;Peltier Temperature Hot Side Readback=20.9447992797377;Spray Chamber Temperature Readback=2.6293915694153;
Power Supply:Supply Voltage 500 V Readback=-539.467253176931;Supply Voltage 1 kV Readback=-1169.35483870968;
Gas Supply:Nebulizer Supply Pressure Readback=0.0564456989247311;Nebulizer Flow Readback=1.10263929618768;Cool Flow Readback=14.0957966764418;Auxilliary Flow Readback=0.797653958944281;CCT2 Flow Readback=0;CCT1 Flow Readback=0;Additional Gas Flow 1 Readback=0;
Pulse Counting:Threshold=2500000;

Time,24Mg,26Mg,43Ca,55Mn,59Co,63Cu,66Zn,86Sr,88Sr,138Ba,208Pb,
,dwell time=0.01;xcal factor=66096.21568,dwell time=0.01;xcal factor=66420.50783,dwell time=0.01;xcal factor=69176.99106,dwell time=0.01;xcal factor=80139.50903,dwell time=0.01;xcal factor=85118.72235,dwell time=0.01;xcal factor=86639.08057,dwell time=0.01;xcal factor=86821.65425,dwell time=0.01;xcal factor=85302.89892,dwell time=0.01;xcal factor=82608.9753,dwell time=0.01;xcal factor=93538.82005,dwell time=0.01;xcal factor=107923.33534,
0.01244,0,400.006400102402,0,700.019600548815,0,0,100.0004000016,700.019600548815,0,0,0,
0.13869,0,400.006400102402,200.0016000128,1300.06760351538,300.003600043201,0,0,1000.04000160006,0,0,0,
0.26493,0,300.003600043201,200.0016000128,1000.04000160006,100.0004000016,0,200.0016000128,800.025600819226,0,0,0,
0.3912,100.0004000016,300.003600043201,0,1300.06760351538,300.003600043201,0,200.0016000128,1300.06760351538,0,0,0,
0.51749,0,200.0016000128,100.0004000016,800.025600819226,300.003600043201,0,0,1000.04000160006,0,100.0004000016,0,
0.64369,0,300.003600043201,300.003600043201,1400.07840439065,100.0004000016,300.003600043201,0,500.010000200004,0,0,0,
0.76988,0,500.010000200004,100.0004000016,1000.04000160006,400.006400102402,100.0004000016,100.0004000016,1200.05760276493,0,0,0,
0.89616,0,600.014400345608,0,1100.04840212969,200.0016000128,0,0,700.019600548815,0,0,0,
1.0224,0,400.006400102402,600.014400345608,800.025600819226,600.014400345608,100.0004000016,0,1300.06760351538,0,0,100.0004000016,
1.14867,100.0004000016,500.010000200004,0,900.032401166442,100.0004000016,0,100.0004000016,500.010000200004,0,0,0,
1.27494,0,0,100.0004000016,900.032401166442,100.0004000016,0,0,700.019600548815,0,0,0,
1.40108,0,200.0016000128,0,1200.05760276493,200.0016000128,100.0004000016,100.0004000016,1000.04000160006,100.0004000016,0,0,
1.52736,0,500.010000200004,100.0004000016,1900.14441097523,300.003600043201,100.0004000016,0,700.019600548815,0,0,0,
1.65358,200.0016000128,400.006400102402,0,1300.06760351538,300.003600043201,100.0004000016,0,1300.06760351538,0,0,0,
1.77984,300.003600043201,500.010000200004,100.0004000016,900.032401166442,0,0,0,800.025600819226,100.0004000016,0,0,
1.90613,0,300.003600043201,100.0004000016,800.025600819226,100.0004000016,0,0,600.014400345608,0,0,0,
2.03236,0,300.003600043201,200.0016000128,1500.09000540032,400.006400102402,100.0004000016,0,1300.06760351538,0,0,0,
2.15864,0,900.032401166442,200.0016000128,1200.05760276493,400.006400102402,0,0,500.010000200004,0,0,0,
2.2848,0,800.025600819226,200.0016000128,1100.04840212969,300.003600043201,0,200.0016000128,1100.04840212969,0,0,0,
2.41113,0,200.0016000128,200.0016000128,1000.04000160006,0,100.0004000016,0,1100.04840212969,0,0,0,
2.53743,0,400.006400102402,200.0016000128,1700.11560786133,300.003600043201,0,0,600.014400345608,0,0,0,
2.66371,0,400.006400102402,100.0004000016,700.019600548815,200.0016000128,100.0004000016,200.0016000128,1400.07840439065,0,0,0,
2.79001,0,400.006400102402,200.0016000128,600.014400345608,600.014400345608,100.0004000016,100.0004000016,700.019600548815,0,0,0,
2.91626,0,600.014400345608,300.003600043201,1100.04840212969,300.003600043201,0,0,800.025600819226,0,0,0,
3.04257,100.0004000016,300.003600043201,0,1000.04000160006,200.0016000128,0,300.003600043201,600.014400345608,0,0,0,
3.16889,0,500.010000200004,200.0016000128,700.019600548815,0,200.0016000128,0,1100.04840212969,0,0,0,
3.2951,0,300.003600043201,300.003600043201,2000.16001280102,400.006400102402,0,100.0004000016,800.025600819226,0,0,0,
3.4214,0,500.010000200004,100.0004000016,1100.04840212969,100.0004000016,0,0,1300.06760351538,0,0,0,
3.54764,0,100.0004000016,300.003600043201,1600.10240655402,200.0016000128,200.0016000128,0,900.032401166442,0,0,0,
3.67391,0,400.006400102402,300.003600043201,700.019600548815,0,400.006400102402,0,1000.04000160006,0,0,0,
3.80015,0,300.003600043201,300.003600043201,1300.06760351538,200.0016000128,0,0,900.032401166442,0,0,0,
3.92638,0,500.010000200004,400.006400102402,1300.06760351538,0,100.0004000016,100.0004000016,400.006400102402,0,0,0,
4.05276,0,500.010000200004,100.0004000016,900.032401166442,100.0004000016,100.0004000016,100.0004000016,500.010000200004,0,0,0,
4.17906,0,900.032401166442,100.0004000016,1200.05760276493,300.003600043201,0,100.0004000016,700.019600548815,0,0,0,
4.30537,0,300.003600043201,200.0016000128,500.010000200004,200.0016000128,0,200.0016000128,1300.06760351538,0,0,0,
4.43161,0,200.0016000128,0,1000.04000160006,100.0004000016,0,0,1200.05760276493,0,0,0,
4.55783,0,500.010000200004,0,1100.04840212969,300.003600043201,0,100.0004000016,400.006400102402,0,0,0,
4.68403,0,600.014400345608,300.003600043201,800.025600819226,200.0016000128,100.0004000016,0,600.014400345608,0,0,0,
4.81027,0,400.006400102402,200.0016000128,700.019600548815,100.0004000016,200.0016000128,200.0016000128,1100.04840212969,0,0,0,
4.93656,0,100.0004000016,600.014400345608,1200.05760276493,100.0004000016,100.0004000016,0,800.025600819226,0,0,0,
5.06284,0,400.006400102402,300.003600043201,1400.07840439065,400.006400102402,0,0,900.032401166442,0,0,0,
5.18918,0,600.014400345608,200.0016000128,500.010000200004,100.0004000016,0,0,800.025600819226,0,0,0,
5.31541,0,300.003600043201,200.0016000128,800.025600819226,200.0016000128,100.0004000016,0,500.010000200004,0,0,0,
5.44167,0,300.003600043201,100.0004000016,1200.05760276493,300.003600043201,100.0004000016,200.0016000128,500.010000200004,0,0,0,
5.56796,0,400.006400102402,100.0004000016,1500.09000540032,100.0004000016,0,0,700.019600548815,0,0,0,
5.69416,0,600.014400345608,0,900.032401166442,400.006400102402,0,100.0004000016,800.025600819226,0,0,0,
5.8204,0,100.0004000016,200.0016000128,1000.04000160006,200.0016000128,100.0004000016,0,1100.04840212969,0,0,0,
5.94671,0,200.0016000128,0,1800.12960933187,300.003600043201,0,0,1200.05760276493,0,0,0,
6.07297,0,500.010000200004,200.0016000128,1100.04840212969,100.0004000016,0,100.0004000016,700.019600548815,0,0,0,
6.19921,0,300.003600043201,200.0016000128,1100.04840212969,0,100.0004000016,0,1000.04000160006,0,0,100.0004000016,
6.32541,0,600.014400345608,200.0016000128,1200.05760276493,200.0016000128,0,0,1200.05760276493,0,0,0,
6.45164,100.0004000016,200.0016000128,400.006400102402,900.032401166442,0,100.0004000016,100.0004000016,400.006400102402,0,0,0,
6.57793,0,400.006400102402,100.0004000016,1700.11560786133,0,100.0004000016,0,1200.05760276493,0,0,0,
6.70413,0,500.010000200004,300.003600043201,1400.07840439065,200.0016000128,0,0,1400.07840439065,0,0,0,
6.83032,0,500.010000200004,100.0004000016,1400.07840439065,100.0004000016,0,100.0004000016,700.019600548815,0,0,0,
6.95659,0,500.010000200004,100.0004000016,1000.04000160006,0,100.0004000016,100.0004000016,900.032401166442,0,0,0,
7.08285,0,600.014400345608,100.0004000016,1400.07840439065,100.0004000016,0,100.0004000016,800.025600819226,0,0,0,
7.20921,0,400.006400102402,0,800.025600819226,0,0,0,500.010000200004,0,0,0,
7.3355,0,700.019600548815,100.0004000016,900.032401166442,100.0004000016,0,0,1500.09000540032,0,0,0,
7.46179,100.0004000016,200.0016000128,100.0004000016,1400.07840439065,100.0004000016,0,0,1700.11560786133,0,0,0,
7.58808,0,500.010000200004,300.003600043201,1500.09000540032,100.0004000016,0,100.0004000016,400.006400102402,0,0,0,
7.71441,0,200.0016000128,200.0016000128,1300.06760351538,100.0004000016,0,0,1200.05760276493,0,0,0,
7.84068,0,400.006400102402,200.0016000128,1000.04000160006,500.010000200004,0,100.0004000016,900.032401166442,0,0,0,
7.96691,0,200.0016000128,0,1400.07840439065,200.0016000128,0,200.0016000128,1000.04000160006,100.0004000016,0,0,
8.0932,0,600.014400345608,300.003600043201,1700.11560786133,100.0004000016,100.0004000016,0,1300.06760351538,100.0004000016,0,0,
8.2194,0,500.010000200004,400.006400102402,1400.07840439065,0,0,100.0004000016,600.014400345608,0,0,0,
8.34559,0,200.0016000128,100.0004000016,1100.04840212969,300.003600043201,100.0004000016,0,700.019600548815,0,0,0,
8.47187,0,200.0016000128,100.0004000016,1600.10240655402,0,100.0004000016,0,700.019600548815,0,0,0,
8.59819,0,400.006400102402,0,1400.07840439065,200.0016000128,0,100.0004000016,900.032401166442,0,0,0,
8.7245,0,300.003600043201,0,900.032401166442,0,100.0004000016,0,900.032401166442,0,0,0,
8.8507,0,300.003600043201,300.003600043201,2000.16001280102,300.003600043201,0,0,1000.04000160006,0,0,0,
8.97701,0,300.003600043201,100.0004000016,2100.17641481884,100.0004000016,0,0,900.032401166442,0,0,0,
9.10324,0,400.006400102402,0,1000.04000160006,300.003600043201,0,0,1300.06760351538,0,0,0,
9.22946,100.0004000016,800.025600819226,0,800.025600819226,200.0016000128,100.0004000016,0,700.019600548815,0,0,0,
9.3557,0,400.006400102402,100.0004000016,900.032401166442,200.0016000128,0,100.0004000016,900.032401166442,0,0,0,
9.48191,0,700.019600548815,0,600.014400345608,400.006400102402,0,0,700.019600548815,0,0,0,
9.60818,0,300.003600043201,0,1300.06760351538,400.006400102402,0,100.0004000016,1700.11560786133,0,0,0,
9.73441,0,100.0004000016,100.0004000016,1200.05760276493,0,100.0004000016,100.0004000016,500.010000200004,0,0,0,
9.86062,100.0004000016,300.003600043201,0,1300.06760351538,100.0004000016,0,100.0004000016,900.032401166442,0,0,0,
9.98697,0,400.006400102402,0,1000.04000160006,100.0004000016,100.0004000016,0,900.032401166442,0,0,0,
10.11325,0,600.014400345608,300.003600043201,900.032401166442,100.0004000016,100.0004000016,100.0004000016,1100.04840212969,0,0,0,
10.23952,0,300.003600043201,200.0016000128,1600.10240655402,200.0016000128,0,0,1200.05760276493,0,0,0,
10.36581,0,500.010000200004,300.003600043201,1000.04000160006,100.0004000016,200.0016000128,0,800.025600819226,0,0,0,
10.49212,0,600.014400345608,200.0016000128,1100.04840212969,300.003600043201,0,0,900.032401166442,0,0,0,
10.61844,0,100.0004000016,0,1000.04000160006,0,100.0004000016,100.0004000016,1500.09000540032,0,0,0,
10.74465,0,600.014400345608,0,1700.11560786133,400.006400102402,100.0004000016,0,900.032401166442,0,0,0,
10.87088,0,400.006400102402,100.0004000016,1500.09000540032,300.003600043201,0,0,600.014400345608,0,0,0,
10.99718,100.0004000016,400.006400102402,0,1600.10240655402,300.003600043201,200.0016000128,0,400.006400102402,0,0,0,
11.12346,0,600.014400345608,200.0016000128,700.019600548815,300.003600043201,0,200.0016000128,700.019600548815,0,0,0,
11.24979,0,500.010000200004,100.0004000016,1100.04840212969,100.0004000016,0,100.0004000016,900.032401166442,0,0,0,
11.37603,0,300.003600043201,0,1500.09000540032,300.003600043201,100.0004000016,0,1200.05760276493,0,0,0,
11.50232,100.0004000016,300.003600043201,0,1100.04840212969,300.003600043201,100.0004000016,0,200.0016000128,0,0,0,
11.62853,0,200.0016000128,100.0004000016,1000.04000160006,200.0016000128,0,200.0016000128,1300.06760351538,0,0,0,
11.75478,0,500.010000200004,200.0016000128,1200.05760276493,300.003600043201,0,100.0004000016,1100.04840212969,0,0,0,
11.88108,0,300.003600043201,0,1100.04840212969,200.0016000128,200.0016000128,0,100.0004000016,0,0,0,
12.00733,0,300.003600043201,100.0004000016,1700.11560786133,100.0004000016,0,200.0016000128,1100.04840212969,0,0,0,
12.13359,0,600.014400345608,300.003600043201,1500.09000540032,0,100.0004000016,100.0004000016,1200.05760276493,0,0,0,
12.25983,0,100.0004000016,100.0004000016,800.025600819226,0,0,0,1200.05760276493,0,0,0,
12.38599,0,500.010000200004,100.0004000016,1300.06760351538,700.019600548815,100.0004000016,100.0004000016,900.032401166442,0,0,0,
12.51222,0,500.010000200004,0,1500.09000540032,200.0016000128,100.0004000016,300.003600043201,1000.04000160006,0,0,100.0004000016,
12.63842,0,600.014400345608,0,700.019600548815,400.006400102402,200.0016000128,0,600.014400345608,0,0,0,
12.7646,0,700.019600548815,100.0004000016,500.010000200004,0,0,200.0016000128,1100.04840212969,0,0,0,
12.89089,100.0004000016,300.003600043201,0,500.010000200004,100.0004000016,0,300.003600043201,600.014400345608,0,0,0,
13.01712,0,500.010000200004,300.003600043201,1000.04000160006,200.0016000128,0,0,1300.06760351538,0,0,0,
13.14341,0,400.006400102402,400.006400102402,900.032401166442,200.0016000128,0,100.0004000016,1000.04000160006,0,0,0,
13.26962,100.0004000016,300.003600043201,100.0004000016,1800.12960933187,0,200.0016000128,0,900.032401166442,0,0,0,
13.39589,0,400.006400102402,100.0004000016,700.019600548815,300.003600043201,0,200.0016000128,900.032401166442,0,0,0,
13.52219,0,300.003600043201,200.0016000128,1000.04000160006,100.0004000016,0,0,1100.04840212969,0,0,0,
13.6484,0,400.006400102402,0,900.032401166442,100.0004000016,0,0,900.032401166442,0,0,0,
13.77473,0,500.010000200004,300.003600043201,1600.10240655402,100.0004000016,0,100.0004000016,900.032401166442,0,0,0,
13.90103,0,800.025600819226,0,1100.04840212969,400.006400102402,0,0,900.032401166442,0,0,0,
14.02726,0,600.014400345608,0,1100.04840212969,200.0016000128,200.0016000128,0,500.010000200004,0,0,0,
14.15354,100.0004000016,100.0004000016,200.0016000128,1700.11560786133,100.0004000016,100.0004000016,0,900.032401166442,0,0,0,
14.27977,0,500.010000200004,100.0004000016,1900.14441097523,200.0016000128,0,100.0004000016,700.019600548815,0,0,0,
14.40602,0,0,0,1100.04840212969,100.0004000016,100.0004000016,0,700.019600548815,0,0,0,
14.53233,0,200.0016000128,200.0016000128,1200.05760276493,200.0016000128,100.0004000016,300.003600043201,900.032401166442,0,0,0,
14.65852,0,500.010000200004,100.0004000016,1100.04840212969,200.0016000128,0,0,800.025600819226,0,0,0,
14.78484,0,500.010000200004,200.0016000128,1300.06760351538,200.0016000128,0,0,1200.05760276493,0,0,0,
14.91108,100.0004000016,800.025600819226,100.0004000016,1400.07840439065,100.0004000016,100.0004000016,0,1200.05760276493,0,0,0,
15.03732,0,600.014400345608,0,1300.06760351538,100.0004000016,0,0,700.019600548815,0,0,0,
15.16357,100.0004000016,300.003600043201,300.003600043201,1200.05760276493,300.003600043201,0,200.0016000128,800.025600819226,0,0,0,
15.28987,0,900.032401166442,0,1200.05760276493,100.0004000016,100.0004000016,0,500.010000200004,0,0,0,
15.41608,0,100.0004000016,400.006400102402,900.032401166442,400.006400102402,100.0004000016,0,1200.05760276493,0,0,0,
15.54238,0,300.003600043201,100.0004000016,1400.07840439065,100.0004000016,0,0,700.019600548815,0,0,0,
15.66858,0,200.0016000128,300.003600043201,900.032401166442,200.0016000128,200.0016000128,0,900.032401166442,0,0,0,
15.79481,0,300.003600043201,200.0016000128,800.025600819226,100.0004000016,0,100.0004000016,900.032401166442,200.0016000128,0,0,
15.92096,0,500.010000200004,0,1000.04000160006,200.0016000128,0,0,600.014400345608,0,0,0,
16.0472,0,200.0016000128,200.0016000128,1700.11560786133,0,0,100.0004000016,400.006400102402,0,0,0,
16.1734,0,0,200.0016000128,800.025600819226,100.0004000016,100.0004000016,0,900.032401166442,0,0,0,
16.29963,400.006400102402,300.003600043201,0,1000.04000160006,200.0016000128,100.0004000016,100.0004000016,1100.04840212969,0,0,0,
16.42595,0,300.003600043201,200.0016000128,900.032401166442,200.0016000128,0,0,900.032401166442,0,0,0,
16.55226,0,200.0016000128,200.0016000128,2100.17641481884,0,0,200.0016000128,1000.04000160006,0,0,0,
16.67854,0,200.0016000128,300.003600043201,1100.04840212969,500.010000200004,0,0,700.019600548815,0,0,0,
16.80492,0,600.014400345608,100.0004000016,1300.06760351538,100.0004000016,100.0004000016,0,400.006400102402,0,0,0,
16.93125,0,400.006400102402,0,500.010000200004,400.006400102402,0,100.0004000016,1400.07840439065,0,0,0,
17.05755,0,600.014400345608,100.0004000016,500.010000200004,300.003600043201,100.0004000016,200.0016000128,1000.04000160006,0,0,0,
17.18378,0,200.0016000128,200.0016000128,1300.06760351538,100.0004000016,0,100.0004000016,500.010000200004,0,0,0,
17.31006,0,200.0016000128,0,800.025600819226,200.0016000128,100.0004000016,0,1100.04840212969,0,0,0,
17.4363,0,700.019600548815,100.0004000016,600.014400345608,0,0,0,1200.05760276493,0,0,0,
17.56255,0,200.0016000128,100.0004000016,1100.04840212969,300.003600043201,100.0004000016,0,900.032401166442,0,0,0,
17.68879,0,800.025600819226,100.0004000016,1100.04840212969,0,100.0004000016,100.0004000016,900.032401166442,0,0,0,
17.81505,0,400.006400102402,100.0004000016,1100.04840212969,100.0004000016,100.0004000016,0,800.025600819226,0,0,0,
17.94124,0,200.0016000128,100.0004000016,1300.06760351538,200.0016000128,0,100.0004000016,1000.04000160006,0,0,0,
18.06751,0,600.014400345608,200.0016000128,1200.05760276493,100.0004000016,200.0016000128,100.0004000016,900.032401166442,0,0,0,
18.1937,0,100.0004000016,100.0004000016,1000.04000160006,300.003600043201,0,100.0004000016,700.019600548815,0,0,0,
18.32001,0,600.014400345608,300.003600043201,1200.05760276493,100.0004000016,100.0004000016,0,600.014400345608,0,0,0,
18.44617,0,300.003600043201,0,1300.06760351538,0,100.0004000016,0,1000.04000160006,0,0,0,
18.57241,0,600.014400345608,0,900.032401166442,100.0004000016,100.0004000016,100.0004000016,900.032401166442,0,0,0,
18.69861,0,200.0016000128,100.0004000016,1600.10240655402,300.003600043201,0,0,1000.04000160006,0,0,0,
18.82483,0,500.010000200004,100.0004000016,900.032401166442,300.003600043201,0,100.0004000016,1300.06760351538,0,0,0,
18.95116,0,300.003600043201,0,800.025600819226,100.0004000016,100.0004000016,100.0004000016,1000.04000160006,0,0,0,
19.07746,100.0004000016,800.025600819226,300.003600043201,1200.05760276493,200.0016000128,100.0004000016,0,900.032401166442,0,0,0,
19.2037,0,600.014400345608,200.0016000128,1100.04840212969,100.0004000016,0,0,600.014400345608,100.0004000016,0,0,
19.32997,100.0004000016,500.010000200004,200.0016000128,1200.05760276493,200.0016000128,100.0004000016,0,800.025600819226,0,0,0,
19.4562,0,200.0016000128,100.0004000016,1000.04000160006,200.0016000128,0,0,1200.05760276493,0,0,0,
19.58244,0,400.006400102402,300.003600043201,1100.04840212969,100.0004000016,0,0,1000.04000160006,0,0,0,
19.7087,0,400.006400102402,0,1200.05760276493,0,0,0,400.006400102402,0,0,0,
19.83495,0,400.006400102402,300.003600043201,1600.10240655402,200.0016000128,100.0004000016,200.0016000128,500.010000200004,0,0,0,
19.96127,0,500.010000200004,0,1500.09000540032,100.0004000016,0,100.0004000016,1100.04840212969,0,0,0,
20.08751,0,500.010000200004,200.0016000128,1100.04840212969,100.0004000016,100.0004000016,0,1200.05760276493,0,0,0,
20.21382,0,500.010000200004,0,1400.07840439065,300.003600043201,0,200.0016000128,1200.05760276493,0,0,0,
20.34011,0,600.014400345608,100.0004000016,700.019600548815,0,0,0,1000.04000160006,0,0,0,
20.46626,0,300.003600043201,0,1000.04000160006,200.0016000128,200.0016000128,100.0004000016,600.014400345608,0,0,0,
20.59251,0,500.010000200004,200.0016000128,600.014400345608,300.003600043201,0,0,900.032401166442,0,0,0,
20.71877,0,200.0016000128,800.025600819226,1100.04840212969,0,600.014400345608,3800.57768780855,91433.1825170923,724769.844793419,5501.21026625858,1200.05760276493,
20.845,44880.4257228954,9403.53572943427,441460.217697487,3500.49006860961,300.003600043201,4600.84655576626,21318.1630749398,230098.498304537,1868078.06294363,10704.5815609081,1500.09000540032,
20.97122,86498.2459520426,14107.9568876847,819511.288290335,4200.70571856072,500.010000200004,3100.38444767151,31840.5011174214,306819.884276974,2571906.53249854,8002.56081946223,300.003600043201,
21.09749,99897.5924178229,18012.9693379233,869954.841406829,4400.77453631839,400.006400102402,2900.33643902693,34547.6757925938,339960.915644284,2755298.45766425,8803.09869073914,200.0016000128,
21.22366,103829.438557875,21518.505915087,949330.299683626,5301.12383825371,400.006400102402,2800.31363512713,37255.4360889003,337495.439250821,2709863.52124932,6701.7960813498,100.0004000016,
21.34995,107459.928493954,16210.5044068556,904910.32756241,5401.16665199683,400.006400102402,1500.09000540032,33645.2191745706,335133.141191684,2538036.85262559,7602.31110257518,100.0004000016,
21.47624,104434.447300771,17912.8255831175,954826.144192556,4500.81014582625,200.0016000128,600.014400345608,36753.9548056547,337084.573161338,2754472.36791125,7001.96054895371,100.0004000016,
21.60251,105745.399623213,16110.3750815525,958060.081487542,4300.73972723308,300.003600043201,800.025600819226,36252.4936107484,311021.836324759,2635515.44347944,6301.58800017604,200.0016000128,
21.72883,96974.7102805239,16611.0297237366,927262.620354353,5601.25468104855,100.0004000016,800.025600819226,32943.3534531443,319737.647006397,2434775.63350075,7102.01697282028,100.0004000016,
21.85507,94153.2630429371,14608.5313823273,881524.732385034,3900.60849492521,800.025600819226,1000.04000160006,31238.986254846,325893.598829741,2533906.4038606,5701.29989637637,100.0004000016,
21.98136,99292.8023260017,16410.7654621432,895250.603877244,5201.0818250196,200.0016000128,800.025600819226,31339.2367243789,317276.104137045,2599167.49434749,6601.74286011507,100.0004000016,
22.10768,92239.0708243503,13307.0793662228,868027.531859063,4800.92177698118,700.019600548815,100.0004000016,31940.756405173,320147.950688505,2615689.28940747,6301.58800017604,0,
22.23394,90023.0025330887,14808.7667899396,883346.86169596,3100.38444767151,200.0016000128,200.0016000128,29434.6151073663,305180.476547159,2235688.00302806,6101.48876325823,100.0004000016,
22.36022,85289.9859522376,12105.8592358702,850266.981557386,4100.67251029169,300.003600043201,200.0016000128,30537.255451651,298829.77732982,2322427.42709292,5101.04061228491,0,
22.4865,83779.8246142115,14508.4148806308,872739.240045205,3300.43565750679,200.0016000128,800.025600819226,31439.4879969241,331025.845752291,2716472.23927331,5201.0818250196,0,
22.61279,89821.5611890568,12306.0545788528,885383.662802497,4000.64010241639,200.0016000128,700.019600548815,29635.0879441258,300365.944493021,2390166.78683882,4000.64010241639,100.0004000016,
22.73906,81363.9446364005,13607.4024269202,829328.065527972,4000.64010241639,600.014400345608,300.003600043201,28532.5270808722,293915.295736458,2381905.88930883,4600.84655576626,100.0004000016,
22.86534,79351.066775277,13106.8679988314,884954.835930802,4100.67251029169,400.006400102402,500.010000200004,27029.191526849,312456.968823153,2472775.76213869,5001.00020004001,0,
22.99158,79250.4313631074,12706.4548790786,828153.927532399,4000.64010241639,500.010000200004,200.0016000128,28031.3951625821,303541.281209388,2415775.56918178,5401.16665199683,100.0004000016,
23.11782,78143.4951308277,12105.8592358702,858074.338860755,3800.57768780855,600.014400345608,600.014400345608,31539.7400724913,298829.77732982,2399253.77412181,5501.21026625858,300.003600043201,
23.24409,75426.8840672744,12306.0545788528,864173.77414162,3500.49006860961,300.003600043201,100.0004000016,29334.3798932349,285626.436223582,2385210.24832083,3700.5476810568,100.0004000016,
23.37035,77338.5119709183,12606.3536022155,850587.738962833,3500.49006860961,600.014400345608,500.010000200004,25125.2257266295,304053.506939384,2348036.20943589,7702.37233067785,0,
23.49659,77338.5119709183,14208.0701838644,837336.397985928,4200.70571856072,100.0004000016,800.025600819226,26628.3325458288,300673.200312514,2408340.76140479,6001.44034568296,0,
23.62293,73314.3712214515,12806.5569571621,838831.836748193,4100.67251029169,300.003600043201,500.010000200004,26728.5460872212,291561.116551607,2405862.49214579,4400.77453631839,100.0004000016,
23.74916,73817.3181847359,12606.3536022155,855400.055433978,4200.70571856072,100.0004000016,100.0004000016,28031.3951625821,309176.905072364,2386862.42782682,5301.12383825371,200.0016000128,
23.87539,77640.3745997609,8602.95941803981,825805.971752767,4500.81014582625,300.003600043201,400.006400102402,22820.8125810739,298420.164257582,2261296.78537102,4800.92177698118,200.0016000128,
24.00165,69492.6335802845,14107.9568876847,826659.724460533,4400.77453631839,200.0016000128,500.010000200004,26227.4864057532,294324.762941588,2291036.01647897,5001.00020004001,200.0016000128,
24.1279,69392.077269883,12205.9565067753,836161.531815683,4600.84655576626,400.006400102402,500.010000200004,23922.8702639724,302619.327152747,2379427.62004984,4600.84655576626,100.0004000016,
24.25409,70196.5503409547,12406.1534521122,813219.672564471,2600.27042812453,400.006400102402,400.006400102402,22520.2682414173,301492.585650613,2445514.80028973,5101.04061228491,0,
24.38033,68989.8600949814,9603.68781612139,829434.810639248,4500.81014582625,200.0016000128,1000.04000160006,23421.922919853,294427.131814319,2378601.53029684,5201.0818250196,200.0016000128,
24.50663,68989.8600949814,11004.8421305374,857860.375828486,3300.43565750679,100.0004000016,400.006400102402,24824.6260290208,303131.515556365,2395949.41510981,4500.81014582625,0,
24.6329,71101.6442631302,12406.1534521122,821324.69592808,4500.81014582625,300.003600043201,200.0016000128,22420.0883992057,284910.37004972,2183644.34858914,4300.73972723308,0,
24.75907,60546.2798120259,9503.61137232148,820044.617037098,4300.73972723308,500.010000200004,200.0016000128,20717.1538033492,298112.963157852,2415775.56918178,5001.00020004001,100.0004000016,
24.88536,62154.1422728366,9903.92195309342,784679.362355193,3300.43565750679,600.014400345608,800.025600819226,22620.4488857928,283069.243247398,2274514.221419,3000.36004320518,300.003600043201,
25.01162,61551.1696727162,9403.53572943427,821004.664306283,4300.73972723308,300.003600043201,400.006400102402,21418.3340939844,296577.069563563,2264601.14438302,5801.34591225164,200.0016000128,
25.13791,64365.2900648866,10204.1632986258,835413.945336398,3700.5476810568,400.006400102402,400.006400102402,22319.9093591484,311226.845289682,2301775.18326796,4600.84655576626,200.0016000128,
25.26419,66375.7630204782,11104.9305891816,848021.902579839,3000.36004320518,400.006400102402,500.010000200004,21819.0261908384,292994.042994043,2348862.29918888,3700.5476810568,0,
25.39048,61249.6942527537,10504.4118529783,806078.673443687,4300.73972723308,100.0004000016,100.0004000016,20917.487019148,274480.862163091,2293514.28573797,5101.04061228491,200.0016000128,
25.51669,56728.433172703,8602.95941803981,802775.96584951,3300.43565750679,300.003600043201,400.006400102402,20516.8237955123,282557.866718445,2190253.06661313,4800.92177698118,100.0004000016,
25.64295,57733.0168708705,10104.0820491479,860428.165937058,4200.70571856072,300.003600043201,100.0004000016,21618.6785382571,295553.244104112,2396775.50486281,5401.16665199683,200.0016000128,
25.76926,60948.2260858408,8703.02865397158,865993.461076853,4000.64010241639,500.010000200004,500.010000200004,22620.4488857928,291868.158549663,2520688.96781262,4500.81014582625,0,
25.89558,64968.3980878437,9703.76506084361,823138.358309473,4600.84655576626,100.0004000016,300.003600043201,20516.8237955123,288388.785712263,2227427.10549807,5601.25468104855,0,
26.02184,57029.7998244003,8402.82334864514,795001.960420149,3900.60849492521,400.006400102402,600.014400345608,18113.1138944596,284501.207587778,2272035.95216,5501.21026625858,0,
26.14804,55322.1513100927,10804.6676164103,826907.162581472,4600.84655576626,300.003600043201,200.0016000128,18113.1138944596,287979.510667481,2220818.38747408,5201.0818250196,200.0016000128,
26.27425,57029.7998244003,9503.61137232148,838404.550866517,3700.5476810568,500.010000200004,900.032401166442,19114.6035571176,275094.124450519,2259644.60586502,3400.46246289495,0,
26.40056,58034.4076882059,9203.38684635946,838938.660426735,3000.36004320518,200.0016000128,400.006400102402,18713.9980705568,276116.294400026,2139035.50192721,4600.84655576626,0,
26.52675,55824.3767113128,7202.07419736884,822924.973040866,4000.64010241639,600.014400345608,200.0016000128,19615.3784567101,292072.857356756,2175383.45105915,5201.0818250196,100.0004000016,
26.65302,56025.2725093309,9703.76506084361,836161.531815683,3700.5476810568,100.0004000016,500.010000200004,21618.6785382571,283478.359365203,2184470.43834214,6001.44034568296,0,
26.77924,53514.3065588096,8502.8909829342,857860.375828486,2800.31363512713,500.010000200004,300.003600043201,18313.4054127621,280614.824552533,2179513.89982415,4100.67251029169,0,
26.90547,59541.4705339888,10904.7544729502,879702.859603647,4300.73972723308,300.003600043201,300.003600043201,18213.259252736,288286.465709084,2217514.02846209,3900.60849492521,400.006400102402,
27.0317,60747.2513372415,6801.85010322808,862675.400664567,2600.27042812453,500.010000200004,400.006400102402,19615.3784567101,276422.961507041,2153905.11748119,5301.12383825371,100.0004000016,
27.1579,58938.6236428079,10804.6676164103,863852.679495138,4200.70571856072,400.006400102402,500.010000200004,17812.6826300326,280308.055721844,2181166.07933015,4100.67251029169,0,
27.28414,56025.2725093309,9403.53572943427,865993.461076853,3500.49006860961,300.003600043201,400.006400102402,18814.1482394761,287467.935490658,2214209.66945009,4900.9605882753,300.003600043201,
27.41043,54217.3262941004,9303.46088745013,839579.621047061,3700.5476810568,0,600.014400345608,17612.3991289868,274889.700381348,2304253.45252695,4200.70571856072,100.0004000016,
27.53672,65370.4862280828,11004.8421305374,901152.912118424,3100.38444767151,100.0004000016,700.019600548815,17912.8255831175,286035.6351043,2313340.43980994,5301.12383825371,0,
27.66291,63762.2110649492,9803.84310649775,881203.206784602,4300.73972723308,100.0004000016,500.010000200004,21819.0261908384,280614.824552533,2369514.54301385,4600.84655576626,0,
27.7892,59440.9940378578,11605.3848985929,877024.100825167,4100.67251029169,200.0016000128,700.019600548815,19114.6035571176,287979.510667481,2213383.5796971,5601.25468104855,200.0016000128,
27.91543,63159.1610859366,9503.61137232148,847380.52306827,2900.33643902693,400.006400102402,400.006400102402,21318.1630749398,299341.812323411,2369514.54301385,4800.92177698118,0,
28.04172,70196.5503409547,8402.82334864514,918016.13137324,4600.84655576626,0,400.006400102402,19014.4509827469,276729.636055536,2400905.9536278,4200.70571856072,0,
28.16799,66576.8280553149,10004.0016006403,922208.489212214,4100.67251029169,900.032401166442,800.025600819226,19715.5358422437,280103.54730413,2352992.74795388,5201.0818250196,400.006400102402,
28.29422,63561.1911808346,9603.68781612139,887099.112383146,4300.73972723308,300.003600043201,700.019600548815,19415.0660912868,286240.239511268,2252209.79808803,4500.81014582625,100.0004000016,
28.4205,65169.4405454181,10904.7544729502,866207.558726638,3100.38444767151,1100.04840212969,900.032401166442,19214.7569333248,284808.078192763,2289383.83697298,5001.00020004001,100.0004000016,
28.54674,62857.6469786224,10504.4118529783,886455.792146256,3500.49006860961,600.014400345608,400.006400102402,22820.8125810739,276525.185529695,2327383.96561092,4800.92177698118,0,
28.67302,65672.0607992942,11405.2007715518,890208.944342264,4000.64010241639,500.010000200004,800.025600819226,18012.9693379233,276014.073684636,2280296.84968999,5001.00020004001,0,
28.79925,65571.5351359155,9003.24116682005,853581.858645024,4100.67251029169,700.019600548815,200.0016000128,19415.0660912868,273561.024529507,2262122.87512402,3800.57768780855,100.0004000016,
28.92551,61048.7146689335,10804.6676164103,856255.765945036,4200.70571856072,300.003600043201,900.032401166442,18213.259252736,287570.248870151,2238992.36204006,3400.46246289495,200.0016000128,
29.0518,60445.7952581627,9203.38684635946,854116.595860859,3600.51847466035,800.025600819226,200.0016000128,18313.4054127621,266204.7330676,2191905.24611913,5501.21026625858,0,
29.17801,59842.904856798,8903.16952835209,879595.698604158,3300.43565750679,200.0016000128,300.003600043201,18814.1482394761,278978.810148802,2224948.83623908,4100.67251029169,100.0004000016,
29.30432,59139.5693837456,9703.76506084361,905339.815885569,4900.9605882753,300.003600043201,0,17512.2585810067,285626.436223582,2256340.24685303,4000.64010241639,0,
29.43046,58536.7418289123,10904.7544729502,836909.161561293,6101.48876325823,400.006400102402,300.003600043201,15609.7404780583,280001.294336066,2392645.05609782,5001.00020004001,0,
29.55669,63862.7222162069,11405.2007715518,901474.933588618,3600.51847466035,200.0016000128,100.0004000016,16711.163056922,285217.250586617,2220818.38747408,4900.9605882753,100.0004000016,
29.68296,59240.0434627459,9603.68781612139,868455.798052209,3800.57768780855,400.006400102402,200.0016000128,16611.0297237366,276116.294400026,2280296.84968999,4400.77453631839,100.0004000016,
29.80912,60445.7952581627,9403.53572943427,888707.552875096,4300.73972723308,200.0016000128,100.0004000016,17412.118834709,293608.204032408,2428993.00522976,3700.5476810568,200.0016000128,
29.9353,60747.2513372415,9703.76506084361,914469.810679249,4000.64010241639,400.006400102402,600.014400345608,17712.5404786589,280921.600828405,2238992.36204006,4700.88376614804,100.0004000016,
30.06152,54016.4594866532,7802.43435952017,875202.861590435,3800.57768780855,200.0016000128,400.006400102402,14208.0701838644,277445.238942634,2275340.311172,5201.0818250196,0,
30.18778,56427.0737701303,9503.61137232148,868884.078426178,4100.67251029169,400.006400102402,500.010000200004,15910.1188355794,278365.359337019,2250557.61858204,4100.67251029169,100.0004000016,
30.31411,60646.7651717156,9803.84310649775,848663.31392271,4700.88376614804,300.003600043201,500.010000200004,16310.634533716,275911.853796038,2138209.41217421,5801.34591225164,0,
30.44042,50501.811652291,9303.46088745013,881417.556297259,3400.46246289495,0,400.006400102402,16010.246557797,272845.641546132,2156383.38674018,6101.48876325823,0,
30.56666,50903.435781508,9603.68781612139,888064.152694016,4600.84655576626,200.0016000128,600.014400345608,16410.7654621432,290947.054919797,2186122.61784814,5101.04061228491,200.0016000128,
30.69293,54016.4594866532,8903.16952835209,885383.662802497,3700.5476810568,300.003600043201,400.006400102402,15209.2472223112,271925.922930735,2488471.46744567,4000.64010241639,0,
30.81916,56025.2725093309,8502.8909829342,882810.914677831,4000.64010241639,200.0016000128,700.019600548815,14508.4148806308,278672.081021177,2262122.87512402,5201.0818250196,0,
30.94541,50903.435781508,9503.61137232148,846952.95441011,3700.5476810568,200.0016000128,1000.04000160006,12806.5569571621,263447.227690355,2100209.28353627,3900.60849492521,0,
31.07172,50100.2004008016,9103.31360615264,836268.333416009,3200.40965243551,400.006400102402,0,14608.5313823273,274072.037171083,2219992.29772109,3900.60849492521,0,
31.19796,54819.9460419398,8302.75651516303,878095.53778823,3100.38444767151,200.0016000128,0,12806.5569571621,291970.507539031,2413297.29992278,3700.5476810568,0,
31.32423,50301.0044168691,8202.69048247825,844174.102897029,3500.49006860961,200.0016000128,500.010000200004,14708.648685427,266000.452766728,2125818.06587923,4800.92177698118,0,
31.45047,51003.8438260298,7202.07419736884,804160.869331858,4700.88376614804,200.0016000128,100.0004000016,14608.5313823273,269984.51455349,2140687.68143321,3700.5476810568,200.0016000128,
31.57674,50903.435781508,7302.132222609,853154.084798345,3900.60849492521,100.0004000016,300.003600043201,14208.0701838644,276218.515942217,2396775.50486281,5101.04061228491,0,
31.70297,53614.7355340429,8302.75651516303,905447.190191576,3400.46246289495,200.0016000128,200.0016000128,13707.5117164206,262732.417138238,2226601.01574507,4500.81014582625,100.0004000016,
31.82922,44478.9946945776,10204.1632986258,827193.348567934,4700.88376614804,200.0016000128,200.0016000128,15109.1259120509,278058.645096057,2223296.65673308,4000.64010241639,0,
31.95541,52108.3854417188,8803.09869073914,865993.461076853,4000.64010241639,300.003600043201,300.003600043201,13307.0793662228,292482.264911436,2345557.94017689,4700.88376614804,200.0016000128,
32.0817,48594.2728894055,8102.62525058119,854223.545958468,3400.46246289495,400.006400102402,600.014400345608,14208.0701838644,286444.847229415,2341427.4914119,4800.92177698118,100.0004000016,
32.20793,48795.0527627819,7102.01697282028,849197.84769239,3300.43565750679,300.003600043201,200.0016000128,13106.8679988314,274276.448013846,2187774.79735414,4700.88376614804,200.0016000128,
32.3342,42472.032567234,6901.90492575951,824312.040327246,2500.2500250025,400.006400102402,300.003600043201,12406.1534521122,305282.933307421,2383558.06881483,4800.92177698118,100.0004000016,
32.46051,47088.5264296878,8302.75651516303,857646.416337068,3400.46246289495,200.0016000128,100.0004000016,13907.7326993809,294017.661294892,2386862.42782682,3300.43565750679,100.0004000016,
32.58676,48795.0527627819,7902.49718911176,865244.147212554,3500.49006860961,200.0016000128,200.0016000128,15509.6159618964,281637.441093785,2329036.14511692,4400.77453631839,100.0004000016,
32.71311,47188.9038949381,8402.82334864514,845349.697919553,4100.67251029169,100.0004000016,400.006400102402,12606.3536022155,275502.982509352,2375297.17128484,3900.60849492521,200.0016000128,
32.83937,47490.0411179596,7602.31110257518,848877.1247777,3000.36004320518,300.003600043201,500.010000200004,14308.184281409,287570.248870151,2319949.15783393,4300.73972723308,100.0004000016,
32.96567,46285.535669918,7502.25067520256,859465.184884832,3400.46246289495,200.0016000128,100.0004000016,14608.5313823273,284501.207587778,2298470.82425596,3500.49006860961,0,
33.09199,46887.7739127647,7902.49718911176,845456.57549768,3600.51847466035,500.010000200004,300.003600043201,13507.2939387269,267328.3337713,2336470.9528939,3900.60849492521,0,
33.21824,49096.2286080718,7001.96054895371,793511.590572368,3700.5476810568,400.006400102402,300.003600043201,13507.2939387269,287877.193976225,2385210.24832083,4600.84655576626,100.0004000016,
33.34445,46687.0246138803,8302.75651516303,834559.613763,2700.2916314962,300.003600043201,600.014400345608,14408.2991803279,281944.242188891,2297644.73450296,4100.67251029169,0,
33.47066,47590.4218014227,7702.37233067785,790957.071467774,3400.46246289495,100.0004000016,300.003600043201,12706.4548790786,291663.463055961,2538862.94237859,3200.40965243551,200.0016000128,
33.59697,47188.9038949381,8402.82334864514,854972.221417845,4300.73972723308,500.010000200004,400.006400102402,12306.0545788528,273867.629634722,2243948.90055805,3400.46246289495,0,
33.72326,49799.0004128207,7202.07419736884,820257.954705071,3400.46246289495,600.014400345608,600.014400345608,12806.5569571621,302209.591359194,2312514.35005694,5701.29989637637,100.0004000016,
33.84955,47891.5686793148,8202.69048247825,830822.577378812,4400.77453631839,600.014400345608,300.003600043201,17311.9798900839,296372.297841511,2521515.05756561,5401.16665199683,200.0016000128,
33.97575,49497.8076679519,8102.62525058119,841434.33070312,4500.81014582625,200.0016000128,200.0016000128,16410.7654621432,313687.21193024,2562819.54521555,4700.88376614804,100.0004000016,
34.10198,45884.059597182,7001.96054895371,815032.196508156,3500.49006860961,300.003600043201,300.003600043201,15109.1259120509,275196.337725151,2352166.65820088,5001.00020004001,0,
34.22822,42371.6929043942,6201.53798141939,812580.018998059,2200.1936170383,300.003600043201,1200.05760276493,13307.0793662228,287570.248870151,2415775.56918178,3200.40965243551,100.0004000016,
34.35442,50602.2164772841,6801.85010322808,812366.80818727,3400.46246289495,100.0004000016,700.019600548815,14408.2991803279,289002.723119813,2457906.14658471,3800.57768780855,100.0004000016,
34.48067,50803.0285418829,8202.69048247825,839259.136762031,2700.2916314962,600.014400345608,600.014400345608,16611.0297237366,295041.362451636,2508297.62151764,3900.60849492521,200.0016000128,
34.60694,46787.3988610725,7402.19104855037,830182.051123096,2900.33643902693,200.0016000128,200.0016000128,12806.5569571621,281637.441093785,2390992.87659182,4400.77453631839,0,
34.73314,44278.2840061228,8602.95941803981,830182.051123096,4300.73972723308,400.006400102402,400.006400102402,16210.5044068556,293096.401095899,2275340.311172,3600.51847466035,0,
34.85946,52007.9685426946,5801.34591225164,831356.373525546,3900.60849492521,400.006400102402,300.003600043201,13407.186251831,276627.41037919,2416601.65893478,4100.67251029169,0,
34.98572,48092.3372875922,7602.31110257518,824845.567423507,4300.73972723308,100.0004000016,700.019600548815,11905.6670975384,328048.889213088,2595863.1353355,3900.60849492521,100.0004000016,
35.11196,48293.1091143725,7402.19104855037,837977.2791163,3800.57768780855,200.0016000128,200.0016000128,16010.246557797,311021.836324759,2648732.87952742,3900.60849492521,0,
35.23819,44780.0667593657,9003.24116682005,827086.621982363,3000.36004320518,300.003600043201,400.006400102402,14408.2991803279,298420.164257582,2442210.44127774,4800.92177698118,100.0004000016,
35.3645,47389.6612390643,6401.6388195378,852298.579571307,2500.2500250025,200.0016000128,0,12806.5569571621,284808.078192763,2357123.19671887,3700.5476810568,0,
35.49077,48694.6624237518,6401.6388195378,819511.288290335,4000.64010241639,1000.04000160006,1000.04000160006,14107.9568876847,295860.383040036,2462862.68510271,3800.57768780855,300.003600043201,
35.61698,47088.5264296878,7402.19104855037,789254.33981572,4100.67251029169,300.003600043201,500.010000200004,11405.2007715518,296884.233362745,2260470.69561802,4100.67251029169,200.0016000128,
35.7432,37355.7347562563,6901.90492575951,790424.943673712,3500.49006860961,100.0004000016,700.019600548815,12606.3536022155,287467.935490658,2345557.94017689,3500.49006860961,0,
35.86943,40064.1025641026,5901.39272868397,790744.217715146,3600.51847466035,500.010000200004,400.006400102402,12306.0545788528,289002.723119813,2364558.00449586,3700.5476810568,0,
35.99565,40967.0220480706,6701.7960813498,776597.324182985,5501.21026625858,300.003600043201,200.0016000128,13407.186251831,290435.359670456,2335644.8631409,3800.57768780855,200.0016000128,
36.12195,44077.5765347011,6301.58800017604,799793.601651187,3100.38444767151,100.0004000016,800.025600819226,14208.0701838644,337392.721479217,2438079.99251274,3900.60849492521,0,
36.24825,36453.0756781874,6601.74286011507,802136.829763694,3400.46246289495,300.003600043201,1200.05760276493,12506.2531265633,299034.58884009,2329862.23486991,4200.70571856072,100.0004000016,
36.37457,38158.1530252104,5501.21026625858,789041.514167468,3900.60849492521,200.0016000128,700.019600548815,11905.6670975384,281841.974329829,2269557.68290101,4100.67251029169,100.0004000016,
36.50084,36653.6609596449,6801.85010322808,819724.617145123,3600.51847466035,0,200.0016000128,13106.8679988314,288695.750689876,2319949.15783393,3900.60849492521,300.003600043201,
36.62703,38860.311202987,3900.60849492521,801710.756630008,3200.40965243551,600.014400345608,400.006400102402,10104.0820491479,325585.730146767,2498384.54448165,3100.38444767151,0,
36.75327,37054.8411649241,5701.29989637637,777660.460780836,2500.2500250025,500.010000200004,400.006400102402,11205.0198488923,284092.058367821,2327383.96561092,3100.38444767151,300.003600043201,
36.87955,34146.5759295679,5501.21026625858,752063.255308015,2500.2500250025,200.0016000128,300.003600043201,12506.2531265633,287365.62293908,2052296.07786235,2100.17641481884,0,
37.00579,28131.6199408135,6001.44034568296,786062.323881194,2900.33643902693,500.010000200004,600.014400345608,11905.6670975384,285831.034008431,2216687.93870909,3200.40965243551,0,
37.13199,29434.6151073663,5201.0818250196,812379.994459825,3900.60849492521,500.010000200004,300.003600043201,14608.5313823273,279183.300369278,2310862.17055094,2400.23042212052,0,
37.2583,32442.0448901777,4300.73972723308,836161.531815683,3900.60849492521,300.003600043201,400.006400102402,12105.8592358702,288286.465709084,2414949.47942878,4000.64010241639,0,
37.38456,27329.8441898553,5801.34591225164,828153.927532399,3200.40965243551,200.0016000128,300.003600043201,13807.6218072376,298727.372818238,2359601.46597787,3400.46246289495,100.0004000016,
37.5108,30437.0114058695,5201.0818250196,857111.533099171,4600.84655576626,300.003600043201,900.032401166442,13206.9732818928,283580.640463438,2308383.90129195,3200.40965243551,300.003600043201,
37.637,30737.7459520291,4000.64010241639,799048.118320626,2600.27042812453,400.006400102402,400.006400102402,11905.6670975384,292891.685720645,2192731.33587213,3300.43565750679,100.0004000016,
37.76321,27329.8441898553,4300.73972723308,809612.914817607,2700.2916314962,300.003600043201,300.003600043201,11004.8421305374,296065.146474336,2201818.32315511,3200.40965243551,100.0004000016,
37.88953,26427.9078707115,4300.73972723308,751744.938237015,3200.40965243551,200.0016000128,0,10604.4963064339,282353.321898968,2162166.01501118,2800.31363512713,100.0004000016,
38.01571,27329.8441898553,4400.77453631839,797663.763569571,3300.43565750679,700.019600548815,500.010000200004,12306.0545788528,292482.264911436,2303427.36277395,3700.5476810568,100.0004000016,
38.14197,28332.0719053969,3800.57768780855,791063.499661621,3100.38444767151,400.006400102402,100.0004000016,12105.8592358702,283069.243247398,2229905.37475707,3700.5476810568,100.0004000016,
38.26821,23021.1794851263,4400.77453631839,784041.122451505,3100.38444767151,400.006400102402,200.0016000128,11605.3848985929,288900.398148448,2138209.41217421,3800.57768780855,0,
38.39444,23722.4889194957,5401.16665199683,809595.388135019,3500.49006860961,600.014400345608,100.0004000016,11905.6670975384,278876.566279192,2120861.52736124,2000.16001280102,200.0016000128,
38.52066,23922.8702639724,4300.73972723308,741127.693672699,3200.40965243551,300.003600043201,100.0004000016,12205.9565067753,278467.59907137,2204296.59241411,3100.38444767151,0,
38.64686,22620.4488857928,4900.9605882753,812899.84181855,3300.43565750679,900.032401166442,300.003600043201,10104.0820491479,278467.59907137,2288557.74721998,3000.36004320518,0,
38.77302,25626.2412710616,4100.67251029169,779574.327668702,2400.23042212052,100.0004000016,200.0016000128,12506.2531265633,267124.035301204,2157209.47649318,3200.40965243551,0,
38.89935,23221.549598027,3000.36004320518,774896.488015704,3300.43565750679,500.010000200004,200.0016000128,13707.5117164206,283682.922389207,2222470.56698008,2200.1936170383,0,
39.02555,23321.7358578195,3100.38444767151,850160.064191118,3100.38444767151,100.0004000016,500.010000200004,12706.4548790786,282660.140369329,2214209.66945009,3900.60849492521,0,
39.15185,24724.4277346018,4400.77453631839,755654.861794346,2600.27042812453,300.003600043201,300.003600043201,12706.4548790786,275094.124450519,2201818.32315511,3700.5476810568,100.0004000016,
39.27816,25926.8602271954,4300.73972723308,841289.004841624,3600.51847466035,600.014400345608,600.014400345608,12606.3536022155,285114.956246637,2234861.91327506,4400.77453631839,0,
39.4044,26127.2768770597,3700.5476810568,810767.8393703,3100.38444767151,300.003600043201,200.0016000128,11205.0198488923,272539.061236373,2267079.41364201,2800.31363512713,0,
39.53069,23421.922919853,3300.43565750679,809701.97020941,4000.64010241639,100.0004000016,200.0016000128,13807.6218072376,280205.801099386,2134905.05316222,2800.31363512713,200.0016000128,
39.65694,24524.0335528818,3700.5476810568,792021.392934224,2600.27042812453,300.003600043201,300.003600043201,13707.5117164206,277445.238942634,2155557.29698719,4000.64010241639,100.0004000016,
39.78315,23922.8702639724,4100.67251029169,788509.465414514,2500.2500250025,700.019600548815,400.006400102402,13607.4024269202,259975.669591435,2161339.92525818,2600.27042812453,0,
39.90946,23722.4889194957,4200.70571856072,798835.130996165,3200.40965243551,200.0016000128,500.010000200004,12706.4548790786,270495.382575084,2315239.71854377,3600.51847466035,100.0004000016,
40.03571,26027.0681508769,3400.46246289495,808209.901268112,3800.57768780855,400.006400102402,200.0016000128,14908.8856958747,270291.032887768,2213383.5796971,3900.60849492521,200.0016000128,
40.16197,28432.2990917683,4000.64010241639,829541.55663282,4200.70571856072,100.0004000016,600.014400345608,14808.7667899396,287672.56307757,2143992.0404452,4700.88376614804,0,
40.28822,23822.6791905894,4500.81014582625,774471.314044406,3700.5476810568,300.003600043201,300.003600043201,10504.4118529783,282148.780389143,2150600.75846919,3400.46246289495,0,
40.41448,25025.025025025,7402.19104855037,859037.216326362,3600.51847466035,500.010000200004,500.010000200004,12806.5569571621,299956.281675545,2153905.11748119,3700.5476810568,0,
40.54076,26628.3325458288,3700.5476810568,876274.147739035,2700.2916314962,0,200.0016000128,16711.163056922,346023.918535851,2340601.4016589,3700.5476810568,0,
40.66696,28131.6199408135,5401.16665199683,871561.152091664,3700.5476810568,200.0016000128,200.0016000128,14508.4148806308,283273.799651293,2175383.45105915,3700.5476810568,200.0016000128,
40.79315,25425.8326459683,4700.88376614804,822178.152371509,3700.5476810568,200.0016000128,600.014400345608,15009.0054032419,289616.690337748,2111774.54007825,3300.43565750679,100.0004000016,
40.91943,25626.2412710616,4600.84655576626,814925.570406595,4300.73972723308,300.003600043201,0,14308.184281409,272232.488364664,2297644.73450296,4200.70571856072,0,
41.04567,31339.2367243789,4500.81014582625,841502.693718241,3800.57768780855,100.0004000016,100.0004000016,15809.9919148902,275196.337725151,2089470.11674729,2800.31363512713,0,
41.17194,26127.2768770597,4900.9605882753,821218.017839363,2600.27042812453,500.010000200004,400.006400102402,13307.0793662228,279081.054845494,2107644.09131326,4000.64010241639,0,
41.2981,28231.8455217485,4100.67251029169,872739.240045205,3500.49006860961,300.003600043201,400.006400102402,14808.7667899396,283376.079094491,2178687.81007115,5001.00020004001,0,
41.42426,28732.9854673165,4700.88376614804,879702.859603647,4600.84655576626,200.0016000128,700.019600548815,14608.5313823273,268554.193973551,2341427.4914119,4000.64010241639,100.0004000016,
41.55049,27530.2833116428,3400.46246289495,867599.279846036,2600.27042812453,500.010000200004,800.025600819226,12005.7627661277,285831.034008431,2182818.25883614,4300.73972723308,0,
41.67684,30236.5257230735,4400.77453631839,864815.98735314,4600.84655576626,400.006400102402,300.003600043201,12506.2531265633,260384.038670617,2287731.65746698,4900.9605882753,0,
41.8031,25926.8602271954,5701.29989637637,867599.279846036,4400.77453631839,300.003600043201,700.019600548815,16811.2971917128,274480.862163091,2200166.14364912,3800.57768780855,200.0016000128,
41.9294,28432.2990917683,4800.92177698118,839259.136762031,3000.36004320518,200.0016000128,300.003600043201,16310.634533716,274378.654675153,2385975.75136163,2900.33643902693,0,
42.05563,30036.0432519023,4800.92177698118,883990.027416322,4300.73972723308,600.014400345608,300.003600043201,16510.8971921468,268349.875679719,2161339.92525818,4800.92177698118,0,
42.18191,25225.4272306485,4800.92177698118,865458.232458046,3300.43565750679,400.006400102402,700.019600548815,14408.2991803279,270904.091864791,2143992.0404452,4000.64010241639,100.0004000016,
42.30814,26528.1198069954,5201.0818250196,843105.472949505,2800.31363512713,400.006400102402,100.0004000016,17011.567866149,280921.600828405,2326557.87585792,4500.81014582625,0,
42.43439,33344.4147604609,5601.25468104855,865137.105918771,4200.70571856072,200.0016000128,500.010000200004,18313.4054127621,284194.344431409,2295992.55499697,3800.57768780855,100.0004000016,
42.5607,33745.4889190629,5501.21026625858,865244.147212554,4800.92177698118,400.006400102402,400.006400102402,13106.8679988314,277138.547029633,2130774.60439722,4200.70571856072,0,
42.68698,25125.2257266295,4400.77453631839,814179.212357764,4000.64010241639,200.0016000128,200.0016000128,14107.9568876847,273969.832989607,2086991.84748829,3900.60849492521,0,
42.81327,26327.6967369673,5301.12383825371,865137.105918771,3200.40965243551,200.0016000128,600.014400345608,16711.163056922,287774.878112925,2239818.45179305,5401.16665199683,100.0004000016,
42.93947,30737.7459520291,5301.12383825371,893641.350280894,3600.51847466035,500.010000200004,300.003600043201,15509.6159618964,265694.03850896,2268731.59314801,4300.73972723308,100.0004000016,
43.06571,33344.4147604609,3500.49006860961,863210.514119244,4500.81014582625,300.003600043201,300.003600043201,19214.7569333248,282966.966286681,2473601.85189169,4700.88376614804,0,
43.19193,30737.7459520291,4300.73972723308,823458.442824797,3000.36004320518,400.006400102402,400.006400102402,16310.634533716,270393.207318306,2191079.15636613,3700.5476810568,0,
43.31819,31740.2466327303,3700.5476810568,834025.685221697,3800.57768780855,300.003600043201,100.0004000016,18113.1138944596,313789.73758713,2386036.33807383,5101.04061228491,0,
43.44437,28632.7558727184,4700.88376614804,860963.186401685,3600.51847466035,300.003600043201,300.003600043201,16911.4321281186,284910.37004972,2362079.73523686,4200.70571856072,200.0016000128,
43.57066,33143.8825004306,4600.84655576626,819831.282894465,2900.33643902693,200.0016000128,400.006400102402,18413.5523745477,283580.640463438,2422384.28720577,5801.34591225164,0,
43.69686,33946.0308177889,4700.88376614804,836375.135899333,4500.81014582625,100.0004000016,200.0016000128,18814.1482394761,287672.56307757,2272035.95216,4700.88376614804,300.003600043201,
43.82317,29133.9118734207,3200.40965243551,788168.047590413,3500.49006860961,0,200.0016000128,16210.5044068556,280103.54730413,2387688.51757982,5301.12383825371,0,
43.94932,28532.5270808722,6601.74286011507,854437.448808214,3600.51847466035,500.010000200004,0,18213.259252736,293710.567105226,2447166.97979573,4200.70571856072,200.0016000128,
44.07548,31038.4877247787,3800.57768780855,834025.685221697,4200.70571856072,100.0004000016,200.0016000128,18012.9693379233,289923.685126288,2419906.01794677,4900.9605882753,0,
44.20169,31539.7400724913,4700.88376614804,862140.309352578,2600.27042812453,300.003600043201,100.0004000016,20416.6599945556,288695.750689876,2345557.94017689,5501.21026625858,0,
44.32807,30938.239664225,5001.00020004001,821218.017839363,3400.46246289495,400.006400102402,600.014400345608,19815.6940296715,299956.281675545,2604124.03286549,3900.60849492521,100.0004000016,
44.45434,30938.239664225,4600.84655576626,873255.746588632,3600.51847466035,400.006400102402,200.0016000128,20116.1734034163,272334.678495467,2298470.82425596,7402.19104855037,100.0004000016,
44.58064,23722.4889194957,4200.70571856072,824525.448520358,3100.38444767151,400.006400102402,300.003600043201,19515.221873061,305795.22955393,2513254.16003563,6101.48876325823,0,
44.70683,30437.0114058695,4200.70571856072,861391.218712889,4600.84655576626,400.006400102402,300.003600043201,21919.201220269,317686.3280443,2566949.99398054,6601.74286011507,0,
44.83314,28933.4470648069,4500.81014582625,873381.878697306,3400.46246289495,400.006400102402,300.003600043201,20416.6599945556,320968.597947584,3245169.68119249,4800.92177698118,0,
44.9593,31639.9929510902,5201.0818250196,808229.374996497,3900.60849492521,400.006400102402,100.0004000016,18814.1482394761,316455.696202532,2413297.29992278,6701.7960813498,200.0016000128,
45.08562,25926.8602271954,2800.31363512713,782552.018876953,3200.40965243551,600.014400345608,100.0004000016,19515.221873061,334619.656422022,2502514.99324664,5801.34591225164,0,
45.21188,26628.3325458288,4000.64010241639,805119.735755574,3800.57768780855,300.003600043201,200.0016000128,21017.6548300572,297805.769518775,2458732.23633771,5201.0818250196,300.003600043201,
45.33816,23321.7358578195,4400.77453631839,909919.551848028,2600.27042812453,300.003600043201,600.014400345608,21518.505915087,295553.244104112,2540515.12188458,5701.29989637637,0,
45.46443,27329.8441898553,4200.70571856072,817484.839972902,3700.5476810568,400.006400102402,200.0016000128,20116.1734034163,330204.546467754,2491775.82645766,6201.53798141939,0,
45.59068,25526.0365572884,4600.84655576626,788296.652060175,3300.43565750679,500.010000200004,400.006400102402,20416.6599945556,309074.416777689,2511601.98052963,5101.04061228491,200.0016000128,
45.71689,27229.6258329062,4100.67251029169,849946.232111837,4300.73972723308,300.003600043201,700.019600548815,20116.1734034163,311636.873182624,3041951.6019548,5701.29989637637,100.0004000016,
45.84318,25325.6295370915,5501.21026625858,830502.310280127,4100.67251029169,400.006400102402,1100.04840212969,21518.505915087,317276.104137045,2710689.61100232,5001.00020004001,0,
45.96942,27129.408278574,4900.9605882753,829861.799907426,3700.5476810568,500.010000200004,100.0004000016,22520.2682414173,336365.589567093,2685080.82865936,6101.48876325823,200.0016000128,
46.09561,25125.2257266295,4500.81014582625,843746.640312937,3800.57768780855,300.003600043201,400.006400102402,22520.2682414173,317686.3280443,2578515.25052253,8402.82334864514,100.0004000016,
46.2218,25125.2257266295,4100.67251029169,845242.821225354,3500.49006860961,400.006400102402,300.003600043201,22720.6303323418,318404.251871536,2615689.28940747,6301.58800017604,100.0004000016,
46.34801,26327.6967369673,4100.67251029169,850908.504328476,3400.46246289495,400.006400102402,400.006400102402,21919.201220269,324662.169006665,2580993.51978152,8002.56081946223,0,
46.47427,22820.8125810739,3200.40965243551,863745.649717982,3700.5476810568,400.006400102402,600.014400345608,24023.0621396541,311841.892110805,2614037.10990147,7001.96054895371,200.0016000128,
46.60056,24624.2302425587,4100.67251029169,793830.941041493,4400.77453631839,100.0004000016,100.0004000016,23822.6791905894,324970.015235502,2706559.16223733,6901.90492575951,200.0016000128,
46.72678,22820.8125810739,3600.51847466035,860535.168258986,3300.43565750679,400.006400102402,300.003600043201,22420.0883992057,319532.500151917,2796602.94531419,6201.53798141939,100.0004000016,
46.85309,26227.4864057532,3500.49006860961,846952.95441011,4000.64010241639,300.003600043201,200.0016000128,23822.6791905894,343248.963967982,2618993.64841946,5501.21026625858,0,
46.97932,22720.6303323418,4200.70571856072,842817.870524229,3200.40965243551,100.0004000016,300.003600043201,24924.8251258253,339652.704855888,2832124.80469313,6401.6388195378,200.0016000128,
47.10558,28732.9854673165,3700.5476810568,837229.587555137,3900.60849492521,200.0016000128,300.003600043201,22820.8125810739,331949.871111039,2690863.45693035,8302.75651516303,100.0004000016,
47.23182,22119.5536854579,5201.0818250196,787658.233070918,2800.31363512713,300.003600043201,300.003600043201,21718.8519635043,296474.683288137,2548776.01941457,6801.85010322808,0,
47.35802,22219.7311212357,4800.92177698118,768414.108722093,2900.33643902693,100.0004000016,300.003600043201,23522.1107841371,323636.068961326,2713993.97001431,4700.88376614804,0,
47.48425,25526.0365572884,4000.64010241639,820364.624861086,4000.64010241639,200.0016000128,600.014400345608,21819.0261908384,335538.952904159,2694167.81594235,7001.96054895371,0,
47.61058,22119.5536854579,3800.57768780855,797344.318186509,4100.67251029169,200.0016000128,400.006400102402,22019.3770518056,346949.038438141,2847820.51000011,5101.04061228491,0,
47.73684,21718.8519635043,3100.38444767151,783828.382838284,3200.40965243551,300.003600043201,200.0016000128,24423.8376655616,319635.073163618,2496732.36497565,6301.58800017604,0,
47.86305,26227.4864057532,3400.46246289495,792979.357362761,3300.43565750679,300.003600043201,500.010000200004,27029.191526849,364642.094754186,2609906.66113648,6501.69043951427,200.0016000128,
47.9894,22319.9093591484,3300.43565750679,812153.600898676,3900.60849492521,300.003600043201,500.010000200004,23822.6791905894,340474.616953386,2785863.7785252,6901.90492575951,100.0004000016,
48.11568,22720.6303323418,5101.04061228491,829648.303508699,3100.38444767151,400.006400102402,1000.04000160006,26127.2768770597,329999.229968023,2636341.53323243,7502.25067520256,100.0004000016,
48.24188,22420.0883992057,4200.70571856072,791808.521613535,3700.5476810568,200.0016000128,300.003600043201,25025.025025025,331025.845752291,2651211.14878641,6501.69043951427,0,
48.36812,20216.3347985172,3500.49006860961,799687.101394834,3600.51847466035,200.0016000128,500.010000200004,21919.201220269,333387.377893073,2558689.09645056,8102.62525058119,0,
48.49441,22820.8125810739,3000.36004320518,829968.549430294,3400.46246289495,200.0016000128,600.014400345608,27730.7256440136,354455.28488266,2840385.70222312,6001.44034568296,0,
48.62062,24323.6425805883,4000.64010241639,803841.263025779,4500.81014582625,100.0004000016,400.006400102402,24323.6425805883,333490.063191858,2579341.34027552,5701.29989637637,0,
48.74688,19815.6940296715,3700.5476810568,788083.842218188,3300.43565750679,600.014400345608,600.014400345608,27430.063349431,329075.346907016,2773472.43223022,6001.44034568296,0,
48.87318,24624.2302425587,4700.88376614804,816098.505970747,4400.77453631839,100.0004000016,100.0004000016,26027.0681508769,338830.846073698,2848646.5997531,7902.49718911176,0,
48.99941,21919.201220269,4000.64010241639,844601.579622049,4000.64010241639,100.0004000016,200.0016000128,29234.1454819229,360833.945374793,2848646.5997531,7102.01697282028,100.0004000016,
49.1257,21017.6548300572,4100.67251029169,822178.152371509,3000.36004320518,100.0004000016,500.010000200004,26427.9078707115,338317.211406702,2761081.08593524,6901.90492575951,100.0004000016,
49.25192,26127.2768770597,3400.46246289495,788083.842218188,3600.51847466035,400.006400102402,500.010000200004,26728.5460872212,347257.426746426,2802385.57358518,6601.74286011507,0,
49.37808,21017.6548300572,3600.51847466035,848770.218908065,4400.77453631839,300.003600043201,900.032401166442,26227.4864057532,345407.20945039,2706559.16223733,6601.74286011507,0,
49.50431,21518.505915087,2900.33643902693,817911.434236616,3600.51847466035,300.003600043201,500.010000200004,28632.7558727184,350136.079530475,2751168.00889926,5701.29989637637,0,
49.63052,19815.6940296715,3200.40965243551,825485.829039416,3800.57768780855,400.006400102402,200.0016000128,27931.1711870447,329383.300438908,2599993.58410049,6001.44034568296,0,
49.7567,21718.8519635043,4600.84655576626,818871.322876346,3700.5476810568,1200.05760276493,500.010000200004,27630.5040765005,328356.817785775,2582645.69928752,5901.39272868397,200.0016000128,
49.88298,21217.9928579435,2800.31363512713,827086.621982363,4000.64010241639,300.003600043201,400.006400102402,27830.9480141918,347771.423936407,2728037.49581529,7902.49718911176,100.0004000016,
50.00921,24423.8376655616,2700.2916314962,841502.693718241,3800.57768780855,300.003600043201,200.0016000128,31439.4879969241,349005.102247747,2718124.41877931,6001.44034568296,100.0004000016,
50.13549,25025.025025025,4700.88376614804,843319.191869072,4500.81014582625,500.010000200004,700.019600548815,28532.5270808722,336262.880956049,2701602.62371933,5401.16665199683,300.003600043201,
50.2618,20817.3200102485,3500.49006860961,844280.970752544,3600.51847466035,400.006400102402,400.006400102402,25325.6295370915,334106.192466245,2695819.99544834,6601.74286011507,0,
50.38805,22319.9093591484,3700.5476810568,837870.463386704,3900.60849492521,500.010000200004,700.019600548815,28632.7558727184,354763.855871352,2646254.61026842,6101.48876325823,300.003600043201,
50.5142,22219.7311212357,4400.77453631839,844067.235925321,3500.49006860961,100.0004000016,400.006400102402,29234.1454819229,339549.96959254,2735472.30359228,7602.31110257518,200.0016000128,
50.64043,23622.2994506814,4100.67251029169,836591.941329237,3500.49006860961,100.0004000016,900.032401166442,26928.9755777216,350650.193476162,2526471.59608361,5401.16665199683,100.0004000016,
50.76666,20016.0128102482,3000.36004320518,816738.333932282,4500.81014582625,400.006400102402,300.003600043201,30837.992406645,337700.877292555,2908951.15172201,6101.48876325823,100.0004000016,
50.89294,23021.1794851263,4000.64010241639,884311.622262993,4900.9605882753,200.0016000128,900.032401166442,30537.255451651,339139.036869461,2690863.45693035,6201.53798141939,100.0004000016,
51.01918,23522.1107841371,3500.49006860961,872563.976678078,3700.5476810568,500.010000200004,500.010000200004,28131.6199408135,327125.148416953,2783385.50926621,6501.69043951427,0,
51.14546,20416.6599945556,3300.43565750679,828047.193007831,3400.46246289495,300.003600043201,600.014400345608,27530.2833116428,325072.632308309,2648732.87952742,6601.74286011507,100.0004000016,
51.27185,21919.201220269,2700.2916314962,772877.036572743,3300.43565750679,600.014400345608,900.032401166442,26628.3325458288,310816.83068076,2481036.65966868,6201.53798141939,100.0004000016,
51.39809,22119.5536854579,3500.49006860961,818764.66505833,3600.51847466035,400.006400102402,500.010000200004,30637.5003003677,331025.845752291,2650385.05903341,5901.39272868397,0,
51.5244,22620.4488857928,4200.70571856072,821111.340632101,3400.46246289495,600.014400345608,400.006400102402,33845.7594667991,331847.1982977,2590080.50706451,7302.132222609,100.0004000016,
51.6506,25425.8326459683,4000.64010241639,827300.076035571,3200.40965243551,400.006400102402,1000.04000160006,27430.063349431,323738.675224064,2550428.19892057,5601.25468104855,100.0004000016,
51.77691,22520.2682414173,3900.60849492521,861819.265193302,3400.46246289495,500.010000200004,600.014400345608,29835.5639922788,321584.118302441,2552080.37842657,6301.58800017604,100.0004000016,
51.90315,21518.505915087,4400.77453631839,856255.765945036,3100.38444767151,300.003600043201,400.006400102402,28231.8455217485,326406.729935408,2717298.32902631,5101.04061228491,0,
52.02939,21518.505915087,3300.43565750679,858930.226400106,3400.46246289495,300.003600043201,300.003600043201,26528.1198069954,325175.250212731,2472775.76213869,6601.74286011507,0,
52.15575,23722.4889194957,3800.57768780855,883632.295246952,4000.64010241639,100.0004000016,700.019600548815,27730.7256440136,307844.621981786,2474427.94164469,6901.90492575951,0,
52.28195,24223.4482979524,4100.67251029169,862187.428019758,3400.46246289495,400.006400102402,500.010000200004,31940.756405173,324149.108589951,2446340.89004273,8102.62525058119,0,
52.40816,23822.6791905894,4300.73972723308,861498.229004601,3800.57768780855,0,600.014400345608,28532.5270808722,317788.886098306,2454601.78757272,6201.53798141939,100.0004000016,
52.53438,24023.0621396541,4700.88376614804,848877.1247777,4500.81014582625,200.0016000128,600.014400345608,29234.1454819229,295962.764342811,2428166.91547676,6101.48876325823,100.0004000016,
52.66057,23321.7358578195,4100.67251029169,804587.023389278,3900.60849492521,600.014400345608,500.010000200004,27530.2833116428,303848.614158819,2523993.32682461,6101.48876325823,200.0016000128,
52.78688,22420.0883992057,3400.46246289495,837122.778007441,3600.51847466035,400.006400102402,1100.04840212969,29635.0879441258,309791.852271807,2612384.93039547,6501.69043951427,0,
52.91316,25526.0365572884,3100.38444767151,891817.77131518,3700.5476810568,400.006400102402,700.019600548815,27730.7256440136,299956.281675545,2535558.58336659,7202.07419736884,0,
53.03944,25826.6531060054,4200.70571856072,834879.981481558,2500.2500250025,400.006400102402,400.006400102402,29534.8511243267,279387.793898162,2519036.78830662,6801.85010322808,0,
53.16572,30637.5003003677,4500.81014582625,849732.403570158,3800.57768780855,100.0004000016,600.014400345608,31840.5011174214,311739.382231564,2411645.12041679,6401.6388195378,0,
53.29205,22720.6303323418,3700.5476810568,898791.665976032,3000.36004320518,200.0016000128,800.025600819226,29935.8032206519,316558.244286559,2500862.81374065,5901.39272868397,0,
53.41835,22920.9956319989,4500.81014582625,896430.850314486,3500.49006860961,100.0004000016,700.019600548815,30136.2840860396,307434.716941404,2451297.42856072,6001.44034568296,0,
53.54458,23722.4889194957,4600.84655576626,852940.203183428,2600.27042812453,700.019600548815,600.014400345608,28833.2158646761,292994.042994043,2451297.42856072,5501.21026625858,100.0004000016,
53.67092,24223.4482979524,3600.51847466035,913825.129361815,3800.57768780855,500.010000200004,700.019600548815,28933.4470648069,302721.763174621,2407514.67165179,5801.34591225164,100.0004000016,
53.79712,26227.4864057532,4000.64010241639,858823.237359173,3600.51847466035,200.0016000128,700.019600548815,28632.7558727184,315532.800829539,2524819.41657761,4800.92177698118,0,
53.92333,23421.922919853,3800.57768780855,852405.514628325,3900.60849492521,200.0016000128,100.0004000016,33946.0308177889,303233.955725413,2326557.87585792,5401.16665199683,0,
54.04964,25626.2412710616,4000.64010241639,927907.970446333,3300.43565750679,300.003600043201,600.014400345608,32742.827618525,305487.849316954,2306731.72178595,6201.53798141939,200.0016000128,
54.17602,24724.4277346018,3600.51847466035,857967.356902009,3400.46246289495,300.003600043201,1100.04840212969,29033.6790677186,295348.488957063,3081603.91009874,7001.96054895371,100.0004000016,
54.30233,26227.4864057532,3900.60849492521,857345.038645876,3500.49006860961,300.003600043201,800.025600819226,31539.7400724913,296065.146474336,2304253.45252695,5901.39272868397,100.0004000016,
54.42855,26427.9078707115,4000.64010241639,843212.331967433,3000.36004320518,100.0004000016,1200.05760276493,27329.8441898553,291458.77087557,2272862.041913,5101.04061228491,0,
54.55478,26828.7604311822,3800.57768780855,870383.171419229,3900.60849492521,200.0016000128,800.025600819226,29935.8032206519,294529.501515648,2345557.94017689,6601.74286011507,0,
54.68105,27730.7256440136,4600.84655576626,886884.668751424,2900.33643902693,200.0016000128,400.006400102402,27329.8441898553,298112.963157852,2593384.8660765,6701.7960813498,100.0004000016,
54.80732,30236.5257230735,6401.6388195378,931242.791114504,3700.5476810568,900.032401166442,1100.04840212969,28231.8455217485,291970.507539031,2395949.41510981,5701.29989637637,200.0016000128,
54.93362,26427.9078707115,4100.67251029169,851763.917555623,4100.67251029169,100.0004000016,1000.04000160006,25826.6531060054,294529.501515648,2381079.79955583,7402.19104855037,0,
55.05985,24824.6260290208,2900.33643902693,905554.565387692,4900.9605882753,200.0016000128,500.010000200004,30336.7681630136,302926.637706624,2372818.90202585,4000.64010241639,100.0004000016,
55.18613,26928.9755777216,4800.92177698118,965261.144692398,3000.36004320518,100.0004000016,900.032401166442,28332.0719053969,280103.54730413,2195209.60513112,6101.48876325823,100.0004000016,
55.31228,25726.4467872973,4800.92177698118,887206.33553133,3100.38444767151,500.010000200004,1000.04000160006,32442.0448901777,289105.048919245,2274514.221419,6901.90492575951,0,
55.43843,29635.0879441258,3600.51847466035,887956.922439681,3100.38444767151,600.014400345608,500.010000200004,28732.9854673165,298010.564449212,2417427.74868778,6101.48876325823,0,
55.56468,26828.7604311822,4500.81014582625,926402.203536776,4600.84655576626,100.0004000016,300.003600043201,27029.191526849,297293.796698804,2264601.14438302,7202.07419736884,0,
55.69096,25826.6531060054,4700.88376614804,846525.399897441,2600.27042812453,300.003600043201,700.019600548815,27730.7256440136,281023.861241561,2331514.41437591,3900.60849492521,0,
55.81727,28332.0719053969,4500.81014582625,810996.454638716,4000.64010241639,200.0016000128,600.014400345608,27730.7256440136,273152.229294212,2353818.83770688,5201.0818250196,100.0004000016,
55.94359,29033.6790677186,4800.92177698118,861819.265193302,3400.46246289495,100.0004000016,700.019600548815,30336.7681630136,282864.690153437,2374471.08153184,7102.01697282028,100.0004000016,
56.0699,26427.9078707115,3700.5476810568,863638.620826643,3400.46246289495,300.003600043201,800.025600819226,25025.025025025,274480.862163091,2248079.34932304,6901.90492575951,0,
56.19609,28732.9854673165,5401.16665199683,867171.042012425,4800.92177698118,100.0004000016,600.014400345608,26628.3325458288,295758.002566002,2287731.65746698,6301.58800017604,100.0004000016,
56.32225,26628.3325458288,3500.49006860961,884740.42782299,3700.5476810568,400.006400102402,700.019600548815,29033.6790677186,282966.966286681,2290209.92672598,5701.29989637637,0,
56.44856,30036.0432519023,4600.84655576626,851977.779708059,2600.27042812453,700.019600548815,1700.11560786133,30737.7459520291,298215.362695454,2822211.72765714,6501.69043951427,0,
56.57488,30938.239664225,4100.67251029169,898791.665976032,2500.2500250025,300.003600043201,1600.10240655402,29635.0879441258,303951.060134334,2297644.73450296,6801.85010322808,100.0004000016,
56.70116,27530.2833116428,4700.88376614804,876488.415613666,3200.40965243551,200.0016000128,700.019600548815,32542.3049964954,301492.585650613,2475254.03139769,5301.12383825371,0,
56.82745,28332.0719053969,4100.67251029169,897611.204342511,2800.31363512713,400.006400102402,900.032401166442,25826.6531060054,310611.828357605,2332340.50412891,4400.77453631839,0,
56.95371,29234.1454819229,4200.70571856072,843746.640312937,2700.2916314962,300.003600043201,800.025600819226,24824.6260290208,287467.935490658,2409992.94091079,4400.77453631839,0,
57.08003,29434.6151073663,4700.88376614804,856469.702423061,3100.38444767151,500.010000200004,600.014400345608,25225.4272306485,293301.119785027,2380253.70980283,5101.04061228491,0,
57.20623,28332.0719053969,4200.70571856072,882489.357120376,3300.43565750679,200.0016000128,1100.04840212969,24624.2302425587,282251.050730354,2306731.72178595,5801.34591225164,100.0004000016,
57.33247,28231.8455217485,4800.92177698118,830288.803293052,3500.49006860961,100.0004000016,700.019600548815,27029.191526849,280921.600828405,2494254.09571666,5301.12383825371,100.0004000016,
57.45871,28933.4470648069,4300.73972723308,849839.317398803,3100.38444767151,300.003600043201,1300.06760351538,29234.1454819229,275196.337725151,2120035.43760824,3800.57768780855,0,
57.58492,26127.2768770597,4100.67251029169,793405.142173249,3400.46246289495,300.003600043201,600.014400345608,24123.2548176442,287774.878112925,2213383.5796971,5601.25468104855,100.0004000016,
57.71124,27430.063349431,4300.73972723308,820577.967817232,2200.1936170383,300.003600043201,700.019600548815,25325.6295370915,295758.002566002,2414949.47942878,6501.69043951427,0,
57.83746,27329.8441898553,3800.57768780855,850266.981557386,4400.77453631839,300.003600043201,800.025600819226,29635.0879441258,292891.685720645,2459558.32609071,4900.9605882753,0,
57.96367,26828.7604311822,4700.88376614804,852833.263703036,2400.23042212052,200.0016000128,600.014400345608,28432.2990917683,289309.703002347,2333166.59388191,7102.01697282028,100.0004000016,
58.08998,25025.025025025,5101.04061228491,827300.076035571,3200.40965243551,400.006400102402,1000.04000160006,25225.4272306485,284194.344431409,2415775.56918178,6201.53798141939,100.0004000016,
58.21627,25526.0365572884,4700.88376614804,829007.835487817,2700.2916314962,400.006400102402,1200.05760276493,42171.0159909287,295143.737124772,2297644.73450296,5401.16665199683,0,
58.34252,25726.4467872973,5501.21026625858,833171.445458942,3500.49006860961,200.0016000128,900.032401166442,28833.2158646761,279285.546720164,2386862.42782682,6401.6388195378,0,
58.46881,26728.5460872212,3500.49006860961,811688.224549271,3300.43565750679,500.010000200004,700.019600548815,31639.9929510902,294734.243404145,2496732.36497565,7302.132222609,100.0004000016,
58.59512,23021.1794851263,4700.88376614804,861391.218712889,3400.46246289495,500.010000200004,900.032401166442,29935.8032206519,319532.500151917,2523167.23707161,5101.04061228491,200.0016000128,
58.72147,26528.1198069954,3000.36004320518,852619.387396331,2500.2500250025,100.0004000016,100.0004000016,25826.6531060054,274174.24217916,2466993.1338677,4200.70571856072,100.0004000016,
58.8478,24724.4277346018,3600.51847466035,802882.491608903,3000.36004320518,0,900.032401166442,25826.6531060054,289923.685126288,2327383.96561092,5301.12383825371,0,
58.97411,23321.7358578195,3700.5476810568,820684.640617383,2200.1936170383,300.003600043201,800.025600819226,27129.408278574,333832.894925747,2380253.70980283,5401.16665199683,100.0004000016,
59.10043,27129.408278574,3400.46246289495,812046.998575175,2500.2500250025,400.006400102402,700.019600548815,23321.7358578195,281841.974329829,2364558.00449586,4300.73972723308,100.0004000016,
59.22675,23922.8702639724,4400.77453631839,810341.481141932,1800.12960933187,500.010000200004,300.003600043201,28833.2158646761,305282.933307421,2481862.74942168,5801.34591225164,0,
59.35295,23922.8702639724,4200.70571856072,763264.330810447,2300.21161946899,100.0004000016,800.025600819226,28532.5270808722,282966.966286681,2462862.68510271,5101.04061228491,0,
59.47927,27329.8441898553,2700.2916314962,779467.994274896,2700.2916314962,100.0004000016,500.010000200004,30537.255451651,280308.055721844,2313340.43980994,4200.70571856072,0,
59.60555,22319.9093591484,3800.57768780855,718299.286624396,2900.33643902693,200.0016000128,500.010000200004,24323.6425805883,267226.184123288,2262948.96487702,4900.9605882753,100.0004000016,
59.73179,23622.2994506814,2600.27042812453,785955.936958495,2600.27042812453,300.003600043201,600.014400345608,23922.8702639724,290333.023105248,2346384.02992989,4000.64010241639,200.0016000128,
59.85811,24023.0621396541,3600.51847466035,828260.662939132,2100.17641481884,600.014400345608,700.019600548815,29334.3798932349,278160.882349372,2124165.88637323,4100.67251029169,100.0004000016,
59.98436,22219.7311212357,3600.51847466035,815458.709722721,2200.1936170383,200.0016000128,1000.04000160006,26427.9078707115,274480.862163091,2792472.49654919,4300.73972723308,300.003600043201,
60.1106,24824.6260290208,4000.64010241639,832957.894345269,2500.2500250025,400.006400102402,700.019600548815,28732.9854673165,282148.780389143,2523167.23707161,5801.34591225164,0,
60.23686,21618.6785382571,6001.44034568296,828474.136399139,2900.33643902693,600.014400345608,1000.04000160006,27830.9480141918,296884.233362745,2432297.36424175,5401.16665199683,200.0016000128,
60.36313,21819.0261908384,3800.57768780855,807677.061310782,2700.2916314962,200.0016000128,500.010000200004,25125.2257266295,285728.734702134,2301775.18326796,5101.04061228491,0,
60.48942,21017.6548300572,3900.60849492521,794576.122889488,2800.31363512713,200.0016000128,800.025600819226,24524.0335528818,265489.766466025,2276166.400925,4800.92177698118,0,
60.61561,21819.0261908384,2900.33643902693,822924.973040866,3200.40965243551,500.010000200004,500.010000200004,26928.9755777216,280205.801099386,2260470.69561802,4400.77453631839,100.0004000016,
60.74178,25926.8602271954,4100.67251029169,795960.146273412,2700.2916314962,400.006400102402,600.014400345608,28833.2158646761,280512.567448408,2285253.38820798,2400.23042212052,0,
60.86808,23321.7358578195,2900.33643902693,787232.637972009,1800.12960933187,200.0016000128,900.032401166442,26628.3325458288,283376.079094491,2205122.68216711,3800.57768780855,0,
60.99431,20016.0128102482,3900.60849492521,781942.118395422,2600.27042812453,500.010000200004,400.006400102402,27329.8441898553,261200.81644201,2233209.73376906,4100.67251029169,0,
61.12051,22720.6303323418,4200.70571856072,849625.490625892,2600.27042812453,200.0016000128,900.032401166442,25726.4467872973,286240.239511268,2318296.97832793,2900.33643902693,0,
61.24674,20817.3200102485,2100.17641481884,820364.624861086,2400.23042212052,100.0004000016,100.0004000016,28732.9854673165,281535.175716782,2293514.28573797,6401.6388195378,100.0004000016,
61.37291,21117.8234429859,3300.43565750679,848352.029808666,2500.2500250025,100.0004000016,100.0004000016,32041.0124959949,279796.790881476,2116731.07859625,4000.64010241639,0,
61.49921,20416.6599945556,2600.27042812453,796386.029502811,3000.36004320518,300.003600043201,200.0016000128,30236.5257230735,277343.007478049,2371992.81227285,5201.0818250196,300.003600043201,
61.62541,20817.3200102485,3000.36004320518,824098.635661221,2000.16001280102,300.003600043201,200.0016000128,28332.0719053969,279285.546720164,2291862.10623197,4100.67251029169,0,
61.75172,20116.1734034163,2900.33643902693,842464.337399214,2800.31363512713,300.003600043201,700.019600548815,27931.1711870447,281841.974329829,2291862.10623197,4300.73972723308,0,
61.87803,22219.7311212357,3100.38444767151,855613.977751761,2800.31363512713,300.003600043201,600.014400345608,29635.0879441258,278672.081021177,2115078.89909025,3800.57768780855,0,
62.00427,20416.6599945556,2900.33643902693,836481.939265665,2700.2916314962,400.006400102402,700.019600548815,28432.2990917683,271108.451467342,2206774.86167311,3600.51847466035,0,
62.13061,16611.0297237366,3900.60849492521,835734.334244129,2900.33643902693,400.006400102402,500.010000200004,27830.9480141918,277445.238942634,2155557.29698719,3100.38444767151,0,
62.25686,19314.911111378,3300.43565750679,815885.237031132,2800.31363512713,500.010000200004,200.0016000128,29534.8511243267,268247.717771866,2046513.44959136,3000.36004320518,200.0016000128,
62.38305,19615.3784567101,2900.33643902693,800645.635356379,3400.46246289495,500.010000200004,400.006400102402,27229.6258329062,260281.945162959,2234035.82352206,4300.73972723308,0,
62.50933,19715.5358422437,2300.21161946899,835734.334244129,3300.43565750679,300.003600043201,300.003600043201,23321.7358578195,257015.388594336,2163818.19451717,4700.88376614804,0,
62.63557,19214.7569333248,2100.17641481884,785317.633856741,1400.07840439065,200.0016000128,400.006400102402,27129.408278574,276422.961507041,2098557.10403027,4700.88376614804,0,
62.76185,17812.6826300326,3100.38444767151,803628.196553461,2500.2500250025,700.019600548815,300.003600043201,26227.4864057532,246608.875495843,1996121.97465843,2700.2916314962,0,
62.88808,18113.1138944596,3800.57768780855,761085.5103168,2100.17641481884,300.003600043201,400.006400102402,20717.1538033492,231626.329706708,1982078.44885746,2700.2916314962,0,
63.01435,17211.841747122,3500.49006860961,798409.166897132,3800.57768780855,200.0016000128,300.003600043201,30637.5003003677,253035.414856866,2335644.8631409,4600.84655576626,0,
63.14063,23121.3641404658,2300.21161946899,854223.545958468,3100.38444767151,500.010000200004,300.003600043201,32943.3534531443,248546.693652313,1979600.17959846,3700.5476810568,0,
63.26684,17912.8255831175,3100.38444767151,792318.667053741,2200.1936170383,500.010000200004,200.0016000128,24924.8251258253,245283.171292276,2103513.64254827,3300.43565750679,0,
63.39309,16911.4321281186,3600.51847466035,836588.743515016,2700.2916314962,300.003600043201,300.003600043201,25826.6531060054,270801.913302954,2070691.32048667,3300.43565750679,0,
63.51931,17612.3991289868,2800.31363512713,800965.162504799,1700.11560786133,700.019600548815,200.0016000128,24824.6260290208,251913.084935315,1968861.01280948,4100.67251029169,0,
63.64551,19214.7569333248,3200.40965243551,816631.693736266,2200.1936170383,200.0016000128,800.025600819226,28632.7558727184,252117.137500808,2110733.24773571,3800.57768780855,0,
63.77182,18113.1138944596,2300.21161946899,809382.226627024,2600.27042812453,100.0004000016,300.003600043201,25526.0365572884,235803.34646941,1887904.2170156,2600.27042812453,100.0004000016,
63.89797,16811.2971917128,2100.17641481884,854972.221417845,3300.43565750679,200.0016000128,700.019600548815,28632.7558727184,253443.559563782,2016774.2184834,2600.27042812453,100.0004000016,
64.02413,19915.8530190031,3600.51847466035,727292.295461606,2100.17641481884,0,700.019600548815,26227.4864057532,240185.606228874,2085590.46587216,2800.31363512713,0,
64.15048,15109.1259120509,2800.31363512713,820364.624861086,2300.21161946899,200.0016000128,300.003600043201,27430.063349431,250688.838791522,2117557.16834924,3000.36004320518,0,
64.27671,16510.8971921468,2800.31363512713,783828.382838284,2200.1936170383,500.010000200004,300.003600043201,25125.2257266295,225719.740235628,2021730.75700139,3300.43565750679,0,
64.40298,15709.8657957197,2700.2916314962,833918.902161782,2100.17641481884,400.006400102402,800.025600819226,27229.6258329062,252525.252525253,2036497.10817627,3300.43565750679,100.0004000016,
64.52927,16811.2971917128,2400.23042212052,835520.740756051,3000.36004320518,400.006400102402,300.003600043201,28332.0719053969,229792.9542271,1982078.44885746,4400.77453631839,0,
64.65556,17011.567866149,3700.5476810568,849732.403570158,2300.21161946899,500.010000200004,400.006400102402,24123.2548176442,229385.573635494,1854860.62689565,2700.2916314962,100.0004000016,
64.7819,16210.5044068556,3200.40965243551,814072.593302384,2600.27042812453,200.0016000128,200.0016000128,25425.8326459683,232237.514079589,1935127.2846375,3500.49006860961,0,
64.9082,16711.163056922,2100.17641481884,780425.026399155,2000.16001280102,400.006400102402,300.003600043201,24123.2548176442,235701.451557547,1928744.38804967,2400.23042212052,0,
65.03435,22920.9956319989,2400.23042212052,837015.96934283,2300.21161946899,100.0004000016,500.010000200004,24423.8376655616,239879.81778826,2086165.75773529,2700.2916314962,0,
65.16062,18113.1138944596,3800.57768780855,862879.197930313,1800.12960933187,400.006400102402,200.0016000128,21117.8234429859,227756.182818485,1731773.25369885,3000.36004320518,0,
65.28694,19114.6035571176,3200.40965243551,873060.555380769,2400.23042212052,300.003600043201,500.010000200004,20516.8237955123,229792.9542271,2003439.15801116,3600.51847466035,100.0004000016,
65.41326,19314.911111378,4400.77453631839,884633.225101054,2900.33643902693,300.003600043201,100.0004000016,23321.7358578195,231830.054541124,1746642.86925282,2700.2916314962,0,
65.53949,18113.1138944596,3600.51847466035,786381.489916493,3100.38444767151,100.0004000016,200.0016000128,21819.0261908384,217068.525870695,2167122.55352917,2900.33643902693,100.0004000016,
65.66577,19515.221873061,3500.49006860961,848449.506604796,2300.21161946899,300.003600043201,700.019600548815,24724.4277346018,244161.530321267,1876287.37416522,3400.46246289495,0,
65.79204,16210.5044068556,3200.40965243551,798622.147188363,1100.04840212969,300.003600043201,500.010000200004,25726.4467872973,224803.448331531,1830904.02405869,3000.36004320518,0,
65.91828,19214.7569333248,2500.2500250025,822498.213083124,1600.10240655402,200.0016000128,100.0004000016,21318.1630749398,229792.9542271,1694599.21481391,3100.38444767151,100.0004000016,
66.04455,19014.4509827469,2300.21161946899,850908.504328476,1900.14441097523,600.014400345608,0,26327.6967369673,234478.77679397,1832556.20356469,4700.88376614804,0,
66.17075,22820.8125810739,1600.10240655402,876595.550881667,2300.21161946899,100.0004000016,400.006400102402,25025.025025025,215644.189105228,1764816.8438188,2000.16001280102,0,
66.29694,18914.2992102029,3200.40965243551,837229.587555137,2900.33643902693,100.0004000016,300.003600043201,23722.4889194957,246710.858509353,1827949.14279337,3400.46246289495,0,
66.42317,17812.6826300326,2700.2916314962,819191.301617727,3400.46246289495,600.014400345608,200.0016000128,23321.7358578195,206796.558969788,1861271.20428749,3400.46246289495,0,
66.54934,19615.3784567101,3900.60849492521,853261.026932893,2800.31363512713,200.0016000128,100.0004000016,21819.0261908384,198971.075613041,1907412.66930144,4200.70571856072,0,
66.67558,22520.2682414173,2500.2500250025,840541.121603519,2000.16001280102,400.006400102402,200.0016000128,21919.201220269,218798.293998733,1691294.85580191,3600.51847466035,0,
66.8019,18613.8487034354,3800.57768780855,813763.534280934,2200.1936170383,400.006400102402,700.019600548815,22019.3770518056,208219.8963438,1775080.75364355,3100.38444767151,0,
66.92808,19815.6940296715,2700.2916314962,781063.087292617,2600.27042812453,0,300.003600043201,23922.8702639724,197751.957361372,1683630.3399281,3600.51847466035,0,
67.05438,19515.221873061,2900.33643902693,800432.6216542,3300.43565750679,100.0004000016,700.019600548815,20216.3347985172,207813.212120723,1783227.27175334,4400.77453631839,0,
67.18065,20316.4969955604,3900.60849492521,884311.622262993,2500.2500250025,300.003600043201,600.014400345608,23221.549598027,212694.289022191,1825415.90124813,5701.29989637637,0,
67.30691,18513.7001381022,3000.36004320518,811620.598086223,2200.1936170383,500.010000200004,400.006400102402,20917.487019148,215745.922109569,1781276.24565072,3700.5476810568,0,
67.43319,17612.3991289868,2400.23042212052,834516.631597573,4100.67251029169,200.0016000128,700.019600548815,20316.4969955604,206999.883039521,1766939.18979687,4700.88376614804,100.0004000016,
67.55951,18113.1138944596,2800.31363512713,817271.548127525,2400.23042212052,300.003600043201,500.010000200004,23522.1107841371,233969.363942475,1727791.34361676,4000.64010241639,0,
67.68576,21618.6785382571,3200.40965243551,903001.852742481,3600.51847466035,100.0004000016,100.0004000016,19715.5358422437,211677.24212488,1792412.38881149,4800.92177698118,0,
67.81204,16310.634533716,3000.36004320518,827300.076035571,3400.46246289495,500.010000200004,600.014400345608,20817.3200102485,207508.207564672,1799994.85440099,4800.92177698118,100.0004000016,
67.93832,20416.6599945556,2600.27042812453,888707.552875096,3800.57768780855,400.006400102402,200.0016000128,23622.2994506814,214525.180233426,1753251.58727681,5801.34591225164,100.0004000016,
68.0646,19615.3784567101,3700.5476810568,934131.498717439,3200.40965243551,0,400.006400102402,20616.9883984403,208524.918122711,1763615.18631758,5301.12383825371,0,
68.19088,16510.8971921468,4000.64010241639,833491.778749576,3500.49006860961,900.032401166442,400.006400102402,21217.9928579435,202425.884705958,1801373.94563395,5501.21026625858,0,
68.31716,19615.3784567101,4200.70571856072,841182.161728589,3600.51847466035,300.003600043201,100.0004000016,23121.3641404658,207914.881946293,1745977.40499829,4400.77453631839,100.0004000016,
68.44331,16510.8971921468,3200.40965243551,829221.321298983,3600.51847466035,200.0016000128,300.003600043201,23021.1794851263,190845.848145551,1569033.5723581,5301.12383825371,0,
68.56951,18313.4054127621,3100.38444767151,797852.826338178,3700.5476810568,400.006400102402,500.010000200004,23221.549598027,190439.724315828,1638820.2199301,5001.00020004001,0,
68.69585,15910.1188355794,2700.2916314962,943816.277465204,4600.84655576626,100.0004000016,400.006400102402,19915.8530190031,212795.998225019,1668990.43247094,7202.07419736884,200.0016000128,
68.82207,19314.911111378,4300.73972723308,859251.198834886,3700.5476810568,200.0016000128,0,21718.8519635043,351746.503699071,1679643.64533576,9103.31360615264,300.003600043201,
68.94836,16310.634533716,2600.27042812453,850480.818943232,3800.57768780855,100.0004000016,500.010000200004,18814.1482394761,197244.026237386,1733507.5645133,7302.132222609,100.0004000016,
69.07457,19014.4509827469,3600.51847466035,861070.193151161,4400.77453631839,500.010000200004,500.010000200004,21618.6785382571,201409.66605108,1723677.17797969,8202.69048247825,0,
69.20074,16310.634533716,3000.36004320518,828580.874452434,5001.00020004001,600.014400345608,400.006400102402,21318.1630749398,196126.649842373,1671104.73849515,11905.6670975384,0,
69.32703,17912.8255831175,3000.36004320518,1064184.24190171,3800.57768780855,100.0004000016,500.010000200004,24524.0335528818,193689.081659801,1863121.52442564,9003.24116682005,0,
69.45332,17512.2585810067,2900.33643902693,895787.066193775,5301.12383825371,500.010000200004,300.003600043201,20717.1538033492,191048.914971141,1559120.49532212,8803.09869073914,0,
69.5796,15809.9919148902,2000.16001280102,873255.746588632,4700.88376614804,300.003600043201,600.014400345608,16110.3750815525,198666.284990868,1620779.54161147,10604.4963064339,0,
69.70588,17412.118834709,2100.17641481884,853581.858645024,4300.73972723308,200.0016000128,300.003600043201,19615.3784567101,182928.794765174,1592990.17519506,9003.24116682005,0,
69.83228,17011.567866149,2900.33643902693,802989.018247874,4200.70571856072,200.0016000128,300.003600043201,22620.4488857928,183740.57120753,1566555.3030991,8703.02865397158,100.0004000016,
69.95843,18513.7001381022,2700.2916314962,841289.004841624,3800.57768780855,100.0004000016,200.0016000128,22720.6303323418,206999.883039521,1719564.27872139,12306.0545788528,100.0004000016,
70.08475,17612.3991289868,3800.57768780855,840327.448629429,5501.21026625858,300.003600043201,400.006400102402,26327.6967369673,183030.26395845,1569175.50534572,8502.8909829342,100.0004000016,
70.21101,14708.648685427,2800.31363512713,758537.409639051,4500.81014582625,200.0016000128,500.010000200004,17512.2585810067,188307.789030794,1536235.76065589,9603.68781612139,0,
70.3373,21217.9928579435,2200.1936170383,793830.941041493,4800.92177698118,300.003600043201,0,20717.1538033492,200901.587455193,1593816.26494806,10104.0820491479,100.0004000016,
70.46357,16210.5044068556,2500.2500250025,840647.959415712,5301.12383825371,300.003600043201,400.006400102402,23021.1794851263,184958.334004932,1456685.36595028,7702.37233067785,100.0004000016,
70.58981,14107.9568876847,2500.2500250025,740435.923762144,5001.00020004001,0,100.0004000016,21819.0261908384,311654.141206392,1683860.04802492,9903.92195309342,0,
70.71612,15109.1259120509,2500.2500250025,798515.656603182,5001.00020004001,400.006400102402,300.003600043201,21718.8519635043,177450.672338643,1559946.58507512,9403.53572943427,0,
70.84241,13607.4024269202,1800.12960933187,806398.335177631,6401.6388195378,200.0016000128,300.003600043201,24023.0621396541,187089.702308749,1523598.63594317,9903.92195309342,100.0004000016,
70.96856,15109.1259120509,3200.40965243551,835307.150799654,5201.0818250196,300.003600043201,500.010000200004,20616.9883984403,209338.345622045,1464120.17372726,11805.5722300926,0,
71.09475,14208.0701838644,3000.36004320518,834516.631597573,6301.58800017604,600.014400345608,200.0016000128,23021.1794851263,177247.824685788,1683860.04802492,11705.4781637807,100.0004000016,
71.22099,12205.9565067753,2800.31363512713,787019.845690473,6501.69043951427,700.019600548815,700.019600548815,22119.5536854579,175726.571468853,1521822.15526936,16310.634533716,0,
71.34724,14107.9568876847,1800.12960933187,817804.78434904,7602.31110257518,300.003600043201,100.0004000016,21017.6548300572,205271.732993499,1502120.30236521,11605.3848985929,100.0004000016,
71.47356,14408.2991803279,3600.51847466035,928597.339433002,8903.16952835209,200.0016000128,400.006400102402,21017.6548300572,174813.907775594,1806121.33146873,12105.8592358702,200.0016000128,
71.5998,14808.7667899396,2200.1936170383,848352.029808666,5801.34591225164,100.0004000016,300.003600043201,22019.3770518056,179377.888074644,1706164.47135589,12906.6598364756,0,
71.72611,12706.4548790786,1900.14441097523,815352.080097809,5901.39272868397,400.006400102402,100.0004000016,22219.7311212357,171569.417147276,1465772.35323326,12105.8592358702,200.0016000128,
71.85239,12706.4548790786,2000.16001280102,851122.352328049,6801.85010322808,600.014400345608,800.025600819226,19915.8530190031,176740.719853371,1478989.78928124,11705.4781637807,0,
71.97859,14408.2991803279,2700.2916314962,952117.51639186,14107.9568876847,500.010000200004,500.010000200004,22119.5536854579,182015.608820555,1775556.01060778,17912.8255831175,100.0004000016,
72.10479,15309.3693340324,2300.21161946899,843509.640434783,10804.6676164103,800.025600819226,600.014400345608,21418.3340939844,184856.849273669,1517816.00767218,13907.7326993809,200.0016000128,
72.23106,9803.84310649775,2400.23042212052,745278.313136027,9103.31360615264,600.014400345608,700.019600548815,20416.6599945556,203848.728516239,1636772.932104,13807.6218072376,0,
72.3573,14107.9568876847,2200.1936170383,898851.233279153,8502.8909829342,400.006400102402,100.0004000016,26027.0681508769,190338.195404476,1538376.61565637,13206.9732818928,100.0004000016,
72.48353,14608.5313823273,2800.31363512713,774046.154099929,6401.6388195378,400.006400102402,200.0016000128,21919.201220269,185973.226303022,1502120.30236521,11705.4781637807,400.006400102402,
72.60968,11805.5722300926,1700.11560786133,784679.362355193,7502.25067520256,800.025600819226,400.006400102402,19415.0660912868,165994.902376073,1349293.69806044,10804.6676164103,200.0016000128,
72.73597,12906.6598364756,1800.12960933187,916837.250953574,7001.96054895371,400.006400102402,100.0004000016,19415.0660912868,172887.390598631,1481468.05854024,13707.5117164206,0,
72.86212,10404.3282005314,2000.16001280102,792660.027979878,8102.62525058119,300.003600043201,200.0016000128,23722.4889194957,173799.914610471,1488775.11665657,13807.6218072376,0,
72.98835,10704.5815609081,1800.12960933187,775716.18920043,6501.69043951427,300.003600043201,400.006400102402,25826.6531060054,178262.095637111,1799512.61344474,14107.9568876847,0,
73.11468,13307.0793662228,3200.40965243551,790531.36747587,8703.02865397158,300.003600043201,200.0016000128,20316.4969955604,164373.688936131,1535163.89248515,13507.2939387269,100.0004000016,
73.24094,12306.0545788528,2000.16001280102,783325.658216531,8803.09869073914,800.025600819226,800.025600819226,23622.2994506814,229487.417550035,1503152.81505888,14708.648685427,0,
73.36714,13607.4024269202,2300.21161946899,1039972.2950323,8502.8909829342,200.0016000128,400.006400102402,23121.3641404658,182421.461063947,1514511.64866019,11205.0198488923,0,
73.49337,12105.8592358702,2500.2500250025,816525.054421235,15709.8657957197,400.006400102402,200.0016000128,22920.9956319989,185364.281108962,1431076.58360732,13106.8679988314,100.0004000016,
73.6197,11605.3848985929,2500.2500250025,830395.556345392,8602.95941803981,300.003600043201,100.0004000016,20817.3200102485,157182.073595827,1417859.14755934,13006.7635170289,0,
73.74603,12205.9565067753,2000.16001280102,783190.185061426,8002.56081946223,300.003600043201,300.003600043201,21919.201220269,165994.902376073,1476656.06188336,14408.2991803279,0,
73.87233,13807.6218072376,2300.21161946899,829648.303508699,8803.09869073914,100.0004000016,100.0004000016,22820.8125810739,163563.160543533,1436033.12212531,13707.5117164206,0,
73.99865,13307.0793662228,2400.23042212052,753336.602290193,8602.95941803981,0,200.0016000128,21718.8519635043,159612.582221614,1365300.73316628,13006.7635170289,0,
74.12502,13006.7635170289,1100.04840212969,871180.436856968,6701.7960813498,0,200.0016000128,21318.1630749398,157890.923435481,1451219.71864367,12806.5569571621,0,
74.25117,12005.7627661277,1800.12960933187,753018.253739338,6701.7960813498,300.003600043201,500.010000200004,22319.9093591484,175422.342885224,1369119.85213241,13106.8679988314,0,
74.37748,13907.7326993809,2000.16001280102,771389.222198856,9403.53572943427,200.0016000128,500.010000200004,28532.5270808722,274120.865681331,1728468.89468685,16711.163056922,0,
74.50381,12706.4548790786,1500.09000540032,804078.75553317,9703.76506084361,300.003600043201,200.0016000128,33143.8825004306,186074.720031593,1450324.17517309,14808.7667899396,0,
74.63002,11505.2924345199,2200.1936170383,785400.967948195,8602.95941803981,0,500.010000200004,22420.0883992057,167210.949548802,1372424.21114441,19415.0660912868,0,
74.75633,12205.9565067753,1700.11560786133,775746.878041538,7402.19104855037,100.0004000016,300.003600043201,23722.4889194957,207203.210389401,1336415.0450458,13607.4024269202,0,
74.88264,10804.6676164103,2100.17641481884,736474.967674987,9103.31360615264,500.010000200004,500.010000200004,31038.4877247787,158498.540807085,1471554.98150425,14007.84439286,100.0004000016,
75.0089,11505.2924345199,2200.1936170383,806845.835175388,8102.62525058119,500.010000200004,100.0004000016,24824.6260290208,166096.235152003,1410756.99568131,17011.567866149,0,
75.13508,16410.7654621432,2800.31363512713,794576.122889488,11305.1099096792,200.0016000128,600.014400345608,23321.7358578195,189525.993575663,1404641.71151136,15309.3693340324,0,
75.26132,12105.8592358702,2500.2500250025,789360.75395712,7302.132222609,300.003600043201,400.006400102402,22820.8125810739,160321.56903791,1461641.90446827,18914.2992102029,0,
75.38764,12105.8592358702,2500.2500250025,808316.471899905,10404.3282005314,300.003600043201,500.010000200004,25425.8326459683,188206.277304016,1557468.31581612,15809.9919148902,0,
75.51382,14208.0701838644,1600.10240655402,828794.353205663,9703.76506084361,600.014400345608,100.0004000016,28432.2990917683,184450.918527294,1426614.34901735,15409.4922472243,0,
75.64009,14208.0701838644,2000.16001280102,841823.233659698,8102.62525058119,100.0004000016,300.003600043201,25926.8602271954,195517.21357736,1540946.52075614,16611.0297237366,0,
75.76638,16410.7654621432,2000.16001280102,783402.914143331,9503.61137232148,500.010000200004,300.003600043201,23221.549598027,172380.461399665,1362511.13410842,17912.8255831175,0,
75.89265,11405.2007715518,1400.07840439065,768095.387304781,8703.02865397158,400.006400102402,400.006400102402,24023.0621396541,170555.685323754,1314681.48709528,16410.7654621432,0,
76.01883,10904.7544729502,3100.38444767151,829328.065527972,9303.46088745013,400.006400102402,500.010000200004,26828.7604311822,175625.161124001,1419353.3387722,15809.9919148902,0,
76.14515,17211.841747122,2000.16001280102,797663.763569571,9003.24116682005,600.014400345608,1100.04840212969,23722.4889194957,171772.173310672,1488902.86631723,14608.5313823273,0,
76.27138,12506.2531265633,2500.2500250025,810874.431128328,9303.46088745013,200.0016000128,1000.04000160006,27630.5040765005,168528.466612437,1309641.38991651,14708.648685427,100.0004000016,
76.39768,12606.3536022155,1700.11560786133,830075.299835514,10404.3282005314,500.010000200004,500.010000200004,23822.6791905894,161638.364855834,1334417.60908769,12205.9565067753,0,
76.52394,12406.1534521122,1900.14441097523,834025.685221697,9203.38684635946,100.0004000016,1800.12960933187,23522.1107841371,162448.769254306,1482294.14829324,15709.8657957197,0,
76.65029,13807.6218072376,1400.07840439065,878098.135962515,11705.4781637807,400.006400102402,700.019600548815,25526.0365572884,148173.035525315,1307038.92179023,12205.9565067753,100.0004000016,
76.77652,11805.5722300926,3100.38444767151,773408.440481983,9903.92195309342,200.0016000128,1200.05760276493,25726.4467872973,175929.394609531,1396380.81398137,15509.6159618964,0,
76.90281,11905.6670975384,2600.27042812453,847660.259898111,9303.46088745013,200.0016000128,500.010000200004,24423.8376655616,158599.813222555,1306817.46435952,18914.2992102029,0,
77.02908,11305.1099096792,2000.16001280102,790243.357322077,8803.09869073914,200.0016000128,700.019600548815,20516.8237955123,161131.888614688,1254657.57625403,12105.8592358702,100.0004000016,
77.15536,11905.6670975384,2100.17641481884,850801.581655444,9503.61137232148,500.010000200004,600.014400345608,28332.0719053969,169339.314910719,1320665.72333401,14508.4148806308,0,
77.28166,13206.9732818928,1700.11560786133,799154.613301631,7001.96054895371,200.0016000128,400.006400102402,23522.1107841371,159916.42882159,1319335.65785706,14808.7667899396,0,
77.40793,13707.5117164206,2600.27042812453,956268.135855187,9203.38684635946,100.0004000016,700.019600548815,23822.6791905894,224803.448331531,1269989.08177257,14308.184281409,100.0004000016,
77.53416,13206.9732818928,2500.2500250025,805462.295354279,6201.53798141939,300.003600043201,500.010000200004,24223.4482979524,164069.734670049,1330201.79466655,18012.9693379233,0,
77.66037,12205.9565067753,3000.36004320518,780558.578574312,7001.96054895371,700.019600548815,400.006400102402,28933.4470648069,160422.856130689,1258297.62204857,13006.7635170289,0,
77.7866,11205.0198488923,2200.1936170383,921679.640327456,7802.43435952017,400.006400102402,800.025600819226,30336.7681630136,154245.835463059,1253995.85816961,14208.0701838644,100.0004000016,
77.91288,13507.2939387269,2200.1936170383,828901.093905619,6501.69043951427,900.032401166442,300.003600043201,20917.487019148,168629.819792611,1260062.85608645,13507.2939387269,0,
78.03908,14107.9568876847,2200.1936170383,832424.032007407,5801.34591225164,200.0016000128,400.006400102402,24223.4482979524,144733.083629371,1235591.41319587,11705.4781637807,0,
78.16526,10804.6676164103,1700.11560786133,796279.557377117,8602.95941803981,300.003600043201,400.006400102402,26728.5460872212,161030.595813205,1208858.44005066,12306.0545788528,0,
78.29154,15409.4922472243,2100.17641481884,834132.46916438,7001.96054895371,400.006400102402,200.0016000128,27229.6258329062,154144.598097139,1306337.03090451,10504.4118529783,200.0016000128,
78.41778,13407.186251831,1900.14441097523,890549.994352498,7702.37233067785,400.006400102402,200.0016000128,26828.7604311822,154954.519842228,1274745.55536404,12005.7627661277,100.0004000016,
78.54407,13106.8679988314,3700.5476810568,872563.976678078,7001.96054895371,500.010000200004,300.003600043201,23822.6791905894,160828.012656903,1277423.88954956,12306.0545788528,100.0004000016,
78.67036,14508.4148806308,2000.16001280102,818444.696891459,6201.53798141939,100.0004000016,200.0016000128,25425.8326459683,153233.498472696,1289815.23584454,13807.6218072376,0,
78.79661,13307.0793662228,1600.10240655402,759113.711347119,5701.29989637637,500.010000200004,300.003600043201,23421.922919853,182421.461063947,1304684.85139851,11505.2924345199,0,
78.92284,12606.3536022155,2200.1936170383,850480.818943232,8102.62525058119,200.0016000128,300.003600043201,22319.9093591484,203319.459577237,1247684.6584416,11104.9305891816,0,
79.04916,15609.7404780583,3200.40965243551,906628.36630729,7402.19104855037,400.006400102402,100.0004000016,23822.6791905894,141496.341409452,1319113.99334653,12306.0545788528,0,
79.17552,15609.7404780583,3200.40965243551,887742.464595923,7902.49718911176,400.006400102402,300.003600043201,24123.2548176442,143620.359493426,1284032.60757355,12205.9565067753,200.0016000128,
79.30183,14508.4148806308,2100.17641481884,804267.406526622,5601.25468104855,300.003600043201,300.003600043201,21718.8519635043,163563.160543533,1204461.88613428,17612.3991289868,200.0016000128,
79.42816,12105.8592358702,2200.1936170383,867029.817393641,5901.39272868397,400.006400102402,100.0004000016,24023.0621396541,138968.216299705,1603729.34198405,12706.4548790786,100.0004000016,
79.55448,16010.246557797,1900.14441097523,791626.897143186,7202.07419736884,400.006400102402,600.014400345608,27730.7256440136,161537.067976409,1387293.82669838,9803.84310649775,100.0004000016,
79.68083,14308.184281409,1500.09000540032,1056574.77288561,5701.29989637637,300.003600043201,200.0016000128,24824.6260290208,132902.789953273,1279275.1124753,11505.2924345199,0,
79.80715,14908.8856958747,1600.10240655402,944508.047375759,7001.96054895371,800.025600819226,300.003600043201,25926.8602271954,148982.572761036,1251459.58115271,9603.68781612139,0,
79.93347,13307.0793662228,1400.07840439065,845584.950166447,7802.43435952017,400.006400102402,100.0004000016,24423.8376655616,150500.595563854,1320222.35323844,11905.6670975384,100.0004000016,
80.0597,14107.9568876847,2700.2916314962,834025.685221697,7402.19104855037,600.014400345608,400.006400102402,28031.3951625821,140990.675709378,1239005.85654611,14107.9568876847,100.0004000016,
80.18597,14508.4148806308,2000.16001280102,858288.305433964,5201.0818250196,100.0004000016,100.0004000016,24423.8376655616,151917.582196467,1264918.47369306,9803.84310649775,0,
80.31225,13507.2939387269,2000.16001280102,830366.012134245,5401.16665199683,600.014400345608,100.0004000016,24624.2302425587,145845.906256286,1270327.97979076,11705.4781637807,100.0004000016,
80.4385,15209.2472223112,2500.2500250025,960418.755318515,5501.21026625858,500.010000200004,100.0004000016,25626.2412710616,143822.665647504,1214641.06832165,8402.82334864514,0,
80.56477,15309.3693340324,2900.33643902693,866338.047483086,5501.21026625858,300.003600043201,100.0004000016,25626.2412710616,151816.363570512,1264808.09880611,10704.5815609081,100.0004000016,
80.69105,14107.9568876847,1700.11560786133,818764.66505833,5801.34591225164,100.0004000016,0,25025.025025025,140889.545010237,1237023.16834094,11104.9305891816,0,
80.81734,14308.184281409,2500.2500250025,788859.817500968,5501.21026625858,400.006400102402,200.0016000128,30437.0114058695,143620.359493426,1228684.59412263,8602.95941803981,0,
80.94355,16010.246557797,1700.11560786133,864173.77414162,7001.96054895371,500.010000200004,200.0016000128,24123.2548176442,138765.988255169,1229205.48589079,9503.61137232148,200.0016000128,
81.06979,15309.3693340324,2000.16001280102,825379.116565431,6101.48876325823,400.006400102402,200.0016000128,24824.6260290208,140383.903718363,1357554.59559043,8302.75651516303,0,
81.19613,17111.7044058136,2600.27042812453,810874.431128328,5601.25468104855,300.003600043201,300.003600043201,21919.201220269,162955.298513171,1441815.7503963,11004.8421305374,0,
81.32231,13307.0793662228,3300.43565750679,844922.19644622,5401.16665199683,500.010000200004,400.006400102402,26828.7604311822,147161.187267892,1397206.90373437,13106.8679988314,0,
81.4486,14208.0701838644,3400.46246289495,863638.620826643,7502.25067520256,200.0016000128,200.0016000128,23822.6791905894,139979.405328871,1190684.46548469,10804.6676164103,200.0016000128,
81.57483,14408.2991803279,3000.36004320518,842817.870524229,5801.34591225164,300.003600043201,300.003600043201,23722.4889194957,137957.108612063,1273293.44078456,14408.2991803279,0,
81.70114,14908.8856958747,3700.5476810568,846952.95441011,6801.85010322808,200.0016000128,0,22119.5536854579,139878.282765306,1213814.97856866,11505.2924345199,0,
81.82733,15809.9919148902,2800.31363512713,819989.463475926,6201.53798141939,200.0016000128,600.014400345608,23221.549598027,139069.331542091,1233278.90802403,12806.5569571621,0,
81.95359,13907.7326993809,2500.2500250025,710689.817608295,5601.25468104855,100.0004000016,300.003600043201,29033.6790677186,144328.445275884,1332771.90300047,13206.9732818928,100.0004000016,
82.0799,14508.4148806308,2100.17641481884,880774.518410548,6101.48876325823,200.0016000128,300.003600043201,27430.063349431,153334.728504966,1246829.38301053,15709.8657957197,100.0004000016,
82.2061,15509.6159618964,2000.16001280102,839579.621047061,7001.96054895371,400.006400102402,200.0016000128,28432.2990917683,138867.101870734,1232177.85836303,15009.0054032419,0,
82.33244,15209.2472223112,2700.2916314962,807783.627542067,6401.6388195378,400.006400102402,200.0016000128,30136.2840860396,140889.545010237,1260614.54039723,13106.8679988314,0,
82.45873,13807.6218072376,2200.1936170383,756945.102677486,6001.44034568296,100.0004000016,700.019600548815,22019.3770518056,131184.784575484,1159293.05487074,17111.7044058136,0,
82.58497,13206.9732818928,3000.36004320518,786913.450866647,4800.92177698118,300.003600043201,500.010000200004,23021.1794851263,141799.750593346,1295859.97980478,14208.0701838644,100.0004000016,
82.71123,16510.8971921468,3200.40965243551,770857.901551199,5501.21026625858,0,600.014400345608,26728.5460872212,144935.407689925,1247684.6584416,12606.3536022155,0,
82.83746,16510.8971921468,3400.46246289495,802456.393848694,5901.39272868397,300.003600043201,800.025600819226,23522.1107841371,142608.877553483,1220182.40856498,13707.5117164206,200.0016000128,
82.96371,14408.2991803279,2200.1936170383,795001.960420149,5701.29989637637,200.0016000128,600.014400345608,23622.2994506814,149589.759891837,1293647.45477493,13907.7326993809,0,
83.09001,16711.163056922,1200.05760276493,953501.056212969,7202.07419736884,100.0004000016,800.025600819226,22420.0883992057,144126.130982793,1266574.20832545,14708.648685427,0,
83.21622,21017.6548300572,1600.10240655402,778830.012332592,5701.29989637637,500.010000200004,300.003600043201,24824.6260290208,151006.643889915,1297519.61794964,18513.7001381022,100.0004000016,
83.34254,15809.9919148902,3100.38444767151,911891.277850101,8703.02865397158,200.0016000128,400.006400102402,26327.6967369673,173698.519786527,1440163.5708903,15509.6159618964,100.0004000016,
83.46877,15809.9919148902,2800.31363512713,860803.888198649,5001.00020004001,500.010000200004,300.003600043201,29735.3255667733,145137.735006457,1347641.51855445,14408.2991803279,0,
83.59493,17412.118834709,2400.23042212052,856653.268735321,5501.21026625858,300.003600043201,100.0004000016,25125.2257266295,145137.735006457,1296966.38195818,17211.841747122,0,
83.7212,14208.0701838644,2100.17641481884,809062.490966828,6801.85010322808,800.025600819226,1000.04000160006,23722.4889194957,153638.423490681,1328538.02894033,19715.5358422437,0,
83.84743,17211.841747122,3300.43565750679,861391.218712889,7102.01697282028,300.003600043201,200.0016000128,23321.7358578195,136238.412194092,1330312.71985811,17912.8255831175,0,
83.9737,15809.9919148902,3300.43565750679,963877.604871288,5901.39272868397,400.006400102402,300.003600043201,23622.2994506814,155460.74741905,1309918.20772628,17011.567866149,100.0004000016,
84.09999,18213.259252736,2300.21161946899,784466.612209873,6101.48876325823,300.003600043201,200.0016000128,23522.1107841371,145137.735006457,1292320.11846268,15309.3693340324,0,
84.22619,14808.7667899396,2600.27042812453,751504.242331018,6801.85010322808,200.0016000128,200.0016000128,22019.3770518056,160929.303827279,1307260.38294953,15910.1188355794,100.0004000016,
84.3525,17311.9798900839,3000.36004320518,784785.738744425,5201.0818250196,600.014400345608,600.014400345608,24423.8376655616,161942.260387856,1322771.93529231,17211.841747122,0,
84.47866,15609.7404780583,2600.27042812453,771565.569737102,8402.82334864514,400.006400102402,400.006400102402,20516.8237955123,145643.56754321,1202249.72202667,14408.2991803279,300.003600043201,
84.6049,16811.2971917128,3100.38444767151,780637.709854391,6301.58800017604,400.006400102402,100.0004000016,23822.6791905894,142912.313590448,1220842.42322537,17111.7044058136,0,
84.73118,15809.9919148902,2400.23042212052,757730.17152601,6201.53798141939,700.019600548815,400.006400102402,22420.0883992057,151107.855998841,1320444.03641907,17912.8255831175,200.0016000128,
84.85741,18613.8487034354,2500.2500250025,809488.806940894,8402.82334864514,200.0016000128,200.0016000128,23321.7358578195,152828.586491523,1327983.48708876,18513.7001381022,0,
84.98367,18113.1138944596,2400.23042212052,795214.884458073,7302.132222609,400.006400102402,300.003600043201,28532.5270808722,164677.650545168,1342076.09277468,21718.8519635043,0,
85.10996,17011.567866149,2000.16001280102,828982.472313136,6401.6388195378,200.0016000128,500.010000200004,25626.2412710616,146756.470763375,1359407.35617253,18313.4054127621,0,
85.2361,14208.0701838644,3600.51847466035,807890.194653431,6501.69043951427,200.0016000128,500.010000200004,24223.4482979524,163563.160543533,1293204.99444688,15509.6159618964,100.0004000016,
85.36234,16510.8971921468,2300.21161946899,801923.79143789,7202.07419736884,400.006400102402,200.0016000128,24524.0335528818,146250.593451514,1352738.7874367,16510.8971921468,0,
85.48869,16210.5044068556,2200.1936170383,786381.489916493,8202.69048247825,300.003600043201,400.006400102402,25225.4272306485,161840.961061548,1345740.42068878,17612.3991289868,200.0016000128,
85.61494,14608.5313823273,2100.17641481884,805652.470117054,5501.21026625858,400.006400102402,400.006400102402,24724.4277346018,145947.076833944,1370084.08892414,18613.8487034354,100.0004000016,
85.7412,20416.6599945556,2400.23042212052,785211.253078754,7102.01697282028,700.019600548815,200.0016000128,21819.0261908384,147464.733195458,1271321.80477676,17011.567866149,100.0004000016,
85.86745,15709.8657957197,2600.27042812453,784360.238453764,6501.69043951427,400.006400102402,300.003600043201,22620.4488857928,146958.827387251,1264366.60853487,18213.259252736,200.0016000128,
85.99375,18413.5523745477,3300.43565750679,821004.664306283,6401.6388195378,100.0004000016,600.014400345608,23722.4889194957,153132.269255226,1350849.97301673,15309.3693340324,0,
86.11998,17211.841747122,2900.33643902693,818764.66505833,6401.6388195378,500.010000200004,400.006400102402,22920.9956319989,152626.135389544,1407119.98077035,17311.9798900839,0,
86.2462,15910.1188355794,2800.31363512713,777766.779263952,7102.01697282028,400.006400102402,600.014400345608,25425.8326459683,161030.595813205,1309585.95026015,17111.7044058136,0,
86.37242,14308.184281409,2000.16001280102,800219.611469333,7502.25067520256,300.003600043201,800.025600819226,23922.8702639724,139979.405328871,1245727.19561255,15609.7404780583,100.0004000016,
86.49866,15309.3693340324,1900.14441097523,761722.614258392,6601.74286011507,100.0004000016,300.003600043201,25626.2412710616,155865.744150758,1330090.87040961,15809.9919148902,200.0016000128,
86.62496,17111.7044058136,2100.17641481884,789147.926552507,5901.39272868397,400.006400102402,100.0004000016,27530.2833116428,147970.659359672,1254547.28759021,19915.8530190031,0,
86.75126,15910.1188355794,2200.1936170383,795853.677663267,6501.69043951427,200.0016000128,500.010000200004,24123.2548176442,151816.363570512,1280159.11059532,16210.5044068556,0,
86.8775,15309.3693340324,2700.2916314962,827513.533617092,6101.48876325823,600.014400345608,600.014400345608,24724.4277346018,135834.04719102,1170032.22165972,13407.186251831,0,
87.00372,13307.0793662228,2400.23042212052,738912.705962779,7202.07419736884,300.003600043201,300.003600043201,22620.4488857928,146958.827387251,1258187.30280101,17011.567866149,100.0004000016,
87.12993,13106.8679988314,1800.12960933187,810128.307309841,6501.69043951427,300.003600043201,800.025600819226,22820.8125810739,157688.390833746,1288670.63450335,17311.9798900839,0,
87.25608,15509.6159618964,1700.11560786133,788296.652060175,6701.7960813498,300.003600043201,600.014400345608,23522.1107841371,142103.167100452,1273972.37239257,13907.7326993809,0,
87.38232,13206.9732818928,3500.49006860961,771070.427181263,4700.88376614804,300.003600043201,200.0016000128,20616.9883984403,149792.162117572,1195785.20294399,11505.2924345199,0,
87.50855,13707.5117164206,2600.27042812453,844893.180255893,6601.74286011507,500.010000200004,100.0004000016,24524.0335528818,143316.906366288,1273199.23492444,14208.0701838644,0,
87.63484,12306.0545788528,2300.21161946899,828982.472313136,7202.07419736884,200.0016000128,0,24023.0621396541,142204.30756358,1238675.38770267,12406.1534521122,0,
87.76113,14408.2991803279,2100.17641481884,781169.433845519,7001.96054895371,300.003600043201,100.0004000016,23622.2994506814,144024.975057127,1241539.72759182,13106.8679988314,0,
87.88738,11505.2924345199,1400.07840439065,770114.089449097,3800.57768780855,200.0016000128,200.0016000128,23121.3641404658,160828.012656903,1247931.66298496,8903.16952835209,0,
88.0137,12406.1534521122,1000.04000160006,817914.153744262,5101.04061228491,300.003600043201,500.010000200004,22319.9093591484,139574.919955593,1211165.53714017,10004.0016006403,0,
88.1399,11905.6670975384,2700.2916314962,788828.692031871,7001.96054895371,400.006400102402,300.003600043201,24123.2548176442,155359.50027369,1289776.43174122,9303.46088745013,0,
88.26624,9903.92195309342,2300.21161946899,788296.652060175,6201.53798141939,300.003600043201,800.025600819226,20717.1538033492,140485.030349594,1194357.94485354,11205.0198488923,0,
88.39254,11905.6670975384,1300.06760351538,789041.514167468,5901.39272868397,300.003600043201,200.0016000128,21418.3340939844,147667.101218354,1164249.59338873,7802.43435952017,0,
88.51885,10204.1632986258,2500.2500250025,792340.706503797,5501.21026625858,100.0004000016,300.003600043201,26027.0681508769,140788.415124698,1221062.43549619,10004.0016006403,0,
88.6451,12406.1534521122,2100.17641481884,774683.899276659,5401.16665199683,100.0004000016,300.003600043201,22920.9956319989,144530.762824716,1242531.37557051,9303.46088745013,200.0016000128,
88.77131,10704.5815609081,1100.04840212969,863570.967840868,6701.7960813498,100.0004000016,300.003600043201,22920.9956319989,152626.135389544,1257194.47128513,7602.31110257518,0,
88.89756,11505.2924345199,1700.11560786133,797876.731553486,5701.29989637637,300.003600043201,400.006400102402,25225.4272306485,145340.065579047,1248703.31405629,7702.37233067785,0,
89.02383,12306.0545788528,1300.06760351538,867721.587304195,5001.00020004001,100.0004000016,400.006400102402,21518.505915087,152221.242962408,1268450.95995427,8402.82334864514,0,
89.14999,11004.8421305374,2300.21161946899,794469.665703673,5701.29989637637,100.0004000016,200.0016000128,27329.8441898553,138159.32364274,1232618.2671362,6801.85010322808,0,
89.27624,10104.0820491479,1400.07840439065,812793.233331131,4500.81014582625,400.006400102402,500.010000200004,24323.6425805883,149792.162117572,1167553.95240073,7402.19104855037,0,
89.40251,12105.8592358702,1300.06760351538,851763.917555623,5301.12383825371,400.006400102402,100.0004000016,24824.6260290208,145643.56754321,1365815.49312042,8903.16952835209,300.003600043201,
89.52875,12105.8592358702,1900.14441097523,860803.888198649,4100.67251029169,300.003600043201,300.003600043201,26928.9755777216,146756.470763375,1268336.90226657,7502.25067520256,0,
89.65502,12005.7627661277,2300.21161946899,867721.587304195,4400.77453631839,600.014400345608,400.006400102402,25325.6295370915,130073.259189565,1151858.24709375,6801.85010322808,0,
89.78129,11805.5722300926,2100.17641481884,767989.14858441,5101.04061228491,100.0004000016,100.0004000016,21017.6548300572,136339.505477711,1234467.22239362,5401.16665199683,0,
89.90742,9603.68781612139,2200.1936170383,845242.821225354,6401.6388195378,0,600.014400345608,24223.4482979524,140080.52870595,1179119.20894271,5001.00020004001,0,
90.03365,11405.2007715518,1600.10240655402,826215.392670918,5301.12383825371,300.003600043201,500.010000200004,24023.0621396541,142608.877553483,1213034.37891885,6701.7960813498,0,
90.15985,11605.3848985929,1500.09000540032,819404.625184867,4700.88376614804,200.0016000128,300.003600043201,22119.5536854579,138159.32364274,1214243.77149568,5901.39272868397,100.0004000016,
90.28617,10404.3282005314,2400.23042212052,834025.685221697,4400.77453631839,400.006400102402,400.006400102402,23722.4889194957,133408.130355929,1161902.40982515,9103.31360615264,0,
90.41248,12606.3536022155,1800.12960933187,821431.374898263,4100.67251029169,500.010000200004,300.003600043201,20616.9883984403,143923.819945367,1172529.31323283,7702.37233067785,100.0004000016,
90.53879,12506.2531265633,2100.17641481884,819191.301617727,4700.88376614804,100.0004000016,300.003600043201,25926.8602271954,138361.541926765,1133569.72018264,5401.16665199683,0,
90.66504,9903.92195309342,2300.21161946899,808316.471899905,3800.57768780855,600.014400345608,400.006400102402,22920.9956319989,133205.991756308,1229425.63852914,6101.48876325823,100.0004000016,
90.79125,10904.7544729502,1200.05760276493,832103.725196014,5001.00020004001,900.032401166442,300.003600043201,22520.2682414173,152221.242962408,1211275.46163298,8903.16952835209,0,
90.91746,13006.7635170289,1600.10240655402,844201.410345338,5201.0818250196,600.014400345608,400.006400102402,24824.6260290208,133913.491080477,1149095.86886124,5301.12383825371,0,
91.04377,15209.2472223112,3200.40965243551,952809.286302414,5201.0818250196,700.019600548815,600.014400345608,24524.0335528818,136440.59957449,1164421.4104507,6701.7960813498,0,
91.17006,12105.8592358702,1400.07840439065,846276.720077002,3500.49006860961,400.006400102402,400.006400102402,21217.9928579435,131083.732750024,1130379.91351579,6601.74286011507,0,
91.29635,11104.9305891816,3000.36004320518,824738.860240645,3800.57768780855,400.006400102402,400.006400102402,24524.0335528818,141900.888615345,1113696.94741328,6101.48876325823,100.0004000016,
91.42259,10204.1632986258,2100.17641481884,817271.548127525,3500.49006860961,400.006400102402,500.010000200004,20717.1538033492,144834.245252655,1144939.1764135,5301.12383825371,100.0004000016,
91.54891,12506.2531265633,2200.1936170383,841823.233659698,4400.77453631839,300.003600043201,700.019600548815,22119.5536854579,170961.168254787,1198091.10228992,6701.7960813498,0,
91.67523,13006.7635170289,2500.2500250025,851229.277654611,4600.84655576626,200.0016000128,600.014400345608,23722.4889194957,143519.207637193,1137814.72129277,7702.37233067785,100.0004000016,
91.80145,13707.5117164206,2400.23042212052,803841.263025779,3500.49006860961,100.0004000016,1000.04000160006,25726.4467872973,138664.875452999,1104317.02753275,4100.67251029169,0,
91.92775,13006.7635170289,1800.12960933187,827193.348567934,3300.43565750679,700.019600548815,600.014400345608,22219.7311212357,152524.911060672,1227858.50436963,6001.44034568296,0,
92.05399,13307.0793662228,2100.17641481884,842036.931371819,5101.04061228491,200.0016000128,500.010000200004,28131.6199408135,141799.750593346,1222712.64522138,6801.85010322808,0,
92.18026,13006.7635170289,2200.1936170383,831142.852419448,2700.2916314962,600.014400345608,500.010000200004,26127.2768770597,137451.585268247,1182287.36840782,6601.74286011507,400.006400102402,
92.3065,10804.6676164103,1900.14441097523,843746.640312937,15509.6159618964,300.003600043201,500.010000200004,26227.4864057532,139069.331542091,1196883.19962444,6101.48876325823,0,
92.43266,10804.6676164103,2100.17641481884,845349.697919553,4100.67251029169,200.0016000128,600.014400345608,22720.6303323418,129972.216302718,1130838.15185989,5001.00020004001,0,
92.55895,10604.4963064339,1700.11560786133,779786.997087915,5301.12383825371,300.003600043201,500.010000200004,23622.2994506814,125325.121707075,1159055.42789937,5301.12383825371,0,
92.68516,10604.4963064339,1700.11560786133,841395.848838171,4200.70571856072,200.0016000128,400.006400102402,24023.0621396541,137249.381623665,1199958.08006707,5001.00020004001,100.0004000016,
92.81143,14308.184281409,2100.17641481884,827086.621982363,6101.48876325823,400.006400102402,400.006400102402,21618.6785382571,139676.040078677,1211275.46163298,5401.16665199683,200.0016000128,
92.93773,13006.7635170289,2200.1936170383,872203.732220622,5701.29989637637,0,300.003600043201,20416.6599945556,131184.784575484,1162597.41388274,6501.69043951427,0,
93.06396,13607.4024269202,1400.07840439065,800326.116122108,4200.70571856072,300.003600043201,700.019600548815,22920.9956319989,141597.47699041,1209187.05391964,6901.90492575951,200.0016000128,
93.19023,12306.0545788528,1500.09000540032,864815.98735314,4700.88376614804,600.014400345608,500.010000200004,24824.6260290208,136541.694484439,1238785.5430589,7402.19104855037,0,
93.31658,12406.1534521122,1900.14441097523,850160.064191118,6601.74286011507,400.006400102402,100.0004000016,21217.9928579435,137856.002316705,1227554.45889408,8602.95941803981,100.0004000016,
93.44278,12806.5569571621,2000.16001280102,821218.017839363,4900.9605882753,500.010000200004,200.0016000128,25125.2257266295,137047.181232077,1204571.75440656,8402.82334864514,400.006400102402,
93.56901,11004.8421305374,2200.1936170383,856255.765945036,4000.64010241639,500.010000200004,300.003600043201,22019.3770518056,136743.886743887,1262049.02809409,9203.38684635946,200.0016000128,
93.69524,13907.7326993809,2300.21161946899,857004.559107044,5101.04061228491,300.003600043201,400.006400102402,24423.8376655616,143114.608350732,1195016.6600306,8602.95941803981,100.0004000016,
93.82152,15509.6159618964,1300.06760351538,827406.804385287,5301.12383825371,100.0004000016,600.014400345608,21318.1630749398,138058.215720738,1223042.71209197,7702.37233067785,0,
93.94776,12706.4548790786,1800.12960933187,832637.574294666,6501.69043951427,400.006400102402,800.025600819226,22620.4488857928,138968.216299705,1243633.29456274,8703.02865397158,100.0004000016,
94.07403,12606.3536022155,1700.11560786133,864173.77414162,6301.58800017604,700.019600548815,600.014400345608,25025.025025025,138462.652288807,1257084.16130672,8703.02865397158,200.0016000128,
94.20019,11505.2924345199,2300.21161946899,814605.697386736,7102.01697282028,400.006400102402,400.006400102402,22820.8125810739,131083.732750024,1104771.13117283,10304.2453490838,200.0016000128,
94.32643,13006.7635170289,2300.21161946899,834986.772486773,4900.9605882753,700.019600548815,400.006400102402,21618.6785382571,143721.512163527,1269775.88728795,9903.92195309342,200.0016000128,
94.45267,11104.9305891816,2400.23042212052,851977.779708059,6401.6388195378,400.006400102402,500.010000200004,24824.6260290208,137957.108612063,1199738.4218116,9703.76506084361,100.0004000016,
94.57898,11905.6670975384,2400.23042212052,789892.83783728,5901.39272868397,400.006400102402,300.003600043201,23722.4889194957,134621.030237954,1165845.40799879,10404.3282005314,0,
94.70518,12005.7627661277,2200.1936170383,831463.13540233,4800.92177698118,0,500.010000200004,22119.5536854579,132498.532262086,1216113.05226864,10004.0016006403,0,
94.83149,11205.0198488923,1500.09000540032,804906.64816971,6501.69043951427,400.006400102402,200.0016000128,23321.7358578195,141597.47699041,1212162.79906266,10204.1632986258,0,
94.95782,10104.0820491479,2100.17641481884,743895.607473556,6301.58800017604,400.006400102402,1000.04000160006,22019.3770518056,140181.652896551,1187380.1064727,9703.76506084361,0,
95.08413,12306.0545788528,2600.27042812453,779255.330118832,4800.92177698118,200.0016000128,200.0016000128,20917.487019148,138563.763464215,1223728.05560464,9703.76506084361,100.0004000016,
95.21041,12506.2531265633,2400.23042212052,831569.898161619,5601.25468104855,300.003600043201,600.014400345608,22420.0883992057,143114.608350732,1223042.71209197,12105.8592358702,0,
95.33668,11705.4781637807,2800.31363512713,869796.897035859,7502.25067520256,700.019600548815,600.014400345608,19815.6940296715,144530.762824716,1262931.86765163,10904.7544729502,100.0004000016,
95.46297,12706.4548790786,2200.1936170383,777660.460780836,6001.44034568296,400.006400102402,400.006400102402,23622.2994506814,130073.259189565,1241075.94041761,8903.16952835209,100.0004000016,
95.5892,13707.5117164206,1800.12960933187,748668.278876617,5801.34591225164,500.010000200004,600.014400345608,23021.1794851263,134924.273500149,1116752.32961431,9203.38684635946,0,
95.71548,11305.1099096792,1500.09000540032,744531.861432632,6301.58800017604,900.032401166442,700.019600548815,25826.6531060054,139473.800645984,1165075.68314173,11805.5722300926,0,
95.84163,12706.4548790786,2600.27042812453,701696.808771085,15209.2472223112,700.019600548815,100.0004000016,25225.4272306485,161030.595813205,1317076.19769349,12806.5569571621,400.006400102402,
95.96779,15309.3693340324,1400.07840439065,815671.971615152,7602.31110257518,600.014400345608,500.010000200004,23221.549598027,138765.988255169,1184481.19116347,11305.1099096792,100.0004000016,
96.09401,12105.8592358702,2200.1936170383,756414.377436557,7102.01697282028,400.006400102402,1700.11560786133,24924.8251258253,145643.56754321,1245616.98196401,12906.6598364756,100.0004000016,
96.22028,14308.184281409,1300.06760351538,782764.737428324,6301.58800017604,300.003600043201,1300.06760351538,20616.9883984403,140990.675709378,1253775.29288712,8703.02865397158,0,
96.34661,12306.0545788528,1800.12960933187,750259.562616391,6101.48876325823,300.003600043201,600.014400345608,23021.1794851263,155764.493745271,1161245.35899507,11705.4781637807,100.0004000016,
96.47291,10004.0016006403,1600.10240655402,751957.148743305,6101.48876325823,300.003600043201,400.006400102402,24624.2302425587,147262.368429523,1350119.78781344,9003.24116682005,100.0004000016,
96.59915,12205.9565067753,2000.16001280102,807570.495959567,8002.56081946223,300.003600043201,500.010000200004,22820.8125810739,145340.065579047,1266794.98871578,12105.8592358702,100.0004000016,
96.72543,12306.0545788528,2000.16001280102,750153.470914687,5901.39272868397,300.003600043201,400.006400102402,29735.3255667733,144530.762824716,1145249.52906976,12906.6598364756,100.0004000016,
96.85169,11205.0198488923,1600.10240655402,753973.323004273,7902.49718911176,200.0016000128,300.003600043201,23421.922919853,143923.819945367,1223728.05560464,11104.9305891816,100.0004000016,
96.97792,12205.9565067753,1500.09000540032,755565.26254193,5601.25468104855,500.010000200004,600.014400345608,21518.505915087,144328.445275884,1222162.55223455,12406.1534521122,0,
97.10422,11505.2924345199,2400.23042212052,774152.442771072,5701.29989637637,700.019600548815,400.006400102402,24924.8251258253,143519.207637193,1212988.88881566,13206.9732818928,200.0016000128,
97.23045,9703.76506084361,800.025600819226,787977.438614298,7702.37233067785,400.006400102402,100.0004000016,26528.1198069954,144429.603643327,1527729.08470817,9003.24116682005,100.0004000016,
97.35673,9903.92195309342,2100.17641481884,738806.707738939,6801.85010322808,300.003600043201,900.032401166442,23922.8702639724,161131.888614688,1229315.56174801,11104.9305891816,0,
97.48296,8803.09869073914,1600.10240655402,753018.253739338,6401.6388195378,300.003600043201,300.003600043201,18914.2992102029,143822.665647504,1269665.47157202,10504.4118529783,100.0004000016,
97.60923,11205.0198488923,2700.2916314962,769157.822691702,6201.53798141939,500.010000200004,600.014400345608,24123.2548176442,150601.803599957,1280380.11941805,10204.1632986258,100.0004000016,
97.73551,12706.4548790786,2300.21161946899,749410.853479672,8502.8909829342,300.003600043201,600.014400345608,21117.8234429859,142204.30756358,1208197.92431072,9603.68781612139,0,
97.86171,11905.6670975384,2600.27042812453,830366.012134245,7302.132222609,100.0004000016,600.014400345608,23221.549598027,135227.524079548,1240548.15455473,10604.4963064339,0,
97.98789,10104.0820491479,1100.04840212969,758006.618777381,6601.74286011507,400.006400102402,600.014400345608,21819.0261908384,147970.659359672,1233719.35376905,8202.69048247825,0,
98.11417,10604.4963064339,1400.07840439065,781250.348484867,6501.69043951427,500.010000200004,0,22920.9956319989,153031.040852547,1286017.10063129,10004.0016006403,100.0004000016,
98.24037,9803.84310649775,1700.11560786133,778404.70858029,6001.44034568296,300.003600043201,300.003600043201,28732.9854673165,141496.341409452,1258423.82523059,8202.69048247825,0,
98.36668,9303.46088745013,2100.17641481884,755671.398842025,5601.25468104855,500.010000200004,400.006400102402,23622.2994506814,137249.381623665,1217119.33758065,11305.1099096792,0,
98.49284,10404.3282005314,1100.04840212969,776384.707386481,6601.74286011507,300.003600043201,200.0016000128,25726.4467872973,137148.281021252,1197212.6165776,8202.69048247825,0,
98.61903,8903.16952835209,1600.10240655402,736792.907351663,5401.16665199683,300.003600043201,400.006400102402,25826.6531060054,150905.432595573,1126249.46475079,7602.31110257518,0,
98.74528,11305.1099096792,1200.05760276493,753018.253739338,6201.53798141939,700.019600548815,400.006400102402,24023.0621396541,143822.665647504,1243082.32349953,8703.02865397158,100.0004000016,
98.8715,9603.68781612139,1500.09000540032,772451.929222662,7602.31110257518,200.0016000128,300.003600043201,22520.2682414173,133711.344351952,1201495.79099172,7001.96054895371,0,
98.99783,11805.5722300926,1200.05760276493,743203.003404363,6001.44034568296,400.006400102402,300.003600043201,23421.922919853,142305.448840437,1199299.11635004,10104.0820491479,0,
99.1241,10304.2453490838,1100.04840212969,762359.749713523,5901.39272868397,200.0016000128,300.003600043201,28532.5270808722,134621.030237954,1237023.16834094,7902.49718911176,100.0004000016,
99.25028,10604.4963064339,1900.14441097523,752381.580248541,6801.85010322808,400.006400102402,200.0016000128,21117.8234429859,135935.137222097,1233829.46751622,6801.85010322808,100.0004000016,
99.37652,9003.24116682005,700.019600548815,739230.705872663,5001.00020004001,100.0004000016,400.006400102402,25225.4272306485,140990.675709378,1215563.23613302,7302.132222609,0,
99.50281,11104.9305891816,1900.14441097523,790318.520749859,4700.88376614804,400.006400102402,100.0004000016,27730.7256440136,143316.906366288,1241649.90699959,7302.132222609,200.0016000128,
99.6291,13507.2939387269,1500.09000540032,780637.709854391,5001.00020004001,200.0016000128,300.003600043201,28933.4470648069,147060.006920471,1257194.47128513,5901.39272868397,100.0004000016,
99.75524,10504.4118529783,1600.10240655402,822818.281729013,6101.48876325823,300.003600043201,200.0016000128,25526.0365572884,142103.167100452,1228324.91229248,7202.07419736884,0,
99.88156,9503.61137232148,1600.10240655402,733613.864035936,6501.69043951427,200.0016000128,300.003600043201,24624.2302425587,137249.381623665,1139799.83186881,6401.6388195378,200.0016000128,
100.00779,8302.75651516303,1900.14441097523,763740.317986388,6101.48876325823,200.0016000128,400.006400102402,24223.4482979524,145643.56754321,1206989.0895063,6401.6388195378,0,
100.13405,9003.24116682005,1000.04000160006,787019.845690473,5401.16665199683,700.019600548815,200.0016000128,26828.7604311822,142811.167431008,1227554.45889408,5901.39272868397,0,
100.26027,9903.92195309342,1700.11560786133,821538.054749924,5901.39272868397,400.006400102402,200.0016000128,26628.3325458288,142710.022085357,1185249.11598599,5401.16665199683,100.0004000016,
100.3865,9003.24116682005,2300.21161946899,806185.226475082,5001.00020004001,400.006400102402,300.003600043201,27530.2833116428,136440.59957449,1184371.49129422,5601.25468104855,0,
100.51279,11605.3848985929,1800.12960933187,751426.629035249,5701.29989637637,400.006400102402,400.006400102402,20116.1734034163,129062.866884318,1145486.03412718,6101.48876325823,0,
100.63894,8803.09869073914,2000.16001280102,762147.367726831,6001.44034568296,200.0016000128,400.006400102402,26728.5460872212,137451.585268247,1166283.59227488,5001.00020004001,0,
100.76519,8703.02865397158,2200.1936170383,780744.052897962,5501.21026625858,400.006400102402,300.003600043201,22420.0883992057,130275.347400926,1147236.13255184,4600.84655576626,100.0004000016,
100.89146,10904.7544729502,1300.06760351538,762253.558282461,5301.12383825371,300.003600043201,300.003600043201,24323.6425805883,142912.313590448,1169460.867235,5201.0818250196,100.0004000016,
101.01769,7202.07419736884,1400.07840439065,803308.603442368,6101.48876325823,200.0016000128,300.003600043201,24423.8376655616,130780.582149506,1091553.69512485,5501.21026625858,0,
101.14403,12706.4548790786,1900.14441097523,821218.017839363,6301.58800017604,200.0016000128,0,21819.0261908384,149286.162661559,1096510.23364284,6001.44034568296,0,
101.27024,10304.2453490838,1900.14441097523,837975.481150346,6501.69043951427,600.014400345608,300.003600043201,24824.6260290208,137350.483039327,1138160.04081735,5901.39272868397,100.0004000016,
101.39636,8903.16952835209,1600.10240655402,717607.516713841,5301.12383825371,300.003600043201,400.006400102402,24824.6260290208,144530.762824716,1156646.92711712,6201.53798141939,0,
101.52251,9703.76506084361,1700.11560786133,824831.852849809,4900.9605882753,500.010000200004,100.0004000016,21418.3340939844,139271.564467148,1180422.90807949,5201.0818250196,0,
101.64873,8803.09869073914,1800.12960933187,831142.852419448,5301.12383825371,600.014400345608,100.0004000016,24423.8376655616,140788.415124698,1175488.85342983,5401.16665199683,100.0004000016,
101.77497,8703.02865397158,1500.09000540032,802136.829763694,5101.04061228491,400.006400102402,100.0004000016,24323.6425805883,134519.950776556,1116315.8026693,5001.00020004001,0,
101.90126,7602.31110257518,1300.06760351538,818551.352065897,5001.00020004001,300.003600043201,200.0016000128,23421.922919853,134317.7942927,1176365.88277176,5701.29989637637,0,
102.02752,11305.1099096792,1500.09000540032,847808.105872622,5301.12383825371,200.0016000128,500.010000200004,26628.3325458288,137350.483039327,1208032.35029766,5801.34591225164,0,
102.15369,9903.92195309342,1200.05760276493,829674.242223691,5301.12383825371,200.0016000128,400.006400102402,30938.239664225,129669.09251739,1091553.69512485,5601.25468104855,200.0016000128,
102.27998,8102.62525058119,2300.21161946899,812793.233331131,6201.53798141939,300.003600043201,200.0016000128,22820.8125810739,141192.939548504,1129417.96198901,5201.0818250196,0,
102.40618,9003.24116682005,1900.14441097523,938973.888091322,5701.29989637637,300.003600043201,400.006400102402,22119.5536854579,140383.903718363,1110205.95730459,5301.12383825371,0,
102.53239,9103.31360615264,1100.04840212969,797770.247122001,4600.84655576626,300.003600043201,600.014400345608,26027.0681508769,137047.181232077,1111379.84919682,5601.25468104855,100.0004000016,
102.65865,9503.61137232148,1400.07840439065,843212.331967433,4600.84655576626,400.006400102402,300.003600043201,21017.6548300572,138159.32364274,1086597.15660685,4700.88376614804,0,
102.78494,9703.76506084361,1100.04840212969,804160.869331858,5101.04061228491,200.0016000128,500.010000200004,22520.2682414173,126941.307485416,1103662.86597335,4500.81014582625,0,
102.91121,9403.53572943427,900.032401166442,828687.613387939,6301.58800017604,100.0004000016,700.019600548815,22520.2682414173,127042.326000257,1098648.71636406,4700.88376614804,0,
103.03746,9303.46088745013,2000.16001280102,805759.019628893,6201.53798141939,700.019600548815,100.0004000016,23021.1794851263,131386.890664393,1091457.86542652,4200.70571856072,0,
103.16376,9003.24116682005,1000.04000160006,798941.624218808,5501.21026625858,400.006400102402,100.0004000016,24524.0335528818,129770.13296664,1070996.53777166,4300.73972723308,0,
103.29005,9703.76506084361,1100.04840212969,836481.939265665,6101.48876325823,400.006400102402,100.0004000016,23922.8702639724,137856.002316705,1102027.6055044,4900.9605882753,0,
103.4163,9703.76506084361,1800.12960933187,868413.35721475,4100.67251029169,400.006400102402,300.003600043201,23421.922919853,133812.417309757,1070670.28736136,5201.0818250196,100.0004000016,
103.54254,9003.24116682005,1600.10240655402,774790.193207827,5901.39272868397,400.006400102402,100.0004000016,20917.487019148,127244.365466723,1088735.09289677,7302.132222609,100.0004000016,
103.6688,9603.68781612139,1600.10240655402,845135.945415073,4000.64010241639,500.010000200004,600.014400345608,20516.8237955123,129770.13296664,1098757.69913352,6901.90492575951,100.0004000016,
103.79506,7702.37233067785,1400.07840439065,816738.333932282,5101.04061228491,400.006400102402,200.0016000128,19515.221873061,123305.181832434,1169206.13190673,5401.16665199683,0,
103.9213,9603.68781612139,1500.09000540032,827193.348567934,5901.39272868397,0,100.0004000016,23722.4889194957,122598.27960447,1008944.71982498,7001.96054895371,100.0004000016,
104.04759,9203.38684635946,1700.11560786133,803947.797581448,4000.64010241639,200.0016000128,600.014400345608,27630.5040765005,134418.872128141,1087646.14299369,6301.58800017604,0,
104.17386,9203.38684635946,2000.16001280102,1084937.33921835,3500.49006860961,300.003600043201,100.0004000016,19214.7569333248,153840.890888675,1038520.34545826,8502.8909829342,0,
104.30009,7202.07419736884,1900.14441097523,795085.74669596,5501.21026625858,100.0004000016,200.0016000128,22219.7311212357,128355.640612247,1086012.88857725,7202.07419736884,0,
104.42635,9703.76506084361,2400.23042212052,819084.641156034,6101.48876325823,300.003600043201,200.0016000128,21217.9928579435,128052.555824482,1055780.21428274,5901.39272868397,0,
104.55265,8302.75651516303,1400.07840439065,797557.280896186,4000.64010241639,400.006400102402,300.003600043201,21017.6548300572,133104.923675787,1078611.36610198,8002.56081946223,0,
104.67893,8102.62525058119,1300.06760351538,841182.161728589,4000.64010241639,500.010000200004,100.0004000016,22520.2682414173,121386.539760121,1095924.44290421,8803.09869073914,0,
104.80515,10104.0820491479,1300.06760351538,797983.216864038,4200.70571856072,400.006400102402,200.0016000128,22820.8125810739,123103.205707969,1127888.6993746,7402.19104855037,0,
104.93131,10304.2453490838,1500.09000540032,832957.894345269,4800.92177698118,300.003600043201,400.006400102402,21919.201220269,128860.798173031,1079988.43858286,8302.75651516303,0,
105.05763,10104.0820491479,1500.09000540032,862187.428019758,3800.57768780855,400.006400102402,0,21318.1630749398,138361.541926765,1096905.1158285,10704.5815609081,0,
105.18399,8102.62525058119,1600.10240655402,832103.725196014,4200.70571856072,400.006400102402,100.0004000016,18814.1482394761,131184.784575484,1095161.74825058,8602.95941803981,0,
105.3103,9103.31360615264,1300.06760351538,836375.135899333,5001.00020004001,300.003600043201,100.0004000016,22520.2682414173,130376.39272546,1087428.36392171,9603.68781612139,200.0016000128,
105.43657,8402.82334864514,1300.06760351538,810341.481141932,6201.53798141939,400.006400102402,200.0016000128,21117.8234429859,125931.167009049,1092438.20266936,9303.46088745013,0,
105.56277,7502.25067520256,1800.12960933187,795001.960420149,5901.39272868397,300.003600043201,0,20116.1734034163,119266.276279776,1042209.21269193,8502.8909829342,0,
105.689,9403.53572943427,1300.06760351538,846952.95441011,4900.9605882753,100.0004000016,300.003600043201,18413.5523745477,125628.140703518,1070452.79162408,10404.3282005314,0,
105.81529,8302.75651516303,1300.06760351538,815838.844012598,5301.12383825371,500.010000200004,0,18113.1138944596,132195.347527997,1090150.86368835,12005.7627661277,0,
105.94144,10604.4963064339,1900.14441097523,810021.721714281,5601.25468104855,500.010000200004,200.0016000128,17912.8255831175,140788.415124698,1092873.93175774,9203.38684635946,0,
106.06768,8402.82334864514,1100.04840212969,839579.621047061,5401.16665199683,0,400.006400102402,22620.4488857928,131690.055892879,1075238.53628213,9303.46088745013,0,
106.19396,6601.74286011507,1300.06760351538,783615.646735588,4900.9605882753,500.010000200004,400.006400102402,21418.3340939844,122295.333684376,1010596.89933097,11205.0198488923,0,
106.32019,9003.24116682005,1900.14441097523,825805.971752767,5901.39272868397,300.003600043201,200.0016000128,19014.4509827469,127143.345327356,1036893.23624002,9403.53572943427,0,
106.44648,8102.62525058119,1600.10240655402,789573.584874518,3800.57768780855,600.014400345608,0,19214.7569333248,125931.167009049,1046550.3948657,10204.1632986258,100.0004000016,
106.57274,9203.38684635946,1100.04840212969,846739.175385633,5101.04061228491,400.006400102402,300.003600043201,17912.8255831175,126840.289782824,1087646.14299369,9903.92195309342,100.0004000016,
106.69894,9103.31360615264,1400.07840439065,819724.617145123,5001.00020004001,600.014400345608,200.0016000128,18814.1482394761,124416.108569637,1106497.80287714,10504.4118529783,0,
106.82525,9603.68781612139,1100.04840212969,781701.179770646,4700.88376614804,300.003600043201,100.0004000016,18113.1138944596,126941.307485416,1070235.29951572,11205.0198488923,0,
106.95143,7902.49718911176,1600.10240655402,780956.741617064,4800.92177698118,400.006400102402,200.0016000128,17912.8255831175,124416.108569637,1056540.60859741,9103.31360615264,0,
107.07772,9003.24116682005,900.032401166442,811688.224549271,5701.29989637637,200.0016000128,100.0004000016,19114.6035571176,123204.193364258,1070996.53777166,11605.3848985929,0,
107.20391,8602.95941803981,900.032401166442,793192.248010829,6001.44034568296,200.0016000128,300.003600043201,21217.9928579435,132397.469871282,1064038.29954044,9403.53572943427,0,
107.33015,8102.62525058119,2200.1936170383,752887.782152127,3700.5476810568,600.014400345608,100.0004000016,21117.8234429859,124012.12384329,1097885.86246205,11104.9305891816,0,
107.45638,8202.69048247825,1000.04000160006,810981.023766751,3900.60849492521,100.0004000016,200.0016000128,19114.6035571176,122901.232831009,1062842.72638185,10204.1632986258,0,
107.58254,8502.8909829342,400.006400102402,784360.238453764,4200.70571856072,200.0016000128,400.006400102402,19415.0660912868,123305.181832434,1041988.30994492,11405.2007715518,0,
107.70878,10204.1632986258,1700.11560786133,806824.563142074,5901.39272868397,100.0004000016,200.0016000128,19615.3784567101,127850.503361101,1096251.32568957,10104.0820491479,100.0004000016,
107.835,7702.37233067785,700.019600548815,774790.193207827,4400.77453631839,200.0016000128,200.0016000128,17211.841747122,126739.27289247,1102790.70155949,11905.6670975384,100.0004000016,
107.96129,9403.53572943427,1500.09000540032,831996.958024038,4800.92177698118,500.010000200004,100.0004000016,22119.5536854579,128254.611537286,1099956.56967227,10504.4118529783,100.0004000016,
108.08756,9203.38684635946,700.019600548815,789254.33981572,4100.67251029169,300.003600043201,300.003600043201,17912.8255831175,129770.13296664,1064907.8761896,9903.92195309342,200.0016000128,
108.21384,7902.49718911176,1800.12960933187,760448.437886407,5001.00020004001,200.0016000128,200.0016000128,17211.841747122,115329.593493321,1025617.53585289,10904.7544729502,100.0004000016,
108.34003,7001.96054895371,1000.04000160006,758112.775199677,3900.60849492521,200.0016000128,300.003600043201,20416.6599945556,135732.957973054,1131275.16441798,9703.76506084361,0,
108.46634,9503.61137232148,1200.05760276493,767245.502069625,3700.5476810568,300.003600043201,100.0004000016,21217.9928579435,124921.107747722,1095161.74825058,11104.9305891816,0,
108.59262,8202.69048247825,1400.07840439065,758112.775199677,4200.70571856072,200.0016000128,100.0004000016,18914.2992102029,115228.669133987,1052521.88411838,8602.95941803981,0,
108.71888,8803.09869073914,1500.09000540032,747925.747101813,4900.9605882753,300.003600043201,300.003600043201,21318.1630749398,123002.218863556,1115661.03961223,12906.6598364756,0,
108.84519,8002.56081946223,1300.06760351538,763103.114243904,5001.00020004001,300.003600043201,200.0016000128,20817.3200102485,126436.227094741,1089061.79559533,10704.5815609081,200.0016000128,
108.97142,8202.69048247825,1300.06760351538,736474.967674987,4200.70571856072,500.010000200004,100.0004000016,24624.2302425587,142710.022085357,1100610.54548188,11505.2924345199,0,
109.09771,8502.8909829342,1000.04000160006,762041.178046619,5001.00020004001,200.0016000128,200.0016000128,18914.2992102029,131791.112594445,1126578.04531394,11004.8421305374,0,
109.22394,7602.31110257518,1100.04840212969,781942.118395422,4300.73972723308,400.006400102402,100.0004000016,22620.4488857928,138462.652288807,1120135.90829116,10704.5815609081,100.0004000016,
109.35018,7802.43435952017,1700.11560786133,770114.089449097,4800.92177698118,0,300.003600043201,25025.025025025,131285.837213604,1145923.53676954,9103.31360615264,100.0004000016,
109.47649,9003.24116682005,1700.11560786133,801071.673313023,4400.77453631839,100.0004000016,200.0016000128,20016.0128102482,132195.347527997,1156209.06553281,11305.1099096792,100.0004000016,
109.60281,8302.75651516303,1500.09000540032,786275.100360183,4600.84655576626,600.014400345608,100.0004000016,20016.0128102482,133003.856408112,1179326.2907455,9703.76506084361,0,
109.72902,7202.07419736884,1600.10240655402,769157.822691702,4400.77453631839,0,400.006400102402,19214.7569333248,131690.055892879,1160697.84184707,8502.8909829342,0,
109.85524,7302.132222609,1100.04840212969,781250.348484867,5801.34591225164,200.0016000128,400.006400102402,22820.8125810739,124416.108569637,1129553.82376279,7902.49718911176,0,
109.98152,7402.19104855037,800.025600819226,755883.674066504,5001.00020004001,300.003600043201,300.003600043201,20616.9883984403,122497.296819291,1113915.16529064,9203.38684635946,100.0004000016,
110.10767,10204.1632986258,1800.12960933187,805865.570020603,4100.67251029169,400.006400102402,400.006400102402,20516.8237955123,140990.675709378,1127014.91539028,9903.92195309342,300.003600043201,
110.23383,7702.37233067785,1200.05760276493,736898.888989549,4500.81014582625,100.0004000016,300.003600043201,21518.505915087,128860.798173031,1068495.4932785,6001.44034568296,0,
110.36,7802.43435952017,700.019600548815,758218.932496981,3700.5476810568,200.0016000128,100.0004000016,20516.8237955123,132801.724311261,1104644.12060763,7202.07419736884,100.0004000016,
110.48622,9003.24116682005,1100.04840212969,791489.221220825,4700.88376614804,500.010000200004,100.0004000016,22319.9093591484,134519.950776556,1156865.86340675,6101.48876325823,0,
110.61245,8903.16952835209,1300.06760351538,797770.247122001,5201.0818250196,100.0004000016,300.003600043201,22620.4488857928,131589.000004021,1159821.86207705,6001.44034568296,0,
110.7387,8703.02865397158,1100.04840212969,773514.723893492,4000.64010241639,100.0004000016,200.0016000128,22720.6303323418,133610.272207053,1141986.54001397,6401.6388195378,0,
110.86496,8703.02865397158,1200.05760276493,773089.595506823,4200.70571856072,400.006400102402,200.0016000128,24223.4482979524,130679.533574588,1141945.17005777,7001.96054895371,100.0004000016,
110.9912,8302.75651516303,700.019600548815,749410.853479672,4000.64010241639,200.0016000128,200.0016000128,25425.8326459683,130073.259189565,1161354.86517484,6301.58800017604,0,
111.11747,7402.19104855037,900.032401166442,743153.350934785,3500.49006860961,100.0004000016,500.010000200004,22019.3770518056,134519.950776556,1136629.75477569,6401.6388195378,100.0004000016,
111.24371,9403.53572943427,800.025600819226,770007.834082382,2400.23042212052,500.010000200004,300.003600043201,24123.2548176442,133003.856408112,1122428.50813766,6701.7960813498,0,
111.36991,9103.31360615264,1400.07840439065,770964.163928072,5301.12383825371,700.019600548815,500.010000200004,21919.201220269,136137.319723623,1141549.169117,6301.58800017604,300.003600043201,
111.49612,6501.69043951427,1700.11560786133,773195.87628866,4700.88376614804,100.0004000016,800.025600819226,26528.1198069954,149893.364452135,1180313.24221188,6001.44034568296,100.0004000016,
111.62248,7302.132222609,800.025600819226,750471.748642435,2900.33643902693,200.0016000128,300.003600043201,22119.5536854579,134014.565664121,1106497.80287714,5901.39272868397,100.0004000016,
111.74879,9603.68781612139,2000.16001280102,755034.594162467,4900.9605882753,600.014400345608,400.006400102402,26628.3325458288,157283.335413002,1134553.22458572,5101.04061228491,100.0004000016,
111.87506,8102.62525058119,1700.11560786133,765333.465251841,4900.9605882753,100.0004000016,400.006400102402,25726.4467872973,141597.47699041,1112169.5243825,7802.43435952017,200.0016000128,
112.00121,9103.31360615264,1700.11560786133,753336.602290193,4000.64010241639,100.0004000016,200.0016000128,23822.6791905894,126335.213453243,1328641.45423548,5701.29989637637,300.003600043201,
112.12746,8202.69048247825,1300.06760351538,730435.605982635,4200.70571856072,100.0004000016,300.003600043201,22019.3770518056,123507.161204481,1143597.34956377,5801.34591225164,100.0004000016,
112.25377,7602.31110257518,1900.14441097523,742199.083989588,4000.64010241639,600.014400345608,100.0004000016,24023.0621396541,130174.302888965,1077414.45564962,7302.132222609,100.0004000016,
112.37992,8402.82334864514,900.032401166442,726622.732455472,3600.51847466035,100.0004000016,300.003600043201,23822.6791905894,127547.43075853,1068060.57800189,6601.74286011507,100.0004000016,
112.50617,7502.25067520256,1700.11560786133,760660.791862104,4000.64010241639,400.006400102402,100.0004000016,25425.8326459683,131993.228435745,1134116.10237883,4800.92177698118,0,
112.63244,10504.4118529783,500.010000200004,754271.321973237,3000.36004320518,400.006400102402,100.0004000016,25025.025025025,132599.595465677,1086666.16580268,7702.37233067785,0,
112.75867,10904.7544729502,1400.07840439065,752487.690310884,4000.64010241639,400.006400102402,200.0016000128,27329.8441898553,130376.39272546,1048597.02796891,6201.53798141939,0,
112.885,7202.07419736884,900.032401166442,750471.748642435,5701.29989637637,700.019600548815,200.0016000128,21518.505915087,133711.344351952,1096033.40292276,5501.21026625858,100.0004000016,
113.01122,9003.24116682005,1900.14441097523,779148.999356552,3700.5476810568,500.010000200004,600.014400345608,26928.9755777216,127951.529186618,1055671.59014637,4500.81014582625,100.0004000016,
113.13745,7202.07419736884,1400.07840439065,777660.460780836,5901.39272868397,400.006400102402,100.0004000016,27229.6258329062,136036.228066295,1078828.9979888,5301.12383825371,0,
113.26374,9103.31360615264,1900.14441097523,728423.115238636,4100.67251029169,100.0004000016,400.006400102402,24924.8251258253,124719.105640399,1081876.22584818,6401.6388195378,100.0004000016,
113.39005,8202.69048247825,1200.05760276493,748243.969761262,3400.46246289495,500.010000200004,100.0004000016,23822.6791905894,126941.307485416,1083400.10683761,5601.25468104855,0,
113.51637,8202.69048247825,1300.06760351538,724928.484698812,4000.64010241639,300.003600043201,500.010000200004,26027.0681508769,116641.683980405,1006233.17396714,6801.85010322808,100.0004000016,
113.64265,9103.31360615264,1400.07840439065,763421.712175175,4900.9605882753,200.0016000128,100.0004000016,24023.0621396541,127648.454147067,1066212.34996288,5701.29989637637,0,
113.76894,10404.3282005314,1700.11560786133,809275.647193396,5301.12383825371,500.010000200004,500.010000200004,25826.6531060054,135227.524079548,1049423.11772191,6401.6388195378,0,
113.89515,8602.95941803981,1800.12960933187,828982.472313136,4700.88376614804,500.010000200004,300.003600043201,23722.4889194957,127042.326000257,1078502.55152069,5901.39272868397,0,
114.02139,9403.53572943427,1400.07840439065,785211.253078754,3800.57768780855,600.014400345608,200.0016000128,28632.7558727184,135328.609232106,1075857.98981787,6001.44034568296,0,
114.14767,8703.02865397158,1800.12960933187,780637.709854391,5701.29989637637,300.003600043201,400.006400102402,25726.4467872973,129770.13296664,1092002.48813336,7202.07419736884,0,
114.27395,7802.43435952017,1400.07840439065,795534.277105947,4500.81014582625,200.0016000128,200.0016000128,24023.0621396541,149083.768580143,1062081.96420529,6901.90492575951,0,
114.40024,10504.4118529783,1100.04840212969,776065.788768234,4700.88376614804,400.006400102402,600.014400345608,26327.6967369673,133913.491080477,1134881.07583715,6601.74286011507,0,
114.5265,6701.7960813498,1900.14441097523,777128.881520067,5401.16665199683,100.0004000016,600.014400345608,26427.9078707115,123810.136351942,1021933.36719654,4900.9605882753,100.0004000016,
114.65287,8302.75651516303,1500.09000540032,777128.881520067,4900.9605882753,0,100.0004000016,27931.1711870447,121992.395070462,1038194.90734569,5501.21026625858,0,
114.77913,8602.95941803981,1100.04840212969,755140.726088927,4800.92177698118,0,200.0016000128,24724.4277346018,123305.181832434,1033097.43875974,4800.92177698118,100.0004000016,
114.90535,6601.74286011507,1300.06760351538,774790.193207827,5201.0818250196,300.003600043201,100.0004000016,26427.9078707115,118963.410713137,987466.386247009,5001.00020004001,0,
115.03166,6601.74286011507,1500.09000540032,793830.941041493,4300.73972723308,200.0016000128,0,25726.4467872973,125325.121707075,1128107.15450281,4700.88376614804,0,
115.15785,6601.74286011507,1100.04840212969,781807.531587871,4400.77453631839,500.010000200004,600.014400345608,24123.2548176442,126840.289782824,1078284.9250823,4800.92177698118,100.0004000016,
115.28416,7402.19104855037,1300.06760351538,824738.860240645,4800.92177698118,600.014400345608,0,27430.063349431,126739.27289247,1059473.97388215,6701.7960813498,0,
115.41043,7302.132222609,1100.04840212969,831996.958024038,4000.64010241639,700.019600548815,400.006400102402,27329.8441898553,127749.478347921,1074368.27020555,6301.58800017604,0,
115.53657,9803.84310649775,1300.06760351538,785530.398046076,3800.57768780855,400.006400102402,0,28632.7558727184,127547.43075853,1048612.96345692,6701.7960813498,0,
115.66284,8002.56081946223,1500.09000540032,793405.142173249,6601.74286011507,300.003600043201,200.0016000128,36252.4936107484,127850.503361101,1065994.92860003,5101.04061228491,0,
115.78907,9703.76506084361,1500.09000540032,838297.731604166,6801.85010322808,100.0004000016,200.0016000128,28532.5270808722,134216.717270223,1104098.97003667,5801.34591225164,100.0004000016,
115.91533,7202.07419736884,1400.07840439065,809595.388135019,4500.81014582625,100.0004000016,400.006400102402,27129.408278574,126032.177401848,1113032.02870281,5801.34591225164,100.0004000016,
116.04162,7702.37233067785,1500.09000540032,839359.020971456,3700.5476810568,100.0004000016,0,24924.8251258253,126436.227094741,1065668.80335642,6701.7960813498,100.0004000016,
116.16792,8302.75651516303,1500.09000540032,977021.233171826,5101.04061228491,100.0004000016,100.0004000016,24724.4277346018,126335.213453243,1073498.06221762,5201.0818250196,0,
116.29414,10504.4118529783,1700.11560786133,837443.209299826,3800.57768780855,200.0016000128,0,23722.4889194957,126133.188606806,1030386.83237264,6401.6388195378,100.0004000016,
116.4203,8502.8909829342,600.014400345608,897467.693458044,6001.44034568296,500.010000200004,200.0016000128,22820.8125810739,133408.130355929,1040039.1642189,9903.92195309342,100.0004000016,
116.54662,9303.46088745013,2100.17641481884,790318.520749859,5101.04061228491,100.0004000016,100.0004000016,25225.4272306485,119367.233091652,1007964.67910333,5801.34591225164,0,
116.67288,9203.38684635946,2000.16001280102,793511.590572368,5101.04061228491,600.014400345608,500.010000200004,24824.6260290208,123608.152108373,1056866.50546152,7102.01697282028,0,
116.79917,7502.25067520256,1800.12960933187,823351.747104686,4200.70571856072,100.0004000016,200.0016000128,29534.8511243267,123709.14382419,1026267.79155666,7102.01697282028,100.0004000016,
116.92544,8703.02865397158,1800.12960933187,802562.916969417,6401.6388195378,400.006400102402,200.0016000128,24924.8251258253,118155.804906279,1003203.59468287,5901.39272868397,100.0004000016,
117.05168,8502.8909829342,1800.12960933187,809701.97020941,4600.84655576626,400.006400102402,100.0004000016,30837.992406645,137047.181232077,1061212.57609874,7302.132222609,0,
117.17799,9203.38684635946,2200.1936170383,816311.778434086,5201.0818250196,300.003600043201,400.006400102402,26227.4864057532,128153.583274701,1006449.59950068,7802.43435952017,0,
117.30428,10504.4118529783,1400.07840439065,817484.839972902,3800.57768780855,400.006400102402,100.0004000016,27931.1711870447,125426.127227118,1193162.73474369,6501.69043951427,0,
117.43043,8602.95941803981,1500.09000540032,795853.677663267,4000.64010241639,500.010000200004,100.0004000016,27630.5040765005,125830.157428401,1067299.511186,7902.49718911176,0,
117.55661,12005.7627661277,2000.16001280102,793724.490006479,5401.16665199683,400.006400102402,100.0004000016,27329.8441898553,116439.814982258,1060995.23813495,5901.39272868397,0,
117.68284,10404.3282005314,1800.12960933187,819511.288290335,4900.9605882753,100.0004000016,100.0004000016,29033.6790677186,127951.529186618,1046333.30138316,7302.132222609,0,
117.80909,9303.46088745013,1800.12960933187,806291.780386392,6201.53798141939,400.006400102402,100.0004000016,27730.7256440136,117752.021476683,1048830.09494278,7001.96054895371,0,
117.9354,8703.02865397158,1400.07840439065,823031.665234349,4300.73972723308,200.0016000128,200.0016000128,28632.7558727184,135530.781976417,1033727.41241494,7402.19104855037,100.0004000016,
118.06164,8803.09869073914,1000.04000160006,895250.603877244,5201.0818250196,300.003600043201,200.0016000128,25926.8602271954,126537.241548438,1068821.68925965,7302.132222609,100.0004000016,
118.18784,10704.5815609081,2700.2916314962,799154.613301631,4200.70571856072,0,400.006400102402,24123.2548176442,119367.233091652,1108075.49018482,9403.53572943427,0,
118.31407,10404.3282005314,1500.09000540032,849197.84769239,5501.21026625858,800.025600819226,200.0016000128,29234.1454819229,120578.778135048,1057409.68501803,7602.31110257518,0,
118.4403,10404.3282005314,2300.21161946899,869633.603205351,5001.00020004001,400.006400102402,200.0016000128,26127.2768770597,128153.583274701,1130291.90671695,7902.49718911176,0,
118.56657,11004.8421305374,1700.11560786133,823458.442824797,4700.88376614804,300.003600043201,200.0016000128,25926.8602271954,117146.370672818,1087646.14299369,8202.69048247825,100.0004000016,
118.69292,9903.92195309342,2100.17641481884,790424.943673712,5901.39272868397,400.006400102402,0,26227.4864057532,123709.14382419,1072736.67787447,6001.44034568296,0,
118.81916,10204.1632986258,1700.11560786133,799048.118320626,4300.73972723308,200.0016000128,100.0004000016,25225.4272306485,120578.778135048,1092547.13357714,6101.48876325823,0,
118.94538,11605.3848985929,1900.14441097523,819404.625184867,4900.9605882753,500.010000200004,300.003600043201,22820.8125810739,125527.133559262,1114460.72594023,7402.19104855037,400.006400102402,
119.07162,10304.2453490838,1800.12960933187,831036.093190112,4400.77453631839,400.006400102402,300.003600043201,25325.6295370915,131487.944927863,1072301.62107143,7202.07419736884,0,
119.19784,10104.0820491479,1000.04000160006,843105.472949505,6401.6388195378,300.003600043201,300.003600043201,26327.6967369673,120376.845845291,1093854.3754175,7602.31110257518,100.0004000016,
119.32398,10904.7544729502,1700.11560786133,828260.662939132,5001.00020004001,300.003600043201,300.003600043201,25425.8326459683,121588.488283291,1047635.91656421,7302.132222609,0,
119.45021,10204.1632986258,1700.11560786133,785104.87317854,6801.85010322808,100.0004000016,500.010000200004,24624.2302425587,116137.01756924,1196467.09375568,6101.48876325823,0,
119.57654,11705.4781637807,1500.09000540032,814605.697386736,6401.6388195378,600.014400345608,400.006400102402,27830.9480141918,133205.991756308,1101373.55868215,6601.74286011507,0,
119.70279,9503.61137232148,2300.21161946899,814818.945185846,6301.58800017604,400.006400102402,400.006400102402,23522.1107841371,118458.650998107,1100392.54990395,9503.61137232148,100.0004000016,
119.82903,10004.0016006403,2200.1936170383,804373.944601106,5601.25468104855,300.003600043201,100.0004000016,25225.4272306485,142002.027451043,1133897.54675877,7702.37233067785,0,
119.95535,9103.31360615264,2400.23042212052,781250.348484867,4800.92177698118,400.006400102402,400.006400102402,26427.9078707115,134317.7942927,1125267.52273943,8703.02865397158,0,
120.08158,12005.7627661277,2200.1936170383,804800.105696461,5501.21026625858,500.010000200004,400.006400102402,24924.8251258253,159916.42882159,1479815.87903424,7001.96054895371,100.0004000016,
120.20788,11905.6670975384,1300.06760351538,858728.578466985,4900.9605882753,400.006400102402,0,24223.4482979524,129365.976044678,1146075.61882276,9003.24116682005,100.0004000016,
120.33418,10604.4963064339,1800.12960933187,804373.944601106,5601.25468104855,300.003600043201,200.0016000128,23121.3641404658,122295.333684376,1128762.54180602,8803.09869073914,0,
120.46049,11004.8421305374,3200.40965243551,770964.163928072,5801.34591225164,400.006400102402,300.003600043201,22420.0883992057,126537.241548438,1103335.79748823,9003.24116682005,0,
120.58676,10004.0016006403,1700.11560786133,774152.442771072,5001.00020004001,100.0004000016,400.006400102402,22520.2682414173,120578.778135048,1103118.95166683,9603.68781612139,0,
120.71296,12806.5569571621,2300.21161946899,797237.838150194,6401.6388195378,200.0016000128,400.006400102402,24423.8376655616,138563.763464215,1142751.97430063,7902.49718911176,100.0004000016,
120.83922,12806.5569571621,2100.17641481884,805013.191522744,5301.12383825371,200.0016000128,100.0004000016,26628.3325458288,124315.11117007,1114024.27559697,8002.56081946223,200.0016000128,
120.96548,10904.7544729502,1700.11560786133,795001.960420149,5101.04061228491,300.003600043201,300.003600043201,26127.2768770597,134924.273500149,1145376.66075433,8202.69048247825,300.003600043201,
121.09168,11305.1099096792,1900.14441097523,803947.797581448,6501.69043951427,200.0016000128,400.006400102402,23622.2994506814,135631.86956819,1161464.37227136,8002.56081946223,0,
121.21787,11004.8421305374,1100.04840212969,811833.796569711,4300.73972723308,700.019600548815,400.006400102402,27329.8441898553,125931.167009049,1134553.22458572,8602.95941803981,0,
121.34416,11405.2007715518,3100.38444767151,779574.327668702,6601.74286011507,300.003600043201,600.014400345608,21919.201220269,142305.448840437,1201495.79099172,7602.31110257518,100.0004000016,
121.47039,11405.2007715518,1200.05760276493,790424.943673712,3700.5476810568,400.006400102402,200.0016000128,23021.1794851263,131184.784575484,1077510.16932387,8803.09869073914,0,
121.59669,11104.9305891816,1200.05760276493,759917.568263781,4200.70571856072,200.0016000128,200.0016000128,23021.1794851263,133104.923675787,1181300.26809651,8402.82334864514,300.003600043201,
121.72295,9303.46088745013,1200.05760276493,778723.685078862,4200.70571856072,300.003600043201,500.010000200004,21618.6785382571,132599.595465677,1125595.14105731,8302.75651516303,100.0004000016,
121.84929,13307.0793662228,1300.06760351538,731918.695371137,4500.81014582625,300.003600043201,400.006400102402,22219.7311212357,124517.106781208,1143408.09650891,8202.69048247825,300.003600043201,
121.97552,9503.61137232148,1800.12960933187,749941.290133859,5901.39272868397,500.010000200004,0,24624.2302425587,138563.763464215,1162449.97739564,7102.01697282028,200.0016000128,
122.10179,11004.8421305374,1600.10240655402,801311.675890951,5801.34591225164,600.014400345608,100.0004000016,20717.1538033492,135328.609232106,1210945.69092053,9503.61137232148,0,
122.22798,10004.0016006403,1500.09000540032,761828.801312411,3800.57768780855,200.0016000128,300.003600043201,27029.191526849,141597.47699041,1211935.02795241,7902.49718911176,200.0016000128,
122.3542,11505.2924345199,1500.09000540032,760873.149338873,4100.67251029169,200.0016000128,100.0004000016,22720.6303323418,125830.157428401,1153363.32252328,10204.1632986258,0,
122.48047,11605.3848985929,1900.14441097523,738382.723573888,5401.16665199683,100.0004000016,300.003600043201,20116.1734034163,131589.000004021,1185727.9269667,9203.38684635946,200.0016000128,
122.60683,9903.92195309342,2300.21161946899,748562.200286736,4000.64010241639,300.003600043201,300.003600043201,28031.3951625821,137957.108612063,1224473.09788652,8502.8909829342,200.0016000128,
122.73312,11205.0198488923,1100.04840212969,759705.226541152,4000.64010241639,300.003600043201,600.014400345608,20616.9883984403,135631.86956819,1176365.88277176,8502.8909829342,300.003600043201,
122.85944,11104.9305891816,2000.16001280102,790212.0987043,5601.25468104855,300.003600043201,500.010000200004,21518.505915087,165285.59579317,1218642.50356574,7001.96054895371,100.0004000016,
122.98575,9603.68781612139,1700.11560786133,733719.819493396,4600.84655576626,200.0016000128,300.003600043201,21217.9928579435,140282.777900686,1128434.8440446,6801.85010322808,0,
123.11207,7702.37233067785,1900.14441097523,748137.894667458,5201.0818250196,400.006400102402,200.0016000128,18713.9980705568,139878.282765306,1222492.60525709,7402.19104855037,100.0004000016,
123.2383,10204.1632986258,1800.12960933187,786913.450866647,5301.12383825371,0,300.003600043201,19214.7569333248,133104.923675787,1117407.14739411,6401.6388195378,0,
123.36457,8002.56081946223,1400.07840439065,710430.618860349,3300.43565750679,100.0004000016,200.0016000128,22620.4488857928,148577.797628389,1251900.63760616,10304.2453490838,100.0004000016,
123.49085,10404.3282005314,2400.23042212052,771176.691310784,5401.16665199683,200.0016000128,300.003600043201,19815.6940296715,139777.161015245,1215123.39982887,7602.31110257518,0,
123.6171,8502.8909829342,1400.07840439065,780956.741617064,4800.92177698118,300.003600043201,600.014400345608,21418.3340939844,152322.464847114,1222075.87609864,7902.49718911176,100.0004000016,
123.74336,10404.3282005314,1500.09000540032,776065.788768234,3700.5476810568,200.0016000128,200.0016000128,24123.2548176442,139170.447597902,1169206.13190673,7902.49718911176,200.0016000128,
123.86965,11004.8421305374,700.019600548815,768307.867373612,5101.04061228491,200.0016000128,300.003600043201,22620.4488857928,133610.272207053,1216882.83360459,6301.58800017604,200.0016000128,
123.99594,10204.1632986258,2700.2916314962,761404.05834855,5501.21026625858,200.0016000128,400.006400102402,20416.6599945556,144024.975057127,1208858.44005066,7802.43435952017,100.0004000016,
124.12216,9703.76506084361,1700.11560786133,764058.931677838,5501.21026625858,200.0016000128,700.019600548815,19815.6940296715,139676.040078677,1203253.39594164,10004.0016006403,100.0004000016,
124.24832,12806.5569571621,800.025600819226,735309.256064268,5701.29989637637,400.006400102402,200.0016000128,19915.8530190031,127850.503361101,1204352.01878328,8903.16952835209,100.0004000016,
124.37455,11205.0198488923,1500.09000540032,743895.607473556,6201.53798141939,300.003600043201,800.025600819226,19415.0660912868,137653.7921659,1183713.31138091,7502.25067520256,200.0016000128,
124.50086,9203.38684635946,2500.2500250025,777128.881520067,5701.29989637637,400.006400102402,600.014400345608,22920.9956319989,140990.675709378,1224142.99500692,6901.90492575951,400.006400102402,
124.62717,9703.76506084361,1400.07840439065,722810.988784854,4700.88376614804,200.0016000128,200.0016000128,19715.5358422437,142002.027451043,1198969.64692173,8302.75651516303,100.0004000016,
124.75339,9203.38684635946,1200.05760276493,781250.348484867,4400.77453631839,300.003600043201,500.010000200004,26027.0681508769,139979.405328871,1183274.54315423,7902.49718911176,200.0016000128,
124.87962,7602.31110257518,1500.09000540032,750577.842966796,5301.12383825371,200.0016000128,400.006400102402,20817.3200102485,160118.99729881,1100640.68240783,10304.2453490838,100.0004000016,
125.00584,9403.53572943427,1300.06760351538,800006.604801691,4900.9605882753,400.006400102402,700.019600548815,19515.221873061,146149.420431548,1250246.75231947,8402.82334864514,100.0004000016,
125.13204,9603.68781612139,1800.12960933187,742835.254092081,4900.9605882753,200.0016000128,700.019600548815,18313.4054127621,153840.890888675,1225023.28782068,7502.25067520256,0,
125.25829,7602.31110257518,1600.10240655402,734901.764477707,5801.34591225164,700.019600548815,600.014400345608,17712.5404786589,146351.767285602,1206659.42664022,7902.49718911176,0,
125.38458,9303.46088745013,1300.06760351538,1147196.63116826,4800.92177698118,400.006400102402,500.010000200004,19114.6035571176,140788.415124698,1237133.30982486,8903.16952835209,0,
125.51087,10204.1632986258,1700.11560786133,770964.163928072,5301.12383825371,300.003600043201,400.006400102402,22720.6303323418,148274.224829595,1320380.55670549,9103.31360615264,200.0016000128,
125.63719,7102.01697282028,2400.23042212052,805226.280868212,5201.0818250196,500.010000200004,200.0016000128,23221.549598027,144126.130982793,1235040.77974739,8803.09869073914,300.003600043201,
125.76343,8903.16952835209,1400.07840439065,756732.809956523,5101.04061228491,300.003600043201,200.0016000128,20516.8237955123,145036.570941189,1170032.22165972,9103.31360615264,100.0004000016,
125.8897,9803.84310649775,1500.09000540032,815147.074102044,6301.58800017604,100.0004000016,300.003600043201,21217.9928579435,142204.30756358,1184901.8372137,9403.53572943427,0,
126.01599,8803.09869073914,1100.04840212969,1082862.02948668,5201.0818250196,400.006400102402,300.003600043201,18012.9693379233,150804.222115806,1128727.73400979,9103.31360615264,200.0016000128,
126.14219,11305.1099096792,1100.04840212969,778298.384834936,5501.21026625858,100.0004000016,300.003600043201,22420.0883992057,137350.483039327,1141119.08030477,7602.31110257518,200.0016000128,
126.26838,17412.118834709,1500.09000540032,720270.453787876,5001.00020004001,200.0016000128,1100.04840212969,22620.4488857928,143418.056594817,1178997.32345931,6401.6388195378,200.0016000128,
126.39466,11705.4781637807,2900.33643902693,797770.247122001,6101.48876325823,100.0004000016,800.025600819226,19615.3784567101,159713.863606172,1216113.05226864,9203.38684635946,0,
126.52089,7702.37233067785,2500.2500250025,784253.86557534,5701.29989637637,200.0016000128,300.003600043201,21318.1630749398,151715.14575922,1250467.2583172,9903.92195309342,0,
126.64719,9603.68781612139,2100.17641481884,837975.481150346,5101.04061228491,500.010000200004,700.019600548815,21718.8519635043,162246.163260705,1261828.3274787,7802.43435952017,0,
126.7734,11405.2007715518,1600.10240655402,842817.870524229,4800.92177698118,100.0004000016,800.025600819226,19515.221873061,142204.30756358,1175927.36075454,8402.82334864514,200.0016000128,
126.89963,10104.0820491479,1800.12960933187,813763.534280934,4500.81014582625,300.003600043201,200.0016000128,19014.4509827469,140282.777900686,1222075.87609864,8502.8909829342,200.0016000128,
127.02595,10404.3282005314,1200.05760276493,775109.080261628,4800.92177698118,200.0016000128,100.0004000016,21919.201220269,144126.130982793,1168584.30052421,9503.61137232148,0,
127.15215,9103.31360615264,1600.10240655402,775959.484315844,3800.57768780855,400.006400102402,500.010000200004,20817.3200102485,135631.86956819,1195641.00400268,8102.62525058119,100.0004000016,
127.2784,10204.1632986258,900.032401166442,748243.969761262,5101.04061228491,100.0004000016,200.0016000128,18814.1482394761,140990.675709378,1209956.42856843,9703.76506084361,100.0004000016,
127.40462,11004.8421305374,1500.09000540032,801391.211014098,5901.39272868397,100.0004000016,900.032401166442,22420.0883992057,147970.659359672,1355076.32633143,13607.4024269202,0,
127.53085,9803.84310649775,1300.06760351538,757038.401615455,6701.7960813498,300.003600043201,500.010000200004,20817.3200102485,148780.183565976,1234380.05011816,7802.43435952017,100.0004000016,
127.65712,12005.7627661277,800.025600819226,764483.762191754,4500.81014582625,100.0004000016,500.010000200004,22019.3770518056,151917.582196467,1177681.53698592,8102.62525058119,100.0004000016,
127.78328,9603.68781612139,1200.05760276493,787764.634040675,4500.81014582625,300.003600043201,600.014400345608,21418.3340939844,148375.414948194,1169022.57653916,7902.49718911176,0,
127.90944,6701.7960813498,1600.10240655402,733084.099836132,5301.12383825371,400.006400102402,400.006400102402,23522.1107841371,133812.417309757,1125704.34898925,7402.19104855037,100.0004000016,
128.03567,10304.2453490838,800.025600819226,780956.741617064,6001.44034568296,500.010000200004,500.010000200004,17111.7044058136,146554.117396185,1188101.80257942,7202.07419736884,0,
128.16195,10004.0016006403,2000.16001280102,741819.463583253,5101.04061228491,600.014400345608,400.006400102402,20416.6599945556,147262.368429523,1126249.46475079,8602.95941803981,100.0004000016,
128.28827,9303.46088745013,2000.16001280102,771565.569737102,3800.57768780855,500.010000200004,500.010000200004,25526.0365572884,179885.099148316,1440989.6606433,8402.82334864514,0,
128.41458,10204.1632986258,1300.06760351538,848235.702823868,6401.6388195378,300.003600043201,900.032401166442,24524.0335528818,142912.313590448,1236945.49165262,8002.56081946223,100.0004000016,
128.54081,9403.53572943427,1600.10240655402,811727.196887725,6101.48876325823,800.025600819226,600.014400345608,24824.6260290208,143822.665647504,1195565.61465275,8703.02865397158,400.006400102402,
128.66709,10204.1632986258,1900.14441097523,1183860.43642766,4200.70571856072,400.006400102402,700.019600548815,24423.8376655616,142204.30756358,1212704.56394642,7402.19104855037,200.0016000128,
128.79332,9903.92195309342,1800.12960933187,828290.702402582,5101.04061228491,400.006400102402,200.0016000128,19715.5358422437,141294.072688509,1157960.59983343,8302.75651516303,200.0016000128,
128.91956,11104.9305891816,2000.16001280102,861177.20078618,5001.00020004001,500.010000200004,500.010000200004,22820.8125810739,139878.282765306,1192272.23200067,6401.6388195378,200.0016000128,
129.04587,9603.68781612139,2600.27042812453,797663.763569571,5201.0818250196,500.010000200004,100.0004000016,22119.5536854579,145340.065579047,1185727.9269667,4700.88376614804,400.006400102402,
129.17206,9503.61137232148,1500.09000540032,776278.400303541,5101.04061228491,200.0016000128,300.003600043201,21518.505915087,139676.040078677,1165516.7794226,6601.74286011507,0,
129.29838,10104.0820491479,2400.23042212052,817164.903526418,4600.84655576626,400.006400102402,400.006400102402,24624.2302425587,143418.056594817,1172090.91975009,8102.62525058119,100.0004000016,
129.42462,9903.92195309342,1200.05760276493,754928.463110701,5701.29989637637,100.0004000016,200.0016000128,20616.9883984403,140990.675709378,1094399.09817757,5801.34591225164,0,
129.55086,11405.2007715518,2500.2500250025,782339.303835587,4200.70571856072,300.003600043201,500.010000200004,21718.8519635043,133812.417309757,1053553.56648691,4600.84655576626,200.0016000128,
129.67723,12005.7627661277,2100.17641481884,803308.603442368,6401.6388195378,300.003600043201,300.003600043201,22720.6303323418,147970.659359672,1178293.11918971,5301.12383825371,0,
129.80338,10704.5815609081,1600.10240655402,812379.994459825,4200.70571856072,300.003600043201,200.0016000128,20616.9883984403,133812.417309757,1176640.93968371,7302.132222609,100.0004000016,
129.92957,10904.7544729502,2400.23042212052,799367.605901244,3300.43565750679,500.010000200004,400.006400102402,27329.8441898553,132397.469871282,1188430.998722,8703.02865397158,200.0016000128,
130.05585,11505.2924345199,2200.1936170383,1466102.55993395,7302.132222609,800.025600819226,900.032401166442,21518.505915087,141294.072688509,1330293.63374147,8202.69048247825,0,
130.18204,11805.5722300926,2500.2500250025,1111224.59581942,4500.81014582625,200.0016000128,600.014400345608,23121.3641404658,157080.812593836,1257597.73547759,6501.69043951427,0,
130.30836,11004.8421305374,3000.36004320518,849197.84769239,4600.84655576626,300.003600043201,300.003600043201,25325.6295370915,145238.89988574,1206989.0895063,8302.75651516303,100.0004000016,
130.43463,19915.8530190031,2600.27042812453,874131.664141351,9603.68781612139,500.010000200004,400.006400102402,26427.9078707115,143013.460563686,1469076.71224526,5301.12383825371,100.0004000016,
130.56091,14608.5313823273,2000.16001280102,958343.445586851,6201.53798141939,200.0016000128,400.006400102402,23221.549598027,138765.988255169,1163423.50363573,6201.53798141939,100.0004000016,
130.68727,13307.0793662228,2300.21161946899,823991.934650839,4300.73972723308,500.010000200004,400.006400102402,25225.4272306485,140889.545010237,1168474.73381428,5801.34591225164,0,
130.81354,14708.648685427,2700.2916314962,820257.954705071,6101.48876325823,400.006400102402,200.0016000128,22720.6303323418,135025.356213579,1281043.16819027,10104.0820491479,600.014400345608,
130.93982,13307.0793662228,1900.14441097523,844280.970752544,5901.39272868397,500.010000200004,200.0016000128,25526.0365572884,142305.448840437,1228104.77813122,7102.01697282028,200.0016000128,
131.06606,10804.6676164103,1700.11560786133,814925.570406595,5201.0818250196,300.003600043201,0,23622.2994506814,129568.052880653,1181738.97015701,7802.43435952017,100.0004000016,
131.19234,14408.2991803279,2300.21161946899,819617.952277084,5501.21026625858,500.010000200004,200.0016000128,23121.3641404658,150298.181935245,1326163.18497648,7001.96054895371,100.0004000016,
131.31849,14708.648685427,900.032401166442,867278.100141546,6101.48876325823,400.006400102402,100.0004000016,23021.1794851263,136946.082256131,1194577.51289821,7202.07419736884,300.003600043201,
131.44481,21919.201220269,2400.23042212052,792447.146117308,5101.04061228491,300.003600043201,200.0016000128,22620.4488857928,139878.282765306,1187333.71043094,5601.25468104855,0,
131.57111,12205.9565067753,2900.33643902693,798409.166897132,3600.51847466035,600.014400345608,200.0016000128,23822.6791905894,135935.137222097,1194687.29830091,9203.38684635946,0,
131.6974,17712.5404786589,2700.2916314962,781250.348484867,5101.04061228491,300.003600043201,0,24223.4482979524,138765.988255169,1192272.23200067,11905.6670975384,100.0004000016,
131.82369,14608.5313823273,3000.36004320518,765970.779327859,5101.04061228491,300.003600043201,100.0004000016,24624.2302425587,129770.13296664,1198200.91714662,4700.88376614804,100.0004000016,
131.94989,18213.259252736,2400.23042212052,828901.093905619,4600.84655576626,300.003600043201,0,25926.8602271954,131386.890664393,1225023.28782068,5301.12383825371,100.0004000016,
132.07612,13607.4024269202,1900.14441097523,795108.421999719,4400.77453631839,200.0016000128,300.003600043201,22920.9956319989,138867.101870734,1234600.28962999,4300.73972723308,0,
132.20236,15309.3693340324,2700.2916314962,833491.778749576,5901.39272868397,100.0004000016,300.003600043201,28332.0719053969,134216.717270223,1204571.75440656,5901.39272868397,0,
132.32861,15009.0054032419,2500.2500250025,786700.663852822,5301.12383825371,300.003600043201,200.0016000128,26528.1198069954,140282.777900686,1229095.41095747,5201.0818250196,400.006400102402,
132.45482,13607.4024269202,4800.92177698118,797131.35899288,5701.29989637637,300.003600043201,700.019600548815,26928.9755777216,144429.603643327,1169206.13190673,5401.16665199683,500.010000200004,
132.58108,15609.7404780583,3900.60849492521,786381.489916493,6701.7960813498,500.010000200004,200.0016000128,24624.2302425587,139676.040078677,1189199.15524119,5601.25468104855,200.0016000128,
132.70728,20817.3200102485,2600.27042812453,932747.95889633,4200.70571856072,400.006400102402,500.010000200004,27229.6258329062,145238.89988574,1271100.94828166,7001.96054895371,200.0016000128,
132.83347,16811.2971917128,3400.46246289495,821538.054749924,4800.92177698118,100.0004000016,100.0004000016,29133.9118734207,149387.360923888,1268450.95995427,6701.7960813498,100.0004000016,
132.95975,15809.9919148902,2300.21161946899,819511.288290335,4700.88376614804,400.006400102402,400.006400102402,27329.8441898553,138058.215720738,1234820.5328397,4200.70571856072,200.0016000128,
133.086,13507.2939387269,2700.2916314962,796386.029502811,5801.34591225164,300.003600043201,300.003600043201,29534.8511243267,143822.665647504,1175814.84993071,5201.0818250196,300.003600043201,
133.21227,16110.3750815525,1900.14441097523,809808.553164076,5101.04061228491,300.003600043201,400.006400102402,33244.1482288479,144024.975057127,1181597.47820171,8002.56081946223,0,
133.33862,16410.7654621432,2900.33643902693,798544.596248733,5201.0818250196,600.014400345608,200.0016000128,26127.2768770597,141091.807222131,1192272.23200067,4600.84655576626,0,
133.46491,15809.9919148902,3400.46246289495,773302.157947043,4700.88376614804,0,400.006400102402,24924.8251258253,140383.903718363,1252451.97901484,5001.00020004001,100.0004000016,
133.59113,14808.7667899396,2800.31363512713,781913.88428252,5001.00020004001,300.003600043201,400.006400102402,23822.6791905894,129669.09251739,1200726.91296747,6301.58800017604,400.006400102402,
133.71733,16911.4321281186,2700.2916314962,681635.481365001,4800.92177698118,200.0016000128,0,23922.8702639724,144126.130982793,1187882.34308221,5401.16665199683,100.0004000016,
133.84356,14808.7667899396,2200.1936170383,765227.249304339,4600.84655576626,200.0016000128,200.0016000128,24524.0335528818,137856.002316705,1209296.9618183,5301.12383825371,100.0004000016,
133.96979,15809.9919148902,2300.21161946899,760023.740437879,4900.9605882753,400.006400102402,600.014400345608,27229.6258329062,150298.181935245,1261055.90453581,5101.04061228491,0,
134.09604,16310.634533716,2900.33643902693,862879.197930313,6201.53798141939,400.006400102402,300.003600043201,26628.3325458288,139777.161015245,1326989.27472948,6301.58800017604,0,
134.2223,15609.7404780583,2200.1936170383,797663.763569571,6901.90492575951,300.003600043201,300.003600043201,31439.4879969241,142608.877553483,1159293.05487074,7102.01697282028,200.0016000128,
134.34858,17211.841747122,2400.23042212052,756095.952790106,5801.34591225164,500.010000200004,300.003600043201,30737.7459520291,146857.648668222,1539294.34125015,5201.0818250196,0,
134.47486,16510.8971921468,2700.2916314962,781169.433845519,6401.6388195378,400.006400102402,300.003600043201,23722.4889194957,141192.939548504,1259731.85662607,5501.21026625858,300.003600043201,
134.6011,14908.8856958747,2700.2916314962,773089.595506823,5801.34591225164,600.014400345608,400.006400102402,22820.8125810739,137653.7921659,1285685.44656225,5301.12383825371,100.0004000016,
134.72741,12906.6598364756,2900.33643902693,745910.519573071,4000.64010241639,100.0004000016,100.0004000016,25726.4467872973,153942.125809957,1257194.47128513,5501.21026625858,100.0004000016,
134.85369,15209.2472223112,2300.21161946899,788935.102660593,4700.88376614804,100.0004000016,200.0016000128,30336.7681630136,154752.034516345,1310582.74783517,6401.6388195378,300.003600043201,
134.97993,15709.8657957197,2400.23042212052,768095.387304781,4900.9605882753,600.014400345608,100.0004000016,26427.9078707115,141698.613385038,1184700.59365953,5201.0818250196,100.0004000016,
135.10618,15209.2472223112,2000.16001280102,754822.332933618,4300.73972723308,200.0016000128,200.0016000128,26828.7604311822,146857.648668222,1248510.7481946,4000.64010241639,100.0004000016,
135.23244,13006.7635170289,1500.09000540032,781807.531587871,4800.92177698118,100.0004000016,400.006400102402,25025.025025025,159612.582221614,1283364.10239158,5101.04061228491,0,
135.35872,13206.9732818928,1900.14441097523,763103.114243904,3400.46246289495,600.014400345608,400.006400102402,23421.922919853,138968.216299705,1270107.14000496,3800.57768780855,100.0004000016,
135.48498,12706.4548790786,1800.12960933187,771601.756592376,6201.53798141939,100.0004000016,700.019600548815,24123.2548176442,155561.995379426,1318728.37719949,5701.29989637637,100.0004000016,
135.61114,13607.4024269202,1900.14441097523,737004.871500282,4300.73972723308,100.0004000016,400.006400102402,23421.922919853,143215.756951596,1219302.44070243,6601.74286011507,0,
135.7375,12806.5569571621,1900.14441097523,742835.254092081,4800.92177698118,200.0016000128,200.0016000128,25425.8326459683,155359.50027369,1321552.50833867,4700.88376614804,300.003600043201,
135.86373,22019.3770518056,1900.14441097523,777554.143174722,4800.92177698118,600.014400345608,300.003600043201,25425.8326459683,147363.550405375,1214683.57828334,5101.04061228491,100.0004000016,
135.98999,15309.3693340324,2000.16001280102,758218.932496981,4000.64010241639,400.006400102402,400.006400102402,26828.7604311822,148577.797628389,1240107.47948024,4300.73972723308,200.0016000128,
136.11629,12506.2531265633,2700.2916314962,806824.563142074,5401.16665199683,500.010000200004,100.0004000016,25626.2412710616,150095.771564698,1337728.44151846,6101.48876325823,100.0004000016,
136.24248,12406.1534521122,1200.05760276493,774790.193207827,5301.12383825371,1100.04840212969,0,29534.8511243267,141698.613385038,1272647.02173273,6501.69043951427,300.003600043201,
136.3688,11605.3848985929,1800.12960933187,775109.080261628,4500.81014582625,500.010000200004,400.006400102402,27931.1711870447,136238.412194092,1225683.54621595,5201.0818250196,200.0016000128,
136.49496,11605.3848985929,1900.14441097523,732236.522483799,3300.43565750679,0,200.0016000128,22219.7311212357,143418.056594817,1178997.32345931,2800.31363512713,100.0004000016,
136.62125,12105.8592358702,2600.27042812453,732342.466599419,3300.43565750679,600.014400345608,300.003600043201,27129.408278574,148577.797628389,1228324.91229248,5001.00020004001,100.0004000016,
136.74753,11305.1099096792,1500.09000540032,757900.463230082,4900.9605882753,300.003600043201,800.025600819226,27329.8441898553,136137.319723623,1282921.98808227,4200.70571856072,400.006400102402,
136.87381,11205.0198488923,1500.09000540032,770007.834082382,3900.60849492521,100.0004000016,400.006400102402,24023.0621396541,148375.414948194,1208197.92431072,5801.34591225164,100.0004000016,
137.00009,11405.2007715518,2000.16001280102,753230.485232068,3700.5476810568,300.003600043201,300.003600043201,27530.2833116428,143519.207637193,1281153.67957176,7602.31110257518,100.0004000016,
137.12638,10704.5815609081,1700.11560786133,772770.75842048,3300.43565750679,400.006400102402,300.003600043201,22520.2682414173,151006.643889915,1275076.93342526,5901.39272868397,100.0004000016,
137.25264,9903.92195309342,1400.07840439065,944508.047375759,4600.84655576626,400.006400102402,100.0004000016,24624.2302425587,141597.47699041,1254878.15636145,5701.29989637637,200.0016000128,
137.37893,10604.4963064339,800.025600819226,774258.732318859,4500.81014582625,600.014400345608,200.0016000128,22219.7311212357,151512.712580585,1260076.00473658,5001.00020004001,0,
137.50517,10004.0016006403,2000.16001280102,794363.209396577,4800.92177698118,100.0004000016,200.0016000128,25225.4272306485,148577.797628389,1259952.52200584,6101.48876325823,0,
137.63151,8803.09869073914,2000.16001280102,751851.043052975,5501.21026625858,300.003600043201,200.0016000128,23522.1107841371,156878.293035369,1262380.08597253,6201.53798141939,200.0016000128,
137.75775,9103.31360615264,1200.05760276493,755246.858890093,5001.00020004001,100.0004000016,200.0016000128,21518.505915087,213555.807447708,1179119.20894271,6001.44034568296,100.0004000016,
137.88406,8703.02865397158,1000.04000160006,719682.826445505,3500.49006860961,300.003600043201,500.010000200004,19815.6940296715,141496.341409452,1290641.32559754,5701.29989637637,0,
138.0103,8703.02865397158,1300.06760351538,766714.352266028,3700.5476810568,200.0016000128,300.003600043201,21919.201220269,130982.681737214,1270438.40107604,4100.67251029169,0,
138.13651,9703.76506084361,1400.07840439065,796066.615762429,4700.88376614804,0,100.0004000016,24223.4482979524,147464.733195458,1220292.40870094,5901.39272868397,100.0004000016,
138.26275,6201.53798141939,2700.2916314962,747607.532308098,5101.04061228491,600.014400345608,100.0004000016,24423.8376655616,145947.076833944,1226784.05075827,6301.58800017604,0,
138.38896,8002.56081946223,900.032401166442,763846.521674609,3500.49006860961,400.006400102402,600.014400345608,26027.0681508769,147262.368429523,1199628.59406505,8402.82334864514,200.0016000128,
138.51523,8602.95941803981,1400.07840439065,760236.087411694,6501.69043951427,200.0016000128,200.0016000128,25526.0365572884,166805.587433509,1206000.1257888,5601.25468104855,200.0016000128,
138.64157,7602.31110257518,1500.09000540032,810304.684728161,6601.74286011507,400.006400102402,200.0016000128,25526.0365572884,157992.190959224,1254988.44780508,4900.9605882753,0,
138.76781,9003.24116682005,1300.06760351538,869796.897035859,3800.57768780855,300.003600043201,400.006400102402,23822.6791905894,147161.187267892,1286569.87601151,5801.34591225164,0,
138.89404,9303.46088745013,1200.05760276493,752381.580248541,4700.88376614804,200.0016000128,300.003600043201,29935.8032206519,136743.886743887,1224253.02837674,9003.24116682005,400.006400102402,
139.02019,8202.69048247825,1000.04000160006,798622.147188363,5201.0818250196,100.0004000016,500.010000200004,27730.7256440136,160017.71265247,1282811.46182895,10704.5815609081,0,
139.14648,9503.61137232148,2000.16001280102,772239.380806486,3900.60849492521,300.003600043201,200.0016000128,27730.7256440136,149893.364452135,1331119.72349447,6001.44034568296,0,
139.27277,9903.92195309342,1400.07840439065,734209.994567152,4600.84655576626,600.014400345608,500.010000200004,27129.408278574,182928.794765174,1308815.30016351,7001.96054895371,100.0004000016,
139.39905,9303.46088745013,2000.16001280102,849946.232111837,3900.60849492521,400.006400102402,800.025600819226,32041.0124959949,157587.125755734,1317784.08468852,7302.132222609,200.0016000128,
139.52533,10604.4963064339,2000.16001280102,832851.120112425,3200.40965243551,500.010000200004,200.0016000128,30837.992406645,147464.733195458,1214023.87363582,6001.44034568296,200.0016000128,
139.65154,9203.38684635946,1900.14441097523,807570.495959567,4300.73972723308,300.003600043201,100.0004000016,28131.6199408135,146857.648668222,1152684.33684675,8803.09869073914,100.0004000016,
139.77777,10104.0820491479,1400.07840439065,761616.42807975,3600.51847466035,200.0016000128,200.0016000128,25526.0365572884,143418.056594817,1260283.52702918,6601.74286011507,200.0016000128,
139.90406,9803.84310649775,1800.12960933187,784466.612209873,4500.81014582625,100.0004000016,600.014400345608,24924.8251258253,147970.659359672,1258187.30280101,6201.53798141939,100.0004000016,
140.03031,8602.95941803981,2000.16001280102,767882.910740054,4300.73972723308,700.019600548815,0,27329.8441898553,148274.224829595,1240327.81516733,7802.43435952017,0,
140.15652,9203.38684635946,1800.12960933187,775853.180740283,5501.21026625858,300.003600043201,100.0004000016,27229.6258329062,146958.827387251,1242641.56330565,8602.95941803981,300.003600043201,
140.28283,8402.82334864514,1600.10240655402,769476.570391902,4900.9605882753,300.003600043201,300.003600043201,28031.3951625821,146351.767285602,1193162.73474369,6601.74286011507,400.006400102402,
140.40908,9603.68781612139,2700.2916314962,788722.282281291,5101.04061228491,600.014400345608,700.019600548815,26528.1198069954,147768.286451187,1267015.77281763,9803.84310649775,100.0004000016,
140.53535,10204.1632986258,1800.12960933187,830366.012134245,4900.9605882753,500.010000200004,200.0016000128,25225.4272306485,153942.125809957,1331945.81324747,8402.82334864514,200.0016000128,
140.6616,10804.6676164103,1800.12960933187,796066.615762429,4300.73972723308,500.010000200004,700.019600548815,32742.827618525,152423.687546532,1309585.95026015,9503.61137232148,200.0016000128,
140.78783,9803.84310649775,1900.14441097523,743894.773314917,4400.77453631839,500.010000200004,300.003600043201,32943.3534531443,152018.801637095,1294753.67074761,9303.46088745013,0,
140.91412,9703.76506084361,1800.12960933187,770114.089449097,5301.12383825371,300.003600043201,200.0016000128,31539.7400724913,177450.672338643,1335194.35373433,6701.7960813498,600.014400345608,
141.0403,9003.24116682005,2300.21161946899,799687.101394834,4900.9605882753,500.010000200004,200.0016000128,34146.5759295679,158397.269206927,1356183.79326631,8602.95941803981,0,
141.16652,9203.38684635946,1700.11560786133,801604.24054526,5001.00020004001,200.0016000128,300.003600043201,27530.2833116428,168224.411969605,1424938.3770437,9703.76506084361,100.0004000016,
141.29279,10004.0016006403,1800.12960933187,784253.86557534,5801.34591225164,600.014400345608,200.0016000128,28532.5270808722,167616.324722653,1392243.63630221,9003.24116682005,0,
141.41903,10404.3282005314,1800.12960933187,916837.250953574,5901.39272868397,500.010000200004,300.003600043201,30036.0432519023,171265.289026537,1474413.00931476,9603.68781612139,200.0016000128,
141.54532,10004.0016006403,2000.16001280102,846525.399897441,4000.64010241639,200.0016000128,100.0004000016,27029.191526849,168933.884230958,1435780.08814747,12205.9565067753,100.0004000016,
141.67161,11605.3848985929,1400.07840439065,818764.66505833,4600.84655576626,200.0016000128,100.0004000016,27229.6258329062,165994.902376073,1403950.87597747,10804.6676164103,100.0004000016,
141.79786,30938.239664225,2000.16001280102,855961.498824767,7302.132222609,200.0016000128,300.003600043201,28131.6199408135,163461.848165684,1431978.88824982,9903.92195309342,0,
141.92409,11805.5722300926,2600.27042812453,831356.373525546,5101.04061228491,300.003600043201,500.010000200004,27830.9480141918,172684.616468977,1523598.63594317,10904.7544729502,0,
142.05041,11805.5722300926,1100.04840212969,789467.168976715,5801.34591225164,200.0016000128,400.006400102402,26628.3325458288,158599.813222555,1450548.05535571,10404.3282005314,100.0004000016,
142.17667,11705.4781637807,2600.27042812453,972870.613708498,5101.04061228491,600.014400345608,0,29935.8032206519,208728.270076231,1452003.36892715,13106.8679988314,100.0004000016,
142.30291,12105.8592358702,1700.11560786133,832103.725196014,6101.48876325823,400.006400102402,300.003600043201,27630.5040765005,166096.235152003,1514621.22272706,11305.1099096792,400.006400102402,
142.42923,11004.8421305374,2000.16001280102,789573.584874518,5301.12383825371,100.0004000016,300.003600043201,31238.986254846,173090.167995135,1440989.6606433,13206.9732818928,0,
142.55545,12506.2531265633,2000.16001280102,864954.507661977,6601.74286011507,300.003600043201,0,30737.7459520291,177247.824685788,1741686.33073483,12105.8592358702,200.0016000128,
142.68175,14107.9568876847,3600.51847466035,849735.569629775,6501.69043951427,200.0016000128,200.0016000128,41067.3504547458,191251.985070656,1585223.71997465,12105.8592358702,300.003600043201,
142.80806,14608.5313823273,1700.11560786133,784572.986843679,6801.85010322808,100.0004000016,500.010000200004,33344.4147604609,176132.221018244,1576632.12413201,11805.5722300926,400.006400102402,
142.93437,15509.6159618964,2500.2500250025,814712.320845896,7802.43435952017,400.006400102402,200.0016000128,29935.8032206519,185059.819554083,1664859.98370595,25025.025025025,300.003600043201,
143.06063,11605.3848985929,2100.17641481884,797344.318186509,8102.62525058119,400.006400102402,200.0016000128,30437.0114058695,195821.928024607,1714082.38195581,17111.7044058136,0,
143.18688,12906.6598364756,2100.17641481884,831463.13540233,8302.75651516303,300.003600043201,700.019600548815,32341.7855869784,189221.431392621,1671468.70172994,14608.5313823273,0,
143.31321,13607.4024269202,2100.17641481884,832744.346762227,7902.49718911176,200.0016000128,0,39060.9350586916,200393.529345354,1646997.62948309,12306.0545788528,0,
143.43943,16210.5044068556,2500.2500250025,793702.20687485,7402.19104855037,400.006400102402,100.0004000016,35550.4816839913,214220.013232423,1649497.28388324,13907.7326993809,100.0004000016,
143.56571,13407.186251831,2200.1936170383,813113.061435209,7001.96054895371,400.006400102402,300.003600043201,29234.1454819229,192368.929142935,1745748.4958191,15109.1259120509,100.0004000016,
143.69204,15809.9919148902,1600.10240655402,992931.941114583,7001.96054895371,100.0004000016,300.003600043201,30637.5003003677,201206.43215432,1759833.70368943,12906.6598364756,0,
143.81827,14107.9568876847,1800.12960933187,815245.451353751,9503.61137232148,700.019600548815,300.003600043201,27730.7256440136,189322.951301986,1786211.74393239,16110.3750815525,300.003600043201,
143.94449,13006.7635170289,1700.11560786133,833918.902161782,8202.69048247825,300.003600043201,300.003600043201,26928.9755777216,203848.728516239,1743338.51024083,16811.2971917128,100.0004000016,
144.07065,12706.4548790786,1600.10240655402,805545.921485078,9103.31360615264,400.006400102402,0,26027.0681508769,193181.314318192,1705863.75309254,16410.7654621432,100.0004000016,
144.19681,9703.76506084361,2700.2916314962,785636.781457445,6301.58800017604,200.0016000128,100.0004000016,24624.2302425587,195618.784240846,1696251.3943199,16310.634533716,100.0004000016,
144.32316,13607.4024269202,1700.11560786133,797876.731553486,7502.25067520256,400.006400102402,0,26628.3325458288,220731.845108389,1716903.63814487,16611.0297237366,100.0004000016,
144.44939,13507.2939387269,2400.23042212052,811833.796569711,9803.84310649775,100.0004000016,600.014400345608,27329.8441898553,189424.472029663,1777208.19011378,15009.0054032419,200.0016000128,
144.57565,16711.163056922,3100.38444767151,780531.367688126,9403.53572943427,500.010000200004,200.0016000128,35650.7666917691,215542.456921767,1890394.75099494,14908.8856958747,800.025600819226,
144.70186,16510.8971921468,2700.2916314962,941740.96773354,8903.16952835209,200.0016000128,100.0004000016,48995.8358549322,218594.779549132,1725990.62542786,20316.4969955604,0,
144.82809,15509.6159618964,3400.46246289495,777341.510593456,10404.3282005314,400.006400102402,300.003600043201,32041.0124959949,201104.816435153,1864850.4594964,18814.1482394761,0,
144.95432,18012.9693379233,2300.21161946899,770873.799826548,7302.132222609,300.003600043201,500.010000200004,31840.5011174214,228061.677565189,1935817.42268953,20416.6599945556,300.003600043201,
145.0806,16911.4321281186,2600.27042812453,835841.132312577,8803.09869073914,300.003600043201,500.010000200004,40866.6944453348,232746.857009051,1743338.51024083,17612.3991289868,200.0016000128,
145.20681,20116.1734034163,3600.51847466035,810234.893785721,10904.7544729502,0,300.003600043201,38960.6227289663,243753.685588038,2018497.94443268,18613.8487034354,200.0016000128,
145.333,17011.567866149,1400.07840439065,817164.903526418,9103.31360615264,700.019600548815,600.014400345608,36352.7842427204,310801.112217186,2037198.8596791,20416.6599945556,0,
145.45928,16711.163056922,3100.38444767151,826873.171457379,8402.82334864514,700.019600548815,100.0004000016,32241.5270868879,231931.918192021,2073153.8274942,18513.7001381022,100.0004000016,
145.58559,12406.1534521122,2500.2500250025,766183.224359556,9603.68781612139,300.003600043201,200.0016000128,27530.2833116428,215542.456921767,1965923.70153684,20616.9883984403,100.0004000016,
145.71191,23221.549598027,2400.23042212052,751744.938237015,7902.49718911176,600.014400345608,200.0016000128,28432.2990917683,292034.474454655,2018965.15201951,19515.221873061,200.0016000128,
145.83811,13607.4024269202,1600.10240655402,812580.018998059,11205.0198488923,100.0004000016,400.006400102402,33143.8825004306,230505.901919941,2001078.51317643,22119.5536854579,200.0016000128,
145.96442,13507.2939387269,1800.12960933187,795214.884458073,8903.16952835209,200.0016000128,400.006400102402,32141.2693898966,228978.206199466,1960600.11527949,16410.7654621432,100.0004000016,
146.09065,12306.0545788528,2300.21161946899,964569.374781843,9803.84310649775,600.014400345608,500.010000200004,32241.5270868879,222971.064207595,1977948.00009246,16310.634533716,0,
146.21699,13307.0793662228,1700.11560786133,777660.460780836,9903.92195309342,100.0004000016,400.006400102402,30938.239664225,238554.820160154,2122027.42579413,19815.6940296715,300.003600043201,
146.34326,11305.1099096792,1700.11560786133,802882.491608903,9303.46088745013,300.003600043201,300.003600043201,29635.0879441258,233052.472637278,2068346.49215884,18113.1138944596,200.0016000128,
146.46949,12506.2531265633,1500.09000540032,733084.099836132,7902.49718911176,700.019600548815,100.0004000016,29635.0879441258,254566.025537417,2054774.34712134,18513.7001381022,300.003600043201,
146.59572,10704.5815609081,2100.17641481884,741987.034275971,10904.7544729502,100.0004000016,200.0016000128,33544.9502333126,228774.527414596,2343905.76067089,19114.6035571176,100.0004000016,
146.72192,9603.68781612139,1100.04840212969,764165.137992869,8602.95941803981,700.019600548815,200.0016000128,27730.7256440136,250280.783122308,2089816.82949453,16110.3750815525,100.0004000016,
146.84816,8903.16952835209,1700.11560786133,739442.710177993,8302.75651516303,300.003600043201,100.0004000016,28432.2990917683,226534.277814777,2020078.5774954,15709.8657957197,100.0004000016,
146.97439,10304.2453490838,2700.2916314962,680251.941543892,8602.95941803981,300.003600043201,100.0004000016,27630.5040765005,241001.078295566,2050643.89835635,16711.163056922,100.0004000016,
147.10062,9703.76506084361,1400.07840439065,760979.329390186,10804.6676164103,300.003600043201,100.0004000016,25626.2412710616,236210.934345474,1914339.08911156,16410.7654621432,100.0004000016,
147.22677,10304.2453490838,1900.14441097523,731494.938100316,10304.2453490838,600.014400345608,300.003600043201,24724.4277346018,247730.733961632,1931686.97392453,16911.4321281186,100.0004000016,
147.35307,9703.76506084361,2300.21161946899,732130.579240552,9603.68781612139,500.010000200004,100.0004000016,24123.2548176442,228876.366395944,2003556.78243542,15509.6159618964,0,
147.4793,8502.8909829342,1300.06760351538,736051.060325304,9203.38684635946,300.003600043201,0,27931.1711870447,300775.620577424,2073774.41144031,17211.841747122,0,
147.60556,9603.68781612139,1800.12960933187,769370.32028235,10304.2453490838,700.019600548815,500.010000200004,26327.6967369673,269678.003655006,2219950.26370688,16811.2971917128,100.0004000016,
147.73179,11004.8421305374,2100.17641481884,793298.69465274,10804.6676164103,0,300.003600043201,24624.2302425587,259363.140729005,2039904.73156737,22119.5536854579,100.0004000016,
147.85807,11505.2924345199,1500.09000540032,795214.884458073,7702.37233067785,200.0016000128,300.003600043201,24624.2302425587,271210.632508077,1972991.46157447,16310.634533716,200.0016000128,
147.98429,7802.43435952017,1400.07840439065,754503.947650365,10804.6676164103,300.003600043201,100.0004000016,28833.2158646761,255382.427102864,2242730.5497801,20216.3347985172,400.006400102402,
148.11064,10104.0820491479,1500.09000540032,764589.97200935,11205.0198488923,600.014400345608,300.003600043201,29735.3255667733,277956.408669732,2192731.33587213,20516.8237955123,0,
148.2369,10604.4963064339,2300.21161946899,764589.97200935,11605.3848985929,200.0016000128,100.0004000016,28031.3951625821,244773.322131386,1926730.43540654,18313.4054127621,0,
148.36319,8903.16952835209,1600.10240655402,718991.056534951,10104.0820491479,500.010000200004,500.010000200004,25826.6531060054,230913.318692675,1935817.42268953,23021.1794851263,0,
148.48934,10104.0820491479,1700.11560786133,1129902.3834044,9403.53572943427,100.0004000016,100.0004000016,27029.191526849,215847.655934802,2077904.86020531,14808.7667899396,0,
148.61565,8402.82334864514,1600.10240655402,734901.764477707,8903.16952835209,400.006400102402,300.003600043201,29434.6151073663,240287.537355626,2032988.8970108,16310.634533716,0,
148.74197,8903.16952835209,1500.09000540032,732978.149613594,8302.75651516303,0,200.0016000128,24223.4482979524,243039.989014229,1953991.3972555,13206.9732818928,100.0004000016,
148.86818,8402.82334864514,1500.09000540032,721540.65855375,10804.6676164103,400.006400102402,200.0016000128,26628.3325458288,251096.907649668,2022556.84675439,15009.0054032419,0,
148.99448,10104.0820491479,1500.09000540032,737322.824269678,11004.8421305374,100.0004000016,500.010000200004,26127.2768770597,251811.059889215,2039904.73156737,15209.2472223112,200.0016000128,
149.12077,10104.0820491479,2000.16001280102,761722.614258392,10104.0820491479,200.0016000128,200.0016000128,29133.9118734207,309948.08322798,1980426.26935146,11805.5722300926,0,
149.24706,11605.3848985929,1400.07840439065,735309.256064268,9203.38684635946,200.0016000128,200.0016000128,25926.8602271954,236109.036142146,2038719.44624703,12806.5569571621,200.0016000128,
149.37332,7902.49718911176,1400.07840439065,762678.329259395,10004.0016006403,200.0016000128,100.0004000016,25325.6295370915,229487.417550035,1939947.87145452,13106.8679988314,100.0004000016,
149.49963,7402.19104855037,1000.04000160006,735945.085669814,8102.62525058119,100.0004000016,400.006400102402,25526.0365572884,231728.191712689,2042112.14039399,9703.76506084361,100.0004000016,
149.62583,8602.95941803981,600.014400345608,734885.38711444,9303.46088745013,200.0016000128,400.006400102402,22219.7311212357,264672.711323828,1954817.4870085,12506.2531265633,0,
149.75203,8102.62525058119,1900.14441097523,732130.579240552,9103.31360615264,100.0004000016,200.0016000128,22620.4488857928,251811.059889215,1963078.38453849,12906.6598364756,100.0004000016,
149.87831,9303.46088745013,1700.11560786133,746758.997977335,8903.16952835209,200.0016000128,400.006400102402,31639.9929510902,287979.510667481,1973817.55132747,10304.2453490838,100.0004000016,
150.00457,8703.02865397158,1800.12960933187,744956.048211035,11405.2007715518,200.0016000128,300.003600043201,23522.1107841371,228061.677565189,1984784.89888261,14007.84439286,100.0004000016,
150.13082,8602.95941803981,1200.05760276493,846276.720077002,9903.92195309342,300.003600043201,200.0016000128,26127.2768770597,269780.173128318,2029715.38790885,10904.7544729502,200.0016000128,
150.25713,8402.82334864514,1500.09000540032,843319.191869072,9403.53572943427,200.0016000128,200.0016000128,24524.0335528818,253239.485561208,1996948.06441143,13206.9732818928,200.0016000128,
150.38338,10404.3282005314,1400.07840439065,787445.433765462,10704.5815609081,500.010000200004,100.0004000016,22820.8125810739,234784.434377448,1873034.60146163,10704.5815609081,100.0004000016,
150.50953,8703.02865397158,1500.09000540032,832441.321865909,9703.76506084361,200.0016000128,100.0004000016,21819.0261908384,226737.920428814,1965574.66875488,13407.186251831,100.0004000016,
150.63576,10304.2453490838,1600.10240655402,782658.377713883,9303.46088745013,200.0016000128,100.0004000016,23722.4889194957,227858.013578642,1904426.01207558,12506.2531265633,100.0004000016,
150.76199,8803.09869073914,1400.07840439065,741562.945329039,7702.37233067785,300.003600043201,200.0016000128,25225.4272306485,221037.169755739,1957084.32175976,10904.7544729502,0,
150.88826,8202.69048247825,1600.10240655402,758431.249716657,10204.1632986258,500.010000200004,400.006400102402,26728.5460872212,220426.527853439,1925264.08299013,11805.5722300926,0,
151.01451,8602.95941803981,1700.11560786133,774332.649379321,8202.69048247825,400.006400102402,200.0016000128,28732.9854673165,226737.920428814,1933339.15343053,11605.3848985929,0,
151.14071,8703.02865397158,1800.12960933187,780425.026399155,10004.0016006403,500.010000200004,0,24023.0621396541,226432.45774068,1833382.29331769,10304.2453490838,0,
151.26694,8202.69048247825,2000.16001280102,802349.871607507,8102.62525058119,600.014400345608,200.0016000128,27630.5040765005,223887.222991271,1789599.53640876,9503.61137232148,0,
151.39317,8402.82334864514,1700.11560786133,795108.421999719,10004.0016006403,100.0004000016,600.014400345608,26828.7604311822,265183.364594787,1849904.08837766,10204.1632986258,100.0004000016,
151.51943,9903.92195309342,1900.14441097523,780531.367688126,11305.1099096792,700.019600548815,200.0016000128,25025.025025025,248546.693652313,1848251.90887167,10904.7544729502,0,
151.64572,8502.8909829342,1900.14441097523,1026828.66673176,9503.61137232148,300.003600043201,100.0004000016,21017.6548300572,263957.831422704,1770599.47208979,10604.4963064339,0,
151.77192,7802.43435952017,1600.10240655402,809062.490966828,7102.01697282028,600.014400345608,100.0004000016,26628.3325458288,237229.96163941,2058904.79588634,12706.4548790786,0,
151.89824,9103.31360615264,1700.11560786133,920296.100506347,7802.43435952017,200.0016000128,300.003600043201,22520.2682414173,219815.915519669,1772251.65159578,11104.9305891816,100.0004000016,
152.02448,10004.0016006403,900.032401166442,804078.75553317,10104.0820491479,600.014400345608,100.0004000016,26327.6967369673,223887.222991271,1885305.13745919,9503.61137232148,0,
152.15068,10204.1632986258,1200.05760276493,797024.880714557,11405.2007715518,400.006400102402,200.0016000128,25726.4467872973,211372.144055764,1850423.80708937,14708.648685427,200.0016000128,
152.27691,8502.8909829342,1200.05760276493,837870.463386704,8703.02865397158,700.019600548815,300.003600043201,26728.5460872212,247832.726038797,1815208.31875172,11705.4781637807,100.0004000016,
152.40327,9503.61137232148,1200.05760276493,970795.303976835,8602.95941803981,300.003600043201,200.0016000128,26528.1198069954,244059.567902481,2193557.42562513,11605.3848985929,0,
152.52954,15609.7404780583,1600.10240655402,786784.507769304,7102.01697282028,400.006400102402,100.0004000016,26327.6967369673,210558.585304463,1654946.90666997,12105.8592358702,0,
152.65582,8703.02865397158,1200.05760276493,758643.570436496,8402.82334864514,600.014400345608,200.0016000128,35149.3496869605,232644.986778094,1686338.31728392,9703.76506084361,100.0004000016,
152.78208,7902.49718911176,1600.10240655402,827620.263730996,8202.69048247825,900.032401166442,300.003600043201,24624.2302425587,235191.989340655,1789599.53640876,9403.53572943427,0,
152.90827,10404.3282005314,2100.17641481884,831749.551955355,8002.56081946223,500.010000200004,200.0016000128,24524.0335528818,211778.943122227,1821616.93581265,10804.6676164103,200.0016000128,
153.03456,9803.84310649775,1500.09000540032,763527.913236682,9403.53572943427,100.0004000016,400.006400102402,20717.1538033492,221749.622682626,1855384.82692242,12306.0545788528,200.0016000128,
153.16081,9203.38684635946,1100.04840212969,779361.661758276,8302.75651516303,200.0016000128,200.0016000128,22319.9093591484,223378.237672831,1824295.3060347,11805.5722300926,100.0004000016,
153.28703,8903.16952835209,2100.17641481884,815565.340228499,9903.92195309342,300.003600043201,0,23221.549598027,226737.920428814,1808599.60072773,11205.0198488923,0,
153.41336,8803.09869073914,1100.04840212969,841930.08207397,7702.37233067785,300.003600043201,300.003600043201,24123.2548176442,226127.002449961,1670642.61197694,12906.6598364756,100.0004000016,
153.53967,9003.24116682005,1200.05760276493,790424.943673712,11004.8421305374,500.010000200004,300.003600043201,24323.6425805883,213304.556548399,1862656.60928803,14608.5313823273,0,
153.66603,9103.31360615264,1800.12960933187,834025.685221697,8903.16952835209,100.0004000016,400.006400102402,22119.5536854579,217780.754596697,1830077.93430569,13006.7635170289,100.0004000016,
153.79235,7202.07419736884,1000.04000160006,844387.839491879,10804.6676164103,200.0016000128,100.0004000016,24223.4482979524,226432.45774068,1843504.5161512,12105.8592358702,100.0004000016,
153.91866,8903.16952835209,1500.09000540032,800006.604801691,9103.31360615264,100.0004000016,100.0004000016,22520.2682414173,217475.508787786,1928048.25506247,15409.4922472243,0,
154.04498,9203.38684635946,1500.09000540032,856576.671989674,10504.4118529783,400.006400102402,300.003600043201,21017.6548300572,231422.608162062,1874322.76706627,14408.2991803279,100.0004000016,
154.17121,9503.61137232148,900.032401166442,806185.226475082,10104.0820491479,300.003600043201,400.006400102402,25726.4467872973,231830.054541124,1716903.63814487,12706.4548790786,100.0004000016,
154.29748,7001.96054895371,1700.11560786133,848021.902579839,7202.07419736884,200.0016000128,200.0016000128,23021.1794851263,229283.730543176,2865994.48456608,15409.4922472243,100.0004000016,
154.42373,7702.37233067785,1600.10240655402,823138.358309473,9203.38684635946,400.006400102402,300.003600043201,25125.2257266295,223785.42428425,1916683.17556568,14808.7667899396,0,
154.54999,10304.2453490838,1300.06760351538,821111.340632101,9603.68781612139,200.0016000128,0,19815.6940296715,215135.536396535,1816860.49825771,12205.9565067753,100.0004000016,
154.67634,7702.37233067785,1600.10240655402,784466.612209873,10804.6676164103,100.0004000016,400.006400102402,22319.9093591484,231117.032013241,2038252.55206137,17412.118834709,200.0016000128,
154.80257,8502.8909829342,1800.12960933187,817378.193609683,8602.95941803981,300.003600043201,600.014400345608,19415.0660912868,217679.00517265,1742512.42048783,12806.5569571621,100.0004000016,
154.92882,10004.0016006403,2200.1936170383,852084.712111185,10104.0820491479,200.0016000128,0,23421.922919853,220935.394051895,1645859.91938698,16210.5044068556,200.0016000128,
155.05503,9403.53572943427,1800.12960933187,818605.923654817,10604.4963064339,500.010000200004,100.0004000016,22119.5536854579,219815.915519669,1927700.20206546,17311.9798900839,0,
155.18124,7902.49718911176,1100.04840212969,823778.535275282,9503.61137232148,500.010000200004,0,19815.6940296715,227858.013578642,1939655.17241379,13907.7326993809,200.0016000128,
155.30746,8803.09869073914,1000.04000160006,831463.13540233,10304.2453490838,400.006400102402,200.0016000128,22820.8125810739,216051.126047979,1970811.10938498,15309.3693340324,200.0016000128,
155.4337,9703.76506084361,1500.09000540032,772949.109558212,12506.2531265633,300.003600043201,200.0016000128,22920.9956319989,326155.634022893,2200992.23340211,15309.3693340324,0,
155.55994,7202.07419736884,1800.12960933187,799900.102786802,9703.76506084361,200.0016000128,400.006400102402,24924.8251258253,224701.642228976,1851556.26788366,17011.567866149,0,
155.6862,7502.25067520256,700.019600548815,792340.706503797,11505.2924345199,800.025600819226,200.0016000128,24123.2548176442,231422.608162062,2039187.3534476,15709.8657957197,0,
155.81248,16310.634533716,1300.06760351538,840113.779188992,13307.0793662228,200.0016000128,200.0016000128,25526.0365572884,237433.776973769,2032638.12596777,17311.9798900839,300.003600043201,
155.93878,7802.43435952017,1800.12960933187,872525.034255223,11805.5722300926,300.003600043201,300.003600043201,23922.8702639724,231320.748623379,1915165.17886456,17211.841747122,200.0016000128,
156.065,10204.1632986258,1100.04840212969,841289.004841624,12005.7627661277,400.006400102402,600.014400345608,22520.2682414173,228876.366395944,1913512.99935856,20717.1538033492,0,
156.1912,8602.95941803981,1100.04840212969,843853.504633286,8703.02865397158,300.003600043201,100.0004000016,22119.5536854579,231524.468523169,1820164.85726971,19715.5358422437,0,
156.31743,8302.75651516303,1300.06760351538,822756.543118145,12706.4548790786,400.006400102402,200.0016000128,24924.8251258253,242734.131407616,2067408.67456313,18814.1482394761,100.0004000016,
156.44359,7702.37233067785,1700.11560786133,924446.719969675,11104.9305891816,600.014400345608,200.0016000128,21017.6548300572,242734.131407616,1944649.22377855,20216.3347985172,0,
156.56991,8302.75651516303,1300.06760351538,784709.19803764,12706.4548790786,100.0004000016,300.003600043201,26127.2768770597,278058.645096057,2054286.0482129,17011.567866149,0,
156.69627,9903.92195309342,1500.09000540032,825523.622760363,13006.7635170289,100.0004000016,200.0016000128,24423.8376655616,228774.527414596,2054051.83123466,18814.1482394761,100.0004000016,
156.82258,9003.24116682005,1300.06760351538,852502.649271994,11004.8421305374,200.0016000128,200.0016000128,21117.8234429859,218798.293998733,1870556.33220263,19915.8530190031,0,
156.9489,9703.76506084361,1600.10240655402,804693.564102988,13106.8679988314,600.014400345608,100.0004000016,22820.8125810739,256403.003289394,1977121.91033946,23722.4889194957,100.0004000016,
157.07504,9203.38684635946,1700.11560786133,842998.614815274,12506.2531265633,300.003600043201,200.0016000128,26427.9078707115,257934.022235064,2064687.42415733,18413.5523745477,100.0004000016,
157.20127,7902.49718911176,1700.11560786133,826339.560580328,11104.9305891816,500.010000200004,300.003600043201,26728.5460872212,254668.072846585,1935817.42268953,18012.9693379233,300.003600043201,
157.32756,8602.95941803981,1300.06760351538,875331.056320296,11405.2007715518,400.006400102402,400.006400102402,22420.0883992057,246404.91194054,1975469.73083347,17612.3991289868,200.0016000128,
157.45381,8102.62525058119,1600.10240655402,819084.641156034,12205.9565067753,400.006400102402,100.0004000016,22920.9956319989,248036.712665223,2090296.20650029,19114.6035571176,100.0004000016,
157.58005,8903.16952835209,1500.09000540032,815778.603882693,10704.5815609081,200.0016000128,200.0016000128,20717.1538033492,234988.210213508,1873860.69121463,19114.6035571176,0,
157.70631,10004.0016006403,1300.06760351538,849043.79971922,11605.3848985929,500.010000200004,100.0004000016,24323.6425805883,254157.844547526,2006035.05169442,20616.9883984403,200.0016000128,
157.83258,11205.0198488923,1700.11560786133,836268.333416009,12105.8592358702,300.003600043201,300.003600043201,25225.4272306485,246812.842346782,2219831.7161124,22720.6303323418,0,
157.95881,9603.68781612139,1200.05760276493,822756.543118145,12606.3536022155,0,400.006400102402,24223.4482979524,248342.698785252,2149360.57825966,18113.1138944596,0,
158.08497,8903.16952835209,1700.11560786133,792021.392934224,12105.8592358702,100.0004000016,300.003600043201,21117.8234429859,236312.833371693,1972991.46157447,23021.1794851263,100.0004000016,
158.21115,9203.38684635946,2200.1936170383,814712.320845896,10804.6676164103,500.010000200004,600.014400345608,23021.1794851263,246812.842346782,1906904.28133457,22920.9956319989,200.0016000128,
158.33738,10104.0820491479,2300.21161946899,837443.209299826,14408.2991803279,300.003600043201,0,22820.8125810739,230200.347974923,2081952.15377349,18814.1482394761,0,
158.46361,9403.53572943427,1700.11560786133,770220.345692044,9903.92195309342,100.0004000016,100.0004000016,20316.4969955604,237331.868895089,1880469.40923861,18814.1482394761,100.0004000016,
158.58987,7502.25067520256,3100.38444767151,785211.253078754,10204.1632986258,300.003600043201,300.003600043201,24724.4277346018,247832.726038797,2037426.46230837,20717.1538033492,100.0004000016,
158.71606,11405.2007715518,1900.14441097523,799900.102786802,11505.2924345199,0,500.010000200004,19915.8530190031,239166.340240115,2148181.28903908,19415.0660912868,200.0016000128,
158.84228,10204.1632986258,1500.09000540032,773621.008181578,10704.5815609081,400.006400102402,100.0004000016,21819.0261908384,249974.75002525,2223981.49640426,22420.0883992057,200.0016000128,
158.96859,11104.9305891816,1800.12960933187,794895.499719352,11505.2924345199,300.003600043201,500.010000200004,28833.2158646761,266306.874456774,2134078.96340922,22520.2682414173,100.0004000016,
159.09483,10004.0016006403,1200.05760276493,821373.003297035,9903.92195309342,400.006400102402,200.0016000128,27630.5040765005,232033.782665391,2088290.49049309,20016.0128102482,0,
159.22112,7202.07419736884,1700.11560786133,753761.079268016,9603.68781612139,100.0004000016,200.0016000128,34447.3996218797,290537.69706387,2153905.11748119,22219.7311212357,400.006400102402,
159.34727,10804.6676164103,2500.2500250025,788083.842218188,9703.76506084361,100.0004000016,500.010000200004,29735.3255667733,253137.449796763,2208455.95277483,20416.6599945556,200.0016000128,
159.4735,12306.0545788528,1700.11560786133,774258.732318859,9003.24116682005,400.006400102402,400.006400102402,35149.3496869605,243651.726463829,2053948.25736834,22420.0883992057,100.0004000016,
159.59981,12706.4548790786,1900.14441097523,754397.820971909,9603.68781612139,100.0004000016,400.006400102402,42572.3730341581,258852.722702253,2091122.29625329,19815.6940296715,400.006400102402,
159.72613,11605.3848985929,2100.17641481884,770539.119678384,8903.16952835209,300.003600043201,100.0004000016,34948.7885087582,255382.427102864,2007687.23120042,22019.3770518056,100.0004000016,
159.85233,9903.92195309342,2200.1936170383,741032.853795052,8302.75651516303,200.0016000128,200.0016000128,30938.239664225,258444.403132855,2169600.82278816,18814.1482394761,100.0004000016,
159.97864,10404.3282005314,2100.17641481884,772983.315601521,9203.38684635946,300.003600043201,400.006400102402,33946.0308177889,244467.422519681,2082035.3089703,20917.487019148,0,
160.10491,13006.7635170289,2100.17641481884,746758.997977335,7502.25067520256,300.003600043201,300.003600043201,33745.4889190629,237739.506147913,2172079.09204716,20216.3347985172,200.0016000128,
160.23117,9903.92195309342,1200.05760276493,735839.111887075,9303.46088745013,600.014400345608,200.0016000128,34748.2305439951,263957.831422704,2091948.38600628,19615.3784567101,100.0004000016,
160.35748,9003.24116682005,1600.10240655402,760873.149338873,8903.16952835209,100.0004000016,500.010000200004,34547.6757925938,257525.732367216,2035774.28280237,19515.221873061,100.0004000016,
160.48372,12205.9565067753,2100.17641481884,750471.748642435,8402.82334864514,500.010000200004,400.006400102402,40666.0416516423,257831.9485306,2227427.10549807,18012.9693379233,100.0004000016,
160.60998,11004.8421305374,2400.23042212052,762147.367726831,11305.1099096792,400.006400102402,400.006400102402,41870.0066511207,257729.875651144,2038252.55206137,20717.1538033492,400.006400102402,
160.73617,11805.5722300926,2300.21161946899,753761.079268016,9203.38684635946,800.025600819226,500.010000200004,35450.1974796312,246302.931398726,2108470.18106626,19014.4509827469,200.0016000128,
160.8624,12205.9565067753,1300.06760351538,748456.122570891,9603.68781612139,400.006400102402,300.003600043201,40766.3676465285,236822.340846504,2284427.29845498,21318.1630749398,600.014400345608,
160.98863,12506.2531265633,3100.38444767151,782633.888305976,10104.0820491479,600.014400345608,600.014400345608,43676.1712426472,264774.840326623,2201818.32315511,20216.3347985172,500.010000200004,
161.1149,15209.2472223112,3100.38444767151,763634.11517375,8102.62525058119,800.025600819226,200.0016000128,49598.2044448007,268043.404434238,2077078.77045231,20416.6599945556,800.025600819226,
161.24118,19314.911111378,3500.49006860961,759811.396964876,10104.0820491479,500.010000200004,1200.05760276493,59039.0961104362,274787.489586788,2119209.34785524,18914.2992102029,300.003600043201,
161.36746,20917.487019148,3900.60849492521,804906.64816971,9403.53572943427,200.0016000128,400.006400102402,62254.6405270692,289105.048919245,2210905.3104381,18012.9693379233,600.014400345608,
161.4937,30036.0432519023,3300.43565750679,778298.384834936,8703.02865397158,600.014400345608,400.006400102402,67079.5047547236,266409.016671787,2044861.27008536,20717.1538033492,500.010000200004,
161.61997,44980.7854907414,4000.64010241639,746334.751784736,8402.82334864514,300.003600043201,1200.05760276493,61651.6630912044,245181.19981258,1815517.81837528,17612.3991289868,1400.07840439065,
161.74613,26528.1198069954,3900.60849492521,504582.663412962,6001.44034568296,200.0016000128,800.025600819226,68084.9186390236,163867.102571949,1725164.53567486,12906.6598364756,1400.07840439065,
161.87228,37957.5436361524,4500.81014582625,512843.623189672,6401.6388195378,300.003600043201,900.032401166442,122598.27960447,183740.57120753,1694599.21481391,18513.7001381022,2300.21161946899,
161.99852,42672.714305176,8402.82334864514,540644.359808425,6401.6388195378,300.003600043201,1300.06760351538,154650.79307583,234784.434377448,1906904.28133457,17912.8255831175,1100.04840212969,
162.12479,50602.2164772841,9603.68781612139,667140.310962538,7902.49718911176,100.0004000016,3800.57768780855,140181.652896551,247730.733961632,2085825.22925442,20016.0128102482,1300.06760351538,
162.25112,68487.1067757112,7902.49718911176,671990.010515247,8602.95941803981,0,1900.14441097523,134216.717270223,241612.71692642,2090638.77558982,17812.6826300326,1400.07840439065,
162.37743,57130.2569859279,9003.24116682005,667140.310962538,8803.09869073914,300.003600043201,900.032401166442,135834.04719102,232237.514079589,1919295.62762955,17211.841747122,1500.09000540032,
162.50367,58235.3389276679,8602.95941803981,698696.150952085,7402.19104855037,500.010000200004,1400.07840439065,136642.790207568,247424.762674207,2077962.87069731,16010.246557797,1800.12960933187,
162.62986,55924.8242076314,10204.1632986258,688978.400706961,9403.53572943427,200.0016000128,1600.10240655402,122194.35333462,240185.606228874,2105912.55849456,15309.3693340324,1700.11560786133,
162.75609,51807.1371596461,9203.38684635946,694258.874797015,8102.62525058119,400.006400102402,1500.09000540032,145947.076833944,248648.692321987,2119209.34785524,17812.6826300326,2000.16001280102,
162.88243,50100.2004008016,9403.53572943427,693308.229258306,8502.8909829342,500.010000200004,1300.06760351538,133205.991756308,232135.647961243,1948208.76898451,18713.9980705568,1800.12960933187,
163.00872,54719.5074041707,6501.69043951427,696688.621917425,9203.38684635946,100.0004000016,1400.07840439065,123608.152108373,243039.989014229,2017680.37003415,17512.2585810067,1500.09000540032,
163.13501,46687.0246138803,9503.61137232148,661133.44199968,8302.75651516303,200.0016000128,900.032401166442,129669.09251739,226228.820058283,1941280.93936703,15609.7404780583,1800.12960933187,
163.26129,48293.1091143725,8102.62525058119,628093.310862621,6601.74286011507,300.003600043201,700.019600548815,128052.555824482,227145.215520547,1660729.53494096,15809.9919148902,1200.05760276493,
163.38755,49899.3996040112,9903.92195309342,646917.855999737,6101.48876325823,600.014400345608,1000.04000160006,129871.174228412,212185.755316746,1865774.29310775,16210.5044068556,2000.16001280102,
163.51386,59240.0434627459,8402.82334864514,582775.628824625,6401.6388195378,400.006400102402,1200.05760276493,138968.216299705,202121.010504244,1817934.11799033,14208.0701838644,1300.06760351538,
163.64006,51505.8961224277,9203.38684635946,566868.610839534,7102.01697282028,200.0016000128,2600.27042812453,124416.108569637,209643.394468399,1722534.57895975,15009.0054032419,2200.1936170383,
163.76631,50301.0044168691,8102.62525058119,574296.399957444,5201.0818250196,100.0004000016,1300.06760351538,131791.112594445,193079.763305977,1660978.99114856,10904.7544729502,1100.04840212969,
163.89254,61852.6523459899,7502.25067520256,562476.738146168,6601.74286011507,300.003600043201,700.019600548815,129365.976044678,200495.139328498,1670421.86206485,12906.6598364756,1100.04840212969,
164.01876,52007.9685426946,8502.8909829342,529690.008292043,7102.01697282028,100.0004000016,800.025600819226,115632.371438101,186582.200944598,1570756.86269508,12406.1534521122,1500.09000540032,
164.14505,51706.7226756024,7702.37233067785,516869.712904596,6501.69043951427,300.003600043201,1000.04000160006,106148.797114199,168021.712955692,1479909.16331961,12105.8592358702,1400.07840439065,
164.27131,49899.3996040112,7302.132222609,483991.975600607,7102.01697282028,400.006400102402,800.025600819226,106552.207568923,171569.417147276,1433655.75344378,13407.186251831,1300.06760351538,
164.39751,45281.8696202735,8502.8909829342,471528.943807769,5101.04061228491,300.003600043201,500.010000200004,101308.882650377,161739.662550877,1375537.00593344,11205.0198488923,1300.06760351538,
164.52376,40264.7457111035,8602.95941803981,447882.736156352,7202.07419736884,300.003600043201,1100.04840212969,98486.4608724635,152322.464847114,1332864.2572447,10104.0820491479,1000.04000160006,
164.64997,47590.4218014227,7001.96054895371,438560.787984859,5701.29989637637,400.006400102402,600.014400345608,87404.517338407,137249.381623665,1258628.58535315,9603.68781612139,700.019600548815,
164.77621,43375.1257177431,5901.39272868397,404438.663523291,5101.04061228491,300.003600043201,1200.05760276493,83075.144879842,142608.877553483,1140018.48622107,9703.76506084361,1400.07840439065,
164.90249,47289.282164727,8402.82334864514,391228.04166599,4500.81014582625,100.0004000016,800.025600819226,80659.4006324339,135227.524079548,1117407.14739411,8302.75651516303,2200.1936170383,
165.02872,50401.4076321559,6401.6388195378,385040.29113595,5601.25468104855,200.0016000128,1200.05760276493,70699.3722296877,127547.43075853,1083291.25229011,8102.62525058119,1100.04840212969,
165.15501,43876.872280235,6201.53798141939,358467.293663223,5401.16665199683,500.010000200004,1500.09000540032,73113.1980856177,120174.916801981,984824.862280428,8402.82334864514,1800.12960933187,
165.28132,37756.9374616922,7302.132222609,327330.418326451,4200.70571856072,200.0016000128,900.032401166442,64767.3588552821,108972.942570757,874024.549274492,6101.48876325823,1500.09000540032,
165.40764,45984.4274087224,7802.43435952017,303848.614158819,4200.70571856072,300.003600043201,1700.11560786133,54518.6325444167,104333.610485176,857325.483738845,6901.90492575951,1400.07840439065,
165.53395,36152.2037822616,6201.53798141939,275809.63473422,3300.43565750679,100.0004000016,1500.09000540032,46687.0246138803,95563.9073592239,744743.95307454,6501.69043951427,2000.16001280102,
165.66024,36954.5449082846,3900.60849492521,240287.537355626,3200.40965243551,0,800.025600819226,48694.6624237518,71101.6442631302,662608.552834178,5101.04061228491,1300.06760351538,
165.78653,33845.7594667991,5701.29989637637,225007.063001978,3900.60849492521,200.0016000128,700.019600548815,39060.9350586916,75225.6770310933,638396.061942365,6001.44034568296,500.010000200004,
165.91278,33745.4889190629,5801.34591225164,205983.29549075,3700.5476810568,500.010000200004,900.032401166442,39863.462632511,70196.5503409547,568228.305869647,5601.25468104855,1200.05760276493,
166.0391,35349.9140786791,8602.95941803981,185770.241299828,2600.27042812453,300.003600043201,800.025600819226,34046.302972042,60043.8651007815,478589.831392884,4100.67251029169,1700.11560786133,
166.16538,25926.8602271954,5301.12383825371,161537.067976409,2900.33643902693,200.0016000128,900.032401166442,33845.7594667991,56025.2725093309,440217.524035918,4000.64010241639,1800.12960933187,
166.29163,30637.5003003677,4500.81014582625,162043.560529812,3100.38444767151,400.006400102402,300.003600043201,32542.3049964954,51305.072789072,454723.174794529,4000.64010241639,1500.09000540032,
166.41793,26427.9078707115,6101.48876325823,149387.360923888,3100.38444767151,300.003600043201,800.025600819226,31740.2466327303,50702.6221071449,377825.059485622,6401.6388195378,700.019600548815,
166.54416,27129.408278574,5201.0818250196,127345.386418368,2200.1936170383,400.006400102402,700.019600548815,27430.063349431,41970.3422936842,357129.816333237,2300.21161946899,800.025600819226,
166.67043,24323.6425805883,3700.5476810568,127850.503361101,2100.17641481884,200.0016000128,1200.05760276493,25626.2412710616,48092.3372875922,366289.216283128,3100.38444767151,1300.06760351538,
166.7967,23922.8702639724,5101.04061228491,116237.949229032,2100.17641481884,100.0004000016,900.032401166442,25826.6531060054,37054.8411649241,313892.264074524,2400.23042212052,800.025600819226,
166.92284,19915.8530190031,3700.5476810568,102921.980118486,2400.23042212052,100.0004000016,1400.07840439065,26127.2768770597,32742.827618525,259669.401446874,3000.36004320518,600.014400345608,
167.04908,24924.8251258253,3500.49006860961,91332.4501184311,1300.06760351538,100.0004000016,700.019600548815,20116.1734034163,28833.2158646761,225516.114059694,3400.46246289495,800.025600819226,
167.17527,18513.7001381022,4000.64010241639,82773.1513996187,2300.21161946899,200.0016000128,1000.04000160006,21117.8234429859,27029.191526849,202730.766283988,2400.23042212052,800.025600819226,
167.30146,19815.6940296715,4900.9605882753,66576.8280553149,2100.17641481884,300.003600043201,900.032401166442,20416.6599945556,17812.6826300326,146554.117396185,1500.09000540032,800.025600819226,
167.42775,14808.7667899396,3000.36004320518,39462.1924152464,2200.1936170383,0,700.019600548815,17011.567866149,12306.0545788528,93649.4999337528,1700.11560786133,400.006400102402,
167.55398,28031.3951625821,2900.33643902693,28231.8455217485,1000.04000160006,400.006400102402,400.006400102402,14208.0701838644,7502.25067520256,69693.7486211668,1800.12960933187,200.0016000128,
167.68029,10204.1632986258,2200.1936170383,20917.487019148,1000.04000160006,100.0004000016,500.010000200004,12906.6598364756,5301.12383825371,49196.6221659339,900.032401166442,500.010000200004,
167.80647,6701.7960813498,1600.10240655402,12306.0545788528,1300.06760351538,100.0004000016,900.032401166442,13006.7635170289,5301.12383825371,28332.0719053969,700.019600548815,500.010000200004,
167.93274,8302.75651516303,2100.17641481884,5401.16665199683,1900.14441097523,200.0016000128,800.025600819226,9703.76506084361,3800.57768780855,14808.7667899396,300.003600043201,300.003600043201,
168.05897,2100.17641481884,600.014400345608,4800.92177698118,1200.05760276493,100.0004000016,1000.04000160006,7602.31110257518,2300.21161946899,7602.31110257518,500.010000200004,100.0004000016,
168.18525,2800.31363512713,900.032401166442,2300.21161946899,1100.04840212969,300.003600043201,300.003600043201,5801.34591225164,1600.10240655402,3900.60849492521,200.0016000128,200.0016000128,
168.31159,2400.23042212052,400.006400102402,1400.07840439065,1200.05760276493,200.0016000128,800.025600819226,3900.60849492521,900.032401166442,3500.49006860961,100.0004000016,0,
168.43789,1300.06760351538,900.032401166442,1200.05760276493,1100.04840212969,200.0016000128,1100.04840212969,2200.1936170383,800.025600819226,1900.14441097523,0,100.0004000016,
168.56414,1200.05760276493,700.019600548815,200.0016000128,1500.09000540032,400.006400102402,400.006400102402,3100.38444767151,900.032401166442,500.010000200004,100.0004000016,0,
168.6904,700.019600548815,700.019600548815,400.006400102402,2100.17641481884,200.0016000128,500.010000200004,700.019600548815,1600.10240655402,900.032401166442,0,0,
168.81667,900.032401166442,400.006400102402,900.032401166442,800.025600819226,200.0016000128,900.032401166442,300.003600043201,1400.07840439065,600.014400345608,0,0,
168.94287,400.006400102402,300.003600043201,400.006400102402,1300.06760351538,300.003600043201,700.019600548815,800.025600819226,1200.05760276493,500.010000200004,100.0004000016,200.0016000128,
169.06918,800.025600819226,800.025600819226,800.025600819226,1700.11560786133,300.003600043201,2200.1936170383,700.019600548815,1000.04000160006,300.003600043201,0,100.0004000016,
169.19538,1200.05760276493,800.025600819226,400.006400102402,1600.10240655402,200.0016000128,200.0016000128,800.025600819226,1200.05760276493,300.003600043201,0,0,
169.3217,1300.06760351538,200.0016000128,400.006400102402,1600.10240655402,200.0016000128,300.003600043201,2100.17641481884,500.010000200004,1100.04840212969,0,0,
169.44793,1100.04840212969,900.032401166442,300.003600043201,1600.10240655402,0,600.014400345608,600.014400345608,600.014400345608,400.006400102402,0,0,
169.57418,400.006400102402,900.032401166442,600.014400345608,1400.07840439065,200.0016000128,500.010000200004,200.0016000128,1100.04840212969,100.0004000016,0,300.003600043201,
169.70036,1200.05760276493,500.010000200004,300.003600043201,1400.07840439065,200.0016000128,900.032401166442,400.006400102402,800.025600819226,200.0016000128,300.003600043201,0,
169.82672,1000.04000160006,900.032401166442,300.003600043201,1600.10240655402,300.003600043201,1000.04000160006,4400.77453631839,800.025600819226,500.010000200004,0,100.0004000016,
169.953,3600.51847466035,600.014400345608,200.0016000128,2000.16001280102,300.003600043201,600.014400345608,1500.09000540032,400.006400102402,100.0004000016,0,0,
170.07922,800.025600819226,1500.09000540032,100.0004000016,1200.05760276493,100.0004000016,1200.05760276493,400.006400102402,1100.04840212969,200.0016000128,300.003600043201,0,
170.20543,500.010000200004,900.032401166442,400.006400102402,1900.14441097523,300.003600043201,200.0016000128,700.019600548815,1200.05760276493,300.003600043201,0,100.0004000016,
170.33172,400.006400102402,300.003600043201,0,800.025600819226,100.0004000016,700.019600548815,400.006400102402,1300.06760351538,500.010000200004,0,0,
170.45794,1000.04000160006,300.003600043201,300.003600043201,800.025600819226,100.0004000016,600.014400345608,100.0004000016,800.025600819226,0,0,0,
170.58422,400.006400102402,700.019600548815,100.0004000016,1400.07840439065,200.0016000128,700.019600548815,300.003600043201,400.006400102402,100.0004000016,0,0,
170.71049,600.014400345608,600.014400345608,400.006400102402,1000.04000160006,300.003600043201,600.014400345608,100.0004000016,500.010000200004,100.0004000016,0,0,
170.83681,700.019600548815,500.010000200004,200.0016000128,800.025600819226,200.0016000128,400.006400102402,600.014400345608,1000.04000160006,200.0016000128,0,100.0004000016,
170.96312,400.006400102402,400.006400102402,500.010000200004,1400.07840439065,0,300.003600043201,300.003600043201,700.019600548815,500.010000200004,0,0,
171.08935,100.0004000016,400.006400102402,300.003600043201,1100.04840212969,500.010000200004,300.003600043201,600.014400345608,400.006400102402,400.006400102402,200.0016000128,0,
171.21563,4300.73972723308,800.025600819226,200.0016000128,1400.07840439065,0,500.010000200004,1300.06760351538,500.010000200004,0,100.0004000016,0,
171.34186,300.003600043201,400.006400102402,200.0016000128,1000.04000160006,0,200.0016000128,0,1500.09000540032,0,0,0,
171.46811,0,200.0016000128,500.010000200004,1400.07840439065,200.0016000128,0,0,800.025600819226,0,100.0004000016,0,
171.59442,0,500.010000200004,200.0016000128,1300.06760351538,100.0004000016,100.0004000016,0,800.025600819226,0,0,0,
171.72065,0,100.0004000016,100.0004000016,900.032401166442,100.0004000016,100.0004000016,100.0004000016,900.032401166442,0,0,200.0016000128,
171.84699,0,900.032401166442,0,1100.04840212969,200.0016000128,0,100.0004000016,300.003600043201,0,0,0,
171.9732,100.0004000016,100.0004000016,300.003600043201,1400.07840439065,100.0004000016,100.0004000016,200.0016000128,800.025600819226,0,0,0,
172.0994,0,400.006400102402,100.0004000016,1200.05760276493,0,0,100.0004000016,900.032401166442,0,0,0,
172.22567,0,600.014400345608,0,1400.07840439065,300.003600043201,100.0004000016,200.0016000128,500.010000200004,0,0,0,
172.35192,100.0004000016,400.006400102402,500.010000200004,1500.09000540032,200.0016000128,0,100.0004000016,1200.05760276493,0,0,0,
172.47811,0,200.0016000128,0,1600.10240655402,0,0,100.0004000016,1000.04000160006,0,0,0,
172.60439,0,500.010000200004,0,1500.09000540032,300.003600043201,100.0004000016,100.0004000016,300.003600043201,0,0,0,
172.73059,100.0004000016,0,200.0016000128,1000.04000160006,100.0004000016,100.0004000016,100.0004000016,1000.04000160006,0,0,0,
172.8569,100.0004000016,100.0004000016,0,900.032401166442,200.0016000128,200.0016000128,0,1600.10240655402,0,0,0,
172.98306,0,400.006400102402,200.0016000128,1000.04000160006,0,0,200.0016000128,1000.04000160006,100.0004000016,0,0,
173.10922,0,500.010000200004,300.003600043201,1100.04840212969,0,0,100.0004000016,1000.04000160006,0,0,0,
173.23543,100.0004000016,400.006400102402,400.006400102402,500.010000200004,400.006400102402,0,0,900.032401166442,0,0,0,
173.36182,0,500.010000200004,0,1500.09000540032,100.0004000016,300.003600043201,0,800.025600819226,0,0,100.0004000016,
173.48808,200.0016000128,100.0004000016,200.0016000128,1200.05760276493,300.003600043201,0,200.0016000128,900.032401166442,0,0,0,
173.61438,0,400.006400102402,100.0004000016,1400.07840439065,400.006400102402,100.0004000016,0,800.025600819226,0,0,0,
173.74053,0,500.010000200004,200.0016000128,1200.05760276493,600.014400345608,200.0016000128,100.0004000016,600.014400345608,0,0,0,
173.86688,0,200.0016000128,100.0004000016,1000.04000160006,100.0004000016,0,0,1100.04840212969,100.0004000016,0,0,
173.99303,100.0004000016,300.003600043201,0,600.014400345608,0,300.003600043201,0,600.014400345608,0,0,0,
174.11932,0,600.014400345608,0,900.032401166442,400.006400102402,0,0,900.032401166442,0,0,0,
174.24547,100.0004000016,600.014400345608,100.0004000016,1300.06760351538,200.0016000128,0,0,1500.09000540032,0,0,0,
174.37177,0,200.0016000128,100.0004000016,900.032401166442,300.003600043201,0,0,1000.04000160006,0,0,0,
174.49801,0,400.006400102402,0,1400.07840439065,0,0,100.0004000016,700.019600548815,0,0,0,
174.62426,0,600.014400345608,100.0004000016,1400.07840439065,0,100.0004000016,100.0004000016,800.025600819226,0,0,0,
174.75052,0,200.0016000128,200.0016000128,1600.10240655402,0,0,100.0004000016,1000.04000160006,0,0,0,
174.87683,0,300.003600043201,300.003600043201,1300.06760351538,200.0016000128,0,200.0016000128,1100.04840212969,0,0,0,
175.00306,0,300.003600043201,100.0004000016,2000.16001280102,0,0,100.0004000016,1100.04840212969,0,0,0,
175.12936,0,300.003600043201,200.0016000128,1000.04000160006,100.0004000016,0,100.0004000016,800.025600819226,0,0,0,
175.25567,0,300.003600043201,0,1000.04000160006,100.0004000016,100.0004000016,100.0004000016,700.019600548815,0,0,0,
175.3819,0,400.006400102402,0,1000.04000160006,200.0016000128,100.0004000016,0,700.019600548815,100.0004000016,0,0,
175.50812,0,500.010000200004,100.0004000016,700.019600548815,0,0,200.0016000128,1000.04000160006,0,0,0,
175.63432,0,500.010000200004,100.0004000016,1400.07840439065,500.010000200004,100.0004000016,0,900.032401166442,0,0,0,
175.76048,0,300.003600043201,300.003600043201,1900.14441097523,100.0004000016,100.0004000016,0,1400.07840439065,0,0,0,
175.88679,0,300.003600043201,0,1400.07840439065,100.0004000016,100.0004000016,300.003600043201,600.014400345608,0,0,0,
176.01303,0,600.014400345608,200.0016000128,1200.05760276493,300.003600043201,100.0004000016,100.0004000016,800.025600819226,0,0,0,
176.13932,100.0004000016,0,400.006400102402,1300.06760351538,100.0004000016,100.0004000016,100.0004000016,600.014400345608,500.010000200004,0,0,
176.26563,0,300.003600043201,100.0004000016,1800.12960933187,0,100.0004000016,100.0004000016,400.006400102402,0,0,0,
176.39194,100.0004000016,200.0016000128,200.0016000128,700.019600548815,100.0004000016,0,300.003600043201,500.010000200004,0,0,0,
176.51827,0,200.0016000128,100.0004000016,1700.11560786133,200.0016000128,200.0016000128,0,1200.05760276493,0,0,0,
176.64454,0,400.006400102402,200.0016000128,1800.12960933187,200.0016000128,100.0004000016,200.0016000128,800.025600819226,0,0,0,
176.77069,0,600.014400345608,100.0004000016,700.019600548815,100.0004000016,0,0,500.010000200004,0,0,0,
176.897,0,100.0004000016,100.0004000016,700.019600548815,200.0016000128,300.003600043201,0,400.006400102402,0,0,0,
177.02327,0,300.003600043201,0,700.019600548815,100.0004000016,0,0,1300.06760351538,0,0,0,
177.1496,0,400.006400102402,300.003600043201,1000.04000160006,200.0016000128,0,300.003600043201,1100.04840212969,100.0004000016,0,0,
177.27584,0,100.0004000016,0,1400.07840439065,300.003600043201,100.0004000016,200.0016000128,900.032401166442,0,0,0,
177.40213,0,300.003600043201,0,1300.06760351538,400.006400102402,300.003600043201,100.0004000016,1000.04000160006,0,0,0,
177.52837,0,200.0016000128,200.0016000128,1300.06760351538,200.0016000128,300.003600043201,100.0004000016,500.010000200004,0,0,0,
177.6546,0,400.006400102402,100.0004000016,1600.10240655402,100.0004000016,0,100.0004000016,700.019600548815,0,0,0,
177.7809,0,400.006400102402,400.006400102402,1300.06760351538,100.0004000016,0,100.0004000016,700.019600548815,0,0,0,
177.90714,100.0004000016,400.006400102402,100.0004000016,1200.05760276493,300.003600043201,100.0004000016,400.006400102402,1200.05760276493,0,0,0,
178.03343,0,700.019600548815,200.0016000128,1400.07840439065,200.0016000128,100.0004000016,0,1300.06760351538,0,0,0,
178.15969,0,200.0016000128,0,700.019600548815,100.0004000016,100.0004000016,100.0004000016,800.025600819226,0,0,0,
178.28582,0,300.003600043201,100.0004000016,1500.09000540032,100.0004000016,100.0004000016,100.0004000016,800.025600819226,0,0,0,
178.41204,0,400.006400102402,0,1300.06760351538,0,0,0,700.019600548815,0,0,0,
178.53828,100.0004000016,500.010000200004,200.0016000128,800.025600819226,100.0004000016,200.0016000128,0,1100.04840212969,0,0,0,
178.66458,0,500.010000200004,300.003600043201,1200.05760276493,100.0004000016,0,0,900.032401166442,0,0,0,
178.79089,0,700.019600548815,100.0004000016,600.014400345608,100.0004000016,200.0016000128,100.0004000016,1100.04840212969,0,0,0,
178.91711,0,600.014400345608,300.003600043201,1100.04840212969,0,0,200.0016000128,400.006400102402,0,0,0,
179.04334,0,700.019600548815,0,1600.10240655402,200.0016000128,0,200.0016000128,1300.06760351538,0,0,0,
179.16954,0,300.003600043201,100.0004000016,1300.06760351538,400.006400102402,200.0016000128,0,500.010000200004,0,0,0,
179.29578,0,300.003600043201,200.0016000128,800.025600819226,400.006400102402,100.0004000016,0,1200.05760276493,0,100.0004000016,0,
179.42194,0,400.006400102402,200.0016000128,1500.09000540032,400.006400102402,200.0016000128,100.0004000016,700.019600548815,0,0,0,
179.54817,100.0004000016,0,200.0016000128,1100.04840212969,0,0,0,1100.04840212969,0,0,0,
179.6744,0,600.014400345608,100.0004000016,800.025600819226,200.0016000128,100.0004000016,100.0004000016,900.032401166442,0,0,0,
179.80066,100.0004000016,100.0004000016,400.006400102402,900.032401166442,400.006400102402,0,100.0004000016,900.032401166442,0,0,0,
179.9269,0,300.003600043201,400.006400102402,900.032401166442,300.003600043201,200.0016000128,100.0004000016,1000.04000160006,0,0,0,
180.05316,0,400.006400102402,300.003600043201,1000.04000160006,100.0004000016,0,300.003600043201,400.006400102402,0,0,0,
180.1795,0,100.0004000016,100.0004000016,1400.07840439065,100.0004000016,100.0004000016,0,800.025600819226,0,0,0,
180.30574,0,600.014400345608,300.003600043201,1100.04840212969,300.003600043201,100.0004000016,100.0004000016,1000.04000160006,0,0,0,
180.43208,0,200.0016000128,100.0004000016,1600.10240655402,200.0016000128,0,100.0004000016,900.032401166442,0,0,0,
180.55836,0,700.019600548815,200.0016000128,1100.04840212969,200.0016000128,0,100.0004000016,400.006400102402,0,0,0,
180.68464,0,300.003600043201,200.0016000128,1600.10240655402,300.003600043201,0,100.0004000016,1300.06760351538,200.0016000128,0,100.0004000016,
180.81088,0,100.0004000016,200.0016000128,1300.06760351538,100.0004000016,0,0,1200.05760276493,0,100.0004000016,0,
180.93711,0,300.003600043201,0,1200.05760276493,200.0016000128,100.0004000016,100.0004000016,600.014400345608,0,0,0,
181.06343,0,400.006400102402,100.0004000016,1100.04840212969,200.0016000128,100.0004000016,0,300.003600043201,0,0,0,
181.18967,0,500.010000200004,0,1200.05760276493,0,0,100.0004000016,900.032401166442,0,0,0,
181.31594,0,400.006400102402,100.0004000016,1400.07840439065,0,400.006400102402,0,600.014400345608,0,0,0,
181.44217,0,100.0004000016,0,600.014400345608,100.0004000016,100.0004000016,0,1300.06760351538,0,0,0,
181.56849,0,600.014400345608,0,1200.05760276493,400.006400102402,0,0,900.032401166442,0,0,0,
181.69476,0,200.0016000128,200.0016000128,900.032401166442,500.010000200004,100.0004000016,0,1000.04000160006,0,0,0,
181.821,0,200.0016000128,200.0016000128,1100.04840212969,100.0004000016,100.0004000016,0,400.006400102402,0,100.0004000016,0,

