- 29:03/07/2023 09:02:16 PM;
Software:Name=Qtegra;Version=2.10.3324.83;File Version=1;
Configuration:Machine=iCAP RQ;
STDS:Additional Gas Flow 1=0;Additional Gas Flow 2=0;Additional Gas Flow 3=0;CCT Entry Lens=-108.333333333333;Angular Deflection=-370;Deflection Entry Lens=-35;Extraction Lens 1 Polarity=0;Extraction Lens 1 Negative=0;Extraction Lens 1 Positive=0;Spray Chamber Temperature=2.7;Peristaltic Pump Speed=0;Cool Flow=14;Sampling Depth=5;Plasma Power=1550;Auxilliary Flow=0.8;Nebulizer Flow=1.105;Torch Horizontal Position=-0.723333333333333;Torch Vertical Position=0.3;Extraction Lens 2=-130;CCT Focus Lens=-1.08;CCT Bias=-2;CCT Exit Lens=-160;Focus Lens=18.8;D1 Lens=-200;D2 Lens=-80;Quad Entry Lens=-29.4;Pole Bias=-1;CCT1 Flow=0;CCT2 Flow=0;CCT1 Shut-Off Valve=0;CCT2 Shut-Off Valve=0;Virtual CCT Mass to Dac Factor=130;Virtual CCT Mass to Dac Offset=35;Virtual CCT Mass parameter b=0.65;Virtual CCT Mass Maximum Dac Limit Set=4095;
RF Generator:RF Plasma Lit Readback=1;RF FET Temperature Ok Readback=1;Plasma Power Readback=1548.6077186126;
Ion Optics:Pole Bias Readback=-0.793743890518083;Torch Horizontal Position Readback=-0.72316715542522;Torch Vertical Position Readback=0.300879765395894;Sampling Depth Readback=5;Extraction Lens 1 Negative Readback=-201.368523949169;Extraction Lens 1 Positive Readback=0.0342130987292277;Extraction Lens 2 Readback=-137.82991202346;Angular Deflection Readback=-369.560117302053;Quad Entry Lens Readback=-29.7165200391007;Focus Lens Readback=18.3040078201369;D2 Lens Readback=-81.1339198435973;Deflection Exit Lens Readback=34.5894428152493;Deflection Entry Lens Readback=-35.425219941349;D1 Lens Readback=-200.58651026393;CCT Exit Lens Readback=-162.512218963832;CCT Bias Readback=-2.08699902248289;CCT Entry Lens Readback=-109.237536656891;CCT Focus Lens Readback=-1.47116324535679;
Vacuum:Analyzer Vacuum Ok Readback=1;Interface Pressure Readback=2.02512396424301;Analyzer Pressure Readback=2.24603955216639E-07;
Detector:Detector Voltage (Counting) Readback=1618.76832844575;Detector Voltage (Analog) Readback=-1978.49462365591;
Cooling System:Plasma Cooling Water Flow Readback=0.909803921568627;Interface Temperature Readback=31.2178705615847;Exhaust Flow Readback=0.550695014662757;Quad Board Temperature Readback=0;Inlet Fan Speed Readback=0;Outlet Fan Speed Readback=2447.05882352941;Peltier Temperature Hot Side Readback=20.7862437909878;Spray Chamber Temperature Readback=2.6293915694153;
Power Supply:Supply Voltage 500 V Readback=-540.689149560117;Supply Voltage 1 kV Readback=-1168.13294232649;
Gas Supply:Nebulizer Supply Pressure Readback=0.0564456989247311;Nebulizer Flow Readback=1.10263929618768;Cool Flow Readback=13.9980449657869;Auxilliary Flow Readback=0.797653958944281;CCT2 Flow Readback=0;CCT1 Flow Readback=0;Additional Gas Flow 1 Readback=0;
Pulse Counting:Threshold=2500000;

Time,24Mg,26Mg,43Ca,55Mn,59Co,63Cu,66Zn,86Sr,88Sr,138Ba,208Pb,
,dwell time=0.01;xcal factor=66096.21568,dwell time=0.01;xcal factor=66420.50783,dwell time=0.01;xcal factor=69176.99106,dwell time=0.01;xcal factor=80139.50903,dwell time=0.01;xcal factor=85118.72235,dwell time=0.01;xcal factor=86639.08057,dwell time=0.01;xcal factor=86821.65425,dwell time=0.01;xcal factor=85302.89892,dwell time=0.01;xcal factor=82608.9753,dwell time=0.01;xcal factor=93538.82005,dwell time=0.01;xcal factor=107923.33534,
0.01244,100.0004000016,200.0016000128,100.0004000016,1400.07840439065,200.0016000128,0,300.003600043201,800.025600819226,0,0,0,
0.13874,0,200.0016000128,200.0016000128,1200.05760276493,100.0004000016,100.0004000016,100.0004000016,1300.06760351538,0,0,0,
0.26503,0,600.014400345608,300.003600043201,1400.07840439065,100.0004000016,0,100.0004000016,1300.06760351538,0,0,0,
0.39123,0,400.006400102402,200.0016000128,1000.04000160006,100.0004000016,0,200.0016000128,1400.07840439065,0,0,0,
0.51755,0,600.014400345608,0,1400.07840439065,100.0004000016,200.0016000128,100.0004000016,1300.06760351538,0,0,100.0004000016,
0.64377,100.0004000016,600.014400345608,300.003600043201,700.019600548815,100.0004000016,0,200.0016000128,1300.06760351538,0,0,0,
0.77003,100.0004000016,500.010000200004,200.0016000128,1100.04840212969,300.003600043201,100.0004000016,100.0004000016,1200.05760276493,0,0,0,
0.89628,0,300.003600043201,0,1000.04000160006,100.0004000016,100.0004000016,100.0004000016,400.006400102402,0,0,0,
1.02252,0,300.003600043201,200.0016000128,600.014400345608,100.0004000016,0,0,600.014400345608,0,0,0,
1.14884,0,300.003600043201,100.0004000016,800.025600819226,200.0016000128,0,0,900.032401166442,0,0,0,
1.27512,0,400.006400102402,300.003600043201,1200.05760276493,100.0004000016,0,100.0004000016,600.014400345608,0,0,0,
1.40139,100.0004000016,400.006400102402,0,800.025600819226,0,0,200.0016000128,1200.05760276493,0,0,0,
1.52768,0,300.003600043201,100.0004000016,1700.11560786133,0,0,0,1100.04840212969,0,0,0,
1.654,100.0004000016,800.025600819226,300.003600043201,800.025600819226,200.0016000128,0,0,400.006400102402,0,0,0,
1.78032,0,900.032401166442,100.0004000016,1400.07840439065,0,0,100.0004000016,1500.09000540032,0,0,0,
1.90651,0,600.014400345608,0,1000.04000160006,100.0004000016,0,100.0004000016,600.014400345608,0,0,0,
2.03283,0,300.003600043201,200.0016000128,1200.05760276493,400.006400102402,0,200.0016000128,1100.04840212969,0,0,0,
2.15898,100.0004000016,500.010000200004,100.0004000016,700.019600548815,0,0,200.0016000128,1000.04000160006,0,0,100.0004000016,
2.28522,100.0004000016,300.003600043201,300.003600043201,1400.07840439065,100.0004000016,0,100.0004000016,1600.10240655402,0,0,0,
2.41142,200.0016000128,100.0004000016,0,1300.06760351538,0,0,0,1200.05760276493,0,0,0,
2.53765,100.0004000016,400.006400102402,100.0004000016,1000.04000160006,100.0004000016,0,100.0004000016,900.032401166442,100.0004000016,0,0,
2.66397,0,900.032401166442,100.0004000016,1200.05760276493,0,0,0,1200.05760276493,0,0,0,
2.79027,0,400.006400102402,100.0004000016,1200.05760276493,200.0016000128,100.0004000016,100.0004000016,500.010000200004,0,0,0,
2.91643,0,800.025600819226,0,1100.04840212969,200.0016000128,200.0016000128,200.0016000128,600.014400345608,0,0,0,
3.04266,0,200.0016000128,700.019600548815,1600.10240655402,100.0004000016,100.0004000016,200.0016000128,700.019600548815,0,0,0,
3.16902,0,200.0016000128,100.0004000016,1100.04840212969,0,100.0004000016,100.0004000016,600.014400345608,0,0,0,
3.29527,0,300.003600043201,0,1400.07840439065,300.003600043201,100.0004000016,0,900.032401166442,0,0,0,
3.42152,100.0004000016,100.0004000016,100.0004000016,1400.07840439065,200.0016000128,0,100.0004000016,1000.04000160006,0,0,0,
3.54777,0,200.0016000128,0,1100.04840212969,200.0016000128,100.0004000016,0,1000.04000160006,0,0,0,
3.67409,0,300.003600043201,0,1900.14441097523,0,0,0,1000.04000160006,0,0,0,
3.80038,100.0004000016,200.0016000128,100.0004000016,1200.05760276493,0,100.0004000016,100.0004000016,900.032401166442,0,0,0,
3.92664,0,300.003600043201,300.003600043201,1100.04840212969,500.010000200004,0,0,1300.06760351538,0,0,0,
4.05293,100.0004000016,200.0016000128,200.0016000128,1300.06760351538,100.0004000016,0,200.0016000128,1000.04000160006,0,0,0,
4.17908,0,200.0016000128,100.0004000016,1000.04000160006,200.0016000128,100.0004000016,100.0004000016,500.010000200004,0,0,0,
4.3053,0,500.010000200004,100.0004000016,2200.1936170383,200.0016000128,200.0016000128,200.0016000128,700.019600548815,0,0,0,
4.4316,0,500.010000200004,100.0004000016,1000.04000160006,300.003600043201,0,400.006400102402,1200.05760276493,0,0,0,
4.55784,0,600.014400345608,0,1600.10240655402,100.0004000016,0,300.003600043201,900.032401166442,0,0,0,
4.68413,0,1000.04000160006,200.0016000128,1600.10240655402,0,0,300.003600043201,1000.04000160006,0,0,0,
4.81035,0,1000.04000160006,200.0016000128,1100.04840212969,200.0016000128,0,0,700.019600548815,0,0,0,
4.93651,0,300.003600043201,200.0016000128,2300.21161946899,0,100.0004000016,100.0004000016,1000.04000160006,0,0,0,
5.06274,0,300.003600043201,0,1500.09000540032,100.0004000016,200.0016000128,100.0004000016,400.006400102402,100.0004000016,0,0,
5.18908,0,800.025600819226,0,1600.10240655402,200.0016000128,0,0,400.006400102402,0,0,0,
5.31542,100.0004000016,600.014400345608,0,1200.05760276493,100.0004000016,0,0,1000.04000160006,0,0,0,
5.44165,100.0004000016,200.0016000128,100.0004000016,2100.17641481884,300.003600043201,100.0004000016,0,1000.04000160006,0,0,0,
5.56791,100.0004000016,300.003600043201,100.0004000016,1600.10240655402,200.0016000128,0,0,400.006400102402,0,0,0,
5.6942,0,300.003600043201,100.0004000016,900.032401166442,100.0004000016,100.0004000016,0,900.032401166442,0,0,0,
5.82049,0,600.014400345608,100.0004000016,1700.11560786133,0,0,0,1000.04000160006,0,0,0,
5.94664,100.0004000016,600.014400345608,100.0004000016,1400.07840439065,100.0004000016,0,200.0016000128,800.025600819226,0,0,0,
6.07296,0,400.006400102402,100.0004000016,1200.05760276493,0,100.0004000016,0,900.032401166442,0,100.0004000016,0,
6.19926,0,700.019600548815,0,1200.05760276493,100.0004000016,100.0004000016,0,1200.05760276493,0,0,0,
6.32555,0,300.003600043201,300.003600043201,1100.04840212969,0,100.0004000016,100.0004000016,800.025600819226,0,0,0,
6.45178,0,100.0004000016,200.0016000128,700.019600548815,200.0016000128,100.0004000016,100.0004000016,300.003600043201,0,0,0,
6.57807,100.0004000016,400.006400102402,200.0016000128,1700.11560786133,100.0004000016,100.0004000016,0,900.032401166442,0,0,0,
6.70432,0,600.014400345608,200.0016000128,1500.09000540032,100.0004000016,100.0004000016,100.0004000016,1200.05760276493,0,0,0,
6.83054,0,500.010000200004,400.006400102402,1900.14441097523,400.006400102402,200.0016000128,200.0016000128,200.0016000128,0,0,100.0004000016,
6.95684,0,500.010000200004,600.014400345608,900.032401166442,200.0016000128,0,100.0004000016,900.032401166442,0,0,0,
7.08309,0,0,200.0016000128,1200.05760276493,100.0004000016,0,200.0016000128,800.025600819226,0,0,0,
7.20937,0,800.025600819226,100.0004000016,1200.05760276493,100.0004000016,100.0004000016,0,1300.06760351538,0,0,0,
7.33562,0,500.010000200004,200.0016000128,1700.11560786133,0,100.0004000016,0,700.019600548815,0,0,0,
7.46175,0,200.0016000128,100.0004000016,1600.10240655402,0,0,100.0004000016,1200.05760276493,0,0,0,
7.58804,0,700.019600548815,200.0016000128,1400.07840439065,300.003600043201,0,0,900.032401166442,0,0,0,
7.71433,0,100.0004000016,0,1500.09000540032,100.0004000016,100.0004000016,100.0004000016,700.019600548815,0,0,0,
7.84066,0,300.003600043201,0,1500.09000540032,200.0016000128,0,100.0004000016,1300.06760351538,0,0,0,
7.9669,0,500.010000200004,300.003600043201,1300.06760351538,100.0004000016,100.0004000016,0,1500.09000540032,0,0,100.0004000016,
8.0932,0,200.0016000128,200.0016000128,1200.05760276493,100.0004000016,0,200.0016000128,1500.09000540032,0,0,0,
8.21943,0,300.003600043201,300.003600043201,1200.05760276493,200.0016000128,0,0,1100.04840212969,0,0,0,
8.34572,0,400.006400102402,0,1300.06760351538,300.003600043201,0,100.0004000016,1000.04000160006,0,0,0,
8.47202,100.0004000016,200.0016000128,300.003600043201,1700.11560786133,0,200.0016000128,0,800.025600819226,0,0,0,
8.5983,0,600.014400345608,100.0004000016,1400.07840439065,0,0,100.0004000016,1200.05760276493,0,0,0,
8.72458,0,300.003600043201,100.0004000016,1600.10240655402,200.0016000128,0,100.0004000016,900.032401166442,0,0,0,
8.85087,200.0016000128,300.003600043201,100.0004000016,900.032401166442,200.0016000128,0,0,1300.06760351538,0,0,0,
8.97713,0,100.0004000016,100.0004000016,1600.10240655402,0,0,0,1000.04000160006,0,0,0,
9.10342,0,200.0016000128,400.006400102402,1000.04000160006,0,0,0,600.014400345608,0,0,0,
9.22957,100.0004000016,600.014400345608,200.0016000128,900.032401166442,200.0016000128,100.0004000016,100.0004000016,1200.05760276493,0,0,0,
9.35577,0,200.0016000128,0,1600.10240655402,0,0,100.0004000016,1500.09000540032,0,0,0,
9.48208,0,100.0004000016,400.006400102402,2000.16001280102,100.0004000016,0,300.003600043201,1700.11560786133,0,0,0,
9.60831,0,600.014400345608,100.0004000016,1400.07840439065,200.0016000128,0,0,800.025600819226,0,0,100.0004000016,
9.7346,0,600.014400345608,200.0016000128,1100.04840212969,0,200.0016000128,100.0004000016,1000.04000160006,0,0,100.0004000016,
9.86086,0,500.010000200004,100.0004000016,1000.04000160006,100.0004000016,0,100.0004000016,600.014400345608,0,0,0,
9.98707,100.0004000016,500.010000200004,100.0004000016,1600.10240655402,200.0016000128,100.0004000016,300.003600043201,800.025600819226,0,0,0,
10.11339,100.0004000016,400.006400102402,100.0004000016,1400.07840439065,100.0004000016,100.0004000016,100.0004000016,700.019600548815,0,0,0,
10.23957,0,800.025600819226,100.0004000016,900.032401166442,100.0004000016,0,0,500.010000200004,0,0,100.0004000016,
10.36583,0,400.006400102402,0,400.006400102402,0,0,0,900.032401166442,0,0,0,
10.49205,0,500.010000200004,100.0004000016,1800.12960933187,100.0004000016,100.0004000016,100.0004000016,500.010000200004,0,0,100.0004000016,
10.61828,0,300.003600043201,100.0004000016,1000.04000160006,0,100.0004000016,0,1200.05760276493,0,0,0,
10.74451,0,200.0016000128,100.0004000016,1100.04840212969,200.0016000128,100.0004000016,100.0004000016,1300.06760351538,0,0,0,
10.87085,0,700.019600548815,200.0016000128,1000.04000160006,400.006400102402,0,0,800.025600819226,0,0,0,
10.99713,0,400.006400102402,0,1600.10240655402,0,0,100.0004000016,800.025600819226,0,0,0,
11.12335,0,500.010000200004,400.006400102402,1400.07840439065,100.0004000016,100.0004000016,0,1100.04840212969,0,0,0,
11.24967,100.0004000016,700.019600548815,200.0016000128,1400.07840439065,200.0016000128,200.0016000128,0,1200.05760276493,0,0,0,
11.37604,0,400.006400102402,100.0004000016,1600.10240655402,200.0016000128,100.0004000016,0,700.019600548815,0,0,0,
11.50228,0,400.006400102402,100.0004000016,1000.04000160006,0,100.0004000016,0,800.025600819226,0,0,0,
11.62856,0,600.014400345608,300.003600043201,1300.06760351538,100.0004000016,0,100.0004000016,1100.04840212969,0,0,0,
11.75477,0,700.019600548815,0,1200.05760276493,300.003600043201,0,100.0004000016,1100.04840212969,0,0,0,
11.88102,100.0004000016,300.003600043201,0,700.019600548815,200.0016000128,0,200.0016000128,1500.09000540032,0,0,0,
12.00733,100.0004000016,400.006400102402,100.0004000016,1800.12960933187,300.003600043201,0,0,1100.04840212969,0,0,0,
12.13365,0,200.0016000128,0,1100.04840212969,100.0004000016,0,100.0004000016,1200.05760276493,0,0,0,
12.25991,100.0004000016,200.0016000128,200.0016000128,700.019600548815,100.0004000016,100.0004000016,100.0004000016,700.019600548815,0,0,0,
12.38616,100.0004000016,600.014400345608,0,1300.06760351538,100.0004000016,0,0,500.010000200004,0,0,0,
12.51248,0,500.010000200004,100.0004000016,1000.04000160006,400.006400102402,0,100.0004000016,900.032401166442,0,0,0,
12.63871,0,400.006400102402,400.006400102402,500.010000200004,100.0004000016,0,0,800.025600819226,0,0,0,
12.76499,0,600.014400345608,0,1500.09000540032,200.0016000128,0,100.0004000016,1300.06760351538,0,0,0,
12.89117,0,400.006400102402,200.0016000128,1000.04000160006,400.006400102402,0,200.0016000128,700.019600548815,0,0,0,
13.01739,0,100.0004000016,200.0016000128,1100.04840212969,100.0004000016,0,0,500.010000200004,0,0,0,
13.14365,0,100.0004000016,100.0004000016,700.019600548815,0,200.0016000128,0,400.006400102402,0,0,0,
13.26993,0,200.0016000128,200.0016000128,900.032401166442,0,0,0,1400.07840439065,0,0,0,
13.39609,100.0004000016,0,300.003600043201,1200.05760276493,100.0004000016,0,0,400.006400102402,0,0,0,
13.52229,0,500.010000200004,0,900.032401166442,100.0004000016,100.0004000016,0,1100.04840212969,0,0,0,
13.64861,0,900.032401166442,0,1900.14441097523,100.0004000016,0,100.0004000016,400.006400102402,0,0,0,
13.77493,0,500.010000200004,200.0016000128,1800.12960933187,0,0,200.0016000128,1400.07840439065,0,0,0,
13.90113,0,300.003600043201,200.0016000128,1200.05760276493,0,100.0004000016,0,600.014400345608,0,0,0,
14.02735,100.0004000016,600.014400345608,0,1200.05760276493,300.003600043201,200.0016000128,100.0004000016,900.032401166442,0,0,0,
14.15361,0,700.019600548815,200.0016000128,2000.16001280102,0,0,0,1200.05760276493,0,0,0,
14.27997,100.0004000016,100.0004000016,0,1200.05760276493,100.0004000016,100.0004000016,0,300.003600043201,0,0,0,
14.40626,0,200.0016000128,100.0004000016,1400.07840439065,100.0004000016,100.0004000016,0,600.014400345608,0,0,0,
14.53257,0,400.006400102402,0,1100.04840212969,0,0,100.0004000016,500.010000200004,0,0,0,
14.65889,0,500.010000200004,100.0004000016,1200.05760276493,400.006400102402,0,200.0016000128,1100.04840212969,0,0,0,
14.78521,100.0004000016,500.010000200004,0,900.032401166442,0,0,0,400.006400102402,0,0,0,
14.91144,0,800.025600819226,200.0016000128,1300.06760351538,100.0004000016,100.0004000016,100.0004000016,1300.06760351538,0,0,0,
15.03772,0,600.014400345608,100.0004000016,1300.06760351538,400.006400102402,100.0004000016,0,1300.06760351538,0,0,0,
15.16402,0,200.0016000128,0,1100.04840212969,100.0004000016,0,100.0004000016,1000.04000160006,0,0,0,
15.29023,100.0004000016,600.014400345608,100.0004000016,2200.1936170383,100.0004000016,0,100.0004000016,1600.10240655402,0,0,0,
15.4164,0,700.019600548815,0,1500.09000540032,100.0004000016,100.0004000016,0,900.032401166442,0,0,0,
15.54262,0,600.014400345608,200.0016000128,2100.17641481884,300.003600043201,0,0,800.025600819226,0,0,0,
15.66888,0,500.010000200004,100.0004000016,500.010000200004,300.003600043201,0,200.0016000128,1000.04000160006,0,0,0,
15.79511,0,300.003600043201,100.0004000016,800.025600819226,200.0016000128,400.006400102402,100.0004000016,900.032401166442,0,0,0,
15.92137,100.0004000016,500.010000200004,100.0004000016,1600.10240655402,200.0016000128,200.0016000128,0,1100.04840212969,0,0,0,
16.04768,0,300.003600043201,100.0004000016,1800.12960933187,100.0004000016,100.0004000016,0,400.006400102402,0,0,0,
16.17391,0,300.003600043201,200.0016000128,500.010000200004,0,100.0004000016,200.0016000128,1100.04840212969,0,0,0,
16.30018,0,400.006400102402,0,1700.11560786133,200.0016000128,0,100.0004000016,1100.04840212969,0,0,0,
16.42637,0,900.032401166442,400.006400102402,1100.04840212969,0,200.0016000128,0,900.032401166442,0,0,0,
16.55259,100.0004000016,500.010000200004,0,1400.07840439065,0,100.0004000016,200.0016000128,700.019600548815,0,0,0,
16.67885,0,600.014400345608,200.0016000128,700.019600548815,100.0004000016,100.0004000016,100.0004000016,1100.04840212969,0,0,0,
16.80518,0,1200.05760276493,200.0016000128,2000.16001280102,100.0004000016,100.0004000016,100.0004000016,800.025600819226,0,0,0,
16.93142,0,400.006400102402,100.0004000016,1700.11560786133,0,0,0,400.006400102402,0,0,0,
17.05758,100.0004000016,600.014400345608,400.006400102402,2500.2500250025,200.0016000128,0,0,800.025600819226,0,0,0,
17.18388,0,100.0004000016,0,1300.06760351538,400.006400102402,100.0004000016,200.0016000128,800.025600819226,0,0,0,
17.31019,0,600.014400345608,200.0016000128,1900.14441097523,100.0004000016,100.0004000016,200.0016000128,900.032401166442,0,0,0,
17.43648,0,600.014400345608,300.003600043201,1700.11560786133,100.0004000016,100.0004000016,0,800.025600819226,0,0,0,
17.56272,0,500.010000200004,0,1600.10240655402,0,100.0004000016,0,600.014400345608,0,0,0,
17.68901,0,500.010000200004,200.0016000128,1200.05760276493,100.0004000016,0,100.0004000016,1600.10240655402,0,0,200.0016000128,
17.81522,0,700.019600548815,100.0004000016,1500.09000540032,100.0004000016,0,0,1200.05760276493,0,0,0,
17.94147,0,300.003600043201,0,1300.06760351538,0,200.0016000128,0,600.014400345608,0,0,0,
18.06778,0,200.0016000128,100.0004000016,1400.07840439065,0,0,200.0016000128,1400.07840439065,0,0,0,
18.19402,0,700.019600548815,300.003600043201,800.025600819226,100.0004000016,0,0,1000.04000160006,0,0,0,
18.32029,0,500.010000200004,0,500.010000200004,100.0004000016,0,0,600.014400345608,100.0004000016,0,0,
18.44653,0,800.025600819226,0,1500.09000540032,0,0,0,600.014400345608,0,0,0,
18.57277,0,200.0016000128,0,1300.06760351538,100.0004000016,100.0004000016,0,800.025600819226,0,100.0004000016,0,
18.69916,0,200.0016000128,300.003600043201,1700.11560786133,200.0016000128,0,100.0004000016,1200.05760276493,0,0,0,
18.82545,0,200.0016000128,0,1400.07840439065,0,0,0,2000.16001280102,0,0,0,
18.95175,0,300.003600043201,100.0004000016,1500.09000540032,0,0,100.0004000016,900.032401166442,0,0,0,
19.07798,100.0004000016,400.006400102402,0,600.014400345608,400.006400102402,0,0,700.019600548815,0,0,0,
19.20421,0,400.006400102402,100.0004000016,1500.09000540032,0,200.0016000128,0,500.010000200004,0,0,100.0004000016,
19.33041,0,200.0016000128,300.003600043201,1500.09000540032,300.003600043201,0,200.0016000128,1100.04840212969,0,0,0,
19.45665,0,500.010000200004,200.0016000128,1400.07840439065,0,0,0,1200.05760276493,0,0,0,
19.5828,100.0004000016,200.0016000128,400.006400102402,2100.17641481884,100.0004000016,0,200.0016000128,700.019600548815,0,0,0,
19.70903,0,400.006400102402,600.014400345608,1500.09000540032,200.0016000128,200.0016000128,0,1600.10240655402,0,0,0,
19.83531,0,700.019600548815,300.003600043201,1400.07840439065,0,0,200.0016000128,300.003600043201,0,0,0,
19.96166,0,500.010000200004,100.0004000016,1600.10240655402,0,0,100.0004000016,1200.05760276493,0,0,0,
20.08794,0,400.006400102402,100.0004000016,1100.04840212969,0,200.0016000128,0,1000.04000160006,0,0,0,
20.21423,0,200.0016000128,0,1900.14441097523,100.0004000016,0,100.0004000016,900.032401166442,0,0,0,
20.34049,100.0004000016,200.0016000128,300.003600043201,1000.04000160006,400.006400102402,0,100.0004000016,1300.06760351538,0,0,0,
20.46669,0,800.025600819226,100.0004000016,700.019600548815,100.0004000016,100.0004000016,200.0016000128,1100.04840212969,0,0,0,
20.59301,0,500.010000200004,100.0004000016,1400.07840439065,0,100.0004000016,0,900.032401166442,0,0,0,
20.71924,200.0016000128,600.014400345608,6201.53798141939,2600.27042812453,0,600.014400345608,4100.67251029169,130780.582149506,1176640.93968371,17612.3991289868,300.003600043201,
20.84551,42171.0159909287,6801.85010322808,656731.764585034,5501.21026625858,400.006400102402,2500.2500250025,11905.6670975384,351884.152030179,3000647.11430487,35349.9140786791,200.0016000128,
20.97175,64566.3228476556,8302.75651516303,810661.248492657,6701.7960813498,100.0004000016,900.032401166442,10504.4118529783,358673.071929369,3047734.23022579,27229.6258329062,100.0004000016,
21.09798,63561.1911808346,8202.69048247825,932856.722003925,5501.21026625858,400.006400102402,1500.09000540032,10004.0016006403,392878.617977345,3187343.39848258,29835.5639922788,100.0004000016,
21.2243,67481.6606304171,9003.24116682005,957197.619413492,7702.37233067785,600.014400345608,800.025600819226,10504.4118529783,398863.756430992,3195604.29601256,25926.8602271954,100.0004000016,
21.35054,81565.2501936297,9703.76506084361,983312.477394518,5901.39272868397,500.010000200004,600.014400345608,9903.92195309342,405264.783831683,3454996.47845416,24023.0621396541,100.0004000016,
21.47675,60345.3115101164,8202.69048247825,1061647.26290156,6501.69043951427,500.010000200004,1300.06760351538,10504.4118529783,424383.814633869,3512822.76116407,28031.3951625821,0,
21.60305,62857.6469786224,10004.0016006403,1023992.03874036,7102.01697282028,300.003600043201,800.025600819226,10304.2453490838,415182.420013338,3188995.57798857,27229.6258329062,0,
21.72931,56427.0737701303,9303.46088745013,984284.704610651,6101.48876325823,500.010000200004,1200.05760276493,10504.4118529783,416629.388943563,3432692.05512319,28332.0719053969,0,
21.85549,61249.6942527537,10204.1632986258,1020958.3206698,6501.69043951427,400.006400102402,1500.09000540032,11205.0198488923,422832.550988033,3416170.26006322,27129.408278574,100.0004000016,
21.98164,56627.9792330667,10004.0016006403,974781.604036273,5901.39272868397,300.003600043201,1100.04840212969,9203.38684635946,396077.220328239,3218734.80909653,23321.7358578195,100.0004000016,
22.10787,61551.1696727162,8002.56081946223,960971.314165137,5301.12383825371,500.010000200004,1300.06760351538,9803.84310649775,414769.03057905,3652431.92942085,25526.0365572884,100.0004000016,
22.23417,61852.6523459899,7602.31110257518,948468.41760012,7202.07419736884,200.0016000128,800.025600819226,10204.1632986258,409086.289257038,3166691.15465761,20416.6599945556,0,
22.36038,58235.3389276679,9403.53572943427,985797.202680903,5701.29989637637,600.014400345608,1000.04000160006,7902.49718911176,427900.713201759,3475648.72227913,24624.2302425587,0,
22.48664,67783.2860053585,9803.84310649775,1015434.43694275,6201.53798141939,300.003600043201,1400.07840439065,10904.7544729502,423556.450464743,3488866.1583271,24323.6425805883,100.0004000016,
22.61294,57733.0168708705,9403.53572943427,986769.615853177,6401.6388195378,500.010000200004,700.019600548815,10604.4963064339,422212.098532427,3383952.75969627,23922.8702639724,0,
22.73918,56929.3434683601,10904.7544729502,991848.956167346,4100.67251029169,400.006400102402,1100.04840212969,10004.0016006403,426659.343788776,3526040.19721205,24624.2302425587,200.0016000128,
22.86545,63561.1911808346,10104.0820491479,949438.038969828,6001.44034568296,100.0004000016,1400.07840439065,9803.84310649775,429142.203831867,3432692.05512319,22720.6303323418,0,
22.99161,55623.4841347792,9703.76506084361,958599.149388623,6201.53798141939,600.014400345608,1000.04000160006,9203.38684635946,432660.419048859,3350083.07982332,24423.8376655616,0,
23.11793,64063.7469371714,10004.0016006403,1012944.04095478,6401.6388195378,400.006400102402,2900.33643902693,9003.24116682005,487941.145285343,3744953.9817567,23822.6791905894,100.0004000016,
23.24424,66878.4316556573,9703.76506084361,1002121.77313669,6101.48876325823,600.014400345608,1600.10240655402,10204.1632986258,451717.074640724,3477300.90178512,28332.0719053969,200.0016000128,
23.37047,69693.7486211668,11805.5722300926,1040798.64004533,5201.0818250196,300.003600043201,2300.21161946899,10904.7544729502,444981.842460957,3446735.58092417,24323.6425805883,0,
23.49676,66375.7630204782,8602.95941803981,953748.344150856,6301.58800017604,300.003600043201,1900.14441097523,8502.8909829342,440631.741767412,3255082.75822847,24023.0621396541,100.0004000016,
23.623,65973.6426273953,10904.7544729502,953425.02159325,8102.62525058119,300.003600043201,1800.12960933187,10204.1632986258,451198.853270784,3436822.50388819,27129.408278574,300.003600043201,
23.74928,72710.8614983452,10304.2453490838,1004393.70235995,6501.69043951427,600.014400345608,1700.11560786133,9603.68781612139,456900.449263379,3469040.00425514,32843.0901342561,0,
23.8756,75527.4887962543,11705.4781637807,967119.394737607,6601.74286011507,500.010000200004,1500.09000540032,7102.01697282028,437525.437525438,3579736.03115696,28933.4470648069,200.0016000128,
24.00184,77539.7529160163,10104.0820491479,1030712.07533496,6001.44034568296,300.003600043201,2700.2916314962,8903.16952835209,455137.865026677,3652431.92942085,35349.9140786791,500.010000200004,
24.12808,78344.7489958631,11605.3848985929,1016192.47819843,6201.53798141939,400.006400102402,2200.1936170383,8102.62525058119,417869.779169547,3375691.86216628,30336.7681630136,100.0004000016,
24.25429,69995.4272328341,14107.9568876847,1000499.20958482,6001.44034568296,500.010000200004,1300.06760351538,9303.46088745013,425314.663694278,3439300.77314718,32843.0901342561,0,
24.38061,77137.2742556103,11805.5722300926,1000607.37418826,5901.39272868397,200.0016000128,2100.17641481884,10204.1632986258,443945.969271855,3681345.0707758,32141.2693898966,0,
24.50689,72409.1175314308,12005.7627661277,1027676.79039183,6601.74286011507,200.0016000128,1100.04840212969,9803.84310649775,452753.580693374,3763127.95632268,28933.4470648069,0,
24.63313,84887.2584827055,12205.9565067753,1007531.78120384,6301.58800017604,200.0016000128,1800.12960933187,7902.49718911176,455656.246818043,3769736.67434667,31038.4877247787,200.0016000128,
24.75942,71906.2270592058,12205.9565067753,1046224.75599897,6201.53798141939,400.006400102402,1300.06760351538,8703.02865397158,459700.349510766,3638388.40361987,29635.0879441258,0,
24.88575,85088.6206010789,11305.1099096792,1023125.18996881,7402.19104855037,400.006400102402,2000.16001280102,9203.38684635946,433902.374509126,3523561.92795305,30837.992406645,200.0016000128,
25.01205,76131.134123198,10804.6676164103,1015217.86184046,6101.48876325823,0,2000.16001280102,9403.53572943427,433281.381617231,3434344.23462919,32341.7855869784,0,
25.1383,80458.109615647,11705.4781637807,1006341.38628363,8102.62525058119,400.006400102402,2300.21161946899,7202.07419736884,431108.145278766,3402952.82401524,25726.4467872973,200.0016000128,
25.26453,80558.7547201612,12406.1534521122,1003852.7308206,6501.69043951427,0,1900.14441097523,10004.0016006403,437318.377546784,3587170.83893395,30336.7681630136,0,
25.39076,72912.0281779415,11405.2007715518,973162.450702938,5301.12383825371,200.0016000128,44980.7854907414,7702.37233067785,424590.664090308,3254256.66847547,27430.063349431,0,
25.51697,75426.8840672744,10404.3282005314,1009263.45927365,5301.12383825371,100.0004000016,1900.14441097523,7902.49718911176,451613.428678471,3734214.81496772,27730.7256440136,0,
25.64318,74018.5026197335,12606.3536022155,1011103.61991327,5801.34591225164,200.0016000128,1300.06760351538,9803.84310649775,446432.206633172,3217908.71934353,26127.2768770597,0,
25.76949,65370.4862280828,12406.1534521122,985473.081128726,6001.44034568296,400.006400102402,1900.14441097523,7001.96054895371,420557.706699639,3403778.91376824,22119.5536854579,100.0004000016,
25.89577,73314.3712214515,10104.0820491479,1006016.75203575,5701.29989637637,100.0004000016,1500.09000540032,8202.69048247825,434419.891751109,3451692.11944216,24423.8376655616,100.0004000016,
26.02208,68889.3078178835,11004.8421305374,991632.77357753,6401.6388195378,400.006400102402,1400.07840439065,8703.02865397158,436904.26770205,3345126.54130533,18914.2992102029,0,
26.14832,67883.8294100424,10904.7544729502,1023341.89674771,7102.01697282028,200.0016000128,1200.05760276493,7502.25067520256,432970.896542744,3431865.96537019,20316.4969955604,0,
26.27464,64365.2900648866,12606.3536022155,997903.529059417,6401.6388195378,500.010000200004,1300.06760351538,9003.24116682005,435869.052076381,3341822.18229333,21518.505915087,100.0004000016,
26.40092,64264.7748827995,9603.68781612139,988066.27996424,7402.19104855037,100.0004000016,2200.1936170383,6701.7960813498,401960.624928874,3359170.06710631,20016.0128102482,200.0016000128,
26.52718,60043.8651007815,11605.3848985929,1013377.1190497,5101.04061228491,200.0016000128,900.032401166442,8402.82334864514,424694.090080708,3343474.36179933,19915.8530190031,100.0004000016,
26.65348,63862.7222162069,9203.38684635946,968629.895086735,6201.53798141939,600.014400345608,1100.04840212969,7001.96054895371,416939.475150367,2998994.93479887,18012.9693379233,200.0016000128,
26.77972,62556.1401257539,8803.09869073914,985365.042408116,5201.0818250196,700.019600548815,1200.05760276493,7202.07419736884,405677.8641345,3369909.23389529,16310.634533716,0,
26.90599,63360.1745211896,9703.76506084361,944267.562193598,6201.53798141939,300.003600043201,600.014400345608,6601.74286011507,400618.555863072,3117951.85923068,19314.911111378,0,
27.03224,48594.2728894055,9903.92195309342,973054.514324659,6101.48876325823,300.003600043201,1200.05760276493,8102.62525058119,399276.628601617,3279865.45081843,17812.6826300326,0,
27.15839,52811.3262757894,8402.82334864514,974457.75721986,6401.6388195378,200.0016000128,600.014400345608,6701.7960813498,397418.80953155,3102256.15392371,15309.3693340324,100.0004000016,
27.28469,50200.6020064209,9903.92195309342,966687.855483957,5801.34591225164,400.006400102402,1100.04840212969,7402.19104855037,394116.691045019,3268300.19427645,15309.3693340324,0,
27.41103,52610.4820122257,8502.8909829342,1018683.49624498,5101.04061228491,100.0004000016,1500.09000540032,7602.31110257518,412288.97635234,3312082.95118538,14608.5313823273,100.0004000016,
27.5373,49497.8076679519,10104.0820491479,967874.622946461,5501.21026625858,500.010000200004,1300.06760351538,6601.74286011507,380195.325983229,3222039.16810852,13507.2939387269,0,
27.66354,53715.1653144341,9403.53572943427,931995.933863038,5501.21026625858,200.0016000128,1200.05760276493,7102.01697282028,402786.584077127,3249300.12995748,16310.634533716,0,
27.7898,48895.4439065055,8602.95941803981,959677.352362123,5301.12383825371,400.006400102402,1100.04840212969,7702.37233067785,381019.870292836,3173299.8726816,14408.2991803279,100.0004000016,
27.91603,50501.811652291,9103.31360615264,948899.351485107,5501.21026625858,500.010000200004,1300.06760351538,5101.04061228491,390815.431115733,3427735.5166052,14107.9568876847,0,
28.04225,46687.0246138803,6601.74286011507,952562.86748829,5701.29989637637,100.0004000016,1400.07840439065,5801.34591225164,386483.82982526,3034516.79417781,14508.4148806308,0,
28.16852,50100.2004008016,8102.62525058119,968198.305626997,6601.74286011507,200.0016000128,900.032401166442,8602.95941803981,398966.973215265,3063429.93553277,15109.1259120509,0,
28.29476,48995.8358549322,6901.90492575951,1002121.77313669,5201.0818250196,300.003600043201,1100.04840212969,5301.12383825371,382153.706200556,3117951.85923068,14808.7667899396,100.0004000016,
28.42099,43776.5213593361,7001.96054895371,939960.405244438,5501.21026625858,300.003600043201,900.032401166442,6201.53798141939,398554.111111563,3105560.5129357,12706.4548790786,100.0004000016,
28.54727,48393.4962347255,9403.53572943427,984392.734348041,6901.90492575951,200.0016000128,1400.07840439065,5101.04061228491,395045.325076896,3208821.73206054,14308.184281409,0,
28.67358,48293.1091143725,8402.82334864514,953101.707091218,5801.34591225164,100.0004000016,1300.06760351538,7102.01697282028,372570.830068729,3274082.82254744,13507.2939387269,0,
28.79992,46084.7960246854,7802.43435952017,938668.537017593,3300.43565750679,200.0016000128,800.025600819226,4700.88376614804,378237.247943348,3244343.59143949,13507.2939387269,0,
28.92611,43074.0874303803,7802.43435952017,922638.551318529,5401.16665199683,200.0016000128,700.019600548815,5201.0818250196,385658.930471726,3113821.41046569,14007.84439286,0,
29.05243,46787.3988610725,6601.74286011507,978668.395806835,5401.16665199683,300.003600043201,900.032401166442,7202.07419736884,382256.787215465,3114647.50021869,13607.4024269202,0,
29.17874,48192.7227986646,7402.19104855037,991848.956167346,5401.16665199683,500.010000200004,800.025600819226,6701.7960813498,365465.628779454,3052690.76874379,14508.4148806308,100.0004000016,
29.30503,46185.1654450807,6401.6388195378,953101.707091218,5501.21026625858,500.010000200004,1200.05760276493,6501.69043951427,384627.881662957,3061777.75602677,13707.5117164206,0,
29.43131,41870.0066511207,6201.53798141939,952993.937380616,5101.04061228491,300.003600043201,800.025600819226,5101.04061228491,379267.777669493,3248474.04020448,17512.2585810067,0,
29.55753,43977.2240053534,6901.90492575951,971867.273369486,6401.6388195378,600.014400345608,1000.04000160006,7802.43435952017,400102.41321293,3120430.12848968,12606.3536022155,0,
29.68376,41268.0096799526,6601.74286011507,976832.821416548,4200.70571856072,200.0016000128,1200.05760276493,7102.01697282028,375764.318021259,3100603.97441771,12706.4548790786,0,
29.81008,44077.5765347011,7102.01697282028,952455.102252673,6001.44034568296,100.0004000016,800.025600819226,6101.48876325823,384524.781388473,3324474.29748036,14408.2991803279,0,
29.93633,44980.7854907414,7502.25067520256,958491.334017253,5901.39272868397,300.003600043201,800.025600819226,24824.6260290208,376794.64691743,2896559.80542703,12506.2531265633,0,
30.06257,36453.0756781874,5601.25468104855,914254.913342732,6001.44034568296,200.0016000128,1300.06760351538,6101.48876325823,394632.590455681,3105560.5129357,15109.1259120509,0,
30.18879,39863.462632511,6101.48876325823,960108.658630802,5101.04061228491,300.003600043201,1000.04000160006,6201.53798141939,408776.394636919,3333561.28476335,14308.184281409,0,
30.31507,44077.5765347011,6501.69043951427,971975.199880321,5801.34591225164,400.006400102402,700.019600548815,6201.53798141939,374528.033778572,3119604.03873668,13507.2939387269,0,
30.44133,40164.423735672,5801.34591225164,885169.247590608,5601.25468104855,200.0016000128,900.032401166442,5901.39272868397,383390.733640912,3169995.5136696,14007.84439286,100.0004000016,
30.56763,41167.6796653699,7001.96054895371,917801.175216776,5601.25468104855,300.003600043201,500.010000200004,6901.90492575951,425314.663694278,3070038.65355676,15910.1188355794,0,
30.69387,40164.423735672,8402.82334864514,963185.834960734,5501.21026625858,400.006400102402,1100.04840212969,6401.6388195378,377722.014463271,2902342.43369802,16811.2971917128,0,
30.82013,38158.1530252104,6001.44034568296,980288.235709802,5101.04061228491,300.003600043201,800.025600819226,5901.39272868397,384215.485589889,3178256.41119959,14007.84439286,0,
30.9464,41569.0045475489,6501.69043951427,942436.845731743,5301.12383825371,500.010000200004,1200.05760276493,6101.48876325823,376382.50531889,3263343.65575846,15409.4922472243,100.0004000016,
31.07269,38158.1530252104,6301.58800017604,943513.706477161,4400.77453631839,200.0016000128,600.014400345608,6401.6388195378,418282.764857135,2918038.139005,15709.8657957197,0,
31.19901,39060.9350586916,5401.16665199683,920595.883394644,4000.64010241639,300.003600043201,400.006400102402,6501.69043951427,382256.787215465,3004777.56306986,15709.8657957197,0,
31.32537,37456.0342272039,5601.25468104855,921240.901644444,5601.25468104855,400.006400102402,1000.04000160006,6201.53798141939,403302.835821502,3086560.44861673,19715.5358422437,0,
31.45169,39060.9350586916,5101.04061228491,976292.995960167,5001.00020004001,500.010000200004,800.025600819226,8202.69048247825,390609.130869293,3453344.29894816,14408.2991803279,0,
31.578,33143.8825004306,5201.0818250196,905447.190191576,4900.9605882753,500.010000200004,1200.05760276493,6501.69043951427,375867.347145925,3491344.4275861,16110.3750815525,100.0004000016,
31.70432,32041.0124959949,5601.25468104855,911354.148096863,5401.16665199683,500.010000200004,1500.09000540032,6801.85010322808,394116.691045019,3325300.38723336,16310.634533716,100.0004000016,
31.83064,34347.1242544771,7902.49718911176,899006.306926016,5101.04061228491,400.006400102402,800.025600819226,6701.7960813498,374218.981539748,3172473.7829286,19415.0660912868,100.0004000016,
31.95687,33444.6820952793,4700.88376614804,926617.302387323,5601.25468104855,100.0004000016,1200.05760276493,7402.19104855037,388546.312770642,3261691.47625246,17211.841747122,0,
32.08315,30236.5257230735,5201.0818250196,899113.62873517,4100.67251029169,300.003600043201,900.032401166442,6301.58800017604,392259.62671347,3031212.43516582,19114.6035571176,0,
32.20942,33244.1482288479,4600.84655576626,955149.50166113,4400.77453631839,300.003600043201,500.010000200004,6001.44034568296,379370.835245246,3127864.93626667,15409.4922472243,0,
32.33567,31840.5011174214,4100.67251029169,916618.980087743,5201.0818250196,300.003600043201,700.019600548815,8402.82334864514,397212.40196676,3189821.66774157,16611.0297237366,0,
32.46198,33544.9502333126,4500.81014582625,926522.029701339,5801.34591225164,300.003600043201,1100.04840212969,8302.75651516303,390918.58249611,3253430.57872247,13407.186251831,100.0004000016,
32.58822,33845.7594667991,5101.04061228491,904158.757263526,4600.84655576626,300.003600043201,1200.05760276493,6001.44034568296,375455.235666928,2907298.97221601,13006.7635170289,100.0004000016,
32.71451,36152.2037822616,3700.5476810568,880024.347926907,4500.81014582625,600.014400345608,900.032401166442,6501.69043951427,391950.142398056,3287300.25859542,14007.84439286,100.0004000016,
32.84076,32542.3049964954,5001.00020004001,905876.696316806,3400.46246289495,200.0016000128,600.014400345608,5901.39272868397,399379.848741613,3191473.84724757,14007.84439286,0,
32.96697,33745.4889190629,4100.67251029169,915866.730246926,4800.92177698118,400.006400102402,800.025600819226,8703.02865397158,371849.831124968,3057647.30726178,16010.246557797,600.014400345608,
33.09328,30737.7459520291,4200.70571856072,900616.227461284,5301.12383825371,200.0016000128,2000.16001280102,7802.43435952017,409706.101175351,3279865.45081843,15509.6159618964,0,
33.21946,34748.2305439951,4100.67251029169,940929.390865472,5001.00020004001,300.003600043201,800.025600819226,7602.31110257518,385658.930471726,3112995.32071269,16110.3750815525,0,
33.34573,28131.6199408135,3700.5476810568,898577.028583741,5001.00020004001,800.025600819226,800.025600819226,8803.09869073914,389783.963406212,3113821.41046569,14808.7667899396,0,
33.47203,29133.9118734207,5001.00020004001,879702.859603647,4700.88376614804,300.003600043201,800.025600819226,9003.24116682005,390196.54043338,3165865.06490461,14007.84439286,400.006400102402,
33.5983,31038.4877247787,4400.77453631839,869526.525577718,4500.81014582625,500.010000200004,1300.06760351538,7602.31110257518,373909.936829114,3055995.12775578,17612.3991289868,0,
33.72448,37255.4360889003,4400.77453631839,912858.167525592,4100.67251029169,400.006400102402,1300.06760351538,9103.31360615264,398657.325379151,3296387.2458784,15109.1259120509,0,
33.85075,33043.6175751993,6101.48876325823,963451.768214919,6301.58800017604,400.006400102402,1500.09000540032,11505.2924345199,436697.217835805,3260865.38649946,13907.7326993809,0,
33.97703,32742.827618525,4800.92177698118,893748.627631323,4400.77453631839,400.006400102402,1600.10240655402,10604.4963064339,409912.711867852,3720997.37891974,15109.1259120509,0,
34.10326,30637.5003003677,5201.0818250196,945236.869634525,4200.70571856072,500.010000200004,1600.10240655402,8803.09869073914,388546.312770642,3230300.06563851,13307.0793662228,0,
34.2296,31740.2466327303,5201.0818250196,1118834.06483552,5301.12383825371,500.010000200004,900.032401166442,8302.75651516303,410222.634206632,3210473.91156654,13206.9732818928,0,
34.35593,31339.2367243789,4800.92177698118,923063.180148565,4300.73972723308,300.003600043201,1600.10240655402,7602.31110257518,403819.108549503,3255082.75822847,14408.2991803279,0,
34.48217,30136.2840860396,5301.12383825371,983247.162366818,5101.04061228491,200.0016000128,1000.04000160006,10004.0016006403,397934.843122036,3264169.74551146,14107.9568876847,0,
34.60841,27530.2833116428,4800.92177698118,934686.086559608,5001.00020004001,100.0004000016,1000.04000160006,8803.09869073914,420661.099880828,3498779.23536309,16611.0297237366,200.0016000128,
34.73463,26027.0681508769,4600.84655576626,932318.722719201,5001.00020004001,200.0016000128,1100.04840212969,9903.92195309342,419317.054124843,3125386.66700767,15409.4922472243,0,
34.86093,29534.8511243267,6101.48876325823,910924.460327265,4600.84655576626,300.003600043201,600.014400345608,8002.56081946223,406917.185645295,3169995.5136696,14107.9568876847,0,
34.98724,30236.5257230735,4000.64010241639,890549.994352498,4100.67251029169,800.025600819226,900.032401166442,8903.16952835209,384009.292578122,3250126.21971048,13307.0793662228,0,
35.11355,28131.6199408135,2500.2500250025,899757.578269067,4000.64010241639,400.006400102402,600.014400345608,9003.24116682005,386793.180904257,3439300.77314718,12005.7627661277,0,
35.23987,26027.0681508769,5501.21026625858,913287.919432478,5701.29989637637,300.003600043201,900.032401166442,8703.02865397158,398347.685092999,3295561.15612541,14007.84439286,0,
35.36603,24924.8251258253,3500.49006860961,913180.480119408,3800.57768780855,500.010000200004,700.019600548815,11205.0198488923,404541.925623631,3231126.15539151,13907.7326993809,0,
35.49237,26628.3325458288,3700.5476810568,919735.90899477,4000.64010241639,600.014400345608,1200.05760276493,8002.56081946223,408879.692003724,3322822.11797436,12606.3536022155,0,
35.61869,28031.3951625821,4900.9605882753,928338.221689366,4800.92177698118,400.006400102402,1200.05760276493,13807.6218072376,395354.884847303,3198082.56527156,13307.0793662228,0,
35.74495,29534.8511243267,3700.5476810568,957305.424038541,5301.12383825371,400.006400102402,600.014400345608,10504.4118529783,404232.141840974,3181560.77021158,12306.0545788528,0,
35.87121,27630.5040765005,4000.64010241639,919090.965641653,3900.60849492521,300.003600043201,800.025600819226,19615.3784567101,413425.607787487,3260865.38649946,15209.2472223112,0,
35.99745,28933.4470648069,4300.73972723308,900926.543010817,4000.64010241639,500.010000200004,900.032401166442,9003.24116682005,403199.583793978,3096473.52565272,12606.3536022155,0,
36.12378,26728.5460872212,5301.12383825371,940175.729126459,4100.67251029169,100.0004000016,1300.06760351538,11205.0198488923,400102.41321293,3179908.59070559,12105.8592358702,0,
36.25008,28031.3951625821,4800.92177698118,955041.714943044,4000.64010241639,0,1300.06760351538,17211.841747122,413942.292052959,3144386.73132664,12105.8592358702,0,
36.37635,29334.3798932349,3600.51847466035,941467.747491979,5101.04061228491,300.003600043201,800.025600819226,10504.4118529783,422108.692734158,3106386.6026887,13807.6218072376,0,
36.50258,29234.1454819229,4200.70571856072,982448.336499728,5101.04061228491,100.0004000016,800.025600819226,10004.0016006403,403509.342394596,3143560.64157364,12205.9565067753,0,
36.62885,26227.4864057532,4900.9605882753,955257.289274457,4400.77453631839,200.0016000128,1200.05760276493,12706.4548790786,384318.583351949,3125386.66700767,11705.4781637807,100.0004000016,
36.75514,26327.6967369673,4800.92177698118,983420.499047967,5301.12383825371,400.006400102402,1200.05760276493,10504.4118529783,403302.835821502,3091516.98713472,11205.0198488923,0,
36.88135,24624.2302425587,3600.51847466035,923391.194342479,4800.92177698118,400.006400102402,1200.05760276493,12706.4548790786,397831.634726354,3140256.28256165,11905.6670975384,0,
37.00765,31940.756405173,3800.57768780855,943944.475807791,4400.77453631839,300.003600043201,1000.04000160006,12105.8592358702,391331.1963989,3097299.61540572,10404.3282005314,0,
37.13388,29234.1454819229,3900.60849492521,993362.334994136,4800.92177698118,100.0004000016,600.014400345608,11805.5722300926,405058.248717553,3291430.70736041,10604.4963064339,100.0004000016,
37.26016,29434.6151073663,4500.81014582625,965501.196490295,5701.29989637637,200.0016000128,700.019600548815,13507.2939387269,392156.464436761,3259213.20699346,11905.6670975384,0,
37.38639,26127.2768770597,5101.04061228491,1073869.02064947,3400.46246289495,200.0016000128,900.032401166442,13507.2939387269,408363.213568472,3143560.64157364,10804.6676164103,0,
37.51268,26127.2768770597,4900.9605882753,1018466.86704355,4100.67251029169,600.014400345608,1000.04000160006,12606.3536022155,404335.402262409,3164212.88539861,10604.4963064339,0,
37.63896,25526.0365572884,4800.92177698118,992931.941114583,4900.9605882753,300.003600043201,900.032401166442,11805.5722300926,378752.502344997,3007255.83232886,11905.6670975384,0,
37.76519,25325.6295370915,4000.64010241639,1012944.04095478,4500.81014582625,400.006400102402,600.014400345608,12105.8592358702,397109.199442483,3219560.89884953,11305.1099096792,0,
37.8915,23922.8702639724,3500.49006860961,1009912.89800369,4800.92177698118,200.0016000128,700.019600548815,13507.2939387269,402889.832747373,3021299.35812983,11205.0198488923,0,
38.01778,27530.2833116428,4100.67251029169,953963.896998061,5901.39272868397,0,700.019600548815,13907.7326993809,380813.729192809,3053516.85849678,10804.6676164103,0,
38.14403,23121.3641404658,3600.51847466035,954826.144192556,5501.21026625858,400.006400102402,300.003600043201,11805.5722300926,383803.102916091,3079951.73059274,10504.4118529783,0,
38.27028,26227.4864057532,3300.43565750679,995092.126606497,5101.04061228491,600.014400345608,700.019600548815,15109.1259120509,387205.660737569,3061777.75602677,10704.5815609081,0,
38.39653,23622.2994506814,4200.70571856072,898851.233279153,5801.34591225164,500.010000200004,600.014400345608,13607.4024269202,384009.292578122,3090690.89738173,9303.46088745013,0,
38.5228,33043.6175751993,3000.36004320518,1007098.89771512,5001.00020004001,800.025600819226,700.019600548815,15609.7404780583,390196.54043338,3184039.03947058,12406.1534521122,0,
38.64903,25025.025025025,3900.60849492521,1005042.89791876,4000.64010241639,500.010000200004,800.025600819226,16010.246557797,368348.419044527,3211300.00131954,10904.7544729502,0,
38.77521,23021.1794851263,4600.84655576626,995740.857817855,5801.34591225164,400.006400102402,800.025600819226,14808.7667899396,372570.830068729,3052690.76874379,9403.53572943427,0,
38.90137,26728.5460872212,3700.5476810568,989471.145449555,4000.64010241639,600.014400345608,600.014400345608,14608.5313823273,366803.985632242,2742081.02161627,11305.1099096792,0,
39.0276,28532.5270808722,4200.70571856072,1037652.52856851,6001.44034568296,500.010000200004,800.025600819226,12606.3536022155,386896.299605995,2809820.38136216,9503.61137232148,100.0004000016,
39.15383,24624.2302425587,4700.88376614804,960324.317139629,5101.04061228491,500.010000200004,900.032401166442,13507.2939387269,357644.213994174,3036995.06343681,11605.3848985929,0,
39.28009,23021.1794851263,4500.81014582625,1008722.28510553,5201.0818250196,500.010000200004,700.019600548815,16010.246557797,374115.965799752,2901516.34394502,11505.2924345199,0,
39.40633,30136.2840860396,4100.67251029169,1038411.86518352,6001.44034568296,100.0004000016,200.0016000128,13006.7635170289,380813.729192809,3009734.10158785,12606.3536022155,0,
39.53253,23321.7358578195,3900.60849492521,1002770.85526234,5301.12383825371,400.006400102402,700.019600548815,16210.5044068556,362583.493624861,2981647.0499859,8302.75651516303,0,
39.65876,24524.0335528818,3600.51847466035,1002338.13024467,3800.57768780855,300.003600043201,500.010000200004,15109.1259120509,354763.855871352,2837081.34321112,10104.0820491479,0,
39.78504,24924.8251258253,4400.77453631839,977696.588816706,5301.12383825371,200.0016000128,400.006400102402,15209.2472223112,363612.752418674,3087386.53836973,9303.46088745013,0,
39.91126,27530.2833116428,3100.38444767151,981152.232924148,4900.9605882753,300.003600043201,1100.04840212969,15910.1188355794,352192.660438816,2785037.6887722,11505.2924345199,0,
40.03749,21919.201220269,4000.64010241639,949114.823795131,4300.73972723308,200.0016000128,600.014400345608,13707.5117164206,351472.819164902,2812298.65062116,11405.2007715518,0,
40.16379,24524.0335528818,3600.51847466035,991092.332835691,5601.25468104855,400.006400102402,400.006400102402,12506.2531265633,373497.888924976,2902342.43369802,10804.6676164103,0,
40.2901,26928.9755777216,5201.0818250196,977156.727460141,4800.92177698118,500.010000200004,600.014400345608,18513.7001381022,363098.112579691,2823863.90716314,11004.8421305374,0,
40.41639,28031.3951625821,3200.40965243551,983528.521599588,4400.77453631839,300.003600043201,100.0004000016,15910.1188355794,351884.152030179,2879211.92061406,10304.2453490838,0,
40.54262,25826.6531060054,4400.77453631839,963236.057742237,5401.16665199683,400.006400102402,500.010000200004,16510.8971921468,345304.42752054,2670211.21310538,9703.76506084361,0,
40.66891,24724.4277346018,5601.25468104855,975429.321895832,3100.38444767151,100.0004000016,300.003600043201,16010.246557797,340885.592996996,2919690.31851099,8102.62525058119,0,
40.79515,27029.191526849,4200.70571856072,985365.042408116,5101.04061228491,200.0016000128,1000.04000160006,14107.9568876847,361348.493333009,2774298.52198322,11305.1099096792,0,
40.92138,25726.4467872973,3600.51847466035,981692.260365656,4100.67251029169,400.006400102402,400.006400102402,18313.4054127621,339960.915644284,2832950.89444613,10104.0820491479,0,
41.04768,22420.0883992057,4800.92177698118,1015326.14894086,5401.16665199683,600.014400345608,500.010000200004,16811.2971917128,327125.148416953,2771820.25272422,10104.0820491479,0,
41.17392,19415.0660912868,3200.40965243551,1089087.95868168,4100.67251029169,200.0016000128,700.019600548815,16110.3750815525,333592.749323086,2721428.7777913,6301.58800017604,100.0004000016,
41.30017,24023.0621396541,174254.202282872,963559.624795407,4200.70571856072,300.003600043201,800.025600819226,18313.4054127621,353735.315116505,2761081.08593524,8402.82334864514,0,
41.42634,26427.9078707115,3600.51847466035,969924.749546046,4000.64010241639,100.0004000016,400.006400102402,16010.246557797,339960.915644284,3088212.62812273,9403.53572943427,0,
41.55259,25726.4467872973,3600.51847466035,1000499.20958482,4000.64010241639,0,200.0016000128,16911.4321281186,345715.560241697,2965125.25492592,9703.76506084361,0,
41.67882,26127.2768770597,3100.38444767151,986553.517747777,5001.00020004001,400.006400102402,600.014400345608,18914.2992102029,344482.202090818,2872603.20259007,8703.02865397158,0,
41.80502,24223.4482979524,4200.70571856072,930382.110110775,6201.53798141939,600.014400345608,600.014400345608,15209.2472223112,330409.866295965,2628080.63570245,8402.82334864514,0,
41.93135,25826.6531060054,3600.51847466035,927585.291384575,5501.21026625858,400.006400102402,500.010000200004,18313.4054127621,353941.016591619,2713167.88026132,8803.09869073914,100.0004000016,
42.05765,23822.6791905894,4300.73972723308,916726.447915673,4600.84655576626,700.019600548815,300.003600043201,16911.4321281186,334927.744786072,2747863.64988726,9703.76506084361,0,
42.18388,23822.6791905894,3900.60849492521,941467.747491979,4300.73972723308,200.0016000128,600.014400345608,20917.487019148,340474.616953386,2880864.10012005,11905.6670975384,0,
42.31007,26928.9755777216,3200.40965243551,996173.363280925,3900.60849492521,400.006400102402,800.025600819226,21718.8519635043,352912.542592893,2779255.06050121,8803.09869073914,0,
42.43631,25626.2412710616,3900.60849492521,980504.229626089,4200.70571856072,300.003600043201,300.003600043201,19114.6035571176,340577.359714564,2612384.93039547,10204.1632986258,0,
42.56255,23021.1794851263,4100.67251029169,983938.932277372,4100.67251029169,0,300.003600043201,21117.8234429859,369996.021984624,3141908.46206765,11805.5722300926,0,
42.6887,25125.2257266295,3800.57768780855,988822.72712152,5101.04061228491,300.003600043201,300.003600043201,20416.6599945556,355483.884054443,2890777.17715604,9503.61137232148,100.0004000016,
42.81498,23822.6791905894,3100.38444767151,916941.386245361,4100.67251029169,100.0004000016,600.014400345608,18713.9980705568,348902.291135185,2726385.31630929,10004.0016006403,100.0004000016,
42.94132,25325.6295370915,4000.64010241639,972191.055592956,5701.29989637637,0,600.014400345608,20016.0128102482,336879.145113428,2854429.22802409,10804.6676164103,0,
43.06761,24524.0335528818,3400.46246289495,960324.317139629,5801.34591225164,200.0016000128,400.006400102402,21217.9928579435,344584.977352079,2950255.63937195,11405.2007715518,0,
43.19385,26127.2768770597,3500.49006860961,975969.11145561,5901.39272868397,200.0016000128,500.010000200004,22620.4488857928,330101.887801834,2610732.75088948,10504.4118529783,0,
43.32013,24924.8251258253,4100.67251029169,927047.510796023,5701.29989637637,300.003600043201,300.003600043201,19815.6940296715,328972.69739375,2879211.92061406,11805.5722300926,0,
43.44636,26127.2768770597,4000.64010241639,1004285.50625143,5901.39272868397,100.0004000016,500.010000200004,22420.0883992057,348182.636697679,2905646.79271002,11705.4781637807,0,
43.57261,27029.191526849,4500.81014582625,918768.506000713,3800.57768780855,100.0004000016,200.0016000128,20817.3200102485,327638.3294295,2744559.29087527,11205.0198488923,0,
43.69892,25325.6295370915,3100.38444767151,917371.273600358,5001.00020004001,300.003600043201,1100.04840212969,21318.1630749398,343454.495320585,2903994.61320402,12906.6598364756,100.0004000016,
43.82511,26928.9755777216,3200.40965243551,937269.158304491,6101.48876325823,300.003600043201,100.0004000016,21919.201220269,357129.816333237,2766863.71420623,12105.8592358702,0,
43.95143,26127.2768770597,4000.64010241639,941898.448882008,6001.44034568296,200.0016000128,200.0016000128,21217.9928579435,352398.336882669,2808994.29160917,13106.8679988314,100.0004000016,
44.07767,27430.063349431,4700.88376614804,935116.56278788,5801.34591225164,400.006400102402,200.0016000128,19915.8530190031,373703.911204216,2984951.40899789,14208.0701838644,0,
44.20391,25325.6295370915,3700.5476810568,965501.196490295,5301.12383825371,300.003600043201,300.003600043201,24323.6425805883,380195.325983229,2989907.94751588,14007.84439286,0,
44.33027,27430.063349431,4200.70571856072,968719.994245171,4700.88376614804,200.0016000128,1000.04000160006,22620.4488857928,357438.452425388,2722254.8675443,11805.5722300926,0,
44.45659,24123.2548176442,3600.51847466035,907809.650140938,5301.12383825371,300.003600043201,300.003600043201,23622.2994506814,369378.14580289,2951907.81887794,12806.5569571621,0,
44.58291,27530.2833116428,2800.31363512713,915651.809741797,5301.12383825371,600.014400345608,600.014400345608,23722.4889194957,355483.884054443,2956864.35739593,14808.7667899396,100.0004000016,
44.70914,25726.4467872973,4100.67251029169,931350.380257322,4800.92177698118,500.010000200004,200.0016000128,25025.025025025,362995.187118033,2932907.75455897,12806.5569571621,0,
44.83542,25325.6295370915,3600.51847466035,926724.85315103,4900.9605882753,300.003600043201,700.019600548815,26427.9078707115,377309.842741886,2980820.9602329,14007.84439286,0,
44.9617,24423.8376655616,3600.51847466035,934578.469735384,4500.81014582625,300.003600043201,600.014400345608,24724.4277346018,359290.426766427,2772646.34247722,13006.7635170289,0,
45.08806,27029.191526849,3900.60849492521,949869.005061262,6001.44034568296,400.006400102402,600.014400345608,25025.025025025,361142.671644214,2987429.67825689,13106.8679988314,300.003600043201,
45.21429,23622.2994506814,3200.40965243551,934363.238766271,5701.29989637637,400.006400102402,600.014400345608,27830.9480141918,362583.493624861,2984951.40899789,13307.0793662228,0,
45.34059,25025.025025025,4200.70571856072,939422.111178438,6101.48876325823,300.003600043201,400.006400102402,25025.025025025,375558.26228177,3100603.97441771,13206.9732818928,0,
45.46689,27129.408278574,3700.5476810568,915651.809741797,6401.6388195378,100.0004000016,700.019600548815,29234.1454819229,383596.916603715,3041125.5122018,13006.7635170289,0,
45.59321,26928.9755777216,4100.67251029169,938883.839452835,5001.00020004001,500.010000200004,400.006400102402,28833.2158646761,369893.040530941,3151821.53910363,11805.5722300926,0,
45.71959,25225.4272306485,4200.70571856072,900294.227342423,4700.88376614804,200.0016000128,700.019600548815,25526.0365572884,383081.465476979,3155125.89811563,12706.4548790786,0,
45.84589,28933.4470648069,3300.43565750679,915436.892801314,5701.29989637637,400.006400102402,700.019600548815,23922.8702639724,373806.923598452,3116299.67972469,14007.84439286,0,
45.9722,25526.0365572884,4500.81014582625,921778.441375306,4900.9605882753,300.003600043201,700.019600548815,27830.9480141918,397212.40196676,3151821.53910363,15009.0054032419,0,
46.09852,26027.0681508769,3300.43565750679,916081.65431679,5401.16665199683,800.025600819226,700.019600548815,25125.2257266295,353632.465630616,2870124.93333107,14007.84439286,0,
46.22483,21217.9928579435,4300.73972723308,895787.066193775,4600.84655576626,300.003600043201,400.006400102402,26427.9078707115,374837.093545859,2931255.57505297,13807.6218072376,100.0004000016,
46.35106,27129.408278574,3300.43565750679,915436.892801314,4200.70571856072,200.0016000128,600.014400345608,30637.5003003677,382566.035283797,3101430.06417071,13707.5117164206,0,
46.47733,25926.8602271954,4800.92177698118,939637.426123913,6001.44034568296,400.006400102402,500.010000200004,30036.0432519023,383803.102916091,3074995.19207475,14608.5313823273,0,
46.60364,25926.8602271954,4000.64010241639,945559.988210338,5401.16665199683,100.0004000016,900.032401166442,30938.239664225,391124.887771228,3279039.36106543,15509.6159618964,0,
46.72984,25526.0365572884,4200.70571856072,938776.187788439,6301.58800017604,500.010000200004,700.019600548815,31238.986254846,412702.285110189,3221213.07835552,15809.9919148902,0,
46.85616,31038.4877247787,4100.67251029169,966579.972911664,5701.29989637637,200.0016000128,1200.05760276493,31138.7365883159,395767.642947697,3017994.99911784,15809.9919148902,0,
46.98241,23221.549598027,4000.64010241639,937269.158304491,5801.34591225164,700.019600548815,400.006400102402,32442.0448901777,397418.80953155,2850298.7792591,14808.7667899396,0,
47.10869,24624.2302425587,3800.57768780855,924036.351720734,4900.9605882753,400.006400102402,600.014400345608,31238.986254846,406504.06504065,3215430.45008453,15109.1259120509,100.0004000016,
47.23495,25826.6531060054,2600.27042812453,917156.328140226,4900.9605882753,300.003600043201,500.010000200004,29735.3255667733,395045.325076896,3250952.30946348,14007.84439286,0,
47.36123,26427.9078707115,4200.70571856072,956550.810467343,5301.12383825371,100.0004000016,400.006400102402,34948.7885087582,420040.753409336,3469866.09400813,15109.1259120509,0,
47.48747,23021.1794851263,4400.77453631839,957197.619413492,5501.21026625858,400.006400102402,800.025600819226,28532.5270808722,387205.660737569,3074995.19207475,15309.3693340324,0,
47.61365,23321.7358578195,4100.67251029169,918768.506000713,5501.21026625858,300.003600043201,500.010000200004,30236.5257230735,397005.997756936,3178256.41119959,14107.9568876847,0,
47.73995,23121.3641404658,3500.49006860961,931565.561221314,4900.9605882753,300.003600043201,300.003600043201,29534.8511243267,394632.590455681,3198082.56527156,17211.841747122,100.0004000016,
47.86622,26027.0681508769,4600.84655576626,932641.519611301,4900.9605882753,400.006400102402,800.025600819226,31740.2466327303,389680.82124446,3010560.19134085,15609.7404780583,0,
47.99248,24423.8376655616,3800.57768780855,933825.176972423,5801.34591225164,400.006400102402,1000.04000160006,31940.756405173,413425.607787487,3354213.52858832,16310.634533716,0,
48.11877,23021.1794851263,4000.64010241639,898577.028583741,4500.81014582625,200.0016000128,600.014400345608,32742.827618525,391950.142398056,3150169.35959763,16510.8971921468,0,
48.24509,24123.2548176442,3900.60849492521,898851.233279153,5001.00020004001,200.0016000128,900.032401166442,30637.5003003677,391640.665626625,3318691.66920937,17111.7044058136,0,
48.37144,27329.8441898553,3900.60849492521,959246.060424818,5701.29989637637,600.014400345608,300.003600043201,35349.9140786791,415285.769473192,3298039.4253844,18012.9693379233,0,
48.49778,26528.1198069954,4100.67251029169,986121.332318835,4900.9605882753,700.019600548815,400.006400102402,35049.0686961746,410635.875752155,3213778.27057853,16811.2971917128,0,
48.62408,25225.4272306485,4100.67251029169,947929.770371201,5401.16665199683,200.0016000128,1100.04840212969,29835.5639922788,392981.786122024,3168343.33416361,16410.7654621432,0,
48.75031,22019.3770518056,4400.77453631839,924574.00739991,5701.29989637637,700.019600548815,400.006400102402,33946.0308177889,390712.280573464,2988255.76800989,15009.0054032419,0,
48.87659,26828.7604311822,4100.67251029169,922961.107262991,4400.77453631839,200.0016000128,900.032401166442,30938.239664225,386586.9460139,3123734.48750167,15709.8657957197,0,
49.00286,25626.2412710616,4000.64010241639,959461.704602093,4300.73972723308,700.019600548815,500.010000200004,33544.9502333126,408982.990210427,3391387.56747326,15209.2472223112,0,
49.12907,24624.2302425587,4500.81014582625,950084.493475111,4500.81014582625,200.0016000128,300.003600043201,32943.3534531443,380813.729192809,2949429.54961895,17011.567866149,0,
49.25538,25325.6295370915,3900.60849492521,913073.041697244,4400.77453631839,500.010000200004,200.0016000128,30637.5003003677,395870.834569266,3217082.62959053,14908.8856958747,0,
49.38158,23522.1107841371,4700.88376614804,952809.286302414,5701.29989637637,300.003600043201,800.025600819226,34647.952766629,398347.685092999,3252604.48896947,15109.1259120509,100.0004000016,
49.50789,24223.4482979524,2800.31363512713,977713.003082381,5601.25468104855,200.0016000128,300.003600043201,31138.7365883159,406297.509776343,3137778.01330265,12706.4548790786,200.0016000128,
49.63414,24023.0621396541,5001.00020004001,990659.996423685,5001.00020004001,200.0016000128,700.019600548815,33845.7594667991,409912.711867852,3141082.37231465,19415.0660912868,0,
49.76037,25225.4272306485,3900.60849492521,922746.069074786,4600.84655576626,400.006400102402,300.003600043201,33444.6820952793,382256.787215465,3100603.97441771,15309.3693340324,0,
49.88664,23522.1107841371,2800.31363512713,956119.622411137,4500.81014582625,600.014400345608,300.003600043201,30938.239664225,384524.781388473,3005603.65282286,15509.6159618964,0,
50.01293,24023.0621396541,4300.73972723308,970895.975134425,4500.81014582625,300.003600043201,1000.04000160006,33344.4147604609,405574.59279945,3143560.64157364,14208.0701838644,0,
50.13914,25726.4467872973,3600.51847466035,919950.89724502,4200.70571856072,400.006400102402,300.003600043201,35049.0686961746,373703.911204216,3093995.25639372,13807.6218072376,0,
50.26543,22820.8125810739,3200.40965243551,971759.347755624,5701.29989637637,400.006400102402,500.010000200004,31840.5011174214,388443.180664162,3031212.43516582,15309.3693340324,0,
50.39164,21919.201220269,5001.00020004001,963451.768214919,4600.84655576626,100.0004000016,800.025600819226,31038.4877247787,387721.279378671,2950255.63937195,13807.6218072376,0,
50.51786,24223.4482979524,3000.36004320518,956874.210911024,4800.92177698118,300.003600043201,400.006400102402,34748.2305439951,366392.168481548,3165038.97515161,14308.184281409,0,
50.64402,24924.8251258253,2800.31363512713,943944.475807791,5001.00020004001,500.010000200004,800.025600819226,33244.1482288479,364024.479327306,3040299.4224488,12005.7627661277,0,
50.77026,25025.025025025,5201.0818250196,966644.684513507,5101.04061228491,600.014400345608,400.006400102402,33143.8825004306,364024.479327306,2787515.9580312,14308.184281409,0,
50.89646,23922.8702639724,4000.64010241639,944159.865837561,4600.84655576626,700.019600548815,800.025600819226,32041.0124959949,379370.835245246,3030386.34541282,17311.9798900839,0,
51.02277,28632.7558727184,3900.60849492521,1017492.08027541,5201.0818250196,300.003600043201,500.010000200004,33845.7594667991,403509.342394596,3115473.58997169,12205.9565067753,0,
51.14903,32943.3534531443,4500.81014582625,1019008.4468109,4000.64010241639,100.0004000016,800.025600819226,34246.8496903764,391124.887771228,2835429.16370512,13707.5117164206,100.0004000016,
51.27532,25926.8602271954,3300.43565750679,992821.822325547,4200.70571856072,400.006400102402,300.003600043201,38358.7656289435,383184.554027601,3064256.02528577,12506.2531265633,0,
51.40147,26628.3325458288,3500.49006860961,976185.033561231,5301.12383825371,500.010000200004,600.014400345608,34547.6757925938,380092.26171139,2838733.52271712,12005.7627661277,100.0004000016,
51.5277,24423.8376655616,3200.40965243551,982124.298482644,4200.70571856072,600.014400345608,600.014400345608,35049.0686961746,386071.373447388,2984125.31924489,17612.3991289868,0,
51.65399,26227.4864057532,4500.81014582625,1027460.01141044,4200.70571856072,300.003600043201,300.003600043201,35149.3496869605,399483.069720565,2932081.66480597,12506.2531265633,0,
51.78031,25325.6295370915,4500.81014582625,990443.833611258,4700.88376614804,0,500.010000200004,30236.5257230735,371231.864643463,2996516.66553987,14608.5313823273,0,
51.90657,26327.6967369673,2900.33643902693,941037.060403186,5001.00020004001,500.010000200004,700.019600548815,33244.1482288479,351986.987332119,2746211.47038126,13507.2939387269,0,
52.03286,27430.063349431,3800.57768780855,1009696.41482345,4800.92177698118,100.0004000016,500.010000200004,33946.0308177889,370099.004274354,3021299.35812983,13707.5117164206,100.0004000016,
52.15913,23522.1107841371,3600.51847466035,980504.229626089,3800.57768780855,100.0004000016,400.006400102402,29434.6151073663,378649.44979088,3155125.89811563,15409.4922472243,0,
52.28538,29334.3798932349,5401.16665199683,1120909.37456719,4100.67251029169,400.006400102402,1000.04000160006,36352.7842427204,383493.824703622,2874255.38209606,15309.3693340324,0,
52.41169,26227.4864057532,3500.49006860961,985473.081128726,4800.92177698118,400.006400102402,500.010000200004,36051.9147572504,343968.338287234,3065908.20479176,14107.9568876847,0,
52.53797,27730.7256440136,4500.81014582625,1014243.31850175,3400.46246289495,500.010000200004,200.0016000128,36453.0756781874,380401.457038087,3074995.19207475,16410.7654621432,0,
52.66422,25025.025025025,4000.64010241639,1007748.22835219,4200.70571856072,400.006400102402,800.025600819226,32041.0124959949,376176.439539737,3004777.56306986,15109.1259120509,0,
52.79047,24023.0621396541,4100.67251029169,991416.594583805,4000.64010241639,500.010000200004,600.014400345608,29735.3255667733,348079.832256547,2826342.17642214,14208.0701838644,0,
52.91672,22820.8125810739,3500.49006860961,929951.79103363,4800.92177698118,100.0004000016,600.014400345608,30737.7459520291,359496.218391924,2898211.98493303,15009.0054032419,0,
53.04298,26427.9078707115,3800.57768780855,977588.614750283,4900.9605882753,200.0016000128,500.010000200004,33344.4147604609,368863.271974509,2736298.39334528,13106.8679988314,0,
53.16922,27329.8441898553,3900.60849492521,932056.188985776,3500.49006860961,400.006400102402,500.010000200004,34547.6757925938,347360.224516778,2924646.85702899,12906.6598364756,0,
53.29543,25626.2412710616,4700.88376614804,986445.470042826,5001.00020004001,0,400.006400102402,29133.9118734207,375249.184946996,2967603.52418492,13507.2939387269,0,
53.42156,26127.2768770597,4400.77453631839,1008181.13345734,5001.00020004001,300.003600043201,300.003600043201,33544.9502333126,359496.218391924,2981647.0499859,17111.7044058136,0,
53.54778,27129.408278574,4800.92177698118,998011.67206732,3800.57768780855,400.006400102402,900.032401166442,35149.3496869605,372364.826189152,2916385.959499,15409.4922472243,0,
53.67413,23221.549598027,4600.84655576626,1008842.64905734,3200.40965243551,200.0016000128,500.010000200004,30036.0432519023,369996.021984624,3224517.43736752,15910.1188355794,0,
53.80048,28131.6199408135,3300.43565750679,1006767.33932568,4100.67251029169,100.0004000016,300.003600043201,29434.6151073663,361348.493333009,3112169.23095969,13807.6218072376,0,
53.92669,24624.2302425587,3700.5476810568,990551.914568016,4300.73972723308,400.006400102402,500.010000200004,34447.3996218797,383700.009341202,2908951.15172201,14808.7667899396,0,
54.05296,23321.7358578195,3600.51847466035,1044705.21560849,5001.00020004001,300.003600043201,200.0016000128,32141.2693898966,388855.714117422,3112995.32071269,14508.4148806308,0,
54.17925,25225.4272306485,3300.43565750679,957736.651493504,4000.64010241639,200.0016000128,600.014400345608,27931.1711870447,373394.879039952,2874255.38209606,14608.5313823273,100.0004000016,
54.30554,23722.4889194957,2700.2916314962,1007856.45327741,3700.5476810568,1000.04000160006,200.0016000128,30637.5003003677,371746.834620865,3112995.32071269,14208.0701838644,0,
54.4317,27329.8441898553,4300.73972723308,1009696.41482345,4900.9605882753,100.0004000016,300.003600043201,28332.0719053969,364436.21960326,3037821.15318981,14007.84439286,0,
54.55792,27530.2833116428,2500.2500250025,978236.472612704,5501.21026625858,200.0016000128,600.014400345608,28732.9854673165,370819.903712664,2979168.7807269,15609.7404780583,0,
54.68423,25025.025025025,3800.57768780855,946529.392228495,4500.81014582625,200.0016000128,500.010000200004,27129.408278574,361039.762052581,2998994.93479887,15509.6159618964,0,
54.81055,27630.5040765005,4200.70571856072,971219.733140523,4200.70571856072,100.0004000016,400.006400102402,31339.2367243789,393394.467084066,2929603.39554698,16410.7654621432,0,
54.93674,24023.0621396541,3800.57768780855,929980.879254112,3400.46246289495,200.0016000128,300.003600043201,28131.6199408135,391124.887771228,3183212.94971758,15709.8657957197,0,
55.06306,23922.8702639724,3900.60849492521,971759.347755624,3700.5476810568,100.0004000016,400.006400102402,26928.9755777216,361039.762052581,2920516.40826399,16611.0297237366,0,
55.18933,26327.6967369673,4800.92177698118,986337.423236359,4900.9605882753,500.010000200004,400.006400102402,30737.7459520291,362686.415745156,2912255.510734,14608.5313823273,0,
55.31559,27329.8441898553,5101.04061228491,929521.486238684,3000.36004320518,500.010000200004,400.006400102402,32141.2693898966,356101.083618336,3062603.84577977,13607.4024269202,0,
55.4419,27430.063349431,4400.77453631839,953209.47769685,3600.51847466035,400.006400102402,500.010000200004,32341.7855869784,384627.881662957,3330256.92575135,17011.567866149,0,
55.56813,25025.025025025,4500.81014582625,991200.41918608,4800.92177698118,100.0004000016,700.019600548815,29334.3798932349,377206.801903494,2980820.9602329,16310.634533716,0,
55.69445,24123.2548176442,4400.77453631839,966364.210456343,3200.40965243551,100.0004000016,300.003600043201,33444.6820952793,360010.712068525,3046908.14047279,14908.8856958747,100.0004000016,
55.82067,24423.8376655616,5501.21026625858,1006767.33932568,4500.81014582625,200.0016000128,200.0016000128,30437.0114058695,353529.616979157,3051038.58923779,15009.0054032419,0,
55.94688,26027.0681508769,3600.51847466035,937592.078451879,2900.33643902693,400.006400102402,500.010000200004,32642.5659059413,348799.480856587,3298865.5151374,14208.0701838644,0,
56.0732,25826.6531060054,5101.04061228491,955796.240770119,3600.51847466035,100.0004000016,500.010000200004,32241.5270868879,346126.70630125,2861864.03580108,12706.4548790786,100.0004000016,
56.19938,28332.0719053969,4100.67251029169,940498.721652223,4200.70571856072,300.003600043201,300.003600043201,30036.0432519023,380504.523821126,3034516.79417781,17612.3991289868,0,
56.32565,26628.3325458288,3700.5476810568,968306.201647014,2700.2916314962,500.010000200004,400.006400102402,31740.2466327303,368142.4837238,3063429.93553277,16010.246557797,100.0004000016,
56.45194,29534.8511243267,4600.84655576626,1029595.74637398,4600.84655576626,300.003600043201,500.010000200004,31940.756405173,377825.059485622,3178256.41119959,16611.0297237366,0,
56.5782,24223.4482979524,4200.70571856072,940821.72222153,3900.60849492521,500.010000200004,600.014400345608,32241.5270868879,375455.235666928,2889951.08740304,13807.6218072376,0,
56.70448,27229.6258329062,4900.9605882753,951377.499117653,3400.46246289495,100.0004000016,400.006400102402,31940.756405173,377309.842741886,3126212.75676067,16510.8971921468,0,
56.83077,25926.8602271954,4800.92177698118,937484.437509337,3700.5476810568,300.003600043201,200.0016000128,31439.4879969241,352089.823468328,2913907.69024,14107.9568876847,100.0004000016,
56.95707,27129.408278574,4300.73972723308,973594.205187238,3200.40965243551,400.006400102402,600.014400345608,30437.0114058695,415182.420013338,3118777.94898368,16510.8971921468,0,
57.08335,26327.6967369673,4600.84655576626,978884.362789924,3600.51847466035,300.003600043201,0,30837.992406645,364642.094754186,2925472.94678198,15409.4922472243,100.0004000016,
57.20963,27530.2833116428,3900.60849492521,846276.720077002,3800.57768780855,300.003600043201,500.010000200004,33043.6175751993,388236.91896481,2832124.80469313,13006.7635170289,0,
57.33583,26728.5460872212,4400.77453631839,958599.149388623,3100.38444767151,500.010000200004,500.010000200004,32742.827618525,422108.692734158,3351735.25932932,12806.5569571621,100.0004000016,
57.46207,30236.5257230735,4900.9605882753,990164.861472364,2600.27042812453,200.0016000128,500.010000200004,35550.4816839913,346229.494900339,3097299.61540572,13507.2939387269,100.0004000016,
57.58836,28332.0719053969,3600.51847466035,917478.747667427,3300.43565750679,600.014400345608,500.010000200004,31840.5011174214,370510.941793959,2898211.98493303,13206.9732818928,0,
57.71461,22420.0883992057,4000.64010241639,896775.92354749,3000.36004320518,300.003600043201,700.019600548815,32041.0124959949,378134.199573647,3141082.37231465,13106.8679988314,0,
57.84082,26828.7604311822,3800.57768780855,911031.880933626,3500.49006860961,300.003600043201,400.006400102402,30537.255451651,371437.850125842,3090690.89738173,12606.3536022155,0,
57.96712,29434.6151073663,4200.70571856072,1153422.56036326,3400.46246289495,500.010000200004,500.010000200004,30737.7459520291,362377.651890207,3076647.37158075,12205.9565067753,0,
58.09336,25626.2412710616,3600.51847466035,954884.596034078,3600.51847466035,600.014400345608,300.003600043201,33645.2191745706,393291.295586037,2925472.94678198,15109.1259120509,0,
58.21965,25826.6531060054,4200.70571856072,960000.830720027,4100.67251029169,400.006400102402,1000.04000160006,31539.7400724913,379576.952907687,3108864.8719477,14308.184281409,100.0004000016,
58.3459,26427.9078707115,4000.64010241639,939099.145462318,4000.64010241639,200.0016000128,100.0004000016,38358.7656289435,357335.572893211,3126212.75676067,15109.1259120509,100.0004000016,
58.4721,25726.4467872973,5101.04061228491,944806.05738576,3800.57768780855,400.006400102402,600.014400345608,30938.239664225,360319.418295137,2982473.1397389,13206.9732818928,100.0004000016,
58.59842,24524.0335528818,4800.92177698118,950084.493475111,3100.38444767151,300.003600043201,200.0016000128,36753.9548056547,378134.199573647,3070864.74330976,15509.6159618964,0,
58.7246,27730.7256440136,4400.77453631839,915329.435667786,3900.60849492521,300.003600043201,100.0004000016,32642.5659059413,409752.474965076,3048560.31997879,12906.6598364756,0,
58.85079,27029.191526849,3600.51847466035,930382.110110775,4000.64010241639,300.003600043201,200.0016000128,32141.2693898966,375455.235666928,2815603.00963316,14508.4148806308,100.0004000016,
58.97708,28332.0719053969,3500.49006860961,925219.223653755,2600.27042812453,100.0004000016,100.0004000016,36854.249455198,365465.628779454,2757776.72692325,16611.0297237366,0,
59.10332,30336.7681630136,4900.9605882753,1084937.33921835,3700.5476810568,300.003600043201,700.019600548815,36051.9147572504,365156.797253258,3954780.77901838,13307.0793662228,100.0004000016,
59.22961,27430.063349431,5001.00020004001,926079.56195296,2700.2916314962,200.0016000128,400.006400102402,37355.7347562563,358981.74559058,2857733.58703609,14408.2991803279,0,
59.35587,28432.2990917683,5301.12383825371,963451.768214919,3700.5476810568,700.019600548815,600.014400345608,41268.0096799526,364642.094754186,2850298.7792591,14508.4148806308,0,
59.48215,29334.3798932349,3900.60849492521,929951.79103363,3100.38444767151,600.014400345608,400.006400102402,36453.0756781874,377825.059485622,2823863.90716314,12806.5569571621,100.0004000016,
59.60837,29635.0879441258,4000.64010241639,891710.50996313,3900.60849492521,300.003600043201,300.003600043201,32141.2693898966,369996.021984624,2924646.85702899,12406.1534521122,0,
59.73472,26728.5460872212,4500.81014582625,929091.195725226,4200.70571856072,500.010000200004,200.0016000128,32442.0448901777,349827.621172176,2854429.22802409,11405.2007715518,0,
59.86096,27430.063349431,4400.77453631839,875417.111723841,3200.40965243551,500.010000200004,300.003600043201,34447.3996218797,335133.141191684,4984088.61125477,14408.2991803279,0,
59.9872,33645.2191745706,5101.04061228491,981863.622545709,2700.2916314962,0,100.0004000016,35951.6265357053,350547.369018792,2904820.70295702,13307.0793662228,0,
60.11352,28632.7558727184,4400.77453631839,897718.514589739,3900.60849492521,100.0004000016,500.010000200004,36753.9548056547,349107.914194284,2806516.02235017,12506.2531265633,0,
60.23975,30236.5257230735,3900.60849492521,927692.85017942,2600.27042812453,500.010000200004,400.006400102402,33043.6175751993,344584.977352079,2770994.16297123,14007.84439286,0,
60.36604,29935.8032206519,4600.84655576626,902226.348159077,3200.40965243551,400.006400102402,600.014400345608,34948.7885087582,346332.284333128,3075821.28182775,13607.4024269202,100.0004000016,
60.49235,31339.2367243789,5301.12383825371,953101.707091218,2700.2916314962,100.0004000016,200.0016000128,30837.992406645,358158.632525794,2770168.07321823,13006.7635170289,0,
60.61858,30837.992406645,5001.00020004001,964746.106326674,3400.46246289495,100.0004000016,300.003600043201,33344.4147604609,346126.70630125,2694167.81594235,12205.9565067753,0,
60.74487,35149.3496869605,4900.9605882753,944508.047375759,3100.38444767151,100.0004000016,500.010000200004,36352.7842427204,374218.981539748,2927125.12628798,15609.7404780583,0,
60.87113,30036.0432519023,5801.34591225164,953640.569069905,2800.31363512713,500.010000200004,500.010000200004,33244.1482288479,390985.837202545,2727211.40606229,13607.4024269202,100.0004000016,
60.99748,714070.466119807,6201.53798141939,899435.599499416,3200.40965243551,200.0016000128,100.0004000016,31238.986254846,351884.152030179,2728863.58556829,13307.0793662228,0,
61.12372,33946.0308177889,5801.34591225164,914040.019570283,3600.51847466035,400.006400102402,300.003600043201,30637.5003003677,354146.721404579,2659472.0463164,12906.6598364756,100.0004000016,
61.24998,33444.6820952793,5101.04061228491,943298.327176124,3500.49006860961,500.010000200004,300.003600043201,36753.9548056547,343351.729227575,2972560.06270291,13206.9732818928,0,
61.37632,34547.6757925938,5801.34591225164,956335.21464851,2900.33643902693,200.0016000128,300.003600043201,32742.827618525,360833.945374793,2922994.67752299,12706.4548790786,0,
61.50256,36152.2037822616,4900.9605882753,954826.144192556,3300.43565750679,200.0016000128,300.003600043201,32041.0124959949,354352.429555467,2767689.80395923,14007.84439286,0,
61.62879,36152.2037822616,5301.12383825371,911891.277850101,2900.33643902693,200.0016000128,400.006400102402,34447.3996218797,364539.156760969,2627254.54594945,14608.5313823273,100.0004000016,
61.75507,33946.0308177889,6601.74286011507,943298.327176124,3600.51847466035,300.003600043201,600.014400345608,34246.8496903764,324662.169006665,2805689.93259717,13507.2939387269,100.0004000016,
61.88131,41167.6796653699,5301.12383825371,941252.402159972,4200.70571856072,500.010000200004,800.025600819226,32742.827618525,331128.511907657,2435601.72325375,11405.2007715518,100.0004000016,
62.00763,37656.6355799122,6201.53798141939,910817.040611578,3100.38444767151,600.014400345608,0,32742.827618525,315430.261052717,2775950.70148922,11305.1099096792,0,
62.13395,38659.6905622281,6101.48876325823,931673.153042511,4100.67251029169,200.0016000128,400.006400102402,31539.7400724913,322712.65001175,2663602.49508139,13807.6218072376,0,
62.26026,41268.0096799526,6501.69043951427,985365.042408116,3000.36004320518,500.010000200004,200.0016000128,33244.1482288479,365053.855082345,2662776.40532839,11305.1099096792,0,
62.38645,46787.3988610725,6301.58800017604,997774.330488465,3600.51847466035,400.006400102402,200.0016000128,32141.2693898966,407193.387997458,2663602.49508139,11004.8421305374,0,
62.51277,41167.6796653699,7202.07419736884,951425.746481305,3400.46246289495,200.0016000128,300.003600043201,33344.4147604609,346537.865699848,2652037.23853941,13607.4024269202,0,
62.639,44077.5765347011,6301.58800017604,925219.223653755,4000.64010241639,600.014400345608,700.019600548815,33645.2191745706,329383.300438908,2604124.03286549,11805.5722300926,0,
62.76528,43074.0874303803,6401.6388195378,970032.659913073,4800.92177698118,400.006400102402,800.025600819226,31339.2367243789,333592.749323086,3449213.85018317,15409.4922472243,0,
62.89151,43676.1712426472,7902.49718911176,965609.070098836,3600.51847466035,200.0016000128,600.014400345608,48694.6624237518,316968.44493053,2582645.69928752,12506.2531265633,0,
63.01779,44579.3512452165,5101.04061228491,937269.158304491,3600.51847466035,400.006400102402,400.006400102402,36753.9548056547,437902.431608872,2585123.96854651,13307.0793662228,100.0004000016,
63.14407,45382.2326054811,7402.19104855037,1013377.1190497,3200.40965243551,400.006400102402,1000.04000160006,38057.8479288519,356924.06311237,2647906.78977442,13206.9732818928,0,
63.27032,50702.6221071449,6401.6388195378,974133.918478622,2700.2916314962,400.006400102402,500.010000200004,35249.6314811254,334619.656422022,2724733.1368033,18513.7001381022,0,
63.39653,49297.0165285281,7902.49718911176,985689.161265108,3700.5476810568,800.025600819226,200.0016000128,33544.9502333126,329177.997252291,2656167.6873044,12706.4548790786,100.0004000016,
63.52281,50100.2004008016,8402.82334864514,949869.005061262,3000.36004320518,0,700.019600548815,36653.6609596449,321276.35438443,2426514.73597076,12005.7627661277,0,
63.64906,48895.4439065055,8402.82334864514,981584.253081416,3800.57768780855,500.010000200004,500.010000200004,31740.2466327303,332052.54475667,2499210.63423465,13206.9732818928,0,
63.77526,57029.7998244003,6601.74286011507,1002879.03876717,4400.77453631839,400.006400102402,500.010000200004,33344.4147604609,304668.205190494,2451297.42856072,14908.8856958747,100.0004000016,
63.90144,53112.5987092636,7102.01697282028,989687.292082502,3600.51847466035,300.003600043201,300.003600043201,36352.7842427204,324764.78358469,2732994.03433328,13707.5117164206,100.0004000016,
64.02765,47590.4218014227,8202.69048247825,1051732.38351173,4300.73972723308,700.019600548815,200.0016000128,35349.9140786791,326509.358651738,2570254.35299254,13206.9732818928,100.0004000016,
64.15392,60144.3464314354,6701.7960813498,981171.852635154,3800.57768780855,200.0016000128,400.006400102402,36954.5449082846,319019.647559247,2766863.71420623,14608.5313823273,0,
64.28015,53815.5958999932,8002.56081946223,974254.153529608,4600.84655576626,400.006400102402,400.006400102402,34146.5759295679,345612.775810958,2728863.58556829,14408.2991803279,0,
64.40641,54920.3854849831,8602.95941803981,1064146.99344852,4500.81014582625,0,400.006400102402,30837.992406645,318506.815742035,2666906.85409339,14408.2991803279,100.0004000016,
64.53273,62053.6448245857,9603.68781612139,1017143.88798399,5201.0818250196,600.014400345608,200.0016000128,38659.6905622281,307024.825179073,2738776.66260428,15209.2472223112,0,
64.65896,54518.6325444167,8803.09869073914,968028.224334616,3700.5476810568,100.0004000016,700.019600548815,32141.2693898966,295860.383040036,2800733.39407918,12105.8592358702,0,
64.78522,55924.8242076314,8703.02865397158,1266872.82569421,3900.60849492521,500.010000200004,300.003600043201,34848.5091247016,336160.173177722,2553732.55793256,15209.2472223112,200.0016000128,
64.91142,55723.9300203653,11305.1099096792,1029085.9417948,5301.12383825371,200.0016000128,200.0016000128,30637.5003003677,315020.110251976,2829646.53543413,12406.1534521122,0,
65.03763,53213.0244639615,9703.76506084361,1013268.84817408,7402.19104855037,100.0004000016,200.0016000128,33544.9502333126,324867.398994299,2288557.74721998,14408.2991803279,0,
65.16389,55121.2667869313,9303.46088745013,951425.746481305,3000.36004320518,500.010000200004,400.006400102402,31138.7365883159,330409.866295965,2588428.32755851,15409.4922472243,0,
65.2902,55121.2667869313,8402.82334864514,1019219.19771566,3400.46246289495,300.003600043201,800.025600819226,33946.0308177889,297293.796698804,2409992.94091079,14007.84439286,0,
65.41642,61249.6942527537,7802.43435952017,1024061.58708954,3800.57768780855,700.019600548815,600.014400345608,43876.872280235,306614.946694146,2670211.21310538,15109.1259120509,100.0004000016,
65.54262,60345.3115101164,8002.56081946223,1069718.40118615,2200.1936170383,300.003600043201,400.006400102402,34848.5091247016,316558.244286559,2641298.07175043,16611.0297237366,0,
65.66885,64465.8060531688,9903.92195309342,1077327.87020225,5301.12383825371,300.003600043201,800.025600819226,31940.756405173,310714.329104082,2403384.2228868,14808.7667899396,0,
65.79516,70095.9883835203,9203.38684635946,997082.56057791,4700.88376614804,500.010000200004,1200.05760276493,34748.2305439951,352599.532688277,2357123.19671887,16310.634533716,100.0004000016,
65.92148,62254.6405270692,10904.7544729502,1021283.32805969,4800.92177698118,200.0016000128,100.0004000016,37556.3345017526,297191.404621493,2513254.16003563,13707.5117164206,0,
66.04768,61249.6942527537,8102.62525058119,949350.436749641,2700.2916314962,800.025600819226,400.006400102402,32141.2693898966,299751.455241704,2447993.06954873,12406.1534521122,0,
66.174,55623.4841347792,8703.02865397158,1134744.77277828,3400.46246289495,300.003600043201,400.006400102402,32041.0124959949,315020.110251976,2502514.99324664,12306.0545788528,0,
66.30027,52309.2216548153,9503.61137232148,988089.5517407,4100.67251029169,800.025600819226,100.0004000016,42973.74294289,347481.358753042,2331514.41437591,12306.0545788528,0,
66.42652,53815.5958999932,9003.24116682005,951916.289498817,4200.70571856072,400.006400102402,200.0016000128,31238.986254846,303746.16901283,2346384.02992989,12205.9565067753,0,
66.55284,51405.4840532773,10104.0820491479,1082862.02948668,2700.2916314962,400.006400102402,400.006400102402,31840.5011174214,287979.510667481,2713167.88026132,12406.1534521122,0,
66.67908,58235.3389276679,8602.95941803981,996605.883135898,3300.43565750679,300.003600043201,300.003600043201,27129.408278574,295348.488957063,2627254.54594945,11505.2924345199,0,
66.80535,45884.059597182,10904.7544729502,1045506.45431673,3400.46246289495,400.006400102402,100.0004000016,31539.7400724913,282353.321898968,2328210.05536392,12105.8592358702,0,
66.93159,51706.7226756024,10504.4118529783,970248.483337488,3900.60849492521,400.006400102402,200.0016000128,30036.0432519023,297396.189604996,2517384.60880062,11805.5722300926,0,
67.05782,56326.6222468108,8703.02865397158,1029411.15224915,2700.2916314962,100.0004000016,100.0004000016,30737.7459520291,285626.436223582,2433949.54374775,13006.7635170289,0,
67.18414,50702.6221071449,7702.37233067785,997362.827514777,3800.57768780855,200.0016000128,100.0004000016,33344.4147604609,281023.861241561,2471123.58263269,10904.7544729502,0,
67.31031,55523.0390545449,8903.16952835209,1007207.11723633,3600.51847466035,400.006400102402,0,29835.5639922788,275809.63473422,2330688.32462291,10604.4963064339,100.0004000016,
67.43659,53715.1653144341,9003.24116682005,941252.402159972,3100.38444767151,100.0004000016,200.0016000128,32241.5270868879,277956.408669732,2303427.36277395,9603.68781612139,0,
67.5628,49598.2044448007,7702.37233067785,879481.675783624,2900.33643902693,300.003600043201,400.006400102402,29334.3798932349,425106.996770783,2312514.35005694,12306.0545788528,0,
67.68904,49497.8076679519,9803.84310649775,935762.303925637,3800.57768780855,600.014400345608,100.0004000016,27329.8441898553,271721.550106748,2227427.10549807,10904.7544729502,200.0016000128,
67.81531,48594.2728894055,7001.96054895371,937161.520042164,3400.46246289495,100.0004000016,200.0016000128,27329.8441898553,266409.016671787,2174557.36130616,12606.3536022155,0,
67.94147,44077.5765347011,6601.74286011507,809612.914817607,3300.43565750679,300.003600043201,500.010000200004,28632.7558727184,268349.875679719,2267905.50339501,11305.1099096792,100.0004000016,
68.06771,47891.5686793148,7602.31110257518,919843.402674098,4300.73972723308,500.010000200004,200.0016000128,25325.6295370915,274787.489586788,2329036.14511692,11605.3848985929,0,
68.194,53514.3065588096,9703.76506084361,906460.702295254,3100.38444767151,300.003600043201,300.003600043201,30136.2840860396,279899.042195185,2422384.28720577,11305.1099096792,100.0004000016,
68.32022,46586.6511711784,8102.62525058119,952993.937380616,3600.51847466035,0,300.003600043201,29534.8511243267,302107.159484242,2227427.10549807,13006.7635170289,0,
68.44648,42873.3992595323,7001.96054895371,955904.033755134,4000.64010241639,500.010000200004,500.010000200004,29635.0879441258,266511.159712649,2424036.46671177,14608.5313823273,0,
68.57278,48192.7227986646,9703.76506084361,903729.308101029,3900.60849492521,400.006400102402,0,30537.255451651,279490.041903283,2533080.3141076,15910.1188355794,0,
68.69901,42973.74294289,7702.37233067785,938282.118180767,4900.9605882753,600.014400345608,500.010000200004,32041.0124959949,288184.1465339,2317470.88857493,15409.4922472243,100.0004000016,
68.82528,47490.0411179596,8402.82334864514,942432.737644095,5401.16665199683,400.006400102402,200.0016000128,27931.1711870447,280614.824552533,2198513.96414312,21318.1630749398,0,
68.95144,45984.4274087224,5201.0818250196,921993.463510128,5201.0818250196,100.0004000016,500.010000200004,26227.4864057532,253239.485561208,2103513.64254827,16811.2971917128,0,
69.07775,40365.0684904065,5501.21026625858,916145.481043019,4700.88376614804,300.003600043201,200.0016000128,26728.5460872212,253953.759000509,2168774.73303516,19314.911111378,0,
69.20406,39662.8259162513,6501.69043951427,902548.396321424,5201.0818250196,700.019600548815,700.019600548815,26227.4864057532,277036.318045782,2144818.1301982,21017.6548300572,100.0004000016,
69.33034,55523.0390545449,6401.6388195378,972946.578843477,4900.9605882753,1000.04000160006,300.003600043201,25626.2412710616,271006.271252916,2258818.51611202,22219.7311212357,100.0004000016,
69.45663,40565.7164606663,5901.39272868397,938776.187788439,5201.0818250196,400.006400102402,300.003600043201,26427.9078707115,248444.695806738,2116731.07859625,21819.0261908384,0,
69.58283,37857.2401471024,6901.90492575951,917908.652849311,5201.0818250196,600.014400345608,500.010000200004,25526.0365572884,252219.165020222,2163818.19451717,23522.1107841371,0,
69.70904,40866.6944453348,5401.16665199683,944375.259443753,5101.04061228491,200.0016000128,0,26528.1198069954,269065.004164342,2328210.05536392,22820.8125810739,0,
69.83539,41167.6796653699,6801.85010322808,911461.57226603,5101.04061228491,0,700.019600548815,28532.5270808722,240185.606228874,2005208.96194142,25125.2257266295,0,
69.96159,40465.3920735909,7302.132222609,910387.370655346,5801.34591225164,100.0004000016,200.0016000128,28532.5270808722,260179.85248055,2154786.62854859,36051.9147572504,0,
70.0878,34046.302972042,6101.48876325823,863531.592821111,6301.58800017604,300.003600043201,500.010000200004,33444.6820952793,252729.314984364,2225774.92599208,26227.4864057532,0,
70.21402,38760.0004807442,8102.62525058119,908776.235226816,6101.48876325823,700.019600548815,200.0016000128,28432.2990917683,256913.322314584,2081209.2192173,30938.239664225,0,
70.34021,39863.462632511,6501.69043951427,898791.665976032,7502.25067520256,300.003600043201,300.003600043201,24824.6260290208,249362.706085298,2110948.45032526,32341.7855869784,100.0004000016,
70.46654,37857.2401471024,5901.39272868397,930059.369463932,6201.53798141939,400.006400102402,200.0016000128,27931.1711870447,257117.455699016,2105991.91180726,35751.0525029742,100.0004000016,
70.59269,35249.6314811254,5701.29989637637,879702.859603647,6901.90492575951,500.010000200004,700.019600548815,25926.8602271954,248444.695806738,2044035.18033236,39863.462632511,100.0004000016,
70.71885,36854.249455198,5001.00020004001,925111.685381141,7702.37233067785,400.006400102402,400.006400102402,31238.986254846,253851.717463948,2178687.81007115,38960.6227289663,100.0004000016,
70.84521,38258.4589252378,5901.39272868397,883346.86169596,7402.19104855037,200.0016000128,0,28332.0719053969,244977.259324485,2137383.32242121,36854.249455198,0,
70.97143,34347.1242544771,5201.0818250196,904158.757263526,9003.24116682005,300.003600043201,300.003600043201,28532.5270808722,238045.242729424,2073505.6507821,34246.8496903764,0,
71.09769,38559.381447429,6801.85010322808,882382.173043395,10004.0016006403,300.003600043201,100.0004000016,28532.5270808722,243243.898203085,2545471.66040258,46084.7960246854,0,
71.22399,32442.0448901777,5401.16665199683,883882.830909912,15409.4922472243,300.003600043201,200.0016000128,26628.3325458288,235905.242204124,1995295.88490544,44378.6389482162,0,
71.35027,35650.7666917691,6301.58800017604,878952.751243225,9903.92195309342,100.0004000016,400.006400102402,26227.4864057532,252729.314984364,1918469.53787656,43174.4327220127,0,
71.47655,32642.5659059413,3900.60849492521,886563.009965291,11205.0198488923,300.003600043201,400.006400102402,30136.2840860396,238249.071232434,1896991.20429859,46084.7960246854,0,
71.60276,36753.9548056547,4200.70571856072,923176.14901886,11605.3848985929,300.003600043201,400.006400102402,30837.992406645,241714.659580139,2098557.10403027,47991.9525811455,0,
71.72897,35650.7666917691,5701.29989637637,938560.887140284,11205.0198488923,500.010000200004,500.010000200004,28031.3951625821,245385.143595751,2102503.83771454,43575.8219301585,0,
71.85533,32943.3534531443,4000.64010241639,874131.664141351,11805.5722300926,200.0016000128,400.006400102402,28131.6199408135,235905.242204124,2047027.20714561,43475.4734218603,0,
71.98164,33645.2191745706,5001.00020004001,872203.732220622,19715.5358422437,500.010000200004,0,29534.8511243267,228672.689255411,2034509.01006116,45081.1460629132,100.0004000016,
72.1079,32642.5659059413,4500.81014582625,867278.100141546,12706.4548790786,500.010000200004,300.003600043201,25526.0365572884,232441.248783796,2083687.4884763,46988.1497689666,0,
72.23411,33845.7594667991,4800.92177698118,936085.186553074,12406.1534521122,400.006400102402,400.006400102402,26327.6967369673,254463.979052937,2100623.5311462,44077.5765347011,0,
72.36034,37155.1382251261,4700.88376614804,914684.711579925,14007.84439286,300.003600043201,400.006400102402,28632.7558727184,220019.449679,1915408.10218381,46486.2785329572,100.0004000016,
72.48664,32742.827618525,5001.00020004001,854116.595860859,14107.9568876847,200.0016000128,300.003600043201,26628.3325458288,293740.532433067,1927932.23639709,50200.6020064209,100.0004000016,
72.61278,31639.9929510902,6101.48876325823,864066.741706946,14608.5313823273,300.003600043201,600.014400345608,33544.9502333126,218391.268384207,1999426.33367043,45683.3263873305,0,
72.73897,38057.8479288519,4200.70571856072,857325.483738845,17111.7044058136,500.010000200004,200.0016000128,27229.6258329062,220630.071868707,1797860.43393874,44980.7854907414,100.0004000016,
72.86515,36152.2037822616,6001.44034568296,876702.687036807,17011.567866149,300.003600043201,300.003600043201,26528.1198069954,234376.892578267,1932109.53827591,50301.0044168691,100.0004000016,
72.9914,39662.8259162513,5201.0818250196,877131.24052897,13707.5117164206,500.010000200004,400.006400102402,25626.2412710616,223072.856341484,1841643.19084768,53012.1737596755,0,
73.11765,33946.0308177889,6701.7960813498,908561.432308183,15609.7404780583,0,600.014400345608,29735.3255667733,226228.820058283,2770168.07321823,55924.8242076314,0,
73.24387,34347.1242544771,5801.34591225164,851119.109450884,16711.163056922,100.0004000016,800.025600819226,29334.3798932349,207813.212120723,1865427.84805774,48995.8358549322,0,
73.37008,36252.4936107484,6301.58800017604,967336.454424061,15910.1188355794,100.0004000016,300.003600043201,26027.0681508769,208321.569449934,1856192.6083164,50100.2004008016,100.0004000016,
73.49644,37756.9374616922,6301.58800017604,894821.450027138,17311.9798900839,500.010000200004,200.0016000128,29735.3255667733,223581.829335227,1810251.78023372,45582.960989,0,
73.62268,35650.7666917691,5601.25468104855,899542.924866462,16210.5044068556,200.0016000128,500.010000200004,26327.6967369673,225414.302204499,1835090.85288359,50100.2004008016,0,
73.74893,37255.4360889003,5901.39272868397,915007.069613929,16811.2971917128,500.010000200004,200.0016000128,32843.0901342561,229996.649456445,1672294.79148294,46988.1497689666,0,
73.87527,35450.1974796312,6501.69043951427,912428.429872677,17311.9798900839,200.0016000128,600.014400345608,28732.9854673165,215135.536396535,1762338.5745598,45482.5963950534,0,
74.00158,39361.8768704403,5001.00020004001,910172.541020985,18914.2992102029,700.019600548815,400.006400102402,28432.2990917683,214728.629004603,1673120.88123594,47289.282164727,100.0004000016,
74.12798,36553.3679171591,5001.00020004001,896430.850314486,24824.6260290208,200.0016000128,700.019600548815,30637.5003003677,225516.114059694,1832325.86893804,47991.9525811455,0,
74.25422,34547.6757925938,5001.00020004001,922961.107262991,15910.1188355794,200.0016000128,500.010000200004,29735.3255667733,217373.761826948,1793675.83510529,44077.5765347011,0,
74.38058,37556.3345017526,5801.34591225164,867599.279846036,19014.4509827469,600.014400345608,600.014400345608,34447.3996218797,210253.51430934,1796777.52672175,44679.7086001427,0,
74.50689,36954.5449082846,5801.34591225164,938668.537017593,16911.4321281186,100.0004000016,400.006400102402,32943.3534531443,208728.270076231,1830137.3273749,45281.8696202735,100.0004000016,
74.63317,42371.6929043942,4800.92177698118,911676.423276563,18413.5523745477,600.014400345608,700.019600548815,32542.3049964954,213202.843242458,1593816.26494806,48594.2728894055,0,
74.75937,38760.0004807442,6201.53798141939,890745.197784581,16210.5044068556,300.003600043201,600.014400345608,29735.3255667733,223480.033093206,1763500.58023269,43575.8219301585,0,
74.8856,35751.0525029742,8402.82334864514,930166.948786883,16611.0297237366,800.025600819226,100.0004000016,28933.4470648069,202019.387409474,1710294.92012088,42271.354045629,0,
75.01189,36753.9548056547,6101.48876325823,930382.110110775,19415.0660912868,200.0016000128,600.014400345608,31439.4879969241,215542.456921767,1790425.62616176,46185.1654450807,0,
75.13813,41669.3377780627,6201.53798141939,954884.596034078,18513.7001381022,500.010000200004,200.0016000128,33043.6175751993,210660.277276926,1746549.69508933,45582.960989,0,
75.26438,42070.6787402837,6501.69043951427,997774.330488465,22720.6303323418,200.0016000128,400.006400102402,32843.0901342561,245589.090674077,1775998.42342921,51706.7226756024,200.0016000128,
75.39066,41669.3377780627,7402.19104855037,928597.339433002,20516.8237955123,500.010000200004,600.014400345608,36854.249455198,274120.865681331,1675599.15049493,47490.0411179596,0,
75.5169,48895.4439065055,7202.07419736884,949438.038969828,19715.5358422437,400.006400102402,0,33244.1482288479,226025.185663545,2247253.25957004,57431.6333035317,0,
75.64313,44177.9298682877,6301.58800017604,964853.973661252,19114.6035571176,400.006400102402,300.003600043201,32041.0124959949,204560.210669796,1608685.88050204,53313.4510237786,0,
75.76929,44278.2840061228,7202.07419736884,952993.937380616,18113.1138944596,0,300.003600043201,31539.7400724913,192876.663737575,1699474.98152396,45281.8696202735,0,
75.89546,44077.5765347011,7402.19104855037,963667.482272008,18413.5523745477,500.010000200004,600.014400345608,30737.7459520291,203950.366364623,1729163.01368105,53715.1653144341,0,
76.02169,46787.3988610725,6101.48876325823,974241.863828479,21518.505915087,400.006400102402,600.014400345608,33043.6175751993,202832.395115893,1773704.36689828,48795.0527627819,300.003600043201,
76.14792,45081.1460629132,7502.25067520256,983247.162366818,20717.1538033492,400.006400102402,300.003600043201,31940.756405173,201816.143678578,1709287.56714715,54317.7609056434,0,
76.27418,45281.8696202735,8402.82334864514,936192.81588208,18713.9980705568,400.006400102402,200.0016000128,33344.4147604609,196025.075084155,1550859.59779213,47590.4218014227,0,
76.40042,47490.0411179596,6301.58800017604,963343.912530533,20817.3200102485,100.0004000016,900.032401166442,33946.0308177889,210456.894152384,1556642.22606312,63259.6674005189,0,
76.52662,46486.2785329572,8803.09869073914,968198.305626997,20216.3347985172,300.003600043201,200.0016000128,36252.4936107484,206796.558969788,1675544.28780565,50401.4076321559,0,
76.65284,47690.8032894631,7302.132222609,933609.958506224,17011.567866149,300.003600043201,500.010000200004,33544.9502333126,200799.974194381,1593816.26494806,52409.640968907,0,
76.77913,43274.7788177972,8703.02865397158,960108.658630802,20216.3347985172,200.0016000128,200.0016000128,36352.7842427204,193079.763305977,1628038.25916537,50301.0044168691,100.0004000016,
76.90538,48895.4439065055,9303.46088745013,943513.706477161,17712.5404786589,300.003600043201,300.003600043201,33845.7594667991,195110.939112487,1676910.6003372,51204.6623298021,200.0016000128,
77.03158,48092.3372875922,7902.49718911176,956119.622411137,20516.8237955123,300.003600043201,300.003600043201,33745.4889190629,201104.816435153,1567368.47027218,49397.4116958642,0,
77.1578,77740.997090982,7802.43435952017,959893.003704996,18713.9980705568,200.0016000128,100.0004000016,32041.0124959949,196736.115590531,1640182.77296597,63862.7222162069,0,
77.28411,46586.6511711784,9303.46088745013,958814.782818172,18213.259252736,600.014400345608,400.006400102402,37255.4360889003,186074.720031593,1488902.86631723,59943.3845759056,100.0004000016,
77.41044,48995.8358549322,8002.56081946223,987201.822846285,18012.9693379233,400.006400102402,900.032401166442,36854.249455198,197345.610823973,1619985.85946351,53715.1653144341,100.0004000016,
77.53663,50401.4076321559,8903.16952835209,930489.692111738,19915.8530190031,300.003600043201,500.010000200004,31138.7365883159,185364.281108962,1575841.07221825,50903.435781508,100.0004000016,
77.66295,49799.0004128207,8002.56081946223,974133.918478622,20216.3347985172,300.003600043201,200.0016000128,33946.0308177889,198767.881045688,1583077.09815908,56025.2725093309,0,
77.78921,52108.3854417188,8102.62525058119,1016842.26300738,17712.5404786589,500.010000200004,200.0016000128,34547.6757925938,194399.99032535,1607033.70099604,62455.6394535182,0,
77.91547,52309.2216548153,7202.07419736884,989038.862969154,18213.259252736,400.006400102402,100.0004000016,31840.5011174214,188409.301575787,1618398.63713799,62355.1395872932,0,
78.04178,42973.74294289,9903.92195309342,968629.895086735,16611.0297237366,200.0016000128,100.0004000016,33946.0308177889,188206.277304016,1569514.35178887,57230.7149529525,0,
78.16802,52108.3854417188,7802.43435952017,960108.658630802,19314.911111378,800.025600819226,300.003600043201,34647.952766629,190744.315960453,1623614.50710105,63862.7222162069,0,
78.29426,46787.3988610725,8402.82334864514,954718.36016013,18213.259252736,100.0004000016,100.0004000016,31940.756405173,173292.948658566,1553372.27827934,53715.1653144341,100.0004000016,
78.42052,46887.7739127647,8102.62525058119,925972.016542844,17512.2585810067,400.006400102402,0,26728.5460872212,217170.270368413,1521146.90169353,51305.072789072,0,
78.54668,43676.1712426472,8102.62525058119,921240.901644444,19014.4509827469,500.010000200004,500.010000200004,31639.9929510902,183030.26395845,1567707.27062504,53614.7355340429,0,
78.67291,47891.5686793148,9603.68781612139,998119.815974909,18113.1138944596,400.006400102402,400.006400102402,31639.9929510902,185262.793106088,1647512.09889298,53916.0272907297,0,
78.7991,49397.4116958642,8703.02865397158,1049657.07378006,14107.9568876847,500.010000200004,200.0016000128,34547.6757925938,186074.720031593,1462467.99422127,57029.7998244003,200.0016000128,
78.9253,58335.8057557995,8102.62525058119,959246.060424818,16911.4321281186,400.006400102402,300.003600043201,30336.7681630136,202527.511079031,1592689.35058525,58134.8729051399,0,
79.05157,51606.3089965329,6801.85010322808,936515.709228835,17111.7044058136,100.0004000016,400.006400102402,34647.952766629,182218.53330701,1552356.99962614,51405.4840532773,0,
79.1778,53614.7355340429,8502.8909829342,958599.149388623,17712.5404786589,400.006400102402,600.014400345608,33143.8825004306,187800.238578844,1756555.94628881,54920.3854849831,200.0016000128,
79.30408,56427.0737701303,9103.31360615264,984284.704610651,16611.0297237366,600.014400345608,500.010000200004,35049.0686961746,197142.442469884,1550859.59779213,49397.4116958642,0,
79.43029,56427.0737701303,8002.56081946223,946744.825181212,16811.2971917128,300.003600043201,400.006400102402,31138.7365883159,184146.479054849,1591337.99568907,52811.3262757894,100.0004000016,
79.5565,48795.0527627819,7302.132222609,921563.422807658,16911.4321281186,200.0016000128,300.003600043201,33244.1482288479,174002.706708771,1596763.28029584,51907.5524486736,0,
79.68271,50602.2164772841,8502.8909829342,981692.260365656,17812.6826300326,0,400.006400102402,36854.249455198,181406.8549833,1590652.85370886,52409.640968907,0,
79.80907,47088.5264296878,8903.16952835209,967766.730512749,17311.9798900839,300.003600043201,700.019600548815,35851.3391176164,184958.334004932,1681352.08285307,57130.2569859279,0,
79.93539,48995.8358549322,7802.43435952017,966472.091235796,17111.7044058136,400.006400102402,400.006400102402,31439.4879969241,176537.883640084,1528801.78952685,50702.6221071449,0,
80.0617,47690.8032894631,7602.31110257518,894928.737156115,17612.3991289868,100.0004000016,400.006400102402,32041.0124959949,175118.121654227,1570530.94297752,52208.8031457558,100.0004000016,
80.18795,50401.4076321559,7102.01697282028,933717.56729281,13507.2939387269,100.0004000016,200.0016000128,31940.756405173,180798.130577547,1731773.25369885,56326.6222468108,0,
80.31421,53614.7355340429,8803.09869073914,962696.797241723,16811.2971917128,400.006400102402,300.003600043201,34246.8496903764,189932.087943091,1673153.57761674,53916.0272907297,100.0004000016,
80.44044,46988.1497689666,6801.85010322808,955257.289274457,15309.3693340324,300.003600043201,100.0004000016,31539.7400724913,182117.070654977,1645520.78137457,48895.4439065055,100.0004000016,
80.56672,43375.1257177431,6901.90492575951,918661.021236714,16010.246557797,400.006400102402,300.003600043201,29635.0879441258,172583.230629194,1582849.17104043,47590.4218014227,0,
80.69301,47490.0411179596,8102.62525058119,939099.145462318,15609.7404780583,300.003600043201,800.025600819226,31439.4879969241,192876.663737575,1597668.76752786,54116.8924877736,100.0004000016,
80.81924,44980.7854907414,6101.48876325823,974254.153529608,15509.6159618964,200.0016000128,200.0016000128,33043.6175751993,199682.282405783,1662002.59367961,51606.3089965329,0,
80.94552,46185.1654450807,6401.6388195378,928768.487211931,15809.9919148902,0,400.006400102402,33645.2191745706,181203.943577987,1578440.41964168,48092.3372875922,0,
81.07176,41368.3404985035,8002.56081946223,950042.206660196,13607.4024269202,100.0004000016,300.003600043201,27029.191526849,182319.996776663,1587372.48696155,51305.072789072,200.0016000128,
81.198,47991.9525811455,9303.46088745013,925541.843824536,17311.9798900839,100.0004000016,600.014400345608,33043.6175751993,184450.918527294,1560772.67482811,49598.2044448007,100.0004000016,
81.32431,48192.7227986646,6701.7960813498,1017835.65789455,16611.0297237366,0,600.014400345608,42171.0159909287,192368.929142935,1553936.35552534,47188.9038949381,0,
81.45052,48594.2728894055,7602.31110257518,1133361.23295717,18313.4054127621,500.010000200004,300.003600043201,33344.4147604609,187191.205035826,2042383.00082636,42672.714305176,0,
81.5767,50401.4076321559,6401.6388195378,907152.472205809,17912.8255831175,500.010000200004,200.0016000128,29835.5639922788,190642.784593806,1661555.62469396,49297.0165285281,0,
81.70299,44880.4257228954,8803.09869073914,967119.394737607,15910.1188355794,400.006400102402,600.014400345608,36753.9548056547,191353.521348161,1691294.85580191,60646.7651717156,200.0016000128,
81.82918,46385.9066992069,8102.62525058119,953856.120126904,16410.7654621432,700.019600548815,0,31138.7365883159,184552.399987106,1677821.55311874,49799.0004128207,0,
81.9555,44278.2840061228,7402.19104855037,922746.069074786,16711.163056922,300.003600043201,400.006400102402,31639.9929510902,190642.784593806,1565729.21334611,44378.6389482162,100.0004000016,
82.08165,42070.6787402837,7302.132222609,951425.746481305,16210.5044068556,600.014400345608,500.010000200004,33946.0308177889,206796.558969788,1550033.50803913,46787.3988610725,100.0004000016,
82.20781,41268.0096799526,7402.19104855037,931364.419075221,18313.4054127621,200.0016000128,100.0004000016,27530.2833116428,199072.674125592,1488076.77656423,48192.7227986646,200.0016000128,
82.33416,43575.8219301585,7602.31110257518,903299.873177444,17111.7044058136,300.003600043201,300.003600043201,31238.986254846,183639.096290148,1541870.33128501,40264.7457111035,200.0016000128,
82.46039,44278.2840061228,6801.85010322808,899972.235229764,16510.8971921468,600.014400345608,300.003600043201,29735.3255667733,185465.769929763,1635754.9851479,43977.2240053534,100.0004000016,
82.58666,43174.4327220127,6201.53798141939,958706.965655592,15309.3693340324,300.003600043201,500.010000200004,32642.5659059413,203543.819889427,1622707.25245142,41970.3422936842,0,
82.71296,45884.059597182,7602.31110257518,791626.897143186,16510.8971921468,200.0016000128,500.010000200004,34347.1242544771,189627.515939996,1594839.32461874,50602.2164772841,0,
82.83924,40967.0220480706,5001.00020004001,917529.020864128,16410.7654621432,700.019600548815,600.014400345608,33845.7594667991,217272.015687161,1469076.71224526,48293.1091143725,100.0004000016,
82.96553,37957.5436361524,6601.74286011507,887313.559567744,16811.2971917128,300.003600043201,200.0016000128,30437.0114058695,192470.474424604,1989513.25663444,41167.6796653699,200.0016000128,
83.09174,42773.0563802976,5501.21026625858,917801.175216776,17712.5404786589,500.010000200004,200.0016000128,29935.8032206519,189830.5631237,1554990.04655712,43074.0874303803,0,
83.21797,36252.4936107484,6101.48876325823,897718.514589739,16510.8971921468,400.006400102402,100.0004000016,28732.9854673165,191455.058444176,1613524.78038519,45884.059597182,0,
83.34421,31940.756405173,4900.9605882753,877131.24052897,17311.9798900839,600.014400345608,300.003600043201,32041.0124959949,189221.431392621,1812730.04949272,39361.8768704403,0,
83.4705,43475.4734218603,4000.64010241639,896323.550738149,19314.911111378,400.006400102402,300.003600043201,34447.3996218797,215338.995017449,1659728.02811855,45482.5963950534,0,
83.59677,37656.6355799122,4900.9605882753,890745.197784581,18012.9693379233,200.0016000128,300.003600043201,28031.3951625821,181711.228222856,1614318.0772965,42672.714305176,100.0004000016,
83.72301,33043.6175751993,6601.74286011507,873255.746588632,17612.3991289868,400.006400102402,300.003600043201,30737.7459520291,189830.5631237,1653702.30586509,36252.4936107484,0,
83.84932,36352.7842427204,5401.16665199683,995007.250846246,16310.634533716,500.010000200004,100.0004000016,32041.0124959949,197447.196229656,1664050.03455661,39060.9350586916,0,
83.97561,42371.6929043942,5901.39272868397,917586.222625845,19214.7569333248,100.0004000016,200.0016000128,31238.986254846,186683.699581297,1627357.58624069,39060.9350586916,0,
84.10185,26728.5460872212,4200.70571856072,828290.702402582,17812.6826300326,100.0004000016,100.0004000016,32642.5659059413,179682.212266735,1573016.27118932,41167.6796653699,0,
84.22808,30437.0114058695,4900.9605882753,939665.658001876,17011.567866149,100.0004000016,100.0004000016,29033.6790677186,189729.039122672,1601064.89382983,36152.2037822616,0,
84.35427,29534.8511243267,6201.53798141939,891174.216533068,18914.2992102029,300.003600043201,200.0016000128,29234.1454819229,186379.206125327,1597668.76752786,43575.8219301585,0,
84.4805,28231.8455217485,4900.9605882753,879274.220930329,19415.0660912868,100.0004000016,100.0004000016,30336.7681630136,195517.21357736,1502120.30236521,40766.3676465285,0,
84.60673,30136.2840860396,5001.00020004001,871454.058506741,19615.3784567101,200.0016000128,100.0004000016,31840.5011174214,202934.024767427,1623274.27936121,34046.302972042,0,
84.73303,27329.8441898553,5201.0818250196,862996.466080163,18713.9980705568,700.019600548815,500.010000200004,29133.9118734207,186582.200944598,1593934.03002349,42773.0563802976,200.0016000128,
84.85928,28231.8455217485,3700.5476810568,880345.844237586,17311.9798900839,100.0004000016,500.010000200004,29835.5639922788,185668.750025186,1642681.14891767,37456.0342272039,0,
84.98557,25325.6295370915,3900.60849492521,999849.640220129,21618.6785382571,200.0016000128,100.0004000016,30938.239664225,188003.256305061,1595971.02954068,40164.423735672,0,
85.11189,26928.9755777216,4600.84655576626,867492.219058341,17612.3991289868,500.010000200004,100.0004000016,34347.1242544771,187597.224125285,1630420.88847606,41368.3404985035,0,
85.2382,28332.0719053969,4700.88376614804,874639.286409742,21117.8234429859,300.003600043201,100.0004000016,30938.239664225,198666.284990868,1637599.02185699,38760.0004807442,100.0004000016,
85.36448,27630.5040765005,4000.64010241639,900079.565044424,17512.2585810067,400.006400102402,500.010000200004,31840.5011174214,185465.769929763,1588164.22551868,38659.6905622281,100.0004000016,
85.49071,21718.8519635043,3800.57768780855,878524.137417033,17712.5404786589,100.0004000016,300.003600043201,34046.302972042,178464.959633885,1510381.19989519,37756.9374616922,0,
85.61687,24223.4482979524,4200.70571856072,909098.446283184,23622.2994506814,600.014400345608,400.006400102402,36453.0756781874,203035.655238602,1577294.46988809,33444.6820952793,0,
85.74319,28332.0719053969,4200.70571856072,902977.806328616,23121.3641404658,500.010000200004,0,34748.2305439951,185567.259568501,1642908.29724107,36252.4936107484,0,
85.86955,24323.6425805883,4600.84655576626,897396.586515951,20616.9883984403,300.003600043201,300.003600043201,32642.5659059413,185973.226303022,1646202.38323634,35450.1974796312,0,
85.99586,22620.4488857928,3300.43565750679,844201.410345338,16811.2971917128,200.0016000128,700.019600548815,30236.5257230735,185465.769929763,1641659.02939108,41067.3504547458,0,
86.12209,24524.0335528818,3700.5476810568,920488.383473926,17011.567866149,200.0016000128,400.006400102402,33043.6175751993,191962.756202261,1531859.53347316,36854.249455198,0,
86.24833,22820.8125810739,2800.31363512713,831749.551955355,18613.8487034354,400.006400102402,100.0004000016,33544.9502333126,173191.557918479,1521120.36668418,31038.4877247787,100.0004000016,
86.37456,21518.505915087,3700.5476810568,903407.230573481,18413.5523745477,500.010000200004,100.0004000016,33143.8825004306,183639.096290148,1478163.69952824,27830.9480141918,0,
86.50084,19615.3784567101,3400.46246289495,874024.549274492,16811.2971917128,400.006400102402,300.003600043201,29735.3255667733,192775.115181368,1503939.54557405,30437.0114058695,0,
86.62699,22920.9956319989,3400.46246289495,914469.810679249,17311.9798900839,400.006400102402,200.0016000128,31539.7400724913,182218.53330701,1583979.85572342,30637.5003003677,0,
86.7532,22319.9093591484,2600.27042812453,910602.203852181,17812.6826300326,400.006400102402,100.0004000016,32542.3049964954,207304.875294421,1497163.76384721,34748.2305439951,100.0004000016,
86.87952,22420.0883992057,4400.77453631839,890745.197784581,18213.259252736,400.006400102402,300.003600043201,31539.7400724913,185668.750025186,1471554.98150425,26928.9755777216,0,
87.00575,26027.0681508769,3900.60849492521,894177.745922185,19014.4509827469,300.003600043201,300.003600043201,32341.7855869784,175827.982630693,1498815.94335321,25526.0365572884,0,
87.13205,22319.9093591484,3200.40965243551,937915.006640106,14708.648685427,700.019600548815,300.003600043201,28432.2990917683,182015.608820555,1507902.9306362,30036.0432519023,100.0004000016,
87.2583,24624.2302425587,3800.57768780855,936838.610615429,18213.259252736,500.010000200004,200.0016000128,32341.7855869784,187901.747032865,1520584.21664559,26327.6967369673,0,
87.3845,25526.0365572884,3800.57768780855,947067.981318111,13707.5117164206,300.003600043201,100.0004000016,25826.6531060054,182421.461063947,1521946.45643717,27730.7256440136,0,
87.51081,21819.0261908384,1600.10240655402,924466.474479955,13707.5117164206,300.003600043201,100.0004000016,29434.6151073663,182928.794765174,1501242.37824269,28332.0719053969,100.0004000016,
87.637,25325.6295370915,4300.73972723308,858728.578466985,15009.0054032419,300.003600043201,200.0016000128,31539.7400724913,196126.649842373,1583753.71109202,23822.6791905894,0,
87.76328,22520.2682414173,3900.60849492521,981260.236616533,15109.1259120509,400.006400102402,0,33444.6820952793,178262.095637111,1572112.46168301,21518.505915087,0,
87.88956,20116.1734034163,2100.17641481884,937592.078451879,15809.9919148902,700.019600548815,300.003600043201,30136.2840860396,174306.900982402,1538038.5629546,21418.3340939844,0,
88.01583,20316.4969955604,3200.40965243551,938776.187788439,14608.5313823273,900.032401166442,0,27730.7256440136,180087.98929947,1412076.51928835,22019.3770518056,0,
88.14201,20316.4969955604,2400.23042212052,892461.358090669,11805.5722300926,200.0016000128,100.0004000016,25025.025025025,173901.310251215,1415333.57283236,22720.6303323418,0,
88.26824,23121.3641404658,3300.43565750679,945452.281124165,15609.7404780583,600.014400345608,100.0004000016,29935.8032206519,170352.948757189,1519796.4976896,21919.201220269,0,
88.3944,23321.7358578195,3900.60849492521,994119.090496966,14608.5313823273,200.0016000128,500.010000200004,30236.5257230735,171569.417147276,1470264.36382425,22119.5536854579,0,
88.52069,20717.1538033492,4300.73972723308,894177.745922185,12506.2531265633,100.0004000016,200.0016000128,28131.6199408135,176436.466759047,1417566.62510303,22420.0883992057,0,
88.64698,22119.5536854579,3400.46246289495,865886.413581039,10604.4963064339,500.010000200004,100.0004000016,29334.3798932349,157080.812593836,1363337.22386142,19415.0660912868,0,
88.77325,19214.7569333248,3100.38444767151,918123.610788574,12406.1534521122,200.0016000128,200.0016000128,27931.1711870447,171569.417147276,1473179.49239267,16410.7654621432,0,
88.89954,23121.3641404658,2600.27042812453,955580.657486005,11004.8421305374,0,500.010000200004,28532.5270808722,167413.635503368,1431978.88824982,18012.9693379233,0,
89.02581,25225.4272306485,3400.46246289495,941467.747491979,11905.6670975384,800.025600819226,200.0016000128,29434.6151073663,165488.250736846,1437904.76432194,17412.118834709,0,
89.15209,26127.2768770597,4100.67251029169,979096.54290349,8903.16952835209,300.003600043201,400.006400102402,28231.8455217485,174611.102607687,1458050.23219585,18814.1482394761,0,
89.27824,25526.0365572884,3600.51847466035,976724.854530341,14007.84439286,400.006400102402,300.003600043201,31539.7400724913,172279.0780099,1430250.49385432,18914.2992102029,0,
89.40444,28432.2990917683,3600.51847466035,1028212.20655287,12406.1534521122,400.006400102402,0,29334.3798932349,162144.861487425,1345989.33904845,15509.6159618964,0,
89.53076,25526.0365572884,5001.00020004001,933287.137504512,10204.1632986258,200.0016000128,400.006400102402,24223.4482979524,162651.378510693,1345629.36547079,17011.567866149,0,
89.65699,23822.6791905894,3900.60849492521,951916.289498817,12706.4548790786,400.006400102402,500.010000200004,26528.1198069954,172076.313680319,1403393.15286086,17011.567866149,0,
89.78328,26427.9078707115,4200.70571856072,947283.423214723,10904.7544729502,300.003600043201,300.003600043201,32642.5659059413,177044.98030148,1389772.09595738,17011.567866149,0,
89.90951,28933.4470648069,5101.04061228491,988822.72712152,11305.1099096792,100.0004000016,500.010000200004,29635.0879441258,160118.99729881,1461522.82888497,17111.7044058136,0,
90.03577,24423.8376655616,3900.60849492521,878098.135962515,10704.5815609081,300.003600043201,400.006400102402,29735.3255667733,162853.991029946,1417033.05780634,16911.4321281186,0,
90.16206,28031.3951625821,4200.70571856072,945775.405065446,10804.6676164103,400.006400102402,100.0004000016,29133.9118734207,155258.253943338,1408301.92505958,18113.1138944596,0,
90.28824,43977.2240053534,4300.73972723308,1002229.95124062,8803.09869073914,400.006400102402,0,29033.6790677186,152524.911060672,1395476.02657285,15809.9919148902,0,
90.4145,29434.6151073663,3600.51847466035,989038.862969154,11104.9305891816,500.010000200004,100.0004000016,29133.9118734207,177754.949946623,1376093.5528387,12706.4548790786,100.0004000016,
90.54071,26728.5460872212,3200.40965243551,936838.610615429,9603.68781612139,200.0016000128,400.006400102402,41368.3404985035,160726.722302066,1341409.96084613,17111.7044058136,0,
90.66694,28131.6199408135,4000.64010241639,941740.96773354,12205.9565067753,300.003600043201,400.006400102402,31539.7400724913,160828.012656903,1391352.08174985,14007.84439286,0,
90.79317,29835.5639922788,4300.73972723308,980936.228233172,9203.38684635946,100.0004000016,200.0016000128,30036.0432519023,190338.195404476,1349183.59689543,16410.7654621432,100.0004000016,
90.91937,27329.8441898553,4600.84655576626,997579.105433702,9303.46088745013,200.0016000128,500.010000200004,29735.3255667733,159815.145806161,1396380.81398137,14608.5313823273,0,
91.04563,30537.255451651,4800.92177698118,952239.574466318,9103.31360615264,300.003600043201,200.0016000128,32943.3534531443,164373.688936131,1369527.79559186,16711.163056922,100.0004000016,
91.17191,31539.7400724913,4900.9605882753,925004.148000664,9403.53572943427,400.006400102402,300.003600043201,33244.1482288479,149893.364452135,1643381.65012798,14408.2991803279,100.0004000016,
91.29819,32341.7855869784,3500.49006860961,984630.702187927,10504.4118529783,500.010000200004,600.014400345608,29935.8032206519,167413.635503368,1400827.92996388,15509.6159618964,0,
91.42451,31238.986254846,5101.04061228491,958491.334017253,10704.5815609081,600.014400345608,200.0016000128,22820.8125810739,156270.753923372,1377429.36124417,19615.3784567101,0,
91.55075,35249.6314811254,4600.84655576626,1030979.28619509,8402.82334864514,800.025600819226,100.0004000016,29133.9118734207,161435.771912591,1432984.98183525,15809.9919148902,0,
91.67701,30637.5003003677,5401.16665199683,992240.171204028,10204.1632986258,200.0016000128,500.010000200004,32642.5659059413,162246.163260705,1395587.50242839,12906.6598364756,0,
91.80334,39963.7821963854,3900.60849492521,989038.862969154,9003.24116682005,600.014400345608,200.0016000128,32141.2693898966,166096.235152003,1357554.59559043,15509.6159618964,100.0004000016,
91.92969,27931.1711870447,5101.04061228491,986553.517747777,9203.38684635946,700.019600548815,100.0004000016,32442.0448901777,161233.182231741,1452115.32275813,13407.186251831,0,
92.05598,35550.4816839913,4900.9605882753,962696.797241723,8402.82334864514,400.006400102402,0,30136.2840860396,182624.392091447,1426614.34901735,14007.84439286,0,
92.1823,31138.7365883159,3900.60849492521,960432.147737704,10104.0820491479,100.0004000016,200.0016000128,35149.3496869605,178566.39285815,1350849.97301673,14408.2991803279,0,
92.30855,31539.7400724913,4500.81014582625,972622.777782395,7802.43435952017,200.0016000128,200.0016000128,28131.6199408135,159004.911037759,1349183.59689543,15910.1188355794,0,
92.43476,31840.5011174214,6101.48876325823,945344.574932231,8302.75651516303,300.003600043201,200.0016000128,29635.0879441258,162144.861487425,1368081.54276481,16510.8971921468,0,
92.56099,29534.8511243267,4600.84655576626,882940.525336397,9703.76506084361,600.014400345608,800.025600819226,25225.4272306485,161030.595813205,1362409.31331196,12706.4548790786,0,
92.68728,25325.6295370915,4500.81014582625,940714.054471349,9303.46088745013,300.003600043201,300.003600043201,30236.5257230735,160118.99729881,1398709.20871453,12806.5569571621,0,
92.81348,32341.7855869784,6601.74286011507,945775.405065446,9603.68781612139,200.0016000128,500.010000200004,33143.8825004306,162853.991029946,1423374.32831782,15609.7404780583,100.0004000016,
92.93972,29935.8032206519,5501.21026625858,939422.111178438,10304.2453490838,300.003600043201,100.0004000016,29534.8511243267,160726.722302066,1380769.47428403,15809.9919148902,0,
93.06595,27630.5040765005,4000.64010241639,932856.722003925,10104.0820491479,0,200.0016000128,28933.4470648069,151411.497213224,1352294.33615408,14308.184281409,0,
93.19219,30437.0114058695,6101.48876325823,917156.328140226,9703.76506084361,100.0004000016,200.0016000128,31940.756405173,154954.519842228,1365815.49312042,16510.8971921468,0,
93.31846,29334.3798932349,4100.67251029169,924574.00739991,11705.4781637807,400.006400102402,600.014400345608,32542.3049964954,159410.02189875,1744990.68974683,15609.7404780583,0,
93.44462,30938.239664225,4800.92177698118,955904.033755134,11905.6670975384,200.0016000128,400.006400102402,30437.0114058695,164778.972713327,1452003.36892715,15809.9919148902,0,
93.57077,29735.3255667733,3800.57768780855,933071.927968299,9603.68781612139,600.014400345608,500.010000200004,25225.4272306485,164069.734670049,1296423.95386853,14208.0701838644,0,
93.69701,27430.063349431,4300.73972723308,938668.537017593,9603.68781612139,300.003600043201,300.003600043201,30737.7459520291,164576.329192922,1315424.0181875,13907.7326993809,0,
93.82324,28532.5270808722,4000.64010241639,934686.086559608,10804.6676164103,200.0016000128,600.014400345608,37756.9374616922,160017.71265247,1360032.86484943,16210.5044068556,0,
93.94947,25125.2257266295,3400.46246289495,877406.36605196,9203.38684635946,200.0016000128,100.0004000016,30236.5257230735,163360.536603631,1497989.85360021,15709.8657957197,0,
94.07576,25726.4467872973,4300.73972723308,885015.835068061,11405.2007715518,300.003600043201,100.0004000016,31339.2367243789,163157.91592687,1425293.95533633,16010.246557797,0,
94.20199,24023.0621396541,4200.70571856072,885919.716373155,8803.09869073914,300.003600043201,300.003600043201,28231.8455217485,147970.659359672,1356628.37575696,17211.841747122,0,
94.32828,25626.2412710616,3600.51847466035,887956.922439681,10904.7544729502,800.025600819226,200.0016000128,30837.992406645,149387.360923888,1397206.90373437,14508.4148806308,0,
94.45459,19314.911111378,3100.38444767151,872310.832012121,10104.0820491479,400.006400102402,100.0004000016,30537.255451651,155663.24415483,1356183.79326631,15009.0054032419,0,
94.58091,22019.3770518056,3600.51847466035,898791.665976032,10404.3282005314,600.014400345608,200.0016000128,27730.7256440136,158498.540807085,1397259.75325953,15109.1259120509,0,
94.70723,23522.1107841371,3500.49006860961,901367.592208869,9903.92195309342,200.0016000128,300.003600043201,28332.0719053969,174813.907775594,1393581.08108108,15910.1188355794,100.0004000016,
94.83351,21718.8519635043,4500.81014582625,878631.289542549,10804.6676164103,500.010000200004,200.0016000128,30637.5003003677,159410.02189875,1404062.42342822,16811.2971917128,0,
94.9598,21518.505915087,1900.14441097523,904385.392563591,9403.53572943427,500.010000200004,400.006400102402,33845.7594667991,156675.776737521,1424379.76695811,14508.4148806308,200.0016000128,
95.08606,23121.3641404658,3800.57768780855,874024.549274492,10204.1632986258,100.0004000016,300.003600043201,24624.2302425587,157789.656726992,1353183.25371158,16611.0297237366,0,
95.21237,22119.5536854579,4400.77453631839,855400.055433978,12005.7627661277,300.003600043201,0,30437.0114058695,164272.370031566,1358380.68534343,16711.163056922,100.0004000016,
95.33859,18914.2992102029,3100.38444767151,919950.89724502,11905.6670975384,400.006400102402,300.003600043201,32843.0901342561,168933.884230958,1404843.28197415,15809.9919148902,0,
95.46491,20316.4969955604,2200.1936170383,898040.450667341,11305.1099096792,200.0016000128,400.006400102402,25225.4272306485,157384.598045372,1346406.77165885,15209.2472223112,0,
95.59121,19014.4509827469,3500.49006860961,881310.381097119,10404.3282005314,400.006400102402,300.003600043201,26227.4864057532,149994.567601173,1335083.38740804,17912.8255831175,0,
95.71744,19114.6035571176,3600.51847466035,868134.597077936,9303.46088745013,300.003600043201,0,30236.5257230735,166602.911272625,1404173.97182147,17912.8255831175,0,
95.84372,20216.3347985172,3300.43565750679,889994.44918519,9903.92195309342,500.010000200004,0,26828.7604311822,150601.803599957,1339078.76438114,16911.4321281186,100.0004000016,
95.96999,18113.1138944596,2900.33643902693,892675.894125884,10004.0016006403,100.0004000016,300.003600043201,26828.7604311822,155258.253943338,1345296.2054343,14708.648685427,0,
96.09635,18914.2992102029,2400.23042212052,868027.531859063,10204.1632986258,400.006400102402,0,31238.986254846,162347.465849662,1391686.4076481,16310.634533716,0,
96.22258,17211.841747122,3200.40965243551,877452.664963585,10304.2453490838,200.0016000128,0,29334.3798932349,160220.28276062,1360852.65759572,14007.84439286,0,
96.34888,18814.1482394761,2600.27042812453,889858.224441943,8202.69048247825,500.010000200004,400.006400102402,28833.2158646761,157789.656726992,1411315.02993987,16310.634533716,0,
96.47519,19214.7569333248,2900.33643902693,870383.171419229,11505.2924345199,600.014400345608,300.003600043201,28432.2990917683,171265.289026537,1391797.85149652,14107.9568876847,0,
96.60142,17912.8255831175,3700.5476810568,835900.171418683,9903.92195309342,200.0016000128,200.0016000128,28231.8455217485,162347.465849662,1336969.94214294,18113.1138944596,0,
96.72766,17712.5404786589,2400.23042212052,794043.845747491,8402.82334864514,200.0016000128,100.0004000016,25125.2257266295,160118.99729881,1246858.5686886,17712.5404786589,0,
96.85393,18113.1138944596,1800.12960933187,873274.770038334,11104.9305891816,400.006400102402,100.0004000016,31238.986254846,160625.432762757,1327539.87042638,16811.2971917128,0,
96.98017,17412.118834709,3400.46246289495,836054.731098342,10004.0016006403,200.0016000128,100.0004000016,31038.4877247787,150601.803599957,1304713.8047138,16010.246557797,0,
97.10648,17812.6826300326,2400.23042212052,893104.976861921,8703.02865397158,100.0004000016,200.0016000128,26728.5460872212,165082.944113384,1386115.41497971,16711.163056922,0,
97.23279,17912.8255831175,1700.11560786133,855827.903609474,8202.69048247825,500.010000200004,600.014400345608,26628.3325458288,152221.242962408,1260902.09448958,15509.6159618964,0,
97.35899,15709.8657957197,2500.2500250025,865646.277572531,8703.02865397158,300.003600043201,100.0004000016,27931.1711870447,156270.753923372,1348294.94913725,17011.567866149,0,
97.48523,17612.3991289868,2500.2500250025,853581.858645024,9003.24116682005,400.006400102402,200.0016000128,27931.1711870447,161739.662550877,1378431.30634433,17211.841747122,0,
97.61149,16911.4321281186,3700.5476810568,837975.481150346,9403.53572943427,200.0016000128,300.003600043201,28131.6199408135,149994.567601173,1374535.28068835,13507.2939387269,0,
97.73778,17712.5404786589,3100.38444767151,878789.905873069,9903.92195309342,400.006400102402,100.0004000016,33946.0308177889,161638.364855834,1351961.00753034,15209.2472223112,0,
97.86393,18113.1138944596,2700.2916314962,852405.514628325,10904.7544729502,200.0016000128,300.003600043201,28732.9854673165,160828.012656903,1350183.39727645,15309.3693340324,0,
97.99013,15409.4922472243,2500.2500250025,859786.170600113,8402.82334864514,300.003600043201,200.0016000128,31639.9929510902,153334.728504966,1356628.37575696,13807.6218072376,0,
98.11645,16711.163056922,3000.36004320518,863745.649717982,11705.4781637807,100.0004000016,200.0016000128,29735.3255667733,156270.753923372,1300507.49459262,13407.186251831,0,
98.24268,16110.3750815525,2400.23042212052,891241.764263053,11004.8421305374,100.0004000016,400.006400102402,35650.7666917691,154347.073643879,1333640.91025917,12806.5569571621,0,
98.36896,15809.9919148902,2100.17641481884,849518.578565993,12706.4548790786,400.006400102402,200.0016000128,28332.0719053969,160726.722302066,1363632.52892618,15809.9919148902,0,
98.49519,17512.2585810067,2200.1936170383,866100.509458716,9003.24116682005,100.0004000016,400.006400102402,31940.756405173,160625.432762757,1368971.52572979,14508.4148806308,100.0004000016,
98.62143,16911.4321281186,2400.23042212052,911246.724818414,9103.31360615264,600.014400345608,100.0004000016,28732.9854673165,155966.995371302,1369639.05238065,13707.5117164206,0,
98.74774,18513.7001381022,2500.2500250025,866421.659920704,9903.92195309342,400.006400102402,400.006400102402,27329.8441898553,155966.995371302,1389012.03761173,14908.8856958747,0,
98.87398,16210.5044068556,2900.33643902693,847808.105872622,10404.3282005314,200.0016000128,100.0004000016,33444.6820952793,151310.282660485,1358518.01868292,14308.184281409,0,
99.0002,14908.8856958747,3300.43565750679,899650.251123009,10004.0016006403,400.006400102402,100.0004000016,31539.7400724913,151715.14575922,1389680.57930627,15509.6159618964,0,
99.12649,17512.2585810067,2700.2916314962,891066.960513016,11505.2924345199,100.0004000016,300.003600043201,32642.5659059413,158093.45929823,1312798.12400274,15209.2472223112,0,
99.25276,20717.1538033492,2000.16001280102,905125.069943838,8803.09869073914,400.006400102402,400.006400102402,31940.756405173,163461.848165684,1348183.87238204,14908.8856958747,100.0004000016,
99.37908,15609.7404780583,2000.16001280102,855507.016150384,8803.09869073914,100.0004000016,0,32141.2693898966,155764.493745271,1227858.50436963,14208.0701838644,100.0004000016,
99.50532,15910.1188355794,2000.16001280102,896430.850314486,9503.61137232148,600.014400345608,400.006400102402,35349.9140786791,153638.423490681,1382328.48320606,12906.6598364756,0,
99.63161,17011.567866149,2800.31363512713,903407.230573481,15609.7404780583,500.010000200004,300.003600043201,32341.7855869784,151715.14575922,1322661.07362764,13507.2939387269,0,
99.75789,18213.259252736,2400.23042212052,859251.198834886,11205.0198488923,200.0016000128,500.010000200004,30336.7681630136,153233.498472696,1275297.8567765,15009.0054032419,100.0004000016,
99.88424,17912.8255831175,3200.40965243551,892890.433716272,11405.2007715518,800.025600819226,200.0016000128,34347.1242544771,161334.476664372,1381548.95571277,14408.2991803279,100.0004000016,
100.01046,16110.3750815525,2500.2500250025,873060.555380769,10904.7544729502,500.010000200004,100.0004000016,33344.4147604609,156777.034478872,1313019.68213872,12205.9565067753,100.0004000016,
100.13673,18012.9693379233,3400.46246289495,914577.260684062,9503.61137232148,300.003600043201,400.006400102402,31238.986254846,165285.59579317,1335638.22839108,15109.1259120509,0,
100.26301,17412.118834709,3100.38444767151,903944.030902369,12306.0545788528,100.0004000016,200.0016000128,32943.3534531443,153132.269255226,1281043.16819027,12806.5569571621,100.0004000016,
100.38921,16110.3750815525,3200.40965243551,892032.296685406,9503.61137232148,300.003600043201,300.003600043201,29434.6151073663,151715.14575922,1255319.32769579,14107.9568876847,100.0004000016,
100.5154,19915.8530190031,3000.36004320518,913932.574020557,9703.76506084361,300.003600043201,300.003600043201,32542.3049964954,159410.02189875,1288560.05989586,13907.7326993809,0,
100.64167,20316.4969955604,2700.2916314962,873274.770038334,10604.4963064339,500.010000200004,600.014400345608,31639.9929510902,135126.439740042,1260945.56211029,13507.2939387269,0,
100.76791,16611.0297237366,3300.43565750679,850908.504328476,11205.0198488923,100.0004000016,300.003600043201,30036.0432519023,158194.728452509,1235150.904588,12706.4548790786,100.0004000016,
100.89419,16410.7654621432,3300.43565750679,916833.916634875,12306.0545788528,0,200.0016000128,32542.3049964954,147363.550405375,1278059.71216065,14107.9568876847,100.0004000016,
101.02043,17211.841747122,3300.43565750679,912686.631490246,11505.2924345199,200.0016000128,300.003600043201,36453.0756781874,148577.797628389,1279606.60480097,12906.6598364756,0,
101.1467,22420.0883992057,2800.31363512713,962373.251693785,11805.5722300926,200.0016000128,200.0016000128,33143.8825004306,157992.190959224,1315124.67053464,11004.8421305374,0,
101.27298,17211.841747122,2900.33643902693,939422.111178438,11305.1099096792,400.006400102402,500.010000200004,34146.5759295679,149994.567601173,1341032.80053046,13106.8679988314,0,
101.39918,18413.5523745477,3500.49006860961,930672.649164666,14107.9568876847,400.006400102402,200.0016000128,33645.2191745706,154144.598097139,1267678.1473932,12105.8592358702,0,
101.52537,19515.221873061,3200.40965243551,892032.296685406,10604.4963064339,300.003600043201,200.0016000128,36753.9548056547,136137.319723623,1216113.05226864,10004.0016006403,0,
101.65165,16611.0297237366,3400.46246289495,885705.292280676,10704.5815609081,100.0004000016,800.025600819226,32542.3049964954,145441.232086388,1235811.67304722,12105.8592358702,0,
101.77789,19415.0660912868,3000.36004320518,891710.50996313,12506.2531265633,300.003600043201,200.0016000128,29735.3255667733,142811.167431008,1263373.30968929,11805.5722300926,0,
101.90423,19114.6035571176,3700.5476810568,921670.931645591,13707.5117164206,1000.04000160006,300.003600043201,30036.0432519023,154752.034516345,1282590.41211102,11405.2007715518,0,
102.03047,21718.8519635043,3000.36004320518,880865.215604733,12105.8592358702,200.0016000128,300.003600043201,29033.6790677186,149387.360923888,1273420.12670094,13407.186251831,0,
102.15672,17612.3991289868,3700.5476810568,989473.09156181,9803.84310649775,500.010000200004,400.006400102402,30537.255451651,154144.598097139,1262554.27399558,15109.1259120509,0,
102.28295,17412.118834709,3000.36004320518,940606.387614917,10604.4963064339,200.0016000128,500.010000200004,34246.8496903764,147970.659359672,1277175.85526952,12105.8592358702,0,
102.40919,24123.2548176442,2100.17641481884,931350.380257322,11705.4781637807,500.010000200004,100.0004000016,31439.4879969241,144126.130982793,1228214.84474995,9803.84310649775,0,
102.53548,18113.1138944596,2500.2500250025,925434.302875442,11405.2007715518,200.0016000128,100.0004000016,35751.0525029742,148577.797628389,1258518.26332462,10504.4118529783,0,
102.66173,21418.3340939844,2900.33643902693,900079.565044424,13206.9732818928,500.010000200004,400.006400102402,32943.3534531443,155055.763727617,1255119.46621859,12806.5569571621,0,
102.78797,16310.634533716,2500.2500250025,949869.005061262,11605.3848985929,0,300.003600043201,35851.3391176164,150196.976342719,1215467.15807465,14007.84439286,0,
102.91429,19214.7569333248,2800.31363512713,976185.033561231,11505.2924345199,400.006400102402,200.0016000128,35450.1974796312,145441.232086388,1145249.52906976,13507.2939387269,0,
103.04062,20817.3200102485,3800.57768780855,867029.817393641,15409.4922472243,400.006400102402,200.0016000128,32843.0901342561,143013.460563686,1259952.52200584,13307.0793662228,0,
103.16693,17512.2585810067,3500.49006860961,970248.483337488,8803.09869073914,200.0016000128,500.010000200004,29735.3255667733,147565.916799781,1276181.58733362,9803.84310649775,0,
103.29324,18613.8487034354,2500.2500250025,909742.89243933,9503.61137232148,400.006400102402,100.0004000016,30437.0114058695,138462.652288807,1252782.79497627,11305.1099096792,0,
103.4195,18413.5523745477,3200.40965243551,934255.62462136,11305.1099096792,100.0004000016,400.006400102402,30837.992406645,143316.906366288,1241649.90699959,11805.5722300926,200.0016000128,
103.54576,19314.911111378,3000.36004320518,912686.631490246,10804.6676164103,100.0004000016,500.010000200004,29334.3798932349,143013.460563686,1291877.70280503,10504.4118529783,100.0004000016,
103.67207,18713.9980705568,3600.51847466035,927047.510796023,10204.1632986258,200.0016000128,600.014400345608,29534.8511243267,145643.56754321,1255098.74017534,9203.38684635946,0,
103.79827,18914.2992102029,2400.23042212052,941037.060403186,10104.0820491479,700.019600548815,0,28933.4470648069,143620.359493426,1300175.47477077,11104.9305891816,0,
103.92443,17512.2585810067,3600.51847466035,940175.729126459,11405.2007715518,600.014400345608,300.003600043201,30537.255451651,142204.30756358,1232838.4770683,11205.0198488923,0,
104.05063,17512.2585810067,3100.38444767151,918338.572293503,11205.0198488923,500.010000200004,700.019600548815,26027.0681508769,139372.682149839,1209626.69104511,10504.4118529783,0,
104.1769,20817.3200102485,2800.31363512713,917371.273600358,9803.84310649775,300.003600043201,400.006400102402,27229.6258329062,139777.161015245,1263704.40095642,11605.3848985929,0,
104.30318,16510.8971921468,2400.23042212052,1114683.4453722,11205.0198488923,100.0004000016,400.006400102402,27630.5040765005,143519.207637193,1286680.43387743,12105.8592358702,0,
104.42947,17812.6826300326,2800.31363512713,900294.227342423,6801.85010322808,100.0004000016,200.0016000128,27630.5040765005,142103.167100452,1213694.03376324,11405.2007715518,0,
104.55568,14608.5313823273,2300.21161946899,877024.100825167,6501.69043951427,300.003600043201,500.010000200004,27430.063349431,158701.086453348,1257084.16130672,13807.6218072376,0,
104.68189,17612.3991289868,2000.16001280102,915436.892801314,9003.24116682005,300.003600043201,300.003600043201,28732.9854673165,142912.313590448,1176640.93968371,8602.95941803981,0,
104.80825,16711.163056922,2600.27042812453,920165.88906169,9103.31360615264,200.0016000128,300.003600043201,27730.7256440136,144935.407689925,1303163.95498582,9503.61137232148,0,
104.93443,18613.8487034354,3200.40965243551,916511.513151075,8002.56081946223,100.0004000016,300.003600043201,28833.2158646761,148577.797628389,1279496.10642986,11705.4781637807,100.0004000016,
105.06072,16811.2971917128,2800.31363512713,930382.110110775,8202.69048247825,500.010000200004,100.0004000016,29033.6790677186,139170.447597902,1257635.72046751,11104.9305891816,0,
105.18696,17412.118834709,2600.27042812453,891388.7312391,7602.31110257518,0,300.003600043201,26628.3325458288,146351.767285602,1268230.1517253,12005.7627661277,0,
105.31317,18914.2992102029,2700.2916314962,915114.524074105,8302.75651516303,500.010000200004,400.006400102402,27630.5040765005,141900.888615345,1259731.85662607,10604.4963064339,0,
105.43939,16010.246557797,3200.40965243551,877559.808216229,9203.38684635946,200.0016000128,100.0004000016,23522.1107841371,141698.613385038,1250467.2583172,7102.01697282028,0,
105.56554,17812.6826300326,2300.21161946899,876381.281232792,7802.43435952017,400.006400102402,0,25225.4272306485,144733.083629371,1336304.06843225,10804.6676164103,0,
105.69188,16010.246557797,2500.2500250025,934686.086559608,7402.19104855037,300.003600043201,1000.04000160006,27029.191526849,140485.030349594,1290882.32201073,10904.7544729502,0,
105.81817,16611.0297237366,3100.38444767151,855961.498824767,6901.90492575951,200.0016000128,2000.16001280102,23421.922919853,133711.344351952,1190296.59987093,9603.68781612139,0,
105.94441,17311.9798900839,2300.21161946899,872096.633315809,6901.90492575951,300.003600043201,1400.07840439065,30236.5257230735,153435.959352048,1275076.93342526,12506.2531265633,0,
106.07069,19415.0660912868,1400.07840439065,934255.62462136,8302.75651516303,100.0004000016,900.032401166442,27229.6258329062,146554.117396185,1334424.08250647,14508.4148806308,0,
106.19695,17412.118834709,2300.21161946899,882382.173043395,6401.6388195378,700.019600548815,1600.10240655402,24724.4277346018,144733.083629371,1284469.45324098,10604.4963064339,0,
106.32313,17412.118834709,4200.70571856072,892032.296685406,6501.69043951427,200.0016000128,1200.05760276493,25425.8326459683,140282.777900686,1251900.63760616,9703.76506084361,100.0004000016,
106.44942,14908.8856958747,2500.2500250025,899220.951433781,6601.74286011507,400.006400102402,800.025600819226,23622.2994506814,144530.762824716,1264035.50057151,9403.53572943427,100.0004000016,
106.57567,14808.7667899396,3600.51847466035,861391.218712889,8002.56081946223,600.014400345608,500.010000200004,26427.9078707115,142608.877553483,1265139.22625001,12005.7627661277,100.0004000016,
106.70191,18713.9980705568,2600.27042812453,859251.198834886,5801.34591225164,100.0004000016,1000.04000160006,25225.4272306485,146554.117396185,1403815.62175836,10704.5815609081,0,
106.82814,15109.1259120509,3200.40965243551,887528.010305307,5401.16665199683,200.0016000128,900.032401166442,27229.6258329062,142507.733835379,1226123.73694988,11805.5722300926,100.0004000016,
106.95433,16911.4321281186,2700.2916314962,830075.299835514,6301.58800017604,400.006400102402,500.010000200004,26628.3325458288,141192.939548504,1308367.74467834,9503.61137232148,0,
107.08065,16210.5044068556,1800.12960933187,892997.704844683,7402.19104855037,100.0004000016,1000.04000160006,32642.5659059413,145744.736492712,1369750.31010826,9303.46088745013,0,
107.20692,19615.3784567101,2300.21161946899,958706.965655592,6901.90492575951,100.0004000016,400.006400102402,27931.1711870447,146250.593451514,1316675.93013659,9503.61137232148,0,
107.3331,17111.7044058136,2700.2916314962,896001.657344106,6801.85010322808,0,300.003600043201,28131.6199408135,158397.269206927,1336747.98049816,9003.24116682005,0,
107.45933,17412.118834709,1600.10240655402,872632.136706849,6101.48876325823,500.010000200004,300.003600043201,25826.6531060054,142811.167431008,1265580.74249645,9403.53572943427,0,
107.58562,17011.567866149,2500.2500250025,881953.445612698,7102.01697282028,200.0016000128,500.010000200004,32241.5270868879,145643.56754321,1420135.10200286,9303.46088745013,0,
107.71196,20116.1734034163,2800.31363512713,878202.686364464,6301.58800017604,1100.04840212969,200.0016000128,26227.4864057532,158397.269206927,1356294.93748287,9703.76506084361,0,
107.83824,14408.2991803279,3400.46246289495,876809.824079096,6401.6388195378,400.006400102402,600.014400345608,27830.9480141918,145238.89988574,1291467.41535053,12005.7627661277,0,
107.9645,16510.8971921468,2900.33643902693,879488.538492116,6401.6388195378,400.006400102402,400.006400102402,27730.7256440136,155865.744150758,1314903.07694899,11905.6670975384,0,
108.09068,18713.9980705568,2200.1936170383,862782.421584044,6601.74286011507,0,0,28432.2990917683,155764.493745271,1313905.95199502,10504.4118529783,0,
108.21689,18513.7001381022,3200.40965243551,860214.16394962,7001.96054895371,100.0004000016,100.0004000016,27530.2833116428,175320.934991279,1269989.08177257,10304.2453490838,100.0004000016,
108.34307,15509.6159618964,2000.16001280102,950733.97657075,6901.90492575951,300.003600043201,100.0004000016,29935.8032206519,152120.021892405,1363076.50775707,12406.1534521122,0,
108.46936,19014.4509827469,3300.43565750679,862033.293747181,6401.6388195378,100.0004000016,300.003600043201,28332.0719053969,160828.012656903,1382773.94817157,10404.3282005314,100.0004000016,
108.59567,16010.246557797,3100.38444767151,875331.056320296,6001.44034568296,0,300.003600043201,26227.4864057532,154043.361546108,1354850.13578019,11205.0198488923,0,
108.722,15609.7404780583,2600.27042812453,809612.914817607,6601.74286011507,100.0004000016,300.003600043201,26427.9078707115,143316.906366288,1289223.52149407,10404.3282005314,0,
108.84824,16110.3750815525,2400.23042212052,855186.136656035,7702.37233067785,100.0004000016,200.0016000128,29635.0879441258,154752.034516345,1386338.20952863,10004.0016006403,0,
108.97448,17011.567866149,2400.23042212052,856790.613778153,6001.44034568296,100.0004000016,200.0016000128,29334.3798932349,148881.377756317,1311136.55690362,11505.2924345199,0,
109.10076,18213.259252736,2900.33643902693,855079.178594477,4600.84655576626,100.0004000016,100.0004000016,27329.8441898553,148274.224829595,1272536.58187994,10204.1632986258,0,
109.22692,14508.4148806308,2900.33643902693,833705.33869021,6801.85010322808,300.003600043201,400.006400102402,30336.7681630136,156372.008404241,1333973.77557556,10504.4118529783,0,
109.35317,15209.2472223112,2300.21161946899,856041.833007202,6001.44034568296,700.019600548815,200.0016000128,30036.0432519023,146149.420431548,1320444.03641907,10104.0820491479,0,
109.47952,15509.6159618964,2600.27042812453,885490.871740499,6401.6388195378,300.003600043201,0,32341.7855869784,158397.269206927,1162597.41388274,11905.6670975384,100.0004000016,
109.60575,15609.7404780583,3200.40965243551,860856.18053774,5501.21026625858,400.006400102402,100.0004000016,30537.255451651,149184.965213647,1282369.3661113,10104.0820491479,0,
109.73202,17111.7044058136,3100.38444767151,845584.950166447,5201.0818250196,100.0004000016,0,26227.4864057532,144530.762824716,1295196.18319968,10604.4963064339,0,
109.85827,12506.2531265633,2700.2916314962,816205.141761946,5701.29989637637,300.003600043201,400.006400102402,27830.9480141918,154347.073643879,1290550.54516086,8402.82334864514,0,
109.98459,15609.7404780583,2800.31363512713,833278.222339792,6301.58800017604,400.006400102402,400.006400102402,30938.239664225,149589.759891837,1342684.98003645,12105.8592358702,0,
110.11083,13607.4024269202,2800.31363512713,884954.835930802,6101.48876325823,400.006400102402,100.0004000016,31238.986254846,143013.460563686,1374535.28068835,11305.1099096792,0,
110.2371,15009.0054032419,2100.17641481884,889672.71311343,5901.39272868397,700.019600548815,200.0016000128,32241.5270868879,153840.890888675,1400716.4098405,11705.4781637807,0,
110.36328,15509.6159618964,2200.1936170383,882918.102305857,6501.69043951427,800.025600819226,400.006400102402,27931.1711870447,162550.073474646,1313462.8096042,8002.56081946223,0,
110.4895,17812.6826300326,4100.67251029169,881846.265974276,6201.53798141939,400.006400102402,200.0016000128,27530.2833116428,153942.125809957,1387897.87672419,8302.75651516303,100.0004000016,
110.61576,17812.6826300326,2000.16001280102,888493.082594648,6401.6388195378,400.006400102402,600.014400345608,31038.4877247787,165792.239272326,1301503.60435805,9503.61137232148,0,
110.74199,16010.246557797,2500.2500250025,875738.493576607,6301.58800017604,600.014400345608,100.0004000016,27229.6258329062,151512.712580585,1309475.1996363,9303.46088745013,0,
110.8682,13807.6218072376,2500.2500250025,864815.98735314,7702.37233067785,400.006400102402,500.010000200004,30136.2840860396,153334.728504966,1306153.11443808,12406.1534521122,0,
110.99455,14708.648685427,2600.27042812453,874667.251779142,5201.0818250196,200.0016000128,300.003600043201,26928.9755777216,147363.550405375,1259249.91498358,9003.24116682005,0,
111.12078,13006.7635170289,2600.27042812453,864280.807462155,6701.7960813498,200.0016000128,700.019600548815,29935.8032206519,150703.012450604,1340632.84950859,10904.7544729502,0,
111.24705,14608.5313823273,2900.33643902693,845135.945415073,5801.34591225164,500.010000200004,300.003600043201,28632.7558727184,151613.928762581,1268009.34720845,9803.84310649775,100.0004000016,
111.37339,13707.5117164206,2300.21161946899,852405.514628325,7402.19104855037,300.003600043201,200.0016000128,29234.1454819229,157485.861492946,1343408.45770935,13707.5117164206,0,
111.49973,17912.8255831175,2600.27042812453,908239.234608433,6401.6388195378,500.010000200004,200.0016000128,30036.0432519023,160726.722302066,1368304.03287389,11505.2924345199,0,
111.62602,13907.7326993809,1700.11560786133,874024.549274492,7102.01697282028,500.010000200004,200.0016000128,31339.2367243789,148274.224829595,1315567.86890216,9503.61137232148,0,
111.75233,14208.0701838644,2400.23042212052,873917.435294507,7001.96054895371,100.0004000016,300.003600043201,29334.3798932349,155055.763727617,1303717.45178003,8602.95941803981,0,
111.87869,13407.186251831,2300.21161946899,867599.279846036,6501.69043951427,400.006400102402,400.006400102402,30637.5003003677,155865.744150758,1293758.07218373,9503.61137232148,0,
112.005,15109.1259120509,2000.16001280102,884324.065157506,6401.6388195378,600.014400345608,200.0016000128,29635.0879441258,154549.552450254,1289555.2648515,9403.53572943427,0,
112.13132,13907.7326993809,2500.2500250025,878098.135962515,7001.96054895371,300.003600043201,600.014400345608,26127.2768770597,149893.364452135,1339633.77373201,10804.6676164103,0,
112.25756,15910.1188355794,3400.46246289495,881631.909360455,5901.39272868397,400.006400102402,300.003600043201,27730.7256440136,154853.276771807,1323547.9930927,9903.92195309342,0,
112.38384,14708.648685427,2700.2916314962,941898.448882008,5901.39272868397,200.0016000128,400.006400102402,31539.7400724913,165690.908944491,1356183.79326631,9603.68781612139,0,
112.5101,17512.2585810067,2000.16001280102,911783.85011795,5801.34591225164,400.006400102402,200.0016000128,24423.8376655616,141698.613385038,1276071.11776304,9203.38684635946,0,
112.63635,15009.0054032419,2100.17641481884,888922.026709083,6701.7960813498,200.0016000128,300.003600043201,31940.756405173,150500.595563854,1310028.96207988,10304.2453490838,0,
112.76262,16010.246557797,3200.40965243551,925434.302875442,8102.62525058119,500.010000200004,0,25626.2412710616,157283.335413002,1294974.92511191,11405.2007715518,0,
112.88882,14408.2991803279,2600.27042812453,865779.366971262,7302.132222609,200.0016000128,200.0016000128,28933.4470648069,147970.659359672,1277065.37733866,7702.37233067785,0,
113.01513,13707.5117164206,2300.21161946899,874881.493042762,6701.7960813498,200.0016000128,300.003600043201,27029.191526849,156473.263700215,1359629.69992198,9903.92195309342,0,
113.1414,15509.6159618964,2500.2500250025,941467.747491979,5701.29989637637,200.0016000128,500.010000200004,26427.9078707115,164576.329192922,1309918.20772628,9503.61137232148,0,
113.26754,15509.6159618964,2600.27042812453,915974.191836261,6301.58800017604,500.010000200004,200.0016000128,27229.6258329062,154549.552450254,1278833.13571651,10204.1632986258,0,
113.39381,15309.3693340324,1900.14441097523,913610.242717239,7001.96054895371,600.014400345608,200.0016000128,24924.8251258253,151816.363570512,1324102.34810993,8202.69048247825,0,
113.52004,15409.4922472243,2300.21161946899,918220.790774683,7001.96054895371,400.006400102402,200.0016000128,24023.0621396541,147464.733195458,1253223.89589442,11705.4781637807,0,
113.64631,14608.5313823273,2100.17641481884,926079.56195296,8202.69048247825,200.0016000128,300.003600043201,30938.239664225,168427.114248551,1284858.69732654,9403.53572943427,0,
113.7726,15809.9919148902,2100.17641481884,895357.894562389,6901.90492575951,600.014400345608,200.0016000128,28432.2990917683,151512.712580585,1273972.37239257,10204.1632986258,0,
113.89879,14007.84439286,1800.12960933187,859037.216326362,7402.19104855037,200.0016000128,400.006400102402,28732.9854673165,144429.603643327,1276623.47490477,10304.2453490838,0,
114.02511,16310.634533716,1300.06760351538,882918.102305857,6201.53798141939,400.006400102402,200.0016000128,25826.6531060054,155055.763727617,1212988.88881566,12606.3536022155,100.0004000016,
114.15139,15209.2472223112,1900.14441097523,907702.256249974,7902.49718911176,300.003600043201,200.0016000128,28231.8455217485,151310.282660485,1303274.65248114,9903.92195309342,0,
114.2776,15109.1259120509,2100.17641481884,880881.689172681,6201.53798141939,400.006400102402,200.0016000128,27229.6258329062,147869.47249829,1237904.32610567,12706.4548790786,0,
114.40385,15009.0054032419,2800.31363512713,930382.110110775,6301.58800017604,300.003600043201,400.006400102402,28732.9854673165,158498.540807085,1267567.74931074,9103.31360615264,100.0004000016,
114.53014,13607.4024269202,2700.2916314962,898577.028583741,7202.07419736884,100.0004000016,100.0004000016,25626.2412710616,146958.827387251,1249254.5211716,11004.8421305374,200.0016000128,
114.65641,14208.0701838644,2100.17641481884,842143.781553257,6601.74286011507,500.010000200004,200.0016000128,26327.6967369673,144429.603643327,1260283.52702918,11405.2007715518,0,
114.78265,14408.2991803279,2100.17641481884,957089.815683897,6801.85010322808,400.006400102402,100.0004000016,29635.0879441258,157283.335413002,1323658.86222829,8502.8909829342,0,
114.90896,16811.2971917128,2300.21161946899,941467.747491979,6501.69043951427,400.006400102402,200.0016000128,28432.2990917683,148678.990190003,1269162.99201957,10904.7544729502,0,
115.03525,11905.6670975384,2400.23042212052,924681.541211948,6401.6388195378,0,400.006400102402,25826.6531060054,157485.861492946,1327872.58152162,10904.7544729502,100.0004000016,
115.1614,13607.4024269202,1900.14441097523,922531.034454154,7602.31110257518,500.010000200004,300.003600043201,26528.1198069954,145340.065579047,1301614.28787853,11305.1099096792,0,
115.28758,15109.1259120509,2300.21161946899,920273.38630746,6001.44034568296,100.0004000016,200.0016000128,23121.3641404658,150298.181935245,1265470.36204324,10304.2453490838,0,
115.41381,15509.6159618964,1500.09000540032,898040.450667341,6501.69043951427,400.006400102402,0,27029.191526849,135025.356213579,1297298.32075972,10504.4118529783,0,
115.54005,14007.84439286,2800.31363512713,894392.31040126,6901.90492575951,800.025600819226,100.0004000016,25526.0365572884,156270.753923372,1333086.15343131,11205.0198488923,0,
115.66637,16911.4321281186,1800.12960933187,939422.111178438,7502.25067520256,200.0016000128,300.003600043201,25726.4467872973,147161.187267892,1270327.97979076,11705.4781637807,0,
115.79266,12205.9565067753,2400.23042212052,906306.21668449,4900.9605882753,600.014400345608,600.014400345608,25926.8602271954,141091.807222131,1234490.16941184,10604.4963064339,0,
115.91892,13807.6218072376,2900.33643902693,884954.835930802,4800.92177698118,200.0016000128,300.003600043201,26528.1198069954,142204.30756358,1303938.85702021,9703.76506084361,0,
116.04521,14208.0701838644,2600.27042812453,925326.762818519,7302.132222609,500.010000200004,200.0016000128,25526.0365572884,149083.768580143,1295528.07731306,9203.38684635946,0,
116.17141,14708.648685427,2800.31363512713,905017.698308091,5901.39272868397,400.006400102402,400.006400102402,30537.255451651,144227.287722376,1231162.86338163,10704.5815609081,0,
116.29769,15609.7404780583,2300.21161946899,926509.752515908,6001.44034568296,700.019600548815,0,23822.6791905894,159308.742960425,1275850.18140847,9103.31360615264,0,
116.424,14408.2991803279,2300.21161946899,918553.537364187,4800.92177698118,300.003600043201,200.0016000128,24924.8251258253,147161.187267892,1200397.40762788,11205.0198488923,0,
116.55025,14007.84439286,2100.17641481884,889672.71311343,4800.92177698118,0,200.0016000128,27430.063349431,147060.006920471,1274303.73095113,10804.6676164103,0,
116.67651,14908.8856958747,2000.16001280102,916833.916634875,4800.92177698118,400.006400102402,400.006400102402,26027.0681508769,148881.377756317,1285685.44656225,11104.9305891816,0,
116.80281,14308.184281409,1800.12960933187,896860.057511747,6401.6388195378,700.019600548815,100.0004000016,27129.408278574,143923.819945367,1236582.6116524,10604.4963064339,0,
116.92909,13607.4024269202,2600.27042812453,888385.848786974,5501.21026625858,200.0016000128,300.003600043201,28432.2990917683,147363.550405375,1255650.21592647,11605.3848985929,0,
117.05538,15910.1188355794,2600.27042812453,872525.034255223,4600.84655576626,400.006400102402,200.0016000128,28732.9854673165,145340.065579047,1238455.0797649,12506.2531265633,0,
117.18167,16611.0297237366,3000.36004320518,918661.021236714,5601.25468104855,700.019600548815,400.006400102402,22920.9956319989,142305.448840437,1264206.45350158,10204.1632986258,100.0004000016,
117.30787,14408.2991803279,3200.40965243551,908131.837155992,5701.29989637637,300.003600043201,200.0016000128,22520.2682414173,152727.360533157,1258738.90830869,12306.0545788528,100.0004000016,
117.43418,15409.4922472243,1500.09000540032,874774.371967476,6101.48876325823,400.006400102402,0,25125.2257266295,155764.493745271,1255870.81271372,11505.2924345199,100.0004000016,
117.5605,13907.7326993809,1900.14441097523,880988.860822394,6401.6388195378,700.019600548815,500.010000200004,22720.6303323418,139271.564467148,1260724.88004101,12306.0545788528,100.0004000016,
117.68682,14708.648685427,2600.27042812453,890208.944342264,4400.77453631839,400.006400102402,0,26027.0681508769,142204.30756358,1208032.35029766,12205.9565067753,0,
117.81313,15009.0054032419,2200.1936170383,882918.102305857,6401.6388195378,200.0016000128,300.003600043201,26728.5460872212,148071.847035344,1296855.73755317,12005.7627661277,0,
117.93941,15209.2472223112,3000.36004320518,885490.871740499,4600.84655576626,100.0004000016,0,25526.0365572884,150804.222115806,1280159.11059532,10404.3282005314,0,
118.0657,19214.7569333248,1800.12960933187,934901.322887447,5401.16665199683,100.0004000016,400.006400102402,25526.0365572884,156473.263700215,1356850.67262683,11305.1099096792,0,
118.1919,16510.8971921468,2300.21161946899,938453.238156502,5101.04061228491,200.0016000128,400.006400102402,26828.7604311822,144834.245252655,1268782.17925817,8803.09869073914,100.0004000016,
118.31818,18814.1482394761,2800.31363512713,891603.249499774,6501.69043951427,200.0016000128,200.0016000128,29334.3798932349,144935.407689925,1263152.58681548,12906.6598364756,0,
118.44447,15409.4922472243,2300.21161946899,893426.798246704,4800.92177698118,0,200.0016000128,28632.7558727184,153132.269255226,1308257.00431034,13206.9732818928,0,
118.57072,13707.5117164206,3000.36004320518,898684.346835181,5501.21026625858,100.0004000016,400.006400102402,25025.025025025,138867.101870734,1235371.15704283,10204.1632986258,100.0004000016,
118.69701,14007.84439286,2100.17641481884,852512.450569996,5401.16665199683,300.003600043201,100.0004000016,25726.4467872973,143822.665647504,1305378.0819381,11004.8421305374,0,
118.82322,14908.8856958747,3300.43565750679,878095.53778823,5701.29989637637,200.0016000128,100.0004000016,28632.7558727184,142811.167431008,1309142.95335915,11004.8421305374,100.0004000016,
118.94949,14508.4148806308,1500.09000540032,872417.932690318,5101.04061228491,200.0016000128,300.003600043201,26127.2768770597,132094.287575497,1285353.80086216,9903.92195309342,0,
119.07572,14107.9568876847,2300.21161946899,892890.433716272,5501.21026625858,100.0004000016,200.0016000128,25025.025025025,142912.313590448,1296855.73755317,10404.3282005314,0,
119.20189,14708.648685427,2400.23042212052,906198.8352573,7602.31110257518,500.010000200004,300.003600043201,27730.7256440136,154650.79307583,1290641.32559754,9603.68781612139,0,
119.32829,14708.648685427,2600.27042812453,894700.613815826,5601.25468104855,500.010000200004,400.006400102402,24123.2548176442,137653.7921659,1298183.53186709,12005.7627661277,100.0004000016,
119.45452,13307.0793662228,2400.23042212052,873167.662266158,4900.9605882753,300.003600043201,0,25025.025025025,147262.368429523,1285243.25415517,11004.8421305374,0,
119.58079,15009.0054032419,2200.1936170383,899542.924866462,4700.88376614804,200.0016000128,300.003600043201,30537.255451651,145643.56754321,1318781.50358146,11905.6670975384,100.0004000016,
119.70708,13106.8679988314,2600.27042812453,877345.522598168,6301.58800017604,400.006400102402,200.0016000128,26628.3325458288,148577.797628389,1287343.80060314,10904.7544729502,0,
119.83336,16611.0297237366,2700.2916314962,865458.232458046,5901.39272868397,200.0016000128,400.006400102402,26327.6967369673,140181.652896551,1245396.55744382,11505.2924345199,0,
119.95959,15109.1259120509,2400.23042212052,839152.310433643,4800.92177698118,400.006400102402,200.0016000128,27530.2833116428,152221.242962408,1327761.67688886,10604.4963064339,0,
120.08575,16010.246557797,2200.1936170383,912535.862949634,5701.29989637637,300.003600043201,100.0004000016,27630.5040765005,157485.861492946,1320111.51304846,11104.9305891816,0,
120.21209,15609.7404780583,2100.17641481884,882810.914677831,5301.12383825371,100.0004000016,500.010000200004,29234.1454819229,138867.101870734,1339189.76438014,8903.16952835209,0,
120.33832,17412.118834709,1700.11560786133,856148.799033601,4600.84655576626,500.010000200004,200.0016000128,31840.5011174214,150298.181935245,1299843.46333171,9903.92195309342,0,
120.46461,14208.0701838644,2600.27042812453,842464.337399214,5801.34591225164,400.006400102402,200.0016000128,26027.0681508769,150804.222115806,1267510.81251357,10404.3282005314,0,
120.59088,13206.9732818928,2500.2500250025,863210.514119244,6001.44034568296,300.003600043201,600.014400345608,30637.5003003677,149893.364452135,1268119.74900286,10804.6676164103,0,
120.71713,15509.6159618964,2200.1936170383,860107.164284089,5701.29989637637,500.010000200004,200.0016000128,27630.5040765005,149083.768580143,1311358.08705902,11705.4781637807,0,
120.84333,15509.6159618964,3000.36004320518,841930.08207397,6101.48876325823,300.003600043201,100.0004000016,28833.2158646761,149792.162117572,1323104.5258893,12205.9565067753,0,
120.96962,15509.6159618964,1500.09000540032,856683.642441367,5101.04061228491,100.0004000016,0,28131.6199408135,151512.712580585,1316897.5535812,10404.3282005314,100.0004000016,
121.09589,18313.4054127621,2600.27042812453,854437.448808214,7402.19104855037,300.003600043201,200.0016000128,25325.6295370915,151107.855998841,1277286.33412936,8903.16952835209,0,
121.22211,15809.9919148902,2600.27042812453,835841.132312577,6701.7960813498,400.006400102402,200.0016000128,30336.7681630136,144126.130982793,1304160.26598767,9103.31360615264,0,
121.34838,15209.2472223112,1900.14441097523,846739.175385633,5901.39272868397,0,200.0016000128,27229.6258329062,147464.733195458,1319778.99807971,10904.7544729502,0,
121.47462,14708.648685427,1700.11560786133,883132.480225287,6301.58800017604,600.014400345608,300.003600043201,26127.2768770597,165690.908944491,1355961.50764534,9303.46088745013,100.0004000016,
121.60091,15209.2472223112,2100.17641481884,869205.298013245,7102.01697282028,400.006400102402,400.006400102402,28532.5270808722,151411.497213224,1338079.80648886,10104.0820491479,0,
121.72716,19014.4509827469,1500.09000540032,849518.578565993,6401.6388195378,500.010000200004,300.003600043201,26928.9755777216,157992.190959224,1307038.92179023,8302.75651516303,0,
121.85337,13707.5117164206,2900.33643902693,880453.011449512,5701.29989637637,200.0016000128,300.003600043201,27931.1711870447,154853.276771807,1282590.41211102,9303.46088745013,100.0004000016,
121.97969,16210.5044068556,3100.38444767151,865886.413581039,7102.01697282028,700.019600548815,500.010000200004,29835.5639922788,145238.89988574,1325432.89541853,10804.6676164103,100.0004000016,
122.10587,13006.7635170289,1600.10240655402,886134.144018025,6201.53798141939,200.0016000128,600.014400345608,28031.3951625821,158498.540807085,1355902.41608443,9303.46088745013,0,
122.23216,14007.84439286,1200.05760276493,845670.333305765,5601.25468104855,600.014400345608,500.010000200004,28131.6199408135,148476.605881122,1297851.57071808,8703.02865397158,0,
122.35836,12706.4548790786,1500.09000540032,834025.685221697,7302.132222609,300.003600043201,100.0004000016,31940.756405173,149589.759891837,1268782.17925817,7602.31110257518,0,
122.48459,15409.4922472243,1300.06760351538,824418.74398291,6501.69043951427,100.0004000016,100.0004000016,25926.8602271954,135429.695197725,1210945.69092053,8803.09869073914,0,
122.61082,14908.8856958747,1500.09000540032,836802.354662819,6401.6388195378,400.006400102402,400.006400102402,25926.8602271954,158093.45929823,1221172.44301615,8703.02865397158,0,
122.73697,13707.5117164206,3000.36004320518,862782.421584044,6501.69043951427,200.0016000128,0,30236.5257230735,147161.187267892,1236472.474792,10804.6676164103,0,
122.86318,13807.6218072376,2600.27042812453,858930.226400106,7702.37233067785,100.0004000016,100.0004000016,27129.408278574,148071.847035344,1274082.82431677,8002.56081946223,0,
122.98941,13407.186251831,2700.2916314962,858823.237359173,7302.132222609,800.025600819226,200.0016000128,27830.9480141918,147970.659359672,1230636.54410314,8703.02865397158,100.0004000016,
123.11564,12906.6598364756,2200.1936170383,850053.147709272,8402.82334864514,200.0016000128,400.006400102402,26427.9078707115,138765.988255169,1230306.28604044,8402.82334864514,100.0004000016,
123.24197,13807.6218072376,2200.1936170383,830182.051123096,7702.37233067785,600.014400345608,200.0016000128,25926.8602271954,142103.167100452,1212924.43967253,7302.132222609,0,
123.36822,13907.7326993809,2500.2500250025,839365.963973722,8302.75651516303,800.025600819226,100.0004000016,28031.3951625821,143013.460563686,1235293.31214662,8703.02865397158,200.0016000128,
123.49447,15309.3693340324,2800.31363512713,874453.014063283,7102.01697282028,400.006400102402,500.010000200004,32041.0124959949,147363.550405375,1234490.16941184,9803.84310649775,0,
123.62079,17412.118834709,1900.14441097523,823448.313028699,5801.34591225164,400.006400102402,300.003600043201,25726.4467872973,142406.590931033,1200287.57435642,6401.6388195378,0,
123.74702,13307.0793662228,2200.1936170383,844067.235925321,7502.25067520256,400.006400102402,100.0004000016,30336.7681630136,152524.911060672,1307038.92179023,7902.49718911176,0,
123.87331,14107.9568876847,2400.23042212052,856041.833007202,7001.96054895371,300.003600043201,300.003600043201,25526.0365572884,143114.608350732,1220952.42889927,6501.69043951427,0,
123.99962,13106.8679988314,2500.2500250025,848770.218908065,6201.53798141939,200.0016000128,100.0004000016,26628.3325458288,141395.206642155,1208967.24088767,8502.8909829342,100.0004000016,
124.12586,10104.0820491479,1900.14441097523,840006.945793867,6001.44034568296,500.010000200004,500.010000200004,29735.3255667733,147869.47249829,1178668.36444057,7001.96054895371,0,
124.25215,15609.7404780583,1900.14441097523,906735.751295337,8402.82334864514,300.003600043201,500.010000200004,27430.063349431,141597.47699041,1248703.31405629,7702.37233067785,100.0004000016,
124.37841,13707.5117164206,2900.33643902693,870061.922580218,6901.90492575951,100.0004000016,300.003600043201,27630.5040765005,142507.733835379,1187553.16073292,8202.69048247825,0,
124.50464,14608.5313823273,2300.21161946899,862354.343220339,6601.74286011507,300.003600043201,200.0016000128,26227.4864057532,143316.906366288,1199299.11635004,8002.56081946223,0,
124.63092,14908.8856958747,2600.27042812453,893319.523562921,6801.85010322808,400.006400102402,500.010000200004,31940.756405173,147667.101218354,1167817.35282173,7102.01697282028,0,
124.75711,12506.2531265633,2300.21161946899,899113.62873517,7802.43435952017,200.0016000128,100.0004000016,28933.4470648069,132700.659482065,1194906.87186709,9803.84310649775,0,
124.88331,12906.6598364756,2300.21161946899,890530.693741948,9103.31360615264,500.010000200004,300.003600043201,30637.5003003677,138968.216299705,1142861.32571495,6101.48876325823,0,
125.00959,13907.7326993809,2300.21161946899,858395.290048448,7902.49718911176,200.0016000128,600.014400345608,23321.7358578195,138462.652288807,1150189.95497983,7402.19104855037,0,
125.13584,13807.6218072376,2000.16001280102,873917.435294507,8602.95941803981,100.0004000016,200.0016000128,26728.5460872212,137249.381623665,1172638.9138983,6401.6388195378,0,
125.26207,15309.3693340324,3000.36004320518,909227.781937473,8502.8909829342,800.025600819226,100.0004000016,27129.408278574,142608.877553483,1167269.56055734,8102.62525058119,0,
125.38826,13006.7635170289,1800.12960933187,872310.832012121,8102.62525058119,600.014400345608,300.003600043201,26427.9078707115,136642.790207568,1134443.94266312,7502.25067520256,0,
125.51442,14508.4148806308,1700.11560786133,904480.853480112,6901.90492575951,100.0004000016,100.0004000016,26828.7604311822,133205.991756308,1122537.68959738,7802.43435952017,0,
125.64065,14708.648685427,2000.16001280102,928983.625328261,9403.53572943427,300.003600043201,100.0004000016,29234.1454819229,139777.161015245,1224583.1340265,7102.01697282028,0,
125.76688,12706.4548790786,1800.12960933187,880881.689172681,7302.132222609,700.019600548815,500.010000200004,26528.1198069954,134014.565664121,1158726.96985678,7502.25067520256,0,
125.89325,13006.7635170289,2900.33643902693,938991.492010791,7602.31110257518,200.0016000128,100.0004000016,26528.1198069954,144126.130982793,1169351.29318466,7602.31110257518,0,
126.01956,17311.9798900839,1200.05760276493,895787.066193775,7702.37233067785,300.003600043201,200.0016000128,29935.8032206519,130477.438862574,1158617.48567554,7602.31110257518,100.0004000016,
126.1458,13707.5117164206,1400.07840439065,907702.256249974,8602.95941803981,100.0004000016,500.010000200004,29133.9118734207,132296.408293256,1119262.64276789,7802.43435952017,0,
126.27203,13807.6218072376,1800.12960933187,935869.930574863,9903.92195309342,700.019600548815,200.0016000128,27029.191526849,138058.215720738,1144173.61404507,7502.25067520256,0,
126.39835,15009.0054032419,2500.2500250025,842784.901197865,8602.95941803981,800.025600819226,0,26728.5460872212,120780.713671332,1070887.78672762,8002.56081946223,0,
126.52455,12406.1534521122,3000.36004320518,853581.858645024,8703.02865397158,300.003600043201,100.0004000016,27029.191526849,130174.302888965,1128107.15450281,8903.16952835209,0,
126.65087,14908.8856958747,1700.11560786133,905339.815885569,9703.76506084361,400.006400102402,1000.04000160006,24724.4277346018,131184.784575484,1118280.28884729,7302.132222609,0,
126.77718,13607.4024269202,2200.1936170383,913395.359636466,8502.8909829342,100.0004000016,100.0004000016,29434.6151073663,127951.529186618,1152050.11151234,8202.69048247825,0,
126.90344,11205.0198488923,1400.07840439065,899757.578269067,8903.16952835209,200.0016000128,200.0016000128,29033.6790677186,130679.533574588,1123629.55439358,8402.82334864514,0,
127.02965,15009.0054032419,1400.07840439065,890101.696319463,8903.16952835209,400.006400102402,100.0004000016,30737.7459520291,131184.784575484,1120900.06352603,9203.38684635946,0,
127.15588,13206.9732818928,2400.23042212052,973562.383619053,8302.75651516303,100.0004000016,100.0004000016,24223.4482979524,130982.681737214,1084815.29863983,7001.96054895371,0,
127.28217,12005.7627661277,2700.2916314962,924358.942452071,8202.69048247825,800.025600819226,600.014400345608,25926.8602271954,144935.407689925,1163983.28854059,8002.56081946223,0,
127.40845,12606.3536022155,1800.12960933187,895572.478599899,6901.90492575951,300.003600043201,300.003600043201,26728.5460872212,126234.200623935,1112278.62010186,8602.95941803981,100.0004000016,
127.53469,16110.3750815525,2300.21161946899,957197.619413492,9003.24116682005,200.0016000128,100.0004000016,27630.5040765005,135530.781976417,1149424.08508395,8302.75651516303,0,
127.66091,14508.4148806308,2400.23042212052,924036.351720734,8903.16952835209,300.003600043201,400.006400102402,25726.4467872973,126032.177401848,1130947.40362907,8602.95941803981,0,
127.78717,13006.7635170289,3600.51847466035,915866.730246926,10304.2453490838,400.006400102402,300.003600043201,21718.8519635043,129163.902458637,1113151.41867529,7402.19104855037,0,
127.91334,14007.84439286,2800.31363512713,850266.981557386,8302.75651516303,300.003600043201,300.003600043201,23421.922919853,124618.105804792,1111078.61732439,7702.37233067785,0,
128.03962,12706.4548790786,2800.31363512713,880667.348535982,9603.68781612139,600.014400345608,300.003600043201,25826.6531060054,127446.408182301,1150518.19866863,7702.37233067785,0,
128.16598,16010.246557797,1800.12960933187,912428.429872677,8102.62525058119,200.0016000128,600.014400345608,26427.9078707115,124921.107747722,1099084.65290305,7602.31110257518,0,
128.29225,12205.9565067753,1500.09000540032,893104.976861921,7802.43435952017,600.014400345608,600.014400345608,25826.6531060054,140383.903718363,1052739.080776,5701.29989637637,100.0004000016,
128.41852,13307.0793662228,2100.17641481884,877131.24052897,8402.82334864514,100.0004000016,600.014400345608,27229.6258329062,125426.127227118,1112605.91272958,5801.34591225164,0,
128.5448,13607.4024269202,1600.10240655402,911461.57226603,8903.16952835209,300.003600043201,1100.04840212969,27029.191526849,126234.200623935,1131384.41984146,7102.01697282028,0,
128.67112,14107.9568876847,2200.1936170383,901904.308004724,8302.75651516303,500.010000200004,1600.10240655402,23722.4889194957,123709.14382419,1072192.85913924,8402.82334864514,0,
128.79743,12306.0545788528,2200.1936170383,864601.912739041,7602.31110257518,700.019600548815,1400.07840439065,21518.505915087,120679.745497369,1059908.60268855,7902.49718911176,0,
128.92364,13407.186251831,2000.16001280102,881310.381097119,7702.37233067785,400.006400102402,800.025600819226,27029.191526849,131386.890664393,1095815.48379554,7202.07419736884,0,
129.04987,12105.8592358702,1600.10240655402,896001.657344106,7602.31110257518,500.010000200004,500.010000200004,26127.2768770597,134014.565664121,1098866.68281317,7602.31110257518,0,
129.17618,13307.0793662228,1900.14441097523,894285.027717243,8002.56081946223,500.010000200004,600.014400345608,22119.5536854579,127850.503361101,1132695.55618739,9303.46088745013,0,
129.30238,13206.9732818928,1800.12960933187,927692.85017942,7001.96054895371,400.006400102402,1200.05760276493,25826.6531060054,132599.595465677,1148986.46528461,7001.96054895371,0,
129.42869,14408.2991803279,1800.12960933187,1082862.02948668,7302.132222609,200.0016000128,400.006400102402,24824.6260290208,130578.485812281,1127997.92648208,7302.132222609,0,
129.55493,15209.2472223112,1500.09000540032,837763.64854027,6701.7960813498,700.019600548815,600.014400345608,25425.8326459683,129062.866884318,1151940.68321422,9503.61137232148,100.0004000016,
129.68125,15709.8657957197,1600.10240655402,1030287.51628453,8302.75651516303,400.006400102402,600.014400345608,25325.6295370915,133307.060649686,1159493.38478731,6901.90492575951,0,
129.80745,14608.5313823273,1500.09000540032,907594.863249351,8002.56081946223,400.006400102402,500.010000200004,26027.0681508769,134014.565664121,1142861.32571495,7502.25067520256,0,
129.9336,13707.5117164206,1700.11560786133,900401.559825784,7702.37233067785,300.003600043201,1400.07840439065,24824.6260290208,125123.113103254,1117734.56859771,6601.74286011507,0,
130.0598,13907.7326993809,1600.10240655402,870169.004640074,6401.6388195378,600.014400345608,700.019600548815,25926.8602271954,131690.055892879,1114460.72594023,6001.44034568296,0,
130.18607,12906.6598364756,1900.14441097523,888278.615867651,7402.19104855037,300.003600043201,800.025600819226,26928.9755777216,138664.875452999,1188101.80257942,7802.43435952017,0,
130.31237,13607.4024269202,1500.09000540032,897289.278936595,5401.16665199683,500.010000200004,200.0016000128,23922.8702639724,125325.121707075,1117516.28688316,5301.12383825371,100.0004000016,
130.43865,14808.7667899396,1900.14441097523,861495.658109204,8703.02865397158,400.006400102402,300.003600043201,24524.0335528818,126638.256814344,1183384.23383228,6301.58800017604,0,
130.56485,11405.2007715518,1300.06760351538,873255.746588632,7502.25067520256,500.010000200004,400.006400102402,22820.8125810739,128153.583274701,1133023.36083224,8703.02865397158,200.0016000128,
130.69098,12205.9565067753,2300.21161946899,901152.912118424,7902.49718911176,200.0016000128,300.003600043201,22620.4488857928,135935.137222097,1149205.27335333,4200.70571856072,0,
130.81725,14508.4148806308,2000.16001280102,894070.465016075,6901.90492575951,300.003600043201,0,23221.549598027,133711.344351952,1102354.64120747,7402.19104855037,0,
130.94347,14908.8856958747,2300.21161946899,884324.065157506,5301.12383825371,500.010000200004,300.003600043201,24123.2548176442,121689.463762465,1192381.99808062,6501.69043951427,0,
131.06976,11605.3848985929,1500.09000540032,944913.759106665,7302.132222609,400.006400102402,200.0016000128,24023.0621396541,135429.695197725,1166831.34325859,7001.96054895371,0,
131.19603,11605.3848985929,3100.38444767151,889994.44918519,5501.21026625858,500.010000200004,100.0004000016,21418.3340939844,131083.732750024,1144720.43973328,7202.07419736884,0,
131.32232,14107.9568876847,2100.17641481884,902655.747488478,6401.6388195378,500.010000200004,600.014400345608,24023.0621396541,136743.886743887,1169132.14783676,7802.43435952017,0,
131.44855,13106.8679988314,2600.27042812453,871132.783071587,4000.64010241639,300.003600043201,400.006400102402,29735.3255667733,128759.765036045,1183164.85339522,6401.6388195378,0,
131.57471,12406.1534521122,1900.14441097523,887206.33553133,4600.84655576626,200.0016000128,200.0016000128,22219.7311212357,164272.370031566,1177462.25209943,6901.90492575951,100.0004000016,
131.70103,12105.8592358702,2300.21161946899,850053.147709272,5601.25468104855,300.003600043201,100.0004000016,24924.8251258253,131285.837213604,1167817.35282173,5901.39272868397,0,
131.82734,11505.2924345199,2000.16001280102,857432.460386414,5401.16665199683,200.0016000128,200.0016000128,22119.5536854579,137047.181232077,1193918.81980679,6001.44034568296,100.0004000016,
131.95357,27129.408278574,1900.14441097523,851763.917555623,6001.44034568296,500.010000200004,200.0016000128,25826.6531060054,137249.381623665,1131384.41984146,6501.69043951427,0,
132.07984,13206.9732818928,2200.1936170383,844601.579622049,5701.29989637637,500.010000200004,200.0016000128,25025.025025025,136137.319723623,1158070.07851606,6701.7960813498,0,
132.20609,14308.184281409,2700.2916314962,853581.858645024,6801.85010322808,400.006400102402,500.010000200004,24524.0335528818,129163.902458637,1159712.36873056,7502.25067520256,0,
132.3323,11305.1099096792,2300.21161946899,824418.74398291,4700.88376614804,400.006400102402,300.003600043201,25626.2412710616,137754.896834654,1161026.34938574,8602.95941803981,0,
132.45859,15609.7404780583,2900.33643902693,872096.633315809,5201.0818250196,300.003600043201,500.010000200004,21217.9928579435,135834.04719102,1133788.27031954,5101.04061228491,0,
132.58484,14608.5313823273,1700.11560786133,863531.592821111,3700.5476810568,400.006400102402,300.003600043201,21919.201220269,129264.938845421,1169241.72005192,6201.53798141939,0,
132.71103,15209.2472223112,2900.33643902693,855613.977751761,5101.04061228491,400.006400102402,300.003600043201,23822.6791905894,139170.447597902,1179984.25012148,5301.12383825371,0,
132.83727,14007.84439286,1800.12960933187,865244.147212554,4300.73972723308,300.003600043201,100.0004000016,27229.6258329062,142710.022085357,1224693.1710899,6701.7960813498,0,
132.96351,14508.4148806308,1400.07840439065,853047.143548527,6401.6388195378,500.010000200004,300.003600043201,26728.5460872212,140485.030349594,1189199.15524119,7102.01697282028,0,
133.08983,13206.9732818928,2200.1936170383,902333.696656734,6101.48876325823,0,200.0016000128,24323.6425805883,132094.287575497,1220402.40975986,6901.90492575951,0,
133.216,15109.1259120509,1800.12960933187,833491.778749576,6301.58800017604,400.006400102402,400.006400102402,25025.025025025,138159.32364274,1217872.61889281,7302.132222609,100.0004000016,
133.34213,13206.9732818928,1300.06760351538,870383.171419229,5401.16665199683,400.006400102402,200.0016000128,20817.3200102485,135227.524079548,1266684.59805669,6101.48876325823,0,
133.46834,16410.7654621432,1200.05760276493,837229.587555137,4800.92177698118,200.0016000128,200.0016000128,23321.7358578195,135227.524079548,1169241.72005192,7102.01697282028,0,
133.59466,12105.8592358702,2200.1936170383,830609.065097268,6101.48876325823,400.006400102402,400.006400102402,23221.549598027,134317.7942927,1153363.32252328,6401.6388195378,0,
133.72084,13707.5117164206,2600.27042812453,834346.039698089,7502.25067520256,600.014400345608,200.0016000128,23822.6791905894,130376.39272546,1167707.79253404,5901.39272868397,0,
133.84704,15009.0054032419,2700.2916314962,863424.565701375,3900.60849492521,700.019600548815,400.006400102402,24724.4277346018,126638.256814344,1169460.867235,5901.39272868397,0,
133.97333,17512.2585810067,1800.12960933187,862996.466080163,5201.0818250196,400.006400102402,200.0016000128,25626.2412710616,138563.763464215,1215233.35752126,6301.58800017604,0,
134.09956,13006.7635170289,3000.36004320518,854544.401560373,4300.73972723308,100.0004000016,300.003600043201,26427.9078707115,131993.228435745,1194906.87186709,7502.25067520256,0,
134.22579,15609.7404780583,2100.17641481884,839365.963973722,5501.21026625858,300.003600043201,0,26728.5460872212,139473.800645984,1218862.47892003,7802.43435952017,100.0004000016,
134.35198,15009.0054032419,2500.2500250025,870918.603881052,5201.0818250196,200.0016000128,300.003600043201,24023.0621396541,134216.717270223,1187114.26380689,6501.69043951427,0,
134.47824,14308.184281409,2600.27042812453,846418.513479424,4900.9605882753,300.003600043201,300.003600043201,26828.7604311822,145643.56754321,1246168.05946332,7702.37233067785,0,
134.60452,15609.7404780583,2200.1936170383,844174.102897029,4400.77453631839,100.0004000016,500.010000200004,24724.4277346018,141698.613385038,1235261.03035315,8102.62525058119,0,
134.73081,15109.1259120509,3000.36004320518,838190.91322502,5401.16665199683,100.0004000016,300.003600043201,25325.6295370915,133509.200875048,1196114.59228367,7702.37233067785,0,
134.857,12506.2531265633,2500.2500250025,844815.323287626,4500.81014582625,500.010000200004,300.003600043201,26427.9078707115,138563.763464215,1222162.55223455,7902.49718911176,0,
134.98329,16911.4321281186,2400.23042212052,862140.309352578,4800.92177698118,400.006400102402,200.0016000128,30537.255451651,146351.767285602,1239005.85654611,8602.95941803981,0,
135.10952,15809.9919148902,2900.33643902693,869526.525577718,4500.81014582625,400.006400102402,500.010000200004,26227.4864057532,144227.287722376,1245727.19561255,6701.7960813498,0,
135.23581,16711.163056922,2600.27042812453,884740.42782299,6001.44034568296,200.0016000128,200.0016000128,27229.6258329062,145238.89988574,1219412.43345513,7602.31110257518,0,
135.36207,15009.0054032419,3000.36004320518,883025.290821672,5601.25468104855,400.006400102402,200.0016000128,29133.9118734207,148476.605881122,1227664.52089401,7102.01697282028,0,
135.48829,16310.634533716,3800.57768780855,839579.621047061,6201.53798141939,100.0004000016,600.014400345608,26127.2768770597,142002.027451043,1204571.75440656,8202.69048247825,100.0004000016,
135.61459,16510.8971921468,2900.33643902693,857111.533099171,5401.16665199683,400.006400102402,100.0004000016,26528.1198069954,135429.695197725,1166393.14063704,8903.16952835209,100.0004000016,
135.74083,17111.7044058136,1800.12960933187,817164.903526418,5101.04061228491,300.003600043201,400.006400102402,26227.4864057532,140990.675709378,1176914.05595577,8502.8909829342,0,
135.8671,16611.0297237366,2200.1936170383,827598.932492027,4200.70571856072,200.0016000128,0,24924.8251258253,139372.682149839,1201166.26631285,7202.07419736884,200.0016000128,
135.99334,14908.8856958747,2500.2500250025,908883.638021805,6301.58800017604,0,600.014400345608,28732.9854673165,143316.906366288,1274082.82431677,9403.53572943427,0,
136.11961,16811.2971917128,2900.33643902693,876809.824079096,4900.9605882753,700.019600548815,100.0004000016,26427.9078707115,137754.896834654,1182945.47663434,8202.69048247825,0,
136.24589,16210.5044068556,3300.43565750679,881203.206784602,5101.04061228491,400.006400102402,100.0004000016,29534.8511243267,142406.590931033,1220842.42322537,8703.02865397158,0,
136.37209,15709.8657957197,2600.27042812453,895036.025174118,5601.25468104855,300.003600043201,400.006400102402,29234.1454819229,144733.083629371,1236031.93659696,8102.62525058119,100.0004000016,
136.49828,15509.6159618964,3100.38444767151,870169.004640074,6001.44034568296,500.010000200004,300.003600043201,24924.8251258253,128860.798173031,1182616.41838564,5901.39272868397,100.0004000016,
136.62456,16210.5044068556,1900.14441097523,836909.161561293,4700.88376614804,300.003600043201,200.0016000128,28231.8455217485,131386.890664393,1173954.19348625,8703.02865397158,100.0004000016,
136.75079,15809.9919148902,3300.43565750679,864494.876760855,5201.0818250196,500.010000200004,100.0004000016,29635.0879441258,152423.687546532,1224583.1340265,8703.02865397158,100.0004000016,
136.87707,21418.3340939844,3000.36004320518,852940.203183428,6201.53798141939,800.025600819226,100.0004000016,28131.6199408135,139372.682149839,1193260.15984175,6401.6388195378,0,
137.00338,19114.6035571176,3900.60849492521,855186.136656035,5201.0818250196,200.0016000128,500.010000200004,26528.1198069954,143620.359493426,1177133.331658,8302.75651516303,0,
137.12963,16310.634533716,3400.46246289495,886026.929751536,4800.92177698118,300.003600043201,600.014400345608,27329.8441898553,143620.359493426,1181080.9225794,6901.90492575951,0,
137.25586,20416.6599945556,3400.46246289495,899113.62873517,6101.48876325823,100.0004000016,100.0004000016,32341.7855869784,138159.32364274,1208967.24088767,8602.95941803981,0,
137.38209,21318.1630749398,2100.17641481884,866100.509458716,5601.25468104855,100.0004000016,400.006400102402,27129.408278574,133307.060649686,1157741.64521732,7502.25067520256,0,
137.50845,20016.0128102482,2200.1936170383,859786.170600113,19214.7569333248,700.019600548815,300.003600043201,24724.4277346018,147667.101218354,1156099.60242729,8402.82334864514,100.0004000016,
137.63464,23722.4889194957,3200.40965243551,882918.102305857,3900.60849492521,600.014400345608,200.0016000128,29534.8511243267,138361.541926765,1189199.15524119,8002.56081946223,0,
137.76088,22319.9093591484,2800.31363512713,857004.559107044,5401.16665199683,400.006400102402,200.0016000128,26628.3325458288,153132.269255226,1181629.29326357,7302.132222609,0,
137.88711,21017.6548300572,3100.38444767151,855400.055433978,5901.39272868397,400.006400102402,100.0004000016,24223.4482979524,136743.886743887,1159164.91574656,6601.74286011507,0,
138.01331,22319.9093591484,2800.31363512713,907057.911600973,5601.25468104855,400.006400102402,600.014400345608,25726.4467872973,149994.567601173,1280048.6075779,8002.56081946223,0,
138.13952,26027.0681508769,3100.38444767151,900616.227461284,4600.84655576626,400.006400102402,300.003600043201,26227.4864057532,148375.414948194,1154567.21514538,8102.62525058119,0,
138.26583,26728.5460872212,4200.70571856072,912428.429872677,5901.39272868397,400.006400102402,0,27129.408278574,154954.519842228,1202154.86521612,6901.90492575951,100.0004000016,
138.39212,27830.9480141918,4100.67251029169,914684.711579925,7102.01697282028,500.010000200004,0,29133.9118734207,147565.916799781,1229205.48589079,8302.75651516303,0,
138.51842,27129.408278574,4900.9605882753,901260.251718808,5801.34591225164,700.019600548815,400.006400102402,27129.408278574,132902.789953273,1167050.45007327,7502.25067520256,0,
138.64462,24423.8376655616,3200.40965243551,894606.878436214,4800.92177698118,300.003600043201,400.006400102402,28031.3951625821,136137.319723623,1197651.8520692,8903.16952835209,0,
138.77098,27630.5040765005,3500.49006860961,873060.555380769,4700.88376614804,600.014400345608,300.003600043201,28833.2158646761,138159.32364274,1147345.52148266,7702.37233067785,0,
138.89729,27931.1711870447,2800.31363512713,890745.197784581,6001.44034568296,0,300.003600043201,36352.7842427204,139878.282765306,1054379.6562399,8502.8909829342,0,
139.02353,27730.7256440136,4300.73972723308,930059.369463932,5601.25468104855,200.0016000128,200.0016000128,36352.7842427204,141900.888615345,1152378.40190138,8302.75651516303,400.006400102402,
139.14981,33244.1482288479,6101.48876325823,902011.653833083,4800.92177698118,200.0016000128,200.0016000128,35149.3496869605,140485.030349594,1219742.41725049,8502.8909829342,100.0004000016,
139.27604,32341.7855869784,6601.74286011507,923821.295693327,4400.77453631839,200.0016000128,600.014400345608,42271.354045629,147161.187267892,1136739.05497915,8803.09869073914,100.0004000016,
139.40238,37054.8411649241,5901.39272868397,863959.710158122,5801.34591225164,0,400.006400102402,42973.74294289,136541.694484439,1133788.27031954,7802.43435952017,100.0004000016,
139.52859,35550.4816839913,6301.58800017604,906628.36630729,5201.0818250196,500.010000200004,400.006400102402,47991.9525811455,137653.7921659,1164421.4104507,8302.75651516303,400.006400102402,
139.6548,36352.7842427204,6201.53798141939,948145.226579204,5101.04061228491,300.003600043201,100.0004000016,61249.6942527537,141091.807222131,1197761.66324349,9003.24116682005,300.003600043201,
139.78111,42572.3730341581,6301.58800017604,925004.148000664,5001.00020004001,300.003600043201,500.010000200004,50602.2164772841,147161.187267892,1222272.56898555,9403.53572943427,300.003600043201,
139.90734,40967.0220480706,6701.7960813498,925004.148000664,4300.73972723308,300.003600043201,400.006400102402,56728.433172703,141294.072688509,1198091.10228992,7001.96054895371,400.006400102402,
140.03363,47490.0411179596,6901.90492575951,907702.256249974,5401.16665199683,100.0004000016,400.006400102402,61350.1852535006,137552.688310435,1215673.19751517,8402.82334864514,200.0016000128,
140.15986,45884.059597182,7202.07419736884,909635.482520324,5601.25468104855,400.006400102402,300.003600043201,67682.7434071994,139170.447597902,1179326.2907455,7302.132222609,1100.04840212969,
140.28612,46084.7960246854,6401.6388195378,892246.825610539,4000.64010241639,300.003600043201,200.0016000128,69190.9670691107,138260.432378079,1179106.97830276,9903.92195309342,1100.04840212969,
140.41235,48293.1091143725,8102.62525058119,913717.685594046,5801.34591225164,400.006400102402,600.014400345608,71101.6442631302,136137.319723623,1194797.08462386,10504.4118529783,1300.06760351538,
140.53861,52710.9037414721,8302.75651516303,971111.812908266,6001.44034568296,300.003600043201,800.025600819226,109174.691558898,140889.545010237,1272467.35103156,9903.92195309342,2500.2500250025,
140.66484,56025.2725093309,8903.16952835209,952562.86748829,5301.12383825371,600.014400345608,1600.10240655402,105846.247780643,132195.347527997,1209406.87063875,9503.61137232148,3500.49006860961,
140.79113,66074.1715161165,14608.5313823273,925864.472024955,4400.77453631839,200.0016000128,1300.06760351538,128557.701199336,133812.417309757,1234159.81430412,10804.6676164103,3100.38444767151,
140.91744,68487.1067757112,12105.8592358702,962696.797241723,6801.85010322808,400.006400102402,1400.07840439065,156270.753923372,159308.742960425,1258518.26332462,18313.4054127621,4000.64010241639,
141.0437,83175.8109892403,10904.7544729502,987397.781830146,5901.39272868397,300.003600043201,1300.06760351538,233854.12573122,152221.242962408,1236472.474792,13307.0793662228,4900.9605882753,
141.1699,75125.0747238727,13106.8679988314,1002013.59593287,5101.04061228491,300.003600043201,2300.21161946899,174712.504783195,140586.157794386,1264206.45350158,11004.8421305374,3600.51847466035,
141.29622,77539.7529160163,16410.7654621432,933439.728806885,6801.85010322808,500.010000200004,2000.16001280102,198463.095338889,142507.733835379,1181738.97015701,12606.3536022155,4200.70571856072,
141.4225,81565.2501936297,11605.3848985929,930672.649164666,5501.21026625858,400.006400102402,1800.12960933187,156169.500257599,145947.076833944,1203143.53872405,14007.84439286,5301.12383825371,
141.54876,87807.3256397391,14808.7667899396,925541.843824536,4000.64010241639,200.0016000128,2200.1936170383,166096.235152003,138563.763464215,1172310.11465566,13106.8679988314,5001.00020004001,
141.67506,80659.4006324339,12706.4548790786,897825.825726279,6501.69043951427,300.003600043201,2200.1936170383,161334.476664372,132700.659482065,1119044.33551062,14208.0701838644,5601.25468104855,
141.80132,74722.6735672303,14107.9568876847,900723.562613445,5001.00020004001,700.019600548815,2300.21161946899,169643.396492359,126335.213453243,1182616.41838564,18413.5523745477,4600.84655576626,
141.92765,80156.1791485588,14107.9568876847,989903.442310731,4900.9605882753,700.019600548815,3200.40965243551,229487.417550035,144733.083629371,1182506.73414073,13106.8679988314,5801.34591225164,
142.05384,88008.734641121,13907.7326993809,913395.359636466,3900.60849492521,300.003600043201,2700.2916314962,180595.228982261,131386.890664393,1139466.90079877,13507.2939387269,5101.04061228491,
142.17997,83377.145632081,14608.5313823273,947275.127017977,5101.04061228491,500.010000200004,1600.10240655402,168427.114248551,129871.174228412,1130947.40362907,10804.6676164103,4700.88376614804,
142.30617,83578.4835070455,13407.186251831,847594.312702128,5101.04061228491,100.0004000016,2500.2500250025,162246.163260705,136844.984093404,1168913.00615912,13307.0793662228,5501.21026625858,
142.43241,120881.682656945,13607.4024269202,850480.818943232,5501.21026625858,400.006400102402,3200.40965243551,187089.702308749,127951.529186618,1168036.4761494,12506.2531265633,4500.81014582625,
142.5586,84585.2213664477,15209.2472223112,877452.664963585,5501.21026625858,500.010000200004,3200.40965243551,180087.98929947,126941.307485416,1074694.61317669,12906.6598364756,5001.00020004001,
142.68488,86397.5531731283,11505.2924345199,780318.685987469,4700.88376614804,400.006400102402,3600.51847466035,167109.607795764,119972.99100504,1012249.07883697,13006.7635170289,4800.92177698118,
142.81107,82471.1651911485,14107.9568876847,827833.726605148,3700.5476810568,300.003600043201,2500.2500250025,202527.511079031,119872.029323934,981692.260365656,13006.7635170289,5801.34591225164,
142.93731,85289.9859522376,12706.4548790786,750577.842966796,3700.5476810568,400.006400102402,3300.43565750679,150298.181935245,115430.518663779,983528.521599588,13006.7635170289,6001.44034568296,
143.06354,74420.8811753284,13407.186251831,715085.086073533,5701.29989637637,100.0004000016,3300.43565750679,150601.803599957,126335.213453243,974248.950199029,16310.634533716,5201.0818250196,
143.1897,82873.815085041,14308.184281409,718682.874237698,3500.49006860961,200.0016000128,3300.43565750679,147363.550405375,110284.368948421,952993.937380616,11705.4781637807,6401.6388195378,
143.31599,82672.4885221691,13006.7635170289,701021.050164281,5001.00020004001,600.014400345608,3100.38444767151,140080.52870595,102619.508550956,935439.429337339,15109.1259120509,5101.04061228491,
143.44228,80860.6948802941,10904.7544729502,704403.472767727,3900.60849492521,100.0004000016,4700.88376614804,131386.890664393,106955.630988009,904480.853480112,16110.3750815525,5901.39272868397,
143.56856,83679.1536565984,14308.184281409,627042.47528528,3400.46246289495,0,4500.81014582625,129467.014056419,109779.957976272,854330.496940916,13407.186251831,4800.92177698118,
143.69484,78747.266416548,13006.7635170289,633559.045365247,3800.57768780855,200.0016000128,4800.92177698118,129568.052880653,95966.977722812,858609.261933231,13607.4024269202,5701.29989637637,
143.82106,77237.8927095454,11305.1099096792,594404.448921759,3100.38444767151,100.0004000016,4300.73972723308,121891.417156041,96470.8338854557,845456.57549768,12105.8592358702,5801.34591225164,
143.94728,71503.9292060958,13307.0793662228,574610.34523678,4300.73972723308,300.003600043201,4200.70571856072,113210.352268024,88008.734641121,783296.54916359,15910.1188355794,5001.00020004001,
144.07357,74521.477832117,11004.8421305374,558190.889016112,5301.12383825371,200.0016000128,2400.23042212052,109376.443789146,89922.281456741,782764.737428324,14508.4148806308,5601.25468104855,
144.19982,67582.2016155555,14107.9568876847,527396.00138869,4900.9605882753,100.0004000016,2900.33643902693,108972.942570757,79451.7029950884,728952.687543482,10104.0820491479,5301.12383825371,
144.32603,72107.3808272592,11405.2007715518,528647.226771994,4100.67251029169,200.0016000128,3900.60849492521,100099.195592021,78546.0060910773,678001.96385359,10604.4963064339,4600.84655576626,
144.45234,60043.8651007815,10704.5815609081,454308.498073618,3000.36004320518,100.0004000016,4100.67251029169,92440.5509898466,76432.9676855054,638921.934610493,11305.1099096792,4900.9605882753,
144.57867,61350.1852535006,9303.46088745013,480667.308099998,2900.33643902693,200.0016000128,3000.36004320518,93448.0003533157,80357.4653188817,676947.031539508,11505.2924345199,5001.00020004001,
144.70498,69291.5217661617,10504.4118529783,500212.161765186,3700.5476810568,300.003600043201,3900.60849492521,96773.1572945277,69995.4272328341,600275.254159533,12005.7627661277,5101.04061228491,
144.83117,59541.4705339888,11205.0198488923,425314.663694278,3000.36004320518,200.0016000128,4300.73972723308,97680.1712264132,66878.4316556573,589898.336451889,11305.1099096792,5401.16665199683,
144.95748,54016.4594866532,9603.68781612139,400412.09628585,2400.23042212052,100.0004000016,3500.49006860961,76332.3556907226,60646.7651717156,541270.606697125,11004.8421305374,5501.21026625858,
145.08371,55422.5947796526,7302.132222609,349930.439790873,3700.5476810568,0,2900.33643902693,72811.4444346382,56125.7216164208,492515.3974793,11605.3848985929,4000.64010241639,
145.20998,51606.3089965329,10304.2453490838,354146.721404579,2900.33643902693,100.0004000016,4800.92177698118,65269.9629836093,51405.4840532773,478070.515146203,10404.3282005314,5401.16665199683,
145.33632,48594.2728894055,8703.02865397158,307844.621981786,2200.1936170383,0,3300.43565750679,62053.6448245857,48995.8358549322,445707.003879961,10204.1632986258,4400.77453631839,
145.46266,47188.9038949381,6801.85010322808,289616.690337748,2600.27042812453,0,3600.51847466035,57833.4796710809,43676.1712426472,389268.260977304,8803.09869073914,4300.73972723308,
145.58889,42873.3992595323,7202.07419736884,260281.945162959,2400.23042212052,100.0004000016,2700.2916314962,55422.5947796526,42271.354045629,371643.838952983,9603.68781612139,3700.5476810568,
145.7151,42472.032567234,6001.44034568296,250790.854769571,2000.16001280102,200.0016000128,3300.43565750679,51405.4840532773,43676.1712426472,363818.614202115,9203.38684635946,3800.57768780855,
145.84146,41669.3377780627,6601.74286011507,235497.664202336,2600.27042812453,0,2200.1936170383,46385.9066992069,41067.3504547458,323841.282318286,6701.7960813498,3400.46246289495,
145.96769,34347.1242544771,4500.81014582625,226839.742968775,2300.21161946899,300.003600043201,2700.2916314962,43676.1712426472,38559.381447429,305795.22955393,8002.56081946223,4100.67251029169,
146.09396,38258.4589252378,5701.29989637637,192876.663737575,2700.2916314962,0,3200.40965243551,36753.9548056547,35249.6314811254,263753.587453009,8703.02865397158,2700.2916314962,
146.22025,34948.7885087582,4500.81014582625,184653.882264765,1800.12960933187,400.006400102402,2100.17641481884,37155.1382251261,31639.9929510902,262732.417138238,7302.132222609,2000.16001280102,
146.34653,29033.6790677186,5801.34591225164,167109.607795764,2900.33643902693,100.0004000016,2400.23042212052,35450.1974796312,31238.986254846,237637.595600171,7302.132222609,3400.46246289495,
146.47282,32642.5659059413,6001.44034568296,161233.182231741,1800.12960933187,100.0004000016,3200.40965243551,35450.1974796312,28833.2158646761,227959.845160874,6701.7960813498,3400.46246289495,
146.59903,28332.0719053969,6001.44034568296,147161.187267892,2300.21161946899,100.0004000016,4200.70571856072,33645.2191745706,27730.7256440136,229996.649456445,7602.31110257518,2900.33643902693,
146.72531,25125.2257266295,4800.92177698118,128254.611537286,2500.2500250025,100.0004000016,3100.38444767151,32642.5659059413,21718.8519635043,192470.474424604,4800.92177698118,2200.1936170383,
146.8516,23622.2994506814,4600.84655576626,114522.221329261,1900.14441097523,300.003600043201,2600.27042812453,29835.5639922788,19214.7569333248,152221.242962408,4600.84655576626,2000.16001280102,
146.97793,19515.221873061,3800.57768780855,101611.322634023,1800.12960933187,100.0004000016,3000.36004320518,23922.8702639724,14708.648685427,124113.118806906,4100.67251029169,1800.12960933187,
147.10423,21618.6785382571,3400.46246289495,92339.8105026498,1300.06760351538,300.003600043201,2500.2500250025,24724.4277346018,13006.7635170289,104031.1048987,3800.57768780855,2000.16001280102,
147.23038,17612.3991289868,3700.5476810568,65973.6426273953,1500.09000540032,200.0016000128,2300.21161946899,23221.549598027,10904.7544729502,92843.5210278029,3300.43565750679,1700.11560786133,
147.35662,16711.163056922,4100.67251029169,53413.8783887248,1900.14441097523,400.006400102402,3300.43565750679,25626.2412710616,11905.6670975384,73817.3181847359,3700.5476810568,1500.09000540032,
147.4829,19214.7569333248,2100.17641481884,48694.6624237518,1800.12960933187,300.003600043201,3200.40965243551,18513.7001381022,6801.85010322808,60948.2260858408,3600.51847466035,1100.04840212969,
147.60914,13907.7326993809,2800.31363512713,39261.5621294189,1300.06760351538,200.0016000128,3100.38444767151,19615.3784567101,7302.132222609,48795.0527627819,2600.27042812453,2100.17641481884,
147.73544,18113.1138944596,1900.14441097523,28933.4470648069,2200.1936170383,100.0004000016,3000.36004320518,17512.2585810067,5401.16665199683,38358.7656289435,3100.38444767151,1600.10240655402,
147.86173,13607.4024269202,3400.46246289495,27029.191526849,1300.06760351538,200.0016000128,3300.43565750679,17311.9798900839,6501.69043951427,43876.872280235,2300.21161946899,1000.04000160006,
147.98805,12005.7627661277,2200.1936170383,23221.549598027,2600.27042812453,100.0004000016,3400.46246289495,17612.3991289868,4200.70571856072,34647.952766629,2300.21161946899,2300.21161946899,
148.11432,11505.2924345199,1900.14441097523,23221.549598027,2100.17641481884,200.0016000128,2500.2500250025,17512.2585810067,4300.73972723308,26728.5460872212,2000.16001280102,1400.07840439065,
148.24053,15709.8657957197,3400.46246289495,14208.0701838644,1700.11560786133,0,3200.40965243551,17512.2585810067,3100.38444767151,27329.8441898553,2100.17641481884,1000.04000160006,
148.36689,11605.3848985929,2100.17641481884,18413.5523745477,600.014400345608,100.0004000016,2800.31363512713,19515.221873061,3500.49006860961,19415.0660912868,3100.38444767151,1200.05760276493,
148.49307,12806.5569571621,2800.31363512713,11505.2924345199,900.032401166442,300.003600043201,2800.31363512713,16911.4321281186,3600.51847466035,16010.246557797,2000.16001280102,600.014400345608,
148.61936,14408.2991803279,2100.17641481884,10904.7544729502,1000.04000160006,0,3600.51847466035,15910.1188355794,2000.16001280102,10204.1632986258,800.025600819226,900.032401166442,
148.74551,10104.0820491479,2000.16001280102,5901.39272868397,1800.12960933187,0,3100.38444767151,15409.4922472243,2400.23042212052,9003.24116682005,1300.06760351538,500.010000200004,
148.8717,14608.5313823273,2700.2916314962,3800.57768780855,2100.17641481884,100.0004000016,4000.64010241639,14208.0701838644,1700.11560786133,4600.84655576626,1400.07840439065,700.019600548815,
148.99801,13607.4024269202,2500.2500250025,3100.38444767151,1500.09000540032,200.0016000128,3500.49006860961,13607.4024269202,1400.07840439065,3900.60849492521,500.010000200004,700.019600548815,
149.12417,11405.2007715518,3000.36004320518,3200.40965243551,1600.10240655402,500.010000200004,2200.1936170383,10704.5815609081,1100.04840212969,1700.11560786133,500.010000200004,500.010000200004,
149.25049,12406.1534521122,2600.27042812453,800.025600819226,1300.06760351538,200.0016000128,3100.38444767151,8102.62525058119,1300.06760351538,1800.12960933187,200.0016000128,400.006400102402,
149.37686,12105.8592358702,2500.2500250025,600.014400345608,1200.05760276493,200.0016000128,2500.2500250025,7902.49718911176,1100.04840212969,800.025600819226,400.006400102402,300.003600043201,
149.50318,9403.53572943427,2800.31363512713,800.025600819226,1900.14441097523,300.003600043201,2600.27042812453,9503.61137232148,600.014400345608,1000.04000160006,700.019600548815,100.0004000016,
149.62948,9103.31360615264,1200.05760276493,100.0004000016,1000.04000160006,100.0004000016,2900.33643902693,4900.9605882753,1400.07840439065,1200.05760276493,100.0004000016,300.003600043201,
149.75572,7202.07419736884,1600.10240655402,500.010000200004,1000.04000160006,200.0016000128,3300.43565750679,5001.00020004001,300.003600043201,700.019600548815,100.0004000016,0,
149.88202,7502.25067520256,2000.16001280102,500.010000200004,2200.1936170383,300.003600043201,2100.17641481884,6001.44034568296,900.032401166442,700.019600548815,100.0004000016,100.0004000016,
150.00826,7602.31110257518,1900.14441097523,900.032401166442,1300.06760351538,0,2600.27042812453,4000.64010241639,900.032401166442,800.025600819226,100.0004000016,0,
150.1345,6501.69043951427,2600.27042812453,0,1600.10240655402,300.003600043201,2300.21161946899,4200.70571856072,1300.06760351538,900.032401166442,300.003600043201,0,
150.26078,5501.21026625858,1900.14441097523,400.006400102402,1400.07840439065,100.0004000016,1000.04000160006,2800.31363512713,1100.04840212969,300.003600043201,100.0004000016,0,
150.38698,5601.25468104855,2500.2500250025,100.0004000016,900.032401166442,100.0004000016,2100.17641481884,2800.31363512713,1600.10240655402,600.014400345608,0,0,
150.51329,5301.12383825371,1500.09000540032,600.014400345608,1800.12960933187,100.0004000016,1900.14441097523,3100.38444767151,800.025600819226,200.0016000128,200.0016000128,0,
150.63955,5901.39272868397,1700.11560786133,100.0004000016,1300.06760351538,200.0016000128,2500.2500250025,2100.17641481884,600.014400345608,200.0016000128,100.0004000016,200.0016000128,
150.76576,4700.88376614804,1700.11560786133,200.0016000128,900.032401166442,0,2000.16001280102,1900.14441097523,1400.07840439065,900.032401166442,100.0004000016,200.0016000128,
150.89202,5301.12383825371,1300.06760351538,100.0004000016,1200.05760276493,0,2200.1936170383,800.025600819226,1400.07840439065,400.006400102402,0,0,
151.01832,5401.16665199683,1700.11560786133,500.010000200004,2300.21161946899,0,2000.16001280102,800.025600819226,500.010000200004,100.0004000016,0,0,
151.14454,6101.48876325823,1100.04840212969,100.0004000016,800.025600819226,200.0016000128,2400.23042212052,700.019600548815,700.019600548815,200.0016000128,100.0004000016,0,
151.27082,5801.34591225164,1200.05760276493,500.010000200004,1100.04840212969,300.003600043201,2400.23042212052,700.019600548815,1300.06760351538,0,100.0004000016,100.0004000016,
151.39702,6601.74286011507,1500.09000540032,200.0016000128,1000.04000160006,0,3200.40965243551,300.003600043201,800.025600819226,100.0004000016,0,300.003600043201,
151.52325,7202.07419736884,900.032401166442,200.0016000128,1800.12960933187,0,2700.2916314962,1100.04840212969,800.025600819226,300.003600043201,300.003600043201,100.0004000016,
151.64953,7702.37233067785,1200.05760276493,600.014400345608,1200.05760276493,0,2200.1936170383,500.010000200004,900.032401166442,0,100.0004000016,0,
151.77582,3700.5476810568,1800.12960933187,200.0016000128,2400.23042212052,200.0016000128,2200.1936170383,100.0004000016,1100.04840212969,200.0016000128,100.0004000016,0,
151.90209,4400.77453631839,1200.05760276493,300.003600043201,1500.09000540032,100.0004000016,2400.23042212052,200.0016000128,800.025600819226,200.0016000128,0,0,
152.02841,3700.5476810568,1100.04840212969,400.006400102402,2200.1936170383,0,2500.2500250025,300.003600043201,1100.04840212969,0,0,0,
152.15472,2800.31363512713,1700.11560786133,200.0016000128,1200.05760276493,300.003600043201,1700.11560786133,100.0004000016,1500.09000540032,200.0016000128,0,100.0004000016,
152.28104,2700.2916314962,700.019600548815,200.0016000128,2100.17641481884,100.0004000016,2000.16001280102,100.0004000016,1200.05760276493,100.0004000016,0,0,
152.4073,3100.38444767151,800.025600819226,200.0016000128,1100.04840212969,100.0004000016,500.010000200004,300.003600043201,1300.06760351538,0,0,0,
152.53351,1000.04000160006,500.010000200004,0,600.014400345608,100.0004000016,300.003600043201,300.003600043201,1000.04000160006,0,0,0,
152.65974,400.006400102402,300.003600043201,0,2000.16001280102,0,200.0016000128,100.0004000016,900.032401166442,0,0,0,
152.78603,200.0016000128,200.0016000128,100.0004000016,1600.10240655402,300.003600043201,100.0004000016,200.0016000128,600.014400345608,0,0,0,
152.91226,300.003600043201,500.010000200004,100.0004000016,1200.05760276493,400.006400102402,0,100.0004000016,900.032401166442,0,0,0,
153.03854,0,200.0016000128,300.003600043201,1000.04000160006,400.006400102402,100.0004000016,300.003600043201,800.025600819226,0,0,0,
153.16478,0,300.003600043201,200.0016000128,1500.09000540032,0,200.0016000128,200.0016000128,1200.05760276493,0,0,0,
153.29104,0,600.014400345608,300.003600043201,2000.16001280102,300.003600043201,0,200.0016000128,900.032401166442,0,0,0,
153.41727,100.0004000016,500.010000200004,100.0004000016,1400.07840439065,100.0004000016,100.0004000016,100.0004000016,1100.04840212969,0,0,0,
153.54353,0,400.006400102402,200.0016000128,1400.07840439065,200.0016000128,100.0004000016,100.0004000016,1000.04000160006,0,0,0,
153.66972,0,500.010000200004,400.006400102402,900.032401166442,100.0004000016,0,0,700.019600548815,0,0,0,
153.796,0,200.0016000128,300.003600043201,1500.09000540032,0,0,0,600.014400345608,0,0,0,
153.9222,0,200.0016000128,200.0016000128,1500.09000540032,0,0,400.006400102402,700.019600548815,0,0,0,
154.04851,0,500.010000200004,0,1700.11560786133,200.0016000128,0,0,1400.07840439065,0,0,0,
154.17481,0,600.014400345608,200.0016000128,1000.04000160006,400.006400102402,0,100.0004000016,800.025600819226,0,0,0,
154.30107,0,600.014400345608,300.003600043201,500.010000200004,500.010000200004,100.0004000016,0,900.032401166442,0,0,0,
154.42734,0,800.025600819226,200.0016000128,1400.07840439065,100.0004000016,100.0004000016,400.006400102402,600.014400345608,300.003600043201,0,0,
154.55367,0,600.014400345608,300.003600043201,1200.05760276493,100.0004000016,0,0,1500.09000540032,0,0,0,
154.67998,0,200.0016000128,0,2000.16001280102,200.0016000128,0,0,800.025600819226,0,0,0,
154.80626,0,300.003600043201,100.0004000016,1200.05760276493,0,100.0004000016,100.0004000016,1000.04000160006,0,0,0,
154.93249,0,200.0016000128,100.0004000016,1200.05760276493,100.0004000016,0,0,1000.04000160006,0,0,100.0004000016,
155.05876,0,400.006400102402,400.006400102402,2000.16001280102,200.0016000128,0,0,800.025600819226,0,0,0,
155.185,0,300.003600043201,300.003600043201,1500.09000540032,100.0004000016,0,100.0004000016,300.003600043201,0,0,0,
155.31132,0,300.003600043201,500.010000200004,1900.14441097523,100.0004000016,0,200.0016000128,1200.05760276493,0,0,0,
155.43763,0,700.019600548815,100.0004000016,1200.05760276493,200.0016000128,100.0004000016,0,900.032401166442,0,0,0,
155.5639,0,500.010000200004,100.0004000016,1000.04000160006,0,0,300.003600043201,1300.06760351538,0,0,0,
155.69009,0,300.003600043201,200.0016000128,1100.04840212969,300.003600043201,0,0,1700.11560786133,100.0004000016,0,0,
155.81638,0,300.003600043201,0,800.025600819226,100.0004000016,0,100.0004000016,1000.04000160006,0,0,0,
155.94262,0,200.0016000128,300.003600043201,1300.06760351538,100.0004000016,0,0,1200.05760276493,0,0,0,
156.06886,0,200.0016000128,0,1500.09000540032,100.0004000016,0,0,800.025600819226,0,0,0,
156.19509,0,500.010000200004,100.0004000016,1400.07840439065,0,0,300.003600043201,1000.04000160006,100.0004000016,0,0,
156.32128,0,600.014400345608,0,1100.04840212969,100.0004000016,0,200.0016000128,900.032401166442,0,0,0,
156.4475,100.0004000016,800.025600819226,100.0004000016,1000.04000160006,100.0004000016,100.0004000016,300.003600043201,1200.05760276493,0,0,0,
156.5738,0,300.003600043201,300.003600043201,1300.06760351538,0,0,0,600.014400345608,100.0004000016,0,0,
156.70001,0,500.010000200004,100.0004000016,1000.04000160006,0,0,200.0016000128,800.025600819226,0,0,0,
156.82641,0,400.006400102402,200.0016000128,900.032401166442,200.0016000128,0,0,1100.04840212969,0,0,0,
156.95264,0,100.0004000016,400.006400102402,500.010000200004,100.0004000016,0,0,1400.07840439065,0,0,0,
157.0789,0,200.0016000128,100.0004000016,1200.05760276493,100.0004000016,0,0,1400.07840439065,0,0,0,
157.2052,0,300.003600043201,300.003600043201,1500.09000540032,0,0,0,900.032401166442,0,0,0,
157.33148,300.003600043201,0,200.0016000128,900.032401166442,100.0004000016,100.0004000016,100.0004000016,1300.06760351538,0,0,0,
157.45771,0,500.010000200004,0,1500.09000540032,0,100.0004000016,300.003600043201,900.032401166442,0,0,0,
157.58386,0,0,100.0004000016,1300.06760351538,200.0016000128,300.003600043201,200.0016000128,1000.04000160006,0,0,100.0004000016,
157.71018,0,300.003600043201,200.0016000128,1300.06760351538,200.0016000128,100.0004000016,0,1100.04840212969,0,0,0,
157.83644,0,400.006400102402,200.0016000128,1200.05760276493,100.0004000016,300.003600043201,0,1000.04000160006,0,0,100.0004000016,
157.96272,0,900.032401166442,0,1700.11560786133,100.0004000016,0,0,1300.06760351538,0,0,0,
158.089,0,400.006400102402,100.0004000016,2000.16001280102,200.0016000128,0,100.0004000016,1000.04000160006,0,0,0,
158.21524,0,500.010000200004,100.0004000016,1600.10240655402,400.006400102402,0,0,1200.05760276493,0,0,0,
158.34155,0,400.006400102402,100.0004000016,1000.04000160006,200.0016000128,100.0004000016,100.0004000016,1200.05760276493,0,0,0,
158.46783,0,200.0016000128,200.0016000128,1900.14441097523,300.003600043201,200.0016000128,200.0016000128,600.014400345608,0,0,0,
158.59409,0,400.006400102402,0,1600.10240655402,100.0004000016,0,0,800.025600819226,0,0,0,
158.72031,0,100.0004000016,100.0004000016,1000.04000160006,200.0016000128,300.003600043201,0,900.032401166442,0,0,0,
158.84658,0,300.003600043201,100.0004000016,1300.06760351538,100.0004000016,0,200.0016000128,1100.04840212969,0,0,0,
158.97284,0,200.0016000128,400.006400102402,1800.12960933187,300.003600043201,0,0,700.019600548815,0,0,0,
159.09908,100.0004000016,400.006400102402,200.0016000128,1000.04000160006,0,0,0,1100.04840212969,0,0,0,
159.22529,0,700.019600548815,200.0016000128,1000.04000160006,300.003600043201,100.0004000016,100.0004000016,1100.04840212969,0,0,0,
159.3515,100.0004000016,400.006400102402,100.0004000016,1200.05760276493,0,0,0,1400.07840439065,0,0,0,
159.47782,0,200.0016000128,100.0004000016,1300.06760351538,100.0004000016,0,100.0004000016,800.025600819226,0,0,0,
159.60399,0,300.003600043201,200.0016000128,1800.12960933187,200.0016000128,0,0,1000.04000160006,0,0,0,
159.73029,0,400.006400102402,0,1300.06760351538,0,100.0004000016,0,1000.04000160006,0,0,0,
159.85648,0,700.019600548815,100.0004000016,500.010000200004,300.003600043201,100.0004000016,300.003600043201,1200.05760276493,0,0,0,
159.98271,0,200.0016000128,300.003600043201,1900.14441097523,100.0004000016,0,100.0004000016,700.019600548815,0,0,0,
160.10894,0,400.006400102402,100.0004000016,1900.14441097523,100.0004000016,0,100.0004000016,800.025600819226,0,0,0,
160.2351,0,500.010000200004,200.0016000128,2000.16001280102,200.0016000128,0,100.0004000016,1900.14441097523,0,0,0,
160.36132,0,300.003600043201,400.006400102402,1000.04000160006,0,0,100.0004000016,500.010000200004,0,0,0,
160.48755,0,400.006400102402,200.0016000128,1400.07840439065,200.0016000128,0,100.0004000016,900.032401166442,0,0,0,
160.61376,100.0004000016,200.0016000128,100.0004000016,1600.10240655402,100.0004000016,0,100.0004000016,900.032401166442,0,0,100.0004000016,
160.74008,0,600.014400345608,100.0004000016,1000.04000160006,200.0016000128,0,0,1100.04840212969,0,0,0,
160.86636,100.0004000016,100.0004000016,200.0016000128,1600.10240655402,0,100.0004000016,100.0004000016,1400.07840439065,0,0,0,
160.99259,100.0004000016,500.010000200004,400.006400102402,1300.06760351538,200.0016000128,100.0004000016,100.0004000016,900.032401166442,0,0,0,
161.11891,0,300.003600043201,100.0004000016,1300.06760351538,100.0004000016,0,100.0004000016,1200.05760276493,0,0,0,
161.24514,0,700.019600548815,100.0004000016,1300.06760351538,0,0,100.0004000016,800.025600819226,0,0,0,
161.37143,200.0016000128,200.0016000128,100.0004000016,900.032401166442,300.003600043201,100.0004000016,100.0004000016,1300.06760351538,0,0,0,
161.49774,0,700.019600548815,0,1400.07840439065,100.0004000016,0,0,1700.11560786133,0,0,0,
161.62398,200.0016000128,400.006400102402,0,900.032401166442,0,0,100.0004000016,600.014400345608,0,0,0,
161.75028,0,800.025600819226,0,1400.07840439065,200.0016000128,100.0004000016,200.0016000128,400.006400102402,0,0,0,
161.87652,100.0004000016,500.010000200004,0,1500.09000540032,200.0016000128,0,100.0004000016,700.019600548815,0,0,0,
162.00272,0,400.006400102402,200.0016000128,1500.09000540032,200.0016000128,0,0,900.032401166442,0,0,0,
162.12904,0,100.0004000016,0,1400.07840439065,0,0,100.0004000016,1100.04840212969,0,0,0,
162.25523,0,100.0004000016,100.0004000016,1600.10240655402,200.0016000128,0,0,1000.04000160006,0,0,0,
162.38143,200.0016000128,100.0004000016,200.0016000128,1700.11560786133,100.0004000016,0,0,900.032401166442,0,0,0,
162.5077,0,500.010000200004,100.0004000016,1300.06760351538,200.0016000128,100.0004000016,200.0016000128,1200.05760276493,0,0,0,
162.63394,0,500.010000200004,400.006400102402,1500.09000540032,100.0004000016,200.0016000128,0,600.014400345608,0,0,0,
162.76016,0,300.003600043201,400.006400102402,700.019600548815,200.0016000128,0,0,900.032401166442,0,0,0,

