- 60:03/07/2023 10:31:28 PM;
Software:Name=Qtegra;Version=2.10.3324.83;File Version=1;
Configuration:Machine=iCAP RQ;
STDS:Additional Gas Flow 1=0;Additional Gas Flow 2=0;Additional Gas Flow 3=0;CCT Entry Lens=-108.333333333333;Angular Deflection=-370;Deflection Entry Lens=-35;Extraction Lens 1 Polarity=0;Extraction Lens 1 Negative=0;Extraction Lens 1 Positive=0;Spray Chamber Temperature=2.7;Peristaltic Pump Speed=0;Cool Flow=14;Sampling Depth=5;Plasma Power=1550;Auxilliary Flow=0.8;Nebulizer Flow=1.105;Torch Horizontal Position=-0.723333333333333;Torch Vertical Position=0.3;Extraction Lens 2=-130;CCT Focus Lens=-1.08;CCT Bias=-2;CCT Exit Lens=-160;Focus Lens=18.8;D1 Lens=-200;D2 Lens=-80;Quad Entry Lens=-29.4;Pole Bias=-1;CCT1 Flow=0;CCT2 Flow=0;CCT1 Shut-Off Valve=0;CCT2 Shut-Off Valve=0;Virtual CCT Mass to Dac Factor=130;Virtual CCT Mass to Dac Offset=35;Virtual CCT Mass parameter b=0.65;Virtual CCT Mass Maximum Dac Limit Set=4095;
RF Generator:RF Plasma Lit Readback=1;RF FET Temperature Ok Readback=1;Plasma Power Readback=1548.6077186126;
Ion Optics:Pole Bias Readback=-0.793743890518083;Torch Horizontal Position Readback=-0.72316715542522;Torch Vertical Position Readback=0.300879765395894;Sampling Depth Readback=5;Extraction Lens 1 Negative Readback=-200.39100684262;Extraction Lens 1 Positive Readback=0.00977517106549364;Extraction Lens 2 Readback=-137.82991202346;Angular Deflection Readback=-369.560117302053;Quad Entry Lens Readback=-29.8142717497556;Focus Lens Readback=18.3724340175953;D2 Lens Readback=-80.9384164222874;Deflection Exit Lens Readback=34.6578690127077;Deflection Entry Lens Readback=-35.425219941349;D1 Lens Readback=-200.58651026393;CCT Exit Lens Readback=-162.512218963832;CCT Bias Readback=-2.08699902248289;CCT Entry Lens Readback=-109.237536656891;CCT Focus Lens Readback=-1.53958944281525;
Vacuum:Analyzer Vacuum Ok Readback=1;Interface Pressure Readback=2.02512396424301;Analyzer Pressure Readback=2.24603955216639E-07;
Detector:Detector Voltage (Counting) Readback=1618.76832844575;Detector Voltage (Analog) Readback=-1978.49462365591;
Cooling System:Plasma Cooling Water Flow Readback=0.909803921568627;Interface Temperature Readback=31.3538974560148;Exhaust Flow Readback=0.550695014662757;Quad Board Temperature Readback=0;Inlet Fan Speed Readback=0;Outlet Fan Speed Readback=2447.05882352941;Peltier Temperature Hot Side Readback=20.7862437909878;Spray Chamber Temperature Readback=2.6293915694153;
Power Supply:Supply Voltage 500 V Readback=-539.467253176931;Supply Voltage 1 kV Readback=-1168.13294232649;
Gas Supply:Nebulizer Supply Pressure Readback=0.0564456989247311;Nebulizer Flow Readback=1.10263929618768;Cool Flow Readback=13.9589442815249;Auxilliary Flow Readback=0.797653958944281;CCT2 Flow Readback=0;CCT1 Flow Readback=0;Additional Gas Flow 1 Readback=0;
Pulse Counting:Threshold=2500000;

Time,24Mg,26Mg,43Ca,55Mn,59Co,63Cu,66Zn,86Sr,88Sr,138Ba,208Pb,
,dwell time=0.01;xcal factor=66096.21568,dwell time=0.01;xcal factor=66420.50783,dwell time=0.01;xcal factor=69176.99106,dwell time=0.01;xcal factor=80139.50903,dwell time=0.01;xcal factor=85118.72235,dwell time=0.01;xcal factor=86639.08057,dwell time=0.01;xcal factor=86821.65425,dwell time=0.01;xcal factor=85302.89892,dwell time=0.01;xcal factor=82608.9753,dwell time=0.01;xcal factor=93538.82005,dwell time=0.01;xcal factor=107923.33534,
0.0125,0,400.006400102402,200.0016000128,1400.07840439065,200.0016000128,100.0004000016,100.0004000016,1000.04000160006,0,0,100.0004000016,
0.13879,0,0,200.0016000128,600.014400345608,0,0,200.0016000128,900.032401166442,0,0,0,
0.2651,0,100.0004000016,200.0016000128,600.014400345608,600.014400345608,0,100.0004000016,800.025600819226,0,0,0,
0.39138,0,500.010000200004,200.0016000128,1000.04000160006,200.0016000128,100.0004000016,0,800.025600819226,0,0,0,
0.51767,0,300.003600043201,100.0004000016,1900.14441097523,300.003600043201,0,0,800.025600819226,0,0,0,
0.64388,0,400.006400102402,200.0016000128,1100.04840212969,200.0016000128,0,0,900.032401166442,0,0,0,
0.77009,100.0004000016,500.010000200004,0,800.025600819226,200.0016000128,100.0004000016,0,400.006400102402,0,0,0,
0.89645,0,400.006400102402,300.003600043201,500.010000200004,400.006400102402,200.0016000128,0,700.019600548815,0,0,0,
1.02264,0,400.006400102402,200.0016000128,1200.05760276493,500.010000200004,100.0004000016,0,1000.04000160006,0,0,0,
1.14885,0,300.003600043201,0,1300.06760351538,0,300.003600043201,100.0004000016,1200.05760276493,0,0,0,
1.27506,0,200.0016000128,100.0004000016,1300.06760351538,100.0004000016,0,0,1400.07840439065,0,0,0,
1.4013,0,500.010000200004,0,600.014400345608,100.0004000016,100.0004000016,0,800.025600819226,0,0,0,
1.52757,100.0004000016,200.0016000128,0,1000.04000160006,100.0004000016,0,0,900.032401166442,0,0,0,
1.65375,100.0004000016,500.010000200004,0,1500.09000540032,100.0004000016,200.0016000128,0,900.032401166442,0,0,0,
1.77997,0,600.014400345608,400.006400102402,1100.04840212969,100.0004000016,0,100.0004000016,1600.10240655402,0,0,0,
1.90617,0,500.010000200004,100.0004000016,1200.05760276493,500.010000200004,0,0,1300.06760351538,0,0,0,
2.0324,0,300.003600043201,0,1600.10240655402,300.003600043201,0,0,1100.04840212969,0,0,0,
2.15872,100.0004000016,500.010000200004,300.003600043201,900.032401166442,100.0004000016,100.0004000016,100.0004000016,700.019600548815,0,0,200.0016000128,
2.28503,0,300.003600043201,100.0004000016,1200.05760276493,200.0016000128,100.0004000016,0,1800.12960933187,0,0,0,
2.41131,100.0004000016,500.010000200004,0,1200.05760276493,500.010000200004,0,0,1100.04840212969,0,0,0,
2.5376,0,300.003600043201,300.003600043201,1300.06760351538,0,0,100.0004000016,600.014400345608,0,0,0,
2.66385,0,500.010000200004,100.0004000016,1200.05760276493,200.0016000128,100.0004000016,0,1500.09000540032,0,0,0,
2.79004,0,600.014400345608,100.0004000016,1300.06760351538,100.0004000016,100.0004000016,0,1600.10240655402,0,0,0,
2.91631,0,100.0004000016,200.0016000128,1200.05760276493,200.0016000128,0,0,500.010000200004,0,0,0,
3.04255,100.0004000016,300.003600043201,100.0004000016,1400.07840439065,200.0016000128,100.0004000016,200.0016000128,400.006400102402,0,0,0,
3.16883,100.0004000016,200.0016000128,0,1900.14441097523,0,0,0,800.025600819226,0,0,0,
3.29507,100.0004000016,600.014400345608,200.0016000128,1100.04840212969,300.003600043201,0,0,1200.05760276493,0,0,0,
3.42127,200.0016000128,400.006400102402,100.0004000016,1400.07840439065,200.0016000128,0,0,700.019600548815,0,0,100.0004000016,
3.5475,0,300.003600043201,100.0004000016,1200.05760276493,0,100.0004000016,0,200.0016000128,0,0,0,
3.67373,0,600.014400345608,200.0016000128,1000.04000160006,100.0004000016,0,100.0004000016,600.014400345608,0,0,0,
3.80001,0,200.0016000128,100.0004000016,1400.07840439065,200.0016000128,0,100.0004000016,700.019600548815,0,0,0,
3.92633,200.0016000128,500.010000200004,0,700.019600548815,200.0016000128,200.0016000128,0,1300.06760351538,0,0,0,
4.05256,0,200.0016000128,200.0016000128,700.019600548815,200.0016000128,0,100.0004000016,1100.04840212969,0,0,0,
4.17879,0,200.0016000128,0,1000.04000160006,100.0004000016,0,0,900.032401166442,0,0,0,
4.30507,0,300.003600043201,0,1200.05760276493,100.0004000016,200.0016000128,200.0016000128,1100.04840212969,0,0,0,
4.43132,0,100.0004000016,0,1400.07840439065,100.0004000016,100.0004000016,0,900.032401166442,0,0,0,
4.55763,0,300.003600043201,0,1000.04000160006,300.003600043201,100.0004000016,0,900.032401166442,0,0,0,
4.68395,200.0016000128,400.006400102402,300.003600043201,1000.04000160006,200.0016000128,0,0,400.006400102402,0,0,0,
4.81026,0,200.0016000128,300.003600043201,1400.07840439065,0,0,200.0016000128,800.025600819226,0,0,0,
4.93654,0,300.003600043201,100.0004000016,1700.11560786133,100.0004000016,0,100.0004000016,900.032401166442,0,0,0,
5.06283,0,400.006400102402,0,1400.07840439065,100.0004000016,300.003600043201,0,600.014400345608,0,0,0,
5.18904,0,600.014400345608,200.0016000128,1900.14441097523,200.0016000128,100.0004000016,0,500.010000200004,0,0,0,
5.31524,0,0,200.0016000128,1200.05760276493,100.0004000016,100.0004000016,200.0016000128,800.025600819226,0,0,0,
5.4416,0,400.006400102402,100.0004000016,600.014400345608,0,0,200.0016000128,1500.09000540032,0,0,0,
5.56791,0,200.0016000128,200.0016000128,1000.04000160006,200.0016000128,100.0004000016,0,1100.04840212969,0,0,0,
5.69417,0,400.006400102402,100.0004000016,700.019600548815,100.0004000016,0,0,500.010000200004,0,0,0,
5.82038,0,100.0004000016,100.0004000016,1400.07840439065,100.0004000016,0,300.003600043201,1100.04840212969,0,0,0,
5.94661,0,400.006400102402,0,1600.10240655402,300.003600043201,0,0,1300.06760351538,0,0,0,
6.07289,0,500.010000200004,100.0004000016,1300.06760351538,100.0004000016,300.003600043201,0,700.019600548815,0,0,0,
6.19905,0,500.010000200004,100.0004000016,800.025600819226,100.0004000016,0,0,900.032401166442,0,0,0,
6.32524,0,300.003600043201,300.003600043201,1500.09000540032,100.0004000016,300.003600043201,100.0004000016,700.019600548815,0,0,0,
6.45157,0,500.010000200004,0,700.019600548815,200.0016000128,100.0004000016,0,600.014400345608,0,0,0,
6.5778,0,200.0016000128,100.0004000016,1500.09000540032,100.0004000016,0,200.0016000128,1000.04000160006,0,0,0,
6.70403,0,300.003600043201,0,900.032401166442,300.003600043201,200.0016000128,0,1100.04840212969,0,0,0,
6.83019,0,600.014400345608,300.003600043201,2100.17641481884,400.006400102402,200.0016000128,100.0004000016,1200.05760276493,0,0,0,
6.95648,100.0004000016,400.006400102402,200.0016000128,800.025600819226,0,0,0,800.025600819226,0,0,0,
7.0827,0,300.003600043201,100.0004000016,700.019600548815,200.0016000128,100.0004000016,0,400.006400102402,0,0,0,
7.20893,0,700.019600548815,100.0004000016,1100.04840212969,300.003600043201,0,0,700.019600548815,0,0,0,
7.3352,0,600.014400345608,100.0004000016,800.025600819226,100.0004000016,100.0004000016,100.0004000016,1300.06760351538,0,0,0,
7.4614,100.0004000016,400.006400102402,100.0004000016,2000.16001280102,200.0016000128,100.0004000016,100.0004000016,900.032401166442,0,0,0,
7.58764,0,600.014400345608,200.0016000128,1100.04840212969,100.0004000016,100.0004000016,0,900.032401166442,0,0,0,
7.71387,100.0004000016,600.014400345608,0,1500.09000540032,200.0016000128,100.0004000016,0,1100.04840212969,0,0,0,
7.84015,0,100.0004000016,300.003600043201,1000.04000160006,300.003600043201,100.0004000016,400.006400102402,300.003600043201,0,0,0,
7.96644,0,200.0016000128,0,1000.04000160006,100.0004000016,100.0004000016,400.006400102402,300.003600043201,0,0,0,
8.09258,0,100.0004000016,100.0004000016,900.032401166442,100.0004000016,0,100.0004000016,1200.05760276493,0,0,0,
8.21889,0,400.006400102402,0,700.019600548815,300.003600043201,0,0,900.032401166442,0,0,0,
8.34516,0,200.0016000128,100.0004000016,800.025600819226,0,100.0004000016,100.0004000016,1100.04840212969,0,0,0,
8.47139,0,500.010000200004,200.0016000128,1400.07840439065,200.0016000128,100.0004000016,0,900.032401166442,0,0,0,
8.59765,0,300.003600043201,400.006400102402,1000.04000160006,100.0004000016,0,0,600.014400345608,0,0,0,
8.72396,0,300.003600043201,100.0004000016,1600.10240655402,100.0004000016,0,100.0004000016,900.032401166442,0,0,0,
8.85019,0,900.032401166442,200.0016000128,400.006400102402,100.0004000016,0,100.0004000016,800.025600819226,0,0,0,
8.97641,0,500.010000200004,200.0016000128,1500.09000540032,0,100.0004000016,0,900.032401166442,0,0,0,
9.10265,0,0,100.0004000016,1900.14441097523,0,0,0,500.010000200004,0,0,0,
9.22887,100.0004000016,300.003600043201,300.003600043201,800.025600819226,300.003600043201,300.003600043201,100.0004000016,900.032401166442,0,0,0,
9.35513,0,1000.04000160006,200.0016000128,1700.11560786133,100.0004000016,100.0004000016,100.0004000016,400.006400102402,0,0,0,
9.48138,0,200.0016000128,0,900.032401166442,100.0004000016,100.0004000016,0,800.025600819226,0,0,0,
9.60759,0,400.006400102402,0,1500.09000540032,200.0016000128,0,100.0004000016,800.025600819226,0,0,0,
9.73394,0,200.0016000128,100.0004000016,500.010000200004,200.0016000128,0,100.0004000016,1100.04840212969,0,0,0,
9.86017,0,500.010000200004,0,800.025600819226,0,100.0004000016,0,1900.14441097523,0,0,0,
9.98632,0,500.010000200004,200.0016000128,1200.05760276493,0,0,100.0004000016,800.025600819226,0,0,0,
10.11262,0,500.010000200004,0,1900.14441097523,400.006400102402,0,0,1200.05760276493,0,0,0,
10.23883,0,400.006400102402,500.010000200004,700.019600548815,300.003600043201,0,0,800.025600819226,0,0,0,
10.3651,0,500.010000200004,0,1600.10240655402,400.006400102402,0,100.0004000016,800.025600819226,0,0,0,
10.49143,0,400.006400102402,200.0016000128,1000.04000160006,0,0,0,1300.06760351538,0,0,0,
10.61776,0,400.006400102402,300.003600043201,900.032401166442,400.006400102402,0,100.0004000016,1100.04840212969,0,0,0,
10.74407,0,600.014400345608,200.0016000128,700.019600548815,0,0,200.0016000128,1100.04840212969,0,0,0,
10.87038,0,400.006400102402,100.0004000016,900.032401166442,200.0016000128,0,200.0016000128,1200.05760276493,0,0,0,
10.9967,0,600.014400345608,0,1600.10240655402,200.0016000128,0,100.0004000016,900.032401166442,0,0,0,
11.12293,0,800.025600819226,200.0016000128,1600.10240655402,300.003600043201,0,200.0016000128,1100.04840212969,100.0004000016,0,0,
11.24921,0,600.014400345608,100.0004000016,1200.05760276493,100.0004000016,300.003600043201,0,800.025600819226,0,0,0,
11.37549,100.0004000016,400.006400102402,300.003600043201,900.032401166442,100.0004000016,100.0004000016,200.0016000128,800.025600819226,0,0,0,
11.50174,0,300.003600043201,100.0004000016,900.032401166442,0,100.0004000016,0,200.0016000128,0,100.0004000016,0,
11.62805,0,300.003600043201,100.0004000016,1700.11560786133,100.0004000016,0,0,300.003600043201,0,0,0,
11.75436,0,800.025600819226,200.0016000128,1400.07840439065,200.0016000128,0,0,1100.04840212969,0,0,0,
11.88062,100.0004000016,400.006400102402,0,1000.04000160006,100.0004000016,0,100.0004000016,800.025600819226,0,0,0,
12.00687,0,300.003600043201,0,1500.09000540032,300.003600043201,100.0004000016,0,1600.10240655402,0,0,0,
12.13318,100.0004000016,300.003600043201,100.0004000016,700.019600548815,200.0016000128,100.0004000016,300.003600043201,1000.04000160006,0,0,0,
12.25942,0,900.032401166442,100.0004000016,1000.04000160006,100.0004000016,0,300.003600043201,1000.04000160006,0,0,0,
12.38572,100.0004000016,600.014400345608,500.010000200004,1200.05760276493,200.0016000128,0,100.0004000016,500.010000200004,0,0,0,
12.51203,0,200.0016000128,200.0016000128,1000.04000160006,0,200.0016000128,0,1200.05760276493,0,0,0,
12.63826,0,300.003600043201,200.0016000128,1800.12960933187,200.0016000128,0,0,900.032401166442,0,0,0,
12.76449,0,500.010000200004,200.0016000128,1200.05760276493,200.0016000128,100.0004000016,0,700.019600548815,0,0,0,
12.89077,100.0004000016,200.0016000128,200.0016000128,1400.07840439065,200.0016000128,0,200.0016000128,1000.04000160006,0,0,0,
13.01694,0,100.0004000016,100.0004000016,1000.04000160006,300.003600043201,100.0004000016,0,1400.07840439065,0,0,0,
13.14323,0,400.006400102402,0,1600.10240655402,200.0016000128,200.0016000128,0,1400.07840439065,0,0,0,
13.26953,0,300.003600043201,100.0004000016,1200.05760276493,100.0004000016,0,0,1100.04840212969,0,0,0,
13.39584,0,400.006400102402,0,1300.06760351538,300.003600043201,100.0004000016,100.0004000016,1400.07840439065,0,0,0,
13.52208,0,300.003600043201,200.0016000128,1300.06760351538,300.003600043201,0,200.0016000128,1000.04000160006,0,0,0,
13.64834,0,300.003600043201,0,1400.07840439065,500.010000200004,0,0,400.006400102402,0,0,0,
13.77463,0,300.003600043201,100.0004000016,1000.04000160006,200.0016000128,0,0,1200.05760276493,0,0,0,
13.90078,0,300.003600043201,200.0016000128,1300.06760351538,100.0004000016,100.0004000016,200.0016000128,900.032401166442,0,0,0,
14.02699,0,100.0004000016,100.0004000016,900.032401166442,200.0016000128,100.0004000016,100.0004000016,500.010000200004,0,0,0,
14.1533,0,300.003600043201,0,1500.09000540032,0,100.0004000016,0,500.010000200004,0,0,0,
14.27961,0,300.003600043201,0,600.014400345608,100.0004000016,100.0004000016,200.0016000128,1300.06760351538,0,0,100.0004000016,
14.40587,0,500.010000200004,0,1200.05760276493,100.0004000016,100.0004000016,0,1200.05760276493,0,0,0,
14.53208,0,300.003600043201,100.0004000016,1200.05760276493,100.0004000016,0,300.003600043201,1100.04840212969,0,0,0,
14.65831,0,400.006400102402,0,1100.04840212969,200.0016000128,0,300.003600043201,500.010000200004,0,0,0,
14.78461,0,200.0016000128,500.010000200004,1500.09000540032,300.003600043201,0,0,700.019600548815,0,0,0,
14.91079,0,500.010000200004,200.0016000128,1100.04840212969,200.0016000128,0,100.0004000016,900.032401166442,0,0,0,
15.03699,0,300.003600043201,0,1400.07840439065,0,100.0004000016,100.0004000016,1400.07840439065,0,0,0,
15.16327,0,100.0004000016,400.006400102402,1200.05760276493,300.003600043201,0,0,300.003600043201,0,0,0,
15.28951,100.0004000016,400.006400102402,400.006400102402,900.032401166442,200.0016000128,100.0004000016,200.0016000128,300.003600043201,0,0,0,
15.4158,0,200.0016000128,100.0004000016,1100.04840212969,100.0004000016,200.0016000128,100.0004000016,600.014400345608,0,0,0,
15.54194,0,400.006400102402,200.0016000128,1800.12960933187,0,100.0004000016,0,900.032401166442,0,0,0,
15.66818,0,400.006400102402,100.0004000016,1300.06760351538,100.0004000016,100.0004000016,0,800.025600819226,0,0,0,
15.79433,0,300.003600043201,100.0004000016,1000.04000160006,100.0004000016,0,300.003600043201,1100.04840212969,0,0,0,
15.92068,0,400.006400102402,400.006400102402,1000.04000160006,100.0004000016,0,0,1400.07840439065,0,0,0,
16.04695,100.0004000016,300.003600043201,100.0004000016,1000.04000160006,100.0004000016,0,0,1000.04000160006,0,0,200.0016000128,
16.17324,0,700.019600548815,100.0004000016,1000.04000160006,300.003600043201,0,0,500.010000200004,0,0,0,
16.29955,0,500.010000200004,300.003600043201,1500.09000540032,100.0004000016,100.0004000016,0,700.019600548815,0,0,0,
16.42581,0,700.019600548815,0,1300.06760351538,200.0016000128,200.0016000128,0,600.014400345608,0,0,0,
16.55201,0,300.003600043201,100.0004000016,900.032401166442,200.0016000128,100.0004000016,100.0004000016,900.032401166442,0,0,0,
16.67825,0,600.014400345608,200.0016000128,600.014400345608,0,100.0004000016,100.0004000016,2400.23042212052,0,0,0,
16.80453,0,400.006400102402,300.003600043201,1000.04000160006,200.0016000128,100.0004000016,0,1000.04000160006,0,0,0,
16.93082,0,400.006400102402,100.0004000016,1500.09000540032,200.0016000128,300.003600043201,0,700.019600548815,0,0,0,
17.05711,0,500.010000200004,100.0004000016,700.019600548815,200.0016000128,0,200.0016000128,500.010000200004,0,0,0,
17.18336,0,400.006400102402,0,1600.10240655402,100.0004000016,0,100.0004000016,800.025600819226,0,0,0,
17.30968,100.0004000016,300.003600043201,100.0004000016,1000.04000160006,100.0004000016,0,100.0004000016,1500.09000540032,0,0,0,
17.43589,0,400.006400102402,100.0004000016,1600.10240655402,100.0004000016,200.0016000128,200.0016000128,300.003600043201,0,0,0,
17.56213,0,300.003600043201,0,800.025600819226,200.0016000128,100.0004000016,0,600.014400345608,0,0,0,
17.68837,0,600.014400345608,300.003600043201,1600.10240655402,400.006400102402,0,0,1000.04000160006,0,0,0,
17.81459,0,200.0016000128,0,1600.10240655402,200.0016000128,0,0,300.003600043201,0,0,0,
17.9408,0,300.003600043201,100.0004000016,1200.05760276493,0,0,0,1000.04000160006,0,0,0,
18.06708,100.0004000016,200.0016000128,0,2100.17641481884,300.003600043201,0,0,500.010000200004,0,0,0,
18.19329,0,300.003600043201,0,1100.04840212969,100.0004000016,100.0004000016,300.003600043201,1400.07840439065,0,0,0,
18.3195,0,300.003600043201,0,1000.04000160006,200.0016000128,0,0,800.025600819226,0,0,0,
18.44586,0,100.0004000016,400.006400102402,1200.05760276493,200.0016000128,0,200.0016000128,900.032401166442,0,0,0,
18.57205,0,700.019600548815,0,500.010000200004,100.0004000016,0,100.0004000016,900.032401166442,100.0004000016,0,0,
18.69834,0,500.010000200004,200.0016000128,1300.06760351538,100.0004000016,100.0004000016,0,800.025600819226,0,0,0,
18.82456,0,200.0016000128,300.003600043201,900.032401166442,200.0016000128,0,0,800.025600819226,0,0,0,
18.95078,0,400.006400102402,200.0016000128,800.025600819226,100.0004000016,100.0004000016,0,300.003600043201,0,0,0,
19.077,0,600.014400345608,400.006400102402,1400.07840439065,300.003600043201,0,100.0004000016,1000.04000160006,0,0,0,
19.20323,0,400.006400102402,100.0004000016,1300.06760351538,200.0016000128,300.003600043201,0,900.032401166442,0,0,0,
19.32947,100.0004000016,300.003600043201,100.0004000016,700.019600548815,100.0004000016,300.003600043201,0,500.010000200004,0,0,0,
19.45573,0,0,100.0004000016,700.019600548815,100.0004000016,100.0004000016,100.0004000016,1600.10240655402,0,0,0,
19.58202,0,200.0016000128,100.0004000016,1200.05760276493,300.003600043201,0,0,1400.07840439065,0,0,0,
19.70829,0,500.010000200004,100.0004000016,1000.04000160006,100.0004000016,0,0,700.019600548815,0,0,0,
19.83456,0,600.014400345608,100.0004000016,700.019600548815,0,0,0,300.003600043201,0,0,0,
19.96073,100.0004000016,300.003600043201,0,700.019600548815,100.0004000016,100.0004000016,100.0004000016,1100.04840212969,0,0,0,
20.08702,0,300.003600043201,0,1000.04000160006,100.0004000016,100.0004000016,0,1100.04840212969,0,0,0,
20.21337,0,400.006400102402,200.0016000128,1200.05760276493,0,0,0,900.032401166442,0,0,0,
20.33961,0,300.003600043201,700.019600548815,1300.06760351538,300.003600043201,0,0,700.019600548815,0,0,0,
20.4659,200.0016000128,200.0016000128,0,1100.04840212969,0,100.0004000016,0,900.032401166442,0,0,0,
20.59213,0,100.0004000016,100.0004000016,1000.04000160006,100.0004000016,0,200.0016000128,500.010000200004,0,0,0,
20.71831,500.010000200004,300.003600043201,38760.0004807442,1500.09000540032,200.0016000128,600.014400345608,4300.73972723308,94858.5653771255,718987.216522428,5301.12383825371,200.0016000128,
20.84451,24624.2302425587,5201.0818250196,562267.638987162,3200.40965243551,400.006400102402,600.014400345608,11505.2924345199,174002.706708771,1654120.81691697,7702.37233067785,0,
20.97069,27530.2833116428,4700.88376614804,745168.146842201,3800.57768780855,600.014400345608,100.0004000016,10804.6676164103,196431.379030925,1638425.11160999,5901.39272868397,0,
21.09698,23421.922919853,5001.00020004001,820471.29589847,4600.84655576626,200.0016000128,400.006400102402,12806.5569571621,205678.335215357,1791493.59361805,6701.7960813498,0,
21.22327,28231.8455217485,5101.04061228491,918661.021236714,4800.92177698118,800.025600819226,500.010000200004,11205.0198488923,217679.00517265,1758208.12579481,7702.37233067785,100.0004000016,
21.34956,24724.4277346018,4400.77453631839,876595.550881667,3100.38444767151,100.0004000016,600.014400345608,13106.8679988314,225210.680959607,1879292.6230319,6501.69043951427,0,
21.47584,25526.0365572884,3200.40965243551,878309.835828002,5201.0818250196,300.003600043201,500.010000200004,12806.5569571621,220528.299450394,1883917.39540005,6601.74286011507,0,
21.6021,25125.2257266295,3500.49006860961,891495.989925101,3900.60849492521,300.003600043201,700.019600548815,14107.9568876847,198259.908963727,1816860.49825771,6101.48876325823,0,
21.72829,27530.2833116428,5001.00020004001,841930.08207397,4700.88376614804,100.0004000016,300.003600043201,13607.4024269202,207609.874929923,1843273.93453677,4800.92177698118,0,
21.85455,23522.1107841371,4100.67251029169,842891.757564731,4300.73972723308,100.0004000016,500.010000200004,14208.0701838644,198463.095338889,1816093.0883129,6301.58800017604,0,
21.98082,22820.8125810739,4800.92177698118,905984.075073469,5101.04061228491,300.003600043201,300.003600043201,14107.9568876847,219815.915519669,1926076.07370421,6401.6388195378,0,
22.10713,24423.8376655616,4200.70571856072,909313.258106506,4900.9605882753,400.006400102402,700.019600548815,11205.0198488923,214728.629004603,1774048.45031808,4900.9605882753,0,
22.23339,23822.6791905894,3200.40965243551,866421.659920704,4200.70571856072,300.003600043201,500.010000200004,14408.2991803279,205881.641245695,1770149.35601729,5101.04061228491,0,
22.35969,23722.4889194957,4700.88376614804,875524.238121064,3900.60849492521,600.014400345608,300.003600043201,13006.7635170289,215237.265296572,1797237.09766628,5601.25468104855,0,
22.48588,26928.9755777216,3900.60849492521,880238.677913183,3800.57768780855,100.0004000016,700.019600548815,13206.9732818928,202730.766283988,1839700.42599973,5201.0818250196,0,
22.6122,26427.9078707115,4000.64010241639,888814.789347892,5401.16665199683,400.006400102402,1000.04000160006,14007.84439286,205678.335215357,1818049.19073855,5601.25468104855,0,
22.73847,25526.0365572884,5001.00020004001,886777.448267864,5901.39272868397,300.003600043201,900.032401166442,14808.7667899396,209338.345622045,1751815.91326419,5001.00020004001,0,
22.86468,22420.0883992057,3300.43565750679,865779.366971262,4400.77453631839,400.006400102402,800.025600819226,14208.0701838644,207508.207564672,1767512.37729772,3800.57768780855,0,
22.99095,24624.2302425587,3700.5476810568,876167.015132383,3900.60849492521,300.003600043201,700.019600548815,14408.2991803279,208829.947283295,1758344.3220934,4900.9605882753,0,
23.11727,24323.6425805883,5301.12383825371,872953.449382154,4100.67251029169,100.0004000016,300.003600043201,15209.2472223112,194501.551981296,1711228.11816193,5401.16665199683,0,
23.24356,24824.6260290208,4400.77453631839,867721.587304195,5101.04061228491,300.003600043201,200.0016000128,15809.9919148902,206186.606440685,1740827.89603166,3700.5476810568,0,
23.36984,25726.4467872973,4400.77453631839,899220.951433781,5701.29989637637,500.010000200004,1300.06760351538,12606.3536022155,209236.664313805,1774507.24196872,4200.70571856072,0,
23.49618,26728.5460872212,4600.84655576626,944159.865837561,4500.81014582625,600.014400345608,400.006400102402,13607.4024269202,201206.43215432,1725391.25972804,4900.9605882753,0,
23.62241,23121.3641404658,2600.27042812453,827300.076035571,4800.92177698118,400.006400102402,700.019600548815,11905.6670975384,191962.756202261,1645975.1787412,4000.64010241639,0,
23.74867,25425.8326459683,5901.39272868397,866956.928412679,5001.00020004001,300.003600043201,800.025600819226,15009.0054032419,198361.501741711,1678732.56811614,4700.88376614804,0,
23.87501,28131.6199408135,4200.70571856072,885919.716373155,4200.70571856072,100.0004000016,300.003600043201,14208.0701838644,195517.21357736,1742315.32826727,4100.67251029169,0,
24.00125,28532.5270808722,4300.73972723308,897396.586515951,4300.73972723308,300.003600043201,700.019600548815,13106.8679988314,208728.270076231,1646543.19724411,5001.00020004001,0,
24.12759,25726.4467872973,4300.73972723308,870061.922580218,5301.12383825371,400.006400102402,900.032401166442,16010.246557797,199783.886653388,1680668.68159077,4100.67251029169,0,
24.2538,24724.4277346018,4600.84655576626,869098.223931192,5101.04061228491,200.0016000128,800.025600819226,11705.4781637807,199580.678977502,1691493.31431475,3300.43565750679,0,
24.38003,27329.8441898553,4800.92177698118,849732.403570158,4400.77453631839,200.0016000128,500.010000200004,14708.648685427,187394.212944306,1637599.02185699,3700.5476810568,0,
24.50631,28031.3951625821,4000.64010241639,846418.513479424,4200.70571856072,400.006400102402,1000.04000160006,13206.9732818928,202121.010504244,1715224.25827851,3400.46246289495,100.0004000016,
24.63263,27630.5040765005,3700.5476810568,907380.079919086,6501.69043951427,300.003600043201,1100.04840212969,11705.4781637807,195821.928024607,1752159.43430954,3700.5476810568,0,
24.75894,24924.8251258253,3900.60849492521,894177.745922185,5301.12383825371,300.003600043201,500.010000200004,13807.6218072376,203238.918639912,1648361.01920388,3500.49006860961,0,
24.88523,25926.8602271954,3200.40965243551,876274.147739035,5601.25468104855,200.0016000128,700.019600548815,13407.186251831,187800.238578844,1649951.81688711,3400.46246289495,0,
25.0115,27530.2833116428,4500.81014582625,849625.490625892,5601.25468104855,100.0004000016,200.0016000128,14308.184281409,185770.241299828,1654611.67429344,3400.46246289495,0,
25.13771,27329.8441898553,4300.73972723308,881310.381097119,6101.48876325823,700.019600548815,800.025600819226,13807.6218072376,199479.076368533,1726305.52657236,5401.16665199683,0,
25.26395,26728.5460872212,3800.57768780855,935439.429337339,4800.92177698118,400.006400102402,600.014400345608,14007.84439286,199580.678977502,1741628.80052029,4400.77453631839,0,
25.39023,29534.8511243267,4700.88376614804,897289.278936595,5501.21026625858,100.0004000016,300.003600043201,15009.0054032419,207813.212120723,1701300.032896,5501.21026625858,100.0004000016,
25.51646,29935.8032206519,5001.00020004001,880774.518410548,6501.69043951427,100.0004000016,1000.04000160006,15309.3693340324,194806.241862078,1526902.99495517,2800.31363512713,0,
25.64274,25325.6295370915,4700.88376614804,868455.798052209,6501.69043951427,100.0004000016,500.010000200004,14007.84439286,198666.284990868,1750441.91730047,4200.70571856072,0,
25.76898,29033.6790677186,5101.04061228491,901904.308004724,6101.48876325823,0,400.006400102402,15109.1259120509,197955.13554484,1746320.77611404,3800.57768780855,0,
25.89519,27630.5040765005,4700.88376614804,894606.878436214,5901.39272868397,500.010000200004,700.019600548815,15109.1259120509,195314.07470713,1707347.29807109,2700.2916314962,0,
26.02141,30437.0114058695,5001.00020004001,880131.512476294,5801.34591225164,100.0004000016,800.025600819226,15009.0054032419,202629.138271705,1719564.27872139,4700.88376614804,0,
26.14764,25626.2412710616,4900.9605882753,861926.279027426,6001.44034568296,600.014400345608,300.003600043201,14107.9568876847,203848.728516239,1787589.41697347,3700.5476810568,100.0004000016,
26.27394,24223.4482979524,3900.60849492521,871346.965808428,5701.29989637637,200.0016000128,700.019600548815,15309.3693340324,190642.784593806,1716937.25580719,3700.5476810568,0,
26.4002,28833.2158646761,4200.70571856072,896001.657344106,6801.85010322808,700.019600548815,400.006400102402,13006.7635170289,193993.75188955,1734536.7439473,4900.9605882753,0,
26.52639,26728.5460872212,5501.21026625858,882596.542085102,5301.12383825371,400.006400102402,1200.05760276493,15109.1259120509,206593.238180124,1726419.81432622,4500.81014582625,0,
26.65271,26127.2768770597,3900.60849492521,847808.105872622,6301.58800017604,300.003600043201,400.006400102402,14208.0701838644,209643.394468399,1753251.58727681,4600.84655576626,0,
26.77887,30336.7681630136,5801.34591225164,914147.466011004,6901.90492575951,400.006400102402,300.003600043201,17912.8255831175,205779.987820567,1782309.10641361,5101.04061228491,100.0004000016,
26.90516,28131.6199408135,5401.16665199683,890745.197784581,5101.04061228491,300.003600043201,800.025600819226,14608.5313823273,208931.625310574,1791493.59361805,3200.40965243551,0,
27.03145,29935.8032206519,3500.49006860961,856576.671989674,5501.21026625858,200.0016000128,800.025600819226,17211.841747122,211778.943122227,1874669.44156587,6601.74286011507,100.0004000016,
27.15773,28231.8455217485,4700.88376614804,909528.073491858,8102.62525058119,300.003600043201,1100.04840212969,18012.9693379233,200901.587455193,1731773.25369885,6501.69043951427,0,
27.28402,29735.3255667733,4100.67251029169,877452.664963585,5501.21026625858,400.006400102402,500.010000200004,18513.7001381022,197955.13554484,1778063.41045416,5901.39272868397,0,
27.41029,29635.0879441258,4200.70571856072,841716.386128994,6201.53798141939,200.0016000128,700.019600548815,15109.1259120509,204560.210669796,1879292.6230319,6001.44034568296,0,
27.53656,31940.756405173,4700.88376614804,866207.558726638,5901.39272868397,400.006400102402,1300.06760351538,16110.3750815525,210558.585304463,1844311.58299832,4000.64010241639,100.0004000016,
27.66292,30437.0114058695,5301.12383825371,872096.633315809,6801.85010322808,300.003600043201,800.025600819226,16210.5044068556,205068.43680182,1838432.63553408,5201.0818250196,0,
27.78917,28933.4470648069,3900.60849492521,868134.597077936,5401.16665199683,400.006400102402,600.014400345608,15910.1188355794,211067.053370821,1836934.49211638,3600.51847466035,0,
27.91542,31439.4879969241,5501.21026625858,843319.191869072,4900.9605882753,200.0016000128,500.010000200004,19014.4509827469,217780.754596697,1926308.08004653,5001.00020004001,100.0004000016,
28.04171,28532.5270808722,5301.12383825371,879381.37926751,6701.7960813498,500.010000200004,1100.04840212969,15709.8657957197,222462.115861902,1933154.06625987,5101.04061228491,0,
28.16798,29434.6151073663,5801.34591225164,870811.515615622,7001.96054895371,400.006400102402,600.014400345608,17412.118834709,208321.569449934,1871318.62934778,4800.92177698118,0,
28.29422,28632.7558727184,3600.51847466035,840968.478153012,5701.29989637637,100.0004000016,400.006400102402,18814.1482394761,219714.149671942,1857338.89615465,6201.53798141939,0,
28.42053,29434.6151073663,3400.46246289495,882167.807552624,7302.132222609,700.019600548815,600.014400345608,17211.841747122,220630.071868707,1963015.3710758,5201.0818250196,0,
28.54681,29835.5639922788,5001.00020004001,877345.522598168,6301.58800017604,300.003600043201,500.010000200004,17311.9798900839,221444.280785295,2027611.40781422,6501.69043951427,100.0004000016,
28.67305,27830.9480141918,4800.92177698118,859465.184884832,6501.69043951427,300.003600043201,400.006400102402,14408.2991803279,217577.256569683,1949296.51556376,5601.25468104855,0,
28.7993,30036.0432519023,4000.64010241639,875202.861590435,5101.04061228491,200.0016000128,900.032401166442,18213.259252736,220935.394051895,1927120.13373085,5701.29989637637,0,
28.92556,31038.4877247787,4800.92177698118,853261.026932893,5301.12383825371,100.0004000016,600.014400345608,14508.4148806308,231626.329706708,1982804.39841298,7202.07419736884,0,
29.05183,33244.1482288479,6901.90492575951,842464.337399214,6901.90492575951,300.003600043201,300.003600043201,18213.259252736,230709.608661602,1990378.46988306,5001.00020004001,100.0004000016,
29.17806,29835.5639922788,5801.34591225164,832530.802709729,5801.34591225164,500.010000200004,700.019600548815,16811.2971917128,222462.115861902,2044101.35696483,4900.9605882753,0,
29.30422,29234.1454819229,5501.21026625858,836481.939265665,6901.90492575951,300.003600043201,300.003600043201,17612.3991289868,227450.695470361,1856512.80640165,5801.34591225164,0,
29.4304,32542.3049964954,4800.92177698118,830502.310280127,6601.74286011507,300.003600043201,600.014400345608,20416.6599945556,238249.071232434,2067165.69341632,5401.16665199683,0,
29.55663,34848.5091247016,4800.92177698118,824952.275488195,6601.74286011507,300.003600043201,600.014400345608,17812.6826300326,228672.689255411,2038134.58501871,7902.49718911176,0,
29.68286,34246.8496903764,6401.6388195378,838297.731604166,7802.43435952017,300.003600043201,900.032401166442,19014.4509827469,244569.388233203,1947382.67923151,6901.90492575951,0,
29.80912,34046.302972042,6501.69043951427,844601.579622049,8502.8909829342,600.014400345608,1100.04840212969,17412.118834709,228469.015403494,2043165.21859531,6101.48876325823,100.0004000016,
29.93531,30537.255451651,4800.92177698118,816951.616967314,8602.95941803981,400.006400102402,800.025600819226,17111.7044058136,211778.943122227,1825121.3957877,6301.58800017604,0,
30.06155,28532.5270808722,5201.0818250196,775746.878041538,6101.48876325823,400.006400102402,1000.04000160006,16811.2971917128,248240.702587844,1934165.24318353,5701.29989637637,0,
30.18779,31840.5011174214,4800.92177698118,790212.0987043,7602.31110257518,500.010000200004,700.019600548815,18213.259252736,228876.366395944,1873860.69121463,5601.25468104855,0,
30.31407,29635.0879441258,4500.81014582625,805332.826860668,7202.07419736884,200.0016000128,400.006400102402,18914.2992102029,242326.33279483,2110262.8611087,5901.39272868397,0,
30.44031,29534.8511243267,4600.84655576626,780850.396818849,7102.01697282028,300.003600043201,400.006400102402,19415.0660912868,239064.418168896,1924252.16614755,5601.25468104855,0,
30.56652,27931.1711870447,4600.84655576626,788403.058298295,7402.19104855037,300.003600043201,500.010000200004,17812.6826300326,231728.191712689,2066236.49394799,5201.0818250196,0,
30.69274,28432.2990917683,5101.04061228491,756838.955879565,6901.90492575951,200.0016000128,800.025600819226,17912.8255831175,225821.554556389,1893686.84528659,6801.85010322808,0,
30.81906,27029.191526849,4500.81014582625,765864.558125729,7001.96054895371,200.0016000128,800.025600819226,18213.259252736,231524.468523169,2041556.91107336,6301.58800017604,100.0004000016,
30.94542,28833.2158646761,4100.67251029169,768520.350946632,6201.53798141939,100.0004000016,500.010000200004,17311.9798900839,231931.918192021,2097216.1404026,5501.21026625858,400.006400102402,
31.07166,29935.8032206519,5401.16665199683,753336.602290193,5601.25468104855,500.010000200004,500.010000200004,17412.118834709,233663.72610372,2138632.82081121,7302.132222609,0,
31.19795,30737.7459520291,6201.53798141939,775002.783700301,6901.90492575951,600.014400345608,300.003600043201,17612.3991289868,237841.417518696,2131799.77165877,4500.81014582625,100.0004000016,
31.3242,33043.6175751993,4600.84655576626,774683.899276659,6801.85010322808,100.0004000016,600.014400345608,17512.2585810067,242122.438429415,1976295.82058647,5701.29989637637,0,
31.45044,26828.7604311822,5101.04061228491,769476.570391902,6901.90492575951,300.003600043201,400.006400102402,16410.7654621432,227858.013578642,2098273.51479782,5101.04061228491,0,
31.57672,26027.0681508769,3900.60849492521,774896.488015704,9703.76506084361,200.0016000128,900.032401166442,15309.3693340324,248954.693275698,1894512.93503959,4000.64010241639,0,
31.70295,29133.9118734207,4200.70571856072,771070.427181263,8002.56081946223,200.0016000128,1000.04000160006,16110.3750815525,241816.603057289,1972991.46157447,3800.57768780855,0,
31.82925,26127.2768770597,3800.57768780855,774152.442771072,6701.7960813498,600.014400345608,200.0016000128,15009.0054032419,251607.012270261,2075499.48881457,4600.84655576626,0,
31.95554,29434.6151073663,3800.57768780855,728846.771338476,7602.31110257518,100.0004000016,600.014400345608,16310.634533716,239064.418168896,1808599.60072773,4500.81014582625,0,
32.08186,26928.9755777216,3800.57768780855,736157.035853555,7902.49718911176,300.003600043201,500.010000200004,17612.3991289868,233358.095668745,2155258.56150992,3100.38444767151,0,
32.20809,24323.6425805883,4500.81014582625,738170.736729399,7102.01697282028,200.0016000128,400.006400102402,13206.9732818928,237026.149597015,1982904.53861045,4900.9605882753,0,
32.33435,23622.2994506814,4700.88376614804,724822.601623339,7001.96054895371,300.003600043201,500.010000200004,16711.163056922,254463.979052937,2030066.08310556,4100.67251029169,0,
32.46059,22920.9956319989,3500.49006860961,721964.088022619,7202.07419736884,100.0004000016,600.014400345608,16911.4321281186,232746.857009051,2025040.32136016,3200.40965243551,0,
32.58678,21919.201220269,2700.2916314962,719106.209621003,5601.25468104855,0,400.006400102402,15609.7404780583,226636.098710818,1919295.62762955,4200.70571856072,0,
32.71302,21819.0261908384,2800.31363512713,704826.338193259,7302.132222609,100.0004000016,400.006400102402,16110.3750815525,227348.867998402,1907730.37108757,4000.64010241639,0,
32.83921,24924.8251258253,3800.57768780855,771495.48895743,7001.96054895371,500.010000200004,500.010000200004,13807.6218072376,257627.803596686,2012075.47822178,3300.43565750679,100.0004000016,
32.96547,23121.3641404658,3200.40965243551,719741.238827344,6901.90492575951,200.0016000128,100.0004000016,17311.9798900839,246608.875495843,2048431.84011564,3900.60849492521,0,
33.09175,21518.505915087,4200.70571856072,736263.012254579,6801.85010322808,200.0016000128,100.0004000016,13206.9732818928,238350.98671857,1936643.51244253,4300.73972723308,0,
33.21798,21618.6785382571,3800.57768780855,698062.160528599,5601.25468104855,100.0004000016,100.0004000016,15209.2472223112,244263.493563723,1943719.95775225,3200.40965243551,0,
33.34432,19915.8530190031,3500.49006860961,713286.569436159,8202.69048247825,100.0004000016,700.019600548815,18413.5523745477,243651.726463829,2067760.34854614,2900.33643902693,0,
33.47056,19114.6035571176,2900.33643902693,698062.160528599,5101.04061228491,300.003600043201,400.006400102402,15809.9919148902,222869.272895303,1995274.74710827,3600.51847466035,0,
33.5968,19114.6035571176,3400.46246289495,710324.855096609,6601.74286011507,300.003600043201,200.0016000128,13106.8679988314,236007.138761699,1876338.96047362,2600.27042812453,0,
33.72313,18914.2992102029,2900.33643902693,709055.757800128,7702.37233067785,200.0016000128,100.0004000016,14208.0701838644,221647.841228718,1963248.01442642,2200.1936170383,100.0004000016,
33.84935,17712.5404786589,2600.27042812453,707258.084418522,7302.132222609,200.0016000128,600.014400345608,14308.184281409,224498.032489153,1966156.39507792,3000.36004320518,100.0004000016,
33.97565,15609.7404780583,2000.16001280102,698062.160528599,5401.16665199683,200.0016000128,0,12506.2531265633,227348.867998402,1947553.59329459,1900.14441097523,0,
34.10196,20316.4969955604,3300.43565750679,699118.828613605,6801.85010322808,200.0016000128,300.003600043201,15409.4922472243,233256.220502323,1805295.24171573,3000.36004320518,0,
34.22828,17912.8255831175,2900.33643902693,717836.245278205,7302.132222609,300.003600043201,300.003600043201,16611.0297237366,224192.62404249,1810251.78023372,3000.36004320518,0,
34.35454,17512.2585810067,2700.2916314962,682011.497322907,6701.7960813498,400.006400102402,900.032401166442,14808.7667899396,211168.749445354,1848347.64529252,1800.12960933187,100.0004000016,
34.48075,19715.5358422437,3600.51847466035,716883.854323111,8502.8909829342,300.003600043201,500.010000200004,13707.5117164206,233663.72610372,1871382.42195563,2600.27042812453,0,
34.60698,20016.0128102482,2700.2916314962,695209.590685589,5901.39272868397,200.0016000128,200.0016000128,13106.8679988314,219510.620440312,1842582.2134608,2200.1936170383,100.0004000016,
34.73326,17512.2585810067,3700.5476810568,671673.669899244,6601.74286011507,500.010000200004,200.0016000128,12105.8592358702,208016.552591989,1678077.41975393,2700.2916314962,0,
34.85946,21017.6548300572,2600.27042812453,673782.754612038,8102.62525058119,500.010000200004,300.003600043201,14508.4148806308,232848.728062561,1822652.91057971,1700.11560786133,100.0004000016,
34.98566,17311.9798900839,2100.17641481884,699013.157894737,5901.39272868397,300.003600043201,100.0004000016,15109.1259120509,217780.754596697,1729294.98443985,1500.09000540032,0,
35.11194,17612.3991289868,3400.46246289495,687500.256875003,5501.21026625858,300.003600043201,200.0016000128,13106.8679988314,210761.970069783,1807006.70818536,2400.23042212052,100.0004000016,
35.23817,17111.7044058136,3100.38444767151,687816.987661628,7502.25067520256,400.006400102402,800.025600819226,12906.6598364756,209846.764467427,1831519.5226136,2400.23042212052,100.0004000016,
35.3644,16811.2971917128,4300.73972723308,689611.942997834,3800.57768780855,700.019600548815,300.003600043201,13907.7326993809,208118.224057821,1808731.49661352,3600.51847466035,100.0004000016,
35.49059,21017.6548300572,13407.186251831,717201.310137104,6401.6388195378,600.014400345608,800.025600819226,15309.3693340324,222258.542274523,1851923.45698107,4000.64010241639,100.0004000016,
35.61675,18113.1138944596,3200.40965243551,683489.009521383,6601.74286011507,100.0004000016,200.0016000128,13407.186251831,208728.270076231,1783801.15706021,3500.49006860961,0,
35.74299,19615.3784567101,2400.23042212052,676525.082883823,6001.44034568296,100.0004000016,400.006400102402,15009.0054032419,217984.255908069,1857462.07726355,3600.51847466035,0,
35.86922,19515.221873061,2600.27042812453,707575.302629576,7102.01697282028,500.010000200004,300.003600043201,16210.5044068556,229181.888273073,1913090.09641345,3100.38444767151,0,
35.99546,18213.259252736,4100.67251029169,712757.641831571,7402.19104855037,300.003600043201,800.025600819226,15609.7404780583,241918.547357878,1893634.59941393,2700.2916314962,0,
36.12174,19915.8530190031,3800.57768780855,684016.733650582,5701.29989637637,500.010000200004,200.0016000128,15609.7404780583,212795.998225019,1816438.26212318,1900.14441097523,0,
36.24789,15309.3693340324,2400.23042212052,691512.757377575,5801.34591225164,400.006400102402,300.003600043201,16911.4321281186,223276.443074092,1854860.62689565,2300.21161946899,0,
36.37417,19515.221873061,2400.23042212052,741138.870355269,6801.85010322808,0,0,15809.9919148902,221444.280785295,1923060.35503978,1900.14441097523,0,
36.50047,19415.0660912868,2500.2500250025,720693.841437067,6601.74286011507,600.014400345608,300.003600043201,16310.634533716,226432.45774068,1858385.40278983,2700.2916314962,0,
36.62673,14908.8856958747,3100.38444767151,739972.736220878,5201.0818250196,200.0016000128,200.0016000128,16911.4321281186,213406.270674993,1805397.10587489,1600.10240655402,0,
36.75296,20316.4969955604,2300.21161946899,719635.398448592,7602.31110257518,0,100.0004000016,16310.634533716,227145.215520547,1900579.76129502,3300.43565750679,0,
36.87924,20116.1734034163,3100.38444767151,708315.508901247,6201.53798141939,400.006400102402,600.014400345608,18113.1138944596,215440.725559178,1851000.57568545,2600.27042812453,0,
37.00555,19515.221873061,3500.49006860961,745804.463704595,6901.90492575951,200.0016000128,600.014400345608,17111.7044058136,221240.723627662,1896990.97982511,2100.17641481884,100.0004000016,
37.13187,23622.2994506814,4100.67251029169,770326.602811233,6001.44034568296,300.003600043201,600.014400345608,16310.634533716,219510.620440312,1871203.09900211,3400.46246289495,100.0004000016,
37.25802,20817.3200102485,3700.5476810568,697533.859070613,6201.53798141939,0,300.003600043201,14608.5313823273,208423.243376235,1838778.38469202,2700.2916314962,0,
37.38426,20016.0128102482,4100.67251029169,758006.618777381,6801.85010322808,300.003600043201,400.006400102402,12706.4548790786,213202.843242458,1924252.16614755,4400.77453631839,0,
37.51055,26728.5460872212,3600.51847466035,775640.5762196,7402.19104855037,400.006400102402,0,17412.118834709,212287.460416709,1920625.07537775,4600.84655576626,0,
37.63678,23221.549598027,5401.16665199683,770645.379426366,6701.7960813498,200.0016000128,700.019600548815,15809.9919148902,226941.566330711,1938610.14012387,4100.67251029169,100.0004000016,
37.76303,21919.201220269,4400.77453631839,801604.24054526,6801.85010322808,300.003600043201,200.0016000128,15709.8657957197,223683.626398906,1924336.1535678,3800.57768780855,0,
37.88921,21919.201220269,3800.57768780855,753018.253739338,6801.85010322808,100.0004000016,200.0016000128,16010.246557797,224192.62404249,1801488.87631006,3300.43565750679,0,
38.01545,26427.9078707115,2600.27042812453,735097.319844025,5301.12383825371,700.019600548815,600.014400345608,17311.9798900839,214932.081058946,1910309.0164605,2600.27042812453,0,
38.14167,23421.922919853,3300.43565750679,780850.396818849,7202.07419736884,400.006400102402,200.0016000128,18814.1482394761,223887.222991271,1922364.51589281,3100.38444767151,0,
38.26792,19014.4509827469,4400.77453631839,795853.677663267,5801.34591225164,200.0016000128,500.010000200004,17011.567866149,228265.344840113,1898148.54663924,3900.60849492521,0,
38.39412,22820.8125810739,3700.5476810568,799367.605901244,7202.07419736884,700.019600548815,200.0016000128,17211.841747122,224701.642228976,1855154.04116358,4900.9605882753,0,
38.52035,22219.7311212357,3500.49006860961,723022.722689352,7502.25067520256,0,700.019600548815,19314.911111378,217272.015687161,1884726.89419032,3800.57768780855,0,
38.64658,21919.201220269,3200.40965243551,768095.387304781,7202.07419736884,400.006400102402,400.006400102402,17211.841747122,225312.491171141,1941397.07308662,2500.2500250025,0,
38.77284,23221.549598027,3600.51847466035,777235.195618282,6801.85010322808,700.019600548815,500.010000200004,19615.3784567101,221037.169755739,1884842.54085421,3200.40965243551,0,
38.89918,22620.4488857928,4900.9605882753,765014.820036525,8102.62525058119,400.006400102402,100.0004000016,18413.5523745477,237739.506147913,1956968.05275802,4100.67251029169,0,
39.02542,23021.1794851263,4200.70571856072,793830.941041493,5301.12383825371,400.006400102402,200.0016000128,20316.4969955604,214016.572668813,1926308.08004653,5201.0818250196,0,
39.15171,24824.6260290208,3900.60849492521,781250.348484867,5701.29989637637,300.003600043201,300.003600043201,22620.4488857928,215949.390580935,1977097.52328663,3900.60849492521,0,
39.27791,27730.7256440136,5101.04061228491,795321.347795222,6901.90492575951,100.0004000016,600.014400345608,21017.6548300572,220833.619169448,1985382.80786945,5701.29989637637,0,
39.40417,30537.255451651,2500.2500250025,753336.602290193,7502.25067520256,300.003600043201,700.019600548815,19715.5358422437,217780.754596697,1910888.36071785,5301.12383825371,100.0004000016,
39.53048,22820.8125810739,4500.81014582625,777766.779263952,6301.58800017604,300.003600043201,400.006400102402,15109.1259120509,226330.638488519,1900695.544384,4200.70571856072,0,
39.65679,28532.5270808722,3600.51847466035,716223.976892732,6101.48876325823,400.006400102402,300.003600043201,19615.3784567101,225007.063001978,1879643.31948562,8202.69048247825,0,
39.78312,28432.2990917683,4800.92177698118,800432.6216542,7702.37233067785,200.0016000128,700.019600548815,18814.1482394761,217068.525870695,1956735.51776341,5401.16665199683,100.0004000016,
39.90931,30136.2840860396,4800.92177698118,780744.052897962,6701.7960813498,400.006400102402,500.010000200004,17812.6826300326,218900.052455312,1917842.43802436,5201.0818250196,200.0016000128,
40.03563,26027.0681508769,4400.77453631839,767351.734658119,5401.16665199683,600.014400345608,500.010000200004,19715.5358422437,225414.302204499,1971625.84960621,5201.0818250196,0,
40.1619,27430.063349431,4300.73972723308,819989.463475926,6901.90492575951,100.0004000016,800.025600819226,17612.3991289868,229894.801430636,1992942.96499123,4200.70571856072,0,
40.28812,27830.9480141918,3700.5476810568,791382.78951343,6501.69043951427,600.014400345608,100.0004000016,20917.487019148,225108.87156989,1982105.46765385,5001.00020004001,0,
40.41437,28332.0719053969,4400.77453631839,775640.5762196,6401.6388195378,400.006400102402,900.032401166442,18012.9693379233,227654.352880393,1940235.78094355,5601.25468104855,0,
40.54062,24023.0621396541,3800.57768780855,791808.521613535,7102.01697282028,300.003600043201,200.0016000128,19915.8530190031,227145.215520547,1835034.47282369,5101.04061228491,0,
40.66693,26528.1198069954,4100.67251029169,784360.238453764,6801.85010322808,100.0004000016,400.006400102402,20316.4969955604,212592.580639956,1910424.8833164,7102.01697282028,0,
40.79322,23421.922919853,4600.84655576626,766289.448189145,6301.58800017604,200.0016000128,200.0016000128,20717.1538033492,213813.135388091,1968832.6594721,5101.04061228491,0,
40.91949,28833.2158646761,4200.70571856072,801178.18500064,6801.85010322808,0,500.010000200004,21017.6548300572,225821.554556389,2138209.41217421,4800.92177698118,0,
41.04578,27630.5040765005,4900.9605882753,792127.829912265,6001.44034568296,300.003600043201,600.014400345608,18613.8487034354,220222.987123563,1825947.4855407,5301.12383825371,0,
41.1721,32141.2693898966,4300.73972723308,772026.835896104,5901.39272868397,300.003600043201,100.0004000016,20917.487019148,229792.9542271,2024572.90364983,5901.39272868397,0,
41.29841,29635.0879441258,4100.67251029169,821111.340632101,6201.53798141939,300.003600043201,100.0004000016,24323.6425805883,232237.514079589,2071863.88699987,5401.16665199683,0,
41.42461,27229.6258329062,3900.60849492521,782658.377713883,6401.6388195378,300.003600043201,100.0004000016,25926.8602271954,228061.677565189,1933618.32692672,5501.21026625858,0,
41.55093,28131.6199408135,4200.70571856072,778617.358702242,6901.90492575951,500.010000200004,900.032401166442,23021.1794851263,222258.542274523,1943255.34877505,6801.85010322808,0,
41.67708,25526.0365572884,5101.04061228491,792340.706503797,5801.34591225164,300.003600043201,500.010000200004,20416.6599945556,242938.035655145,2082656.26692666,7602.31110257518,0,
41.80331,27830.9480141918,4600.84655576626,808209.901268112,7001.96054895371,600.014400345608,800.025600819226,21718.8519635043,226636.098710818,2032755.04863733,5701.29989637637,0,
41.92965,20616.9883984403,3300.43565750679,781594.828830836,6801.85010322808,400.006400102402,300.003600043201,20616.9883984403,229792.9542271,1958121.84602049,3900.60849492521,0,
42.05595,22520.2682414173,6001.44034568296,773408.440481983,5901.39272868397,100.0004000016,100.0004000016,21919.201220269,229181.888273073,1993759.04290928,6001.44034568296,0,
42.18223,26027.0681508769,4700.88376614804,763209.312678797,6201.53798141939,100.0004000016,300.003600043201,23221.549598027,242734.131407616,2031936.61118992,4000.64010241639,0,
42.30845,24624.2302425587,2900.33643902693,785317.633856741,6601.74286011507,600.014400345608,400.006400102402,24223.4482979524,217984.255908069,1959991.37280276,4700.88376614804,0,
42.43477,24123.2548176442,2400.23042212052,780212.346453055,6801.85010322808,200.0016000128,700.019600548815,20817.3200102485,239574.036756896,2103326.55388792,4500.81014582625,0,
42.56105,22920.9956319989,4100.67251029169,772983.315601521,6101.48876325823,600.014400345608,700.019600548815,22019.3770518056,229691.107845828,2071981.14923809,4800.92177698118,0,
42.68737,19815.6940296715,3600.51847466035,773408.440481983,6301.58800017604,100.0004000016,700.019600548815,23722.4889194957,225719.740235628,2011725.24969639,4500.81014582625,0,
42.81368,21919.201220269,4600.84655576626,760766.970162849,8602.95941803981,100.0004000016,600.014400345608,21618.6785382571,237229.96163941,1976515.32481883,3800.57768780855,0,
42.93992,21819.0261908384,3400.46246289495,761934.989241816,6001.44034568296,400.006400102402,600.014400345608,26728.5460872212,224599.836948187,2056159.93004359,4100.67251029169,0,
43.06618,23722.4889194957,4700.88376614804,744001.647616106,6201.53798141939,700.019600548815,600.014400345608,25425.8326459683,221240.723627662,1958944.76220054,4400.77453631839,0,
43.19242,21618.6785382571,2700.2916314962,753867.200698857,6801.85010322808,300.003600043201,300.003600043201,25726.4467872973,234275.009185276,1901506.05391492,5001.00020004001,0,
43.31869,22420.0883992057,3200.40965243551,756414.377436557,5701.29989637637,700.019600548815,800.025600819226,24023.0621396541,238860.576495958,2074443.89092248,6301.58800017604,0,
43.44497,22119.5536854579,4200.70571856072,769157.822691702,5701.29989637637,100.0004000016,600.014400345608,26628.3325458288,243753.685588038,2100741.04266307,6001.44034568296,0,
43.57126,22820.8125810739,4100.67251029169,760766.970162849,5701.29989637637,100.0004000016,200.0016000128,25125.2257266295,226534.277814777,2044452.42556285,5101.04061228491,0,
43.69753,19915.8530190031,3200.40965243551,760660.791862104,6701.7960813498,600.014400345608,400.006400102402,23021.1794851263,227043.390514632,2015111.1725855,5701.29989637637,0,
43.82372,22620.4488857928,4200.70571856072,774471.314044406,4800.92177698118,300.003600043201,800.025600819226,25626.2412710616,234988.210213508,2034742.88878123,5601.25468104855,0,
43.95004,23522.1107841371,3400.46246289495,774577.606222189,6601.74286011507,100.0004000016,700.019600548815,30537.255451651,231830.054541124,1998889.80565119,4500.81014582625,0,
44.07631,19915.8530190031,3500.49006860961,767457.968122562,5701.29989637637,300.003600043201,700.019600548815,25325.6295370915,228367.179710742,1972991.46157447,5901.39272868397,0,
44.20246,24123.2548176442,3400.46246289495,791702.087270867,5501.21026625858,100.0004000016,600.014400345608,27329.8441898553,227247.041348467,2032521.20430963,5301.12383825371,100.0004000016,
44.32871,23622.2994506814,3500.49006860961,783828.382838284,6901.90492575951,100.0004000016,300.003600043201,24524.0335528818,222258.542274523,2078432.13711652,5501.21026625858,0,
44.45506,23522.1107841371,3300.43565750679,808316.471899905,6001.44034568296,200.0016000128,600.014400345608,30437.0114058695,242224.385200383,1955643.5767615,4400.77453631839,0,
44.58132,23922.8702639724,3200.40965243551,777235.195618282,7502.25067520256,500.010000200004,300.003600043201,26628.3325458288,216763.297303622,1967552.64066275,4800.92177698118,0,
44.70761,22420.0883992057,3600.51847466035,771176.691310784,5801.34591225164,700.019600548815,500.010000200004,26427.9078707115,227654.352880393,2000172.80110593,5501.21026625858,0,
44.83396,20917.487019148,2900.33643902693,806185.226475082,6001.44034568296,100.0004000016,300.003600043201,27129.408278574,232644.986778094,2038602.47197719,4900.9605882753,0,
44.96019,21618.6785382571,3300.43565750679,819297.962960668,7902.49718911176,300.003600043201,600.014400345608,29133.9118734207,236007.138761699,2001572.57158657,4300.73972723308,0,
45.08639,19815.6940296715,4300.73972723308,778617.358702242,7502.25067520256,400.006400102402,100.0004000016,29234.1454819229,220833.619169448,1946740.30671858,4800.92177698118,0,
45.21263,22019.3770518056,3600.51847466035,780531.367688126,5301.12383825371,700.019600548815,600.014400345608,25125.2257266295,219815.915519669,2002389.17139389,5301.12383825371,0,
45.33891,21718.8519635043,4000.64010241639,805759.019628893,5301.12383825371,300.003600043201,200.0016000128,30737.7459520291,237128.055206722,1949645.12707297,3500.49006860961,0,
45.4652,23021.1794851263,3000.36004320518,808423.043411832,6001.44034568296,100.0004000016,500.010000200004,28532.5270808722,230302.198467612,2002622.49469668,4700.88376614804,100.0004000016,
45.59149,23121.3641404658,4100.67251029169,800539.12806562,5201.0818250196,200.0016000128,1100.04840212969,25225.4272306485,219815.915519669,1942326.17888842,4900.9605882753,100.0004000016,
45.71774,24023.0621396541,3200.40965243551,777447.826445599,4700.88376614804,200.0016000128,300.003600043201,30036.0432519023,234071.24486739,1958363.34697786,4600.84655576626,0,
45.84406,21819.0261908384,4300.73972723308,821538.054749924,6501.69043951427,600.014400345608,400.006400102402,31238.986254846,232746.857009051,2021418.2569672,6001.44034568296,0,
45.97038,23522.1107841371,2800.31363512713,788935.102660593,4600.84655576626,300.003600043201,600.014400345608,29935.8032206519,230709.608661602,1916103.58177974,5101.04061228491,0,
46.0966,21819.0261908384,4200.70571856072,808103.331516443,4900.9605882753,700.019600548815,100.0004000016,29735.3255667733,229283.730543176,1927584.1863992,4800.92177698118,200.0016000128,
46.22289,21618.6785382571,3900.60849492521,787339.035429741,4900.9605882753,100.0004000016,600.014400345608,30136.2840860396,219612.384645493,1936636.41143665,5601.25468104855,0,
46.34914,21117.8234429859,4200.70571856072,757051.250350296,4200.70571856072,300.003600043201,400.006400102402,28933.4470648069,221953.188054883,1882761.05311603,4100.67251029169,0,
46.4754,20416.6599945556,3900.60849492521,801604.24054526,5001.00020004001,600.014400345608,100.0004000016,28933.4470648069,219103.571832077,1852731.03015669,4100.67251029169,0,
46.60169,21318.1630749398,3400.46246289495,792127.829912265,5701.29989637637,200.0016000128,700.019600548815,30136.2840860396,214423.457079,1953829.16878703,4800.92177698118,0,
46.72803,22920.9956319989,3500.49006860961,796705.451153422,5201.0818250196,400.006400102402,300.003600043201,31238.986254846,219510.620440312,1830904.02405869,4400.77453631839,0,
46.85426,19815.6940296715,4300.73972723308,827086.621982363,5301.12383825371,300.003600043201,200.0016000128,31038.4877247787,221342.50179576,1959526.20250271,3900.60849492521,0,
46.98042,22420.0883992057,4500.81014582625,842036.931371819,5701.29989637637,200.0016000128,700.019600548815,31238.986254846,219001.81173309,1906485.96988196,5201.0818250196,100.0004000016,
47.10671,24824.6260290208,3300.43565750679,850587.738962833,4800.92177698118,200.0016000128,800.025600819226,31038.4877247787,206694.898164953,1867160.16266453,4100.67251029169,0,
47.23294,20917.487019148,3400.46246289495,785211.253078754,4500.81014582625,200.0016000128,200.0016000128,27730.7256440136,205271.732993499,1835782.18791059,4200.70571856072,0,
47.35921,17512.2585810067,3500.49006860961,788722.282281291,4800.92177698118,300.003600043201,100.0004000016,27730.7256440136,201612.903225806,1829215.94299328,5301.12383825371,0,
47.48544,23922.8702639724,3300.43565750679,853795.750876961,5601.25468104855,900.032401166442,500.010000200004,30938.239664225,224599.836948187,1952085.66019673,6101.48876325823,0,
47.61165,25726.4467872973,4300.73972723308,849732.403570158,4400.77453631839,500.010000200004,700.019600548815,31940.756405173,218696.536363343,1908571.13334596,5801.34591225164,0,
47.73786,23121.3641404658,3000.36004320518,817378.193609683,3500.49006860961,100.0004000016,300.003600043201,29534.8511243267,213101.13075716,1818279.3391976,4400.77453631839,0,
47.86417,23522.1107841371,4200.70571856072,829434.810639248,4400.77453631839,1000.04000160006,600.014400345608,30737.7459520291,214220.013232423,1828179.46120431,5701.29989637637,0,
47.9904,21819.0261908384,3000.36004320518,808742.763228529,4800.92177698118,100.0004000016,700.019600548815,29234.1454819229,208016.552591989,1845579.92895586,5401.16665199683,0,
48.11668,23421.922919853,5001.00020004001,851550.058941534,5001.00020004001,100.0004000016,500.010000200004,28031.3951625821,218391.268384207,1788278.30663792,6101.48876325823,0,
48.24292,21418.3340939844,4700.88376614804,853261.026932893,5601.25468104855,100.0004000016,300.003600043201,31038.4877247787,215542.456921767,1752731.98899072,4400.77453631839,0,
48.36918,23121.3641404658,4100.67251029169,817271.548127525,5001.00020004001,500.010000200004,400.006400102402,28833.2158646761,217373.761826948,1741857.63918602,5301.12383825371,0,
48.49536,25626.2412710616,4300.73972723308,823778.535275282,4600.84655576626,300.003600043201,400.006400102402,29033.6790677186,206898.220594641,1774621.94233817,6201.53798141939,0,
48.62162,20917.487019148,3400.46246289495,833491.778749576,4500.81014582625,500.010000200004,400.006400102402,28632.7558727184,204458.567902828,1809996.48252846,5601.25468104855,0,
48.74784,21418.3340939844,4700.88376614804,864601.912739041,4600.84655576626,500.010000200004,300.003600043201,33946.0308177889,203645.455278652,1810226.49279341,4800.92177698118,0,
48.87419,23321.7358578195,4600.84655576626,870811.515615622,5101.04061228491,600.014400345608,300.003600043201,27730.7256440136,211677.24212488,1811376.60332032,6001.44034568296,0,
49.00051,23722.4889194957,3700.5476810568,842250.632618295,5201.0818250196,500.010000200004,400.006400102402,26027.0681508769,206796.558969788,1747236.47552735,5501.21026625858,0,
49.12677,25025.025025025,4800.92177698118,872953.449382154,3800.57768780855,500.010000200004,400.006400102402,29635.0879441258,206999.883039521,1729848.90151013,4800.92177698118,0,
49.25298,21718.8519635043,4300.73972723308,840220.61346751,3700.5476810568,200.0016000128,500.010000200004,28933.4470648069,201409.66605108,1763271.37100746,4600.84655576626,0,
49.37927,21518.505915087,2600.27042812453,860000.165504001,3900.60849492521,300.003600043201,600.014400345608,27931.1711870447,199072.674125592,1741171.13493809,6301.58800017604,0,
49.50552,21718.8519635043,5001.00020004001,818018.085005308,4400.77453631839,200.0016000128,500.010000200004,29434.6151073663,198971.075613041,1652565.68258287,6001.44034568296,0,
49.63169,23121.3641404658,4700.88376614804,840220.61346751,3900.60849492521,200.0016000128,700.019600548815,32041.0124959949,203747.091487586,1786670.95253402,5301.12383825371,0,
49.7579,22319.9093591484,3700.5476810568,868027.531859063,4200.70571856072,300.003600043201,200.0016000128,30837.992406645,190947.38114911,1754220.74586487,4500.81014582625,0,
49.88416,24423.8376655616,3400.46246289495,848984.031531625,4800.92177698118,300.003600043201,300.003600043201,27229.6258329062,204865.143889534,1762927.56453077,4500.81014582625,0,
50.01039,26528.1198069954,4100.67251029169,853154.084798345,3500.49006860961,200.0016000128,800.025600819226,27730.7256440136,197751.957361372,1583903.18791208,4700.88376614804,0,
50.13662,21718.8519635043,4400.77453631839,839793.281653747,4700.88376614804,300.003600043201,400.006400102402,25726.4467872973,196025.075084155,1723220.12664668,6401.6388195378,0,
50.26278,26127.2768770597,3200.40965243551,915329.435667786,4800.92177698118,100.0004000016,200.0016000128,29434.6151073663,197040.859521458,1746664.15604646,4800.92177698118,0,
50.38906,21919.201220269,3700.5476810568,872310.832012121,4600.84655576626,200.0016000128,300.003600043201,27530.2833116428,202425.884705958,1688643.87527649,5901.39272868397,0,
50.51535,24223.4482979524,3600.51847466035,891495.989925101,5001.00020004001,200.0016000128,400.006400102402,29635.0879441258,202019.387409474,1775998.42342921,4700.88376614804,0,
50.64163,30637.5003003677,5401.16665199683,898255.079165786,3000.36004320518,200.0016000128,500.010000200004,31238.986254846,205068.43680182,1740027.03951534,5701.29989637637,0,
50.76791,22520.2682414173,4400.77453631839,846952.95441011,4400.77453631839,300.003600043201,500.010000200004,30737.7459520291,194704.677749649,1658704.60022607,4500.81014582625,100.0004000016,
50.89413,25125.2257266295,5101.04061228491,894821.450027138,4300.73972723308,1000.04000160006,500.010000200004,33344.4147604609,193485.972267011,1717965.15977343,4800.92177698118,0,
51.02035,26027.0681508769,3800.57768780855,887420.784492399,3700.5476810568,300.003600043201,100.0004000016,30837.992406645,204458.567902828,1741285.54986501,5201.0818250196,0,
51.14664,24123.2548176442,3300.43565750679,864173.77414162,2900.33643902693,500.010000200004,800.025600819226,28732.9854673165,199275.873608496,1659614.31002785,4700.88376614804,0,
51.27289,19815.6940296715,4000.64010241639,869740.681719406,3300.43565750679,200.0016000128,200.0016000128,27430.063349431,200190.311837235,1549207.41828613,4600.84655576626,0,
51.3991,21819.0261908384,4200.70571856072,885383.662802497,3400.46246289495,400.006400102402,700.019600548815,22420.0883992057,184552.399987106,1682149.42857509,5001.00020004001,0,
51.52541,23221.549598027,3000.36004320518,845990.97664763,4500.81014582625,0,400.006400102402,29835.5639922788,187394.212944306,1692747.26025642,3600.51847466035,0,
51.65173,24023.0621396541,5701.29989637637,862782.421584044,5201.0818250196,500.010000200004,1000.04000160006,27630.5040765005,203137.286529427,1689642.67629591,5901.39272868397,0,
51.77799,24023.0621396541,4000.64010241639,889136.504096697,4300.73972723308,100.0004000016,600.014400345608,28031.3951625821,187698.730942987,1672584.42406422,4400.77453631839,0,
51.90419,22319.9093591484,4500.81014582625,869740.681719406,4300.73972723308,200.0016000128,500.010000200004,32742.827618525,191353.521348161,1651542.80450987,4400.77453631839,0,
52.03056,24423.8376655616,3800.57768780855,855400.055433978,2900.33643902693,500.010000200004,200.0016000128,27931.1711870447,194603.114456059,1658363.4750563,4000.64010241639,0,
52.15678,25225.4272306485,3200.40965243551,848235.702823868,4200.70571856072,200.0016000128,600.014400345608,30336.7681630136,176740.719853371,1602423.58719849,4700.88376614804,0,
52.28305,20616.9883984403,4000.64010241639,836375.135899333,3500.49006860961,500.010000200004,600.014400345608,31639.9929510902,188003.256305061,1643703.34687544,4700.88376614804,0,
52.40939,22319.9093591484,3200.40965243551,860000.165504001,3800.57768780855,400.006400102402,300.003600043201,28933.4470648069,196634.535918306,1663367.51932561,4900.9605882753,0,
52.53562,23922.8702639724,4700.88376614804,867706.341519945,3900.60849492521,500.010000200004,500.010000200004,26928.9755777216,194907.806793353,1678049.30103511,5201.0818250196,0,
52.66196,22920.9956319989,4300.73972723308,874881.493042762,2700.2916314962,400.006400102402,200.0016000128,30637.5003003677,185668.750025186,1704380.37292133,4800.92177698118,0,
52.78817,20817.3200102485,3800.57768780855,862889.443389239,3000.36004320518,200.0016000128,400.006400102402,29434.6151073663,199682.282405783,1667576.91995887,6401.6388195378,0,
52.91453,23221.549598027,3300.43565750679,842036.931371819,2800.31363512713,600.014400345608,400.006400102402,25325.6295370915,194501.551981296,1655407.42257137,4500.81014582625,100.0004000016,
53.04076,21819.0261908384,2300.21161946899,866742.818357524,3000.36004320518,600.014400345608,400.006400102402,28031.3951625821,184958.334004932,1645861.57794661,4000.64010241639,100.0004000016,
53.16703,22920.9956319989,4100.67251029169,858930.226400106,3500.49006860961,100.0004000016,300.003600043201,29033.6790677186,201511.284228693,1721734.81777915,5301.12383825371,0,
53.29332,24524.0335528818,3800.57768780855,852940.203183428,3700.5476810568,100.0004000016,200.0016000128,29334.3798932349,189018.394028792,1713968.19969226,5601.25468104855,0,
53.41961,23722.4889194957,3700.5476810568,851870.848189542,3400.46246289495,0,300.003600043201,26828.7604311822,178262.095637111,1615451.44064116,5201.0818250196,0,
53.5459,21618.6785382571,4800.92177698118,817911.434236616,3100.38444767151,200.0016000128,600.014400345608,27730.7256440136,177653.523260123,1634733.39697259,4500.81014582625,0,
53.67211,23822.6791905894,4000.64010241639,870597.341744382,3900.60849492521,600.014400345608,200.0016000128,28231.8455217485,185668.750025186,1670535.67237487,5401.16665199683,0,
53.79835,22920.9956319989,4000.64010241639,855079.178594477,3500.49006860961,500.010000200004,600.014400345608,30336.7681630136,202527.511079031,1686022.9286309,4400.77453631839,0,
53.92457,20516.8237955123,5101.04061228491,874238.779895096,3800.57768780855,200.0016000128,200.0016000128,28231.8455217485,190541.254045601,1631555.62373234,5101.04061228491,100.0004000016,
54.05085,22820.8125810739,3800.57768780855,823565.139426593,2900.33643902693,400.006400102402,300.003600043201,31740.2466327303,182421.461063947,1653702.30586509,5601.25468104855,0,
54.17719,25425.8326459683,2200.1936170383,838511.371012084,3800.57768780855,400.006400102402,700.019600548815,28532.5270808722,188307.789030794,1708831.00788445,5401.16665199683,0,
54.3034,24223.4482979524,3500.49006860961,831463.13540233,3400.46246289495,500.010000200004,300.003600043201,26628.3325458288,180087.98929947,1642340.43369467,4900.9605882753,0,
54.42957,25325.6295370915,5301.12383825371,849518.578565993,3800.57768780855,100.0004000016,200.0016000128,29234.1454819229,189119.91230156,1574816.20062909,5301.12383825371,0,
54.55586,22620.4488857928,4000.64010241639,817484.839972902,4200.70571856072,100.0004000016,400.006400102402,33043.6175751993,196025.075084155,1488902.86631723,5301.12383825371,0,
54.6821,22520.2682414173,3600.51847466035,837763.64854027,2500.2500250025,500.010000200004,100.0004000016,25526.0365572884,184653.882264765,1626223.20869421,4400.77453631839,0,
54.8083,23822.6791905894,3400.46246289495,829648.303508699,3200.40965243551,200.0016000128,400.006400102402,28933.4470648069,190033.613580854,1740484.66593647,5001.00020004001,0,
54.93453,27029.191526849,4200.70571856072,843105.472949505,3700.5476810568,600.014400345608,100.0004000016,29534.8511243267,186277.709942736,1650860.92941146,6201.53798141939,0,
55.06078,25826.6531060054,2600.27042812453,831783.426327754,3300.43565750679,200.0016000128,300.003600043201,27229.6258329062,181812.687604505,1664505.0641228,5701.29989637637,0,
55.18709,23321.7358578195,3000.36004320518,805545.921485078,2300.21161946899,500.010000200004,100.0004000016,29835.5639922788,183233.204798111,1652338.36955919,5501.21026625858,0,
55.31325,25526.0365572884,3400.46246289495,818124.736655128,3600.51847466035,300.003600043201,200.0016000128,30036.0432519023,187597.224125285,1670763.29590892,3700.5476810568,0,
55.43945,25526.0365572884,2900.33643902693,807144.243355177,2400.23042212052,500.010000200004,200.0016000128,29735.3255667733,177856.377450309,1640523.43300441,4200.70571856072,0,
55.56577,23622.2994506814,3600.51847466035,812899.84181855,3700.5476810568,200.0016000128,1000.04000160006,29033.6790677186,188612.329120454,1651770.10396322,5001.00020004001,0,
55.69211,24223.4482979524,4200.70571856072,789786.41930479,3400.46246289495,100.0004000016,200.0016000128,33143.8825004306,194399.99032535,1632349.99595188,5001.00020004001,0,
55.81841,24223.4482979524,3900.60849492521,807677.061310782,3100.38444767151,100.0004000016,100.0004000016,28332.0719053969,178566.39285815,1576858.14761425,5001.00020004001,0,
55.94467,24423.8376655616,3600.51847466035,804373.944601106,2500.2500250025,100.0004000016,500.010000200004,28632.7558727184,191759.674643385,1618625.37159601,5101.04061228491,0,
56.07093,24123.2548176442,3400.46246289495,810128.307309841,2500.2500250025,200.0016000128,400.006400102402,31138.7365883159,177146.402085071,1582057.74898882,4800.92177698118,0,
56.19722,22219.7311212357,4000.64010241639,835307.150799654,2600.27042812453,400.006400102402,600.014400345608,31740.2466327303,190338.195404476,1613184.81047154,5901.39272868397,0,
56.32356,22720.6303323418,2800.31363512713,804160.869331858,3000.36004320518,400.006400102402,300.003600043201,27530.2833116428,188510.814939004,1615564.78228468,5001.00020004001,0,
56.44991,22119.5536854579,3300.43565750679,797983.216864038,3900.60849492521,0,300.003600043201,27329.8441898553,173597.125779375,1653815.9735253,4900.9605882753,0,
56.57622,23722.4889194957,2900.33643902693,831676.661803423,2800.31363512713,300.003600043201,400.006400102402,27931.1711870447,182522.926168872,1658477.18247621,4200.70571856072,0,
56.70249,24924.8251258253,3400.46246289495,795960.146273412,1800.12960933187,400.006400102402,200.0016000128,30837.992406645,197751.957361372,1678504.80853371,3800.57768780855,0,
56.82869,24123.2548176442,3800.57768780855,804587.023389278,3700.5476810568,700.019600548815,200.0016000128,29635.0879441258,187292.708581008,1616244.85241825,3600.51847466035,0,
56.95492,20717.1538033492,4000.64010241639,852726.325107341,4100.67251029169,300.003600043201,500.010000200004,30837.992406645,188815.359938096,1569175.50534572,4600.84655576626,0,
57.08121,20616.9883984403,3300.43565750679,792127.829912265,3000.36004320518,600.014400345608,300.003600043201,27430.063349431,178059.234909278,1534207.90082574,4200.70571856072,0,
57.20736,19314.911111378,2700.2916314962,780850.396818849,3300.43565750679,200.0016000128,300.003600043201,27329.8441898553,173901.310251215,1536010.42759066,4400.77453631839,200.0016000128,
57.33361,19214.7569333248,3400.46246289495,821751.417097718,3300.43565750679,300.003600043201,200.0016000128,27029.191526849,186074.720031593,1641204.77921901,4000.64010241639,100.0004000016,
57.45987,24323.6425805883,3000.36004320518,859251.198834886,4300.73972723308,400.006400102402,500.010000200004,26928.9755777216,182827.326389588,1607406.65057451,3600.51847466035,0,
57.58611,23221.549598027,4600.84655576626,808316.471899905,2100.17641481884,100.0004000016,400.006400102402,33344.4147604609,172684.616468977,1557885.56738267,3900.60849492521,100.0004000016,
57.7124,21217.9928579435,4400.77453631839,789147.926552507,1800.12960933187,300.003600043201,600.014400345608,26127.2768770597,174509.701249058,1521709.61061887,4200.70571856072,0,
57.8386,23622.2994506814,2500.2500250025,786807.056920766,2700.2916314962,400.006400102402,300.003600043201,32542.3049964954,178667.82689968,1538376.61565637,4700.88376614804,0,
57.96477,21518.505915087,3200.40965243551,773408.440481983,2500.2500250025,400.006400102402,500.010000200004,30036.0432519023,187495.718125728,1540517.8161188,4700.88376614804,0,
58.091,22620.4488857928,3600.51847466035,833918.902161782,2300.21161946899,400.006400102402,300.003600043201,28933.4470648069,182319.996776663,1638479.60344894,5201.0818250196,0,
58.21723,20917.487019148,4200.70571856072,824632.153939599,3000.36004320518,700.019600548815,500.010000200004,32241.5270868879,173292.948658566,1532518.25437256,3800.57768780855,0,
58.34349,23021.1794851263,4200.70571856072,813113.061435209,3700.5476810568,0,300.003600043201,29534.8511243267,170758.42515626,1539841.61022527,4600.84655576626,0,
58.46969,21819.0261908384,3600.51847466035,823031.665234349,2800.31363512713,300.003600043201,500.010000200004,29835.5639922788,182421.461063947,1564093.84563074,4800.92177698118,0,
58.59589,21618.6785382571,2800.31363512713,816418.415987179,3400.46246289495,300.003600043201,400.006400102402,29835.5639922788,177856.377450309,1508548.47671277,4500.81014582625,100.0004000016,
58.72216,19715.5358422437,3100.38444767151,793511.590572368,2000.16001280102,100.0004000016,800.025600819226,30437.0114058695,168629.819792611,1482826.41672528,4500.81014582625,0,
58.84846,22019.3770518056,3700.5476810568,828901.093905619,2500.2500250025,0,800.025600819226,29434.6151073663,181914.147803734,1578553.44628155,3900.60849492521,0,
58.97466,23121.3641404658,3900.60849492521,823245.052266248,3300.43565750679,500.010000200004,400.006400102402,31940.756405173,176436.466759047,1523060.20946852,4300.73972723308,0,
59.10089,20216.3347985172,3700.5476810568,820684.640617383,3200.40965243551,600.014400345608,400.006400102402,28532.5270808722,177044.98030148,1459954.44654242,4900.9605882753,0,
59.22711,22520.2682414173,3800.57768780855,825058.98443472,3100.38444767151,100.0004000016,300.003600043201,31238.986254846,179276.448311981,1495288.07796821,3300.43565750679,0,
59.35335,21117.8234429859,2900.33643902693,828367.399228042,2500.2500250025,200.0016000128,600.014400345608,33043.6175751993,178464.959633885,1522722.54686035,3800.57768780855,0,
59.47961,22319.9093591484,3300.43565750679,855507.016150384,2600.27042812453,300.003600043201,0,27530.2833116428,165285.59579317,1474188.72496071,4200.70571856072,0,
59.60586,23121.3641404658,2600.27042812453,798835.130996165,2600.27042812453,300.003600043201,300.003600043201,29234.1454819229,166704.248945012,1455026.45502646,3500.49006860961,0,
59.73212,20016.0128102482,3700.5476810568,848021.902579839,3300.43565750679,300.003600043201,400.006400102402,28933.4470648069,177146.402085071,1493154.16896274,3900.60849492521,100.0004000016,
59.85841,19615.3784567101,3900.60849492521,847166.73697096,2200.1936170383,300.003600043201,700.019600548815,31740.2466327303,166501.574416339,1404731.72792564,5201.0818250196,0,
59.98472,20316.4969955604,3400.46246289495,801923.79143789,2800.31363512713,100.0004000016,600.014400345608,27029.191526849,164880.295697409,1469928.0441476,3300.43565750679,0,
60.11104,21819.0261908384,2200.1936170383,832530.802709729,2200.1936170383,200.0016000128,300.003600043201,29835.5639922788,163765.787746655,1431867.1048013,2500.2500250025,0,
60.23728,20817.3200102485,3800.57768780855,868991.150735507,2400.23042212052,700.019600548815,800.025600819226,31038.4877247787,172887.390598631,1470040.1497569,4500.81014582625,0,
60.36356,22019.3770518056,3700.5476810568,872632.136706849,1800.12960933187,100.0004000016,200.0016000128,28231.8455217485,164576.329192922,1408859.85557523,4300.73972723308,0,
60.48984,19314.911111378,4200.70571856072,827300.076035571,3400.46246289495,0,100.0004000016,29434.6151073663,157688.390833746,1379878.69476581,4400.77453631839,0,
60.61608,21418.3340939844,3800.57768780855,832744.346762227,2900.33643902693,500.010000200004,400.006400102402,24123.2548176442,157485.861492946,1392243.63630221,2800.31363512713,0,
60.74239,20917.487019148,3900.60849492521,833812.119984624,2600.27042812453,500.010000200004,400.006400102402,28131.6199408135,154448.312639607,1388009.28857927,3400.46246289495,0,
60.86858,21919.201220269,2600.27042812453,848235.702823868,2700.2916314962,300.003600043201,200.0016000128,28031.3951625821,159916.42882159,1388232.1151118,3100.38444767151,0,
60.99484,19615.3784567101,3300.43565750679,831249.612531256,3100.38444767151,500.010000200004,300.003600043201,23522.1107841371,157182.073595827,1383108.05676801,3200.40965243551,200.0016000128,
61.12114,21117.8234429859,2800.31363512713,838725.013952912,3000.36004320518,100.0004000016,300.003600043201,27830.9480141918,155359.50027369,1345740.42068878,3200.40965243551,0,
61.2474,19915.8530190031,3600.51847466035,846525.399897441,3300.43565750679,200.0016000128,400.006400102402,26928.9755777216,159410.02189875,1351738.79313253,2900.33643902693,100.0004000016,
61.37358,21418.3340939844,2800.31363512713,876381.281232792,2700.2916314962,200.0016000128,100.0004000016,28332.0719053969,162853.991029946,1357184.12496257,2600.27042812453,0,
61.49972,18814.1482394761,3600.51847466035,879810.021490594,2000.16001280102,200.0016000128,600.014400345608,28332.0719053969,162246.163260705,1338412.78403344,2800.31363512713,0,
61.62597,19314.911111378,3500.49006860961,875417.111723841,2100.17641481884,300.003600043201,200.0016000128,28833.2158646761,155157.008427984,1345851.47684305,3300.43565750679,100.0004000016,
61.75226,17712.5404786589,2400.23042212052,827513.533617092,4500.81014582625,600.014400345608,200.0016000128,23922.8702639724,151715.14575922,1330645.50104059,4300.73972723308,0,
61.87854,19415.0660912868,2700.2916314962,836588.743515016,3300.43565750679,600.014400345608,200.0016000128,28833.2158646761,151917.582196467,1302721.17432181,2600.27042812453,0,
62.00488,22219.7311212357,2700.2916314962,840220.61346751,2800.31363512713,200.0016000128,400.006400102402,28833.2158646761,155966.995371302,1291103.51122946,3500.49006860961,100.0004000016,
62.13111,19615.3784567101,2300.21161946899,815138.823490537,2200.1936170383,300.003600043201,600.014400345608,27029.191526849,161435.771912591,1264145.86896502,3400.46246289495,0,
62.25738,20016.0128102482,3600.51847466035,832424.032007407,2500.2500250025,200.0016000128,400.006400102402,28732.9854673165,157182.073595827,1278722.64384973,2600.27042812453,0,
62.38366,18213.259252736,2500.2500250025,842250.632618295,2100.17641481884,100.0004000016,200.0016000128,26027.0681508769,151006.643889915,1243302.70914863,2700.2916314962,0,
62.50997,19515.221873061,2500.2500250025,834879.981481558,1800.12960933187,300.003600043201,300.003600043201,25125.2257266295,153942.125809957,1257304.78219041,2900.33643902693,100.0004000016,
62.6361,18313.4054127621,3400.46246289495,859786.170600113,2800.31363512713,400.006400102402,300.003600043201,26728.5460872212,160017.71265247,1273199.23492444,3800.57768780855,0,
62.76241,16010.246557797,3000.36004320518,841395.848838171,3600.51847466035,100.0004000016,200.0016000128,27329.8441898553,146048.248225695,1257525.40678158,2900.33643902693,0,
62.88864,18413.5523745477,2700.2916314962,828474.136399139,1800.12960933187,300.003600043201,300.003600043201,26628.3325458288,148071.847035344,1249695.50353216,2100.17641481884,0,
63.01491,18814.1482394761,3100.38444767151,852191.64539893,2500.2500250025,300.003600043201,100.0004000016,27229.6258329062,146655.293672699,1249585.25655295,2500.2500250025,0,
63.14111,19314.911111378,3900.60849492521,861605.2401819,2500.2500250025,100.0004000016,200.0016000128,25325.6295370915,141091.807222131,1241429.54910926,1400.07840439065,0,
63.26736,17111.7044058136,2700.2916314962,802669.440969685,2700.2916314962,0,500.010000200004,20616.9883984403,141799.750593346,1261166.2478886,2200.1936170383,0,
63.39363,22420.0883992057,3400.46246289495,870704.428236736,2400.23042212052,100.0004000016,400.006400102402,25726.4467872973,151917.582196467,1309364.44994486,2800.31363512713,0,
63.51992,18713.9980705568,2900.33643902693,865137.105918771,2500.2500250025,200.0016000128,300.003600043201,25926.8602271954,139473.800645984,1244735.3060976,3100.38444767151,0,
63.64617,18713.9980705568,2900.33643902693,825165.694263094,3000.36004320518,600.014400345608,300.003600043201,26327.6967369673,145441.232086388,1213034.37891885,1600.10240655402,0,
63.77238,17812.6826300326,3200.40965243551,829434.810639248,1700.11560786133,300.003600043201,700.019600548815,26027.0681508769,145542.399407772,1241429.54910926,2300.21161946899,0,
63.89867,18213.259252736,3300.43565750679,889858.224441943,3400.46246289495,300.003600043201,400.006400102402,24524.0335528818,143519.207637193,1267126.1662604,1800.12960933187,0,
64.02492,18313.4054127621,2200.1936170383,910494.786808449,2200.1936170383,200.0016000128,300.003600043201,26628.3325458288,149690.960597476,1260504.20168067,2900.33643902693,0,
64.15122,20917.487019148,2400.23042212052,861498.229004601,3400.46246289495,600.014400345608,400.006400102402,23922.8702639724,144024.975057127,1246719.16010499,2600.27042812453,100.0004000016,
64.27737,20016.0128102482,3000.36004320518,844708.451012906,1500.09000540032,400.006400102402,300.003600043201,25425.8326459683,143620.359493426,1255539.91892289,2100.17641481884,0,
64.4036,19314.911111378,3300.43565750679,872632.136706849,1300.06760351538,400.006400102402,500.010000200004,26828.7604311822,139069.331542091,1199189.29228654,2300.21161946899,0,
64.5299,18012.9693379233,2500.2500250025,843319.191869072,1400.07840439065,400.006400102402,700.019600548815,29534.8511243267,142204.30756358,1262049.02809409,2100.17641481884,0,
64.65619,17612.3991289868,3100.38444767151,888707.552875096,2900.33643902693,200.0016000128,300.003600043201,23822.6791905894,131993.228435745,1255209.03347224,2600.27042812453,0,
64.78239,19715.5358422437,2900.33643902693,867492.219058341,2500.2500250025,0,100.0004000016,23822.6791905894,143316.906366288,1247711.1995834,1900.14441097523,0,
64.90856,19415.0660912868,2000.16001280102,835841.132312577,1800.12960933187,200.0016000128,400.006400102402,24223.4482979524,142608.877553483,1280159.11059532,2000.16001280102,0,
65.03485,17111.7044058136,2300.21161946899,838190.91322502,2000.16001280102,300.003600043201,300.003600043201,21718.8519635043,138765.988255169,1184590.8919519,1900.14441097523,0,
65.16106,18313.4054127621,3300.43565750679,838831.836748193,1200.05760276493,300.003600043201,100.0004000016,26427.9078707115,145137.735006457,1209846.51513881,3000.36004320518,0,
65.2873,18012.9693379233,3300.43565750679,826339.560580328,2100.17641481884,200.0016000128,400.006400102402,23421.922919853,135530.781976417,1247270.28389048,2300.21161946899,0,
65.41354,19915.8530190031,2500.2500250025,848021.902579839,2300.21161946899,500.010000200004,200.0016000128,20316.4969955604,135429.695197725,1199628.59406505,2700.2916314962,0,
65.53981,16611.0297237366,3000.36004320518,837336.397985928,2300.21161946899,100.0004000016,200.0016000128,23522.1107841371,149589.759891837,1198119.27326168,2400.23042212052,0,
65.66609,15009.0054032419,2600.27042812453,846204.743295494,2500.2500250025,400.006400102402,400.006400102402,22820.8125810739,130780.582149506,1208527.6258848,1800.12960933187,0,
65.79233,18513.7001381022,2400.23042212052,821538.054749924,2800.31363512713,300.003600043201,500.010000200004,23021.1794851263,139372.682149839,1227774.58381767,2000.16001280102,100.0004000016,
65.91864,15910.1188355794,2200.1936170383,823778.535275282,3400.46246289495,300.003600043201,200.0016000128,26027.0681508769,139473.800645984,1222492.60525709,3200.40965243551,0,
66.04492,20516.8237955123,2900.33643902693,837336.397985928,1600.10240655402,400.006400102402,100.0004000016,23722.4889194957,134519.950776556,1181629.29326357,2100.17641481884,0,
66.17117,16811.2971917128,2700.2916314962,814179.212357764,2300.21161946899,300.003600043201,100.0004000016,25826.6531060054,139777.161015245,1256312.01740899,2500.2500250025,100.0004000016,
66.29741,19114.6035571176,2000.16001280102,826659.724460533,1600.10240655402,300.003600043201,300.003600043201,21618.6785382571,136440.59957449,1165626.32136413,1700.11560786133,0,
66.42367,16911.4321281186,2100.17641481884,796918.403315214,1000.04000160006,200.0016000128,0,24924.8251258253,134418.872128141,1206549.54086125,1500.09000540032,0,
66.55007,15509.6159618964,2700.2916314962,805226.280868212,2300.21161946899,200.0016000128,300.003600043201,22520.2682414173,127547.43075853,1146361.05405394,2000.16001280102,0,
66.67633,15709.8657957197,2400.23042212052,792766.470228957,1500.09000540032,0,300.003600043201,23121.3641404658,136036.228066295,1134443.94266312,1400.07840439065,100.0004000016,
66.80257,13907.7326993809,2400.23042212052,795853.677663267,1900.14441097523,100.0004000016,0,23722.4889194957,136238.412194092,1209956.42856843,1500.09000540032,0,
66.92891,17412.118834709,2600.27042812453,805226.280868212,2400.23042212052,300.003600043201,400.006400102402,21819.0261908384,134924.273500149,1189857.61098214,1500.09000540032,0,
67.05509,15910.1188355794,3300.43565750679,815991.87106048,2100.17641481884,400.006400102402,200.0016000128,24023.0621396541,132599.595465677,1255429.622846,1700.11560786133,0,
67.18137,18313.4054127621,3200.40965243551,813006.451186572,3300.43565750679,300.003600043201,400.006400102402,22920.9956319989,131690.055892879,1176694.78392709,1800.12960933187,0,
67.3076,21518.505915087,3100.38444767151,798515.656603182,2400.23042212052,100.0004000016,200.0016000128,23822.6791905894,139170.447597902,1209626.69104511,1500.09000540032,0,
67.43381,20016.0128102482,2300.21161946899,828260.662939132,1900.14441097523,100.0004000016,500.010000200004,23421.922919853,137350.483039327,1087319.47574923,1600.10240655402,0,
67.56009,18713.9980705568,2700.2916314962,765014.820036525,2500.2500250025,300.003600043201,100.0004000016,26728.5460872212,130073.259189565,1159712.36873056,2200.1936170383,100.0004000016,
67.68636,19915.8530190031,4000.64010241639,801178.18500064,3200.40965243551,300.003600043201,100.0004000016,24023.0621396541,132498.532262086,1179984.25012148,2200.1936170383,0,
67.81259,20216.3347985172,2200.1936170383,803202.074164596,2200.1936170383,600.014400345608,0,25225.4272306485,132195.347527997,1121445.91606866,2300.21161946899,0,
67.93886,19114.6035571176,3200.40965243551,781275.781275781,1300.06760351538,300.003600043201,0,21318.1630749398,132094.287575497,1165845.40799879,2100.17641481884,0,
68.06517,21518.505915087,4800.92177698118,795747.209931982,2200.1936170383,500.010000200004,600.014400345608,24524.0335528818,128254.611537286,1186894.82086069,2500.2500250025,0,
68.19145,23822.6791905894,3900.60849492521,798728.638652687,2500.2500250025,200.0016000128,700.019600548815,22620.4488857928,125325.121707075,1112496.81427539,2700.2916314962,100.0004000016,
68.31764,20616.9883984403,4000.64010241639,773727.293346255,2900.33643902693,600.014400345608,100.0004000016,21217.9928579435,128961.832122452,1105298.33134933,2800.31363512713,0,
68.44388,24223.4482979524,2100.17641481884,780106.007795904,3100.38444767151,400.006400102402,200.0016000128,24724.4277346018,121083.623063164,1108460.81224466,3200.40965243551,0,
68.57016,21418.3340939844,3500.49006860961,774365.0227433,2300.21161946899,500.010000200004,600.014400345608,24724.4277346018,127042.326000257,1087537.2530032,3600.51847466035,0,
68.6964,22219.7311212357,4100.67251029169,781913.88428252,2700.2916314962,200.0016000128,100.0004000016,22420.0883992057,133610.272207053,1134116.10237883,2000.16001280102,0,
68.82264,24023.0621396541,3700.5476810568,805652.470117054,2800.31363512713,500.010000200004,600.014400345608,27029.191526849,127749.478347921,1087319.47574923,3400.46246289495,0,
68.9489,20516.8237955123,4600.84655576626,809275.647193396,2600.27042812453,500.010000200004,100.0004000016,25926.8602271954,124012.12384329,1134225.38155969,3000.36004320518,0,
69.07517,22119.5536854579,2900.33643902693,790957.071467774,2800.31363512713,300.003600043201,200.0016000128,27730.7256440136,119468.190715041,1049915.80667211,3700.5476810568,100.0004000016,
69.2014,22219.7311212357,3300.43565750679,762465.942020025,3300.43565750679,400.006400102402,100.0004000016,23221.549598027,122396.314845929,1043185.85250806,2600.27042812453,0,
69.32756,23722.4889194957,3700.5476810568,768732.83802393,2300.21161946899,100.0004000016,200.0016000128,24724.4277346018,117348.251028807,1061755.936868,2500.2500250025,0,
69.45374,23321.7358578195,5401.16665199683,788722.282281291,2200.1936170383,200.0016000128,100.0004000016,27029.191526849,115531.444645369,998227.960782193,3500.49006860961,0,
69.58,20616.9883984403,3400.46246289495,764271.345183524,3200.40965243551,100.0004000016,300.003600043201,25325.6295370915,121891.417156041,1040039.1642189,2300.21161946899,0,
69.7062,24123.2548176442,3800.57768780855,786913.450866647,3400.46246289495,300.003600043201,200.0016000128,24223.4482979524,125325.121707075,1053173.48495586,3200.40965243551,0,
69.83247,21718.8519635043,3600.51847466035,767882.910740054,1700.11560786133,100.0004000016,400.006400102402,27630.5040765005,119771.068454391,1015975.89047482,3700.5476810568,0,
69.95866,21718.8519635043,3900.60849492521,773939.866305419,2400.23042212052,500.010000200004,500.010000200004,25826.6531060054,114118.554712614,1016733.96328519,3200.40965243551,0,
70.0849,24924.8251258253,3300.43565750679,782977.459489786,2800.31363512713,600.014400345608,300.003600043201,25726.4467872973,112806.727821374,971759.347755624,3000.36004320518,100.0004000016,
70.21115,23622.2994506814,4200.70571856072,787658.233070918,2700.2916314962,400.006400102402,200.0016000128,26427.9078707115,109174.691558898,1002446.31014886,3700.5476810568,100.0004000016,
70.33742,23321.7358578195,3400.46246289495,787126.241392257,3100.38444767151,300.003600043201,200.0016000128,24624.2302425587,111797.723464866,938130.296566207,3500.49006860961,0,
70.46359,23021.1794851263,3600.51847466035,762572.135201979,3800.57768780855,300.003600043201,300.003600043201,23622.2994506814,109174.691558898,923068.627694962,3800.57768780855,0,
70.58987,24223.4482979524,4200.70571856072,793192.248010829,3100.38444767151,300.003600043201,400.006400102402,26528.1198069954,106148.797114199,940929.390865472,3000.36004320518,0,
70.71618,23522.1107841371,3300.43565750679,806185.226475082,3200.40965243551,200.0016000128,600.014400345608,23321.7358578195,105846.247780643,888493.082594648,3600.51847466035,0,
70.84244,23021.1794851263,3900.60849492521,775002.783700301,3700.5476810568,100.0004000016,200.0016000128,24123.2548176442,103123.631879762,940175.729126459,3700.5476810568,0,
70.96868,20917.487019148,3400.46246289495,782764.737428324,3500.49006860961,300.003600043201,500.010000200004,22620.4488857928,107762.51672177,902870.452492063,3200.40965243551,0,
71.09488,23121.3641404658,3500.49006860961,794363.209396577,3900.60849492521,100.0004000016,200.0016000128,27730.7256440136,109578.199261578,888171.383836668,3400.46246289495,0,
71.22112,22820.8125810739,3900.60849492521,827940.459365418,4400.77453631839,200.0016000128,400.006400102402,23722.4889194957,103123.631879762,858596.38477921,3100.38444767151,0,
71.3474,18713.9980705568,3300.43565750679,803521.66463679,3300.43565750679,600.014400345608,400.006400102402,23121.3641404658,103526.945121682,857218.507976435,3500.49006860961,0,
71.4736,20016.0128102482,3500.49006860961,813646.125887989,2800.31363512713,200.0016000128,300.003600043201,24624.2302425587,101308.882650377,831569.898161619,4400.77453631839,0,
71.59984,20717.1538033492,4000.64010241639,787977.438614298,3300.43565750679,200.0016000128,300.003600043201,25325.6295370915,100704.02454648,862247.325843627,4000.64010241639,100.0004000016,
71.72614,19915.8530190031,3300.43565750679,775853.180740283,5001.00020004001,200.0016000128,300.003600043201,22420.0883992057,95765.4409225605,821751.417097718,4200.70571856072,0,
71.85241,19415.0660912868,2200.1936170383,787126.241392257,3900.60849492521,200.0016000128,0,25926.8602271954,92642.0343909715,800752.143526488,3200.40965243551,0,
71.97869,17812.6826300326,2700.2916314962,812366.80818727,2700.2916314962,200.0016000128,200.0016000128,25826.6531060054,97277.0458296357,848449.506604796,3300.43565750679,100.0004000016,
72.10485,16811.2971917128,2900.33643902693,829114.577952268,4400.77453631839,100.0004000016,700.019600548815,24824.6260290208,100401.606425703,812153.600898676,3300.43565750679,0,
72.23105,16711.163056922,2600.27042812453,786700.663852822,2500.2500250025,0,400.006400102402,22420.0883992057,94556.2880935365,787445.433765462,3500.49006860961,0,
72.35737,18012.9693379233,1400.07840439065,805652.470117054,4600.84655576626,100.0004000016,400.006400102402,26327.6967369673,95060.0876118738,752381.580248541,3800.57768780855,0,
72.48357,17011.567866149,2400.23042212052,775002.783700301,5101.04061228491,100.0004000016,100.0004000016,23622.2994506814,89116.5419570314,778298.384834936,4500.81014582625,0,
72.60981,17311.9798900839,3100.38444767151,811940.39713219,5401.16665199683,400.006400102402,400.006400102402,25325.6295370915,88109.4403545251,748986.519890577,3800.57768780855,0,
72.73611,16510.8971921468,2300.21161946899,824098.635661221,5101.04061228491,200.0016000128,900.032401166442,26327.6967369673,84685.8995970396,756414.377436557,5701.29989637637,100.0004000016,
72.86237,18513.7001381022,1900.14441097523,849732.403570158,5501.21026625858,500.010000200004,100.0004000016,22920.9956319989,91936.856642739,747183.258151558,4800.92177698118,0,
72.98854,14408.2991803279,2700.2916314962,815352.080097809,4000.64010241639,300.003600043201,200.0016000128,24423.8376655616,83578.4835070455,724399.078037537,4900.9605882753,0,
73.11482,14708.648685427,2400.23042212052,848342.604272214,4200.70571856072,500.010000200004,200.0016000128,24824.6260290208,81565.2501936297,746865.061710086,4700.88376614804,0,
73.2411,16310.634533716,2100.17641481884,793830.941041493,4200.70571856072,200.0016000128,300.003600043201,23221.549598027,86800.3291388203,722281.669273191,5101.04061228491,0,
73.36732,15709.8657957197,2100.17641481884,845563.453959747,3500.49006860961,200.0016000128,400.006400102402,24423.8376655616,87807.3256397391,721858.229348434,3500.49006860961,0,
73.49356,14408.2991803279,2100.17641481884,796279.557377117,5601.25468104855,600.014400345608,0,21217.9928579435,83981.1689536568,685600.036165325,3200.40965243551,0,
73.61985,12406.1534521122,2100.17641481884,830502.310280127,5001.00020004001,500.010000200004,300.003600043201,21819.0261908384,82471.1651911485,711594.077694267,4800.92177698118,0,
73.74609,12906.6598364756,2500.2500250025,838190.91322502,5101.04061228491,400.006400102402,300.003600043201,21919.201220269,83377.145632081,698590.48370915,3700.5476810568,0,
73.87236,12706.4548790786,1700.11560786133,866100.509458716,4000.64010241639,100.0004000016,0,23522.1107841371,79351.066775277,684755.583865864,3600.51847466035,0,
73.99867,13106.8679988314,1500.09000540032,811620.598086223,5701.29989637637,200.0016000128,200.0016000128,20616.9883984403,79652.977857676,625256.252562526,5001.00020004001,0,
74.125,12906.6598364756,1700.11560786133,852084.712111185,4000.64010241639,300.003600043201,200.0016000128,24123.2548176442,79149.7967585701,694998.314408111,4800.92177698118,0,
74.25131,13206.9732818928,2000.16001280102,799236.366159287,5401.16665199683,500.010000200004,800.025600819226,23622.2994506814,79854.2559509478,658921.093685853,4700.88376614804,0,
74.37749,16510.8971921468,1300.06760351538,845884.094649695,5601.25468104855,500.010000200004,0,23121.3641404658,80156.1791485588,675364.795583016,4400.77453631839,100.0004000016,
74.50381,10904.7544729502,1600.10240655402,868134.597077936,4200.70571856072,600.014400345608,400.006400102402,26327.6967369673,82873.815085041,661449.522902331,5101.04061228491,0,
74.63006,11505.2924345199,1800.12960933187,824632.153939599,5601.25468104855,200.0016000128,100.0004000016,22319.9093591484,75024.4732238859,665243.101182654,4900.9605882753,0,
74.75634,11405.2007715518,1500.09000540032,874453.014063283,3700.5476810568,600.014400345608,400.006400102402,26027.0681508769,81061.9923593053,670935.572112739,4800.92177698118,100.0004000016,
74.88266,11004.8421305374,2300.21161946899,840647.959415712,5501.21026625858,400.006400102402,200.0016000128,25225.4272306485,68185.4644633403,649443.920055813,3400.46246289495,0,
75.00891,12205.9565067753,2000.16001280102,826979.896278849,5501.21026625858,200.0016000128,200.0016000128,23822.6791905894,79049.1629616551,682011.497322907,4000.64010241639,0,
75.13516,13807.6218072376,1900.14441097523,836054.731098342,4500.81014582625,600.014400345608,100.0004000016,24323.6425805883,75125.0747238727,637449.545499294,4400.77453631839,100.0004000016,
75.26137,12205.9565067753,1900.14441097523,841823.233659698,5501.21026625858,500.010000200004,600.014400345608,24323.6425805883,70699.3722296877,624100.594069148,4700.88376614804,0,
75.38765,13307.0793662228,1900.14441097523,805972.121292198,5401.16665199683,200.0016000128,200.0016000128,19615.3784567101,73716.727177903,626201.86886765,6001.44034568296,0,
75.51396,10204.1632986258,1400.07840439065,858609.261933231,5101.04061228491,500.010000200004,600.014400345608,21217.9928579435,73314.3712214515,606253.661694274,4400.77453631839,200.0016000128,
75.64012,12005.7627661277,1800.12960933187,793937.39295516,5201.0818250196,400.006400102402,200.0016000128,22219.7311212357,76432.9676855054,602267.746467911,5201.0818250196,0,
75.76643,11205.0198488923,1100.04840212969,845029.070488699,6901.90492575951,200.0016000128,500.010000200004,23021.1794851263,73213.78425001,637975.379339484,6901.90492575951,0,
75.89264,10904.7544729502,1900.14441097523,879059.906918197,6401.6388195378,400.006400102402,400.006400102402,26928.9755777216,74622.0752960811,609506.248719525,4900.9605882753,0,
76.01895,11405.2007715518,1900.14441097523,787232.637972009,6201.53798141939,600.014400345608,400.006400102402,22620.4488857928,70598.8062383673,595557.43028794,4500.81014582625,0,
76.14526,10204.1632986258,2200.1936170383,775534.275274458,6301.58800017604,100.0004000016,300.003600043201,24023.0621396541,71403.3567600526,627778.051140744,5201.0818250196,100.0004000016,
76.2716,12306.0545788528,1700.11560786133,823245.052266248,5101.04061228491,500.010000200004,400.006400102402,22720.6303323418,70095.9883835203,590212.66490333,5101.04061228491,0,
76.39793,12306.0545788528,2200.1936170383,831249.612531256,6901.90492575951,400.006400102402,100.0004000016,23822.6791905894,71906.2270592058,599436.402808156,4300.73972723308,0,
76.52426,12806.5569571621,2400.23042212052,857646.416337068,7602.31110257518,300.003600043201,0,21819.0261908384,64867.8780684411,598597.606428729,5801.34591225164,100.0004000016,
76.65056,10004.0016006403,1800.12960933187,813859.357833783,6501.69043951427,100.0004000016,200.0016000128,21017.6548300572,67883.8294100424,605414.418511281,6001.44034568296,100.0004000016,
76.77688,12706.4548790786,2000.16001280102,897074.666445678,7502.25067520256,400.006400102402,400.006400102402,24323.6425805883,67079.5047547236,582670.912707834,6901.90492575951,0,
76.90325,12205.9565067753,1500.09000540032,807996.762644886,6201.53798141939,500.010000200004,300.003600043201,23021.1794851263,70900.5066327574,585184.336136105,5201.0818250196,0,
77.02949,10504.4118529783,1800.12960933187,828153.927532399,7001.96054895371,200.0016000128,100.0004000016,24624.2302425587,72107.3808272592,590317.442769814,4600.84655576626,0,
77.15578,10904.7544729502,2200.1936170383,898851.233279153,6301.58800017604,300.003600043201,100.0004000016,24023.0621396541,70699.3722296877,592937.168315534,7502.25067520256,0,
77.28203,13307.0793662228,2500.2500250025,855079.178594477,7202.07419736884,600.014400345608,300.003600043201,23822.6791905894,66576.8280553149,594509.261117231,6201.53798141939,0,
77.40825,10804.6676164103,1700.11560786133,867278.100141546,6601.74286011507,700.019600548815,200.0016000128,22920.9956319989,63661.7007198284,554951.32292872,5001.00020004001,0,
77.53456,10404.3282005314,1900.14441097523,787551.832979184,6501.69043951427,200.0016000128,100.0004000016,25526.0365572884,71302.7851208838,594614.074171144,4700.88376614804,0,
77.6608,11905.6670975384,2100.17641481884,870597.341744382,7802.43435952017,100.0004000016,100.0004000016,23221.549598027,68286.0110942207,625466.383488179,5201.0818250196,0,
77.78709,14508.4148806308,2100.17641481884,854009.646648079,5801.34591225164,0,600.014400345608,26628.3325458288,69492.6335802845,561117.654757231,5201.0818250196,100.0004000016,
77.91334,12506.2531265633,1500.09000540032,850908.504328476,6901.90492575951,200.0016000128,300.003600043201,23622.2994506814,70498.2410538434,575028.950932772,5801.34591225164,0,
78.03958,10804.6676164103,2400.23042212052,838190.91322502,6701.7960813498,100.0004000016,500.010000200004,23822.6791905894,67280.5810796177,565509.060416411,6901.90492575951,0,
78.16586,12606.3536022155,2500.2500250025,800219.611469333,6201.53798141939,300.003600043201,300.003600043201,25425.8326459683,65471.0102788483,588641.099861207,5401.16665199683,0,
78.29205,12706.4548790786,2000.16001280102,846525.399897441,6101.48876325823,100.0004000016,0,22620.4488857928,60546.2798120259,561431.276558327,5201.0818250196,0,
78.41825,13407.186251831,1600.10240655402,838938.660426735,8002.56081946223,200.0016000128,200.0016000128,23121.3641404658,59842.904856798,565822.789988015,5401.16665199683,100.0004000016,
78.54453,13407.186251831,2200.1936170383,798089.703053668,7102.01697282028,0,400.006400102402,27029.191526849,71705.0765188439,588117.287741449,5701.29989637637,0,
78.67077,14608.5313823273,3200.40965243551,812686.625724304,7202.07419736884,600.014400345608,400.006400102402,22219.7311212357,63360.1745211896,556414.251074392,6601.74286011507,0,
78.797,12706.4548790786,2100.17641481884,774471.314044406,8202.69048247825,100.0004000016,400.006400102402,22520.2682414173,64566.3228476556,565509.060416411,6701.7960813498,0,
78.9232,14408.2991803279,2300.21161946899,835520.740756051,6101.48876325823,100.0004000016,400.006400102402,23822.6791905894,66375.7630204782,564463.35078534,6301.58800017604,0,
79.04936,11805.5722300926,2000.16001280102,812686.625724304,6101.48876325823,300.003600043201,0,22720.6303323418,69090.4131787206,589793.562017376,4200.70571856072,0,
79.17559,13907.7326993809,2000.16001280102,801923.79143789,6801.85010322808,100.0004000016,100.0004000016,25225.4272306485,65973.6426273953,563104.056148847,5201.0818250196,0,
79.30182,13707.5117164206,2100.17641481884,818018.085005308,7402.19104855037,100.0004000016,200.0016000128,28031.3951625821,69693.7486211668,602372.623075726,6001.44034568296,0,
79.42805,11905.6670975384,1800.12960933187,819724.617145123,6701.7960813498,100.0004000016,300.003600043201,24624.2302425587,66074.1715161165,610345.760156039,5401.16665199683,100.0004000016,
79.55433,14208.0701838644,2300.21161946899,812899.84181855,7602.31110257518,400.006400102402,300.003600043201,21718.8519635043,63762.2110649492,567286.963138108,6801.85010322808,0,
79.68056,15009.0054032419,1500.09000540032,805865.570020603,6201.53798141939,300.003600043201,500.010000200004,21418.3340939844,63159.1610859366,578692.335395999,3400.46246289495,0,
79.80683,12205.9565067753,1500.09000540032,786913.450866647,7102.01697282028,200.0016000128,200.0016000128,23421.922919853,77036.6566091032,600170.394734147,6201.53798141939,0,
79.93306,14608.5313823273,1300.06760351538,845563.453959747,6901.90492575951,300.003600043201,0,23522.1107841371,67280.5810796177,553769.265922686,6001.44034568296,0,
80.05927,15109.1259120509,2200.1936170383,810021.721714281,6301.58800017604,400.006400102402,300.003600043201,22319.9093591484,66576.8280553149,564254.219124516,6001.44034568296,100.0004000016,
80.18548,12906.6598364756,2000.16001280102,764589.97200935,5901.39272868397,400.006400102402,200.0016000128,22720.6303323418,65772.5872689938,581519.091999329,4900.9605882753,0,
80.31179,12806.5569571621,2000.16001280102,775746.878041538,7102.01697282028,200.0016000128,100.0004000016,26127.2768770597,65571.5351359155,600904.428751659,5101.04061228491,0,
80.43803,15009.0054032419,2100.17641481884,822391.525297681,5401.16665199683,100.0004000016,0,24423.8376655616,69995.4272328341,611815.037618634,5601.25468104855,0,
80.5643,12906.6598364756,2200.1936170383,806185.226475082,7202.07419736884,300.003600043201,400.006400102402,26227.4864057532,71302.7851208838,615069.037734071,4900.9605882753,0,
80.69054,14808.7667899396,2600.27042812453,762678.329259395,6201.53798141939,200.0016000128,100.0004000016,24824.6260290208,67783.2860053585,619058.94023176,5301.12383825371,0,
80.81681,14408.2991803279,1500.09000540032,775024.419289875,5101.04061228491,400.006400102402,0,25325.6295370915,67280.5810796177,597968.545216252,5501.21026625858,0,
80.94304,15209.2472223112,1800.12960933187,812366.80818727,7102.01697282028,300.003600043201,500.010000200004,24123.2548176442,72409.1175314308,642393.235331525,4800.92177698118,0,
81.06929,12205.9565067753,2800.31363512713,799900.102786802,7102.01697282028,500.010000200004,0,24524.0335528818,70900.5066327574,624310.706042008,5601.25468104855,0,
81.19548,13807.6218072376,2300.21161946899,785743.165746631,4400.77453631839,400.006400102402,200.0016000128,22319.9093591484,69894.8668888862,604889.919457258,4100.67251029169,0,
81.32176,13807.6218072376,1700.11560786133,761297.874795971,4900.9605882753,500.010000200004,300.003600043201,23321.7358578195,76936.0397700144,624520.821460639,4700.88376614804,0,
81.44796,13507.2939387269,2700.2916314962,802882.491608903,6901.90492575951,500.010000200004,200.0016000128,21618.6785382571,75426.8840672744,631456.563908449,4600.84655576626,0,
81.57428,14007.84439286,2400.23042212052,791808.521613535,6401.6388195378,500.010000200004,200.0016000128,28632.7558727184,76231.74450329,638290.889997375,4500.81014582625,0,
81.70058,16611.0297237366,2300.21161946899,794469.665703673,5201.0818250196,300.003600043201,100.0004000016,26528.1198069954,79652.977857676,619058.94023176,5301.12383825371,0,
81.82683,13707.5117164206,2000.16001280102,768414.108722093,6401.6388195378,400.006400102402,300.003600043201,27129.408278574,71604.502459023,627672.966290384,4600.84655576626,0,
81.95312,16210.5044068556,2500.2500250025,794682.580954032,6001.44034568296,200.0016000128,0,25425.8326459683,72610.2793690528,616748.845196962,5101.04061228491,0,
82.07945,14508.4148806308,3000.36004320518,779042.669471427,5301.12383825371,500.010000200004,400.006400102402,22520.2682414173,71403.3567600526,634820.699810097,3600.51847466035,0,
82.20575,14208.0701838644,1800.12960933187,788722.282281291,5101.04061228491,300.003600043201,300.003600043201,22119.5536854579,73012.6127282647,621894.626371284,4300.73972723308,0,
82.33206,17011.567866149,2700.2916314962,753018.253739338,5301.12383825371,400.006400102402,200.0016000128,26628.3325458288,72610.2793690528,640499.682057804,4400.77453631839,0,
82.45833,13607.4024269202,3900.60849492521,798622.147188363,7302.132222609,600.014400345608,200.0016000128,27029.191526849,78948.529972353,641446.423736184,4000.64010241639,0,
82.58453,19615.3784567101,2200.1936170383,813646.125887989,5901.39272868397,200.0016000128,300.003600043201,29735.3255667733,72912.0281779415,640184.117034108,4200.70571856072,0,
82.71077,16310.634533716,3400.46246289495,790957.071467774,6001.44034568296,400.006400102402,100.0004000016,29334.3798932349,93851.0027502861,647549.325366863,4300.73972723308,0,
82.83705,19415.0660912868,2700.2916314962,768945.328605591,5601.25468104855,400.006400102402,400.006400102402,25225.4272306485,68889.3078178835,630615.667892835,4300.73972723308,0,
82.96341,18313.4054127621,2300.21161946899,795853.677663267,6601.74286011507,100.0004000016,200.0016000128,30336.7681630136,81162.6423105168,652075.765970982,5201.0818250196,0,
83.08968,18613.8487034354,5201.0818250196,816525.054421235,7102.01697282028,200.0016000128,200.0016000128,31238.986254846,73817.3181847359,643550.544463865,3800.57768780855,0,
83.21587,21618.6785382571,4100.67251029169,797450.799101836,5201.0818250196,600.014400345608,500.010000200004,27029.191526849,74622.0752960811,657973.061180924,4500.81014582625,0,
83.34219,19014.4509827469,2800.31363512713,825592.542395293,7502.25067520256,500.010000200004,400.006400102402,30036.0432519023,80357.4653188817,670830.13303651,4500.81014582625,0,
83.46847,18713.9980705568,3000.36004320518,807357.367897299,6601.74286011507,500.010000200004,200.0016000128,28833.2158646761,79753.6165004715,627291.253939571,3200.40965243551,0,
83.59474,17712.5404786589,2900.33643902693,771070.427181263,6801.85010322808,300.003600043201,0,28933.4470648069,72308.5378230818,632192.393185528,3400.46246289495,0,
83.72103,19214.7569333248,3400.46246289495,802136.829763694,8502.8909829342,200.0016000128,100.0004000016,30837.992406645,82571.8264526822,643024.481908333,3700.5476810568,0,
83.84726,17111.7044058136,2400.23042212052,784466.612209873,7802.43435952017,100.0004000016,300.003600043201,31138.7365883159,72610.2793690528,629774.827050279,3700.5476810568,0,
83.97354,20817.3200102485,3800.57768780855,772558.20474545,7402.19104855037,200.0016000128,300.003600043201,29334.3798932349,68587.6558263409,616433.864515706,3600.51847466035,0,
84.09981,17412.118834709,2900.33643902693,776384.707386481,5801.34591225164,200.0016000128,400.006400102402,28432.2990917683,73616.1369781679,616643.850775877,3000.36004320518,0,
84.22594,19815.6940296715,3100.38444767151,792660.027979878,7502.25067520256,200.0016000128,400.006400102402,29234.1454819229,79149.7967585701,638711.582954564,3300.43565750679,0,
84.35217,18513.7001381022,4500.81014582625,781169.433845519,8202.69048247825,100.0004000016,200.0016000128,31639.9929510902,73012.6127282647,609506.248719525,2500.2500250025,0,
84.47844,17211.841747122,3500.49006860961,758962.058079247,6801.85010322808,100.0004000016,100.0004000016,29534.8511243267,73414.9589999519,609821.059058296,3200.40965243551,100.0004000016,
84.60471,22119.5536854579,4200.70571856072,840541.121603519,7402.19104855037,400.006400102402,200.0016000128,28933.4470648069,72207.9589216945,635451.573606559,3500.49006860961,100.0004000016,
84.731,20216.3347985172,4200.70571856072,835627.537058624,7702.37233067785,300.003600043201,200.0016000128,31439.4879969241,81967.871002436,621264.419647615,3100.38444767151,0,
84.85724,19415.0660912868,3000.36004320518,786487.880350696,7402.19104855037,500.010000200004,0,31138.7365883159,74320.2853257054,623155.132830436,3600.51847466035,0,
84.98352,19615.3784567101,2400.23042212052,811620.598086223,8903.16952835209,200.0016000128,200.0016000128,32442.0448901777,72811.4444346382,627357.716909956,3400.46246289495,0,
85.10967,17712.5404786589,2800.31363512713,791063.499661621,8002.56081946223,0,200.0016000128,30236.5257230735,70598.8062383673,640499.682057804,2400.23042212052,0,
85.23591,18413.5523745477,2800.31363512713,791276.358684439,7302.132222609,500.010000200004,200.0016000128,28933.4470648069,72710.8614983452,603736.097171299,3800.57768780855,0,
85.36206,20216.3347985172,3000.36004320518,810661.248492657,9403.53572943427,200.0016000128,200.0016000128,30938.239664225,73917.9099986761,630195.240575265,4000.64010241639,0,
85.48834,19815.6940296715,3800.57768780855,814818.945185846,10004.0016006403,600.014400345608,300.003600043201,27830.9480141918,84887.2584827055,615593.953900128,3000.36004320518,0,
85.61465,20016.0128102482,3600.51847466035,779786.997087915,9403.53572943427,300.003600043201,600.014400345608,33946.0308177889,71503.9292060958,592308.385268658,4400.77453631839,0,
85.74097,18213.259252736,3200.40965243551,800858.652575958,8602.95941803981,100.0004000016,200.0016000128,28632.7558727184,68386.5585316744,595033.334971415,2700.2916314962,0,
85.8672,18413.5523745477,3100.38444767151,785530.398046076,9003.24116682005,100.0004000016,100.0004000016,30437.0114058695,61752.1573156257,584870.131199214,3700.5476810568,100.0004000016,
85.99347,17412.118834709,3400.46246289495,837122.778007441,9803.84310649775,200.0016000128,200.0016000128,35349.9140786791,73515.5475855207,589688.78844083,2700.2916314962,0,
86.1197,14408.2991803279,2900.33643902693,812473.413152384,8703.02865397158,500.010000200004,500.010000200004,29434.6151073663,72006.8035397662,562790.393298868,3300.43565750679,0,
86.24596,15609.7404780583,3300.43565750679,786784.507769304,9503.61137232148,200.0016000128,500.010000200004,30837.992406645,70095.9883835203,595347.789585765,2300.21161946899,0,
86.3723,17612.3991289868,2300.21161946899,833278.222339792,7001.96054895371,400.006400102402,100.0004000016,24624.2302425587,71202.2142885796,583403.943528218,2500.2500250025,0,
86.49854,16510.8971921468,3700.5476810568,841502.693718241,9203.38684635946,100.0004000016,300.003600043201,40866.6944453348,68587.6558263409,574296.399957444,2800.31363512713,100.0004000016,
86.62483,17311.9798900839,2100.17641481884,828794.353205663,9003.24116682005,300.003600043201,400.006400102402,30236.5257230735,69291.5217661617,574714.995376092,2600.27042812453,0,
86.75103,14708.648685427,2800.31363512713,830929.334843237,8402.82334864514,300.003600043201,100.0004000016,31038.4877247787,69794.307351667,579215.761708119,2800.31363512713,0,
86.87728,14808.7667899396,2000.16001280102,821004.664306283,10704.5815609081,400.006400102402,600.014400345608,28732.9854673165,66878.4316556573,572831.423895254,4000.64010241639,0,
87.0036,17011.567866149,2500.2500250025,844708.451012906,9103.31360615264,600.014400345608,400.006400102402,30036.0432519023,69794.307351667,574924.298224077,2500.2500250025,0,
87.12992,14208.0701838644,2700.2916314962,844280.970752544,11104.9305891816,200.0016000128,100.0004000016,31238.986254846,68084.9186390236,581833.214633627,2500.2500250025,0,
87.25624,14708.648685427,1500.09000540032,807037.682404142,8602.95941803981,200.0016000128,200.0016000128,27730.7256440136,70196.5503409547,557145.777959518,2700.2916314962,100.0004000016,
87.38252,15609.7404780583,2100.17641481884,851229.277654611,8402.82334864514,300.003600043201,500.010000200004,31238.986254846,65068.9189134994,572098.99880118,3600.51847466035,0,
87.50875,13607.4024269202,2300.21161946899,832637.574294666,10104.0820491479,200.0016000128,300.003600043201,28231.8455217485,65169.4405454181,544715.513612268,2400.23042212052,0,
87.6349,14208.0701838644,1600.10240655402,837336.397985928,8602.95941803981,100.0004000016,200.0016000128,26227.4864057532,60144.3464314354,554115.43918325,2000.16001280102,0,
87.76114,14308.184281409,1400.07840439065,795108.421999719,10204.1632986258,300.003600043201,100.0004000016,29935.8032206519,72409.1175314308,544506.70492212,2300.21161946899,0,
87.88735,13307.0793662228,2000.16001280102,815778.603882693,7402.19104855037,500.010000200004,200.0016000128,30036.0432519023,65370.4862280828,558086.374064063,2400.23042212052,0,
88.01357,14908.8856958747,1800.12960933187,835841.132312577,8502.8909829342,300.003600043201,300.003600043201,30437.0114058695,69190.9670691107,571785.11517532,1400.07840439065,0,
88.13991,16110.3750815525,1900.14441097523,865993.461076853,10204.1632986258,300.003600043201,200.0016000128,31940.756405173,66878.4316556573,562267.638987162,2500.2500250025,0,
88.2662,16310.634533716,2500.2500250025,872953.449382154,8002.56081946223,400.006400102402,300.003600043201,29635.0879441258,67481.6606304171,551085.818942962,3100.38444767151,100.0004000016,
88.39249,15209.2472223112,3000.36004320518,868884.078426178,10504.4118529783,400.006400102402,200.0016000128,27830.9480141918,62355.1395872932,537826.628802582,2700.2916314962,0,
88.51878,14808.7667899396,1800.12960933187,807570.495959567,9403.53572943427,300.003600043201,200.0016000128,27530.2833116428,64264.7748827995,535218.172904069,2500.2500250025,0,
88.64503,11405.2007715518,2000.16001280102,856362.733741519,10804.6676164103,700.019600548815,100.0004000016,35650.7666917691,68587.6558263409,561849.450931474,2800.31363512713,0,
88.77122,13206.9732818928,2700.2916314962,840006.945793867,9403.53572943427,400.006400102402,200.0016000128,26828.7604311822,61450.6770601515,568960.509251873,2600.27042812453,0,
88.8975,14208.0701838644,1600.10240655402,844922.19644622,8202.69048247825,400.006400102402,0,30637.5003003677,63159.1610859366,561117.654757231,2300.21161946899,0,
89.02375,16811.2971917128,2600.27042812453,829434.810639248,10204.1632986258,200.0016000128,400.006400102402,28532.5270808722,65873.1145450243,545237.550273028,3700.5476810568,100.0004000016,
89.15001,12306.0545788528,1700.11560786133,845670.333305765,9103.31360615264,400.006400102402,500.010000200004,27229.6258329062,71705.0765188439,549101.284813205,2800.31363512713,0,
89.27628,13507.2939387269,2000.16001280102,819404.625184867,10204.1632986258,700.019600548815,300.003600043201,31238.986254846,62455.6394535182,545237.550273028,1900.14441097523,0,
89.40246,13006.7635170289,2200.1936170383,837550.021496842,7802.43435952017,200.0016000128,200.0016000128,27029.191526849,63561.1911808346,560594.968856971,2400.23042212052,0,
89.52868,12506.2531265633,3400.46246289495,809808.553164076,9803.84310649775,400.006400102402,100.0004000016,26227.4864057532,65873.1145450243,527917.330392517,3500.49006860961,0,
89.65491,13407.186251831,2400.23042212052,873596.098675686,9803.84310649775,500.010000200004,200.0016000128,24023.0621396541,64968.3980878437,551503.654887083,2400.23042212052,0,
89.78118,14808.7667899396,2200.1936170383,869633.603205351,10204.1632986258,400.006400102402,0,30036.0432519023,61651.6630912044,540748.732157233,2400.23042212052,0,
89.90752,14208.0701838644,2300.21161946899,842464.337399214,9703.76506084361,300.003600043201,200.0016000128,28933.4470648069,63661.7007198284,560699.504326915,2500.2500250025,0,
90.03376,14508.4148806308,2100.17641481884,821964.78297155,9303.46088745013,400.006400102402,100.0004000016,30437.0114058695,64666.8404483568,561013.11586705,1500.09000540032,0,
90.15999,14208.0701838644,2400.23042212052,826339.560580328,10304.2453490838,300.003600043201,200.0016000128,26828.7604311822,65370.4862280828,538661.447245298,2300.21161946899,0,
90.28614,13607.4024269202,2900.33643902693,805865.570020603,11405.2007715518,500.010000200004,100.0004000016,28231.8455217485,60747.2513372415,567077.785277454,1200.05760276493,0,
90.41231,13707.5117164206,2300.21161946899,858823.237359173,8502.8909829342,200.0016000128,500.010000200004,28332.0719053969,64566.3228476556,585917.511001945,2400.23042212052,0,
90.53865,16110.3750815525,2600.27042812453,830395.556345392,10804.6676164103,300.003600043201,300.003600043201,27630.5040765005,67783.2860053585,554742.346865762,3900.60849492521,0,
90.66488,20116.1734034163,3100.38444767151,851763.917555623,10304.2453490838,400.006400102402,300.003600043201,31439.4879969241,63259.6674005189,549101.284813205,2400.23042212052,0,
90.79114,16911.4321281186,3100.38444767151,816951.616967314,9903.92195309342,800.025600819226,300.003600043201,28432.2990917683,64767.3588552821,548787.965498917,2700.2916314962,0,
90.91748,15910.1188355794,4200.70571856072,855613.977751761,9603.68781612139,200.0016000128,200.0016000128,29133.9118734207,65068.9189134994,571575.863705546,3200.40965243551,0,
91.04379,18113.1138944596,2700.2916314962,856255.765945036,9803.84310649775,0,300.003600043201,44478.9946945776,62355.1395872932,557877.346724298,2000.16001280102,0,
91.17011,18213.259252736,3400.46246289495,795001.960420149,9303.46088745013,400.006400102402,100.0004000016,29334.3798932349,68889.3078178835,547117.058934133,3000.36004320518,0,
91.29643,16410.7654621432,1900.14441097523,874024.549274492,9103.31360615264,600.014400345608,100.0004000016,31238.986254846,61551.1696727162,591769.394560626,2800.31363512713,100.0004000016,
91.42269,16811.2971917128,2900.33643902693,827726.994727011,10604.4963064339,100.0004000016,300.003600043201,31639.9929510902,63159.1610859366,567914.51725732,2000.16001280102,0,
91.549,18513.7001381022,3400.46246289495,813646.125887989,10904.7544729502,500.010000200004,500.010000200004,28732.9854673165,66576.8280553149,560699.504326915,3400.46246289495,0,
91.67525,14708.648685427,1800.12960933187,807996.762644886,9103.31360615264,500.010000200004,100.0004000016,30336.7681630136,69794.307351667,579634.518182004,3000.36004320518,100.0004000016,
91.80149,18513.7001381022,2400.23042212052,824525.448520358,11505.2924345199,400.006400102402,100.0004000016,30036.0432519023,65873.1145450243,547639.193757383,2400.23042212052,100.0004000016,
91.9278,16210.5044068556,2400.23042212052,801710.756630008,9003.24116682005,300.003600043201,100.0004000016,29434.6151073663,62455.6394535182,586545.980046588,1400.07840439065,0,
92.05409,16110.3750815525,2200.1936170383,799261.109161834,10004.0016006403,300.003600043201,100.0004000016,27630.5040765005,64264.7748827995,558295.404822953,2900.33643902693,100.0004000016,
92.18033,16310.634533716,2900.33643902693,835093.564374853,10104.0820491479,100.0004000016,600.014400345608,30837.992406645,66777.8963157853,572831.423895254,2400.23042212052,0,
92.30658,15209.2472223112,2500.2500250025,808955.914173866,9203.38684635946,500.010000200004,0,32642.5659059413,65772.5872689938,616013.902323065,2400.23042212052,0,
92.43283,17211.841747122,2500.2500250025,783722.014348126,9603.68781612139,0,200.0016000128,34447.3996218797,63259.6674005189,608876.651260366,2400.23042212052,0,
92.55911,14508.4148806308,2500.2500250025,819937.94952512,10004.0016006403,400.006400102402,400.006400102402,33143.8825004306,61350.1852535006,562267.638987162,2700.2916314962,0,
92.68533,15209.2472223112,2500.2500250025,809915.13699903,9603.68781612139,400.006400102402,100.0004000016,28632.7558727184,62254.6405270692,543671.504297467,2700.2916314962,0,
92.81153,16110.3750815525,2500.2500250025,780106.007795904,11805.5722300926,300.003600043201,400.006400102402,30737.7459520291,64164.2605068977,559340.609907209,2000.16001280102,0,
92.93774,14508.4148806308,2100.17641481884,778192.061966649,10504.4118529783,600.014400345608,0,32341.7855869784,64666.8404483568,563731.404941776,1400.07840439065,0,
93.06406,15309.3693340324,3000.36004320518,781807.531587871,10004.0016006403,100.0004000016,400.006400102402,35349.9140786791,62656.64160401,575342.914197794,4600.84655576626,0,
93.19024,16310.634533716,2300.21161946899,834452.826289139,11505.2924345199,0,100.0004000016,31639.9929510902,67481.6606304171,566868.610839534,3300.43565750679,100.0004000016,
93.31653,15209.2472223112,2300.21161946899,809915.13699903,10604.4963064339,400.006400102402,100.0004000016,31138.7365883159,65973.6426273953,554428.889179642,2200.1936170383,0,
93.44272,13707.5117164206,2200.1936170383,764165.137992869,8903.16952835209,200.0016000128,300.003600043201,29534.8511243267,65269.9629836093,593461.177790609,3000.36004320518,0,
93.56895,16510.8971921468,3600.51847466035,798941.624218808,9403.53572943427,300.003600043201,100.0004000016,29334.3798932349,67783.2860053585,573145.333207854,1900.14441097523,0,
93.69525,15209.2472223112,2600.27042812453,763527.913236682,7102.01697282028,200.0016000128,100.0004000016,27129.408278574,65370.4862280828,553697.517816038,4400.77453631839,0,
93.82145,14107.9568876847,3100.38444767151,769795.325977603,9303.46088745013,200.0016000128,300.003600043201,31940.756405173,63963.2341736111,574087.107386615,2900.33643902693,0,
93.94771,13006.7635170289,2500.2500250025,781382.129583414,9203.38684635946,300.003600043201,300.003600043201,29534.8511243267,65772.5872689938,563835.966067587,2300.21161946899,0,
94.07401,15109.1259120509,2200.1936170383,797344.318186509,10304.2453490838,400.006400102402,0,33845.7594667991,72107.3808272592,581937.923892711,3500.49006860961,100.0004000016,
94.20033,15910.1188355794,1800.12960933187,805545.921485078,9403.53572943427,300.003600043201,200.0016000128,32442.0448901777,59340.5183474468,611290.276315089,2700.2916314962,0,
94.32665,13006.7635170289,2500.2500250025,774258.732318859,10004.0016006403,300.003600043201,200.0016000128,32141.2693898966,66275.2317126482,577436.199643144,2800.31363512713,0,
94.45285,13407.186251831,1600.10240655402,770326.602811233,9603.68781612139,600.014400345608,200.0016000128,30637.5003003677,64968.3980878437,568332.903785341,2700.2916314962,0,
94.57917,15209.2472223112,2800.31363512713,762572.135201979,9603.68781612139,600.014400345608,400.006400102402,30637.5003003677,73213.78425001,571785.11517532,2500.2500250025,0,
94.70543,14007.84439286,2400.23042212052,770007.834082382,10004.0016006403,400.006400102402,400.006400102402,32341.7855869784,66074.1715161165,578482.970869177,2300.21161946899,0,
94.83168,14408.2991803279,2700.2916314962,797161.056427623,9103.31360615264,300.003600043201,100.0004000016,32341.7855869784,62857.6469786224,563208.612142729,2500.2500250025,0,
94.95795,14508.4148806308,2300.21161946899,779574.327668702,10204.1632986258,200.0016000128,400.006400102402,39060.9350586916,62254.6405270692,578168.930505138,1800.12960933187,0,
95.08414,14308.184281409,1500.09000540032,770432.860806676,8903.16952835209,200.0016000128,100.0004000016,33645.2191745706,62254.6405270692,535426.829766545,2200.1936170383,0,
95.21046,12906.6598364756,1400.07840439065,756945.102677486,8903.16952835209,800.025600819226,100.0004000016,33043.6175751993,62254.6405270692,545759.608271104,1500.09000540032,0,
95.33673,12406.1534521122,1300.06760351538,790424.943673712,10904.7544729502,400.006400102402,100.0004000016,32742.827618525,72409.1175314308,573145.333207854,1500.09000540032,0,
95.46291,12606.3536022155,1900.14441097523,800006.604801691,11104.9305891816,600.014400345608,300.003600043201,36653.6609596449,64968.3980878437,552443.835728449,2600.27042812453,0,
95.5892,14608.5313823273,2200.1936170383,803202.074164596,8302.75651516303,500.010000200004,100.0004000016,35650.7666917691,59943.3845759056,557981.859966795,2100.17641481884,0,
95.71548,12806.5569571621,1700.11560786133,760129.91348718,9203.38684635946,0,300.003600043201,32542.3049964954,57733.0168708705,545968.437445076,2200.1936170383,100.0004000016,
95.84177,11004.8421305374,1500.09000540032,768307.867373612,9303.46088745013,100.0004000016,100.0004000016,35550.4816839913,60445.7952581627,557981.859966795,2200.1936170383,0,
95.96805,12506.2531265633,1900.14441097523,794150.299418497,9903.92195309342,300.003600043201,200.0016000128,35751.0525029742,69693.7486211668,555682.766065324,2600.27042812453,0,
96.09431,11905.6670975384,1900.14441097523,796705.451153422,9703.76506084361,100.0004000016,200.0016000128,34246.8496903764,67582.2016155555,550250.188049841,1600.10240655402,0,
96.2205,11905.6670975384,1300.06760351538,764377.553249816,7702.37233067785,0,400.006400102402,32642.5659059413,62656.64160401,523330.365820789,2400.23042212052,0,
96.3467,11505.2924345199,2000.16001280102,766608.124933007,9903.92195309342,700.019600548815,300.003600043201,32542.3049964954,62053.6448245857,523851.528776611,1800.12960933187,0,
96.47288,11905.6670975384,1200.05760276493,784679.362355193,10604.4963064339,600.014400345608,300.003600043201,32642.5659059413,64867.8780684411,523434.596709315,2400.23042212052,0,
96.59919,11004.8421305374,2200.1936170383,794469.665703673,9303.46088745013,500.010000200004,200.0016000128,33344.4147604609,65772.5872689938,537200.550786342,2500.2500250025,0,
96.72546,12005.7627661277,1400.07840439065,783083.821836828,9703.76506084361,200.0016000128,300.003600043201,36453.0756781874,66375.7630204782,533549.04075563,1400.07840439065,0,
96.85173,10204.1632986258,1400.07840439065,762465.942020025,9903.92195309342,500.010000200004,100.0004000016,36051.9147572504,63360.1745211896,523851.528776611,1600.10240655402,0,
96.97795,13006.7635170289,1400.07840439065,830075.299835514,10504.4118529783,200.0016000128,100.0004000016,36653.6609596449,66074.1715161165,539600.683235397,1400.07840439065,0,
97.10418,12205.9565067753,2200.1936170383,761616.42807975,9503.61137232148,300.003600043201,400.006400102402,31339.2367243789,64867.8780684411,538557.09195515,1500.09000540032,0,
97.23047,11004.8421305374,2700.2916314962,756626.664908348,9403.53572943427,300.003600043201,200.0016000128,32141.2693898966,62556.1401257539,520412.246531266,1600.10240655402,0,
97.35672,12406.1534521122,2900.33643902693,803947.797581448,10704.5815609081,0,400.006400102402,34547.6757925938,62556.1401257539,540539.988312649,2100.17641481884,100.0004000016,
97.48293,11905.6670975384,1700.11560786133,831249.612531256,9803.84310649775,300.003600043201,300.003600043201,32141.2693898966,62254.6405270692,521871.222763059,1900.14441097523,0,
97.60924,13807.6218072376,3200.40965243551,797131.35899288,8302.75651516303,600.014400345608,300.003600043201,34146.5759295679,56828.8879177976,508538.2179123,2800.31363512713,0,
97.73548,14608.5313823273,3000.36004320518,794256.753968189,9503.61137232148,400.006400102402,100.0004000016,30437.0114058695,65873.1145450243,511557.756125835,1600.10240655402,0,
97.86174,11505.2924345199,1900.14441097523,821858.099593874,9503.61137232148,400.006400102402,100.0004000016,33344.4147604609,62656.64160401,538870.160384105,2200.1936170383,0,
97.98793,13707.5117164206,2400.23042212052,791489.221220825,8602.95941803981,300.003600043201,0,34447.3996218797,64365.2900648866,526561.919270716,1800.12960933187,0,
98.11416,11705.4781637807,2000.16001280102,854651.355197405,7402.19104855037,600.014400345608,300.003600043201,32642.5659059413,60345.3115101164,506456.194191874,3200.40965243551,0,
98.24038,12205.9565067753,2700.2916314962,799048.118320626,9403.53572943427,300.003600043201,300.003600043201,33645.2191745706,63661.7007198284,504374.510316009,1600.10240655402,0,
98.36666,13106.8679988314,2100.17641481884,804906.64816971,8002.56081946223,100.0004000016,100.0004000016,37155.1382251261,59340.5183474468,514265.53614657,2000.16001280102,0,
98.49294,13206.9732818928,2700.2916314962,822924.973040866,8803.09869073914,400.006400102402,200.0016000128,34046.302972042,58737.681124556,523538.828449149,1600.10240655402,0,
98.61922,14308.184281409,2100.17641481884,811194.211684831,7502.25067520256,300.003600043201,300.003600043201,30036.0432519023,60847.7383086133,488149.030226906,3200.40965243551,0,
98.74546,14508.4148806308,1400.07840439065,795534.277105947,10304.2453490838,600.014400345608,0,34246.8496903764,65973.6426273953,506456.194191874,3500.49006860961,0,
98.87171,14308.184281409,2300.21161946899,806718.004831018,8302.75651516303,400.006400102402,400.006400102402,38459.0731363374,58938.6236428079,483991.975600607,1500.09000540032,0,
98.99789,14208.0701838644,1600.10240655402,847915.003784135,9003.24116682005,600.014400345608,200.0016000128,41268.0096799526,58034.4076882059,520516.453587368,2900.33643902693,0,
99.12404,15809.9919148902,2300.21161946899,850801.581655444,11004.8421305374,400.006400102402,200.0016000128,35149.3496869605,62053.6448245857,492931.320003589,3600.51847466035,0,
99.25029,16611.0297237366,1900.14441097523,839259.136762031,10404.3282005314,300.003600043201,200.0016000128,34347.1242544771,62857.6469786224,502813.470382053,3600.51847466035,100.0004000016,
99.37656,16310.634533716,2200.1936170383,802349.871607507,8903.16952835209,400.006400102402,600.014400345608,35049.0686961746,55322.1513100927,484511.533270539,3000.36004320518,0,
99.50289,17011.567866149,2000.16001280102,826019.40463794,12306.0545788528,200.0016000128,200.0016000128,38559.381447429,57130.2569859279,533549.04075563,3200.40965243551,0,
99.6292,15709.8657957197,3000.36004320518,852084.712111185,8703.02865397158,100.0004000016,800.025600819226,35249.6314811254,55723.9300203653,471160.290622815,3900.60849492521,100.0004000016,
99.75551,18413.5523745477,2500.2500250025,822756.543118145,12205.9565067753,300.003600043201,500.010000200004,44177.9298682877,56427.0737701303,498859.690994619,2800.31363512713,0,
99.88182,18613.8487034354,4200.70571856072,841434.33070312,12005.7627661277,600.014400345608,300.003600043201,31238.986254846,60043.8651007815,495947.164238773,5301.12383825371,0,
100.00802,17712.5404786589,3800.57768780855,804480.483555321,7902.49718911176,300.003600043201,500.010000200004,30837.992406645,57230.7149529525,472359.433331703,3200.40965243551,0,
100.13421,32241.5270868879,2800.31363512713,829648.303508699,11405.2007715518,300.003600043201,300.003600043201,35450.1974796312,59139.5693837456,496883.260990177,2700.2916314962,0,
100.26048,16210.5044068556,3100.38444767151,876381.281232792,11205.0198488923,500.010000200004,400.006400102402,34848.5091247016,56427.0737701303,503646.001232336,3600.51847466035,0,
100.38672,19314.911111378,2400.23042212052,840968.478153012,10004.0016006403,600.014400345608,100.0004000016,33043.6175751993,58737.681124556,531880.126801529,3700.5476810568,0,
100.51299,17011.567866149,3500.49006860961,839793.281653747,8002.56081946223,400.006400102402,300.003600043201,37857.2401471024,55924.8242076314,504478.586439779,3900.60849492521,0,
100.63924,17612.3991289868,3600.51847466035,830822.577378812,8302.75651516303,600.014400345608,500.010000200004,33143.8825004306,58637.211073913,489604.319774223,3600.51847466035,0,
100.7655,16811.2971917128,4300.73972723308,887091.144799725,12306.0545788528,300.003600043201,700.019600548815,37456.0342272039,59943.3845759056,480667.308099998,3300.43565750679,0,
100.89178,24023.0621396541,3200.40965243551,820897.988861897,12906.6598364756,200.0016000128,400.006400102402,34547.6757925938,63561.1911808346,506456.194191874,4100.67251029169,0,
101.01807,18213.259252736,3800.57768780855,874024.549274492,11605.3848985929,300.003600043201,800.025600819226,38158.1530252104,60847.7383086133,506664.381269538,4300.73972723308,100.0004000016,
101.14432,20817.3200102485,3600.51847466035,794393.976785405,10704.5815609081,300.003600043201,400.006400102402,36051.9147572504,60244.8285678772,491683.593144573,4700.88376614804,0,
101.27053,23221.549598027,3200.40965243551,852084.712111185,10604.4963064339,200.0016000128,200.0016000128,33043.6175751993,58536.7418289123,504270.435041643,3400.46246289495,0,
101.39682,18713.9980705568,3500.49006860961,871454.058506741,11905.6670975384,200.0016000128,300.003600043201,33244.1482288479,57230.7149529525,500108.120458431,3800.57768780855,0,
101.52308,22520.2682414173,3000.36004320518,872203.732220622,11205.0198488923,400.006400102402,500.010000200004,34447.3996218797,58134.8729051399,472670.880865337,3200.40965243551,100.0004000016,
101.64927,20416.6599945556,3000.36004320518,842998.614815274,8803.09869073914,500.010000200004,200.0016000128,33544.9502333126,52409.640968907,485758.558117724,4500.81014582625,0,
101.77561,19715.5358422437,3400.46246289495,839045.484988548,9503.61137232148,200.0016000128,800.025600819226,36553.3679171591,59541.4705339888,481498.393646341,3100.38444767151,100.0004000016,
101.90181,19715.5358422437,3500.49006860961,831036.093190112,9703.76506084361,200.0016000128,500.010000200004,32943.3534531443,53313.4510237786,490020.147311924,3000.36004320518,0,
102.02799,17111.7044058136,2700.2916314962,812686.625724304,10104.0820491479,800.025600819226,600.014400345608,31439.4879969241,61852.6523459899,496051.171594543,2200.1936170383,0,
102.15429,18012.9693379233,3400.46246289495,816205.141761946,8903.16952835209,500.010000200004,100.0004000016,29033.6790677186,57733.0168708705,472774.698402348,3100.38444767151,0,
102.2805,22720.6303323418,3600.51847466035,844280.970752544,9103.31360615264,300.003600043201,200.0016000128,34848.5091247016,56929.3434683601,502085.050473727,3200.40965243551,0,
102.40671,18914.2992102029,3500.49006860961,838190.91322502,12406.1534521122,400.006400102402,100.0004000016,32742.827618525,59943.3845759056,479316.909705378,2300.21161946899,100.0004000016,
102.53294,17812.6826300326,2300.21161946899,847059.845248483,9103.31360615264,200.0016000128,100.0004000016,32341.7855869784,52911.7496151873,460426.350115489,3100.38444767151,0,
102.6591,15910.1188355794,3100.38444767151,827513.533617092,10304.2453490838,200.0016000128,300.003600043201,31138.7365883159,52811.3262757894,478382.102353795,3100.38444767151,0,
102.78541,17612.3991289868,2900.33643902693,833278.222339792,7902.49718911176,500.010000200004,100.0004000016,34347.1242544771,52811.3262757894,500108.120458431,2700.2916314962,0,
102.91172,18012.9693379233,3200.40965243551,797131.35899288,10204.1632986258,300.003600043201,100.0004000016,33845.7594667991,55723.9300203653,497091.291825429,3600.51847466035,100.0004000016,
103.038,16811.2971917128,2600.27042812453,843105.472949505,8803.09869073914,400.006400102402,100.0004000016,35951.6265357053,56226.1715289109,513536.461905228,3200.40965243551,0,
103.16429,21117.8234429859,1700.11560786133,834879.981481558,11805.5722300926,300.003600043201,700.019600548815,31138.7365883159,59340.5183474468,480978.958826815,3800.57768780855,0,
103.29056,14007.84439286,2800.31363512713,827513.533617092,9003.24116682005,300.003600043201,300.003600043201,27530.2833116428,50200.6020064209,472151.805873674,3700.5476810568,0,
103.41678,12606.3536022155,2800.31363512713,779148.999356552,8703.02865397158,800.025600819226,200.0016000128,32141.2693898966,53112.5987092636,465820.793963174,2500.2500250025,0,
103.54314,16110.3750815525,2100.17641481884,887782.914710279,11004.8421305374,300.003600043201,300.003600043201,30136.2840860396,55723.9300203653,463434.508046445,2500.2500250025,0,
103.6694,15809.9919148902,2500.2500250025,800539.12806562,10504.4118529783,200.0016000128,200.0016000128,30136.2840860396,52108.3854417188,475681.933053984,3700.5476810568,0,
103.7957,13307.0793662228,3000.36004320518,814499.074808353,8502.8909829342,400.006400102402,200.0016000128,30336.7681630136,54217.3262941004,487733.26373483,2700.2916314962,100.0004000016,
103.92189,14808.7667899396,2400.23042212052,817271.548127525,9503.61137232148,200.0016000128,400.006400102402,30938.239664225,55623.4841347792,467481.082755052,2900.33643902693,0,
104.04821,12506.2531265633,1400.07840439065,803308.603442368,9703.76506084361,100.0004000016,200.0016000128,27730.7256440136,51505.8961224277,460841.226194113,2100.17641481884,100.0004000016,
104.17448,11805.5722300926,2300.21161946899,816311.778434086,8202.69048247825,100.0004000016,0,36051.9147572504,56427.0737701303,474435.894091561,2800.31363512713,0,
104.30068,12806.5569571621,2700.2916314962,815032.196508156,8402.82334864514,300.003600043201,400.006400102402,33745.4889190629,50803.0285418829,483888.066608767,2500.2500250025,0,
104.42694,13407.186251831,1800.12960933187,801178.18500064,9203.38684635946,100.0004000016,0,30637.5003003677,56728.433172703,460426.350115489,1200.05760276493,0,
104.55324,13106.8679988314,2300.21161946899,815032.196508156,10704.5815609081,300.003600043201,100.0004000016,29133.9118734207,55422.5947796526,471009.91535474,2000.16001280102,0,
104.67952,13307.0793662228,1900.14441097523,815138.823490537,8202.69048247825,600.014400345608,300.003600043201,30336.7681630136,53012.1737596755,461671.018914966,2100.17641481884,0,
104.80575,13206.9732818928,1400.07840439065,782339.303835587,9003.24116682005,200.0016000128,100.0004000016,25826.6531060054,53514.3065588096,439285.583455103,2400.23042212052,0,
104.93206,10204.1632986258,2000.16001280102,794150.299418497,7902.49718911176,300.003600043201,200.0016000128,28833.2158646761,54518.6325444167,493451.242244892,2000.16001280102,0,
105.05834,14408.2991803279,2100.17641481884,790318.520749859,9003.24116682005,400.006400102402,400.006400102402,32542.3049964954,51505.8961224277,454412.165987204,2100.17641481884,0,
105.18458,10104.0820491479,1300.06760351538,739866.729266023,7602.31110257518,200.0016000128,0,29133.9118734207,59440.9940378578,484823.278041461,2300.21161946899,0,
105.31074,16210.5044068556,1500.09000540032,779361.661758276,8602.95941803981,300.003600043201,0,31639.9929510902,57431.6333035317,487109.639428763,1900.14441097523,0,
105.43701,12606.3536022155,2700.2916314962,804906.64816971,8803.09869073914,500.010000200004,200.0016000128,30737.7459520291,58436.2733895444,492931.320003589,2800.31363512713,0,
105.56333,12406.1534521122,1600.10240655402,763846.521674609,9903.92195309342,300.003600043201,200.0016000128,27329.8441898553,56828.8879177976,459181.802998888,2500.2500250025,0,
105.68964,13106.8679988314,2400.23042212052,743365.419863993,7502.25067520256,600.014400345608,300.003600043201,32241.5270868879,55221.7086458555,477655.077390925,2200.1936170383,100.0004000016,
105.81588,12806.5569571621,3400.46246289495,791063.499661621,8703.02865397158,400.006400102402,500.010000200004,35450.1974796312,62757.1438882963,486070.333398578,2600.27042812453,0,
105.94216,16510.8971921468,3400.46246289495,772257.339647657,8903.16952835209,300.003600043201,500.010000200004,32041.0124959949,65169.4405454181,473812.920317913,3400.46246289495,0,
106.06842,15009.0054032419,3200.40965243551,789041.514167468,8402.82334864514,300.003600043201,200.0016000128,31238.986254846,59541.4705339888,481913.956750057,2200.1936170383,0,
106.19467,15409.4922472243,2400.23042212052,775215.377699696,8102.62525058119,300.003600043201,400.006400102402,37857.2401471024,54116.8924877736,490539.950813454,3000.36004320518,100.0004000016,
106.32094,15709.8657957197,2300.21161946899,759811.396964876,8602.95941803981,300.003600043201,400.006400102402,37355.7347562563,61149.2040579013,509995.836768679,2700.2916314962,0,
106.44713,14208.0701838644,3200.40965243551,814818.945185846,7302.132222609,300.003600043201,200.0016000128,30236.5257230735,51807.1371596461,461671.018914966,2000.16001280102,0,
106.57344,12906.6598364756,1600.10240655402,727984.065372161,8402.82334864514,400.006400102402,200.0016000128,31940.756405173,48995.8358549322,490747.878150147,2900.33643902693,0,
106.69969,12506.2531265633,2000.16001280102,805119.735755574,9403.53572943427,300.003600043201,400.006400102402,35349.9140786791,58938.6236428079,497611.383765569,2000.16001280102,0,
106.82584,14508.4148806308,2000.16001280102,795108.421999719,9503.61137232148,300.003600043201,400.006400102402,33444.6820952793,60345.3115101164,489500.365009645,2300.21161946899,0,
106.95212,14007.84439286,3300.43565750679,802136.829763694,8803.09869073914,100.0004000016,200.0016000128,34246.8496903764,56828.8879177976,496467.209503451,2600.27042812453,0,
107.07835,14708.648685427,2600.27042812453,746228.692421134,8202.69048247825,200.0016000128,300.003600043201,34848.5091247016,51706.7226756024,486174.260187334,3100.38444767151,100.0004000016,
107.20462,17712.5404786589,2600.27042812453,760497.251168228,7202.07419736884,100.0004000016,600.014400345608,36152.2037822616,56427.0737701303,477862.79457505,4600.84655576626,0,
107.33091,18213.259252736,3300.43565750679,765121.03423257,8903.16952835209,500.010000200004,400.006400102402,31740.2466327303,52510.0610880405,475162.735339553,3700.5476810568,0,
107.45711,12906.6598364756,3200.40965243551,760236.087411694,6801.85010322808,300.003600043201,600.014400345608,34748.2305439951,54619.0695716662,490747.878150147,2500.2500250025,0,
107.58342,14508.4148806308,2200.1936170383,749941.290133859,8002.56081946223,100.0004000016,100.0004000016,30938.239664225,53614.7355340429,488876.654228095,3100.38444767151,0,
107.70958,14208.0701838644,1300.06760351538,728740.8560055,6901.90492575951,600.014400345608,500.010000200004,30737.7459520291,52510.0610880405,485446.790464773,2400.23042212052,0,
107.83582,12906.6598364756,2700.2916314962,755671.398842025,6801.85010322808,500.010000200004,400.006400102402,32943.3534531443,61149.2040579013,501148.571731671,2000.16001280102,0,
107.9621,13307.0793662228,1900.14441097523,910611.321758582,9903.92195309342,500.010000200004,300.003600043201,35550.4816839913,62556.1401257539,492411.418968801,2300.21161946899,0,
108.08833,14808.7667899396,2400.23042212052,781275.781275781,7502.25067520256,200.0016000128,100.0004000016,34547.6757925938,60144.3464314354,485654.634719209,3000.36004320518,0,
108.21459,13106.8679988314,1900.14441097523,765333.465251841,8402.82334864514,400.006400102402,100.0004000016,34447.3996218797,54518.6325444167,477966.654437243,2000.16001280102,0,
108.34089,13307.0793662228,3100.38444767151,789892.83783728,7702.37233067785,400.006400102402,100.0004000016,34948.7885087582,57532.0936871056,476616.54227284,2600.27042812453,0,
108.46704,13907.7326993809,2100.17641481884,768945.328605591,9103.31360615264,500.010000200004,0,33845.7594667991,57933.9432768561,481082.844096543,3500.49006860961,100.0004000016,
108.59327,12406.1534521122,1900.14441097523,774896.488015704,7402.19104855037,100.0004000016,300.003600043201,32843.0901342561,55322.1513100927,470906.112202398,2700.2916314962,0,
108.71957,11805.5722300926,1600.10240655402,757900.463230082,5701.29989637637,300.003600043201,600.014400345608,33946.0308177889,51405.4840532773,475578.09181806,2600.27042812453,100.0004000016,
108.84588,12105.8592358702,1800.12960933187,778404.70858029,9203.38684635946,400.006400102402,300.003600043201,33845.7594667991,53112.5987092636,482745.123621893,1600.10240655402,100.0004000016,
108.97219,17311.9798900839,1400.07840439065,817804.78434904,6601.74286011507,100.0004000016,0,35149.3496869605,58335.8057557995,478070.515146203,3300.43565750679,0,
109.09843,12306.0545788528,2800.31363512713,754503.947650365,8002.56081946223,400.006400102402,200.0016000128,35851.3391176164,54819.9460419398,469141.588051916,1500.09000540032,0,
109.2247,15209.2472223112,2600.27042812453,769476.570391902,8602.95941803981,0,700.019600548815,36753.9548056547,54619.0695716662,490539.950813454,2600.27042812453,0,
109.35094,13607.4024269202,2100.17641481884,777554.143174722,6201.53798141939,100.0004000016,600.014400345608,35049.0686961746,52108.3854417188,482225.637973001,2700.2916314962,100.0004000016,
109.47726,12306.0545788528,2000.16001280102,802669.440969685,5601.25468104855,200.0016000128,300.003600043201,33344.4147604609,52710.9037414721,464264.469813642,1400.07840439065,0,
109.60354,11305.1099096792,2100.17641481884,799367.605901244,7602.31110257518,300.003600043201,0,31539.7400724913,53614.7355340429,489292.458024233,2300.21161946899,0,
109.72978,13307.0793662228,3000.36004320518,789999.257248021,7102.01697282028,300.003600043201,100.0004000016,31539.7400724913,51807.1371596461,480667.308099998,2500.2500250025,0,
109.85602,11505.2924345199,3200.40965243551,776703.633896572,6201.53798141939,200.0016000128,100.0004000016,31138.7365883159,59039.0961104362,475058.898336173,2700.2916314962,0,
109.98229,12005.7627661277,1500.09000540032,775215.377699696,7001.96054895371,200.0016000128,100.0004000016,30837.992406645,49096.2286080718,468207.527179671,3000.36004320518,0,
110.10855,12306.0545788528,1900.14441097523,811194.211684831,6901.90492575951,300.003600043201,0,32642.5659059413,53815.5958999932,470906.112202398,2200.1936170383,0,
110.23479,9103.31360615264,2100.17641481884,809062.490966828,6601.74286011507,100.0004000016,0,32041.0124959949,55322.1513100927,462085.935558516,1600.10240655402,0,
110.36096,9203.38684635946,1800.12960933187,755565.26254193,6501.69043951427,400.006400102402,200.0016000128,29234.1454819229,54116.8924877736,465094.48568658,2300.21161946899,0,
110.4872,10904.7544729502,1700.11560786133,802243.350245844,5601.25468104855,500.010000200004,100.0004000016,33344.4147604609,53715.1653144341,464783.223393376,2300.21161946899,0,
110.61351,12506.2531265633,1300.06760351538,790424.943673712,5701.29989637637,200.0016000128,0,30036.0432519023,53815.5958999932,449851.576465606,3200.40965243551,0,
110.73983,10104.0820491479,2300.21161946899,797024.880714557,8202.69048247825,600.014400345608,100.0004000016,29835.5639922788,51907.5524486736,469556.74821,1800.12960933187,0,
110.86614,10504.4118529783,1800.12960933187,781701.179770646,6401.6388195378,300.003600043201,500.010000200004,28833.2158646761,52710.9037414721,446639.415012296,2900.33643902693,0,
110.99233,11705.4781637807,2100.17641481884,812473.413152384,5801.34591225164,300.003600043201,300.003600043201,32742.827618525,53916.0272907297,454619.504347649,2700.2916314962,0,
111.11864,9703.76506084361,1700.11560786133,808955.914173866,4200.70571856072,300.003600043201,0,30036.0432519023,50903.435781508,475578.09181806,2600.27042812453,0,
111.24491,11905.6670975384,1000.04000160006,779786.997087915,5601.25468104855,500.010000200004,100.0004000016,31238.986254846,55422.5947796526,449851.576465606,1800.12960933187,100.0004000016,
111.37112,11405.2007715518,2000.16001280102,793618.039850108,7402.19104855037,300.003600043201,100.0004000016,31038.4877247787,53815.5958999932,457211.518879068,2400.23042212052,0,
111.49748,11705.4781637807,2200.1936170383,819724.617145123,5401.16665199683,400.006400102402,400.006400102402,32442.0448901777,55422.5947796526,460115.201929266,2500.2500250025,0,
111.62379,10704.5815609081,900.032401166442,843212.331967433,5901.39272868397,200.0016000128,300.003600043201,33845.7594667991,51706.7226756024,470490.908053565,2200.1936170383,0,
111.75006,10604.4963064339,1900.14441097523,830182.051123096,6601.74286011507,300.003600043201,500.010000200004,27630.5040765005,54317.7609056434,446432.206633172,2300.21161946899,0,
111.87626,11104.9305891816,2300.21161946899,797131.35899288,6701.7960813498,400.006400102402,100.0004000016,31940.756405173,54217.3262941004,430383.815696854,2200.1936170383,0,
112.00249,10604.4963064339,1600.10240655402,811407.403124626,5001.00020004001,200.0016000128,500.010000200004,30036.0432519023,48694.6624237518,442081.610056339,2100.17641481884,0,
112.12878,11305.1099096792,1800.12960933187,801391.211014098,7802.43435952017,100.0004000016,400.006400102402,34146.5759295679,51305.072789072,435765.535148158,2100.17641481884,0,
112.25511,9903.92195309342,1400.07840439065,801391.211014098,6101.48876325823,800.025600819226,600.014400345608,32241.5270868879,50803.0285418829,442599.46020981,1700.11560786133,0,
112.38145,10904.7544729502,2600.27042812453,806718.004831018,6801.85010322808,300.003600043201,400.006400102402,29635.0879441258,46385.9066992069,441253.093656376,1700.11560786133,0,
112.50769,10104.0820491479,1200.05760276493,826766.447517945,7102.01697282028,100.0004000016,300.003600043201,31439.4879969241,54619.0695716662,434730.412205415,2200.1936170383,0,
112.63398,12406.1534521122,1600.10240655402,831996.958024038,5101.04061228491,100.0004000016,300.003600043201,31439.4879969241,49799.0004128207,431522.066423067,2900.33643902693,200.0016000128,
112.76023,9403.53572943427,1700.11560786133,839152.310433643,5401.16665199683,400.006400102402,500.010000200004,31840.5011174214,51606.3089965329,436593.694166677,1800.12960933187,0,
112.88651,9403.53572943427,2000.16001280102,848128.802259747,7902.49718911176,400.006400102402,200.0016000128,27830.9480141918,50702.6221071449,447261.060397547,2300.21161946899,0,
113.01276,9203.38684635946,1400.07840439065,836268.333416009,6901.90492575951,400.006400102402,300.003600043201,29635.0879441258,49497.8076679519,436179.607916553,2700.2916314962,0,
113.13893,9803.84310649775,1400.07840439065,801178.18500064,5401.16665199683,200.0016000128,600.014400345608,29334.3798932349,52409.640968907,432867.403202507,2400.23042212052,0,
113.26522,9703.76506084361,1400.07840439065,813326.284574369,7502.25067520256,300.003600043201,900.032401166442,32341.7855869784,53112.5987092636,430797.71326267,2300.21161946899,0,
113.39142,12105.8592358702,2300.21161946899,840968.478153012,6001.44034568296,400.006400102402,200.0016000128,31339.2367243789,58637.211073913,456070.967452886,1900.14441097523,0,
113.51766,11104.9305891816,1700.11560786133,811833.796569711,6301.58800017604,100.0004000016,400.006400102402,35751.0525029742,51606.3089965329,424176.968543174,2300.21161946899,0,
113.64389,9403.53572943427,3800.57768780855,813006.451186572,6401.6388195378,400.006400102402,200.0016000128,42070.6787402837,54518.6325444167,436800.742347593,4600.84655576626,0,
113.77004,12406.1534521122,3600.51847466035,818764.66505833,6501.69043951427,200.0016000128,300.003600043201,34046.302972042,52510.0610880405,441253.093656376,2600.27042812453,0,
113.89633,11905.6670975384,1700.11560786133,840220.61346751,6001.44034568296,400.006400102402,400.006400102402,32341.7855869784,56025.2725093309,424487.238941365,3100.38444767151,0,
114.02262,12706.4548790786,1900.14441097523,802989.018247874,6001.44034568296,300.003600043201,200.0016000128,32843.0901342561,54016.4594866532,436904.26770205,2600.27042812453,100.0004000016,
114.1489,11805.5722300926,2100.17641481884,828687.613387939,7802.43435952017,700.019600548815,200.0016000128,30537.255451651,51305.072789072,468830.226815214,2900.33643902693,0,
114.27518,15910.1188355794,2300.21161946899,832424.032007407,7402.19104855037,400.006400102402,300.003600043201,29635.0879441258,52309.2216548153,461567.291866964,2900.33643902693,0,
114.40139,14208.0701838644,2400.23042212052,832317.262187687,7902.49718911176,200.0016000128,300.003600043201,33244.1482288479,51606.3089965329,444878.251346543,2600.27042812453,0,
114.52762,13807.6218072376,2100.17641481884,819937.94952512,7102.01697282028,100.0004000016,300.003600043201,31439.4879969241,52911.7496151873,442703.032770202,2800.31363512713,0,
114.65391,14508.4148806308,1300.06760351538,832851.120112425,6601.74286011507,200.0016000128,400.006400102402,31639.9929510902,47991.9525811455,455656.246818043,2700.2916314962,100.0004000016,
114.78017,15009.0054032419,2500.2500250025,801391.211014098,8202.69048247825,100.0004000016,200.0016000128,30537.255451651,53413.8783887248,450162.473837233,3200.40965243551,100.0004000016,
114.90641,16110.3750815525,3100.38444767151,840220.61346751,7602.31110257518,400.006400102402,1500.09000540032,31238.986254846,50602.2164772841,491163.743000126,3700.5476810568,100.0004000016,
115.03268,15109.1259120509,1300.06760351538,885015.835068061,7902.49718911176,200.0016000128,1500.09000540032,29635.0879441258,52309.2216548153,564508.432711669,4600.84655576626,0,
115.15892,15709.8657957197,3300.43565750679,813965.975127727,7502.25067520256,400.006400102402,500.010000200004,32943.3534531443,52409.640968907,449333.431058774,3800.57768780855,0,
115.28521,17111.7044058136,2100.17641481884,795747.209931982,7402.19104855037,300.003600043201,1400.07840439065,35149.3496869605,49799.0004128207,458144.773341045,2600.27042812453,0,
115.41146,15109.1259120509,3900.60849492521,806504.890848807,9203.38684635946,600.014400345608,1700.11560786133,30236.5257230735,54116.8924877736,459285.51061143,4500.81014582625,0,
115.53766,16911.4321281186,3000.36004320518,801391.211014098,7902.49718911176,500.010000200004,1600.10240655402,32041.0124959949,50100.2004008016,434419.891751109,5501.21026625858,0,
115.66398,17111.7044058136,2400.23042212052,805013.191522744,7602.31110257518,300.003600043201,1800.12960933187,31238.986254846,52208.8031457558,449437.058452267,6701.7960813498,0,
115.79015,16410.7654621432,2800.31363512713,798728.638652687,8703.02865397158,400.006400102402,1700.11560786133,33043.6175751993,54719.5074041707,474955.06217927,4400.77453631839,0,
115.91635,17812.6826300326,2700.2916314962,789680.001650539,7102.01697282028,200.0016000128,1300.06760351538,33444.6820952793,53514.3065588096,435144.451272368,4000.64010241639,100.0004000016,
116.04265,16110.3750815525,3800.57768780855,822284.838393813,7102.01697282028,400.006400102402,900.032401166442,32843.0901342561,55523.0390545449,463227.026058048,4400.77453631839,0,
116.16889,16010.246557797,1700.11560786133,826446.280991736,8903.16952835209,200.0016000128,1300.06760351538,34146.5759295679,51305.072789072,443117.331444436,3600.51847466035,100.0004000016,
116.29511,18313.4054127621,2500.2500250025,832637.574294666,7702.37233067785,300.003600043201,1500.09000540032,32241.5270868879,52007.9685426946,445085.434418855,4400.77453631839,0,
116.42132,15709.8657957197,2200.1936170383,780318.685987469,7001.96054895371,400.006400102402,1000.04000160006,34547.6757925938,50602.2164772841,439768.880008864,3700.5476810568,0,
116.54748,14508.4148806308,3000.36004320518,819724.617145123,5801.34591225164,200.0016000128,1100.04840212969,32241.5270868879,51104.2526754579,434005.876272718,5001.00020004001,0,
116.67371,14408.2991803279,2900.33643902693,789892.83783728,7902.49718911176,600.014400345608,800.025600819226,31439.4879969241,54016.4594866532,452960.892034649,4000.64010241639,0,
116.79994,15809.9919148902,2800.31363512713,825058.98443472,7202.07419736884,400.006400102402,900.032401166442,35650.7666917691,50301.0044168691,453271.865378663,3900.60849492521,0,
116.92618,17412.118834709,2600.27042812453,810234.893785721,7202.07419736884,200.0016000128,600.014400345608,31940.756405173,54116.8924877736,456589.387249711,4500.81014582625,100.0004000016,
117.05246,18012.9693379233,2800.31363512713,802775.96584951,7702.37233067785,500.010000200004,1100.04840212969,32241.5270868879,52409.640968907,451302.495856528,4100.67251029169,0,
117.17869,15409.4922472243,2500.2500250025,797161.056427623,5501.21026625858,500.010000200004,1200.05760276493,30236.5257230735,50501.811652291,445810.601742529,4500.81014582625,0,
117.30495,15109.1259120509,2100.17641481884,758643.570436496,9503.61137232148,800.025600819226,3400.46246289495,35049.0686961746,53916.0272907297,448504.442290935,3000.36004320518,0,
117.43128,15109.1259120509,2600.27042812453,777447.826445599,7902.49718911176,200.0016000128,1000.04000160006,31439.4879969241,52811.3262757894,477135.799248323,4800.92177698118,0,
117.5576,16110.3750815525,1800.12960933187,785849.550913644,7702.37233067785,500.010000200004,1200.05760276493,33143.8825004306,44980.7854907414,432660.419048859,5201.0818250196,0,
117.68391,15409.4922472243,2200.1936170383,746016.576315313,7902.49718911176,800.025600819226,700.019600548815,37756.9374616922,50100.2004008016,437111.320939016,4000.64010241639,0,
117.81016,17412.118834709,2900.33643902693,744956.048211035,8102.62525058119,300.003600043201,800.025600819226,38760.0004807442,52710.9037414721,448400.822492315,5101.04061228491,0,
117.93642,18113.1138944596,3500.49006860961,733296.002898598,7001.96054895371,400.006400102402,1200.05760276493,33845.7594667991,48895.4439065055,431522.066423067,5301.12383825371,0,
118.06266,14808.7667899396,3200.40965243551,726600.525551052,6101.48876325823,600.014400345608,400.006400102402,34547.6757925938,47389.6612390643,428107.619888442,3700.5476810568,0,
118.18893,13206.9732818928,2600.27042812453,684966.691735194,7602.31110257518,600.014400345608,800.025600819226,29635.0879441258,48795.0527627819,420764.493903084,2800.31363512713,0,
118.31522,12506.2531265633,2400.23042212052,705354.939541005,6201.53798141939,0,200.0016000128,27931.1711870447,46887.7739127647,422108.692734158,3800.57768780855,0,
118.44142,14408.2991803279,2400.23042212052,692040.811292988,7802.43435952017,500.010000200004,600.014400345608,32041.0124959949,50803.0285418829,436593.694166677,3900.60849492521,0,
118.56765,15709.8657957197,2100.17641481884,699013.157894737,5701.29989637637,200.0016000128,500.010000200004,28532.5270808722,45783.6925900546,416215.95243711,4000.64010241639,0,
118.69387,13807.6218072376,2400.23042212052,677368.994063392,8502.8909829342,300.003600043201,400.006400102402,27430.063349431,47088.5264296878,418283.269482606,3700.5476810568,0,
118.82011,11305.1099096792,2000.16001280102,684966.691735194,6601.74286011507,100.0004000016,200.0016000128,27430.063349431,51305.072789072,424073.546759956,3300.43565750679,0,
118.94639,10104.0820491479,1500.09000540032,667561.951227525,8703.02865397158,600.014400345608,300.003600043201,27931.1711870447,47289.282164727,409912.711867852,2700.2916314962,0,
119.07254,11405.2007715518,1000.04000160006,689611.942997834,7402.19104855037,200.0016000128,600.014400345608,29133.9118734207,50200.6020064209,429659.52737452,3300.43565750679,0,
119.19871,15009.0054032419,2600.27042812453,685072.246971216,6201.53798141939,200.0016000128,300.003600043201,27129.408278574,49698.6020264204,425831.8315142,3600.51847466035,0,
119.32494,12806.5569571621,2200.1936170383,721964.088022619,6201.53798141939,200.0016000128,300.003600043201,29534.8511243267,54619.0695716662,457315.21044035,4600.84655576626,0,
119.45129,11905.6670975384,3000.36004320518,705143.496393054,7502.25067520256,300.003600043201,600.014400345608,32141.2693898966,53413.8783887248,438664.327666277,3800.57768780855,0,
119.57756,13206.9732818928,3000.36004320518,689400.758762141,7502.25067520256,300.003600043201,900.032401166442,33845.7594667991,50100.2004008016,415285.769473192,3400.46246289495,100.0004000016,
119.70385,11505.2924345199,1400.07840439065,683594.55261233,6801.85010322808,400.006400102402,300.003600043201,42973.74294289,51606.3089965329,447157.450724124,3100.38444767151,0,
119.83009,9903.92195309342,1300.06760351538,685094.330917774,7602.31110257518,200.0016000128,400.006400102402,29735.3255667733,48795.0527627819,430487.288825234,3400.46246289495,100.0004000016,
119.95643,14508.4148806308,2000.16001280102,678740.468051538,6501.69043951427,200.0016000128,200.0016000128,33444.6820952793,49999.7996000016,507184.863832444,4100.67251029169,0,
120.08269,12005.7627661277,2700.2916314962,692885.742709387,6701.7960813498,400.006400102402,300.003600043201,32141.2693898966,49497.8076679519,436179.607916553,4800.92177698118,0,
120.20888,9803.84310649775,2000.16001280102,685072.246971216,6501.69043951427,400.006400102402,100.0004000016,26427.9078707115,45382.2326054811,436904.26770205,3900.60849492521,0,
120.33516,11205.0198488923,1900.14441097523,699647.195243304,6601.74286011507,200.0016000128,100.0004000016,32241.5270868879,51505.8961224277,428728.360152166,4300.73972723308,0,
120.46144,9803.84310649775,1500.09000540032,686972.389587118,6501.69043951427,400.006400102402,200.0016000128,32442.0448901777,52811.3262757894,445810.601742529,3400.46246289495,100.0004000016,
120.58773,11905.6670975384,2700.2916314962,674521.016135923,5101.04061228491,300.003600043201,200.0016000128,27830.9480141918,51104.2526754579,419833.977980323,2400.23042212052,0,
120.71398,10304.2453490838,2000.16001280102,714767.682502849,6301.58800017604,400.006400102402,300.003600043201,32843.0901342561,53715.1653144341,455137.865026677,4500.81014582625,0,
120.8403,11305.1099096792,2200.1936170383,742511.233493808,8102.62525058119,100.0004000016,200.0016000128,31840.5011174214,50702.6221071449,444981.842460957,3900.60849492521,100.0004000016,
120.96661,10804.6676164103,1200.05760276493,697322.544569436,6201.53798141939,200.0016000128,200.0016000128,29334.3798932349,47791.1855820906,458455.873367604,2400.23042212052,100.0004000016,
121.09286,11205.0198488923,2600.27042812453,657235.750997553,5801.34591225164,200.0016000128,300.003600043201,29434.6151073663,50501.811652291,434626.904544863,3700.5476810568,0,
121.21913,13307.0793662228,1900.14441097523,675153.845521842,6501.69043951427,100.0004000016,0,29133.9118734207,53112.5987092636,461671.018914966,4700.88376614804,0,
121.34536,14808.7667899396,1500.09000540032,662265.923869471,6201.53798141939,200.0016000128,200.0016000128,32843.0901342561,53313.4510237786,433074.39072527,4100.67251029169,0,
121.47169,10104.0820491479,1800.12960933187,677685.475057723,6401.6388195378,400.006400102402,200.0016000128,29133.9118734207,51204.6623298021,451198.853270784,4200.70571856072,0,
121.59791,12806.5569571621,1700.11560786133,681589.382203686,5101.04061228491,300.003600043201,300.003600043201,43074.0874303803,48293.1091143725,435040.940241897,4700.88376614804,100.0004000016,
121.72426,12506.2531265633,2200.1936170383,727364.036026542,7302.132222609,500.010000200004,200.0016000128,31339.2367243789,50200.6020064209,449540.686689687,4400.77453631839,0,
121.8506,13607.4024269202,2200.1936170383,678634.964851085,6701.7960813498,400.006400102402,300.003600043201,29033.6790677186,47088.5264296878,443945.969271855,4600.84655576626,0,
121.97695,12306.0545788528,2800.31363512713,701005.03886053,5201.0818250196,100.0004000016,300.003600043201,31639.9929510902,59139.5693837456,454619.504347649,4200.70571856072,0,
122.10316,12005.7627661277,2600.27042812453,926522.029701339,7802.43435952017,400.006400102402,100.0004000016,28231.8455217485,52911.7496151873,442392.317618755,5601.25468104855,0,
122.22942,11305.1099096792,2200.1936170383,715190.889005007,7802.43435952017,300.003600043201,600.014400345608,34146.5759295679,52208.8031457558,463227.026058048,3000.36004320518,0,
122.35571,11405.2007715518,2100.17641481884,728846.771338476,5501.21026625858,400.006400102402,0,27931.1711870447,44478.9946945776,436593.694166677,4200.70571856072,0,
122.48192,11505.2924345199,1600.10240655402,693413.85306656,8202.69048247825,400.006400102402,200.0016000128,29534.8511243267,53413.8783887248,442806.60617385,4200.70571856072,0,
122.60816,10504.4118529783,2300.21161946899,720482.145870114,5401.16665199683,300.003600043201,100.0004000016,29434.6151073663,55623.4841347792,450162.473837233,2700.2916314962,0,
122.73446,13206.9732818928,2400.23042212052,696162.649486648,7602.31110257518,100.0004000016,300.003600043201,30938.239664225,58436.2733895444,450473.378804846,5301.12383825371,100.0004000016,
122.86069,12005.7627661277,1800.12960933187,730753.396459448,6601.74286011507,400.006400102402,300.003600043201,30737.7459520291,53413.8783887248,446225.001628558,3200.40965243551,100.0004000016,
122.98701,13807.6218072376,2800.31363512713,762147.367726831,5301.12383825371,500.010000200004,200.0016000128,30837.992406645,55523.0390545449,454619.504347649,3300.43565750679,100.0004000016,
123.1132,11805.5722300926,2200.1936170383,717307.130483444,4800.92177698118,200.0016000128,100.0004000016,34848.5091247016,187111.908782324,437007.793899188,4500.81014582625,100.0004000016,
123.23952,13707.5117164206,2000.16001280102,776809.944487062,6101.48876325823,900.032401166442,300.003600043201,33444.6820952793,59240.0434627459,470179.513825213,4800.92177698118,0,
123.36572,15209.2472223112,2400.23042212052,746971.1263167,5701.29989637637,200.0016000128,400.006400102402,34748.2305439951,54116.8924877736,436283.128215146,3800.57768780855,100.0004000016,
123.49187,10604.4963064339,2300.21161946899,731283.064698738,6701.7960813498,400.006400102402,100.0004000016,28732.9854673165,54819.9460419398,431522.066423067,4300.73972723308,0,
123.61807,10104.0820491479,1600.10240655402,730647.465428302,7001.96054895371,300.003600043201,0,28031.3951625821,55623.4841347792,444671.071648123,5101.04061228491,0,
123.74435,13507.2939387269,3100.38444767151,774152.442771072,6301.58800017604,400.006400102402,700.019600548815,40365.0684904065,56326.6222468108,452235.31711449,4500.81014582625,0,
123.87058,12105.8592358702,1800.12960933187,785955.936958495,7102.01697282028,100.0004000016,200.0016000128,31840.5011174214,54719.5074041707,454638.49556284,4100.67251029169,0,
123.99686,13106.8679988314,1500.09000540032,750259.562616391,7702.37233067785,400.006400102402,400.006400102402,31740.2466327303,54518.6325444167,459389.219068879,3800.57768780855,0,
124.12314,12806.5569571621,2200.1936170383,792021.392934224,5701.29989637637,400.006400102402,400.006400102402,32041.0124959949,58034.4076882059,462397.131915587,5201.0818250196,0,
124.24948,10804.6676164103,2100.17641481884,781488.478768429,7702.37233067785,300.003600043201,300.003600043201,30537.255451651,51305.072789072,450473.378804846,3700.5476810568,0,
124.37568,13006.7635170289,1500.09000540032,751957.148743305,5601.25468104855,200.0016000128,200.0016000128,27129.408278574,49297.0165285281,434730.412205415,4000.64010241639,100.0004000016,
124.50187,10604.4963064339,1300.06760351538,748774.358340543,7302.132222609,100.0004000016,400.006400102402,28131.6199408135,54719.5074041707,450058.840536039,3900.60849492521,100.0004000016,
124.62816,11705.4781637807,1500.09000540032,720693.841437067,7902.49718911176,100.0004000016,200.0016000128,29334.3798932349,53514.3065588096,428314.529942349,4700.88376614804,0,
124.75439,12306.0545788528,1600.10240655402,780425.026399155,7502.25067520256,400.006400102402,200.0016000128,31138.7365883159,56125.7216164208,476720.391974629,3300.43565750679,0,
124.88067,13807.6218072376,2200.1936170383,781488.478768429,9803.84310649775,400.006400102402,200.0016000128,35149.3496869605,51305.072789072,470698.508435895,4800.92177698118,0,
125.00688,14708.648685427,2500.2500250025,762890.720000659,5601.25468104855,200.0016000128,500.010000200004,28031.3951625821,49799.0004128207,442185.178400602,4400.77453631839,0,
125.13314,10704.5815609081,2900.33643902693,777447.826445599,7202.07419736884,200.0016000128,300.003600043201,29534.8511243267,51505.8961224277,445810.601742529,4800.92177698118,200.0016000128,
125.25951,12306.0545788528,1700.11560786133,781275.781275781,7001.96054895371,200.0016000128,600.014400345608,30437.0114058695,51405.4840532773,441045.972987715,4300.73972723308,0,
125.38584,12105.8592358702,3600.51847466035,779361.661758276,8002.56081946223,200.0016000128,100.0004000016,31439.4879969241,56427.0737701303,454204.831004443,4400.77453631839,0,
125.51212,14308.184281409,2000.16001280102,784892.116011387,7902.49718911176,100.0004000016,100.0004000016,32742.827618525,48995.8358549322,464990.730743374,5101.04061228491,0,
125.63836,12205.9565067753,3300.43565750679,799154.613301631,7702.37233067785,300.003600043201,100.0004000016,26628.3325458288,50702.6221071449,444153.137162305,5301.12383825371,100.0004000016,
125.76463,13307.0793662228,1900.14441097523,782020.237854606,9403.53572943427,500.010000200004,300.003600043201,29334.3798932349,48895.4439065055,436076.088460568,6001.44034568296,0,
125.8909,13006.7635170289,2900.33643902693,777341.510593456,8002.56081946223,300.003600043201,200.0016000128,30236.5257230735,55221.7086458555,421591.676360767,3700.5476810568,0,
126.01711,9203.38684635946,1800.12960933187,760236.087411694,7502.25067520256,600.014400345608,600.014400345608,30136.2840860396,45683.3263873305,457418.902846343,5601.25468104855,200.0016000128,
126.14331,11405.2007715518,2200.1936170383,788403.058298295,9103.31360615264,400.006400102402,200.0016000128,27329.8441898553,55824.3767113128,448608.06293339,3700.5476810568,0,
126.26957,12105.8592358702,2700.2916314962,763315.511989217,8202.69048247825,400.006400102402,400.006400102402,28432.2990917683,54518.6325444167,439699.770839184,4600.84655576626,0,
126.39577,13707.5117164206,1800.12960933187,806718.004831018,7302.132222609,200.0016000128,300.003600043201,26728.5460872212,48694.6624237518,448400.822492315,5001.00020004001,100.0004000016,
126.52208,10804.6676164103,2800.31363512713,766395.672894576,6601.74286011507,300.003600043201,400.006400102402,31439.4879969241,45683.3263873305,455967.286027321,4200.70571856072,0,
126.64835,14007.84439286,1600.10240655402,783190.185061426,7302.132222609,300.003600043201,500.010000200004,28231.8455217485,54619.0695716662,450473.378804846,4200.70571856072,100.0004000016,
126.77448,12506.2531265633,1600.10240655402,736686.926586615,7402.19104855037,200.0016000128,300.003600043201,27530.2833116428,53614.7355340429,447468.282275533,4400.77453631839,0,
126.90076,9303.46088745013,2300.21161946899,770220.345692044,7702.37233067785,400.006400102402,200.0016000128,28632.7558727184,52409.640968907,454308.498073618,3800.57768780855,0,
127.02701,12706.4548790786,1800.12960933187,778192.061966649,6901.90492575951,200.0016000128,0,27931.1711870447,53213.0244639615,457522.596097056,5001.00020004001,0,
127.15326,10504.4118529783,2200.1936170383,784253.86557534,7502.25067520256,200.0016000128,0,29835.5639922788,48293.1091143725,437939.567595728,5801.34591225164,100.0004000016,
127.27955,12806.5569571621,1800.12960933187,729588.203086727,7302.132222609,400.006400102402,200.0016000128,28833.2158646761,53112.5987092636,466962.219252208,5101.04061228491,100.0004000016,
127.40574,11905.6670975384,1900.14441097523,789786.41930479,8002.56081946223,300.003600043201,400.006400102402,28933.4470648069,60445.7952581627,475266.573189422,4700.88376614804,0,
127.53206,13607.4024269202,3800.57768780855,790744.217715146,6501.69043951427,500.010000200004,200.0016000128,33845.7594667991,47490.0411179596,462189.666832341,5201.0818250196,0,
127.65822,12906.6598364756,2500.2500250025,787019.845690473,8002.56081946223,500.010000200004,100.0004000016,29434.6151073663,53112.5987092636,451924.369097699,5801.34591225164,100.0004000016,
127.78446,12806.5569571621,2800.31363512713,786062.323881194,6001.44034568296,300.003600043201,400.006400102402,27329.8441898553,50501.811652291,458352.172513941,6401.6388195378,0,
127.91077,16811.2971917128,2700.2916314962,790850.644152286,7001.96054895371,300.003600043201,200.0016000128,28432.2990917683,53413.8783887248,465198.24147527,5801.34591225164,0,
128.03696,14408.2991803279,1500.09000540032,766395.672894576,7402.19104855037,200.0016000128,700.019600548815,28432.2990917683,57933.9432768561,484303.707660378,4700.88376614804,0,
128.16323,14908.8856958747,3400.46246289495,790957.071467774,7502.25067520256,300.003600043201,100.0004000016,31238.986254846,54619.0695716662,476408.845409151,7202.07419736884,200.0016000128,
128.28952,13106.8679988314,3000.36004320518,823671.836910084,7602.31110257518,500.010000200004,0,29935.8032206519,56929.3434683601,482433.429690908,9303.46088745013,0,
128.4158,16010.246557797,1700.11560786133,791276.358684439,8803.09869073914,500.010000200004,500.010000200004,33645.2191745706,57933.9432768561,477966.654437243,5601.25468104855,0,
128.54203,15409.4922472243,3100.38444767151,796705.451153422,7102.01697282028,400.006400102402,300.003600043201,30637.5003003677,60847.7383086133,485031.112125982,5301.12383825371,100.0004000016,
128.66827,18914.2992102029,4500.81014582625,800752.143526488,6901.90492575951,400.006400102402,300.003600043201,30837.992406645,61953.1481823067,494075.176928882,5801.34591225164,0,
128.79451,21618.6785382571,2100.17641481884,835900.171418683,7802.43435952017,100.0004000016,400.006400102402,30036.0432519023,55523.0390545449,495323.137923579,7402.19104855037,100.0004000016,
128.92087,17011.567866149,2400.23042212052,809382.226627024,7001.96054895371,600.014400345608,300.003600043201,31539.7400724913,54518.6325444167,524685.433776714,7802.43435952017,0,
129.04718,16410.7654621432,2900.33643902693,796918.403315214,7402.19104855037,200.0016000128,100.0004000016,29635.0879441258,58637.211073913,507913.575107541,6701.7960813498,100.0004000016,
129.17345,15809.9919148902,2900.33643902693,771920.564755559,6701.7960813498,300.003600043201,400.006400102402,31840.5011174214,63159.1610859366,481913.956750057,8002.56081946223,0,
129.29974,17111.7044058136,2700.2916314962,799687.101394834,9603.68781612139,600.014400345608,200.0016000128,37255.4360889003,52409.640968907,499483.890446057,6601.74286011507,0,
129.42601,18513.7001381022,2500.2500250025,769490.260005438,5501.21026625858,100.0004000016,300.003600043201,30136.2840860396,55623.4841347792,496675.233549545,7102.01697282028,0,
129.55224,17412.118834709,2600.27042812453,766501.89847586,8102.62525058119,0,300.003600043201,29635.0879441258,56025.2725093309,477239.653183432,5701.29989637637,0,
129.67852,17512.2585810067,2800.31363512713,789999.257248021,6001.44034568296,200.0016000128,500.010000200004,33244.1482288479,61450.6770601515,512807.429329523,6701.7960813498,100.0004000016,
129.8048,16410.7654621432,3200.40965243551,809062.490966828,8202.69048247825,200.0016000128,400.006400102402,31840.5011174214,56627.9792330667,529064.329157459,6601.74286011507,0,
129.931,18914.2992102029,3400.46246289495,796918.403315214,6401.6388195378,0,200.0016000128,28532.5270808722,56527.5260988791,498651.631301737,6801.85010322808,100.0004000016,
130.05731,16611.0297237366,3100.38444767151,760023.740437879,7302.132222609,300.003600043201,300.003600043201,33344.4147604609,55623.4841347792,508121.785976655,6301.58800017604,200.0016000128,
130.18348,16110.3750815525,3600.51847466035,782445.660917525,5201.0818250196,300.003600043201,600.014400345608,38659.6905622281,57632.5548762153,520829.07986182,8102.62525058119,0,
130.30963,16310.634533716,2300.21161946899,775215.377699696,5201.0818250196,500.010000200004,300.003600043201,33845.7594667991,62355.1395872932,531254.340313238,9003.24116682005,0,
130.43583,17412.118834709,2600.27042812453,790424.943673712,5901.39272868397,300.003600043201,0,33946.0308177889,58436.2733895444,538348.383933314,7502.25067520256,0,
130.56214,16310.634533716,1900.14441097523,802456.393848694,6601.74286011507,500.010000200004,300.003600043201,33143.8825004306,61249.6942527537,518745.04936346,9003.24116682005,0,
130.68846,15409.4922472243,2300.21161946899,789041.514167468,7001.96054895371,800.025600819226,200.0016000128,36152.2037822616,61249.6942527537,545759.608271104,7502.25067520256,100.0004000016,
130.81478,17812.6826300326,2200.1936170383,794576.122889488,7902.49718911176,100.0004000016,300.003600043201,35751.0525029742,57532.0936871056,541792.502564396,8302.75651516303,100.0004000016,
130.94097,16811.2971917128,2500.2500250025,798728.638652687,7202.07419736884,400.006400102402,300.003600043201,33344.4147604609,57632.5548762153,517494.794431062,8602.95941803981,0,
131.06729,16210.5044068556,2500.2500250025,777022.568298799,6001.44034568296,200.0016000128,400.006400102402,34748.2305439951,65973.6426273953,551817.040813406,7802.43435952017,0,
131.19353,17912.8255831175,2800.31363512713,772877.036572743,5601.25468104855,700.019600548815,200.0016000128,32241.5270868879,68788.7563474173,547012.634530569,8002.56081946223,0,
131.31977,20516.8237955123,2200.1936170383,743894.773314917,7902.49718911176,200.0016000128,500.010000200004,31138.7365883159,59742.4259434492,523017.678262965,7402.19104855037,0,
131.44613,18914.2992102029,2500.2500250025,772558.20474545,8903.16952835209,200.0016000128,600.014400345608,38659.6905622281,64666.8404483568,538073.56061571,8502.8909829342,100.0004000016,
131.57244,30938.239664225,4600.84655576626,756626.664908348,11805.5722300926,600.014400345608,300.003600043201,30837.992406645,55422.5947796526,503646.001232336,7102.01697282028,0,
131.69876,13707.5117164206,3100.38444767151,766926.809559736,5401.16665199683,300.003600043201,200.0016000128,33946.0308177889,61953.1481823067,533444.72724153,8202.69048247825,0,
131.82491,15809.9919148902,2800.31363512713,808636.189076133,6001.44034568296,200.0016000128,600.014400345608,37255.4360889003,67381.1204517744,578551.958512647,8602.95941803981,0,
131.95114,15809.9919148902,3200.40965243551,818231.389186085,8202.69048247825,400.006400102402,200.0016000128,37756.9374616922,68788.7563474173,564358.784527223,9703.76506084361,100.0004000016,
132.07743,17011.567866149,2600.27042812453,744850.000205959,5101.04061228491,300.003600043201,200.0016000128,31038.4877247787,63159.1610859366,542627.580316238,7001.96054895371,0,
132.20366,15910.1188355794,2500.2500250025,760236.087411694,7602.31110257518,500.010000200004,400.006400102402,34347.1242544771,60244.8285678772,526040.645625041,10204.1632986258,0,
132.32991,12306.0545788528,2500.2500250025,793010.436964296,7602.31110257518,300.003600043201,0,29935.8032206519,64566.3228476556,537409.240047561,7202.07419736884,0,
132.45608,16210.5044068556,1800.12960933187,782020.237854606,6701.7960813498,600.014400345608,200.0016000128,33444.6820952793,57029.7998244003,558713.476598442,7702.37233067785,100.0004000016,
132.58232,14007.84439286,3100.38444767151,771814.294491429,7702.37233067785,300.003600043201,300.003600043201,31238.986254846,64164.2605068977,553175.135329616,7302.132222609,0,
132.70854,12906.6598364756,3200.40965243551,771495.48895743,7702.37233067785,300.003600043201,200.0016000128,32943.3534531443,66777.8963157853,557668.322803574,7602.31110257518,0,
132.83485,12606.3536022155,1700.11560786133,758855.894656583,7202.07419736884,500.010000200004,100.0004000016,31439.4879969241,66375.7630204782,546699.366441856,7602.31110257518,0,
132.96106,11905.6670975384,2300.21161946899,746865.061710086,7502.25067520256,300.003600043201,100.0004000016,30637.5003003677,60546.2798120259,510620.581560515,7102.01697282028,0,
133.08738,10804.6676164103,1700.11560786133,719423.720304353,7602.31110257518,700.019600548815,200.0016000128,29835.5639922788,63159.1610859366,532193.03154962,5601.25468104855,0,
133.21369,13106.8679988314,2600.27042812453,752487.690310884,6701.7960813498,300.003600043201,400.006400102402,33845.7594667991,63058.6555774328,533340.414579742,6501.69043951427,0,
133.34,11805.5722300926,1600.10240655402,747501.462458083,6601.74286011507,100.0004000016,0,31138.7365883159,59842.904856798,519995.426816819,6501.69043951427,0,
133.46615,9203.38684635946,1300.06760351538,746228.692421134,6401.6388195378,200.0016000128,200.0016000128,30136.2840860396,61551.1696727162,530107.144753665,6301.58800017604,0,
133.59238,12806.5569571621,1400.07840439065,748031.820447645,6801.85010322808,500.010000200004,200.0016000128,35851.3391176164,62958.150874998,542001.266883263,7001.96054895371,100.0004000016,
133.71867,10904.7544729502,2000.16001280102,777660.460780836,7001.96054895371,300.003600043201,200.0016000128,36753.9548056547,64063.7469371714,540853.105359084,8302.75651516303,0,
133.84499,12706.4548790786,1900.14441097523,747077.191797187,7001.96054895371,200.0016000128,400.006400102402,33845.7594667991,59541.4705339888,525623.642036822,6801.85010322808,0,
133.97124,16110.3750815525,2100.17641481884,804078.75553317,7602.31110257518,400.006400102402,700.019600548815,36152.2037822616,61651.6630912044,500108.120458431,8703.02865397158,100.0004000016,
134.09753,15809.9919148902,2500.2500250025,751851.043052975,6501.69043951427,0,6201.53798141939,38258.4589252378,58838.151980851,518432.474144724,6501.69043951427,0,
134.2238,13407.186251831,2600.27042812453,735627.166939807,6301.58800017604,500.010000200004,400.006400102402,33244.1482288479,56025.2725093309,505103.061020449,5301.12383825371,0,
134.35005,14007.84439286,3500.49006860961,719317.882538846,6001.44034568296,300.003600043201,300.003600043201,29635.0879441258,62154.1422728366,519995.426816819,4400.77453631839,0,
134.47636,13206.9732818928,1600.10240655402,761616.42807975,6401.6388195378,500.010000200004,300.003600043201,33444.6820952793,63159.1610859366,485031.112125982,4100.67251029169,0,
134.60266,14708.648685427,1800.12960933187,742941.285499516,7202.07419736884,400.006400102402,100.0004000016,35650.7666917691,85894.1014032046,515827.978411568,4000.64010241639,0,
134.72889,12105.8592358702,2300.21161946899,735627.166939807,4600.84655576626,300.003600043201,200.0016000128,26728.5460872212,59039.0961104362,498235.522101871,2900.33643902693,100.0004000016,
134.85513,14908.8856958747,1400.07840439065,741456.92527564,4500.81014582625,100.0004000016,0,30336.7681630136,56326.6222468108,502709.40784749,3800.57768780855,0,
134.98139,11905.6670975384,2400.23042212052,754716.203631209,6501.69043951427,0,200.0016000128,31639.9929510902,56929.3434683601,523017.678262965,5501.21026625858,0,
135.10766,13507.2939387269,2800.31363512713,775640.5762196,6801.85010322808,700.019600548815,0,34748.2305439951,61651.6630912044,513224.014271077,4500.81014582625,100.0004000016,
135.23389,12005.7627661277,1400.07840439065,760236.087411694,6501.69043951427,800.025600819226,200.0016000128,28732.9854673165,61852.6523459899,493555.229238049,4000.64010241639,0,
135.36005,15409.4922472243,2700.2916314962,748137.894667458,5701.29989637637,300.003600043201,0,32141.2693898966,56226.1715289109,505831.653349222,4400.77453631839,0,
135.4863,12906.6598364756,2000.16001280102,753336.602290193,6001.44034568296,600.014400345608,500.010000200004,29434.6151073663,58134.8729051399,495843.157731563,3700.5476810568,0,
135.61262,14007.84439286,2100.17641481884,722493.394463696,6101.48876325823,200.0016000128,0,29334.3798932349,61450.6770601515,486382.116307614,4000.64010241639,0,
135.73881,14208.0701838644,2300.21161946899,769795.325977603,6501.69043951427,200.0016000128,500.010000200004,33745.4889190629,56025.2725093309,499379.855081924,5301.12383825371,0,
135.86509,16410.7654621432,2500.2500250025,748562.200286736,5801.34591225164,200.0016000128,200.0016000128,31539.7400724913,52309.2216548153,474124.403396006,5401.16665199683,0,
135.99137,14708.648685427,3600.51847466035,764483.762191754,6101.48876325823,900.032401166442,200.0016000128,31940.756405173,58737.681124556,485446.790464773,4600.84655576626,100.0004000016,
136.11763,16510.8971921468,3000.36004320518,752806.025744565,5901.39272868397,600.014400345608,200.0016000128,32341.7855869784,55121.2667869313,477862.79457505,5701.29989637637,0,
136.24391,15009.0054032419,3100.38444767151,746971.1263167,7202.07419736884,300.003600043201,0,31840.5011174214,56929.3434683601,499691.963721078,4900.9605882753,200.0016000128,
136.37024,15109.1259120509,2100.17641481884,787764.634040675,6201.53798141939,600.014400345608,0,29635.0879441258,59139.5693837456,450680.653003384,5401.16665199683,100.0004000016,
136.49654,12005.7627661277,2600.27042812453,727999.473090571,7202.07419736884,700.019600548815,100.0004000016,29434.6151073663,53413.8783887248,458766.980997576,4500.81014582625,100.0004000016,
136.62277,14908.8856958747,3200.40965243551,774152.442771072,5901.39272868397,200.0016000128,600.014400345608,30036.0432519023,52710.9037414721,472463.248330025,3300.43565750679,0,
136.74905,16911.4321281186,3400.46246289495,767776.673771702,5201.0818250196,600.014400345608,300.003600043201,33745.4889190629,53916.0272907297,474955.06217927,4300.73972723308,0,
136.87526,15809.9919148902,3800.57768780855,795640.743079545,6301.58800017604,100.0004000016,100.0004000016,30336.7681630136,58436.2733895444,475474.251428665,3200.40965243551,100.0004000016,
137.00149,15009.0054032419,3500.49006860961,804267.406526622,6001.44034568296,200.0016000128,700.019600548815,30437.0114058695,52510.0610880405,465509.513914354,4500.81014582625,0,
137.12779,15009.0054032419,2300.21161946899,787658.233070918,5401.16665199683,300.003600043201,0,33344.4147604609,53916.0272907297,448608.06293339,3600.51847466035,0,
137.25404,20216.3347985172,1900.14441097523,782552.018876953,6201.53798141939,500.010000200004,300.003600043201,31840.5011174214,55422.5947796526,452028.017592442,3500.49006860961,200.0016000128,
137.38025,17912.8255831175,2700.2916314962,796066.615762429,6401.6388195378,200.0016000128,400.006400102402,28833.2158646761,50401.4076321559,466132.081622009,4100.67251029169,0,
137.50656,15910.1188355794,3500.49006860961,792766.470228957,7202.07419736884,200.0016000128,400.006400102402,26427.9078707115,47389.6612390643,420454.314359506,3100.38444767151,0,
137.6328,15509.6159618964,2700.2916314962,760554.614436627,4500.81014582625,300.003600043201,400.006400102402,29033.6790677186,53815.5958999932,452131.666931369,2700.2916314962,100.0004000016,
137.75908,16410.7654621432,2800.31363512713,798302.678070204,5101.04061228491,100.0004000016,0,32141.2693898966,53815.5958999932,440217.524035918,3800.57768780855,100.0004000016,
137.88531,15509.6159618964,3300.43565750679,774683.899276659,7102.01697282028,300.003600043201,800.025600819226,35049.0686961746,50803.0285418829,429142.203831867,3000.36004320518,0,
138.01158,16110.3750815525,1900.14441097523,765758.337799398,5801.34591225164,300.003600043201,1000.04000160006,27229.6258329062,52309.2216548153,434005.876272718,3600.51847466035,0,
138.13786,19415.0660912868,2900.33643902693,776916.255954468,7102.01697282028,300.003600043201,400.006400102402,32041.0124959949,54819.9460419398,443842.386591706,3700.5476810568,0,
138.26405,18513.7001381022,2100.17641481884,814499.074808353,6701.7960813498,600.014400345608,700.019600548815,35751.0525029742,52007.9685426946,446017.799998371,3800.57768780855,0,
138.3903,18513.7001381022,3100.38444767151,806185.226475082,7102.01697282028,200.0016000128,700.019600548815,29835.5639922788,50200.6020064209,425521.528297588,2900.33643902693,0,
138.51653,15709.8657957197,2900.33643902693,794895.499719352,7202.07419736884,200.0016000128,600.014400345608,30036.0432519023,51003.8438260298,464783.223393376,4400.77453631839,0,
138.64276,18613.8487034354,2900.33643902693,820791.314298935,6401.6388195378,400.006400102402,800.025600819226,30537.255451651,51204.6623298021,441356.65525537,2700.2916314962,0,
138.76899,17712.5404786589,2000.16001280102,795640.743079545,6401.6388195378,400.006400102402,600.014400345608,30236.5257230735,47289.282164727,441667.345111129,3000.36004320518,0,
138.89519,16410.7654621432,3200.40965243551,793618.039850108,4600.84655576626,100.0004000016,1200.05760276493,28332.0719053969,47590.4218014227,439492.675461269,3700.5476810568,0,
139.02135,16110.3750815525,2000.16001280102,815565.340228499,7602.31110257518,200.0016000128,500.010000200004,28933.4470648069,58235.3389276679,433591.874272599,2000.16001280102,0,
139.14759,19515.221873061,2700.2916314962,775427.9752061,5401.16665199683,500.010000200004,1600.10240655402,25025.025025025,48995.8358549322,444774.661075602,3300.43565750679,100.0004000016,
139.27381,15809.9919148902,3000.36004320518,799048.118320626,8202.69048247825,200.0016000128,1400.07840439065,25926.8602271954,51204.6623298021,435247.963145343,3800.57768780855,0,
139.40009,13106.8679988314,2100.17641481884,781382.129583414,6301.58800017604,100.0004000016,1600.10240655402,27830.9480141918,49497.8076679519,456485.701601111,2600.27042812453,100.0004000016,
139.5264,16210.5044068556,2300.21161946899,790957.071467774,6301.58800017604,300.003600043201,1700.11560786133,26928.9755777216,51505.8961224277,434833.920708431,3400.46246289495,100.0004000016,
139.65263,14608.5313823273,2300.21161946899,821644.735483071,6901.90492575951,500.010000200004,1500.09000540032,28432.2990917683,50602.2164772841,437111.320939016,4300.73972723308,0,
139.77896,14408.2991803279,1900.14441097523,816311.778434086,5601.25468104855,400.006400102402,1800.12960933187,27931.1711870447,49899.3996040112,453479.185162862,2400.23042212052,0,
139.90517,13106.8679988314,2700.2916314962,798622.147188363,5901.39272868397,300.003600043201,1400.07840439065,29835.5639922788,54016.4594866532,471425.136424953,2900.33643902693,100.0004000016,
140.03149,12306.0545788528,3100.38444767151,837656.834576986,7802.43435952017,300.003600043201,1100.04840212969,28031.3951625821,52811.3262757894,461567.291866964,2800.31363512713,0,
140.1578,15409.4922472243,2500.2500250025,821964.78297155,7202.07419736884,100.0004000016,400.006400102402,27730.7256440136,50401.4076321559,452753.580693374,3900.60849492521,0,
140.28412,13407.186251831,2000.16001280102,793724.490006479,8402.82334864514,500.010000200004,800.025600819226,27229.6258329062,47991.9525811455,463330.766629592,4000.64010241639,100.0004000016,
140.41037,15609.7404780583,2400.23042212052,800965.162504799,7602.31110257518,300.003600043201,200.0016000128,26528.1198069954,56627.9792330667,432660.419048859,2400.23042212052,0,
140.53658,11104.9305891816,2400.23042212052,835307.150799654,8302.75651516303,200.0016000128,200.0016000128,27329.8441898553,48795.0527627819,441356.65525537,2400.23042212052,0,
140.66281,10704.5815609081,1700.11560786133,773302.157947043,6701.7960813498,0,200.0016000128,29434.6151073663,51807.1371596461,433177.885750096,3200.40965243551,0,
140.7891,11505.2924345199,1900.14441097523,786807.056920766,6101.48876325823,500.010000200004,400.006400102402,25926.8602271954,51505.8961224277,468103.746867423,3500.49006860961,0,
140.91539,10504.4118529783,2300.21161946899,792553.586609332,7502.25067520256,300.003600043201,300.003600043201,28432.2990917683,50501.811652291,456485.701601111,4200.70571856072,0,
141.04163,12806.5569571621,2100.17641481884,823245.052266248,7302.132222609,100.0004000016,100.0004000016,27931.1711870447,49397.4116958642,455137.865026677,3100.38444767151,100.0004000016,
141.16784,10404.3282005314,1700.11560786133,815991.87106048,7102.01697282028,300.003600043201,300.003600043201,28332.0719053969,57532.0936871056,472463.248330025,3700.5476810568,0,
141.2941,12005.7627661277,1500.09000540032,828901.093905619,9003.24116682005,200.0016000128,400.006400102402,27329.8441898553,57431.6333035317,455137.865026677,3400.46246289495,0,
141.42027,10504.4118529783,1900.14441097523,804587.023389278,7802.43435952017,500.010000200004,100.0004000016,26828.7604311822,50401.4076321559,474643.558787325,3800.57768780855,0,
141.54642,11004.8421305374,1600.10240655402,788722.282281291,7902.49718911176,400.006400102402,100.0004000016,26528.1198069954,61852.6523459899,472151.805873674,2800.31363512713,0,
141.67258,12806.5569571621,2100.17641481884,823351.747104686,7602.31110257518,200.0016000128,400.006400102402,29735.3255667733,54116.8924877736,446432.206633172,3700.5476810568,0,
141.79881,10204.1632986258,2200.1936170383,807144.243355177,7602.31110257518,800.025600819226,0,28933.4470648069,57733.0168708705,452546.272729124,3800.57768780855,0,
141.92509,9203.38684635946,1800.12960933187,819617.952277084,5901.39272868397,300.003600043201,500.010000200004,32843.0901342561,56226.1715289109,493451.242244892,3800.57768780855,0,
142.05141,11705.4781637807,2300.21161946899,805972.121292198,9203.38684635946,800.025600819226,300.003600043201,31539.7400724913,61450.6770601515,500628.335482186,4200.70571856072,100.0004000016,
142.17772,12205.9565067753,2000.16001280102,834986.772486773,8102.62525058119,400.006400102402,500.010000200004,31339.2367243789,58838.151980851,483888.066608767,4500.81014582625,0,
142.30394,18814.1482394761,2000.16001280102,819297.962960668,8202.69048247825,500.010000200004,500.010000200004,30336.7681630136,57933.9432768561,485966.407457398,3000.36004320518,100.0004000016,
142.43022,11004.8421305374,1600.10240655402,820577.967817232,7802.43435952017,500.010000200004,500.010000200004,30637.5003003677,53213.0244639615,504582.663412962,4200.70571856072,0,
142.55638,12506.2531265633,900.032401166442,790637.792156345,6201.53798141939,500.010000200004,100.0004000016,34347.1242544771,57532.0936871056,498027.47259472,3500.49006860961,0,
142.68269,11205.0198488923,1500.09000540032,820151.285430412,8302.75651516303,300.003600043201,300.003600043201,32442.0448901777,56226.1715289109,497715.404699739,4700.88376614804,0,
142.80902,11905.6670975384,2100.17641481884,831463.13540233,8102.62525058119,200.0016000128,300.003600043201,30637.5003003677,58034.4076882059,485446.790464773,3700.5476810568,0,
142.93529,35550.4816839913,900.032401166442,782871.098020288,6901.90492575951,300.003600043201,100.0004000016,29835.5639922788,53514.3065588096,476408.845409151,4200.70571856072,0,
143.06157,10104.0820491479,1000.04000160006,806398.335177631,8102.62525058119,300.003600043201,500.010000200004,31339.2367243789,60546.2798120259,499900.040391842,4000.64010241639,0,
143.18782,11805.5722300926,1900.14441097523,788935.102660593,8703.02865397158,100.0004000016,0,29735.3255667733,57431.6333035317,516869.712904596,3300.43565750679,0,
143.31414,9703.76506084361,1900.14441097523,782977.459489786,9403.53572943427,300.003600043201,700.019600548815,32241.5270868879,56929.3434683601,527291.738143084,3300.43565750679,0,
143.44042,9203.38684635946,1700.11560786133,799261.109161834,7502.25067520256,200.0016000128,0,30637.5003003677,59742.4259434492,512703.285219777,4400.77453631839,0,
143.5667,9803.84310649775,1200.05760276493,779148.999356552,7702.37233067785,400.006400102402,0,29635.0879441258,58938.6236428079,505103.061020449,4100.67251029169,0,
143.69298,10804.6676164103,1600.10240655402,769582.821377621,7602.31110257518,300.003600043201,200.0016000128,28231.8455217485,57632.5548762153,471425.136424953,4600.84655576626,300.003600043201,
143.81922,8302.75651516303,1500.09000540032,758112.775199677,7102.01697282028,200.0016000128,400.006400102402,34347.1242544771,56828.8879177976,488252.973969357,3100.38444767151,0,
143.94549,9403.53572943427,1900.14441097523,763634.11517375,7702.37233067785,100.0004000016,400.006400102402,32442.0448901777,54518.6325444167,501460.723670252,3600.51847466035,0,
144.07177,9703.76506084361,2400.23042212052,777341.510593456,7802.43435952017,100.0004000016,400.006400102402,32642.5659059413,57029.7998244003,508850.550787101,4800.92177698118,0,
144.19812,9503.61137232148,1800.12960933187,803095.545766435,7402.19104855037,100.0004000016,100.0004000016,30737.7459520291,56627.9792330667,525623.642036822,3400.46246289495,100.0004000016,
144.32436,11205.0198488923,900.032401166442,763315.511989217,6401.6388195378,300.003600043201,500.010000200004,30336.7681630136,58838.151980851,493139.286355256,5301.12383825371,0,
144.45065,9103.31360615264,1400.07840439065,791702.087270867,8002.56081946223,400.006400102402,300.003600043201,32241.5270868879,57431.6333035317,507080.765620536,2900.33643902693,0,
144.57697,10004.0016006403,1700.11560786133,758218.932496981,7702.37233067785,300.003600043201,300.003600043201,32442.0448901777,58436.2733895444,514161.380132429,3900.60849492521,0,
144.70329,11205.0198488923,1800.12960933187,757157.398898006,9603.68781612139,400.006400102402,200.0016000128,33244.1482288479,53614.7355340429,484199.796126402,4200.70571856072,0,
144.8296,11405.2007715518,1500.09000540032,758749.732109003,6401.6388195378,200.0016000128,600.014400345608,33544.9502333126,60345.3115101164,511037.095088819,4500.81014582625,100.0004000016,
144.95581,10204.1632986258,1300.06760351538,782339.303835587,8202.69048247825,400.006400102402,100.0004000016,35751.0525029742,65068.9189134994,528751.501090588,4500.81014582625,0,
145.08204,9503.61137232148,1400.07840439065,789360.75395712,7802.43435952017,500.010000200004,0,33244.1482288479,61149.2040579013,517807.346678806,3700.5476810568,0,
145.20834,10304.2453490838,1500.09000540032,822284.838393813,8502.8909829342,300.003600043201,100.0004000016,34046.302972042,61953.1481823067,543880.299333407,3200.40965243551,100.0004000016,
145.33466,12406.1534521122,1500.09000540032,815565.340228499,7702.37233067785,200.0016000128,0,36753.9548056547,58637.211073913,501772.883250844,4000.64010241639,0,
145.46095,9603.68781612139,1700.11560786133,798409.166897132,8102.62525058119,200.0016000128,300.003600043201,31339.2367243789,68286.0110942207,519578.620717815,3300.43565750679,0,
145.58718,10804.6676164103,2100.17641481884,821111.340632101,7402.19104855037,500.010000200004,400.006400102402,33244.1482288479,67883.8294100424,538452.737517826,3900.60849492521,200.0016000128,
145.71348,10604.4963064339,1800.12960933187,835413.945336398,6301.58800017604,200.0016000128,300.003600043201,36954.5449082846,59541.4705339888,539078.87693433,4000.64010241639,100.0004000016,
145.83968,10204.1632986258,1500.09000540032,792872.913356581,7902.49718911176,300.003600043201,300.003600043201,36553.3679171591,60948.2260858408,504270.435041643,3900.60849492521,0,
145.96594,12005.7627661277,1800.12960933187,767776.673771702,5301.12383825371,100.0004000016,800.025600819226,36753.9548056547,61551.1696727162,489916.18915557,4600.84655576626,300.003600043201,
146.09225,13307.0793662228,2500.2500250025,762890.720000659,7802.43435952017,200.0016000128,800.025600819226,42873.3992595323,63360.1745211896,518432.474144724,5101.04061228491,0,
146.21848,18313.4054127621,2300.21161946899,784785.738744425,6501.69043951427,0,500.010000200004,42672.714305176,59842.904856798,503125.663081267,5701.29989637637,100.0004000016,
146.34477,17512.2585810067,2100.17641481884,783509.28000066,6001.44034568296,500.010000200004,900.032401166442,52510.0610880405,57331.1737254839,500836.42743482,6801.85010322808,0,
146.47102,19815.6940296715,2900.33643902693,756520.520735029,6901.90492575951,100.0004000016,200.0016000128,51104.2526754579,62757.1438882963,498859.690994619,5001.00020004001,100.0004000016,
146.59717,19815.6940296715,4100.67251029169,788828.692031871,8302.75651516303,400.006400102402,600.014400345608,55322.1513100927,63360.1745211896,525832.142127833,5701.29989637637,300.003600043201,
146.72344,17812.6826300326,4100.67251029169,750896.131185365,6101.48876325823,400.006400102402,300.003600043201,51003.8438260298,55020.8257333103,473916.747164244,4100.67251029169,100.0004000016,
146.84973,19515.221873061,3800.57768780855,749941.290133859,6501.69043951427,600.014400345608,700.019600548815,57632.5548762153,61350.1852535006,503021.597998931,6501.69043951427,100.0004000016,
146.976,21518.505915087,2500.2500250025,752806.025744565,7402.19104855037,300.003600043201,300.003600043201,57431.6333035317,60244.8285678772,485758.558117724,5801.34591225164,100.0004000016,
147.10222,23221.549598027,4200.70571856072,732872.200263505,5901.39272868397,300.003600043201,1000.04000160006,55924.8242076314,55121.2667869313,483368.534359735,5501.21026625858,100.0004000016,
147.22845,21117.8234429859,3000.36004320518,781594.828830836,7202.07419736884,600.014400345608,500.010000200004,55523.0390545449,62757.1438882963,480875.074404155,5501.21026625858,500.010000200004,
147.35469,21819.0261908384,3300.43565750679,670408.385392922,7502.25067520256,400.006400102402,700.019600548815,52208.8031457558,50803.0285418829,464990.730743374,5201.0818250196,200.0016000128,
147.48088,19415.0660912868,3600.51847466035,718577.042569389,6101.48876325823,300.003600043201,1400.07840439065,52409.640968907,53213.0244639615,468934.013048244,5101.04061228491,200.0016000128,
147.60712,26928.9755777216,4000.64010241639,707681.043772983,6301.58800017604,900.032401166442,200.0016000128,52811.3262757894,50501.811652291,452338.968141816,7502.25067520256,300.003600043201,
147.73328,21217.9928579435,2400.23042212052,696794.27352079,4800.92177698118,400.006400102402,600.014400345608,48895.4439065055,51706.7226756024,444774.661075602,5101.04061228491,400.006400102402,
147.85951,18713.9980705568,3100.38444767151,690773.51836171,4000.64010241639,500.010000200004,1200.05760276493,51706.7226756024,53815.5958999932,428004.166124203,5801.34591225164,300.003600043201,
147.98574,22319.9093591484,3000.36004320518,652812.779615659,6401.6388195378,300.003600043201,700.019600548815,50602.2164772841,47088.5264296878,414458.997328432,4600.84655576626,200.0016000128,
148.11202,25025.025025025,4100.67251029169,650496.593614052,6101.48876325823,100.0004000016,800.025600819226,44880.4257228954,46385.9066992069,412495.629050752,5901.39272868397,300.003600043201,
148.23826,21017.6548300572,4200.70571856072,660606.657798361,4800.92177698118,500.010000200004,300.003600043201,47289.282164727,43575.8219301585,386071.373447388,4200.70571856072,200.0016000128,
148.36452,23321.7358578195,3300.43565750679,586231.741665029,4900.9605882753,100.0004000016,500.010000200004,43375.1257177431,40766.3676465285,362274.732275828,5001.00020004001,300.003600043201,
148.49076,22720.6303323418,3300.43565750679,546803.78828444,4000.64010241639,200.0016000128,900.032401166442,42773.0563802976,40164.423735672,352398.336882669,5701.29989637637,200.0016000128,
148.61701,25125.2257266295,4400.77453631839,567705.329127957,4700.88376614804,100.0004000016,300.003600043201,40766.3676465285,39863.462632511,331949.871111039,4400.77453631839,200.0016000128,
148.7432,22420.0883992057,4400.77453631839,500316.203920929,4100.67251029169,200.0016000128,800.025600819226,39060.9350586916,37957.5436361524,322815.248791595,5001.00020004001,400.006400102402,
148.86949,20616.9883984403,4800.92177698118,476928.093918148,5201.0818250196,100.0004000016,900.032401166442,37255.4360889003,33845.7594667991,317173.550237374,4500.81014582625,300.003600043201,
148.99568,22620.4488857928,4000.64010241639,478070.515146203,6001.44034568296,300.003600043201,1000.04000160006,35851.3391176164,38459.0731363374,285217.250586617,4300.73972723308,300.003600043201,
149.12199,20817.3200102485,4600.84655576626,477758.935559614,4900.9605882753,300.003600043201,1000.04000160006,34547.6757925938,33946.0308177889,281126.122482,5901.39272868397,400.006400102402,
149.24824,21819.0261908384,4600.84655576626,460944.947326397,5901.39272868397,200.0016000128,500.010000200004,31439.4879969241,26728.5460872212,265183.364594787,3900.60849492521,500.010000200004,
149.37452,19815.6940296715,3500.49006860961,410532.564105692,5401.16665199683,400.006400102402,1400.07840439065,31339.2367243789,32241.5270868879,241612.71692642,4300.73972723308,600.014400345608,
149.50084,23722.4889194957,3500.49006860961,398347.685092999,4000.64010241639,300.003600043201,800.025600819226,27730.7256440136,26628.3325458288,219917.682188685,3300.43565750679,400.006400102402,
149.62699,20216.3347985172,3200.40965243551,349005.102247747,3400.46246289495,500.010000200004,1000.04000160006,26928.9755777216,25726.4467872973,228672.689255411,4400.77453631839,400.006400102402,
149.75324,17912.8255831175,3200.40965243551,348079.832256547,3900.60849492521,100.0004000016,1100.04840212969,25125.2257266295,26227.4864057532,202425.884705958,3400.46246289495,300.003600043201,
149.8795,20616.9883984403,2600.27042812453,345407.20945039,4100.67251029169,200.0016000128,300.003600043201,21217.9928579435,23121.3641404658,188713.844120148,2200.1936170383,100.0004000016,
150.00574,18012.9693379233,3800.57768780855,295348.488957063,3800.57768780855,300.003600043201,700.019600548815,19615.3784567101,22119.5536854579,183639.096290148,2600.27042812453,400.006400102402,
150.13208,19014.4509827469,3800.57768780855,281228.384549731,3400.46246289495,200.0016000128,1100.04840212969,19915.8530190031,19715.5358422437,167920.364673099,4100.67251029169,400.006400102402,
150.25829,18213.259252736,3000.36004320518,255994.762916926,2600.27042812453,100.0004000016,400.006400102402,16210.5044068556,19615.3784567101,150196.976342719,3500.49006860961,500.010000200004,
150.38454,18213.259252736,4400.77453631839,219307.094493717,2300.21161946899,200.0016000128,600.014400345608,14107.9568876847,15409.4922472243,132094.287575497,2900.33643902693,100.0004000016,
150.51088,16010.246557797,2300.21161946899,210558.585304463,2800.31363512713,200.0016000128,500.010000200004,14508.4148806308,15109.1259120509,113412.169356815,2700.2916314962,200.0016000128,
150.63715,13006.7635170289,2600.27042812453,162752.684362456,2400.23042212052,300.003600043201,1000.04000160006,10204.1632986258,12105.8592358702,97277.0458296357,3100.38444767151,100.0004000016,
150.76344,15009.0054032419,3400.46246289495,143418.056594817,2000.16001280102,0,600.014400345608,9703.76506084361,10504.4118529783,75628.0943325068,2000.16001280102,300.003600043201,
150.88972,13307.0793662228,3100.38444767151,133610.272207053,2100.17641481884,0,400.006400102402,9503.61137232148,7402.19104855037,70498.2410538434,2100.17641481884,200.0016000128,
151.01601,10604.4963064339,1500.09000540032,108872.069292452,2700.2916314962,100.0004000016,700.019600548815,8502.8909829342,8002.56081946223,64566.3228476556,2000.16001280102,200.0016000128,
151.14227,12105.8592358702,2400.23042212052,103022.805594158,2000.16001280102,200.0016000128,1400.07840439065,7802.43435952017,6201.53798141939,53313.4510237786,1700.11560786133,0,
151.26846,10304.2453490838,1800.12960933187,92742.777304919,2600.27042812453,100.0004000016,1000.04000160006,7502.25067520256,4800.92177698118,46185.1654450807,1400.07840439065,300.003600043201,
151.39474,8703.02865397158,2600.27042812453,73817.3181847359,1300.06760351538,300.003600043201,900.032401166442,7802.43435952017,5201.0818250196,41268.0096799526,900.032401166442,100.0004000016,
151.52102,7302.132222609,1600.10240655402,62053.6448245857,500.010000200004,200.0016000128,700.019600548815,6201.53798141939,4900.9605882753,35349.9140786791,1700.11560786133,300.003600043201,
151.64731,7402.19104855037,1700.11560786133,49497.8076679519,1100.04840212969,100.0004000016,600.014400345608,4900.9605882753,4300.73972723308,26127.2768770597,1000.04000160006,100.0004000016,
151.77352,5501.21026625858,1700.11560786133,45582.960989,1900.14441097523,200.0016000128,1000.04000160006,5001.00020004001,2900.33643902693,28632.7558727184,500.010000200004,0,
151.89969,7202.07419736884,1500.09000540032,37054.8411649241,1100.04840212969,300.003600043201,400.006400102402,6001.44034568296,2300.21161946899,17912.8255831175,1200.05760276493,100.0004000016,
152.02598,5501.21026625858,1400.07840439065,27129.408278574,1300.06760351538,400.006400102402,600.014400345608,4400.77453631839,3200.40965243551,14708.648685427,500.010000200004,0,
152.15223,4100.67251029169,1000.04000160006,18113.1138944596,1700.11560786133,300.003600043201,600.014400345608,4900.9605882753,1200.05760276493,6201.53798141939,500.010000200004,100.0004000016,
152.27843,2600.27042812453,700.019600548815,9303.46088745013,1200.05760276493,200.0016000128,900.032401166442,2700.2916314962,1200.05760276493,3600.51847466035,0,100.0004000016,
152.4047,1400.07840439065,1500.09000540032,5101.04061228491,1300.06760351538,300.003600043201,800.025600819226,2000.16001280102,1100.04840212969,2500.2500250025,0,0,
152.5309,1800.12960933187,800.025600819226,900.032401166442,1100.04840212969,0,700.019600548815,1300.06760351538,1300.06760351538,800.025600819226,0,0,
152.65721,2800.31363512713,700.019600548815,900.032401166442,900.032401166442,100.0004000016,800.025600819226,700.019600548815,1300.06760351538,400.006400102402,0,0,
152.78337,2700.2916314962,700.019600548815,600.014400345608,1000.04000160006,0,500.010000200004,500.010000200004,1500.09000540032,400.006400102402,0,0,
152.90957,3200.40965243551,700.019600548815,800.025600819226,1800.12960933187,100.0004000016,900.032401166442,400.006400102402,600.014400345608,600.014400345608,0,0,
153.03588,2200.1936170383,1800.12960933187,400.006400102402,1100.04840212969,100.0004000016,300.003600043201,600.014400345608,1300.06760351538,200.0016000128,100.0004000016,0,
153.16211,1700.11560786133,700.019600548815,600.014400345608,1300.06760351538,200.0016000128,500.010000200004,400.006400102402,1200.05760276493,100.0004000016,0,0,
153.28838,1200.05760276493,700.019600548815,600.014400345608,1400.07840439065,300.003600043201,600.014400345608,400.006400102402,400.006400102402,100.0004000016,100.0004000016,0,
153.41462,1300.06760351538,900.032401166442,1000.04000160006,1800.12960933187,0,800.025600819226,400.006400102402,1200.05760276493,200.0016000128,0,0,
153.54081,2000.16001280102,600.014400345608,500.010000200004,700.019600548815,200.0016000128,400.006400102402,200.0016000128,800.025600819226,400.006400102402,0,0,
153.66706,1300.06760351538,1100.04840212969,200.0016000128,700.019600548815,0,500.010000200004,100.0004000016,900.032401166442,0,0,0,
153.79334,600.014400345608,300.003600043201,100.0004000016,1100.04840212969,0,300.003600043201,300.003600043201,1200.05760276493,500.010000200004,0,0,
153.91963,200.0016000128,400.006400102402,100.0004000016,900.032401166442,100.0004000016,0,200.0016000128,600.014400345608,100.0004000016,0,0,
154.04578,300.003600043201,200.0016000128,100.0004000016,1300.06760351538,100.0004000016,200.0016000128,200.0016000128,1000.04000160006,0,0,0,
154.17209,0,400.006400102402,0,800.025600819226,100.0004000016,0,0,700.019600548815,0,0,0,
154.2984,0,400.006400102402,0,2100.17641481884,0,100.0004000016,0,800.025600819226,0,0,0,
154.42469,200.0016000128,300.003600043201,100.0004000016,800.025600819226,100.0004000016,0,0,1100.04840212969,0,0,0,
154.55093,0,200.0016000128,200.0016000128,700.019600548815,100.0004000016,100.0004000016,0,800.025600819226,0,0,0,
154.67722,0,200.0016000128,100.0004000016,1900.14441097523,100.0004000016,100.0004000016,0,1100.04840212969,0,0,0,
154.80343,0,500.010000200004,0,1700.11560786133,200.0016000128,0,0,500.010000200004,0,0,0,
154.92973,0,400.006400102402,200.0016000128,1400.07840439065,200.0016000128,0,0,600.014400345608,100.0004000016,100.0004000016,0,
155.056,200.0016000128,100.0004000016,100.0004000016,900.032401166442,0,0,100.0004000016,1400.07840439065,0,0,0,
155.18224,0,300.003600043201,0,1200.05760276493,200.0016000128,100.0004000016,100.0004000016,1200.05760276493,0,0,0,
155.30855,0,300.003600043201,100.0004000016,1700.11560786133,100.0004000016,100.0004000016,200.0016000128,1000.04000160006,0,0,0,
155.43478,0,0,100.0004000016,1300.06760351538,300.003600043201,100.0004000016,200.0016000128,700.019600548815,0,0,0,
155.56098,100.0004000016,600.014400345608,0,700.019600548815,0,0,0,1100.04840212969,0,0,0,
155.68729,0,200.0016000128,200.0016000128,500.010000200004,300.003600043201,0,0,1000.04000160006,0,0,0,
155.81347,100.0004000016,400.006400102402,200.0016000128,700.019600548815,100.0004000016,0,0,1200.05760276493,0,0,0,
155.9398,0,500.010000200004,100.0004000016,1500.09000540032,0,0,0,1000.04000160006,100.0004000016,0,0,
156.06603,0,500.010000200004,200.0016000128,1000.04000160006,200.0016000128,100.0004000016,100.0004000016,900.032401166442,0,0,0,
156.1923,0,0,100.0004000016,1300.06760351538,500.010000200004,0,0,700.019600548815,0,0,0,
156.31859,0,400.006400102402,200.0016000128,1300.06760351538,0,0,100.0004000016,700.019600548815,0,0,0,
156.44487,0,400.006400102402,300.003600043201,300.003600043201,100.0004000016,0,200.0016000128,1100.04840212969,0,0,0,
156.57116,0,700.019600548815,0,1000.04000160006,0,0,0,800.025600819226,0,0,0,
156.69744,0,300.003600043201,100.0004000016,800.025600819226,300.003600043201,0,0,700.019600548815,0,0,0,
156.82371,0,700.019600548815,200.0016000128,1500.09000540032,200.0016000128,100.0004000016,200.0016000128,900.032401166442,0,0,0,
156.94993,0,300.003600043201,0,1100.04840212969,100.0004000016,100.0004000016,200.0016000128,900.032401166442,0,0,0,
157.07616,0,500.010000200004,400.006400102402,1100.04840212969,100.0004000016,100.0004000016,100.0004000016,1000.04000160006,0,0,100.0004000016,
157.20246,0,300.003600043201,100.0004000016,1400.07840439065,400.006400102402,0,0,800.025600819226,0,0,100.0004000016,
157.32871,0,500.010000200004,0,1900.14441097523,400.006400102402,0,100.0004000016,1100.04840212969,0,0,0,
157.45494,0,300.003600043201,300.003600043201,1300.06760351538,0,0,100.0004000016,800.025600819226,0,0,0,
157.58113,0,100.0004000016,0,1600.10240655402,200.0016000128,0,0,300.003600043201,0,0,0,
157.70741,100.0004000016,600.014400345608,0,1100.04840212969,100.0004000016,200.0016000128,100.0004000016,1000.04000160006,0,0,0,
157.83368,0,300.003600043201,0,500.010000200004,500.010000200004,200.0016000128,0,800.025600819226,0,0,0,
157.95997,0,800.025600819226,200.0016000128,1200.05760276493,100.0004000016,0,100.0004000016,600.014400345608,0,0,0,
158.0862,0,200.0016000128,200.0016000128,1500.09000540032,300.003600043201,200.0016000128,100.0004000016,600.014400345608,0,0,0,
158.21252,0,200.0016000128,300.003600043201,1100.04840212969,200.0016000128,100.0004000016,100.0004000016,900.032401166442,0,0,0,
158.3387,0,200.0016000128,200.0016000128,1300.06760351538,0,100.0004000016,100.0004000016,1300.06760351538,0,0,0,
158.46497,100.0004000016,500.010000200004,0,1300.06760351538,100.0004000016,0,0,1200.05760276493,0,0,0,
158.59119,0,200.0016000128,200.0016000128,1600.10240655402,100.0004000016,0,200.0016000128,800.025600819226,0,0,100.0004000016,
158.71742,0,100.0004000016,200.0016000128,900.032401166442,400.006400102402,0,0,1200.05760276493,0,0,0,
158.84364,100.0004000016,200.0016000128,100.0004000016,900.032401166442,200.0016000128,0,200.0016000128,1200.05760276493,0,0,0,
158.96984,0,300.003600043201,0,1200.05760276493,200.0016000128,100.0004000016,100.0004000016,1000.04000160006,0,0,0,
159.09609,100.0004000016,500.010000200004,0,1000.04000160006,400.006400102402,0,200.0016000128,800.025600819226,0,0,0,
159.22238,100.0004000016,300.003600043201,300.003600043201,800.025600819226,200.0016000128,200.0016000128,100.0004000016,1100.04840212969,0,0,0,
159.34866,0,200.0016000128,0,1500.09000540032,200.0016000128,0,200.0016000128,1000.04000160006,0,0,0,
159.47498,0,200.0016000128,300.003600043201,1200.05760276493,200.0016000128,0,100.0004000016,1000.04000160006,0,0,0,
159.60122,0,400.006400102402,100.0004000016,1100.04840212969,200.0016000128,200.0016000128,100.0004000016,800.025600819226,0,0,0,
159.72749,200.0016000128,700.019600548815,100.0004000016,1100.04840212969,200.0016000128,0,0,800.025600819226,0,0,0,
159.85377,100.0004000016,300.003600043201,200.0016000128,1100.04840212969,200.0016000128,0,200.0016000128,1200.05760276493,0,0,0,
159.97996,0,200.0016000128,200.0016000128,2000.16001280102,0,0,0,600.014400345608,0,0,0,
160.10615,0,800.025600819226,200.0016000128,1200.05760276493,0,0,100.0004000016,1200.05760276493,0,0,0,
160.23243,0,400.006400102402,0,1400.07840439065,0,200.0016000128,0,900.032401166442,0,0,0,
160.35867,0,100.0004000016,0,800.025600819226,0,0,0,500.010000200004,0,0,0,
160.48494,0,200.0016000128,0,1100.04840212969,500.010000200004,0,100.0004000016,500.010000200004,0,0,0,
160.61118,0,500.010000200004,200.0016000128,1300.06760351538,0,0,0,1000.04000160006,0,0,0,
160.73733,100.0004000016,500.010000200004,0,1500.09000540032,200.0016000128,0,100.0004000016,1000.04000160006,0,0,0,
160.86359,0,600.014400345608,0,1100.04840212969,200.0016000128,0,100.0004000016,800.025600819226,0,0,0,
160.98984,0,600.014400345608,100.0004000016,600.014400345608,0,200.0016000128,0,700.019600548815,0,0,0,
161.1161,0,1000.04000160006,300.003600043201,900.032401166442,100.0004000016,200.0016000128,0,900.032401166442,0,0,0,
161.2424,100.0004000016,100.0004000016,100.0004000016,700.019600548815,0,100.0004000016,200.0016000128,900.032401166442,0,0,0,
161.36863,0,300.003600043201,100.0004000016,1100.04840212969,200.0016000128,0,0,1000.04000160006,0,0,0,
161.4949,0,100.0004000016,400.006400102402,1200.05760276493,200.0016000128,0,100.0004000016,1200.05760276493,0,0,100.0004000016,
161.62118,0,500.010000200004,200.0016000128,1400.07840439065,0,0,0,1200.05760276493,0,0,0,
161.74746,0,700.019600548815,0,700.019600548815,200.0016000128,0,200.0016000128,500.010000200004,0,0,0,
161.87373,100.0004000016,400.006400102402,200.0016000128,2300.21161946899,200.0016000128,100.0004000016,0,1000.04000160006,0,0,0,
162.00006,0,400.006400102402,100.0004000016,1200.05760276493,200.0016000128,0,0,1000.04000160006,0,0,0,
162.12637,0,200.0016000128,0,1600.10240655402,300.003600043201,100.0004000016,0,500.010000200004,0,0,0,
162.2526,100.0004000016,500.010000200004,200.0016000128,500.010000200004,100.0004000016,0,200.0016000128,900.032401166442,0,0,0,
162.37888,0,300.003600043201,100.0004000016,1800.12960933187,200.0016000128,100.0004000016,0,1000.04000160006,0,0,0,
162.50511,0,200.0016000128,100.0004000016,1000.04000160006,200.0016000128,0,0,1100.04840212969,0,0,0,
162.63136,0,200.0016000128,100.0004000016,1000.04000160006,200.0016000128,0,0,1300.06760351538,0,0,0,
162.75767,0,200.0016000128,200.0016000128,1100.04840212969,300.003600043201,0,100.0004000016,900.032401166442,0,0,0,
162.88391,100.0004000016,1000.04000160006,200.0016000128,1000.04000160006,200.0016000128,0,100.0004000016,400.006400102402,0,0,0,
163.01018,100.0004000016,300.003600043201,300.003600043201,800.025600819226,300.003600043201,0,0,700.019600548815,0,0,100.0004000016,
163.13642,0,300.003600043201,200.0016000128,2000.16001280102,100.0004000016,0,300.003600043201,800.025600819226,0,0,0,
163.26269,0,500.010000200004,100.0004000016,1000.04000160006,0,200.0016000128,0,1200.05760276493,0,0,0,
163.38896,0,300.003600043201,200.0016000128,1200.05760276493,200.0016000128,0,0,700.019600548815,0,0,0,
163.51526,0,300.003600043201,300.003600043201,1400.07840439065,200.0016000128,0,100.0004000016,1100.04840212969,0,0,0,
163.64155,0,500.010000200004,200.0016000128,900.032401166442,100.0004000016,0,0,800.025600819226,0,0,0,
163.76774,0,500.010000200004,300.003600043201,1800.12960933187,0,0,100.0004000016,700.019600548815,0,0,0,
163.89399,100.0004000016,200.0016000128,300.003600043201,1700.11560786133,300.003600043201,200.0016000128,300.003600043201,1400.07840439065,0,0,0,
164.02025,100.0004000016,400.006400102402,100.0004000016,1100.04840212969,0,0,100.0004000016,1100.04840212969,0,0,0,
164.14646,0,200.0016000128,0,1100.04840212969,200.0016000128,100.0004000016,0,500.010000200004,100.0004000016,0,0,
164.2727,0,600.014400345608,100.0004000016,1400.07840439065,500.010000200004,100.0004000016,0,800.025600819226,0,0,0,
164.39893,0,200.0016000128,300.003600043201,900.032401166442,300.003600043201,200.0016000128,0,800.025600819226,0,0,0,
164.52516,100.0004000016,200.0016000128,200.0016000128,400.006400102402,100.0004000016,0,0,900.032401166442,0,0,0,
164.65145,0,400.006400102402,100.0004000016,1600.10240655402,200.0016000128,0,0,600.014400345608,0,0,0,
164.77768,0,300.003600043201,100.0004000016,1100.04840212969,400.006400102402,0,100.0004000016,300.003600043201,0,0,0,
164.90396,0,300.003600043201,0,1400.07840439065,0,0,0,700.019600548815,0,0,0,
165.03028,0,1100.04840212969,0,1500.09000540032,0,100.0004000016,100.0004000016,800.025600819226,0,0,0,

