- 3:03/07/2023 07:58:11 PM;
Software:Name=Qtegra;Version=2.10.3324.83;File Version=1;
Configuration:Machine=iCAP RQ;
STDS:Additional Gas Flow 1=0;Additional Gas Flow 2=0;Additional Gas Flow 3=0;CCT Entry Lens=-108.333333333333;Angular Deflection=-370;Deflection Entry Lens=-35;Extraction Lens 1 Polarity=0;Extraction Lens 1 Negative=0;Extraction Lens 1 Positive=0;Spray Chamber Temperature=2.7;Peristaltic Pump Speed=0;Cool Flow=14;Sampling Depth=5;Plasma Power=1550;Auxilliary Flow=0.8;Nebulizer Flow=1.105;Torch Horizontal Position=-0.723333333333333;Torch Vertical Position=0.3;Extraction Lens 2=-130;CCT Focus Lens=-1.08;CCT Bias=-2;CCT Exit Lens=-160;Focus Lens=18.8;D1 Lens=-200;D2 Lens=-80;Quad Entry Lens=-29.4;Pole Bias=-1;CCT1 Flow=0;CCT2 Flow=0;CCT1 Shut-Off Valve=0;CCT2 Shut-Off Valve=0;Virtual CCT Mass to Dac Factor=130;Virtual CCT Mass to Dac Offset=35;Virtual CCT Mass parameter b=0.65;Virtual CCT Mass Maximum Dac Limit Set=4095;
RF Generator:RF Plasma Lit Readback=1;RF FET Temperature Ok Readback=1;Plasma Power Readback=1548.6077186126;
Ion Optics:Pole Bias Readback=-0.793743890518083;Torch Horizontal Position Readback=-0.72316715542522;Torch Vertical Position Readback=0.311436950146628;Sampling Depth Readback=5;Extraction Lens 1 Negative Readback=-200.39100684262;Extraction Lens 1 Positive Readback=0.00977517106549364;Extraction Lens 2 Readback=-137.82991202346;Angular Deflection Readback=-369.560117302053;Quad Entry Lens Readback=-29.8142717497556;Focus Lens Readback=18.4408602150538;D2 Lens Readback=-80.9384164222874;Deflection Exit Lens Readback=34.6578690127077;Deflection Entry Lens Readback=-35.425219941349;D1 Lens Readback=-200.58651026393;CCT Exit Lens Readback=-162.512218963832;CCT Bias Readback=-2.01857282502444;CCT Entry Lens Readback=-109.237536656891;CCT Focus Lens Readback=-1.47116324535679;
Vacuum:Analyzer Vacuum Ok Readback=1;Interface Pressure Readback=2.02512396424301;Analyzer Pressure Readback=2.19605002409792E-07;
Detector:Detector Voltage (Counting) Readback=1618.76832844575;Detector Voltage (Analog) Readback=-1978.49462365591;
Cooling System:Plasma Cooling Water Flow Readback=0.636862745098039;Interface Temperature Readback=31.2178705615847;Exhaust Flow Readback=0.550695014662757;Quad Board Temperature Readback=0;Inlet Fan Speed Readback=0;Outlet Fan Speed Readback=2447.05882352941;Peltier Temperature Hot Side Readback=20.7862437909878;Spray Chamber Temperature Readback=2.6293915694153;
Power Supply:Supply Voltage 500 V Readback=-539.467253176931;Supply Voltage 1 kV Readback=-1169.35483870968;
Gas Supply:Nebulizer Supply Pressure Readback=0.0564456989247311;Nebulizer Flow Readback=1.10117302052786;Cool Flow Readback=13.9784946236559;Auxilliary Flow Readback=0.797653958944281;CCT2 Flow Readback=0;CCT1 Flow Readback=0;Additional Gas Flow 1 Readback=0;
Pulse Counting:Threshold=2500000;

Time,24Mg,26Mg,43Ca,55Mn,59Co,63Cu,66Zn,86Sr,88Sr,138Ba,208Pb,
,dwell time=0.01;xcal factor=66096.21568,dwell time=0.01;xcal factor=66420.50783,dwell time=0.01;xcal factor=69176.99106,dwell time=0.01;xcal factor=80139.50903,dwell time=0.01;xcal factor=85118.72235,dwell time=0.01;xcal factor=86639.08057,dwell time=0.01;xcal factor=86821.65425,dwell time=0.01;xcal factor=85302.89892,dwell time=0.01;xcal factor=82608.9753,dwell time=0.01;xcal factor=93538.82005,dwell time=0.01;xcal factor=107923.33534,
0.01244,0,1000.04000160006,100.0004000016,1700.11560786133,0,0,0,1200.05760276493,0,0,0,
0.13881,0,900.032401166442,0,1900.14441097523,100.0004000016,0,100.0004000016,1000.04000160006,0,0,0,
0.26504,100.0004000016,400.006400102402,0,1000.04000160006,100.0004000016,0,300.003600043201,1700.11560786133,0,0,0,
0.39133,100.0004000016,300.003600043201,0,1300.06760351538,100.0004000016,0,100.0004000016,1000.04000160006,0,0,0,
0.51758,200.0016000128,400.006400102402,400.006400102402,2300.21161946899,0,200.0016000128,100.0004000016,1500.09000540032,0,0,0,
0.64381,0,600.014400345608,100.0004000016,1600.10240655402,100.0004000016,0,200.0016000128,1300.06760351538,0,0,100.0004000016,
0.7701,200.0016000128,1200.05760276493,100.0004000016,2200.1936170383,400.006400102402,200.0016000128,0,1100.04840212969,0,0,0,
0.89633,100.0004000016,500.010000200004,300.003600043201,1700.11560786133,100.0004000016,0,0,1000.04000160006,0,0,0,
1.02262,0,500.010000200004,100.0004000016,1800.12960933187,200.0016000128,0,300.003600043201,900.032401166442,0,0,0,
1.14888,0,800.025600819226,400.006400102402,2000.16001280102,100.0004000016,0,100.0004000016,1000.04000160006,0,0,0,
1.27501,0,600.014400345608,200.0016000128,1600.10240655402,200.0016000128,0,0,1000.04000160006,0,0,0,
1.40123,0,200.0016000128,300.003600043201,1500.09000540032,100.0004000016,100.0004000016,0,1600.10240655402,0,100.0004000016,0,
1.52746,0,0,300.003600043201,1000.04000160006,100.0004000016,0,0,1200.05760276493,0,0,0,
1.65376,100.0004000016,600.014400345608,100.0004000016,1200.05760276493,100.0004000016,0,200.0016000128,1100.04840212969,0,0,0,
1.78006,0,700.019600548815,300.003600043201,1900.14441097523,200.0016000128,0,0,700.019600548815,0,0,0,
1.90629,100.0004000016,400.006400102402,0,1400.07840439065,0,0,200.0016000128,1200.05760276493,0,0,0,
2.03258,0,1000.04000160006,200.0016000128,1500.09000540032,100.0004000016,200.0016000128,0,1500.09000540032,0,0,0,
2.15882,0,500.010000200004,0,1900.14441097523,200.0016000128,0,100.0004000016,500.010000200004,0,0,0,
2.28502,0,300.003600043201,300.003600043201,1200.05760276493,100.0004000016,200.0016000128,0,1400.07840439065,0,0,0,
2.41133,0,700.019600548815,100.0004000016,1300.06760351538,100.0004000016,0,0,1300.06760351538,0,0,0,
2.53765,0,500.010000200004,100.0004000016,1100.04840212969,100.0004000016,0,200.0016000128,1300.06760351538,0,0,0,
2.66401,0,200.0016000128,200.0016000128,1800.12960933187,100.0004000016,0,300.003600043201,1100.04840212969,0,0,0,
2.79025,0,300.003600043201,0,1200.05760276493,0,200.0016000128,0,1500.09000540032,0,0,0,
2.91654,0,300.003600043201,100.0004000016,1700.11560786133,0,100.0004000016,0,1100.04840212969,0,0,0,
3.04278,100.0004000016,200.0016000128,200.0016000128,1600.10240655402,100.0004000016,0,0,800.025600819226,0,0,0,
3.16903,0,300.003600043201,300.003600043201,1300.06760351538,200.0016000128,0,100.0004000016,1400.07840439065,0,0,0,
3.29531,0,100.0004000016,300.003600043201,1500.09000540032,0,0,300.003600043201,900.032401166442,0,0,0,
3.42155,0,700.019600548815,100.0004000016,1000.04000160006,0,0,0,1000.04000160006,0,0,0,
3.54785,0,700.019600548815,100.0004000016,1700.11560786133,0,0,100.0004000016,700.019600548815,0,0,0,
3.67406,0,600.014400345608,0,1500.09000540032,0,100.0004000016,100.0004000016,600.014400345608,0,0,0,
3.80038,0,500.010000200004,200.0016000128,2300.21161946899,200.0016000128,100.0004000016,0,800.025600819226,0,0,0,
3.92662,0,500.010000200004,300.003600043201,1100.04840212969,0,100.0004000016,200.0016000128,1400.07840439065,0,0,0,
4.0528,0,300.003600043201,100.0004000016,2000.16001280102,0,0,200.0016000128,1500.09000540032,0,0,0,
4.17913,0,400.006400102402,0,1600.10240655402,100.0004000016,100.0004000016,0,900.032401166442,0,0,0,
4.30539,0,700.019600548815,300.003600043201,700.019600548815,0,200.0016000128,0,1300.06760351538,0,0,0,
4.43163,0,300.003600043201,200.0016000128,2000.16001280102,100.0004000016,100.0004000016,100.0004000016,2100.17641481884,0,0,0,
4.5579,0,600.014400345608,0,1600.10240655402,200.0016000128,0,100.0004000016,1500.09000540032,0,0,100.0004000016,
4.68412,0,700.019600548815,0,1400.07840439065,0,0,0,600.014400345608,0,0,0,
4.81035,0,200.0016000128,0,1500.09000540032,0,0,200.0016000128,600.014400345608,0,0,0,
4.93658,0,500.010000200004,100.0004000016,1700.11560786133,100.0004000016,0,0,1200.05760276493,0,0,0,
5.06285,0,600.014400345608,200.0016000128,1300.06760351538,200.0016000128,100.0004000016,100.0004000016,1700.11560786133,0,0,0,
5.18916,0,700.019600548815,100.0004000016,1300.06760351538,0,0,0,1400.07840439065,0,0,0,
5.3154,0,200.0016000128,0,1600.10240655402,200.0016000128,100.0004000016,100.0004000016,800.025600819226,0,0,0,
5.44172,0,600.014400345608,200.0016000128,1500.09000540032,100.0004000016,100.0004000016,0,1000.04000160006,0,0,0,
5.56793,0,300.003600043201,200.0016000128,1100.04840212969,200.0016000128,0,0,600.014400345608,0,0,0,
5.69424,0,500.010000200004,100.0004000016,2000.16001280102,200.0016000128,0,300.003600043201,2000.16001280102,0,0,0,
5.82055,200.0016000128,100.0004000016,400.006400102402,1600.10240655402,0,0,0,1700.11560786133,0,0,0,
5.94679,0,300.003600043201,100.0004000016,1400.07840439065,100.0004000016,100.0004000016,100.0004000016,700.019600548815,0,0,0,
6.07306,0,900.032401166442,200.0016000128,1600.10240655402,100.0004000016,0,0,800.025600819226,0,0,0,
6.19931,0,100.0004000016,0,1900.14441097523,100.0004000016,100.0004000016,0,1900.14441097523,0,0,0,
6.32558,0,500.010000200004,100.0004000016,1600.10240655402,0,0,100.0004000016,1500.09000540032,0,0,0,
6.45186,0,800.025600819226,100.0004000016,1900.14441097523,200.0016000128,0,0,900.032401166442,0,0,0,
6.57806,0,800.025600819226,100.0004000016,1800.12960933187,200.0016000128,100.0004000016,100.0004000016,1000.04000160006,0,0,0,
6.70424,0,600.014400345608,200.0016000128,1700.11560786133,200.0016000128,0,0,1000.04000160006,0,0,0,
6.83052,0,200.0016000128,300.003600043201,1500.09000540032,100.0004000016,100.0004000016,0,1700.11560786133,0,0,0,
6.95676,0,400.006400102402,0,1300.06760351538,0,0,200.0016000128,1000.04000160006,0,0,0,
7.08303,100.0004000016,200.0016000128,100.0004000016,1700.11560786133,200.0016000128,0,0,700.019600548815,0,0,0,
7.20931,100.0004000016,400.006400102402,200.0016000128,1900.14441097523,200.0016000128,100.0004000016,200.0016000128,1200.05760276493,0,0,0,
7.33559,0,400.006400102402,100.0004000016,1000.04000160006,200.0016000128,100.0004000016,100.0004000016,900.032401166442,0,0,0,
7.46182,100.0004000016,500.010000200004,0,1800.12960933187,600.014400345608,100.0004000016,300.003600043201,700.019600548815,0,0,0,
7.5881,0,200.0016000128,0,1200.05760276493,100.0004000016,100.0004000016,0,1600.10240655402,0,0,0,
7.7144,0,300.003600043201,0,1200.05760276493,100.0004000016,0,0,900.032401166442,0,0,0,
7.8406,0,100.0004000016,300.003600043201,1100.04840212969,200.0016000128,0,300.003600043201,1500.09000540032,0,0,0,
7.96684,0,900.032401166442,200.0016000128,1800.12960933187,100.0004000016,0,100.0004000016,1400.07840439065,0,0,0,
8.09316,0,800.025600819226,0,700.019600548815,0,100.0004000016,0,1300.06760351538,0,0,0,
8.21949,0,1000.04000160006,100.0004000016,1400.07840439065,0,0,100.0004000016,1100.04840212969,0,0,0,
8.3458,0,500.010000200004,300.003600043201,900.032401166442,0,0,200.0016000128,1500.09000540032,0,0,0,
8.47211,0,700.019600548815,100.0004000016,1200.05760276493,100.0004000016,0,0,1300.06760351538,0,100.0004000016,0,
8.59837,100.0004000016,400.006400102402,200.0016000128,1600.10240655402,200.0016000128,0,100.0004000016,1500.09000540032,0,0,0,
8.72457,0,200.0016000128,200.0016000128,2300.21161946899,400.006400102402,100.0004000016,0,1000.04000160006,0,0,0,
8.85081,0,600.014400345608,0,1100.04840212969,100.0004000016,0,0,1300.06760351538,0,0,0,
8.9771,0,300.003600043201,100.0004000016,1600.10240655402,100.0004000016,0,100.0004000016,1200.05760276493,0,0,0,
9.10329,0,400.006400102402,0,1300.06760351538,200.0016000128,100.0004000016,100.0004000016,700.019600548815,0,0,0,
9.22948,100.0004000016,500.010000200004,200.0016000128,800.025600819226,200.0016000128,100.0004000016,100.0004000016,800.025600819226,0,0,0,
9.35576,100.0004000016,700.019600548815,300.003600043201,1900.14441097523,100.0004000016,0,0,700.019600548815,0,0,0,
9.482,0,700.019600548815,100.0004000016,900.032401166442,100.0004000016,0,100.0004000016,1100.04840212969,0,0,0,
9.60834,100.0004000016,200.0016000128,100.0004000016,1600.10240655402,200.0016000128,100.0004000016,0,900.032401166442,0,0,0,
9.73459,0,700.019600548815,0,1200.05760276493,400.006400102402,0,0,2100.17641481884,0,0,0,
9.8609,0,600.014400345608,100.0004000016,1800.12960933187,0,100.0004000016,0,1300.06760351538,0,0,0,
9.98714,0,400.006400102402,100.0004000016,1300.06760351538,0,100.0004000016,0,1100.04840212969,0,0,0,
10.11344,0,500.010000200004,300.003600043201,1200.05760276493,0,100.0004000016,200.0016000128,1200.05760276493,0,0,0,
10.23974,0,500.010000200004,200.0016000128,1300.06760351538,100.0004000016,0,0,1600.10240655402,0,0,0,
10.36606,0,300.003600043201,0,1700.11560786133,0,0,100.0004000016,1800.12960933187,0,0,0,
10.49237,0,500.010000200004,0,1600.10240655402,100.0004000016,0,200.0016000128,1600.10240655402,0,0,0,
10.61866,0,300.003600043201,200.0016000128,700.019600548815,0,0,0,800.025600819226,0,0,0,
10.74481,0,400.006400102402,100.0004000016,2800.31363512713,200.0016000128,0,100.0004000016,1100.04840212969,0,0,0,
10.87112,0,500.010000200004,200.0016000128,900.032401166442,100.0004000016,0,0,1400.07840439065,0,0,0,
10.99743,100.0004000016,200.0016000128,100.0004000016,1300.06760351538,0,0,100.0004000016,1200.05760276493,0,0,0,
11.12372,0,400.006400102402,0,1000.04000160006,400.006400102402,0,100.0004000016,1400.07840439065,0,0,0,
11.24996,0,300.003600043201,0,900.032401166442,200.0016000128,0,0,600.014400345608,0,0,0,
11.37625,300.003600043201,500.010000200004,200.0016000128,1700.11560786133,0,0,200.0016000128,700.019600548815,0,0,0,
11.50246,0,400.006400102402,200.0016000128,900.032401166442,100.0004000016,0,300.003600043201,1300.06760351538,0,0,0,
11.62871,0,600.014400345608,100.0004000016,1100.04840212969,0,0,100.0004000016,900.032401166442,0,0,0,
11.75502,100.0004000016,500.010000200004,200.0016000128,1400.07840439065,100.0004000016,0,0,1200.05760276493,0,0,0,
11.88126,200.0016000128,400.006400102402,0,1500.09000540032,100.0004000016,0,300.003600043201,1300.06760351538,0,0,0,
12.00755,0,600.014400345608,0,1800.12960933187,500.010000200004,0,100.0004000016,900.032401166442,0,0,0,
12.13385,0,400.006400102402,0,1900.14441097523,200.0016000128,100.0004000016,0,1200.05760276493,0,0,0,
12.26016,0,600.014400345608,100.0004000016,1500.09000540032,200.0016000128,0,0,800.025600819226,0,0,100.0004000016,
12.3864,0,400.006400102402,0,1800.12960933187,100.0004000016,100.0004000016,100.0004000016,800.025600819226,0,0,0,
12.51266,0,200.0016000128,300.003600043201,1400.07840439065,100.0004000016,200.0016000128,200.0016000128,1100.04840212969,0,0,0,
12.639,0,100.0004000016,100.0004000016,1100.04840212969,100.0004000016,100.0004000016,0,1200.05760276493,0,0,0,
12.76524,0,200.0016000128,100.0004000016,1100.04840212969,0,0,200.0016000128,400.006400102402,0,0,0,
12.89146,0,200.0016000128,0,1500.09000540032,100.0004000016,100.0004000016,0,1100.04840212969,0,0,0,
13.01773,0,500.010000200004,100.0004000016,1100.04840212969,100.0004000016,0,200.0016000128,1400.07840439065,0,0,0,
13.14391,0,500.010000200004,100.0004000016,2000.16001280102,100.0004000016,300.003600043201,0,1100.04840212969,0,0,0,
13.27019,0,400.006400102402,0,1300.06760351538,200.0016000128,0,0,1000.04000160006,0,0,0,
13.39648,0,200.0016000128,0,1500.09000540032,100.0004000016,0,100.0004000016,900.032401166442,0,0,0,
13.52276,100.0004000016,700.019600548815,300.003600043201,1600.10240655402,100.0004000016,0,0,1200.05760276493,0,0,0,
13.64904,0,500.010000200004,0,1600.10240655402,200.0016000128,0,0,1200.05760276493,0,0,0,
13.77531,0,800.025600819226,100.0004000016,2200.1936170383,100.0004000016,0,0,900.032401166442,0,0,0,
13.9016,0,500.010000200004,0,1700.11560786133,0,0,100.0004000016,900.032401166442,0,0,0,
14.02775,0,600.014400345608,200.0016000128,1500.09000540032,0,0,0,1400.07840439065,0,0,0,
14.15404,100.0004000016,100.0004000016,100.0004000016,1900.14441097523,100.0004000016,0,0,1100.04840212969,0,0,0,
14.28035,0,300.003600043201,600.014400345608,1600.10240655402,300.003600043201,0,0,900.032401166442,0,0,0,
14.40661,100.0004000016,800.025600819226,0,1100.04840212969,200.0016000128,0,0,1500.09000540032,0,0,0,
14.53285,0,300.003600043201,0,1900.14441097523,200.0016000128,0,100.0004000016,900.032401166442,0,0,0,
14.65905,0,500.010000200004,100.0004000016,1600.10240655402,200.0016000128,0,0,1000.04000160006,0,0,0,
14.78529,0,500.010000200004,300.003600043201,2000.16001280102,0,100.0004000016,100.0004000016,1300.06760351538,0,0,0,
14.91158,0,400.006400102402,0,1300.06760351538,0,100.0004000016,100.0004000016,900.032401166442,0,0,0,
15.03777,100.0004000016,700.019600548815,200.0016000128,1600.10240655402,0,200.0016000128,100.0004000016,1200.05760276493,0,0,0,
15.16396,100.0004000016,500.010000200004,100.0004000016,1100.04840212969,200.0016000128,100.0004000016,100.0004000016,1200.05760276493,0,0,0,
15.29025,0,300.003600043201,100.0004000016,1600.10240655402,0,0,100.0004000016,1100.04840212969,0,0,0,
15.41648,0,0,100.0004000016,1900.14441097523,0,100.0004000016,0,500.010000200004,0,0,100.0004000016,
15.5427,0,400.006400102402,100.0004000016,1600.10240655402,100.0004000016,100.0004000016,200.0016000128,1300.06760351538,0,0,0,
15.6689,0,400.006400102402,400.006400102402,1700.11560786133,200.0016000128,0,100.0004000016,1400.07840439065,0,0,0,
15.79506,100.0004000016,600.014400345608,300.003600043201,1300.06760351538,0,100.0004000016,100.0004000016,1400.07840439065,0,0,0,
15.92129,0,400.006400102402,0,1000.04000160006,100.0004000016,100.0004000016,100.0004000016,800.025600819226,0,0,0,
16.0476,100.0004000016,500.010000200004,100.0004000016,500.010000200004,100.0004000016,0,0,700.019600548815,0,0,0,
16.17389,0,400.006400102402,100.0004000016,1000.04000160006,100.0004000016,100.0004000016,0,1100.04840212969,0,0,0,
16.3002,0,500.010000200004,0,2500.2500250025,0,100.0004000016,0,900.032401166442,0,0,0,
16.42644,0,300.003600043201,0,1400.07840439065,100.0004000016,300.003600043201,0,1000.04000160006,0,0,0,
16.55269,0,1100.04840212969,200.0016000128,1400.07840439065,100.0004000016,0,0,800.025600819226,0,0,0,
16.67886,0,1100.04840212969,100.0004000016,1500.09000540032,200.0016000128,100.0004000016,0,1300.06760351538,0,0,0,
16.80519,0,300.003600043201,0,1500.09000540032,0,100.0004000016,200.0016000128,1500.09000540032,0,0,0,
16.9315,0,500.010000200004,0,1600.10240655402,200.0016000128,0,100.0004000016,1000.04000160006,0,0,0,
17.05773,0,500.010000200004,200.0016000128,2700.2916314962,400.006400102402,200.0016000128,0,1300.06760351538,0,0,0,
17.18401,0,800.025600819226,200.0016000128,1500.09000540032,300.003600043201,0,0,1800.12960933187,0,0,0,
17.31025,100.0004000016,200.0016000128,200.0016000128,2000.16001280102,200.0016000128,0,200.0016000128,1400.07840439065,0,0,0,
17.43652,0,900.032401166442,200.0016000128,1100.04840212969,300.003600043201,100.0004000016,100.0004000016,1400.07840439065,0,0,0,
17.5628,0,500.010000200004,200.0016000128,900.032401166442,100.0004000016,0,0,1000.04000160006,0,0,0,
17.68909,0,400.006400102402,200.0016000128,1600.10240655402,100.0004000016,200.0016000128,0,2000.16001280102,100.0004000016,0,0,
17.81533,0,300.003600043201,100.0004000016,1100.04840212969,100.0004000016,200.0016000128,100.0004000016,1600.10240655402,0,0,0,
17.94154,0,200.0016000128,0,1900.14441097523,0,100.0004000016,0,800.025600819226,0,0,0,
18.06783,200.0016000128,200.0016000128,100.0004000016,1300.06760351538,0,0,100.0004000016,1100.04840212969,0,0,0,
18.19408,0,400.006400102402,0,2000.16001280102,200.0016000128,100.0004000016,0,1000.04000160006,0,0,0,
18.32038,0,300.003600043201,100.0004000016,1400.07840439065,100.0004000016,0,0,900.032401166442,0,0,0,
18.44667,0,400.006400102402,0,1400.07840439065,100.0004000016,0,100.0004000016,1200.05760276493,0,0,0,
18.57295,0,800.025600819226,0,1500.09000540032,100.0004000016,0,0,1100.04840212969,0,0,0,
18.6993,100.0004000016,300.003600043201,0,1300.06760351538,100.0004000016,0,0,1300.06760351538,0,0,0,
18.82552,0,300.003600043201,0,1100.04840212969,0,0,0,1200.05760276493,0,0,0,
18.95178,100.0004000016,400.006400102402,200.0016000128,1300.06760351538,200.0016000128,0,0,900.032401166442,0,0,0,
19.07806,0,700.019600548815,0,1600.10240655402,100.0004000016,100.0004000016,200.0016000128,800.025600819226,0,0,0,
19.20426,0,900.032401166442,0,1900.14441097523,100.0004000016,0,100.0004000016,700.019600548815,0,0,0,
19.33042,0,600.014400345608,100.0004000016,1200.05760276493,100.0004000016,0,0,1700.11560786133,0,0,0,
19.45673,0,200.0016000128,100.0004000016,1700.11560786133,0,0,0,1100.04840212969,0,0,0,
19.58301,0,200.0016000128,200.0016000128,2000.16001280102,0,100.0004000016,0,600.014400345608,0,0,0,
19.7093,0,800.025600819226,100.0004000016,1000.04000160006,0,100.0004000016,0,1900.14441097523,0,0,0,
19.83556,0,200.0016000128,0,1200.05760276493,200.0016000128,200.0016000128,100.0004000016,400.006400102402,0,0,0,
19.96187,100.0004000016,200.0016000128,0,900.032401166442,0,0,0,1400.07840439065,0,0,300.003600043201,
20.08807,0,200.0016000128,200.0016000128,2300.21161946899,0,200.0016000128,0,900.032401166442,0,0,0,
20.21431,0,400.006400102402,100.0004000016,1000.04000160006,0,100.0004000016,0,1100.04840212969,0,0,0,
20.34056,0,700.019600548815,100.0004000016,1800.12960933187,100.0004000016,100.0004000016,300.003600043201,2000.16001280102,0,0,0,
20.46677,200.0016000128,500.010000200004,100.0004000016,1900.14441097523,200.0016000128,0,0,1400.07840439065,0,0,0,
20.59306,0,800.025600819226,0,1600.10240655402,200.0016000128,100.0004000016,0,1100.04840212969,0,0,0,
20.71932,200.0016000128,600.014400345608,24423.8376655616,2500.2500250025,200.0016000128,1500.09000540032,34347.1242544771,153739.656782253,1362511.13410842,6401.6388195378,1100.04840212969,
20.84548,107762.51672177,14408.2991803279,576912.846157938,10304.2453490838,500.010000200004,2100.17641481884,82471.1651911485,359804.912092772,3088212.62812273,10004.0016006403,800.025600819226,
20.97171,118155.804906279,20717.1538033492,814712.320845896,8102.62525058119,400.006400102402,2200.1936170383,77137.2742556103,416112.595412087,3461605.19647815,6101.48876325823,300.003600043201,
21.09805,119468.190715041,18313.4054127621,930597.275005394,9003.24116682005,500.010000200004,1000.04000160006,83075.144879842,501772.883250844,4172868.47381004,6501.69043951427,400.006400102402,
21.22424,125830.157428401,18213.259252736,962157.559141795,8903.16952835209,400.006400102402,500.010000200004,81464.597011092,498339.548128626,4040694.11333024,6301.58800017604,300.003600043201,
21.35053,122800.247610319,18113.1138944596,1000931.87339834,9003.24116682005,400.006400102402,500.010000200004,75929.915784997,460011.487557183,3809388.9824906,4300.73972723308,0,
21.47676,116540.749075711,17211.841747122,1024967.31264106,8402.82334864514,400.006400102402,600.014400345608,81061.9923593053,500004.080000653,3946519.88148839,5301.12383825371,200.0016000128,
21.60296,126537.241548438,19815.6940296715,1032229.98329772,7802.43435952017,300.003600043201,400.006400102402,72409.1175314308,467688.634076175,4116694.37060612,5301.12383825371,0,
21.7292,112705.823736931,16110.3750815525,960647.811621232,8302.75651516303,200.0016000128,300.003600043201,70699.3722296877,490955.80887901,3813519.4312556,5601.25468104855,0,
21.85545,118054.85783181,17912.8255831175,1018141.93000495,8302.75651516303,600.014400345608,300.003600043201,72811.4444346382,493347.256100048,4020867.95925827,7302.132222609,0,
21.98166,116641.683980405,19214.7569333248,1000823.70609501,7602.31110257518,200.0016000128,100.0004000016,64164.2605068977,477758.935559614,3564040.32584999,3700.5476810568,0,
22.10792,116237.949229032,17912.8255831175,943944.475807791,8302.75651516303,600.014400345608,600.014400345608,62254.6405270692,470179.513825213,3872171.80371851,6101.48876325823,100.0004000016,
22.2342,114824.979807681,16510.8971921468,963020.350853872,7802.43435952017,200.0016000128,100.0004000016,61651.6630912044,445396.215353548,3491344.4275861,3400.46246289495,200.0016000128,
22.36056,114421.303458557,19415.0660912868,963559.624795407,7302.132222609,500.010000200004,300.003600043201,65873.1145450243,511037.095088819,4004346.1641983,6401.6388195378,100.0004000016,
22.48685,117449.192423774,17612.3991289868,998227.960782193,8102.62525058119,100.0004000016,500.010000200004,58838.151980851,472982.336015129,3924215.45815743,3800.57768780855,400.006400102402,
22.61303,111293.251691497,17512.2585810067,968953.596596197,9303.46088745013,800.025600819226,300.003600043201,56025.2725093309,451613.428678471,3738345.26373272,4800.92177698118,0,
22.73931,110990.578356335,20116.1734034163,942975.264929664,7502.25067520256,400.006400102402,400.006400102402,56427.0737701303,454204.831004443,3695388.59657678,4200.70571856072,0,
22.86547,107560.790426186,19515.221873061,970032.659913073,7802.43435952017,500.010000200004,400.006400102402,57331.1737254839,462500.865725029,3762301.86656968,5801.34591225164,100.0004000016,
22.99167,116439.814982258,19014.4509827469,1005475.71296612,6001.44034568296,100.0004000016,300.003600043201,55020.8257333103,461774.746808112,3882084.88075449,5101.04061228491,0,
23.11799,113916.726270362,18012.9693379233,956119.622411137,7902.49718911176,500.010000200004,200.0016000128,49096.2286080718,463745.737368964,3650779.74991485,4100.67251029169,100.0004000016,
23.24422,113210.352268024,20717.1538033492,1014351.5974893,8502.8909829342,200.0016000128,100.0004000016,44278.2840061228,459804.061347944,3860606.54717652,4400.77453631839,200.0016000128,
23.37051,117247.310445158,18012.9693379233,942652.210729051,8002.56081946223,400.006400102402,400.006400102402,43274.7788177972,469245.376822579,3570649.04387398,4000.64010241639,0,
23.49672,111999.517849609,18513.7001381022,976616.88854161,7602.31110257518,400.006400102402,400.006400102402,39963.7821963854,445396.215353548,3563214.23609699,5401.16665199683,0,
23.62297,113916.726270362,17912.8255831175,969061.498892679,8502.8909829342,200.0016000128,400.006400102402,41870.0066511207,473293.798781358,3452518.20919516,3200.40965243551,100.0004000016,
23.74929,106451.353739857,19815.6940296715,941252.402159972,6101.48876325823,300.003600043201,300.003600043201,38459.0731363374,448918.929923857,3440126.86290018,4900.9605882753,300.003600043201,
23.87547,113109.44494001,19815.6940296715,1000499.20958482,7702.37233067785,100.0004000016,400.006400102402,39863.462632511,475474.251428665,3693736.41707079,4500.81014582625,0,
24.00175,111394.144424668,16310.634533716,1019116.76546993,7802.43435952017,100.0004000016,600.014400345608,36854.249455198,456070.967452886,3606996.99300592,3700.5476810568,100.0004000016,
24.12795,109275.567268754,15709.8657957197,924681.541211948,7102.01697282028,400.006400102402,200.0016000128,35851.3391176164,458455.873367604,3342648.27204633,4500.81014582625,0,
24.25419,110788.800186422,17111.7044058136,921240.901644444,6901.90492575951,500.010000200004,300.003600043201,41067.3504547458,449540.686689687,3470692.18376113,5401.16665199683,100.0004000016,
24.38041,115228.669133987,19615.3784567101,995524.610483059,7702.37233067785,400.006400102402,300.003600043201,39462.1924152464,477758.935559614,3809388.9824906,5101.04061228491,0,
24.50657,120578.778135048,17812.6826300326,943190.638866636,6401.6388195378,400.006400102402,400.006400102402,32542.3049964954,455345.215209671,3406257.18302723,6801.85010322808,0,
24.63278,111495.03796858,16110.3750815525,946852.542999124,7902.49718911176,100.0004000016,300.003600043201,40264.7457111035,442288.747588071,3483909.61980911,2500.2500250025,100.0004000016,
24.75915,118357.701489418,23221.549598027,1002770.85526234,6701.7960813498,300.003600043201,500.010000200004,47991.9525811455,448193.585426532,3570649.04387398,5101.04061228491,0,
24.88543,120275.880917835,18914.2992102029,969708.931502296,8002.56081946223,700.019600548815,400.006400102402,39763.1438724695,469141.588051916,3613605.71102991,4400.77453631839,0,
25.01171,118761.504392769,19515.221873061,988174.341147804,6001.44034568296,500.010000200004,200.0016000128,36252.4936107484,457937.377547321,3585518.65942795,4100.67251029169,200.0016000128,
25.13792,114824.979807681,19214.7569333248,958814.782818172,7202.07419736884,300.003600043201,300.003600043201,44177.9298682877,450991.570631592,3393039.74697925,5501.21026625858,100.0004000016,
25.26416,109073.816659569,15109.1259120509,987958.219679329,6501.69043951427,0,800.025600819226,42171.0159909287,456174.649723037,3369909.23389529,4200.70571856072,100.0004000016,
25.39045,114118.554712614,14608.5313823273,972838.644259379,6301.58800017604,100.0004000016,200.0016000128,37456.0342272039,434833.920708431,3535953.27424803,3600.51847466035,0,
25.5167,114623.14001101,17111.7044058136,989146.932241096,7302.132222609,300.003600043201,300.003600043201,36051.9147572504,453686.508324374,3568996.86436798,3900.60849492521,0,
25.64294,111495.03796858,16611.0297237366,973054.514324659,8703.02865397158,300.003600043201,600.014400345608,37556.3345017526,442910.180420765,3382300.58019027,4300.73972723308,0,
25.76922,107359.067372083,17412.118834709,952131.811915558,7001.96054895371,500.010000200004,300.003600043201,38057.8479288519,408363.213568472,3272430.64304144,4500.81014582625,0,
25.89546,114320.386398888,18914.2992102029,1006449.59950068,7402.19104855037,300.003600043201,600.014400345608,36753.9548056547,443738.804754926,3260865.38649946,4300.73972723308,0,
26.02175,107661.653168788,18713.9980705568,981584.253081416,7102.01697282028,500.010000200004,400.006400102402,39763.1438724695,439389.129036722,3483083.53005611,5601.25468104855,200.0016000128,
26.14801,116439.814982258,19114.6035571176,995092.126606497,8402.82334864514,300.003600043201,300.003600043201,40365.0684904065,433384.878326687,3335213.46426934,4600.84655576626,0,
26.27437,109477.321120084,17111.7044058136,942221.484310144,8002.56081946223,100.0004000016,300.003600043201,42070.6787402837,408879.692003724,3145212.82107964,3800.57768780855,0,
26.4006,101712.13758148,18513.7001381022,1032555.27232135,5701.29989637637,300.003600043201,400.006400102402,40264.7457111035,429038.741649104,3407909.36253323,4900.9605882753,100.0004000016,
26.52686,102720.331596895,18814.1482394761,1006124.96255118,4600.84655576626,400.006400102402,0,44077.5765347011,423659.868041036,3407083.27278023,4400.77453631839,0,
26.65306,105947.096748278,16410.7654621432,965932.696302451,6201.53798141939,500.010000200004,100.0004000016,42371.6929043942,420971.284470837,3280691.54057143,4900.9605882753,0,
26.77919,98688.0413787011,13907.7326993809,958275.705961266,6601.74286011507,400.006400102402,200.0016000128,39361.8768704403,419006.909902838,3335213.46426934,4800.92177698118,100.0004000016,
26.90543,102014.587282717,16310.634533716,995740.857817855,8202.69048247825,700.019600548815,400.006400102402,39562.5087638469,431522.066423067,3450866.02968916,4400.77453631839,0,
27.03165,111394.144424668,16110.3750815525,1046116.21151947,5901.39272868397,0,600.014400345608,42873.3992595323,446225.001628558,3288952.43810142,3600.51847466035,100.0004000016,
27.15786,106753.917657881,16310.634533716,1008181.13345734,6501.69043951427,700.019600548815,200.0016000128,44679.7086001427,404541.925623631,3365778.7851303,4500.81014582625,7402.19104855037,
27.2841,105442.860012051,14408.2991803279,974457.75721986,7001.96054895371,400.006400102402,300.003600043201,47289.282164727,417869.779169547,3269952.37378245,5601.25468104855,0,
27.41039,96873.9333828578,17412.118834709,987850.16029306,6901.90492575951,300.003600043201,400.006400102402,45382.2326054811,420247.53220237,3388083.20846126,3800.57768780855,0,
27.53667,102720.331596895,20616.9883984403,978344.452064759,8302.75651516303,300.003600043201,300.003600043201,46586.6511711784,400618.555863072,3290604.61760741,5201.0818250196,0,
27.66301,97680.1712264132,15509.6159618964,997903.529059417,6901.90492575951,400.006400102402,500.010000200004,39963.7821963854,429762.99460889,3385604.93920227,4500.81014582625,0,
27.78924,105039.485206102,18012.9693379233,1031904.70240327,4400.77453631839,200.0016000128,300.003600043201,40866.6944453348,423142.788573009,3401300.64450924,3400.46246289495,100.0004000016,
27.9155,101510.508496359,19615.3784567101,1017817.00108234,6701.7960813498,300.003600043201,300.003600043201,42371.6929043942,419110.290469257,3317865.57945637,6301.58800017604,100.0004000016,
28.04178,99091.2121053921,18313.4054127621,1027134.84970891,6101.48876325823,300.003600043201,400.006400102402,52208.8031457558,419213.671876589,3145212.82107964,4200.70571856072,0,
28.16809,93548.7497390271,15709.8657957197,995848.982834421,5201.0818250196,600.014400345608,500.010000200004,51505.8961224277,431522.066423067,3349256.99007032,5501.21026625858,0,
28.29423,106753.917657881,15309.3693340324,1057735.60362223,7001.96054895371,200.0016000128,300.003600043201,50401.4076321559,425314.663694278,3536779.36400103,4300.73972723308,100.0004000016,
28.42054,99695.9924821391,16110.3750815525,1017058.86515671,8302.75651516303,500.010000200004,0,48694.6624237518,408466.507575788,3356691.79784731,4100.67251029169,0,
28.54678,92541.2922859506,13607.4024269202,995848.982834421,5101.04061228491,700.019600548815,200.0016000128,49497.8076679519,417042.838900682,3346778.72081133,5301.12383825371,0,
28.67304,100502.411656272,17311.9798900839,1076217.65505962,6701.7960813498,300.003600043201,400.006400102402,58134.8729051399,415905.883883876,3482257.44030311,5701.29989637637,100.0004000016,
28.79924,98587.2507208314,16110.3750815525,1024858.94526452,7102.01697282028,300.003600043201,400.006400102402,55523.0390545449,412185.651263494,3550822.88980201,5501.21026625858,0,
28.92548,96974.7102805239,14608.5313823273,1029302.74786143,6401.6388195378,600.014400345608,300.003600043201,53916.0272907297,403509.342394596,3254256.66847547,5301.12383825371,100.0004000016,
29.05179,95563.9073592239,16410.7654621432,971111.812908266,6901.90492575951,300.003600043201,100.0004000016,57733.0168708705,409706.101175351,3153473.71860963,4500.81014582625,100.0004000016,
29.17806,103829.438557875,16611.0297237366,1023558.60713587,6101.48876325823,300.003600043201,100.0004000016,65068.9189134994,398347.685092999,3383952.75969627,4700.88376614804,0,
29.3043,91231.7185285699,15109.1259120509,990659.996423685,6001.44034568296,900.032401166442,500.010000200004,60847.7383086133,411875.681038268,3268300.19427645,5301.12383825371,100.0004000016,
29.43052,98486.4608724635,16510.8971921468,1008072.90582997,5601.25468104855,200.0016000128,300.003600043201,59039.0961104362,406813.904234605,3371561.41340129,4600.84655576626,200.0016000128,
29.55678,98284.883604194,16611.0297237366,1024425.484783,6301.58800017604,400.006400102402,0,62355.1395872932,413012.27550145,3458300.83746615,5601.25468104855,100.0004000016,
29.68301,99192.0068109167,14908.8856958747,1041232.64612256,5901.39272868397,200.0016000128,300.003600043201,56025.2725093309,411565.718374798,3346778.72081133,4300.73972723308,0,
29.80926,97277.0458296357,13307.0793662228,995092.126606497,5901.39272868397,0,200.0016000128,55322.1513100927,425521.528297588,3285648.07908942,5501.21026625858,100.0004000016,
29.93558,91634.6497408536,13307.0793662228,1006990.67909454,5701.29989637637,700.019600548815,400.006400102402,54920.3854849831,413528.942959843,3110517.0514537,3300.43565750679,0,
30.06178,88915.1151681559,15309.3693340324,1002879.03876717,6601.74286011507,400.006400102402,200.0016000128,59842.904856798,402270.353315098,3437648.59364118,7102.01697282028,0,
30.18811,96067.7473368053,16010.246557797,1028869.13933982,5601.25468104855,400.006400102402,400.006400102402,54518.6325444167,409602.797089076,3402126.73426224,4900.9605882753,0,
30.31442,95261.6130832641,14007.84439286,1015326.14894086,7302.132222609,300.003600043201,100.0004000016,51907.5524486736,396386.805256443,3207169.55255454,6201.53798141939,300.003600043201,
30.44073,86498.2459520426,12706.4548790786,1005583.91897908,5601.25468104855,500.010000200004,200.0016000128,54719.5074041707,422418.912652636,3492996.6070921,5601.25468104855,200.0016000128,
30.56708,94556.2880935365,14408.2991803279,1036567.83879824,6701.7960813498,500.010000200004,100.0004000016,61651.6630912044,445292.62086514,3450039.93993617,5201.0818250196,0,
30.69341,92440.5509898466,13106.8679988314,1027785.18123667,6601.74286011507,100.0004000016,300.003600043201,57331.1737254839,387824.405620255,2910603.33122801,5701.29989637637,0,
30.81972,86196.1700402583,14107.9568876847,980072.2453849,5701.29989637637,100.0004000016,100.0004000016,57331.1737254839,422108.692734158,3520257.56894106,4500.81014582625,100.0004000016,
30.94603,93448.0003533157,14408.2991803279,1049915.80667211,5201.0818250196,300.003600043201,200.0016000128,55221.7086458555,416009.239227679,3440952.95265318,6501.69043951427,200.0016000128,
31.07234,96067.7473368053,12906.6598364756,1023016.83793281,6501.69043951427,200.0016000128,300.003600043201,56025.2725093309,417042.838900682,3431039.87561719,5001.00020004001,100.0004000016,
31.19858,92944.2655596329,15609.7404780583,986769.615853177,4900.9605882753,500.010000200004,500.010000200004,54217.3262941004,419937.365274332,3432692.05512319,5101.04061228491,100.0004000016,
31.32486,89418.6882047618,13106.8679988314,984068.647830642,5301.12383825371,500.010000200004,100.0004000016,49899.3996040112,424487.238941365,3449213.85018317,4600.84655576626,0,
31.45113,87102.4196008542,14508.4148806308,1020200.00166529,6301.58800017604,600.014400345608,100.0004000016,51204.6623298021,430590.762795656,3362474.4261183,5201.0818250196,100.0004000016,
31.57739,86196.1700402583,11305.1099096792,998119.815974909,5301.12383825371,300.003600043201,500.010000200004,49799.0004128207,407433.605294503,3243517.50168649,5701.29989637637,100.0004000016,
31.7037,93649.4999337528,13707.5117164206,988714.660545805,5301.12383825371,200.0016000128,200.0016000128,48192.7227986646,407123.750985796,3198082.56527156,5901.39272868397,0,
31.82994,87303.8172841488,14808.7667899396,974254.153529608,4800.92177698118,600.014400345608,200.0016000128,44378.6389482162,392259.62671347,3179908.59070559,5701.29989637637,0,
31.95628,89720.8417300266,14208.0701838644,950730.98019025,5301.12383825371,500.010000200004,400.006400102402,45582.960989,399173.409300568,3226995.70662651,4700.88376614804,0,
32.08253,84283.191523519,15309.3693340324,973702.146051166,5801.34591225164,500.010000200004,0,45683.3263873305,419213.671876589,3514474.94067006,5401.16665199683,100.0004000016,
32.20885,88713.6916135455,14208.0701838644,969601.023825551,5101.04061228491,600.014400345608,200.0016000128,41167.6796653699,392981.786122024,3168343.33416361,5601.25468104855,0,
32.33508,80357.4653188817,15509.6159618964,935331.806260997,4800.92177698118,300.003600043201,200.0016000128,45281.8696202735,397005.997756936,3419474.61907521,6501.69043951427,500.010000200004,
32.46134,86296.8612025367,13507.2939387269,969493.117045544,5301.12383825371,400.006400102402,300.003600043201,47289.282164727,406297.509776343,3144386.73132664,5401.16665199683,300.003600043201,
32.58769,86196.1700402583,12806.5569571621,952670.633618882,4800.92177698118,500.010000200004,100.0004000016,42070.6787402837,403922.365613251,3200560.83453055,4600.84655576626,100.0004000016,
32.71392,87404.517338407,12606.3536022155,932747.95889633,5901.39272868397,600.014400345608,400.006400102402,38659.6905622281,389887.10640597,3280691.54057143,4500.81014582625,0,
32.84015,80659.4006324339,12005.7627661277,949761.262196388,5801.34591225164,500.010000200004,200.0016000128,43074.0874303803,405368.052648052,3344300.45155233,5501.21026625858,0,
32.9663,81867.2145884166,10404.3282005314,1002013.59593287,5201.0818250196,300.003600043201,200.0016000128,43375.1257177431,408569.802422961,3359170.06710631,4800.92177698118,200.0016000128,
33.09259,87203.1180383011,11605.3848985929,947822.043608948,4200.70571856072,500.010000200004,500.010000200004,47891.5686793148,399276.628601617,3357517.88760031,4600.84655576626,0,
33.21888,87404.517338407,13407.186251831,991957.048810816,5801.34591225164,700.019600548815,500.010000200004,47188.9038949381,425521.528297588,3317865.57945637,3900.60849492521,0,
33.34516,84081.8423355086,13006.7635170289,1116758.75510386,4900.9605882753,0,300.003600043201,44278.2840061228,391434.351969969,3253430.57872247,4900.9605882753,0,
33.47144,85994.790140602,10604.4963064339,912535.862949634,5101.04061228491,500.010000200004,200.0016000128,44880.4257228954,404645.188563438,3200560.83453055,5301.12383825371,200.0016000128,
33.59764,87102.4196008542,11905.6670975384,964569.374781843,4200.70571856072,300.003600043201,300.003600043201,48795.0527627819,403406.088688371,3446735.58092417,6301.58800017604,0,
33.72388,83377.145632081,14408.2991803279,942221.484310144,6201.53798141939,0,200.0016000128,41769.6718125834,374218.981539748,2925472.94678198,5001.00020004001,0,
33.85017,86598.9395392896,12906.6598364756,937484.437509337,4000.64010241639,300.003600043201,0,45683.3263873305,385452.714009521,3190647.75749457,4400.77453631839,100.0004000016,
33.97643,87102.4196008542,12606.3536022155,945990.825497644,5201.0818250196,300.003600043201,100.0004000016,46586.6511711784,392775.450670979,3032038.52491882,5901.39272868397,0,
34.10271,82873.815085041,12406.1534521122,946421.677093669,6701.7960813498,400.006400102402,400.006400102402,44478.9946945776,384421.681951473,3174952.05218759,3700.5476810568,0,
34.22902,90728.0727109227,13507.2939387269,928553.352665663,5601.25468104855,200.0016000128,100.0004000016,49297.0165285281,377928.105344795,2986603.58850389,5501.21026625858,100.0004000016,
34.35529,80659.4006324339,14208.0701838644,917048.856747141,6001.44034568296,500.010000200004,0,47590.4218014227,376279.472010979,3064256.02528577,5201.0818250196,100.0004000016,
34.48152,81363.9446364005,13907.7326993809,915114.524074105,6201.53798141939,600.014400345608,200.0016000128,44780.0667593657,388546.312770642,3062603.84577977,5501.21026625858,0,
34.60772,84786.578635789,14908.8856958747,960971.314165137,5401.16665199683,500.010000200004,300.003600043201,48493.8841597332,394529.408896618,3184865.12922358,3900.60849492521,100.0004000016,
34.73396,80458.109615647,13206.9732818928,909919.551848028,5201.0818250196,400.006400102402,300.003600043201,46586.6511711784,381019.870292836,3084908.26911074,5801.34591225164,100.0004000016,
34.86016,84182.5165254594,14408.2991803279,925864.472024955,5601.25468104855,400.006400102402,100.0004000016,49698.6020264204,375558.26228177,2964299.16517292,6601.74286011507,0,
34.98644,81867.2145884166,14308.184281409,927155.065129014,6301.58800017604,600.014400345608,300.003600043201,50301.0044168691,385555.82182183,3008081.92208185,5201.0818250196,100.0004000016,
35.11269,87505.2182010854,12806.5569571621,944159.865837561,5401.16665199683,300.003600043201,100.0004000016,53614.7355340429,389371.399787136,3092343.07688772,3800.57768780855,0,
35.23892,91231.7185285699,14508.4148806308,957413.229559056,4900.9605882753,100.0004000016,400.006400102402,51204.6623298021,375352.209888673,2996516.66553987,4500.81014582625,0,
35.36516,80458.109615647,10904.7544729502,945021.461721753,4800.92177698118,400.006400102402,100.0004000016,60747.2513372415,394323.048293908,3270778.46353545,5501.21026625858,0,
35.4914,86196.1700402583,16110.3750815525,1010995.36796194,3500.49006860961,500.010000200004,200.0016000128,53614.7355340429,362480.572339882,3130343.20552566,4400.77453631839,0,
35.61759,83175.8109892403,13307.0793662228,944267.562193598,5501.21026625858,0,300.003600043201,55924.8242076314,375970.377107221,3093995.25639372,4200.70571856072,0,
35.74383,89217.2565643428,13006.7635170289,913825.129361815,5901.39272868397,400.006400102402,400.006400102402,57130.2569859279,360628.132037574,2804863.84284417,4900.9605882753,0,
35.86998,83880.4963798944,11104.9305891816,956227.418082146,5301.12383825371,200.0016000128,600.014400345608,62958.150874998,390402.833975203,3093169.16664072,4800.92177698118,0,
35.99621,79250.4313631074,13407.186251831,939637.426123913,5301.12383825371,400.006400102402,200.0016000128,59742.4259434492,385658.930471726,2924646.85702899,4900.9605882753,0,
36.12243,87001.7219717982,14007.84439286,939852.744643939,5401.16665199683,800.025600819226,600.014400345608,60043.8651007815,369275.169365281,3124560.57725467,4800.92177698118,0,
36.24872,87404.517338407,14808.7667899396,953209.47769685,6601.74286011507,100.0004000016,200.0016000128,62254.6405270692,358775.96231483,3165038.97515161,5201.0818250196,0,
36.37498,87102.4196008542,11705.4781637807,950192.239024107,5001.00020004001,0,700.019600548815,68185.4644633403,382669.11964781,3083256.08960474,5401.16665199683,100.0004000016,
36.50122,96470.8338854557,16611.0297237366,1030495.24579035,5101.04061228491,400.006400102402,100.0004000016,75628.0943325068,386277.599961007,3173299.8726816,4500.81014582625,0,
36.62744,90929.5286116888,15309.3693340324,1014026.76323073,4700.88376614804,300.003600043201,600.014400345608,84283.191523519,389680.82124446,3054342.94824978,3600.51847466035,0,
36.75365,96470.8338854557,16010.246557797,978776.378849535,6201.53798141939,200.0016000128,500.010000200004,74018.5026197335,358673.071929369,2856081.40753009,3900.60849492521,100.0004000016,
36.87986,94153.2630429371,12806.5569571621,926724.85315103,6701.7960813498,600.014400345608,300.003600043201,71705.0765188439,372776.837293516,2915559.869746,4800.92177698118,300.003600043201,
37.00616,88008.734641121,13507.2939387269,959030.419830207,5901.39272868397,100.0004000016,400.006400102402,76432.9676855054,367524.697822046,3010560.19134085,5601.25468104855,0,
37.1324,94858.5653771255,16010.246557797,985040.931636476,6301.58800017604,700.019600548815,400.006400102402,86095.4796862833,376382.50531889,2969255.70369092,4100.67251029169,0,
37.25868,100804.83220614,16310.634533716,999309.458340787,7202.07419736884,100.0004000016,600.014400345608,90123.7244181099,372879.842160389,2880038.01036706,5101.04061228491,0,
37.38492,90224.4471118141,16210.5044068556,960863.479088005,7802.43435952017,300.003600043201,700.019600548815,89620.1230796405,363098.112579691,2927125.12628798,4700.88376614804,0,
37.51119,94657.0463789414,13607.4024269202,989903.442310731,5401.16665199683,300.003600043201,300.003600043201,85289.9859522376,374734.072786917,2813950.83012716,3900.60849492521,0,
37.63746,95160.8499429838,13807.6218072376,936946.246197644,6201.53798141939,300.003600043201,300.003600043201,89317.9719802497,358775.96231483,2842037.88172911,4300.73972723308,0,
37.76375,95966.977722812,16310.634533716,1007748.22835219,7502.25067520256,100.0004000016,300.003600043201,92642.0343909715,362068.895552913,2955212.17788994,5401.16665199683,100.0004000016,
37.88999,97982.523772809,15509.6159618964,1003203.59468287,8402.82334864514,200.0016000128,500.010000200004,95463.1417913744,377103.761901862,2902342.43369802,7202.07419736884,0,
38.0162,98587.2507208314,14708.648685427,980936.228233172,5701.29989637637,400.006400102402,100.0004000016,98184.0961842729,366495.121515658,2780907.24000721,5301.12383825371,100.0004000016,
38.14241,101409.695168481,14608.5313823273,989471.145449555,5901.39272868397,0,0,100199.998393587,382978.377763699,2880038.01036706,4900.9605882753,0,
38.26864,102216.224466026,15910.1188355794,1011861.40880241,6301.58800017604,500.010000200004,300.003600043201,109477.321120084,381947.546682478,2923820.76727599,5601.25468104855,0,
38.39494,104535.284926434,15709.8657957197,969924.749546046,7602.31110257518,500.010000200004,500.010000200004,108872.069292452,374115.965799752,3027908.07615382,4700.88376614804,0,
38.52119,102317.044272455,16911.4321281186,1010995.36796194,6301.58800017604,400.006400102402,800.025600819226,113613.989689355,362583.493624861,2864342.30506008,5401.16665199683,100.0004000016,
38.64748,101611.322634023,16611.0297237366,995416.488164807,7202.07419736884,200.0016000128,600.014400345608,114118.554712614,368142.4837238,3019647.17862384,7001.96054895371,100.0004000016,
38.7738,101409.695168481,19615.3784567101,1042317.72460978,7602.31110257518,400.006400102402,400.006400102402,119872.029323934,366803.985632242,2797429.03506718,5701.29989637637,0,
38.9001,94556.2880935365,17512.2585810067,1016192.47819843,7001.96054895371,300.003600043201,0,122093.373796652,365568.574292707,2906472.88246301,6201.53798141939,0,
39.02642,105644.552275977,18313.4054127621,1053390.69247828,9003.24116682005,600.014400345608,200.0016000128,121588.488283291,370304.971362,3045255.9609668,7402.19104855037,100.0004000016,
39.15268,111394.144424668,17512.2585810067,1024061.58708954,7001.96054895371,300.003600043201,300.003600043201,130477.438862574,354455.28488266,2894081.53616803,7202.07419736884,200.0016000128,
39.27893,108165.979037694,14608.5313823273,981368.241206866,6001.44034568296,400.006400102402,300.003600043201,127042.326000257,364127.413143082,2836255.25345812,5001.00020004001,100.0004000016,
39.40517,104736.962608001,16310.634533716,1028652.34049642,6301.58800017604,300.003600043201,200.0016000128,126638.256814344,359187.532206168,2869298.84357807,5501.21026625858,100.0004000016,
39.53147,102518.68631491,17311.9798900839,1006233.17396714,8102.62525058119,0,600.014400345608,134014.565664121,357335.572893211,2941994.74184196,6001.44034568296,100.0004000016,
39.65776,110284.368948421,15509.6159618964,1028218.75364395,6901.90492575951,200.0016000128,200.0016000128,133307.060649686,379783.073918111,2870951.02308407,4800.92177698118,100.0004000016,
39.78408,105543.705738926,17512.2585810067,1032229.98329772,6701.7960813498,100.0004000016,200.0016000128,135227.524079548,363201.038876715,2790820.31704319,6501.69043951427,100.0004000016,
39.91023,109981.719933308,15109.1259120509,1001148.21070498,7502.25067520256,500.010000200004,100.0004000016,128456.670499594,340680.103308885,3032038.52491882,6501.69043951427,0,
40.03654,99494.3957848913,17612.3991289868,997903.529059417,7802.43435952017,700.019600548815,300.003600043201,134924.273500149,372055.826641876,2941168.65208896,5401.16665199683,0,
40.16286,108569.454320482,16410.7654621432,1050132.95987863,6601.74286011507,500.010000200004,1200.05760276493,138058.215720738,366906.942009221,3025429.80689483,6001.44034568296,0,
40.28908,112907.632716694,16410.7654621432,1040581.64243157,8002.56081946223,600.014400345608,200.0016000128,143519.207637193,367524.697822046,2875081.47184906,4900.9605882753,100.0004000016,
40.41539,104434.447300771,17311.9798900839,1024100.39889741,7802.43435952017,700.019600548815,0,142811.167431008,353941.016591619,3078299.55108675,5801.34591225164,300.003600043201,
40.54162,105745.399623213,19114.6035571176,1006124.96255118,7902.49718911176,0,500.010000200004,139777.161015245,358878.853535231,3017994.99911784,5401.16665199683,100.0004000016,
40.6679,116237.949229032,17812.6826300326,1084488.70228625,6601.74286011507,600.014400345608,300.003600043201,145137.735006457,346126.70630125,2975038.33196191,6301.58800017604,0,
40.79417,111293.251691497,19615.3784567101,993038.024695466,7602.31110257518,300.003600043201,400.006400102402,139878.282765306,367627.660049436,2822211.72765714,5701.29989637637,200.0016000128,
40.92029,115834.227457032,15609.7404780583,1007315.33765818,6201.53798141939,200.0016000128,100.0004000016,139777.161015245,368142.4837238,2766863.71420623,4700.88376614804,0,
41.04652,104031.1048987,17912.8255831175,985365.042408116,6901.90492575951,400.006400102402,700.019600548815,153031.040852547,358158.632525794,2874255.38209606,6201.53798141939,100.0004000016,
41.1728,106854.773917794,16110.3750815525,1045790.58350906,8002.56081946223,100.0004000016,600.014400345608,137957.108612063,386690.063040229,3006429.74257586,6101.48876325823,0,
41.29907,117752.021476683,17912.8255831175,1062108.93217005,6601.74286011507,300.003600043201,300.003600043201,130881.631537045,371437.850125842,3027908.07615382,5701.29989637637,100.0004000016,
41.42536,112504.018000643,18213.259252736,1003311.78178853,5401.16665199683,300.003600043201,300.003600043201,137653.7921659,346846.244002936,3047734.23022579,7602.31110257518,100.0004000016,
41.55159,108468.584284107,19915.8530190031,1031579.42963768,5901.39272868397,400.006400102402,200.0016000128,134418.872128141,377618.970277733,2992386.21677488,6001.44034568296,0,
41.67787,111091.46865734,16210.5044068556,1028435.54526449,7902.49718911176,0,800.025600819226,131487.944927863,360731.038288617,2787515.9580312,6001.44034568296,200.0016000128,
41.80414,106350.500721054,16510.8971921468,1013485.3908266,7502.25067520256,300.003600043201,100.0004000016,128052.555824482,364024.479327306,2805689.93259717,5501.21026625858,100.0004000016,
41.93034,103022.805594158,18213.259252736,1006990.67909454,7302.132222609,200.0016000128,400.006400102402,124113.118806906,367524.697822046,2865994.48456608,6301.58800017604,0,
42.05666,101611.322634023,16811.2971917128,990659.996423685,7502.25067520256,100.0004000016,300.003600043201,130881.631537045,357644.213994174,2953559.99838394,5301.12383825371,0,
42.18288,108569.454320482,17211.841747122,1032880.56947447,5301.12383825371,300.003600043201,300.003600043201,126032.177401848,366598.075385471,2980820.9602329,6301.58800017604,0,
42.30915,110486.139011651,19114.6035571176,1009371.69680979,5101.04061228491,100.0004000016,100.0004000016,116944.493562025,370613.928264082,3098951.79491171,7202.07419736884,100.0004000016,
42.43539,108569.454320482,18914.2992102029,1028760.73946668,5601.25468104855,500.010000200004,400.006400102402,132397.469871282,366289.216283128,2908951.15172201,7402.19104855037,100.0004000016,
42.56165,108569.454320482,18313.4054127621,1028977.54011586,6901.90492575951,500.010000200004,200.0016000128,119569.149149954,364847.973247188,2933733.84431197,6301.58800017604,0,
42.68788,99796.7920451716,17812.6826300326,976940.789200243,4700.88376614804,300.003600043201,100.0004000016,124517.106781208,383493.824703622,3136951.92354965,9003.24116682005,200.0016000128,
42.81413,110990.578356335,17512.2585810067,1029519.55753981,8102.62525058119,200.0016000128,400.006400102402,114724.059503813,368451.387958712,2827994.35592814,6501.69043951427,100.0004000016,
42.94032,102014.587282717,15309.3693340324,948145.226579204,5901.39272868397,500.010000200004,200.0016000128,119670.1083964,371540.844121312,2857733.58703609,6701.7960813498,0,
43.06664,109779.957976272,18012.9693379233,1009912.89800369,5901.39272868397,500.010000200004,100.0004000016,107863.381085142,374837.093545859,3123734.48750167,8002.56081946223,100.0004000016,
43.19287,105442.860012051,14608.5313823273,989255.002411803,6301.58800017604,200.0016000128,100.0004000016,111696.82748867,355895.34709178,2873429.29234307,7902.49718911176,100.0004000016,
43.31917,97377.8259647432,17111.7044058136,1002446.31014886,6201.53798141939,500.010000200004,700.019600548815,108367.715058191,374631.052864491,3122082.30799568,6501.69043951427,200.0016000128,
43.44537,104535.284926434,18313.4054127621,1026267.79155666,5701.29989637637,100.0004000016,100.0004000016,104131.939284151,369481.123076486,3046908.14047279,6601.74286011507,200.0016000128,
43.57155,104131.939284151,16711.163056922,1014135.04041556,6201.53798141939,500.010000200004,100.0004000016,104232.774479639,370407.956159935,3093169.16664072,7202.07419736884,0,
43.69785,103829.438557875,17311.9798900839,1013268.84817408,7402.19104855037,200.0016000128,500.010000200004,98385.6718335877,361245.58207102,2956864.35739593,6201.53798141939,0,
43.82415,95966.977722812,15709.8657957197,927477.733482123,5801.34591225164,500.010000200004,200.0016000128,94556.2880935365,355689.613903843,2802385.57358518,6501.69043951427,100.0004000016,
43.95042,94657.0463789414,18814.1482394761,1005151.10032995,6001.44034568296,400.006400102402,200.0016000128,97478.6069092355,394426.22817603,3060125.57652077,8803.09869073914,100.0004000016,
44.07662,98688.0413787011,16811.2971917128,1006449.59950068,5801.34591225164,600.014400345608,500.010000200004,86800.3291388203,372673.833262966,2882516.27962605,5901.39272868397,100.0004000016,
44.20285,98587.2507208314,13507.2939387269,972083.127288141,4700.88376614804,600.014400345608,700.019600548815,87404.517338407,359290.426766427,2922168.58776999,6301.58800017604,0,
44.32908,92239.0708243503,14308.184281409,957844.460595992,4500.81014582625,200.0016000128,300.003600043201,80156.1791485588,363921.546346987,3153473.71860963,5601.25468104855,0,
44.45535,91030.2577752084,13807.6218072376,975861.151748903,5701.29989637637,300.003600043201,400.006400102402,80659.4006324339,377309.842741886,3060951.66627377,6801.85010322808,0,
44.58153,92642.0343909715,12105.8592358702,981260.236616533,6001.44034568296,400.006400102402,400.006400102402,79552.3400225515,381329.088221439,3153473.71860963,6701.7960813498,100.0004000016,
44.70782,96370.061034372,13607.4024269202,996390.790667356,7302.132222609,100.0004000016,100.0004000016,81967.871002436,376176.439539737,3004777.56306986,8402.82334864514,300.003600043201,
44.83411,92642.0343909715,17712.5404786589,959030.419830207,6201.53798141939,400.006400102402,400.006400102402,74823.2726455744,382669.11964781,3049386.40973179,7902.49718911176,100.0004000016,
44.96039,95563.9073592239,13307.0793662228,971327.654269686,6501.69043951427,300.003600043201,100.0004000016,73917.9099986761,393394.467084066,3246821.86069848,7202.07419736884,0,
45.0866,90929.5286116888,16010.246557797,1007856.45327741,4800.92177698118,300.003600043201,100.0004000016,76533.5804876483,399792.73769126,3147691.09033864,7702.37233067785,100.0004000016,
45.21292,94354.7739500522,12606.3536022155,984500.764983703,6201.53798141939,400.006400102402,300.003600043201,64867.8780684411,401237.954732962,3327778.65649236,9703.76506084361,0,
45.33924,81565.2501936297,14007.84439286,955149.50166113,4900.9605882753,400.006400102402,500.010000200004,59139.5693837456,389371.399787136,3173299.8726816,7802.43435952017,100.0004000016,
45.46556,86397.5531731283,12406.1534521122,974673.654200209,6601.74286011507,200.0016000128,400.006400102402,53715.1653144341,376382.50531889,3109690.9617007,6901.90492575951,0,
45.59186,84484.5439440034,14608.5313823273,931135.202864457,6801.85010322808,400.006400102402,300.003600043201,61852.6523459899,387205.660737569,3309604.68192638,7702.37233067785,0,
45.7181,87102.4196008542,14208.0701838644,991548.401293473,4500.81014582625,400.006400102402,100.0004000016,58335.8057557995,382256.787215465,3264169.74551146,6901.90492575951,0,
45.84438,79652.977857676,13707.5117164206,975213.412353396,5801.34591225164,100.0004000016,100.0004000016,56025.2725093309,404232.141840974,3087386.53836973,7302.132222609,0,
45.97063,80860.6948802941,13206.9732818928,955041.714943044,5501.21026625858,300.003600043201,100.0004000016,50903.435781508,388649.445715005,3215430.45008453,5801.34591225164,0,
46.09691,76533.5804876483,13607.4024269202,921240.901644444,4100.67251029169,400.006400102402,500.010000200004,55824.3767113128,400721.786910297,3261691.47625246,5601.25468104855,100.0004000016,
46.22322,78948.529972353,10804.6676164103,941898.448882008,4800.92177698118,200.0016000128,100.0004000016,47991.9525811455,376176.439539737,3049386.40973179,7302.132222609,100.0004000016,
46.34948,73817.3181847359,11605.3848985929,914684.711579925,4400.77453631839,300.003600043201,300.003600043201,51104.2526754579,388236.91896481,3089864.80762873,7602.31110257518,0,
46.4757,79753.6165004715,11905.6670975384,946637.108257673,6101.48876325823,500.010000200004,300.003600043201,47188.9038949381,372673.833262966,3323648.20772736,6101.48876325823,0,
46.60189,73113.1980856177,11605.3848985929,936408.077219949,3700.5476810568,300.003600043201,500.010000200004,51204.6623298021,389783.963406212,3263343.65575846,7102.01697282028,0,
46.72812,79250.4313631074,11205.0198488923,957089.815683897,5401.16665199683,100.0004000016,400.006400102402,46787.3988610725,405574.59279945,3103082.24367671,6901.90492575951,0,
46.85435,76432.9676855054,11705.4781637807,949653.520226198,3600.51847466035,200.0016000128,100.0004000016,43274.7788177972,380916.799324258,3154299.80836263,6301.58800017604,200.0016000128,
46.98051,67682.7434071994,10004.0016006403,928553.352665663,4500.81014582625,300.003600043201,0,46988.1497689666,373600.899646393,3125386.66700767,7702.37233067785,0,
47.10668,71906.2270592058,10304.2453490838,933609.958506224,5001.00020004001,0,300.003600043201,46787.3988610725,377309.842741886,3267474.10452345,7502.25067520256,100.0004000016,
47.23302,70297.1131051468,11705.4781637807,973810.087812257,5101.04061228491,300.003600043201,600.014400345608,42672.714305176,394632.590455681,3233604.4246505,7402.19104855037,0,
47.35925,67682.7434071994,10804.6676164103,932318.722719201,4700.88376614804,400.006400102402,200.0016000128,40766.3676465285,387515.029408897,2964299.16517292,8102.62525058119,200.0016000128,
47.48551,65571.5351359155,11104.9305891816,900616.227461284,4000.64010241639,500.010000200004,200.0016000128,40465.3920735909,391124.887771228,3138604.10305565,7802.43435952017,0,
47.61185,65973.6426273953,10504.4118529783,983636.54504939,4300.73972723308,200.0016000128,300.003600043201,42070.6787402837,388340.049395554,3248474.04020448,8202.69048247825,0,
47.73819,65571.5351359155,11605.3848985929,966687.855483957,5801.34591225164,200.0016000128,200.0016000128,43475.4734218603,417766.408693283,3162560.70589261,7702.37233067785,0,
47.86448,69291.5217661617,11205.0198488923,979640.275508889,4900.9605882753,100.0004000016,200.0016000128,41669.3377780627,398554.111111563,3062603.84577977,9503.61137232148,0,
47.9908,61953.1481823067,10604.4963064339,957305.424038541,4400.77453631839,100.0004000016,200.0016000128,42672.714305176,414975.723615189,3279865.45081843,7102.01697282028,100.0004000016,
48.11707,59240.0434627459,10804.6676164103,946421.677093669,3700.5476810568,100.0004000016,400.006400102402,37456.0342272039,372364.826189152,2981647.0499859,7902.49718911176,0,
48.24335,58335.8057557995,10204.1632986258,948468.41760012,5501.21026625858,500.010000200004,200.0016000128,41368.3404985035,397625.220451387,2995690.57578687,7702.37233067785,0,
48.36963,63259.6674005189,10404.3282005314,955041.714943044,4000.64010241639,400.006400102402,200.0016000128,39462.1924152464,393703.986608376,3036168.97368381,6401.6388195378,0,
48.49587,61450.6770601515,8903.16952835209,900294.227342423,6201.53798141939,0,400.006400102402,38559.381447429,376176.439539737,2952733.90863094,7001.96054895371,0,
48.62208,59440.9940378578,9703.76506084361,957197.619413492,4800.92177698118,300.003600043201,300.003600043201,43575.8219301585,396902.796910111,3207995.64230754,7602.31110257518,0,
48.74837,62053.6448245857,9403.53572943427,932426.320790337,4500.81014582625,200.0016000128,200.0016000128,38659.6905622281,378031.1520408,2832950.89444613,7302.132222609,200.0016000128,
48.87457,57431.6333035317,8703.02865397158,881310.381097119,4500.81014582625,300.003600043201,700.019600548815,39361.8768704403,362171.813496733,2872603.20259007,8102.62525058119,0,
49.00082,59139.5693837456,10404.3282005314,922961.107262991,3500.49006860961,900.032401166442,100.0004000016,42873.3992595323,373703.911204216,2960994.80616093,7502.25067520256,0,
49.12709,64063.7469371714,9203.38684635946,969924.749546046,4100.67251029169,500.010000200004,300.003600043201,44278.2840061228,397109.199442483,3287300.25859542,7802.43435952017,0,
49.25328,65068.9189134994,9703.76506084361,999201.304535925,4400.77453631839,200.0016000128,0,36553.3679171591,400102.41321293,3164212.88539861,8202.69048247825,0,
49.37961,64968.3980878437,9903.92195309342,1031471.00718885,3400.46246289495,300.003600043201,0,38760.0004807442,382256.787215465,3072516.92281575,6901.90492575951,0,
49.50587,61350.1852535006,8903.16952835209,960432.147737704,5901.39272868397,400.006400102402,200.0016000128,39462.1924152464,394323.048293908,2994038.39628088,8703.02865397158,0,
49.63212,58536.7418289123,8703.02865397158,921348.407807095,5701.29989637637,600.014400345608,200.0016000128,39161.2481921726,381432.162538631,3017994.99911784,7502.25067520256,0,
49.75844,60747.2513372415,9603.68781612139,851119.109450884,3300.43565750679,300.003600043201,300.003600043201,40164.423735672,381122.942098552,2897385.89518003,7802.43435952017,0,
49.88462,62455.6394535182,10204.1632986258,1009912.89800369,4500.81014582625,200.0016000128,400.006400102402,45081.1460629132,389680.82124446,3228647.88613251,8903.16952835209,0,
50.01091,58034.4076882059,10504.4118529783,1009479.9352468,5601.25468104855,300.003600043201,200.0016000128,45382.2326054811,379061.665028871,2880038.01036706,7802.43435952017,100.0004000016,
50.13718,59641.9478358493,8302.75651516303,979532.285284362,4000.64010241639,300.003600043201,200.0016000128,40866.6944453348,374321.99811621,2768515.89371223,7202.07419736884,100.0004000016,
50.26345,55020.8257333103,13307.0793662228,954933.92912019,4500.81014582625,300.003600043201,500.010000200004,40565.7164606663,383803.102916091,2992386.21677488,6901.90492575951,0,
50.38963,54719.5074041707,9403.53572943427,1026828.66673176,3200.40965243551,300.003600043201,100.0004000016,42672.714305176,373806.923598452,2843690.06123511,7202.07419736884,0,
50.51583,54116.8924877736,7402.19104855037,987093.769750191,3600.51847466035,400.006400102402,100.0004000016,40064.1025641026,369275.169365281,2823863.90716314,8002.56081946223,200.0016000128,
50.64202,54217.3262941004,11104.9305891816,991740.864422921,4900.9605882753,100.0004000016,200.0016000128,39361.8768704403,367215.816154655,2947777.37011295,7302.132222609,0,
50.76817,59842.904856798,8302.75651516303,983096.436782087,4900.9605882753,700.019600548815,300.003600043201,39462.1924152464,368554.357708793,2954386.08813694,6801.85010322808,0,
50.8944,57733.0168708705,9203.38684635946,943944.475807791,3000.36004320518,600.014400345608,300.003600043201,43074.0874303803,356409.694668257,2857733.58703609,7502.25067520256,0,
51.02071,56226.1715289109,9003.24116682005,940498.721652223,5101.04061228491,300.003600043201,0,40365.0684904065,372776.837293516,2959342.62665493,8102.62525058119,0,
51.14699,57532.0936871056,8602.95941803981,1028543.94242903,4000.64010241639,300.003600043201,200.0016000128,40866.6944453348,376073.407905154,2997342.75529287,8302.75651516303,0,
51.27323,57632.5548762153,9303.46088745013,1013593.6635048,2800.31363512713,400.006400102402,300.003600043201,42271.354045629,360525.226621653,2866820.57431908,7102.01697282028,100.0004000016,
51.39954,53614.7355340429,8202.69048247825,950730.98019025,4400.77453631839,200.0016000128,500.010000200004,34948.7885087582,330717.852279359,2582645.69928752,6101.48876325823,300.003600043201,
51.52581,50602.2164772841,8903.16952835209,962157.559141795,3700.5476810568,500.010000200004,300.003600043201,36352.7842427204,370510.941793959,2829646.53543413,6401.6388195378,100.0004000016,
51.65208,57632.5548762153,8402.82334864514,1011861.40880241,3400.46246289495,400.006400102402,700.019600548815,45783.6925900546,356512.566687628,2956864.35739593,9003.24116682005,0,
51.77838,60646.7651717156,9903.92195309342,1064146.99344852,4400.77453631839,200.0016000128,300.003600043201,44278.2840061228,363098.112579691,2910603.33122801,7902.49718911176,0,
51.90461,58436.2733895444,10104.0820491479,1037652.52856851,3700.5476810568,400.006400102402,200.0016000128,43876.872280235,357849.978902269,2779255.06050121,7902.49718911176,0,
52.0309,51003.8438260298,7302.132222609,1001797.24422552,4400.77453631839,300.003600043201,300.003600043201,38057.8479288519,356306.823483591,2829646.53543413,8803.09869073914,200.0016000128,
52.1572,50702.6221071449,9503.61137232148,1046333.30138316,3100.38444767151,200.0016000128,400.006400102402,43375.1257177431,351369.988034153,2884994.54888505,9403.53572943427,200.0016000128,
52.28351,51807.1371596461,9203.38684635946,1047418.8049861,4300.73972723308,400.006400102402,700.019600548815,46084.7960246854,354969.574036511,2845342.24074111,8202.69048247825,0,
52.40974,54418.1963224123,7902.49718911176,1015651.01565102,4200.70571856072,500.010000200004,100.0004000016,44980.7854907414,355278.1575435,2929603.39554698,7902.49718911176,100.0004000016,
52.53601,54619.0695716662,8002.56081946223,989903.442310731,4400.77453631839,200.0016000128,200.0016000128,46687.0246138803,350136.079530475,2857733.58703609,7602.31110257518,0,
52.6622,54016.4594866532,9303.46088745013,1062407.99969976,4600.84655576626,100.0004000016,200.0016000128,45081.1460629132,360525.226621653,2829646.53543413,8803.09869073914,0,
52.78842,56828.8879177976,8703.02865397158,1069365.3673695,4000.64010241639,400.006400102402,400.006400102402,51003.8438260298,354455.28488266,3008908.01183485,9503.61137232148,0,
52.91468,52409.640968907,8202.69048247825,1008397.59141432,3800.57768780855,300.003600043201,200.0016000128,50100.2004008016,353426.76916212,2853603.1382711,6901.90492575951,100.0004000016,
53.04086,52510.0610880405,9603.68781612139,1024317.12191872,2700.2916314962,400.006400102402,100.0004000016,46787.3988610725,367112.857270418,2861037.94604808,7302.132222609,0,
53.167,53213.0244639615,7502.25067520256,1014243.31850175,3900.60849492521,600.014400345608,400.006400102402,51907.5524486736,346229.494900339,2839559.61247012,7602.31110257518,0,
53.29324,53313.4510237786,7001.96054895371,1028977.54011586,3600.51847466035,400.006400102402,200.0016000128,45281.8696202735,364333.283281049,2780907.24000721,6501.69043951427,100.0004000016,
53.41953,49096.2286080718,8002.56081946223,911891.277850101,3400.46246289495,500.010000200004,500.010000200004,50200.6020064209,343865.56802699,2698298.26470734,7702.37233067785,0,
53.54582,55723.9300203653,9303.46088745013,1054042.33677664,4500.81014582625,600.014400345608,100.0004000016,53614.7355340429,342632.389911605,2998168.84504587,8903.16952835209,200.0016000128,
53.67216,49598.2044448007,7202.07419736884,996714.01534846,4000.64010241639,500.010000200004,200.0016000128,47690.8032894631,336468.299010864,2636341.53323243,8803.09869073914,0,
53.79838,52811.3262757894,10904.7544729502,993038.024695466,4500.81014582625,400.006400102402,400.006400102402,44980.7854907414,354249.575062777,2731341.85482729,8803.09869073914,100.0004000016,
53.92465,52610.4820122257,9603.68781612139,1050458.69647673,4700.88376614804,700.019600548815,200.0016000128,52510.0610880405,353426.76916212,2905646.79271002,7001.96054895371,100.0004000016,
54.05093,56627.9792330667,8502.8909829342,1009371.69680979,4500.81014582625,400.006400102402,300.003600043201,46988.1497689666,344276.654068872,2890777.17715604,8703.02865397158,100.0004000016,
54.17713,52510.0610880405,8202.69048247825,1015651.01565102,3400.46246289495,600.014400345608,300.003600043201,46385.9066992069,332771.283581122,2754472.36791125,9203.38684635946,0,
54.30332,53413.8783887248,9403.53572943427,1025725.90954707,4900.9605882753,300.003600043201,100.0004000016,44880.4257228954,352295.498243593,2827994.35592814,8302.75651516303,0,
54.42959,53012.1737596755,9503.61137232148,1021933.36719654,4500.81014582625,400.006400102402,300.003600043201,41268.0096799526,341604.833150874,2816429.09938615,8002.56081946223,0,
54.55583,50803.0285418829,8102.62525058119,997687.245742619,3800.57768780855,100.0004000016,100.0004000016,49096.2286080718,337906.318665726,2954386.08813694,8703.02865397158,0,
54.68211,50501.811652291,7402.19104855037,1018900.12905374,3500.49006860961,1100.04840212969,0,40766.3676465285,343248.963967982,2734646.21383928,7802.43435952017,100.0004000016,
54.80835,45382.2326054811,8903.16952835209,993902.870142779,4900.9605882753,400.006400102402,0,43274.7788177972,449844.837457755,2804037.75309117,8703.02865397158,0,
54.93459,55020.8257333103,9403.53572943427,1077305.65105644,4400.77453631839,400.006400102402,300.003600043201,44780.0667593657,353323.922179493,2946951.28035995,9503.61137232148,0,
55.0609,51505.8961224277,7602.31110257518,1008181.13345734,5001.00020004001,200.0016000128,0,36954.5449082846,341604.833150874,2853603.1382711,10004.0016006403,0,
55.1871,49999.7996000016,8202.69048247825,980612.227931029,3900.60849492521,600.014400345608,400.006400102402,40164.423735672,346435.074599628,2842863.97148211,7602.31110257518,0,
55.31335,53413.8783887248,8402.82334864514,1034940.97358182,3500.49006860961,400.006400102402,400.006400102402,41468.6721210324,367215.816154655,2822211.72765714,7802.43435952017,100.0004000016,
55.43956,47590.4218014227,8102.62525058119,989687.292082502,5101.04061228491,0,400.006400102402,39361.8768704403,346537.865699848,2816429.09938615,7902.49718911176,0,
55.56585,52911.7496151873,5601.25468104855,1006666.02863646,4400.77453631839,300.003600043201,200.0016000128,39060.9350586916,335852.054838945,2707385.25199032,8002.56081946223,0,
55.69208,57331.1737254839,8402.82334864514,950730.98019025,4600.84655576626,400.006400102402,200.0016000128,35349.9140786791,362274.732275828,2802385.57358518,9703.76506084361,0,
55.81831,53916.0272907297,9403.53572943427,1034181.83938784,3700.5476810568,100.0004000016,500.010000200004,37556.3345017526,364127.413143082,3068386.47405076,9703.76506084361,0,
55.94456,51907.5524486736,7502.25067520256,1022041.71021022,4400.77453631839,500.010000200004,100.0004000016,36753.9548056547,327535.691563297,2742081.02161627,8903.16952835209,100.0004000016,
56.07092,45783.6925900546,9803.84310649775,936515.709228835,4500.81014582625,600.014400345608,500.010000200004,40766.3676465285,352398.336882669,2817255.18913915,8202.69048247825,0,
56.19724,51606.3089965329,10104.0820491479,957628.843286527,3700.5476810568,200.0016000128,400.006400102402,36252.4936107484,341707.585077181,2679298.20038837,9103.31360615264,0,
56.32355,48293.1091143725,8102.62525058119,965952.914602952,3600.51847466035,500.010000200004,200.0016000128,37957.5436361524,343043.435949006,2880038.01036706,9903.92195309342,300.003600043201,
56.44987,45984.4274087224,7802.43435952017,989687.292082502,4400.77453631839,300.003600043201,400.006400102402,37456.0342272039,352604.01666376,2941994.74184196,12306.0545788528,0,
56.57618,46787.3988610725,7602.31110257518,974565.705261408,3200.40965243551,100.0004000016,200.0016000128,39161.2481921726,371231.864643463,2881690.18987305,8903.16952835209,0,
56.70238,48493.8841597332,7001.96054895371,1012294.45084925,3600.51847466035,300.003600043201,700.019600548815,37656.6355799122,352706.857805794,2908125.06196901,9703.76506084361,0,
56.82854,47891.5686793148,7202.07419736884,1006774.24455522,3700.5476810568,200.0016000128,300.003600043201,35550.4816839913,343968.338287234,2836255.25345812,7802.43435952017,100.0004000016,
56.95485,46586.6511711784,7102.01697282028,995524.610483059,2900.33643902693,400.006400102402,400.006400102402,40967.0220480706,341913.091429568,2862690.12555408,10804.6676164103,0,
57.08113,44378.6389482162,6701.7960813498,980180.240098434,3900.60849492521,500.010000200004,300.003600043201,39361.8768704403,346743.450401492,2742081.02161627,6901.90492575951,100.0004000016,
57.20742,44177.9298682877,8602.95941803981,969385.211162265,3300.43565750679,100.0004000016,400.006400102402,42070.6787402837,341810.337836742,2863516.21530708,11705.4781637807,0,
57.33363,46486.2785329572,6201.53798141939,964853.973661252,3400.46246289495,900.032401166442,0,38659.6905622281,360936.85329611,2846168.33049411,8402.82334864514,100.0004000016,
57.45986,46887.7739127647,8102.62525058119,974565.705261408,2700.2916314962,500.010000200004,200.0016000128,40666.0416516423,346126.70630125,2799907.30432618,10004.0016006403,0,
57.58619,44880.4257228954,5301.12383825371,957844.460595992,3200.40965243551,400.006400102402,300.003600043201,41067.3504547458,344584.977352079,2798255.12482018,7402.19104855037,100.0004000016,
57.71243,44077.5765347011,7102.01697282028,962157.559141795,3000.36004320518,300.003600043201,300.003600043201,36753.9548056547,338830.846073698,2893255.44641503,7602.31110257518,0,
57.83868,46586.6511711784,6401.6388195378,943729.089354354,3900.60849492521,500.010000200004,200.0016000128,44278.2840061228,331231.178895234,2884168.45913205,9603.68781612139,200.0016000128,
57.96491,45984.4274087224,8202.69048247825,981692.260365656,2500.2500250025,0,500.010000200004,41569.0045475489,353838.165436836,2861864.03580108,8002.56081946223,0,
58.09118,47088.5264296878,7902.49718911176,970572.225200181,3200.40965243551,200.0016000128,600.014400345608,37857.2401471024,354763.855871352,3013038.46059985,7102.01697282028,100.0004000016,
58.21743,45884.059597182,5801.34591225164,1000823.70609501,3600.51847466035,200.0016000128,0,39161.2481921726,368245.450966226,2874255.38209606,8202.69048247825,0,
58.34364,42773.0563802976,7702.37233067785,987525.987525988,3100.38444767151,400.006400102402,400.006400102402,39763.1438724695,353941.016591619,2886646.72839104,8502.8909829342,0,
58.46996,41368.3404985035,5701.29989637637,953963.896998061,2300.21161946899,200.0016000128,600.014400345608,39662.8259162513,349724.803387534,2851124.8690121,8602.95941803981,0,
58.59623,39662.8259162513,6801.85010322808,940606.387614917,3900.60849492521,100.0004000016,300.003600043201,38459.0731363374,336673.72039663,2844516.15098811,7602.31110257518,100.0004000016,
58.7225,37756.9374616922,6601.74286011507,955041.714943044,4400.77453631839,500.010000200004,500.010000200004,44679.7086001427,352809.699782169,2944473.01110095,6101.48876325823,0,
58.84879,40967.0220480706,6101.48876325823,940068.066738607,3800.57768780855,500.010000200004,400.006400102402,39161.2481921726,339447.235162233,2807342.11210317,8502.8909829342,0,
58.97511,35349.9140786791,6901.90492575951,918912.560685238,3000.36004320518,600.014400345608,100.0004000016,40164.423735672,329999.229968023,2667732.94384639,6601.74286011507,0,
59.10147,37957.5436361524,7202.07419736884,919520.924310852,3000.36004320518,300.003600043201,500.010000200004,37957.5436361524,351267.157737612,2788342.0477842,7702.37233067785,100.0004000016,
59.22778,52710.9037414721,7302.132222609,974133.918478622,3000.36004320518,300.003600043201,400.006400102402,38960.6227289663,350650.193476162,2763559.35519424,6601.74286011507,0,
59.3541,38559.381447429,5901.39272868397,944698.356559027,3900.60849492521,400.006400102402,200.0016000128,38760.0004807442,348285.441972705,2866820.57431908,8202.69048247825,100.0004000016,
59.48041,38860.311202987,6301.58800017604,980480.0827246,3400.46246289495,200.0016000128,300.003600043201,39361.8768704403,369893.040530941,2952733.90863094,7502.25067520256,0,
59.60673,41468.6721210324,6301.58800017604,941360.074379068,3800.57768780855,400.006400102402,300.003600043201,37255.4360889003,342015.845855668,2704080.89297833,6401.6388195378,100.0004000016,
59.73296,37054.8411649241,4700.88376614804,914792.16336685,3900.60849492521,200.0016000128,200.0016000128,37957.5436361524,344482.202090818,2994864.48603388,8202.69048247825,0,
59.85924,29835.5639922788,5801.34591225164,957521.035975048,2600.27042812453,200.0016000128,300.003600043201,39361.8768704403,347668.622830747,2827994.35592814,7702.37233067785,0,
59.9855,35149.3496869605,5601.25468104855,879481.675783624,2700.2916314962,200.0016000128,100.0004000016,40365.0684904065,327535.691563297,2635515.44347944,7702.37233067785,0,
60.11176,37556.3345017526,8102.62525058119,969411.764155725,3900.60849492521,400.006400102402,100.0004000016,42873.3992595323,335646.646776495,2789994.2272902,7202.07419736884,0,
60.23807,34748.2305439951,5101.04061228491,988822.72712152,4000.64010241639,400.006400102402,400.006400102402,41468.6721210324,353118.230717432,2721428.7777913,8102.62525058119,0,
60.3643,33544.9502333126,5701.29989637637,895143.314081157,2600.27042812453,200.0016000128,100.0004000016,38358.7656289435,366495.121515658,2510775.89077663,8602.95941803981,0,
60.49059,30236.5257230735,5401.16665199683,985040.931636476,3600.51847466035,0,600.014400345608,41970.3422936842,348079.832256547,2984951.40899789,6501.69043951427,0,
60.61684,27430.063349431,4100.67251029169,987525.987525988,4100.67251029169,500.010000200004,400.006400102402,38459.0731363374,361039.762052581,2550428.19892057,7102.01697282028,100.0004000016,
60.74306,34447.3996218797,5401.16665199683,981368.241206866,3600.51847466035,100.0004000016,200.0016000128,36954.5449082846,351369.988034153,2613211.02014847,6201.53798141939,100.0004000016,
60.86938,29635.0879441258,4900.9605882753,891241.764263053,3600.51847466035,400.006400102402,100.0004000016,39462.1924152464,321789.29840412,2751994.09865225,8402.82334864514,0,
60.99555,30136.2840860396,5501.21026625858,951485.255404137,3900.60849492521,500.010000200004,900.032401166442,35650.7666917691,332052.54475667,2616515.37916047,7102.01697282028,200.0016000128,
61.12182,33244.1482288479,4600.84655576626,986877.666253649,3600.51847466035,400.006400102402,500.010000200004,42371.6929043942,315020.110251976,2790820.31704319,6901.90492575951,0,
61.24811,30537.255451651,4500.81014582625,1000499.20958482,3400.46246289495,600.014400345608,200.0016000128,39562.5087638469,343146.199541796,2765211.53470023,7702.37233067785,100.0004000016,
61.37438,30336.7681630136,5901.39272868397,987958.219679329,3200.40965243551,400.006400102402,200.0016000128,35650.7666917691,328767.400863204,2701602.62371933,6801.85010322808,0,
61.50062,28933.4470648069,3600.51847466035,985148.967662002,3200.40965243551,500.010000200004,200.0016000128,41769.6718125834,333900.812711538,2610732.75088948,5501.21026625858,0,
61.62683,32642.5659059413,4900.9605882753,958599.149388623,3300.43565750679,400.006400102402,100.0004000016,37957.5436361524,328048.889213088,2588428.32755851,6401.6388195378,0,
61.75311,29234.1454819229,4400.77453631839,963877.604871288,4600.84655576626,200.0016000128,100.0004000016,37556.3345017526,313277.117607511,2477732.30065668,7102.01697282028,0,
61.87934,31740.2466327303,4200.70571856072,936192.81588208,4400.77453631839,100.0004000016,200.0016000128,36753.9548056547,319327.356621713,2570254.35299254,6601.74286011507,0,
62.00568,29033.6790677186,5601.25468104855,978404.772992936,4200.70571856072,300.003600043201,300.003600043201,42271.354045629,328459.4623072,2453775.69781972,7302.132222609,0,
62.13202,30437.0114058695,4500.81014582625,975645.235027638,3300.43565750679,400.006400102402,400.006400102402,35851.3391176164,319942.797185233,2497558.45472865,8402.82334864514,0,
62.25826,33444.6820952793,5101.04061228491,995957.108750447,3500.49006860961,600.014400345608,900.032401166442,39161.2481921726,357438.452425388,2572732.62225153,5701.29989637637,0,
62.38448,32442.0448901777,3700.5476810568,988174.341147804,3000.36004320518,200.0016000128,500.010000200004,34948.7885087582,360113.613308988,2599993.58410049,7202.07419736884,0,
62.51072,26828.7604311822,5001.00020004001,965932.696302451,2600.27042812453,200.0016000128,400.006400102402,38760.0004807442,315840.425144098,2327383.96561092,5501.21026625858,0,
62.63701,29835.5639922788,5501.21026625858,959353.882065617,3400.46246289495,100.0004000016,200.0016000128,38358.7656289435,317686.3280443,2722254.8675443,7302.132222609,100.0004000016,
62.76333,30236.5257230735,4900.9605882753,1007964.67910333,4000.64010241639,200.0016000128,300.003600043201,38659.6905622281,309894.34637704,2427340.82572376,8202.69048247825,100.0004000016,
62.88964,28833.2158646761,4700.88376614804,927477.733482123,3400.46246289495,300.003600043201,400.006400102402,35951.6265357053,302619.327152747,2302601.27302096,4800.92177698118,0,
63.0159,34948.7885087582,4000.64010241639,1006767.33932568,3200.40965243551,600.014400345608,500.010000200004,40365.0684904065,335852.054838945,2548776.01941457,7602.31110257518,0,
63.14211,30236.5257230735,5701.29989637637,941360.074379068,3800.57768780855,200.0016000128,300.003600043201,38960.6227289663,306717.415070656,2571906.53249854,8002.56081946223,0,
63.26835,35951.6265357053,5101.04061228491,996822.148460572,3100.38444767151,500.010000200004,200.0016000128,39261.5621294189,318199.126623403,2588428.32755851,7102.01697282028,0,
63.39463,30336.7681630136,4000.64010241639,964098.921139762,3100.38444767151,100.0004000016,400.006400102402,38860.311202987,315635.341437037,2427340.82572376,6901.90492575951,0,
63.52078,32542.3049964954,5101.04061228491,981584.253081416,3000.36004320518,600.014400345608,400.006400102402,34647.952766629,318096.565245748,2559515.18620355,6601.74286011507,200.0016000128,
63.64701,32542.3049964954,5001.00020004001,899543.003189708,4300.73972723308,200.0016000128,100.0004000016,36753.9548056547,333284.693426722,2534732.49361359,6401.6388195378,100.0004000016,
63.7733,31740.2466327303,4000.64010241639,1149271.94089993,3400.46246289495,400.006400102402,200.0016000128,39763.1438724695,332155.219234604,2489297.55719866,6701.7960813498,0,
63.89954,31038.4877247787,4200.70571856072,938883.839452835,3900.60849492521,500.010000200004,100.0004000016,38057.8479288519,307434.716941404,2567776.08373354,5101.04061228491,0,
64.02587,30136.2840860396,5101.04061228491,1004610.09727805,2400.23042212052,600.014400345608,0,42472.032567234,320866.014131069,2626428.45619645,6601.74286011507,0,
64.15222,30136.2840860396,5701.29989637637,997687.245742619,3100.38444767151,400.006400102402,100.0004000016,39763.1438724695,313072.075428905,2533080.3141076,5801.34591225164,0,
64.27844,32041.0124959949,4400.77453631839,995416.488164807,3800.57768780855,500.010000200004,400.006400102402,37756.9374616922,291458.77087557,2804037.75309117,7302.132222609,0,
64.40467,31740.2466327303,4800.92177698118,970788.05759282,3400.46246289495,100.0004000016,200.0016000128,41268.0096799526,307434.716941404,2499210.63423465,6501.69043951427,100.0004000016,
64.53094,32742.827618525,4400.77453631839,1028001.96563471,3000.36004320518,600.014400345608,200.0016000128,35450.1974796312,299956.281675545,2579341.34027552,6201.53798141939,300.003600043201,
64.65713,39161.2481921726,5601.25468104855,1022041.71021022,2800.31363512713,300.003600043201,100.0004000016,43977.2240053534,304258.40303813,2275340.311172,8302.75651516303,0,
64.78334,33745.4889190629,4700.88376614804,994875.89006455,2900.33643902693,200.0016000128,400.006400102402,37355.7347562563,303541.281209388,2419906.01794677,5801.34591225164,100.0004000016,
64.90962,35851.3391176164,5301.12383825371,1070017.81103617,4200.70571856072,100.0004000016,0,37756.9374616922,286137.936893891,2481862.74942168,6201.53798141939,200.0016000128,
65.03589,28732.9854673165,5001.00020004001,1006774.24455522,2900.33643902693,500.010000200004,200.0016000128,33946.0308177889,318096.565245748,2400905.9536278,6701.7960813498,0,
65.16211,32341.7855869784,5601.25468104855,1020633.32139854,2900.33643902693,500.010000200004,100.0004000016,35249.6314811254,309279.394197088,2633863.26397344,6701.7960813498,100.0004000016,
65.28834,34046.302972042,5701.29989637637,1025445.12691065,2900.33643902693,600.014400345608,100.0004000016,36954.5449082846,300161.111425958,2511601.98052963,6001.44034568296,100.0004000016,
65.41465,35550.4816839913,6001.44034568296,1005800.33370643,5201.0818250196,500.010000200004,0,38459.0731363374,296781.844600857,2319123.06808093,6301.58800017604,0,
65.54088,34647.952766629,5101.04061228491,1028218.75364395,3100.38444767151,500.010000200004,300.003600043201,34146.5759295679,293301.119785027,2482688.83917467,6101.48876325823,0,
65.66725,36854.249455198,6201.53798141939,1037001.70386139,3300.43565750679,300.003600043201,500.010000200004,35149.3496869605,307742.144476838,2469471.4031267,8002.56081946223,0,
65.7934,33344.4147604609,5101.04061228491,1011753.15054354,2200.1936170383,300.003600043201,200.0016000128,44378.6389482162,327022.514709935,2557863.00669756,8903.16952835209,0,
65.91971,36854.249455198,5101.04061228491,1064038.29954044,4600.84655576626,0,300.003600043201,34647.952766629,296986.622953474,2479384.48016268,6301.58800017604,0,
66.04602,34046.302972042,5401.16665199683,1017835.65789455,3300.43565750679,200.0016000128,0,32943.3534531443,297805.769518775,2509123.71127063,5501.21026625858,0,
66.17225,37255.4360889003,6601.74286011507,1023016.83793281,3500.49006860961,300.003600043201,600.014400345608,39462.1924152464,301595.012549591,2528123.7755896,7102.01697282028,0,
66.29855,39060.9350586916,5501.21026625858,1012402.71361385,3900.60849492521,400.006400102402,700.019600548815,37857.2401471024,282353.321898968,2367036.27375486,6701.7960813498,100.0004000016,
66.42478,35550.4816839913,4700.88376614804,989255.002411803,3100.38444767151,500.010000200004,400.006400102402,33745.4889190629,291765.810388643,2397601.59461581,6801.85010322808,0,
66.55101,34547.6757925938,5401.16665199683,952117.51639186,3300.43565750679,500.010000200004,200.0016000128,33143.8825004306,285933.334142483,2386036.33807383,6501.69043951427,0,
66.67731,35751.0525029742,5901.39272868397,990551.914568016,3800.57768780855,500.010000200004,100.0004000016,37556.3345017526,302619.327152747,2453775.69781972,8102.62525058119,0,
66.80345,37556.3345017526,6501.69043951427,1039605.19792183,3300.43565750679,200.0016000128,400.006400102402,35650.7666917691,301287.734340527,2443036.53103074,6201.53798141939,0,
66.92968,39161.2481921726,7102.01697282028,1006233.17396714,3800.57768780855,400.006400102402,0,31940.756405173,291049.396454397,2375297.17128484,7001.96054895371,0,
67.05588,38057.8479288519,5401.16665199683,1066951.32154393,4400.77453631839,800.025600819226,600.014400345608,38057.8479288519,301492.585650613,2594210.9558295,9503.61137232148,0,
67.18207,37556.3345017526,5701.29989637637,1015651.01565102,4400.77453631839,600.014400345608,400.006400102402,37756.9374616922,316045.51217398,2567776.08373354,8602.95941803981,100.0004000016,
67.30835,45482.5963950534,7602.31110257518,1004826.49579762,4100.67251029169,300.003600043201,100.0004000016,37155.1382251261,300775.620577424,2443036.53103074,6301.58800017604,0,
67.43459,45783.6925900546,5601.25468104855,984824.862280428,3000.36004320518,100.0004000016,300.003600043201,36252.4936107484,289002.723119813,3089864.80762873,8202.69048247825,0,
67.56085,38860.311202987,6901.90492575951,1023666.96368345,3000.36004320518,500.010000200004,100.0004000016,37556.3345017526,289207.375546753,2241470.63129905,6901.90492575951,200.0016000128,
67.68708,39060.9350586916,7202.07419736884,978452.432414458,3200.40965243551,600.014400345608,200.0016000128,36152.2037822616,324970.015235502,2360427.55573087,8102.62525058119,200.0016000128,
67.81334,45482.5963950534,5001.00020004001,994335.314448275,4100.67251029169,400.006400102402,500.010000200004,38057.8479288519,292072.857356756,2533080.3141076,9603.68781612139,0,
67.93958,46285.535669918,7102.01697282028,1023341.89674771,2900.33643902693,200.0016000128,300.003600043201,38158.1530252104,306819.884276974,3066734.29454476,10204.1632986258,100.0004000016,
68.06585,42672.714305176,7302.132222609,1109149.28608776,3600.51847466035,100.0004000016,100.0004000016,37857.2401471024,285012.662734341,2327383.96561092,8903.16952835209,0,
68.19219,45582.960989,5601.25468104855,942975.264929664,4700.88376614804,200.0016000128,600.014400345608,34347.1242544771,329280.648429585,2547123.83990857,9003.24116682005,100.0004000016,
68.31849,52208.8031457558,7902.49718911176,1037110.1723865,3700.5476810568,300.003600043201,200.0016000128,38559.381447429,300468.362270322,2556210.82719156,8202.69048247825,0,
68.44472,46185.1654450807,8803.09869073914,908536.012026918,4400.77453631839,300.003600043201,300.003600043201,33946.0308177889,289719.021105788,2462036.59534971,9503.61137232148,0,
68.571,47791.1855820906,7202.07419736884,987417.931734172,4400.77453631839,400.006400102402,200.0016000128,37756.9374616922,275400.766754558,2519862.87805962,8202.69048247825,0,
68.69727,48795.0527627819,6701.7960813498,981368.241206866,3900.60849492521,300.003600043201,700.019600548815,42873.3992595323,301902.29822239,2646254.61026842,10404.3282005314,100.0004000016,
68.82348,48092.3372875922,6501.69043951427,951161.98922923,4300.73972723308,300.003600043201,400.006400102402,34146.5759295679,285524.138572764,2402558.1331338,9503.61137232148,0,
68.9498,49698.6020264204,8703.02865397158,929306.339196814,3000.36004320518,400.006400102402,200.0016000128,36753.9548056547,283273.799651293,2425688.64621776,10404.3282005314,100.0004000016,
69.07607,47289.282164727,7502.25067520256,958814.782818172,3900.60849492521,300.003600043201,100.0004000016,41669.3377780627,297805.769518775,2423210.37695877,13006.7635170289,200.0016000128,
69.20236,51204.6623298021,9203.38684635946,934363.238766271,3600.51847466035,300.003600043201,200.0016000128,39462.1924152464,283887.488723386,2311688.26030394,11004.8421305374,0,
69.32857,45984.4274087224,7102.01697282028,931027.61550717,3000.36004320518,400.006400102402,100.0004000016,46887.7739127647,291458.77087557,2447993.06954873,11004.8421305374,0,
69.45478,61651.6630912044,8502.8909829342,974781.604036273,5101.04061228491,300.003600043201,200.0016000128,41468.6721210324,280410.311171514,2212557.4899441,12906.6598364756,0,
69.58114,59641.9478358493,7402.19104855037,968306.201647014,4600.84655576626,0,200.0016000128,46185.1654450807,289309.703002347,2552906.46817956,14808.7667899396,0,
69.70733,59641.9478358493,8903.16952835209,981908.277628122,4000.64010241639,100.0004000016,0,56226.1715289109,306922.354313109,2459558.32609071,13307.0793662228,0,
69.83354,66275.2317126482,7602.31110257518,971543.499218776,4600.84655576626,400.006400102402,300.003600043201,55924.8242076314,296884.233362745,2440558.26177174,14208.0701838644,100.0004000016,
69.95984,57029.7998244003,8602.95941803981,936946.246197644,5201.0818250196,0,300.003600043201,53413.8783887248,300468.362270322,2471949.67238569,14608.5313823273,0,
70.08604,54819.9460419398,11104.9305891816,932103.529255562,6501.69043951427,0,200.0016000128,54317.7609056434,289105.048919245,2233209.73376906,20416.6599945556,100.0004000016,
70.21238,58838.151980851,9403.53572943427,976832.821416548,4500.81014582625,300.003600043201,400.006400102402,76432.9676855054,293710.567105226,2417427.74868778,23221.549598027,0,
70.3386,56025.2725093309,9603.68781612139,942432.737644095,4800.92177698118,300.003600043201,500.010000200004,53916.0272907297,276729.636055536,2279470.75993699,17311.9798900839,0,
70.46483,59842.904856798,8502.8909829342,912750.731776081,5301.12383825371,500.010000200004,300.003600043201,55322.1513100927,286342.542956439,2316644.79882193,18113.1138944596,100.0004000016,
70.59106,62757.1438882963,9203.38684635946,946206.249507022,6901.90492575951,200.0016000128,100.0004000016,62757.1438882963,305897.691292342,2407514.67165179,20116.1734034163,0,
70.71729,60646.7651717156,8002.56081946223,957521.035975048,6901.90492575951,300.003600043201,500.010000200004,60445.7952581627,279490.041903283,2184470.43834214,17712.5404786589,0,
70.84359,59139.5693837456,9703.76506084361,918338.572293503,6901.90492575951,300.003600043201,100.0004000016,59340.5183474468,293096.401095899,2360427.55573087,20817.3200102485,0,
70.96981,61953.1481823067,10404.3282005314,916511.513151075,5301.12383825371,200.0016000128,200.0016000128,60445.7952581627,279490.041903283,2299296.91400896,21819.0261908384,200.0016000128,
71.0961,63963.2341736111,7902.49718911176,901689.619017228,7001.96054895371,600.014400345608,400.006400102402,64164.2605068977,295860.383040036,2267079.41364201,24624.2302425587,0,
71.22248,62455.6394535182,10904.7544729502,920703.384207034,6701.7960813498,500.010000200004,500.010000200004,72308.5378230818,284398.919041377,2263775.05463002,22620.4488857928,0,
71.34874,64465.8060531688,10004.0016006403,960971.314165137,7602.31110257518,100.0004000016,300.003600043201,64465.8060531688,280921.600828405,2161339.92525818,27430.063349431,0,
71.47505,65370.4862280828,8402.82334864514,952778.400644459,5601.25468104855,0,600.014400345608,73314.3712214515,275809.63473422,2205948.77192011,29935.8032206519,100.0004000016,
71.60133,65973.6426273953,14408.2991803279,911031.880933626,7001.96054895371,200.0016000128,500.010000200004,75728.7006760416,258546.481787578,2257992.42635903,28732.9854673165,200.0016000128,
71.72762,61953.1481823067,9903.92195309342,921778.441375306,6301.58800017604,600.014400345608,700.019600548815,81061.9923593053,276831.862558743,2234861.91327506,33344.4147604609,0,
71.85387,78747.266416548,12105.8592358702,933609.958506224,8202.69048247825,300.003600043201,200.0016000128,89519.4052378888,281535.175716782,2267079.41364201,38158.1530252104,100.0004000016,
71.98019,70397.6766761065,11004.8421305374,966472.091235796,7402.19104855037,300.003600043201,300.003600043201,76634.1940971609,296577.069563563,2319949.15783393,43575.8219301585,0,
72.10639,64968.3980878437,11305.1099096792,936300.446104368,10204.1632986258,1000.04000160006,400.006400102402,84585.2213664477,280308.055721844,2191905.24611913,40365.0684904065,0,
72.23264,64666.8404483568,10804.6676164103,899972.235229764,8102.62525058119,200.0016000128,500.010000200004,89015.8281583057,282557.866718445,2112600.62983125,45081.1460629132,0,
72.35902,70498.2410538434,9903.92195309342,925541.843824536,9103.31360615264,400.006400102402,400.006400102402,92037.5938944047,272743.447283079,2116731.07859625,47791.1855820906,100.0004000016,
72.48526,68587.6558263409,12205.9565067753,940498.721652223,8803.09869073914,300.003600043201,300.003600043201,94556.2880935365,265796.175769091,2185296.52809514,49096.2286080718,100.0004000016,
72.61154,65672.0607992942,13206.9732818928,940391.056583256,11405.2007715518,100.0004000016,400.006400102402,96470.8338854557,278263.12042969,2221644.47722708,49096.2286080718,0,
72.73781,74420.8811753284,10704.5815609081,933071.927968299,10504.4118529783,200.0016000128,0,98889.6251229846,282046.510875325,2335644.8631409,57933.9432768561,0,
72.86401,66878.4316556573,11605.3848985929,926832.404807042,10604.4963064339,300.003600043201,400.006400102402,96370.061034372,272334.678495467,2080383.1294643,49297.0165285281,0,
72.9904,70196.5503409547,10304.2453490838,946313.962853181,11104.9305891816,100.0004000016,500.010000200004,109376.443789146,283887.488723386,2208427.0411791,62254.6405270692,100.0004000016,
73.1167,71202.2142885796,10204.1632986258,983636.54504939,11104.9305891816,400.006400102402,600.014400345608,99998.3936001028,285728.734702134,2158035.56624618,64365.2900648866,0,
73.24301,73515.5475855207,10404.3282005314,933287.137504512,10804.6676164103,700.019600548815,300.003600043201,104434.447300771,273867.629634722,2028339.47502538,62556.1401257539,100.0004000016,
73.36925,70699.3722296877,11505.2924345199,924466.474479955,10804.6676164103,200.0016000128,100.0004000016,103426.115596257,254157.844547526,2111774.54007825,68989.8600949814,200.0016000128,
73.49548,78042.8694096027,12906.6598364756,986553.517747777,11104.9305891816,200.0016000128,200.0016000128,103627.775457087,264059.95464596,2162166.01501118,69593.1906973759,0,
73.62168,71705.0765188439,11905.6670975384,952024.050259728,12506.2531265633,100.0004000016,400.006400102402,108872.069292452,257321.5923832,2095252.74501828,82370.5047375581,0,
73.74793,77439.1320397387,10404.3282005314,954610.577022902,12406.1534521122,500.010000200004,400.006400102402,110687.912317496,255484.481009896,2015122.0389774,77539.7529160163,0,
73.87409,73414.9589999519,11805.5722300926,980612.227931029,14308.184281409,100.0004000016,200.0016000128,119670.1083964,258648.561267378,2031643.83403738,84283.191523519,200.0016000128,
74.00031,87001.7219717982,14408.2991803279,976185.033561231,13707.5117164206,400.006400102402,600.014400345608,114421.303458557,269371.500192047,2082035.3089703,86800.3291388203,100.0004000016,
74.12654,72610.2793690528,11305.1099096792,936408.077219949,11805.5722300926,300.003600043201,500.010000200004,110385.253574714,256300.941959,1880469.40923861,89418.6882047618,0,
74.25282,71906.2270592058,11104.9305891816,960108.658630802,13507.2939387269,200.0016000128,600.014400345608,115733.299041985,260588.228161716,2159687.74575218,99998.3936001028,200.0016000128,
74.37906,75125.0747238727,12806.5569571621,989471.145449555,14308.184281409,0,100.0004000016,111495.03796858,262221.862937289,2127470.24538523,98990.4182094179,0,
74.50532,76835.4237383343,13106.8679988314,991092.332835691,14208.0701838644,600.014400345608,0,109073.816659569,248954.693275698,2183841.054994,97579.3886631222,0,
74.63155,78646.6358500257,12406.1534521122,936515.709228835,13907.7326993809,100.0004000016,600.014400345608,103123.631879762,250688.838791522,1909382.55059357,100199.998393587,0,
74.75781,76231.74450329,11305.1099096792,992821.822325547,13307.0793662228,400.006400102402,400.006400102402,108266.846642723,252729.314984364,2147355.84754045,106350.500721054,0,
74.88405,77640.3745997609,12205.9565067753,953856.120126904,13307.0793662228,300.003600043201,500.010000200004,109679.078213637,255484.481009896,1977948.00009246,103325.286880801,100.0004000016,
75.01035,72811.4444346382,12205.9565067753,950084.493475111,16010.246557797,100.0004000016,200.0016000128,111797.723464866,250586.823637781,2181476.58478881,101611.322634023,0,
75.13656,87001.7219717982,11205.0198488923,1004285.50625143,15809.9919148902,400.006400102402,200.0016000128,119367.233091652,258648.561267378,2113426.71958425,102921.980118486,0,
75.26286,74018.5026197335,12906.6598364756,1023016.83793281,14208.0701838644,200.0016000128,400.006400102402,109679.078213637,252117.137500808,1865599.79368464,119468.190715041,0,
75.38907,75125.0747238727,13006.7635170289,952670.633618882,18413.5523745477,400.006400102402,300.003600043201,106350.500721054,241001.078295566,2039078.64181437,107762.51672177,200.0016000128,
75.51542,74823.2726455744,14208.0701838644,997146.553194321,13807.6218072376,0,300.003600043201,107560.790426186,239370.186852105,2052880.80717139,115026.822848647,100.0004000016,
75.64169,79351.066775277,12205.9565067753,997038.417383492,14608.5313823273,400.006400102402,300.003600043201,112907.632716694,254770.120980451,1965556.65379748,104031.1048987,300.003600043201,
75.76795,76332.3556907226,11104.9305891816,961294.824771644,14308.184281409,300.003600043201,600.014400345608,98688.0413787011,231931.918192021,1716903.63814487,120174.916801981,100.0004000016,
75.89425,74823.2726455744,12205.9565067753,952993.937380616,14808.7667899396,800.025600819226,400.006400102402,108569.454320482,242326.33279483,1792903.89542075,113412.169356815,100.0004000016,
76.02056,83880.4963798944,15409.4922472243,1003960.92332784,15609.7404780583,500.010000200004,500.010000200004,102317.044272455,241510.77509612,1908556.46084057,107560.790426186,0,
76.14676,75225.6770310933,13807.6218072376,1009804.65596311,15809.9919148902,100.0004000016,400.006400102402,103526.945121682,242122.438429415,1884599.85800361,119266.276279776,100.0004000016,
76.27292,73012.6127282647,13206.9732818928,964206.783097094,16210.5044068556,600.014400345608,0,100704.02454648,241612.71692642,2072098.41249215,120578.778135048,0,
76.39916,68788.7563474173,12306.0545788528,962696.797241723,16611.0297237366,500.010000200004,100.0004000016,92742.777304919,231015.174941767,1882121.58874461,112907.632716694,300.003600043201,
76.52531,80256.8218298555,13407.186251831,1021933.36719654,15109.1259120509,100.0004000016,700.019600548815,91533.9157245632,238656.738115621,1802816.97245674,111797.723464866,0,
76.65158,72006.8035397662,10204.1632986258,1002879.03876717,16110.3750815525,400.006400102402,300.003600043201,96067.7473368053,243243.898203085,1997606.93212154,112100.416258177,0,
76.77792,72710.8614983452,12806.5569571621,981171.852635154,15709.8657957197,200.0016000128,500.010000200004,99494.3957848913,229996.649456445,1970578.33550536,104031.1048987,100.0004000016,
76.90421,78244.1216595779,13707.5117164206,986013.288207755,16510.8971921468,400.006400102402,200.0016000128,92843.5210278029,242428.281212767,1786295.17739676,112504.018000643,0,
77.03044,73716.727177903,13607.4024269202,997038.417383492,15209.2472223112,600.014400345608,500.010000200004,84585.2213664477,242530.230454204,1891208.5760276,118357.701489418,100.0004000016,
77.15672,75728.7006760416,10804.6676164103,1009479.9352468,15309.3693340324,200.0016000128,500.010000200004,93347.251776609,225821.554556389,1979659.49511344,109477.321120084,0,
77.28295,75125.0747238727,11205.0198488923,1009046.98690392,15609.7404780583,300.003600043201,500.010000200004,89620.1230796405,231320.748623379,1991077.82931274,108771.196824644,0,
77.4092,72811.4444346382,11705.4781637807,1004718.29608764,15309.3693340324,200.0016000128,300.003600043201,86397.5531731283,235293.880138411,1935591.6133342,97478.6069092355,200.0016000128,
77.53551,69794.307351667,9803.84310649775,956011.82763547,15309.3693340324,200.0016000128,200.0016000128,88411.5623457063,224905.255255861,1915165.17886456,101208.070942038,0,
77.66171,74320.2853257054,13106.8679988314,990227.674394428,14208.0701838644,200.0016000128,0,82974.4795784455,213406.270674993,1999939.52013547,101006.449954617,0,
77.78802,69894.8668888862,9303.46088745013,974945.923440162,15309.3693340324,300.003600043201,500.010000200004,87001.7219717982,220324.757077832,1966738.14650058,109679.078213637,0,
77.91427,70900.5066327574,11305.1099096792,1197004.0647282,14208.0701838644,500.010000200004,1000.04000160006,82571.8264526822,227145.215520547,1909150.40277616,100401.606425703,100.0004000016,
78.0405,70799.9390278146,12205.9565067753,968737.794693236,15709.8657957197,100.0004000016,500.010000200004,74521.477832117,217475.508787786,1839991.01134168,96269.2889925755,200.0016000128,
78.16676,74119.0960479176,11104.9305891816,1007098.89771512,15109.1259120509,900.032401166442,200.0016000128,76734.808514053,225719.740235628,1833382.29331769,91836.1201999318,200.0016000128,
78.29305,79250.4313631074,12506.2531265633,1031254.16500067,13907.7326993809,300.003600043201,500.010000200004,73616.1369781679,230505.901919941,2187774.79735414,99897.5924178229,100.0004000016,
78.41926,71403.3567600526,11305.1099096792,1037869.47736788,14608.5313823273,600.014400345608,600.014400345608,79049.1629616551,238350.98671857,1944533.06201985,90023.0025330887,0,
78.54556,70900.5066327574,13106.8679988314,995740.857817855,14808.7667899396,400.006400102402,100.0004000016,61249.6942527537,225719.740235628,1850654.51155437,81061.9923593053,0,
78.67176,70397.6766761065,12205.9565067753,938991.492010791,14608.5313823273,400.006400102402,500.010000200004,62355.1395872932,213609.701390178,1939074.58890972,90224.4471118141,0,
78.798,67481.6606304171,9503.61137232148,980612.227931029,14107.9568876847,100.0004000016,100.0004000016,59340.5183474468,219205.332752283,1786295.17739676,79552.3400225515,0,
78.92415,65471.0102788483,9603.68781612139,992929.923060927,13407.186251831,200.0016000128,600.014400345608,64566.3228476556,227247.041348467,1982105.46765385,78747.266416548,0,
79.05039,66576.8280553149,11104.9305891816,993254.230662059,13507.2939387269,200.0016000128,300.003600043201,59943.3845759056,222054.971973253,1762338.5745598,99292.8023260017,0,
79.17658,67481.6606304171,8903.16952835209,1008181.13345734,12906.6598364756,200.0016000128,0,61852.6523459899,227450.695470361,1954875.38222013,80458.109615647,100.0004000016,
79.3028,60847.7383086133,10204.1632986258,990335.753553399,13307.0793662228,600.014400345608,100.0004000016,58938.6236428079,228774.527414596,1996090.96602812,84081.8423355086,0,
79.42913,65068.9189134994,9503.61137232148,1024753.3570001,14308.184281409,200.0016000128,100.0004000016,52710.9037414721,212694.289022191,1890394.75099494,71604.502459023,0,
79.55543,57833.4796710809,10004.0016006403,979856.258651292,13607.4024269202,200.0016000128,200.0016000128,54719.5074041707,205779.987820567,1963248.01442642,71202.2142885796,100.0004000016,
79.68158,61450.6770601515,9603.68781612139,986337.423236359,13407.186251831,200.0016000128,0,54920.3854849831,219917.682188685,1973953.95006582,70196.5503409547,0,
79.80782,58536.7418289123,8402.82334864514,959677.352362123,12906.6598364756,300.003600043201,100.0004000016,49598.2044448007,217882.504841833,1879523.82385956,64968.3980878437,0,
79.93411,59240.0434627459,8002.56081946223,971435.576295767,13707.5117164206,500.010000200004,500.010000200004,53213.0244639615,217475.508787786,1797860.43393874,63661.7007198284,0,
80.06028,54418.1963224123,9803.84310649775,960539.979231568,12205.9565067753,300.003600043201,700.019600548815,45783.6925900546,207914.881946293,1764761.30115281,55723.9300203653,0,
80.18651,51305.072789072,8703.02865397158,967658.838975586,12706.4548790786,300.003600043201,400.006400102402,45683.3263873305,215033.80831733,1882414.16982804,59641.9478358493,0,
80.31279,58938.6236428079,9203.38684635946,993362.334994136,13607.4024269202,500.010000200004,200.0016000128,47991.9525811455,260486.133003532,1920741.03108592,57130.2569859279,300.003600043201,
80.4391,55322.1513100927,8703.02865397158,991416.594583805,13807.6218072376,300.003600043201,100.0004000016,44980.7854907414,221647.841228718,1920509.12066849,52409.640968907,100.0004000016,
80.56536,57230.7149529525,9603.68781612139,992173.236794936,13206.9732818928,100.0004000016,600.014400345608,39763.1438724695,212897.70824845,1817243.70223849,49397.4116958642,0,
80.69156,47991.9525811455,6501.69043951427,983852.594643585,13707.5117164206,600.014400345608,400.006400102402,45683.3263873305,225210.680959607,1892477.42107596,51405.4840532773,0,
80.8178,56728.433172703,6501.69043951427,984608.796517647,13307.0793662228,600.014400345608,500.010000200004,41268.0096799526,220426.527853439,1850730.17813066,44077.5765347011,0,
80.94409,50501.811652291,7001.96054895371,979316.307528598,14708.648685427,700.019600548815,200.0016000128,41769.6718125834,216458.076125461,1863349.36538023,45081.1460629132,0,
81.07027,50803.0285418829,9003.24116682005,958491.334017253,11505.2924345199,200.0016000128,200.0016000128,37155.1382251261,205271.732993499,1761512.4848068,45382.2326054811,0,
81.19646,41769.6718125834,6601.74286011507,949438.038969828,11205.0198488923,400.006400102402,500.010000200004,40264.7457111035,216458.076125461,1789599.53640876,42773.0563802976,100.0004000016,
81.32275,44980.7854907414,6301.58800017604,914761.94122191,13106.8679988314,500.010000200004,100.0004000016,40766.3676465285,205983.29549075,1854860.62689565,41569.0045475489,200.0016000128,
81.44898,44780.0667593657,6201.53798141939,940357.427912431,13307.0793662228,300.003600043201,300.003600043201,37456.0342272039,213406.270674993,1876749.67640393,37255.4360889003,0,
81.57526,45081.1460629132,6501.69043951427,957413.229559056,13707.5117164206,300.003600043201,100.0004000016,34146.5759295679,199783.886653388,1725164.53567486,38960.6227289663,0,
81.70141,39562.5087638469,5601.25468104855,928876.055823833,13006.7635170289,400.006400102402,0,41268.0096799526,226636.098710818,1792077.80566775,37054.8411649241,0,
81.82756,46687.0246138803,5801.34591225164,985040.931636476,12806.5569571621,200.0016000128,200.0016000128,37255.4360889003,214728.629004603,1732599.34345185,42271.354045629,100.0004000016,
81.9538,45181.5074394207,8002.56081946223,948468.41760012,14208.0701838644,600.014400345608,400.006400102402,41870.0066511207,221444.280785295,1924568.1299272,40967.0220480706,100.0004000016,
82.08003,42672.714305176,6901.90492575951,949114.823795131,13206.9732818928,0,100.0004000016,38358.7656289435,201104.816435153,1846963.7157916,36954.5449082846,0,
82.20626,37556.3345017526,5401.16665199683,943082.951451152,12205.9565067753,700.019600548815,200.0016000128,34547.6757925938,226432.45774068,1777145.59912257,32141.2693898966,100.0004000016,
82.33255,39261.5621294189,5701.29989637637,932426.320790337,12906.6598364756,700.019600548815,300.003600043201,40866.6944453348,223887.222991271,1815287.71731109,35650.7666917691,0,
82.45878,33645.2191745706,4100.67251029169,949869.005061262,13106.8679988314,100.0004000016,100.0004000016,38659.6905622281,201003.201535447,1903706.25457363,33244.1482288479,0,
82.58508,34848.5091247016,5501.21026625858,932964.324539638,14007.84439286,300.003600043201,300.003600043201,35149.3496869605,202730.766283988,1858385.40278983,35049.0686961746,200.0016000128,
82.71139,33244.1482288479,4200.70571856072,984716.828949885,13307.0793662228,500.010000200004,400.006400102402,33444.6820952793,217984.255908069,1877443.15958321,30336.7681630136,0,
82.83771,32442.0448901777,5201.0818250196,937699.720287846,12906.6598364756,200.0016000128,300.003600043201,33244.1482288479,212490.873078304,1862656.60928803,29735.3255667733,0,
82.96402,34246.8496903764,4600.84655576626,923176.14901886,11104.9305891816,0,300.003600043201,35349.9140786791,209643.394468399,1749869.46063703,27730.7256440136,0,
83.0903,36854.249455198,5101.04061228491,910817.040611578,11905.6670975384,100.0004000016,200.0016000128,38358.7656289435,220121.217990622,1839008.88907974,27329.8441898553,0,
83.21659,31940.756405173,4400.77453631839,934148.011369531,11805.5722300926,500.010000200004,300.003600043201,33745.4889190629,209745.079057761,1773589.67439031,25025.025025025,0,
83.34287,31740.2466327303,5501.21026625858,927800.409866669,14007.84439286,500.010000200004,200.0016000128,29835.5639922788,187698.730942987,1543424.79001514,25125.2257266295,200.0016000128,
83.46916,27329.8441898553,4500.81014582625,933502.350612653,12506.2531265633,200.0016000128,200.0016000128,33845.7594667991,210151.825618355,1795628.66832156,28131.6199408135,200.0016000128,
83.59537,27329.8441898553,5201.0818250196,959030.419830207,12406.1534521122,500.010000200004,300.003600043201,35049.0686961746,206389.92067045,1814597.43781159,24724.4277346018,0,
83.72161,28933.4470648069,4200.70571856072,942975.264929664,11205.0198488923,300.003600043201,100.0004000016,38158.1530252104,212694.289022191,1807006.70818536,28131.6199408135,0,
83.84785,25826.6531060054,4800.92177698118,924574.00739991,11505.2924345199,200.0016000128,100.0004000016,29735.3255667733,187698.730942987,1701071.88782987,23622.2994506814,0,
83.97407,27730.7256440136,3800.57768780855,892354.091406224,11505.2924345199,400.006400102402,300.003600043201,36854.249455198,203442.185319902,1758573.4469324,22920.9956319989,0,
84.10027,30236.5257230735,5201.0818250196,954071.674764337,11805.5722300926,300.003600043201,0,37756.9374616922,207406.541019509,1803787.69684702,23622.2994506814,0,
84.22657,26327.6967369673,4300.73972723308,928015.531918424,13507.2939387269,400.006400102402,600.014400345608,36152.2037822616,192267.384679877,1722306.07088038,20216.3347985172,0,
84.35277,26127.2768770597,2900.33643902693,940821.72222153,12406.1534521122,400.006400102402,400.006400102402,37957.5436361524,201104.816435153,1696395.77299948,20416.6599945556,100.0004000016,
84.47891,27229.6258329062,4000.64010241639,931242.791114504,10604.4963064339,300.003600043201,200.0016000128,37155.1382251261,201917.765134256,1754564.32867447,19515.221873061,0,
84.60518,28632.7558727184,2800.31363512713,967982.516276731,11305.1099096792,100.0004000016,100.0004000016,38860.311202987,196939.277392097,1727905.64407838,22720.6303323418,100.0004000016,
84.73153,26828.7604311822,4500.81014582625,922423.518481651,13307.0793662228,700.019600548815,300.003600043201,33645.2191745706,206593.238180124,1733393.21613414,18313.4054127621,0,
84.85782,25025.025025025,3800.57768780855,948683.882753467,13407.186251831,500.010000200004,600.014400345608,36954.5449082846,197040.859521458,1724362.78429377,18012.9693379233,0,
84.98407,22820.8125810739,2600.27042812453,957628.843286527,12105.8592358702,300.003600043201,200.0016000128,35751.0525029742,192165.841035418,1699931.22097717,21418.3340939844,0,
85.11025,23021.1794851263,3500.49006860961,972946.578843477,11805.5722300926,600.014400345608,500.010000200004,40064.1025641026,184755.365360283,1540946.52075614,18113.1138944596,0,
85.23648,22119.5536854579,3700.5476810568,895036.025174118,12606.3536022155,300.003600043201,200.0016000128,35951.6265357053,179885.099148316,1598461.11943347,19915.8530190031,0,
85.36263,25726.4467872973,4000.64010241639,931565.561221314,12306.0545788528,300.003600043201,300.003600043201,34046.302972042,212999.419092493,1758208.12579481,18613.8487034354,0,
85.48895,20917.487019148,3100.38444767151,921025.891994343,13307.0793662228,300.003600043201,100.0004000016,32943.3534531443,194603.114456059,1651642.54765797,19815.6940296715,0,
85.61521,19214.7569333248,3600.51847466035,925756.928399281,10904.7544729502,200.0016000128,200.0016000128,34848.5091247016,194196.869469874,1694001.32402247,16510.8971921468,0,
85.7415,22520.2682414173,3300.43565750679,920296.100506347,12406.1534521122,100.0004000016,400.006400102402,33845.7594667991,195314.07470713,1688757.84115705,16510.8971921468,0,
85.86777,26427.9078707115,3900.60849492521,954933.92912019,10104.0820491479,500.010000200004,500.010000200004,32141.2693898966,199580.678977502,1628605.51318649,17111.7044058136,0,
85.99401,24724.4277346018,3300.43565750679,906460.702295254,12406.1534521122,300.003600043201,300.003600043201,35450.1974796312,201612.903225806,1637117.22462548,15409.4922472243,0,
86.12022,22620.4488857928,3600.51847466035,941790.772193721,11405.2007715518,100.0004000016,200.0016000128,35249.6314811254,190033.613580854,1580362.00326619,15910.1188355794,0,
86.24651,23121.3641404658,2600.27042812453,930812.443470829,12706.4548790786,700.019600548815,500.010000200004,37857.2401471024,191759.674643385,1714196.56519546,19815.6940296715,100.0004000016,
86.37277,23922.8702639724,4600.84655576626,920380.884444868,11405.2007715518,0,300.003600043201,34146.5759295679,189424.472029663,1600951.67564715,15009.0054032419,0,
86.49895,24724.4277346018,3700.5476810568,886399.37488917,9803.84310649775,300.003600043201,200.0016000128,37957.5436361524,186785.199036051,1594273.50827401,14908.8856958747,0,
86.62518,27029.191526849,4900.9605882753,950733.97657075,12706.4548790786,400.006400102402,200.0016000128,36051.9147572504,188307.789030794,1595468.44445406,15709.8657957197,0,
86.75143,22620.4488857928,3600.51847466035,914147.466011004,13407.186251831,300.003600043201,200.0016000128,38358.7656289435,191759.674643385,1652111.06041287,16510.8971921468,0,
86.87775,23822.6791905894,3700.5476810568,952670.633618882,10504.4118529783,400.006400102402,300.003600043201,40064.1025641026,189525.993575663,1749121.13851182,17111.7044058136,200.0016000128,
87.00399,26528.1198069954,3400.46246289495,985257.004585878,12506.2531265633,400.006400102402,100.0004000016,35851.3391176164,183334.676444516,1595468.44445406,17111.7044058136,0,
87.1302,21318.1630749398,3600.51847466035,977048.757881437,12606.3536022155,100.0004000016,200.0016000128,36453.0756781874,192165.841035418,1672294.79148294,15509.6159618964,0,
87.25643,24524.0335528818,3900.60849492521,973378.326150828,14208.0701838644,400.006400102402,0,36954.5449082846,189830.5631237,1649610.91568063,16410.7654621432,100.0004000016,
87.38266,21518.505915087,3900.60849492521,974889.554769613,10904.7544729502,300.003600043201,800.025600819226,37155.1382251261,199682.282405783,1610805.26425594,15309.3693340324,100.0004000016,
87.50892,21618.6785382571,4500.81014582625,1010226.18887845,10804.6676164103,400.006400102402,200.0016000128,39462.1924152464,186886.699308872,1537925.88063453,14208.0701838644,100.0004000016,
87.63526,23121.3641404658,5101.04061228491,966148.451586636,12706.4548790786,400.006400102402,400.006400102402,41669.3377780627,188003.256305061,1618738.74027351,15609.7404780583,0,
87.7615,24924.8251258253,3800.57768780855,1030979.28619509,12606.3536022155,300.003600043201,500.010000200004,33143.8825004306,190033.613580854,1594386.66961687,13106.8679988314,0,
87.88772,26127.2768770597,4800.92177698118,1009155.22263837,12105.8592358702,400.006400102402,400.006400102402,33143.8825004306,184349.437885321,1498882.80710085,14308.184281409,0,
88.01399,25626.2412710616,4100.67251029169,960432.147737704,11605.3848985929,700.019600548815,100.0004000016,34647.952766629,182015.608820555,1521709.61061887,15509.6159618964,100.0004000016,
88.14016,24924.8251258253,3100.38444767151,982448.336499728,12406.1534521122,400.006400102402,100.0004000016,38860.311202987,183639.096290148,1541870.33128501,13707.5117164206,0,
88.26646,22319.9093591484,2700.2916314962,973486.265220463,11805.5722300926,800.025600819226,700.019600548815,41569.0045475489,184958.334004932,1486081.03469465,14208.0701838644,100.0004000016,
88.39274,23421.922919853,3800.57768780855,947606.592767883,12506.2531265633,100.0004000016,300.003600043201,38057.8479288519,172583.230629194,1480641.96878724,13707.5117164206,0,
88.51902,23221.549598027,4600.84655576626,931995.933863038,11505.2924345199,200.0016000128,100.0004000016,38860.311202987,180899.582601409,1502366.1312482,13206.9732818928,0,
88.64522,25125.2257266295,3700.5476810568,979100.333363815,12306.0545788528,200.0016000128,500.010000200004,39261.5621294189,179885.099148316,1547620.05895695,13707.5117164206,0,
88.77146,24223.4482979524,4700.88376614804,991308.506435448,11705.4781637807,500.010000200004,200.0016000128,39161.2481921726,182218.53330701,1451667.51312003,14208.0701838644,100.0004000016,
88.89775,21418.3340939844,4000.64010241639,971975.199880321,11605.3848985929,200.0016000128,300.003600043201,38057.8479288519,169440.674621552,1549762.75132005,12205.9565067753,0,
89.024,25926.8602271954,3100.38444767151,973378.326150828,11805.5722300926,400.006400102402,200.0016000128,38860.311202987,167717.670556589,1436859.21187831,12906.6598364756,0,
89.15024,21819.0261908384,3200.40965243551,1017925.30982145,13206.9732818928,400.006400102402,300.003600043201,37957.5436361524,184856.849273669,1476511.52002225,12906.6598364756,0,
89.27652,26127.2768770597,4000.64010241639,1018250.24144936,8903.16952835209,500.010000200004,600.014400345608,35751.0525029742,172076.313680319,1523397.88067442,10804.6676164103,0,
89.40276,22219.7311212357,3100.38444767151,990768.079178276,11405.2007715518,300.003600043201,500.010000200004,39261.5621294189,173901.310251215,1509447.96725553,12205.9565067753,100.0004000016,
89.52905,21618.6785382571,4400.77453631839,1007207.11723633,11705.4781637807,300.003600043201,500.010000200004,37054.8411649241,173799.914610471,1470152.25631578,16611.0297237366,0,
89.6553,19615.3784567101,4100.67251029169,974133.918478622,10904.7544729502,600.014400345608,100.0004000016,35049.0686961746,166501.574416339,1476095.26310884,13707.5117164206,0,
89.78153,22420.0883992057,3400.46246289495,996065.235565945,12205.9565067753,300.003600043201,300.003600043201,41569.0045475489,179783.655298834,1451667.51312003,10804.6676164103,0,
89.90782,20717.1538033492,4700.88376614804,961402.663432222,11805.5722300926,600.014400345608,400.006400102402,40164.423735672,175320.934991279,1470488.58169005,10804.6676164103,100.0004000016,
90.03401,22920.9956319989,4200.70571856072,963236.057742237,11405.2007715518,100.0004000016,0,39161.2481921726,161840.961061548,1461970.97227632,11305.1099096792,100.0004000016,
90.16021,24223.4482979524,3000.36004320518,951916.289498817,10904.7544729502,400.006400102402,100.0004000016,34246.8496903764,152626.135389544,1398932.21598973,10704.5815609081,0,
90.2865,21217.9928579435,4700.88376614804,946960.26171142,10804.6676164103,300.003600043201,400.006400102402,39763.1438724695,156979.55240702,1469143.33146991,11405.2007715518,0,
90.41272,24323.6425805883,4300.73972723308,1006882.46137458,13006.7635170289,200.0016000128,600.014400345608,36753.9548056547,164475.008656579,1420337.41681833,11104.9305891816,0,
90.53894,23722.4889194957,3700.5476810568,955580.657486005,11805.5722300926,500.010000200004,100.0004000016,38258.4589252378,164880.295697409,1437792.93074567,10904.7544729502,200.0016000128,
90.66528,26227.4864057532,4300.73972723308,1020602.73753677,10704.5815609081,200.0016000128,300.003600043201,43776.5213593361,173191.557918479,1458050.23219585,11805.5722300926,0,
90.79156,23021.1794851263,3800.57768780855,968198.305626997,13006.7635170289,600.014400345608,200.0016000128,38760.0004807442,213555.807447708,1471161.258079,10804.6676164103,0,
90.91778,23622.2994506814,5901.39272868397,980180.240098434,13807.6218072376,600.014400345608,400.006400102402,39161.2481921726,162955.298513171,1414554.78854734,11205.0198488923,0,
91.04411,26828.7604311822,3900.60849492521,1008181.13345734,13607.4024269202,500.010000200004,100.0004000016,38760.0004807442,164677.650545168,1425720.47084292,10104.0820491479,100.0004000016,
91.17036,24524.0335528818,2700.2916314962,941144.730834682,10904.7544729502,900.032401166442,200.0016000128,35550.4816839913,163461.848165684,1459730.40709883,12306.0545788528,0,
91.29656,24824.6260290208,4600.84655576626,991740.864422921,10704.5815609081,300.003600043201,100.0004000016,38559.381447429,164475.008656579,1455138.4344484,11705.4781637807,0,
91.42279,26628.3325458288,3600.51847466035,982124.298482644,12306.0545788528,300.003600043201,100.0004000016,40967.0220480706,167109.607795764,1436339.18034659,9003.24116682005,0,
91.54908,25726.4467872973,3700.5476810568,974241.863828479,14308.184281409,500.010000200004,0,38559.381447429,175320.934991279,1439246.84103879,11305.1099096792,100.0004000016,
91.67528,22620.4488857928,3500.49006860961,968953.596596197,11705.4781637807,100.0004000016,200.0016000128,35249.6314811254,161131.888614688,1442267.0118969,10404.3282005314,0,
91.80147,21718.8519635043,3200.40965243551,963667.482272008,11705.4781637807,400.006400102402,200.0016000128,35249.6314811254,163968.418213076,1417119.9844456,9003.24116682005,0,
91.92775,23321.7358578195,4500.81014582625,962696.797241723,11905.6670975384,300.003600043201,500.010000200004,41970.3422936842,165184.269545295,1466117.01834843,9303.46088745013,200.0016000128,
92.05406,25726.4467872973,4700.88376614804,1034832.52312935,11305.1099096792,400.006400102402,0,38760.0004807442,165893.570416184,1454354.59840173,9803.84310649775,100.0004000016,
92.18031,23622.2994506814,4600.84655576626,997579.105433702,11305.1099096792,600.014400345608,300.003600043201,42070.6787402837,165994.902376073,1409194.62520071,10504.4118529783,0,
92.30652,20717.1538033492,3100.38444767151,932856.722003925,10204.1632986258,400.006400102402,200.0016000128,38860.311202987,158903.63536094,1396144.89583025,9903.92195309342,0,
92.43275,24123.2548176442,3600.51847466035,1010778.86676239,11705.4781637807,500.010000200004,0,40565.7164606663,164880.295697409,1479684.78583231,9303.46088745013,0,
92.55904,27630.5040765005,3900.60849492521,1014893.00594805,11905.6670975384,100.0004000016,200.0016000128,40365.0684904065,202527.511079031,1389569.15333818,9203.38684635946,0,
92.68533,21017.6548300572,4000.64010241639,1020308.33024559,12105.8592358702,700.019600548815,300.003600043201,35450.1974796312,165285.59579317,1437904.76432194,9503.61137232148,0,
92.81157,25125.2257266295,3700.5476810568,992713.722489312,11805.5722300926,400.006400102402,200.0016000128,42873.3992595323,180595.228982261,1465220.46587257,9503.61137232148,0,
92.93778,25626.2412710616,4500.81014582625,1025184.0501016,13607.4024269202,100.0004000016,100.0004000016,40365.0684904065,172076.313680319,1525874.39892369,12606.3536022155,0,
93.06407,23522.1107841371,3500.49006860961,1012993.26852067,9503.61137232148,100.0004000016,200.0016000128,43074.0874303803,172076.313680319,1562061.72598152,9103.31360615264,100.0004000016,
93.19033,25325.6295370915,4000.64010241639,1025400.79117218,13507.2939387269,100.0004000016,300.003600043201,40064.1025641026,176436.466759047,1516421.08925215,9903.92195309342,0,
93.3165,26528.1198069954,3900.60849492521,984392.734348041,13206.9732818928,500.010000200004,200.0016000128,38960.6227289663,165893.570416184,1466453.24118773,12806.5569571621,0,
93.44285,21017.6548300572,2700.2916314962,931995.933863038,8502.8909829342,100.0004000016,100.0004000016,45382.2326054811,152524.911060672,1416785.01386353,9303.46088745013,0,
93.56905,22820.8125810739,3300.43565750679,976508.923450345,12205.9565067753,200.0016000128,0,40465.3920735909,162651.378510693,1428849.30904416,10804.6676164103,0,
93.69537,20817.3200102485,3700.5476810568,954718.36016013,11405.2007715518,400.006400102402,300.003600043201,38760.0004807442,175422.342885224,1500006.36000153,10504.4118529783,0,
93.82168,26227.4864057532,2100.17641481884,983852.594643585,10304.2453490838,300.003600043201,0,37556.3345017526,157992.190959224,1491918.9050572,12706.4548790786,100.0004000016,
93.948,24724.4277346018,3600.51847466035,953425.02159325,12806.5569571621,400.006400102402,200.0016000128,46486.2785329572,165690.908944491,1426726.08804117,12005.7627661277,100.0004000016,
94.07435,21217.9928579435,4600.84655576626,853194.419182548,13407.186251831,700.019600548815,300.003600043201,41268.0096799526,159207.464837492,1443467.9299023,8502.8909829342,0,
94.20067,22920.9956319989,4000.64010241639,941144.730834682,9803.84310649775,0,100.0004000016,40064.1025641026,193790.637584298,1472618.8408805,10404.3282005314,100.0004000016,
94.32698,24924.8251258253,3600.51847466035,969169.402085844,12706.4548790786,600.014400345608,200.0016000128,41368.3404985035,172481.845606093,1477216.8844153,10904.7544729502,100.0004000016,
94.45316,19615.3784567101,2700.2916314962,937915.006640106,12506.2531265633,600.014400345608,0,38358.7656289435,155460.74741905,1490908.32026449,9403.53572943427,0,
94.57941,25425.8326459683,3200.40965243551,960971.314165137,11905.6670975384,300.003600043201,100.0004000016,43776.5213593361,163664.473737187,1439246.84103879,11305.1099096792,0,
94.70567,24423.8376655616,3900.60849492521,945344.574932231,11205.0198488923,400.006400102402,200.0016000128,39863.462632511,175320.934991279,1507424.19936976,9303.46088745013,100.0004000016,
94.8318,21819.0261908384,4400.77453631839,926617.302387323,11605.3848985929,100.0004000016,0,38358.7656289435,157789.656726992,1392689.4361677,8502.8909829342,100.0004000016,
94.95811,24323.6425805883,3700.5476810568,942544.527783428,10504.4118529783,700.019600548815,0,42070.6787402837,164576.329192922,1440589.05401918,11104.9305891816,100.0004000016,
95.08432,22520.2682414173,3300.43565750679,904910.32756241,11805.5722300926,600.014400345608,700.019600548815,44679.7086001427,160524.144038969,1418124.94716375,13307.0793662228,0,
95.21056,26327.6967369673,3200.40965243551,949869.005061262,10604.4963064339,400.006400102402,500.010000200004,47289.282164727,179479.32865465,1475758.79524707,12105.8592358702,100.0004000016,
95.33681,24624.2302425587,3600.51847466035,976724.854530341,10304.2453490838,400.006400102402,500.010000200004,48293.1091143725,171468.040290459,1476095.26310884,10204.1632986258,0,
95.46302,24924.8251258253,3200.40965243551,955041.714943044,12606.3536022155,0,500.010000200004,43575.8219301585,170758.42515626,1459506.37144913,9003.24116682005,0,
95.5893,22219.7311212357,3200.40965243551,922638.551318529,10904.7544729502,200.0016000128,400.006400102402,47289.282164727,165386.922857016,1469143.33146991,10604.4963064339,0,
95.71556,23321.7358578195,3800.57768780855,963343.912530533,9703.76506084361,400.006400102402,400.006400102402,43174.4327220127,171873.552617271,1464660.1514202,13607.4024269202,0,
95.84173,26628.3325458288,3600.51847466035,950299.985467832,9703.76506084361,400.006400102402,100.0004000016,44378.6389482162,165792.239272326,1459730.40709883,12506.2531265633,0,
95.96794,19314.911111378,3000.36004320518,934255.62462136,10304.2453490838,100.0004000016,100.0004000016,47188.9038949381,178769.261758485,1536348.42862359,11405.2007715518,0,
96.09424,24624.2302425587,5301.12383825371,935116.56278788,12005.7627661277,100.0004000016,200.0016000128,52309.2216548153,170352.948757189,1373250.30089741,13707.5117164206,0,
96.22048,26327.6967369673,3500.49006860961,915221.979425387,9403.53572943427,300.003600043201,100.0004000016,42070.6787402837,157688.390833746,1458722.2765508,11405.2007715518,0,
96.34677,26327.6967369673,4300.73972723308,935762.303925637,9603.68781612139,100.0004000016,100.0004000016,44278.2840061228,173597.125779375,1460738.61447339,13807.6218072376,0,
96.473,24724.4277346018,4000.64010241639,936085.186553074,14708.648685427,1000.04000160006,100.0004000016,42070.6787402837,173698.519786527,1375728.5701564,12906.6598364756,0,
96.5992,23622.2994506814,3700.5476810568,970032.659913073,10204.1632986258,100.0004000016,300.003600043201,39763.1438724695,168021.712955692,1420246.78624118,13407.186251831,0,
96.72548,24223.4482979524,4500.81014582625,912213.566391237,7602.31110257518,400.006400102402,300.003600043201,43876.872280235,167413.635503368,1364163.31361442,11605.3848985929,0,
96.85169,24023.0621396541,3000.36004320518,922316.003401008,12606.3536022155,200.0016000128,100.0004000016,44378.6389482162,163259.225857363,1475310.18473412,11505.2924345199,0,
96.9779,20817.3200102485,3500.49006860961,922531.034454154,10504.4118529783,300.003600043201,200.0016000128,39662.8259162513,158093.45929823,1422480.66931314,14308.184281409,200.0016000128,
97.10415,24524.0335528818,3000.36004320518,900401.559825784,8903.16952835209,400.006400102402,400.006400102402,38960.6227289663,155359.50027369,1459163.63520927,12506.2531265633,0,
97.23043,27229.6258329062,3500.49006860961,930166.948786883,8903.16952835209,400.006400102402,200.0016000128,44278.2840061228,173394.340215404,1473207.16101025,13006.7635170289,0,
97.35671,27329.8441898553,5201.0818250196,923606.243233939,11505.2924345199,300.003600043201,200.0016000128,37255.4360889003,167210.949548802,1457042.22967253,11104.9305891816,0,
97.48298,25325.6295370915,2900.33643902693,936408.077219949,9603.68781612139,400.006400102402,0,38358.7656289435,179783.655298834,1381994.39435383,10804.6676164103,100.0004000016,
97.60926,24023.0621396541,3400.46246289495,890637.945318973,11605.3848985929,300.003600043201,200.0016000128,38057.8479288519,150399.388342287,1305510.94115151,10704.5815609081,100.0004000016,
97.73554,23421.922919853,5401.16665199683,896084.153636935,10404.3282005314,500.010000200004,700.019600548815,38057.8479288519,172481.845606093,1444280.84249363,14308.184281409,0,
97.86178,23722.4889194957,4400.77453631839,956959.905765742,10304.2453490838,400.006400102402,500.010000200004,35450.1974796312,165893.570416184,1359206.77509643,15709.8657957197,0,
97.98803,24824.6260290208,3200.40965243551,989473.09156181,9203.38684635946,300.003600043201,300.003600043201,38258.4589252378,170961.168254787,1448424.46842029,13206.9732818928,0,
98.11429,22019.3770518056,3800.57768780855,899435.599499416,10604.4963064339,400.006400102402,200.0016000128,41468.6721210324,159004.911037759,1484772.41755223,14508.4148806308,0,
98.24056,23021.1794851263,3600.51847466035,920595.883394644,11605.3848985929,500.010000200004,600.014400345608,42271.354045629,165285.59579317,1486530.01029796,11405.2007715518,0,
98.36679,21919.201220269,3200.40965243551,951054.235627268,10104.0820491479,100.0004000016,200.0016000128,48694.6624237518,171569.417147276,1356517.22872818,12406.1534521122,0,
98.49295,24023.0621396541,4500.81014582625,920595.883394644,10304.2453490838,400.006400102402,0,42472.032567234,154043.361546108,1378431.30634433,12406.1534521122,0,
98.61913,21618.6785382571,2300.21161946899,916941.386245361,11205.0198488923,600.014400345608,100.0004000016,38860.311202987,155258.253943338,1370417.87618983,14608.5313823273,0,
98.74542,20817.3200102485,3800.57768780855,964530.374346213,8703.02865397158,300.003600043201,200.0016000128,37857.2401471024,167717.670556589,1399685.17299337,14007.84439286,0,
98.8717,22219.7311212357,3600.51847466035,935654.678169648,10404.3282005314,500.010000200004,200.0016000128,41769.6718125834,154650.79307583,1340206.71077746,11905.6670975384,100.0004000016,
98.99799,22019.3770518056,3200.40965243551,889029.264958681,8803.09869073914,300.003600043201,200.0016000128,42271.354045629,154043.361546108,1391352.08174985,12205.9565067753,0,
99.12426,22119.5536854579,4500.81014582625,948683.882753467,10604.4963064339,300.003600043201,600.014400345608,47188.9038949381,164171.051942875,1403727.78390344,13307.0793662228,100.0004000016,
99.25053,21017.6548300572,3500.49006860961,948037.498027949,12205.9565067753,100.0004000016,200.0016000128,38258.4589252378,157587.125755734,1290661.13651373,12906.6598364756,0,
99.37672,18814.1482394761,3700.5476810568,1050348.84369062,12906.6598364756,300.003600043201,100.0004000016,40866.6944453348,167413.635503368,1381326.24203284,13607.4024269202,0,
99.50298,19415.0660912868,3000.36004320518,901582.275858068,12306.0545788528,100.0004000016,200.0016000128,34848.5091247016,156675.776737521,1314681.48709528,12105.8592358702,200.0016000128,
99.62917,20616.9883984403,3800.57768780855,1075944.33038114,11004.8421305374,700.019600548815,200.0016000128,35149.3496869605,160321.56903791,1348628.18502218,13307.0793662228,100.0004000016,
99.75548,22219.7311212357,3100.38444767151,912320.997686548,9503.61137232148,100.0004000016,500.010000200004,41468.6721210324,162043.560529812,1298072.87721956,13907.7326993809,0,
99.88179,23021.1794851263,2900.33643902693,946529.392228495,10904.7544729502,100.0004000016,300.003600043201,32341.7855869784,163157.91592687,1387675.05583632,15109.1259120509,200.0016000128,
100.00811,19415.0660912868,2200.1936170383,1006124.96255118,10604.4963064339,200.0016000128,200.0016000128,32241.5270868879,160422.856130689,1345740.42068878,14308.184281409,0,
100.13426,20416.6599945556,2700.2916314962,954071.674764337,10004.0016006403,500.010000200004,600.014400345608,36653.6609596449,162448.769254306,1354850.13578019,12506.2531265633,0,
100.26063,25125.2257266295,2900.33643902693,982124.298482644,9903.92195309342,700.019600548815,200.0016000128,32943.3534531443,149184.965213647,1421163.50657133,13106.8679988314,0,
100.38686,18213.259252736,3300.43565750679,905017.698308091,12706.4548790786,500.010000200004,0,33344.4147604609,152322.464847114,1310804.26866488,11905.6670975384,100.0004000016,
100.51314,22420.0883992057,4000.64010241639,954933.92912019,11405.2007715518,300.003600043201,100.0004000016,40465.3920735909,155561.995379426,1334861.45756084,11505.2924345199,100.0004000016,
100.63946,19014.4509827469,1600.10240655402,999157.870309574,13006.7635170289,400.006400102402,200.0016000128,37656.6355799122,152727.360533157,1260945.56211029,11705.4781637807,0,
100.7657,18513.7001381022,3500.49006860961,915453.711132465,12205.9565067753,200.0016000128,500.010000200004,38459.0731363374,151411.497213224,1284027.30174484,12406.1534521122,0,
100.89199,19615.3784567101,3000.36004320518,980612.227931029,12005.7627661277,400.006400102402,100.0004000016,43575.8219301585,172786.003125453,1318116.54925278,11305.1099096792,0,
101.01824,25225.4272306485,3600.51847466035,1001905.41962915,10404.3282005314,700.019600548815,200.0016000128,44478.9946945776,157080.812593836,1272536.58187994,11805.5722300926,0,
101.14448,23121.3641404658,2700.2916314962,943082.951451152,11705.4781637807,500.010000200004,400.006400102402,43074.0874303803,161131.888614688,1402163.44225236,9503.61137232148,0,
101.27077,26728.5460872212,4200.70571856072,995632.733700738,10004.0016006403,700.019600548815,500.010000200004,44679.7086001427,160726.722302066,1344963.05382381,9003.24116682005,0,
101.39709,23221.549598027,3400.46246289495,986337.423236359,10904.7544729502,500.010000200004,600.014400345608,43977.2240053534,157182.073595827,1322993.66142313,9203.38684635946,100.0004000016,
101.5234,22319.9093591484,3400.46246289495,998984.999625615,13006.7635170289,100.0004000016,300.003600043201,45181.5074394207,152524.911060672,1296413.16924372,9503.61137232148,100.0004000016,
101.64959,24323.6425805883,4000.64010241639,976616.88854161,10704.5815609081,500.010000200004,300.003600043201,42472.032567234,152828.586491523,1179119.20894271,11905.6670975384,100.0004000016,
101.7759,21618.6785382571,3100.38444767151,984608.796517647,11004.8421305374,900.032401166442,200.0016000128,42773.0563802976,161334.476664372,1349183.59689543,11104.9305891816,0,
101.90206,25626.2412710616,4000.64010241639,988066.27996424,9503.61137232148,400.006400102402,300.003600043201,51204.6623298021,146452.941933823,1343511.06978945,10804.6676164103,100.0004000016,
102.02822,18413.5523745477,4100.67251029169,952239.574466318,10604.4963064339,500.010000200004,100.0004000016,38659.6905622281,149286.162661559,1260173.19109423,9403.53572943427,0,
102.15444,21217.9928579435,4200.70571856072,975861.151748903,10904.7544729502,400.006400102402,400.006400102402,43977.2240053534,148881.377756317,1253554.73131062,11004.8421305374,0,
102.28073,23522.1107841371,4100.67251029169,960324.317139629,10004.0016006403,500.010000200004,300.003600043201,39963.7821963854,167514.979704916,1255119.46621859,10704.5815609081,0,
102.40705,25425.8326459683,3500.49006860961,1026701.31341146,10104.0820491479,200.0016000128,400.006400102402,43274.7788177972,153840.890888675,1256091.41320786,11104.9305891816,100.0004000016,
102.53336,24824.6260290208,2800.31363512713,909919.551848028,11805.5722300926,400.006400102402,400.006400102402,46185.1654450807,150095.771564698,1331119.72349447,9503.61137232148,100.0004000016,
102.6595,20917.487019148,5201.0818250196,990119.596134334,10204.1632986258,500.010000200004,100.0004000016,43876.872280235,154650.79307583,1212988.88881566,8903.16952835209,100.0004000016,
102.78574,24123.2548176442,4200.70571856072,953209.47769685,9603.68781612139,200.0016000128,700.019600548815,40365.0684904065,148678.990190003,1301380.49238652,8502.8909829342,0,
102.91203,27931.1711870447,2900.33643902693,983960.620788,12906.6598364756,400.006400102402,300.003600043201,47289.282164727,149083.768580143,1361685.04435542,11104.9305891816,0,
103.03818,29334.3798932349,4100.67251029169,975861.151748903,9703.76506084361,0,400.006400102402,33444.6820952793,146250.593451514,1230856.72076519,7702.37233067785,100.0004000016,
103.16438,22319.9093591484,4100.67251029169,941360.074379068,10004.0016006403,100.0004000016,300.003600043201,40365.0684904065,145340.065579047,1234490.16941184,10504.4118529783,0,
103.29069,25125.2257266295,3900.60849492521,988822.72712152,11004.8421305374,600.014400345608,300.003600043201,38358.7656289435,148678.990190003,1296423.95386853,9003.24116682005,100.0004000016,
103.41701,24423.8376655616,5101.04061228491,983312.477394518,10004.0016006403,300.003600043201,0,40866.6944453348,145947.076833944,1298736.81907311,8502.8909829342,0,
103.54341,20717.1538033492,4200.70571856072,994335.314448275,8903.16952835209,200.0016000128,300.003600043201,38860.311202987,145036.570941189,1316250.1079405,7402.19104855037,0,
103.66973,24323.6425805883,3600.51847466035,1007856.45327741,9703.76506084361,100.0004000016,100.0004000016,37656.6355799122,151613.928762581,1202249.72202667,8703.02865397158,0,
103.79602,23522.1107841371,4500.81014582625,968953.596596197,9903.92195309342,500.010000200004,700.019600548815,39261.5621294189,146857.648668222,1280048.6075779,9903.92195309342,0,
103.92235,28131.6199408135,3200.40965243551,972838.644259379,8202.69048247825,700.019600548815,300.003600043201,36753.9548056547,152423.687546532,1273972.37239257,8102.62525058119,0,
104.04865,22119.5536854579,3800.57768780855,991200.41918608,7902.49718911176,500.010000200004,200.0016000128,35249.6314811254,153840.890888675,1248703.31405629,9703.76506084361,0,
104.17485,22219.7311212357,3700.5476810568,945775.405065446,10704.5815609081,300.003600043201,100.0004000016,40264.7457111035,150196.976342719,1295085.55369036,9503.61137232148,100.0004000016,
104.30116,24323.6425805883,2800.31363512713,979964.25156919,10904.7544729502,100.0004000016,300.003600043201,37957.5436361524,147464.733195458,1269002.99676786,11004.8421305374,0,
104.42744,23722.4889194957,3600.51847466035,948145.226579204,8602.95941803981,300.003600043201,300.003600043201,36152.2037822616,145137.735006457,1274414.18566132,8302.75651516303,100.0004000016,
104.55381,21919.201220269,3200.40965243551,997082.56057791,9103.31360615264,400.006400102402,100.0004000016,34748.2305439951,153638.423490681,1287012.11305518,8302.75651516303,0,
104.6801,21217.9928579435,3700.5476810568,956011.82763547,8502.8909829342,300.003600043201,600.014400345608,33043.6175751993,148476.605881122,1317902.28744649,7802.43435952017,0,
104.80634,26227.4864057532,3800.57768780855,960108.658630802,9803.84310649775,500.010000200004,200.0016000128,40565.7164606663,142710.022085357,1265801.50618612,9503.61137232148,400.006400102402,
104.93264,20917.487019148,3300.43565750679,973810.087812257,10404.3282005314,400.006400102402,300.003600043201,34347.1242544771,148375.414948194,1295970.6158306,8202.69048247825,0,
105.05888,21618.6785382571,3200.40965243551,947067.981318111,8402.82334864514,300.003600043201,300.003600043201,38358.7656289435,135834.04719102,1261728.18424258,7702.37233067785,0,
105.18514,21117.8234429859,3300.43565750679,953101.707091218,9503.61137232148,100.0004000016,300.003600043201,33946.0308177889,147262.368429523,1269444.64292469,7302.132222609,0,
105.3113,20416.6599945556,3800.57768780855,945559.988210338,8502.8909829342,200.0016000128,0,54116.8924877736,155359.50027369,1313130.46260588,8903.16952835209,0,
105.43762,23722.4889194957,3100.38444767151,979856.258651292,9603.68781612139,400.006400102402,100.0004000016,39161.2481921726,149184.965213647,1306263.83709478,8703.02865397158,100.0004000016,
105.56397,22720.6303323418,3100.38444767151,1024100.39889741,9703.76506084361,1000.04000160006,300.003600043201,35550.4816839913,148274.224829595,1339078.76438114,6601.74286011507,0,
105.69028,20917.487019148,3900.60849492521,973486.265220463,9503.61137232148,200.0016000128,100.0004000016,35049.0686961746,149690.960597476,1269113.40691487,7702.37233067785,100.0004000016,
105.81663,20917.487019148,2800.31363512713,908454.032184518,9103.31360615264,200.0016000128,300.003600043201,35049.0686961746,143923.819945367,1303274.65248114,7302.132222609,200.0016000128,
105.94285,19615.3784567101,2700.2916314962,981476.246695156,8803.09869073914,800.025600819226,200.0016000128,39462.1924152464,150804.222115806,1330090.87040961,7602.31110257518,0,
106.06912,21418.3340939844,3100.38444767151,976292.995960167,8402.82334864514,100.0004000016,300.003600043201,36051.9147572504,148780.183565976,1239446.49461986,7202.07419736884,200.0016000128,
106.19535,18113.1138944596,2500.2500250025,906306.21668449,7702.37233067785,300.003600043201,200.0016000128,36252.4936107484,140687.286052751,1278943.62851244,7702.37233067785,100.0004000016,
106.3216,17812.6826300326,2400.23042212052,921133.39637353,7902.49718911176,400.006400102402,0,38057.8479288519,139271.564467148,1270548.82328958,9503.61137232148,0,
106.44791,22319.9093591484,3300.43565750679,960647.811621232,8102.62525058119,300.003600043201,200.0016000128,40465.3920735909,152423.687546532,1379544.6679554,7001.96054895371,0,
106.57419,23221.549598027,3600.51847466035,943082.951451152,11805.5722300926,400.006400102402,400.006400102402,39763.1438724695,147161.187267892,1304713.8047138,7802.43435952017,100.0004000016,
106.70048,23522.1107841371,3300.43565750679,953209.47769685,6901.90492575951,400.006400102402,400.006400102402,40766.3676465285,153435.959352048,1315900.27747485,7302.132222609,0,
106.82674,20516.8237955123,3700.5476810568,926939.957355369,7802.43435952017,300.003600043201,100.0004000016,41468.6721210324,149792.162117572,1310471.9888191,7202.07419736884,0,
106.95306,23622.2994506814,3800.57768780855,929091.195725226,7502.25067520256,600.014400345608,0,35349.9140786791,151209.068922361,1333197.10292699,6401.6388195378,100.0004000016,
107.07933,26528.1198069954,3500.49006860961,934255.62462136,9803.84310649775,400.006400102402,300.003600043201,40967.0220480706,151107.855998841,1323769.73229779,8502.8909829342,0,
107.20561,20717.1538033492,3400.46246289495,946744.825181212,9103.31360615264,300.003600043201,200.0016000128,37756.9374616922,152322.464847114,1358518.01868292,6501.69043951427,0,
107.33189,19415.0660912868,5001.00020004001,1002616.71986235,8903.16952835209,100.0004000016,200.0016000128,40164.423735672,140788.415124698,1307038.92179023,5901.39272868397,100.0004000016,
107.45821,18113.1138944596,3000.36004320518,905125.069943838,8402.82334864514,400.006400102402,400.006400102402,35349.9140786791,154853.276771807,1330312.71985811,6801.85010322808,0,
107.58439,19515.221873061,3300.43565750679,840050.79088201,8602.95941803981,200.0016000128,300.003600043201,37756.9374616922,142608.877553483,1233719.35376905,8803.09869073914,0,
107.71055,20416.6599945556,3800.57768780855,894070.465016075,8202.69048247825,400.006400102402,100.0004000016,40766.3676465285,153132.269255226,1310582.74783517,7001.96054895371,0,
107.83679,20616.9883984403,2800.31363512713,908239.234608433,9403.53572943427,400.006400102402,600.014400345608,39060.9350586916,159207.464837492,1360185.57570645,6801.85010322808,0,
107.96308,21819.0261908384,3100.38444767151,892997.704844683,8703.02865397158,200.0016000128,100.0004000016,39763.1438724695,145340.065579047,1289112.94223546,6201.53798141939,0,
108.08929,21718.8519635043,4300.73972723308,885062.041316701,9303.46088745013,100.0004000016,200.0016000128,39562.5087638469,151613.928762581,1372977.19264932,7302.132222609,0,
108.21555,21017.6548300572,4400.77453631839,910817.040611578,10304.2453490838,100.0004000016,300.003600043201,38960.6227289663,148678.990190003,1305045.93913223,6801.85010322808,0,
108.34184,19114.6035571176,3000.36004320518,920058.392707547,10004.0016006403,100.0004000016,300.003600043201,42873.3992595323,146351.767285602,1281554.33831455,7602.31110257518,0,
108.46808,20316.4969955604,3200.40965243551,912858.167525592,9703.76506084361,400.006400102402,200.0016000128,40164.423735672,145643.56754321,1294753.67074761,6001.44034568296,100.0004000016,
108.59436,24524.0335528818,3100.38444767151,891495.989925101,9103.31360615264,500.010000200004,200.0016000128,44177.9298682877,154549.552450254,1285353.80086216,7302.132222609,0,
108.72059,21819.0261908384,2400.23042212052,894714.163787175,9303.46088745013,500.010000200004,400.006400102402,41970.3422936842,154752.034516345,1322439.35309973,5901.39272868397,0,
108.84687,21017.6548300572,3900.60849492521,892783.163476676,10204.1632986258,500.010000200004,400.006400102402,39060.9350586916,144834.245252655,1240107.47948024,7902.49718911176,200.0016000128,
108.97315,20216.3347985172,3400.46246289495,859893.167609346,9303.46088745013,100.0004000016,500.010000200004,38459.0731363374,148375.414948194,1311911.92876839,7502.25067520256,100.0004000016,
109.09943,20516.8237955123,3300.43565750679,911568.997325926,9003.24116682005,300.003600043201,300.003600043201,42873.3992595323,157182.073595827,1289555.2648515,9703.76506084361,0,
109.22572,19314.911111378,2600.27042812453,887956.922439681,11605.3848985929,200.0016000128,200.0016000128,42672.714305176,148071.847035344,1273861.92139701,8202.69048247825,100.0004000016,
109.35197,22820.8125810739,3700.5476810568,931242.791114504,9503.61137232148,300.003600043201,100.0004000016,40766.3676465285,163157.91592687,1329869.02469952,7001.96054895371,0,
109.47829,19214.7569333248,3600.51847466035,901904.308004724,8402.82334864514,200.0016000128,800.025600819226,42070.6787402837,155764.493745271,1357739.89760545,7902.49718911176,0,
109.60456,19715.5358422437,3100.38444767151,899864.906304649,9203.38684635946,400.006400102402,100.0004000016,40264.7457111035,158194.728452509,1317229.99574714,7202.07419736884,0,
109.73083,19715.5358422437,3000.36004320518,890530.693741948,9203.38684635946,300.003600043201,100.0004000016,37456.0342272039,149387.360923888,1290992.91615487,6901.90492575951,100.0004000016,
109.85711,20917.487019148,3000.36004320518,916726.447915673,11004.8421305374,300.003600043201,100.0004000016,43274.7788177972,162246.163260705,1307989.21041051,8002.56081946223,0,
109.98335,21919.201220269,4100.67251029169,933932.787545073,11705.4781637807,300.003600043201,600.014400345608,42672.714305176,155966.995371302,1361519.77324875,7001.96054895371,100.0004000016,
110.10963,21217.9928579435,2200.1936170383,863210.514119244,8602.95941803981,400.006400102402,200.0016000128,42973.74294289,145340.065579047,1294864.29746433,6601.74286011507,0,
110.23591,18012.9693379233,2400.23042212052,879595.698604158,9003.24116682005,400.006400102402,400.006400102402,42672.714305176,152727.360533157,1300507.49459262,5301.12383825371,0,
110.36219,19214.7569333248,2900.33643902693,869740.681719406,8102.62525058119,300.003600043201,400.006400102402,41067.3504547458,141294.072688509,1290882.32201073,7001.96054895371,0,
110.48841,19515.221873061,3300.43565750679,871882.438166201,9603.68781612139,400.006400102402,200.0016000128,38358.7656289435,159207.464837492,1309585.95026015,7402.19104855037,0,
110.61478,20416.6599945556,2900.33643902693,908454.032184518,8703.02865397158,300.003600043201,100.0004000016,42371.6929043942,150298.181935245,1356628.37575696,7702.37233067785,0,
110.74109,22820.8125810739,3500.49006860961,885169.247590608,10304.2453490838,300.003600043201,300.003600043201,41569.0045475489,147970.659359672,1295306.8136399,7802.43435952017,200.0016000128,
110.86742,20016.0128102482,3100.38444767151,925972.016542844,8602.95941803981,300.003600043201,200.0016000128,46084.7960246854,162853.991029946,1339522.76999064,7302.132222609,0,
110.99372,16711.163056922,3100.38444767151,880667.348535982,8502.8909829342,500.010000200004,200.0016000128,43274.7788177972,161942.260387856,1305820.95206027,6901.90492575951,0,
111.12001,18413.5523745477,4800.92177698118,911461.57226603,9203.38684635946,100.0004000016,400.006400102402,42171.0159909287,152221.242962408,1347517.43151753,7902.49718911176,0,
111.24617,22219.7311212357,3800.57768780855,817914.153744262,10604.4963064339,300.003600043201,200.0016000128,41870.0066511207,151715.14575922,1312119.6591755,6801.85010322808,0,
111.37247,20817.3200102485,3700.5476810568,951054.235627268,10304.2453490838,400.006400102402,500.010000200004,46988.1497689666,164576.329192922,1327096.2687133,6501.69043951427,0,
111.49871,22820.8125810739,1900.14441097523,890423.443053496,10504.4118529783,600.014400345608,600.014400345608,38559.381447429,143923.819945367,1288338.91347141,7902.49718911176,0,
111.62503,20817.3200102485,3200.40965243551,909528.073491858,9403.53572943427,300.003600043201,300.003600043201,40666.0416516423,154549.552450254,1302721.17432181,7702.37233067785,0,
111.75123,19415.0660912868,2900.33643902693,887206.33553133,9803.84310649775,300.003600043201,200.0016000128,39662.8259162513,152828.586491523,1314792.28155565,7902.49718911176,0,
111.87753,18914.2992102029,3000.36004320518,921885.951996815,8803.09869073914,100.0004000016,200.0016000128,36051.9147572504,156979.55240702,1280159.11059532,7202.07419736884,200.0016000128,
112.00385,22119.5536854579,2800.31363512713,910494.786808449,9503.61137232148,200.0016000128,400.006400102402,37857.2401471024,160524.144038969,1294421.79618247,7302.132222609,0,
112.13007,18513.7001381022,2600.27042812453,920918.388506872,8803.09869073914,200.0016000128,100.0004000016,37456.0342272039,153739.656782253,1286790.99267335,6901.90492575951,0,
112.25637,19915.8530190031,2600.27042812453,967658.838975586,9003.24116682005,200.0016000128,300.003600043201,40766.3676465285,156169.500257599,1356517.22872818,6801.85010322808,0,
112.38262,15910.1188355794,2800.31363512713,898362.394749055,8602.95941803981,500.010000200004,200.0016000128,40264.7457111035,143721.512163527,1289776.43174122,7001.96054895371,0,
112.50883,18914.2992102029,2600.27042812453,935224.184077847,9003.24116682005,100.0004000016,500.010000200004,38760.0004807442,153739.656782253,1268340.55537576,5901.39272868397,0,
112.63504,18814.1482394761,2800.31363512713,993623.711025137,7602.31110257518,300.003600043201,400.006400102402,40666.0416516423,151107.855998841,1264918.47369306,6401.6388195378,0,
112.76128,20216.3347985172,2300.21161946899,902977.806328616,9103.31360615264,400.006400102402,400.006400102402,35650.7666917691,154347.073643879,1257856.35062011,7402.19104855037,0,
112.88751,19715.5358422437,3700.5476810568,922100.975915258,8803.09869073914,200.0016000128,300.003600043201,42171.0159909287,150500.595563854,1262490.44045348,6501.69043951427,100.0004000016,
113.01374,20516.8237955123,2800.31363512713,921679.640327456,8803.09869073914,900.032401166442,500.010000200004,39562.5087638469,146756.470763375,1268230.1517253,5601.25468104855,0,
113.14004,20717.1538033492,3000.36004320518,940283.392408005,9403.53572943427,200.0016000128,0,40064.1025641026,143418.056594817,1262159.37979284,7102.01697282028,0,
113.26635,19214.7569333248,2300.21161946899,911891.277850101,9203.38684635946,400.006400102402,400.006400102402,41268.0096799526,143519.207637193,1222712.64522138,6201.53798141939,0,
113.39258,21718.8519635043,4200.70571856072,913180.480119408,8502.8909829342,500.010000200004,300.003600043201,35249.6314811254,152322.464847114,1292209.51315241,7202.07419736884,0,
113.5188,19515.221873061,3500.49006860961,948658.666839087,7102.01697282028,500.010000200004,100.0004000016,33645.2191745706,145137.735006457,1280601.13195805,7702.37233067785,0,
113.645,18313.4054127621,2700.2916314962,893212.249767997,9003.24116682005,600.014400345608,200.0016000128,37656.6355799122,152120.021892405,1251680.10752688,7102.01697282028,100.0004000016,
113.77133,17512.2585810067,3300.43565750679,964314.645950605,7402.19104855037,400.006400102402,100.0004000016,36753.9548056547,146756.470763375,1260283.52702918,6601.74286011507,0,
113.89763,17211.841747122,2000.16001280102,895787.066193775,8102.62525058119,100.0004000016,400.006400102402,33043.6175751993,140485.030349594,1236802.88814726,6501.69043951427,0,
114.02394,18413.5523745477,3100.38444767151,972946.578843477,8402.82334864514,200.0016000128,0,35751.0525029742,155359.50027369,1293426.22274949,7001.96054895371,0,
114.15022,19014.4509827469,2700.2916314962,938991.492010791,8302.75651516303,300.003600043201,400.006400102402,36152.2037822616,136036.228066295,1256091.41320786,7502.25067520256,0,
114.27647,18413.5523745477,3700.5476810568,962157.559141795,7702.37233067785,600.014400345608,200.0016000128,36453.0756781874,149387.360923888,1212154.89076871,7602.31110257518,100.0004000016,
114.40278,22319.9093591484,2900.33643902693,965177.581042512,8502.8909829342,300.003600043201,400.006400102402,35249.6314811254,142608.877553483,1307149.6519038,7202.07419736884,100.0004000016,
114.52907,19114.6035571176,4400.77453631839,970032.659913073,6901.90492575951,500.010000200004,300.003600043201,34547.6757925938,148375.414948194,1233829.46751622,7202.07419736884,0,
114.65533,19515.221873061,3400.46246289495,979748.266631196,8803.09869073914,100.0004000016,200.0016000128,35550.4816839913,147161.187267892,1242200.81791692,7102.01697282028,0,
114.78162,17111.7044058136,2100.17641481884,891281.473441759,7302.132222609,300.003600043201,400.006400102402,35751.0525029742,141597.47699041,1216003.08719652,7502.25067520256,200.0016000128,
114.90785,19014.4509827469,2300.21161946899,962804.647549734,8102.62525058119,300.003600043201,500.010000200004,35249.6314811254,145643.56754321,1336902.35176546,6701.7960813498,100.0004000016,
115.03415,23321.7358578195,2800.31363512713,971111.812908266,7402.19104855037,300.003600043201,200.0016000128,31639.9929510902,152929.813264649,1278059.71216065,6701.7960813498,0,
115.16039,19815.6940296715,3000.36004320518,944052.170375628,8102.62525058119,500.010000200004,100.0004000016,35751.0525029742,148071.847035344,1272647.02173273,6301.58800017604,0,
115.2866,20516.8237955123,2900.33643902693,924896.611512313,7902.49718911176,100.0004000016,0,35049.0686961746,147262.368429523,1095684.14388984,8202.69048247825,0,
115.41292,21117.8234429859,4100.67251029169,931565.561221314,7001.96054895371,200.0016000128,400.006400102402,32742.827618525,144024.975057127,1259731.85662607,6401.6388195378,100.0004000016,
115.5391,18513.7001381022,4400.77453631839,971219.733140523,7802.43435952017,400.006400102402,200.0016000128,36453.0756781874,161334.476664372,1374869.18064886,7702.37233067785,0,
115.6653,19415.0660912868,2000.16001280102,971867.273369486,8102.62525058119,0,200.0016000128,35349.9140786791,150905.432595573,1305820.95206027,7102.01697282028,0,
115.79159,18814.1482394761,3000.36004320518,954884.596034078,6001.44034568296,300.003600043201,300.003600043201,35650.7666917691,146250.593451514,1295528.07731306,8302.75651516303,0,
115.9179,20216.3347985172,2600.27042812453,927585.291384575,5401.16665199683,600.014400345608,100.0004000016,33645.2191745706,150399.388342287,1290661.13651373,7402.19104855037,0,
116.04411,18113.1138944596,3200.40965243551,1027676.79039183,7702.37233067785,500.010000200004,300.003600043201,33544.9502333126,137350.483039327,1262049.02809409,9503.61137232148,0,
116.17025,18313.4054127621,3200.40965243551,945667.696190761,7302.132222609,600.014400345608,300.003600043201,34246.8496903764,151715.14575922,1297519.61794964,8302.75651516303,0,
116.29649,20316.4969955604,3100.38444767151,978560.413661813,8502.8909829342,100.0004000016,200.0016000128,33444.6820952793,152727.360533157,1299068.80257184,7902.49718911176,100.0004000016,
116.42274,20116.1734034163,2300.21161946899,963883.199913592,7602.31110257518,700.019600548815,400.006400102402,36252.4936107484,150095.771564698,1313684.3789339,5801.34591225164,100.0004000016,
116.54895,21418.3340939844,3100.38444767151,997254.689904746,7402.19104855037,100.0004000016,300.003600043201,32241.5270868879,147869.47249829,1324213.22191522,7802.43435952017,0,
116.67526,19114.6035571176,3200.40965243551,975969.11145561,6101.48876325823,400.006400102402,300.003600043201,35650.7666917691,164475.008656579,1368415.27933644,7402.19104855037,0,
116.80155,21919.201220269,3300.43565750679,1014459.87737824,8903.16952835209,200.0016000128,300.003600043201,37155.1382251261,152626.135389544,1322550.21289679,7702.37233067785,200.0016000128,
116.92778,19314.911111378,2600.27042812453,963991.060078598,8302.75651516303,800.025600819226,400.006400102402,36252.4936107484,152120.021892405,1321219.95695954,9103.31360615264,0,
117.05404,18814.1482394761,4600.84655576626,984500.764983703,7602.31110257518,0,300.003600043201,37255.4360889003,152120.021892405,1338856.76718979,8102.62525058119,0,
117.18029,24023.0621396541,4300.73972723308,962588.947829735,6201.53798141939,0,400.006400102402,34647.952766629,143013.460563686,1213814.97856866,8803.09869073914,0,
117.30653,17712.5404786589,3200.40965243551,928553.352665663,6101.48876325823,200.0016000128,100.0004000016,34647.952766629,147970.659359672,1328538.02894033,7001.96054895371,0,
117.43285,20516.8237955123,3600.51847466035,956443.012110238,5801.34591225164,400.006400102402,500.010000200004,36152.2037822616,157182.073595827,1335194.35373433,7202.07419736884,0,
117.55908,19915.8530190031,2800.31363512713,978128.494058282,7802.43435952017,0,200.0016000128,37456.0342272039,152322.464847114,1350849.97301673,5801.34591225164,0,
117.68536,20516.8237955123,3100.38444767151,947283.423214723,6401.6388195378,700.019600548815,200.0016000128,35249.6314811254,159612.582221614,1368749.02435629,8002.56081946223,0,
117.8116,19615.3784567101,3200.40965243551,958491.334017253,6901.90492575951,200.0016000128,100.0004000016,38559.381447429,149387.360923888,1318005.72679805,7802.43435952017,200.0016000128,
117.93787,21418.3340939844,3500.49006860961,942329.164573986,7802.43435952017,0,200.0016000128,35349.9140786791,152423.687546532,1300618.16972946,8703.02865397158,0,
118.06419,21819.0261908384,2300.21161946899,931995.933863038,8202.69048247825,300.003600043201,100.0004000016,33344.4147604609,142912.313590448,1358295.69368708,9203.38684635946,100.0004000016,
118.19035,20917.487019148,3700.5476810568,934040.399010772,6101.48876325823,100.0004000016,700.019600548815,35349.9140786791,151107.855998841,1377874.66078053,8602.95941803981,0,
118.31654,20817.3200102485,3000.36004320518,934363.238766271,7502.25067520256,700.019600548815,500.010000200004,33344.4147604609,154549.552450254,1357295.27761612,11405.2007715518,200.0016000128,
118.44283,23822.6791905894,4000.64010241639,968198.305626997,8102.62525058119,400.006400102402,400.006400102402,51907.5524486736,245117.880048328,1431867.1048013,7602.31110257518,200.0016000128,
118.56911,20817.3200102485,3300.43565750679,955796.240770119,8703.02865397158,400.006400102402,0,37957.5436361524,149690.960597476,1342187.11803829,8002.56081946223,100.0004000016,
118.69534,20016.0128102482,4200.70571856072,922100.975915258,8202.69048247825,500.010000200004,100.0004000016,34848.5091247016,162144.861487425,1388120.70137514,8502.8909829342,0,
118.82164,20316.4969955604,4100.67251029169,993623.711025137,6501.69043951427,0,500.010000200004,34447.3996218797,161030.595813205,1383989.46768639,8202.69048247825,0,
118.9479,20116.1734034163,2600.27042812453,919305.943193176,7702.37233067785,100.0004000016,200.0016000128,32141.2693898966,148071.847035344,1436674.64701752,8302.75651516303,0,
119.07416,19415.0660912868,4000.64010241639,862879.197930313,5801.34591225164,400.006400102402,0,37656.6355799122,155865.744150758,1373756.21365696,8102.62525058119,0,
119.20049,20817.3200102485,2400.23042212052,921240.901644444,8202.69048247825,300.003600043201,200.0016000128,35550.4816839913,155561.995379426,1384890.11220966,7702.37233067785,0,
119.3268,21518.505915087,3200.40965243551,912320.997686548,8402.82334864514,0,100.0004000016,35450.1974796312,149184.965213647,1462531.17286172,9103.31360615264,0,
119.45311,20416.6599945556,4700.88376614804,916511.513151075,8102.62525058119,700.019600548815,300.003600043201,32642.5659059413,159308.742960425,1392577.98478943,9803.84310649775,0,
119.57942,20316.4969955604,2700.2916314962,914577.260684062,7502.25067520256,600.014400345608,200.0016000128,37155.1382251261,153334.728504966,1397371.24418202,9003.24116682005,100.0004000016,
119.70563,22820.8125810739,2600.27042812453,913610.242717239,6301.58800017604,300.003600043201,800.025600819226,39562.5087638469,164677.650545168,1411315.02993987,8102.62525058119,0,
119.83179,21418.3340939844,3200.40965243551,902226.348159077,7302.132222609,200.0016000128,500.010000200004,38358.7656289435,146149.420431548,1304381.67868251,7302.132222609,100.0004000016,
119.9581,22920.9956319989,3500.49006860961,978404.772992936,8602.95941803981,600.014400345608,300.003600043201,37255.4360889003,162955.298513171,1466004.945967,8803.09869073914,0,
120.08439,22620.4488857928,3400.46246289495,912535.862949634,9003.24116682005,400.006400102402,100.0004000016,38459.0731363374,161435.771912591,1353183.25371158,9103.31360615264,100.0004000016,
120.21067,24223.4482979524,3400.46246289495,905876.696316806,8502.8909829342,400.006400102402,400.006400102402,37054.8411649241,170150.215456486,1363410.11764408,8202.69048247825,0,
120.33694,22920.9956319989,3700.5476810568,909313.258106506,7102.01697282028,400.006400102402,500.010000200004,38559.381447429,174104.103983147,1455033.18644428,8602.95941803981,100.0004000016,
120.46324,24624.2302425587,3800.57768780855,899113.62873517,8302.75651516303,200.0016000128,0,39060.9350586916,165285.59579317,1437233.77705586,7102.01697282028,0,
120.58945,22920.9956319989,2900.33643902693,910817.040611578,9903.92195309342,200.0016000128,200.0016000128,41970.3422936842,164880.295697409,1414217.18825941,7602.31110257518,200.0016000128,
120.71578,26427.9078707115,4100.67251029169,915007.069613929,9403.53572943427,200.0016000128,200.0016000128,34848.5091247016,164677.650545168,1394807.19121243,6801.85010322808,0,
120.84208,23822.6791905894,3000.36004320518,897289.278936595,8402.82334864514,200.0016000128,300.003600043201,37255.4360889003,170352.948757189,1436674.64701752,6901.90492575951,0,
120.96831,24824.6260290208,4200.70571856072,934793.704276959,7402.19104855037,300.003600043201,100.0004000016,35550.4816839913,162448.769254306,1441260.21161469,6401.6388195378,0,
121.09458,28933.4470648069,3200.40965243551,918553.537364187,10804.6676164103,200.0016000128,500.010000200004,41067.3504547458,164069.734670049,1446294.9798585,6701.7960813498,0,
121.22085,24824.6260290208,3900.60849492521,902548.396321424,8302.75651516303,300.003600043201,200.0016000128,39963.7821963854,169643.396492359,1454914.47655248,10404.3282005314,0,
121.34698,24824.6260290208,3400.46246289495,937699.720287846,7502.25067520256,400.006400102402,400.006400102402,37355.7347562563,173901.310251215,1528555.17446116,9003.24116682005,0,
121.47321,27830.9480141918,4700.88376614804,936192.81588208,10704.5815609081,400.006400102402,300.003600043201,40465.3920735909,166096.235152003,1435780.08814747,8703.02865397158,0,
121.59942,25425.8326459683,4900.9605882753,893212.249767997,9803.84310649775,800.025600819226,500.010000200004,40565.7164606663,165792.239272326,1486642.25657716,9303.46088745013,0,
121.72574,24223.4482979524,3900.60849492521,925434.302875442,9603.68781612139,400.006400102402,400.006400102402,38960.6227289663,170555.685323754,1424826.65313716,10304.2453490838,0,
121.85205,28732.9854673165,3600.51847466035,918016.13137324,8402.82334864514,400.006400102402,100.0004000016,38057.8479288519,162955.298513171,1382105.75636442,7502.25067520256,0,
121.97828,29234.1454819229,5001.00020004001,876381.281232792,9603.68781612139,100.0004000016,300.003600043201,40465.3920735909,160220.28276062,1420916.9115005,8102.62525058119,0,
122.10456,24624.2302425587,5001.00020004001,826215.392670918,9803.84310649775,600.014400345608,400.006400102402,39662.8259162513,155359.50027369,1389569.15333818,8002.56081946223,0,
122.23084,27931.1711870447,4600.84655576626,932211.125540946,10504.4118529783,300.003600043201,0,40465.3920735909,170251.581698609,1401162.49598702,9603.68781612139,300.003600043201,
122.35712,28833.2158646761,5801.34591225164,829674.242223691,10404.3282005314,800.025600819226,400.006400102402,41268.0096799526,164677.650545168,1411873.08778039,8502.8909829342,0,
122.48335,32141.2693898966,5201.0818250196,930597.275005394,10004.0016006403,100.0004000016,400.006400102402,45683.3263873305,170657.054831759,1476768.2244891,8002.56081946223,0,
122.60958,30437.0114058695,3900.60849492521,913395.359636466,11405.2007715518,100.0004000016,300.003600043201,45783.6925900546,168731.173789082,1448757.12000542,9303.46088745013,0,
122.73586,29835.5639922788,3700.5476810568,933609.958506224,9303.46088745013,300.003600043201,400.006400102402,43676.1712426472,159713.863606172,1420916.9115005,7102.01697282028,100.0004000016,
122.86209,30336.7681630136,4600.84655576626,937592.078451879,10404.3282005314,500.010000200004,100.0004000016,48192.7227986646,171873.552617271,1471497.60909434,8202.69048247825,100.0004000016,
122.98836,30737.7459520291,5601.25468104855,915866.730246926,8903.16952835209,400.006400102402,200.0016000128,42973.74294289,172481.845606093,1375537.00593344,7602.31110257518,100.0004000016,
123.11459,32341.7855869784,5701.29989637637,953317.249197523,10504.4118529783,300.003600043201,100.0004000016,47690.8032894631,175422.342885224,1455586.36161612,6801.85010322808,0,
123.24085,31339.2367243789,5301.12383825371,935439.429337339,10004.0016006403,100.0004000016,500.010000200004,47389.6612390643,162550.073474646,1416115.09818342,8302.75651516303,100.0004000016,
123.36704,32141.2693898966,5001.00020004001,897718.514589739,11104.9305891816,400.006400102402,0,45081.1460629132,172786.003125453,1406851.416041,7001.96054895371,0,
123.49332,30537.255451651,6101.48876325823,966644.684513507,9203.38684635946,400.006400102402,100.0004000016,43174.4327220127,153840.890888675,1353627.73497949,6501.69043951427,0,
123.61956,37857.2401471024,4800.92177698118,936085.186553074,9203.38684635946,200.0016000128,300.003600043201,52610.4820122257,161131.888614688,1408525.09443689,7102.01697282028,0,
123.74583,33043.6175751993,3900.60849492521,946421.677093669,10304.2453490838,300.003600043201,700.019600548815,49096.2286080718,164677.650545168,1645033.82963398,8002.56081946223,0,
123.87208,34447.3996218797,5301.12383825371,950730.98019025,10804.6676164103,300.003600043201,200.0016000128,51405.4840532773,165386.922857016,1392355.0848567,7302.132222609,0,
123.99831,43475.4734218603,7402.19104855037,946529.392228495,12706.4548790786,300.003600043201,100.0004000016,60747.2513372415,165690.908944491,1405512.62605992,7302.132222609,0,
124.12467,34146.5759295679,7202.07419736884,881739.087223531,9403.53572943427,500.010000200004,600.014400345608,48795.0527627819,153031.040852547,1313795.16499802,5501.21026625858,0,
124.25087,36653.6609596449,7202.07419736884,990856.631382919,10304.2453490838,200.0016000128,300.003600043201,53012.1737596755,161435.771912591,1383989.46768639,8302.75651516303,100.0004000016,
124.37708,42572.3730341581,5201.0818250196,859037.216326362,10004.0016006403,300.003600043201,400.006400102402,43876.872280235,148577.797628389,1232618.2671362,6601.74286011507,0,
124.50331,34948.7885087582,6001.44034568296,956874.210911024,11205.0198488923,500.010000200004,200.0016000128,49397.4116958642,178566.39285815,1421251.98687815,6901.90492575951,100.0004000016,
124.6295,39763.1438724695,6301.58800017604,973702.146051166,12706.4548790786,700.019600548815,400.006400102402,50903.435781508,160321.56903791,1349739.03218463,8202.69048247825,0,
124.75582,33946.0308177889,6601.74286011507,957413.229559056,12105.8592358702,200.0016000128,400.006400102402,48293.1091143725,159207.464837492,1364633.42613684,7802.43435952017,0,
124.88198,37756.9374616922,5401.16665199683,946421.677093669,12806.5569571621,800.025600819226,500.010000200004,52610.4820122257,158194.728452509,1236945.49165262,7402.19104855037,100.0004000016,
125.00822,39963.7821963854,7001.96054895371,1014376.80834178,10204.1632986258,800.025600819226,500.010000200004,59139.5693837456,161131.888614688,1352072.11613464,7402.19104855037,0,
125.1345,41067.3504547458,8502.8909829342,935224.184077847,10804.6676164103,400.006400102402,200.0016000128,55723.9300203653,151006.643889915,1334306.64930709,7502.25067520256,0,
125.26072,41067.3504547458,6501.69043951427,1071101.94100726,11004.8421305374,200.0016000128,400.006400102402,55020.8257333103,167210.949548802,1324213.22191522,6801.85010322808,0,
125.38699,43676.1712426472,5801.34591225164,921670.931645591,10804.6676164103,400.006400102402,500.010000200004,52811.3262757894,153334.728504966,1297077.02729426,7102.01697282028,100.0004000016,
125.51329,34547.6757925938,6801.85010322808,948899.351485107,11004.8421305374,400.006400102402,300.003600043201,56828.8879177976,153435.959352048,1283585.165124,6801.85010322808,0,
125.63948,41569.0045475489,6001.44034568296,986985.71755265,11004.8421305374,300.003600043201,100.0004000016,45984.4274087224,155966.995371302,1376538.80727402,8703.02865397158,0,
125.7658,38960.6227289663,6101.48876325823,934686.086559608,9403.53572943427,200.0016000128,100.0004000016,50903.435781508,148881.377756317,1292541.33187497,8002.56081946223,100.0004000016,
125.89196,34347.1242544771,5601.25468104855,927800.409866669,11104.9305891816,200.0016000128,800.025600819226,53112.5987092636,155764.493745271,1290882.32201073,6701.7960813498,0,
126.01828,39361.8768704403,7001.96054895371,973162.450702938,11405.2007715518,400.006400102402,400.006400102402,53514.3065588096,161334.476664372,1264808.09880611,6001.44034568296,100.0004000016,
126.14458,37556.3345017526,5601.25468104855,947275.127017977,10204.1632986258,200.0016000128,300.003600043201,49799.0004128207,142305.448840437,1261276.59216868,5601.25468104855,0,
126.27082,39462.1924152464,6101.48876325823,955904.033755134,13006.7635170289,900.032401166442,400.006400102402,50602.2164772841,147565.916799781,1292098.90877273,7102.01697282028,0,
126.39709,39562.5087638469,6201.53798141939,952778.400644459,10604.4963064339,500.010000200004,200.0016000128,52710.9037414721,148071.847035344,1288560.05989586,6101.48876325823,100.0004000016,
126.52333,37957.5436361524,6301.58800017604,954395.013433995,11205.0198488923,700.019600548815,600.014400345608,53012.1737596755,149690.960597476,1307371.11492743,6901.90492575951,0,
126.64954,39060.9350586916,6201.53798141939,931888.339363362,11104.9305891816,400.006400102402,800.025600819226,52208.8031457558,150601.803599957,1150206.06758775,5401.16665199683,0,
126.77576,38258.4589252378,7902.49718911176,1047581.7640484,10804.6676164103,400.006400102402,700.019600548815,51807.1371596461,148476.605881122,1265691.1238774,6501.69043951427,0,
126.902,37756.9374616922,6301.58800017604,1000607.37418826,10904.7544729502,200.0016000128,200.0016000128,51807.1371596461,148071.847035344,1294974.92511191,7402.19104855037,0,
127.02827,42672.714305176,6501.69043951427,1039972.2950323,11104.9305891816,0,300.003600043201,45382.2326054811,147869.47249829,1258518.26332462,6701.7960813498,0,
127.15445,38258.4589252378,5801.34591225164,978560.413661813,11405.2007715518,300.003600043201,200.0016000128,43274.7788177972,140788.415124698,1242311.00287616,5801.34591225164,0,
127.28069,41167.6796653699,4900.9605882753,962481.09931376,12306.0545788528,500.010000200004,200.0016000128,50401.4076321559,145441.232086388,1265801.50618612,7001.96054895371,0,
127.40693,37255.4360889003,7302.132222609,953532.79488404,11305.1099096792,300.003600043201,300.003600043201,44780.0667593657,141698.613385038,1283585.165124,6501.69043951427,0,
127.53317,38459.0731363374,4900.9605882753,962696.797241723,11305.1099096792,400.006400102402,200.0016000128,46185.1654450807,134823.191599741,1249805.75143744,6701.7960813498,100.0004000016,
127.65938,37556.3345017526,5501.21026625858,975429.321895832,10904.7544729502,500.010000200004,100.0004000016,46988.1497689666,144429.603643327,1268561.36546083,6201.53798141939,100.0004000016,
127.78558,37656.6355799122,6301.58800017604,1000499.20958482,10904.7544729502,700.019600548815,300.003600043201,48393.4962347255,142305.448840437,1228104.77813122,7202.07419736884,100.0004000016,
127.91197,38559.381447429,5401.16665199683,975861.151748903,11405.2007715518,200.0016000128,300.003600043201,47389.6612390643,151512.712580585,1217102.77943237,5901.39272868397,0,
128.03824,37456.0342272039,5401.16665199683,980828.227234559,11405.2007715518,600.014400345608,400.006400102402,46285.535669918,135631.86956819,1233499.12904783,6101.48876325823,0,
128.16444,41970.3422936842,7001.96054895371,942975.264929664,11305.1099096792,300.003600043201,300.003600043201,42070.6787402837,144227.287722376,1254878.15636145,4800.92177698118,0,
128.29066,38057.8479288519,6201.53798141939,981800.268547888,11605.3848985929,100.0004000016,700.019600548815,49096.2286080718,148678.990190003,1229095.41095747,7502.25067520256,100.0004000016,
128.41693,35249.6314811254,5301.12383825371,981152.232924148,11205.0198488923,200.0016000128,200.0016000128,44077.5765347011,143418.056594817,1264476.97971122,7602.31110257518,0,
128.54321,36051.9147572504,5501.21026625858,929736.636850927,12306.0545788528,300.003600043201,0,42773.0563802976,138159.32364274,1188540.73260871,5901.39272868397,0,
128.66946,38659.6905622281,5501.21026625858,948683.882753467,11705.4781637807,0,300.003600043201,45081.1460629132,141496.341409452,1257304.78219041,6501.69043951427,0,
128.79566,37355.7347562563,6801.85010322808,947929.770371201,11305.1099096792,200.0016000128,300.003600043201,42271.354045629,139372.682149839,1214683.57828334,6001.44034568296,0,
128.92189,35751.0525029742,5101.04061228491,944913.759106665,9403.53572943427,300.003600043201,600.014400345608,43475.4734218603,136238.412194092,1189199.15524119,5601.25468104855,100.0004000016,
129.04821,43575.8219301585,5501.21026625858,987634.0442164,11104.9305891816,200.0016000128,200.0016000128,44278.2840061228,144935.407689925,1262490.44045348,5301.12383825371,0,
129.17448,31639.9929510902,5901.39272868397,954287.232982293,10804.6676164103,300.003600043201,300.003600043201,42973.74294289,136137.319723623,1227994.71243627,7102.01697282028,0,
129.30073,42070.6787402837,6101.48876325823,968629.895086735,11205.0198488923,900.032401166442,200.0016000128,41468.6721210324,140687.286052751,1246168.05946332,5701.29989637637,100.0004000016,
129.42704,39060.9350586916,6701.7960813498,963667.482272008,10704.5815609081,800.025600819226,400.006400102402,41870.0066511207,146655.293672699,1231186.99268884,6801.85010322808,0,
129.55325,41769.6718125834,6501.69043951427,993578.546355908,9603.68781612139,100.0004000016,200.0016000128,44780.0667593657,159106.187529939,1280490.62522338,7502.25067520256,100.0004000016,
129.67957,39261.5621294189,6201.53798141939,920273.38630746,11004.8421305374,100.0004000016,300.003600043201,57632.5548762153,163867.102571949,1355076.32633143,4900.9605882753,0,
129.80588,41569.0045475489,5201.0818250196,1000607.37418826,12506.2531265633,300.003600043201,700.019600548815,48192.7227986646,140990.675709378,1236362.33885626,5301.12383825371,0,
129.93212,41067.3504547458,6001.44034568296,969061.498892679,13707.5117164206,500.010000200004,300.003600043201,48293.1091143725,139979.405328871,1167488.6747109,5601.25468104855,0,
130.05838,41167.6796653699,4800.92177698118,912106.135986733,10804.6676164103,200.0016000128,500.010000200004,43977.2240053534,129467.014056419,1154129.42318637,6801.85010322808,100.0004000016,
130.18464,35149.3496869605,6301.58800017604,913180.480119408,11305.1099096792,200.0016000128,300.003600043201,50100.2004008016,147060.006920471,1272426.14295563,7102.01697282028,0,
130.31089,37756.9374616922,7102.01697282028,1004610.09727805,11505.2924345199,300.003600043201,400.006400102402,54317.7609056434,137350.483039327,1248923.79412444,5901.39272868397,200.0016000128,
130.43725,44780.0667593657,6001.44034568296,947606.592767883,9503.61137232148,100.0004000016,200.0016000128,50602.2164772841,129467.014056419,1216223.01826327,4600.84655576626,0,
130.56356,36152.2037822616,5201.0818250196,881524.732385034,9103.31360615264,200.0016000128,500.010000200004,51606.3089965329,136642.790207568,1182616.41838564,6801.85010322808,100.0004000016,
130.68986,37054.8411649241,6901.90492575951,935224.184077847,13507.2939387269,200.0016000128,400.006400102402,48192.7227986646,141698.613385038,1268782.17925817,6601.74286011507,300.003600043201,
130.81609,35851.3391176164,5601.25468104855,953856.120126904,11905.6670975384,400.006400102402,500.010000200004,44579.3512452165,145441.232086388,1219082.45796557,7001.96054895371,0,
130.94238,33544.9502333126,5901.39272868397,932964.324539638,12506.2531265633,200.0016000128,600.014400345608,43977.2240053534,139372.682149839,1270990.52142662,5801.34591225164,0,
131.06864,35951.6265357053,4200.70571856072,926079.56195296,11605.3848985929,300.003600043201,300.003600043201,44980.7854907414,138361.541926765,1182287.36840782,6501.69043951427,0,
131.195,30336.7681630136,4600.84655576626,902119.000551197,11905.6670975384,300.003600043201,300.003600043201,46586.6511711784,147161.187267892,1222272.56898555,7302.132222609,100.0004000016,
131.32122,27229.6258329062,4800.92177698118,912750.731776081,13507.2939387269,400.006400102402,500.010000200004,46385.9066992069,140080.52870595,1234930.65583129,5601.25468104855,0,
131.44748,31740.2466327303,6001.44034568296,907380.079919086,12906.6598364756,600.014400345608,100.0004000016,47991.9525811455,144530.762824716,1280380.11941805,6701.7960813498,200.0016000128,
131.57373,33043.6175751993,4600.84655576626,888922.026709083,10204.1632986258,300.003600043201,200.0016000128,44177.9298682877,144024.975057127,1246278.27774022,7802.43435952017,100.0004000016,
131.69993,32642.5659059413,4800.92177698118,898469.711221703,12706.4548790786,0,800.025600819226,42171.0159909287,135935.137222097,1249364.76537268,8402.82334864514,0,
131.82616,26928.9755777216,4800.92177698118,1230900.79034537,14208.0701838644,100.0004000016,500.010000200004,42672.714305176,146250.593451514,1273420.12670094,6601.74286011507,100.0004000016,
131.95252,26728.5460872212,4300.73972723308,923498.718342223,12806.5569571621,200.0016000128,400.006400102402,44478.9946945776,147060.006920471,1265911.88942261,6401.6388195378,100.0004000016,
132.07874,30537.255451651,3500.49006860961,935331.806260997,14608.5313823273,300.003600043201,200.0016000128,37857.2401471024,136339.505477711,1221392.46082524,6801.85010322808,200.0016000128,
132.20503,28131.6199408135,4900.9605882753,859786.170600113,13507.2939387269,300.003600043201,200.0016000128,37957.5436361524,134722.110512346,1243963.88830569,6501.69043951427,100.0004000016,
132.33131,27430.063349431,2700.2916314962,904373.487184588,12906.6598364756,200.0016000128,300.003600043201,38659.6905622281,149387.360923888,1230086.11861874,7302.132222609,0,
132.4576,25425.8326459683,4600.84655576626,870490.25613855,15709.8657957197,300.003600043201,0,45382.2326054811,140990.675709378,1242200.81791692,5401.16665199683,0,
132.5838,26227.4864057532,3600.51847466035,909635.482520324,14208.0701838644,300.003600043201,200.0016000128,40666.0416516423,137047.181232077,1216113.05226864,7001.96054895371,0,
132.70995,27430.063349431,2300.21161946899,887528.010305307,14608.5313823273,300.003600043201,300.003600043201,38860.311202987,143923.819945367,1245396.55744382,7302.132222609,0,
132.83628,22219.7311212357,3100.38444767151,884633.225101054,14208.0701838644,300.003600043201,200.0016000128,44780.0667593657,141192.939548504,1237133.30982486,7802.43435952017,0,
132.9625,24223.4482979524,3300.43565750679,909313.258106506,15509.6159618964,200.0016000128,200.0016000128,43274.7788177972,150804.222115806,1301503.60435805,7402.19104855037,0,
133.0888,22620.4488857928,3400.46246289495,884097.224810632,15509.6159618964,300.003600043201,100.0004000016,39662.8259162513,144429.603643327,1264476.97971122,7602.31110257518,0,
133.2151,23021.1794851263,4100.67251029169,863210.514119244,16110.3750815525,100.0004000016,100.0004000016,40866.6944453348,139777.161015245,1203582.97312141,8202.69048247825,0,
133.34134,21217.9928579435,3400.46246289495,850053.147709272,16210.5044068556,400.006400102402,300.003600043201,37857.2401471024,134014.565664121,1207208.86935811,6901.90492575951,0,
133.46756,21318.1630749398,3600.51847466035,848449.506604796,18213.259252736,300.003600043201,600.014400345608,43375.1257177431,147464.733195458,1214683.57828334,7102.01697282028,100.0004000016,
133.59376,19214.7569333248,2800.31363512713,872632.136706849,12506.2531265633,300.003600043201,100.0004000016,40666.0416516423,143620.359493426,1242311.00287616,7902.49718911176,100.0004000016,
133.71993,22420.0883992057,2700.2916314962,898362.394749055,15609.7404780583,100.0004000016,200.0016000128,43876.872280235,139069.331542091,1310804.26866488,8502.8909829342,0,
133.84624,20416.6599945556,3100.38444767151,866742.818357524,15509.6159618964,400.006400102402,300.003600043201,42371.6929043942,142204.30756358,1263042.22676981,8302.75651516303,0,
133.9726,23522.1107841371,3900.60849492521,861391.218712889,16210.5044068556,200.0016000128,200.0016000128,42271.354045629,142002.027451043,1210725.84838877,8202.69048247825,0,
134.09893,21217.9928579435,2300.21161946899,870488.666946414,15109.1259120509,400.006400102402,100.0004000016,37556.3345017526,145340.065579047,1229755.87441613,9703.76506084361,100.0004000016,
134.22516,19815.6940296715,2700.2916314962,861712.252244797,15910.1188355794,600.014400345608,300.003600043201,36152.2037822616,141900.888615345,1239556.65645073,8502.8909829342,100.0004000016,
134.35142,20216.3347985172,4100.67251029169,864173.77414162,17311.9798900839,400.006400102402,500.010000200004,45582.960989,146655.293672699,1288007.20081093,8903.16952835209,0,
134.47771,19314.911111378,2600.27042812453,877131.24052897,17512.2585810067,100.0004000016,300.003600043201,37456.0342272039,146351.767285602,1212374.75727341,9703.76506084361,0,
134.604,18814.1482394761,3100.38444767151,867920.467526447,14908.8856958747,400.006400102402,400.006400102402,41870.0066511207,136440.59957449,1234820.5328397,7202.07419736884,0,
134.73015,18313.4054127621,3800.57768780855,867171.042012425,19014.4509827469,300.003600043201,0,40967.0220480706,146250.593451514,1214023.87363582,10004.0016006403,0,
134.85638,20116.1734034163,3800.57768780855,849518.578565993,16811.2971917128,300.003600043201,300.003600043201,46586.6511711784,149893.364452135,1239666.8192066,6901.90492575951,100.0004000016,
134.98269,19915.8530190031,3000.36004320518,863103.489656828,18012.9693379233,300.003600043201,200.0016000128,41569.0045475489,140181.652896551,1205670.48780283,7902.49718911176,0,
135.10901,19014.4509827469,3800.57768780855,848021.902579839,18413.5523745477,400.006400102402,0,39863.462632511,138159.32364274,1220292.40870094,9403.53572943427,0,
135.2352,17412.118834709,2700.2916314962,899220.951433781,20116.1734034163,100.0004000016,300.003600043201,44378.6389482162,141496.341409452,1223702.8707612,8102.62525058119,0,
135.36152,19615.3784567101,2700.2916314962,843212.331967433,15209.2472223112,600.014400345608,200.0016000128,43475.4734218603,142507.733835379,1218752.49078149,8102.62525058119,100.0004000016,
135.48779,17311.9798900839,3800.57768780855,924446.719969675,19515.221873061,100.0004000016,400.006400102402,42472.032567234,140383.903718363,1256753.23693254,10104.0820491479,200.0016000128,
135.61405,20116.1734034163,3300.43565750679,876488.415613666,20516.8237955123,400.006400102402,300.003600043201,35951.6265357053,139676.040078677,1205121.10958772,8102.62525058119,200.0016000128,
135.74036,18513.7001381022,2700.2916314962,830715.820796826,15709.8657957197,400.006400102402,400.006400102402,44980.7854907414,142406.590931033,1223372.7872718,9403.53572943427,0,
135.86661,18113.1138944596,2900.33643902693,898362.394749055,19014.4509827469,500.010000200004,200.0016000128,39361.8768704403,137552.688310435,1165901.77289473,9103.31360615264,100.0004000016,
135.99289,17812.6826300326,3100.38444767151,866742.818357524,17512.2585810067,600.014400345608,200.0016000128,48192.7227986646,130073.259189565,1209626.69104511,9403.53572943427,0,
136.11914,20516.8237955123,3200.40965243551,883668.440560744,16811.2971917128,600.014400345608,100.0004000016,40766.3676465285,138765.988255169,1249695.50353216,8102.62525058119,0,
136.24534,20016.0128102482,4200.70571856072,875845.622634948,16911.4321281186,100.0004000016,0,43575.8219301585,146857.648668222,1204901.36475126,8002.56081946223,0,
136.37166,18113.1138944596,3100.38444767151,867599.279846036,19214.7569333248,200.0016000128,200.0016000128,45482.5963950534,141900.888615345,1178668.36444057,9103.31360615264,0,
136.49784,21919.201220269,3300.43565750679,897611.204342511,17311.9798900839,500.010000200004,100.0004000016,47991.9525811455,149286.162661559,1235040.77974739,7902.49718911176,0,
136.62404,16911.4321281186,3200.40965243551,941252.402159972,21017.6548300572,500.010000200004,200.0016000128,48795.0527627819,141597.47699041,1249034.03554749,9703.76506084361,100.0004000016,
136.75033,18313.4054127621,3700.5476810568,896430.850314486,18313.4054127621,100.0004000016,500.010000200004,51606.3089965329,144328.445275884,1232177.85836303,11104.9305891816,100.0004000016,
136.87657,18213.259252736,3700.5476810568,915651.809741797,18513.7001381022,300.003600043201,400.006400102402,47891.5686793148,138260.432378079,1246608.93812519,8903.16952835209,0,
137.0028,18513.7001381022,2700.2916314962,861284.209306752,16611.0297237366,500.010000200004,200.0016000128,43977.2240053534,136238.412194092,1152159.54072623,8703.02865397158,0,
137.129,20917.487019148,2900.33643902693,898577.028583741,15509.6159618964,200.0016000128,0,50100.2004008016,148678.990190003,1221062.43549619,8803.09869073914,0,
137.25517,21117.8234429859,3600.51847466035,858728.578466985,18513.7001381022,300.003600043201,300.003600043201,44780.0667593657,144935.407689925,1204132.28684511,8002.56081946223,0,
137.3814,19214.7569333248,3500.49006860961,879381.37926751,19615.3784567101,400.006400102402,0,51907.5524486736,142608.877553483,1237684.03111579,8002.56081946223,200.0016000128,
137.50771,17512.2585810067,2400.23042212052,916081.65431679,19014.4509827469,400.006400102402,0,51907.5524486736,143013.460563686,1200177.7420058,7202.07419736884,400.006400102402,
137.634,18313.4054127621,3700.5476810568,912858.167525592,21618.6785382571,800.025600819226,300.003600043201,51104.2526754579,140080.52870595,1173406.14425944,7702.37233067785,300.003600043201,
137.76031,21819.0261908384,2800.31363512713,922961.107262991,19114.6035571176,200.0016000128,0,60144.3464314354,144328.445275884,1195016.6600306,8803.09869073914,200.0016000128,
137.88655,19415.0660912868,4700.88376614804,906735.751295337,23622.2994506814,500.010000200004,500.010000200004,59440.9940378578,146554.117396185,1179435.94834483,8202.69048247825,300.003600043201,
138.01284,18113.1138944596,3300.43565750679,900401.559825784,18513.7001381022,200.0016000128,300.003600043201,57833.4796710809,135834.04719102,1188760.20314098,10104.0820491479,300.003600043201,
138.13909,16711.163056922,2700.2916314962,861605.2401819,19615.3784567101,300.003600043201,400.006400102402,62254.6405270692,132700.659482065,1142314.57779116,9003.24116682005,600.014400345608,
138.2653,20416.6599945556,3300.43565750679,920058.392707547,19515.221873061,100.0004000016,200.0016000128,87303.8172841488,143114.608350732,1201605.63439328,7502.25067520256,700.019600548815,
138.39161,19114.6035571176,4700.88376614804,956982.012849744,19114.6035571176,800.025600819226,500.010000200004,72308.5378230818,146048.248225695,1192052.70260077,9903.92195309342,800.025600819226,
138.51784,23021.1794851263,3000.36004320518,918123.610788574,18713.9980705568,0,300.003600043201,81867.2145884166,129365.976044678,1172748.5154817,7602.31110257518,200.0016000128,
138.64412,23321.7358578195,3700.5476810568,844174.102897029,19114.6035571176,200.0016000128,500.010000200004,69693.7486211668,131487.944927863,1090259.77549853,8202.69048247825,500.010000200004,
138.77038,22219.7311212357,4400.77453631839,932641.519611301,23421.922919853,500.010000200004,300.003600043201,89620.1230796405,147060.006920471,1232728.37164011,10104.0820491479,200.0016000128,
138.89661,23421.922919853,3800.57768780855,974133.918478622,22820.8125810739,400.006400102402,500.010000200004,95966.977722812,139473.800645984,1254767.86584444,7302.132222609,500.010000200004,
139.02289,26227.4864057532,4600.84655576626,1022366.74466437,21618.6785382571,200.0016000128,500.010000200004,108266.846642723,138765.988255169,1209187.05391964,10504.4118529783,600.014400345608,
139.14909,25526.0365572884,3300.43565750679,931673.153042511,20516.8237955123,500.010000200004,800.025600819226,107056.488868535,133003.856408112,1158070.07851606,9503.61137232148,900.032401166442,
139.27528,27730.7256440136,4100.67251029169,908346.632951272,17111.7044058136,300.003600043201,700.019600548815,108266.846642723,138664.875452999,1188430.998722,6701.7960813498,400.006400102402,
139.40156,25025.025025025,2700.2916314962,961186.987006945,20316.4969955604,200.0016000128,1000.04000160006,117651.077647702,141395.206642155,1215893.12304692,9303.46088745013,900.032401166442,
139.5278,27931.1711870447,5201.0818250196,962804.647549734,19515.221873061,100.0004000016,400.006400102402,121689.463762465,134823.191599741,1108678.94261939,8402.82334864514,1300.06760351538,
139.65407,29133.9118734207,4900.9605882753,867063.984769473,15709.8657957197,200.0016000128,300.003600043201,122800.247610319,123406.171112505,1102681.6851056,8102.62525058119,1300.06760351538,
139.78023,32241.5270868879,4800.92177698118,969061.498892679,18814.1482394761,400.006400102402,800.025600819226,131083.732750024,131285.837213604,1206989.0895063,8302.75651516303,1400.07840439065,
139.90639,28432.2990917683,4400.77453631839,903621.948035262,20717.1538033492,600.014400345608,800.025600819226,142406.590931033,130174.302888965,1173296.53716818,9403.53572943427,1600.10240655402,
140.03262,34146.5759295679,5501.21026625858,929413.912271458,18713.9980705568,100.0004000016,1200.05760276493,139878.282765306,132296.408293256,1196224.39057104,8903.16952835209,1500.09000540032,
140.1589,37656.6355799122,5801.34591225164,988606.594868809,21117.8234429859,300.003600043201,1400.07840439065,142811.167431008,136137.319723623,1188540.73260871,8703.02865397158,1000.04000160006,
140.28521,37857.2401471024,5801.34591225164,936192.81588208,20216.3347985172,0,1500.09000540032,148982.572761036,129871.174228412,1142861.32571495,9003.24116682005,1300.06760351538,
140.41153,41167.6796653699,6001.44034568296,935654.678169648,16811.2971917128,100.0004000016,1400.07840439065,158093.45929823,130881.631537045,1131602.93342922,8402.82334864514,2000.16001280102,
140.53776,41870.0066511207,6201.53798141939,897611.204342511,18313.4054127621,400.006400102402,1000.04000160006,153638.423490681,128355.640612247,1085033.03408583,6901.90492575951,1400.07840439065,
140.66403,39060.9350586916,6301.58800017604,866849.872942033,17512.2585810067,400.006400102402,2100.17641481884,158397.269206927,126234.200623935,1096578.21666423,8602.95941803981,1700.11560786133,
140.79019,45984.4274087224,7502.25067520256,901045.573407707,18713.9980705568,200.0016000128,1600.10240655402,173191.557918479,125224.116999124,1086121.76584262,7902.49718911176,2000.16001280102,
140.91651,44579.3512452165,6901.90492575951,869205.298013245,21819.0261908384,100.0004000016,300.003600043201,164576.329192922,126638.256814344,1078611.36610198,9603.68781612139,1300.06760351538,
141.04281,54317.7609056434,7202.07419736884,910709.621786554,18213.259252736,700.019600548815,1800.12960933187,176537.883640084,128355.640612247,1108460.81224466,9603.68781612139,2700.2916314962,
141.16905,54317.7609056434,8202.69048247825,859786.170600113,15409.4922472243,400.006400102402,1700.11560786133,183537.622190525,120174.916801981,1112605.91272958,10404.3282005314,2500.2500250025,
141.29532,53614.7355340429,8502.8909829342,874881.493042762,17412.118834709,200.0016000128,1900.14441097523,179986.543815191,133104.923675787,1083508.96229368,8302.75651516303,2200.1936170383,
141.42156,51204.6623298021,7402.19104855037,832957.894345269,19014.4509827469,400.006400102402,1300.06760351538,188916.876574307,116944.493562025,1041666.66666667,9003.24116682005,2600.27042812453,
141.5478,66275.2317126482,9703.76506084361,809808.553164076,15709.8657957197,200.0016000128,1700.11560786133,198056.725865301,123810.136351942,1056214.71988527,10204.1632986258,2600.27042812453,
141.67411,56627.9792330667,9803.84310649775,795747.209931982,18914.2992102029,400.006400102402,1900.14441097523,191150.449611653,126234.200623935,969292.411681037,8502.8909829342,2000.16001280102,
141.80031,67481.6606304171,10904.7544729502,842678.045714664,17011.567866149,200.0016000128,2600.27042812453,209948.450697408,117449.192423774,1003852.7308206,8803.09869073914,2300.21161946899,
141.9265,62254.6405270692,8703.02865397158,785849.550913644,16711.163056922,200.0016000128,2000.16001280102,206186.606440685,112705.823736931,1024317.12191872,7102.01697282028,4200.70571856072,
142.0528,66275.2317126482,8703.02865397158,773195.87628866,15709.8657957197,300.003600043201,3200.40965243551,203035.655238602,107863.381085142,969169.402085844,9403.53572943427,4000.64010241639,
142.17898,60948.2260858408,10304.2453490838,739442.710177993,13907.7326993809,400.006400102402,3800.57768780855,198158.317004927,106148.797114199,931673.153042511,8302.75651516303,3800.57768780855,
142.30529,65269.9629836093,10504.4118529783,724081.44449978,13607.4024269202,800.025600819226,2500.2500250025,199174.273457407,98385.6718335877,865351.189392309,6901.90492575951,3700.5476810568,
142.43145,62556.1401257539,9203.38684635946,640604.872125175,14808.7667899396,200.0016000128,2900.33643902693,179377.888074644,98587.2507208314,833705.33869021,7602.31110257518,3700.5476810568,
142.55761,69492.6335802845,13507.2939387269,659763.848061354,15209.2472223112,400.006400102402,3600.51847466035,179479.32865465,95765.4409225605,825058.98443472,6501.69043951427,4100.67251029169,
142.68396,74018.5026197335,12306.0545788528,655550.629689835,12406.1534521122,100.0004000016,3200.40965243551,174104.103983147,91634.6497408536,773302.157947043,7902.49718911176,3400.46246289495,
142.81019,72006.8035397662,8803.09869073914,587383.986801004,11505.2924345199,400.006400102402,3600.51847466035,168731.173789082,84585.2213664477,717730.420577476,7001.96054895371,3800.57768780855,
142.93645,58938.6236428079,8502.8909829342,559549.66118261,10704.5815609081,200.0016000128,2200.1936170383,159410.02189875,79149.7967585701,738170.736729399,7202.07419736884,4500.81014582625,
143.06275,66777.8963157853,13907.7326993809,560072.304332535,11104.9305891816,300.003600043201,3400.46246289495,151816.363570512,80055.5372749817,691090.3298736,6001.44034568296,4200.70571856072,
143.18894,58235.3389276679,10004.0016006403,505311.226009704,11205.0198488923,300.003600043201,4000.64010241639,131589.000004021,72006.8035397662,643445.330226032,7402.19104855037,3500.49006860961,
143.31526,59641.9478358493,8903.16952835209,477758.935559614,9703.76506084361,200.0016000128,4000.64010241639,128759.765036045,71302.7851208838,607512.629625229,6601.74286011507,3600.51847466035,
143.44149,57130.2569859279,9003.24116682005,442288.747588071,8202.69048247825,200.0016000128,4600.84655576626,115834.227457032,65973.6426273953,552966.18831514,6301.58800017604,2600.27042812453,
143.5677,45783.6925900546,8502.8909829342,373085.854403144,8002.56081946223,200.0016000128,3700.5476810568,107459.928493954,56527.5260988791,484199.796126402,5001.00020004001,2100.17641481884,
143.69385,52811.3262757894,8803.09869073914,376588.57444476,6401.6388195378,200.0016000128,3400.46246289495,99393.5986506566,54719.5074041707,484199.796126402,5301.12383825371,4100.67251029169,
143.82016,53112.5987092636,7902.49718911176,351472.819164902,8402.82334864514,100.0004000016,3800.57768780855,84283.191523519,48694.6624237518,411152.446585758,3700.5476810568,2500.2500250025,
143.9464,48493.8841597332,10104.0820491479,310919.333087649,7001.96054895371,200.0016000128,2800.31363512713,80558.7547201612,50200.6020064209,409706.101175351,4300.73972723308,2600.27042812453,
144.07266,47891.5686793148,7802.43435952017,306205.08148598,6601.74286011507,100.0004000016,5001.00020004001,72710.8614983452,39562.5087638469,368760.299716682,4200.70571856072,2400.23042212052,
144.19889,42171.0159909287,6701.7960813498,259567.313715743,5301.12383825371,200.0016000128,4200.70571856072,71604.502459023,37756.9374616922,308254.540300864,3500.49006860961,3000.36004320518,
144.32523,39562.5087638469,6201.53798141939,223989.022519977,6301.58800017604,100.0004000016,4300.73972723308,63159.1610859366,29835.5639922788,275707.416499173,2800.31363512713,2300.21161946899,
144.45146,43977.2240053534,6101.48876325823,196837.696081791,5101.04061228491,200.0016000128,5001.00020004001,57130.2569859279,30136.2840860396,227450.695470361,1800.12960933187,2100.17641481884,
144.57778,32241.5270868879,4300.73972723308,147363.550405375,3200.40965243551,300.003600043201,4700.88376614804,47590.4218014227,25726.4467872973,191658.135091778,1600.10240655402,2100.17641481884,
144.70407,30737.7459520291,6601.74286011507,132902.789953273,3700.5476810568,200.0016000128,5001.00020004001,45482.5963950534,16410.7654621432,159713.863606172,1800.12960933187,2000.16001280102,
144.8303,26828.7604311822,4600.84655576626,106552.207568923,4800.92177698118,100.0004000016,3100.38444767151,41468.6721210324,17111.7044058136,126638.256814344,3400.46246289495,1400.07840439065,
144.95653,24023.0621396541,2700.2916314962,87706.6223517417,3500.49006860961,100.0004000016,3600.51847466035,34046.302972042,14007.84439286,112403.116348777,1000.04000160006,1700.11560786133,
145.08282,21017.6548300572,3800.57768780855,73817.3181847359,3300.43565750679,0,3200.40965243551,35149.3496869605,11605.3848985929,82068.5282243501,2000.16001280102,1100.04840212969,
145.20898,18713.9980705568,3500.49006860961,61149.2040579013,2700.2916314962,0,2900.33643902693,30938.239664225,11705.4781637807,76332.3556907226,1000.04000160006,1200.05760276493,
145.33527,15609.7404780583,3700.5476810568,50200.6020064209,2600.27042812453,200.0016000128,3800.57768780855,29234.1454819229,9803.84310649775,64666.8404483568,200.0016000128,1200.05760276493,
145.46156,14308.184281409,3300.43565750679,44780.0667593657,2900.33643902693,0,5501.21026625858,27430.063349431,6701.7960813498,47088.5264296878,1200.05760276493,1700.11560786133,
145.58789,12706.4548790786,2700.2916314962,26728.5460872212,2500.2500250025,100.0004000016,3900.60849492521,22019.3770518056,5401.16665199683,38358.7656289435,600.014400345608,900.032401166442,
145.71412,10104.0820491479,3100.38444767151,32742.827618525,2400.23042212052,200.0016000128,4400.77453631839,18113.1138944596,4600.84655576626,34246.8496903764,200.0016000128,200.0016000128,
145.84038,6601.74286011507,2600.27042812453,20016.0128102482,2200.1936170383,100.0004000016,4500.81014582625,18012.9693379233,4000.64010241639,24223.4482979524,800.025600819226,600.014400345608,
145.96667,6401.6388195378,1100.04840212969,11905.6670975384,1700.11560786133,200.0016000128,3200.40965243551,15209.2472223112,2300.21161946899,17111.7044058136,300.003600043201,300.003600043201,
146.09296,4000.64010241639,800.025600819226,10404.3282005314,1200.05760276493,0,3600.51847466035,15109.1259120509,3700.5476810568,13407.186251831,300.003600043201,700.019600548815,
146.21925,4100.67251029169,800.025600819226,5901.39272868397,1400.07840439065,100.0004000016,3100.38444767151,10604.4963064339,2100.17641481884,6601.74286011507,400.006400102402,200.0016000128,
146.34554,2100.17641481884,800.025600819226,5901.39272868397,1800.12960933187,200.0016000128,3400.46246289495,8402.82334864514,1200.05760276493,4400.77453631839,300.003600043201,200.0016000128,
146.47182,3500.49006860961,1300.06760351538,2900.33643902693,1800.12960933187,300.003600043201,4100.67251029169,5601.25468104855,800.025600819226,2200.1936170383,100.0004000016,200.0016000128,
146.59803,2400.23042212052,900.032401166442,1200.05760276493,1800.12960933187,0,3200.40965243551,3500.49006860961,1400.07840439065,1800.12960933187,0,200.0016000128,
146.72427,1300.06760351538,700.019600548815,900.032401166442,2100.17641481884,200.0016000128,4900.9605882753,2800.31363512713,600.014400345608,800.025600819226,100.0004000016,400.006400102402,
146.85056,2200.1936170383,1300.06760351538,500.010000200004,1400.07840439065,0,2900.33643902693,1500.09000540032,1700.11560786133,300.003600043201,300.003600043201,100.0004000016,
146.97681,1700.11560786133,900.032401166442,700.019600548815,2400.23042212052,200.0016000128,3700.5476810568,2100.17641481884,1100.04840212969,500.010000200004,400.006400102402,0,
147.10302,2200.1936170383,600.014400345608,400.006400102402,1800.12960933187,0,4100.67251029169,1700.11560786133,1200.05760276493,600.014400345608,0,400.006400102402,
147.22932,2900.33643902693,400.006400102402,500.010000200004,1300.06760351538,100.0004000016,2500.2500250025,1800.12960933187,600.014400345608,200.0016000128,0,100.0004000016,
147.35557,1900.14441097523,600.014400345608,100.0004000016,1500.09000540032,0,3100.38444767151,1300.06760351538,1100.04840212969,700.019600548815,100.0004000016,200.0016000128,
147.48186,1700.11560786133,1000.04000160006,700.019600548815,1400.07840439065,200.0016000128,3800.57768780855,1300.06760351538,1500.09000540032,1500.09000540032,0,100.0004000016,
147.60812,2200.1936170383,700.019600548815,100.0004000016,1500.09000540032,400.006400102402,3800.57768780855,1000.04000160006,1400.07840439065,900.032401166442,0,0,
147.73435,1700.11560786133,700.019600548815,300.003600043201,1100.04840212969,0,3200.40965243551,1000.04000160006,1400.07840439065,0,200.0016000128,100.0004000016,
147.86065,2000.16001280102,800.025600819226,300.003600043201,1500.09000540032,100.0004000016,4100.67251029169,1600.10240655402,600.014400345608,0,0,0,
147.98683,1300.06760351538,900.032401166442,200.0016000128,1500.09000540032,0,3900.60849492521,600.014400345608,1200.05760276493,0,100.0004000016,0,
148.11303,2000.16001280102,600.014400345608,200.0016000128,1900.14441097523,300.003600043201,3300.43565750679,1600.10240655402,1100.04840212969,300.003600043201,100.0004000016,200.0016000128,
148.23931,1500.09000540032,1100.04840212969,300.003600043201,1500.09000540032,100.0004000016,3300.43565750679,1800.12960933187,900.032401166442,100.0004000016,300.003600043201,100.0004000016,
148.36555,2100.17641481884,600.014400345608,400.006400102402,1000.04000160006,0,3300.43565750679,1600.10240655402,1400.07840439065,400.006400102402,1100.04840212969,0,
148.49177,2900.33643902693,800.025600819226,100.0004000016,1100.04840212969,100.0004000016,4100.67251029169,1600.10240655402,1300.06760351538,400.006400102402,300.003600043201,200.0016000128,
148.61797,4500.81014582625,1100.04840212969,100.0004000016,1800.12960933187,100.0004000016,4000.64010241639,1100.04840212969,800.025600819226,200.0016000128,100.0004000016,0,
148.74421,2900.33643902693,1100.04840212969,200.0016000128,2200.1936170383,100.0004000016,3400.46246289495,1100.04840212969,2200.1936170383,200.0016000128,0,100.0004000016,
148.8705,2900.33643902693,1700.11560786133,400.006400102402,1300.06760351538,200.0016000128,3900.60849492521,1300.06760351538,1200.05760276493,0,0,0,
148.99678,6101.48876325823,900.032401166442,400.006400102402,1900.14441097523,300.003600043201,3800.57768780855,1100.04840212969,700.019600548815,100.0004000016,100.0004000016,500.010000200004,
149.12312,2600.27042812453,1500.09000540032,700.019600548815,1600.10240655402,100.0004000016,2800.31363512713,1800.12960933187,1600.10240655402,200.0016000128,100.0004000016,200.0016000128,
149.24934,2500.2500250025,800.025600819226,100.0004000016,1600.10240655402,0,3400.46246289495,1700.11560786133,900.032401166442,300.003600043201,100.0004000016,100.0004000016,
149.37561,2500.2500250025,800.025600819226,200.0016000128,1400.07840439065,200.0016000128,2700.2916314962,1500.09000540032,900.032401166442,100.0004000016,100.0004000016,0,
149.5019,1800.12960933187,300.003600043201,100.0004000016,1200.05760276493,200.0016000128,3900.60849492521,700.019600548815,1000.04000160006,200.0016000128,100.0004000016,0,
149.62805,1900.14441097523,700.019600548815,500.010000200004,800.025600819226,100.0004000016,3300.43565750679,1400.07840439065,800.025600819226,100.0004000016,0,0,
149.75426,1500.09000540032,900.032401166442,100.0004000016,1700.11560786133,0,3500.49006860961,1100.04840212969,1400.07840439065,0,100.0004000016,0,
149.88057,1700.11560786133,500.010000200004,700.019600548815,700.019600548815,200.0016000128,4100.67251029169,1500.09000540032,1000.04000160006,0,0,200.0016000128,
150.00681,1200.05760276493,800.025600819226,200.0016000128,1100.04840212969,100.0004000016,3700.5476810568,700.019600548815,1200.05760276493,0,0,0,
150.13308,1200.05760276493,1400.07840439065,400.006400102402,1700.11560786133,0,3600.51847466035,1600.10240655402,1400.07840439065,1100.04840212969,200.0016000128,100.0004000016,
150.25932,1100.04840212969,700.019600548815,200.0016000128,1300.06760351538,0,3700.5476810568,900.032401166442,900.032401166442,100.0004000016,0,100.0004000016,
150.38558,2000.16001280102,1000.04000160006,100.0004000016,1200.05760276493,400.006400102402,4500.81014582625,600.014400345608,1300.06760351538,100.0004000016,0,0,
150.51187,1800.12960933187,900.032401166442,200.0016000128,1400.07840439065,0,2700.2916314962,1300.06760351538,1000.04000160006,100.0004000016,0,100.0004000016,
150.63815,1800.12960933187,900.032401166442,200.0016000128,2000.16001280102,0,3600.51847466035,1200.05760276493,1100.04840212969,600.014400345608,0,200.0016000128,
150.7644,1500.09000540032,400.006400102402,200.0016000128,1700.11560786133,100.0004000016,1800.12960933187,700.019600548815,600.014400345608,100.0004000016,0,0,
150.89061,1300.06760351538,800.025600819226,200.0016000128,1700.11560786133,300.003600043201,700.019600548815,100.0004000016,1400.07840439065,0,0,0,
151.01687,600.014400345608,600.014400345608,400.006400102402,1500.09000540032,0,500.010000200004,300.003600043201,1500.09000540032,0,0,100.0004000016,
151.14305,300.003600043201,500.010000200004,200.0016000128,1400.07840439065,200.0016000128,100.0004000016,200.0016000128,800.025600819226,0,0,0,
151.2692,0,200.0016000128,400.006400102402,1900.14441097523,200.0016000128,100.0004000016,200.0016000128,1200.05760276493,0,0,0,
151.39535,0,400.006400102402,0,2000.16001280102,100.0004000016,0,0,1200.05760276493,100.0004000016,0,0,
151.52158,100.0004000016,400.006400102402,200.0016000128,1400.07840439065,0,0,0,600.014400345608,0,0,0,
151.64787,0,400.006400102402,200.0016000128,1400.07840439065,100.0004000016,200.0016000128,200.0016000128,1300.06760351538,0,0,0,
151.77419,0,500.010000200004,200.0016000128,800.025600819226,100.0004000016,200.0016000128,100.0004000016,1300.06760351538,0,0,0,
151.9005,100.0004000016,300.003600043201,300.003600043201,1500.09000540032,200.0016000128,100.0004000016,400.006400102402,1000.04000160006,0,0,0,
152.02673,100.0004000016,700.019600548815,300.003600043201,1500.09000540032,0,100.0004000016,300.003600043201,600.014400345608,0,0,0,
152.15301,0,500.010000200004,100.0004000016,900.032401166442,100.0004000016,100.0004000016,100.0004000016,600.014400345608,0,0,0,
152.27924,0,200.0016000128,0,1900.14441097523,300.003600043201,0,100.0004000016,2100.17641481884,0,0,0,
152.40548,0,600.014400345608,0,1800.12960933187,0,0,0,1300.06760351538,0,0,0,
152.53179,0,600.014400345608,0,1400.07840439065,200.0016000128,0,0,1500.09000540032,0,0,0,
152.65808,0,700.019600548815,100.0004000016,1100.04840212969,0,0,200.0016000128,1600.10240655402,0,0,0,
152.78437,0,800.025600819226,100.0004000016,1300.06760351538,100.0004000016,100.0004000016,100.0004000016,1600.10240655402,0,0,0,
152.91063,0,200.0016000128,100.0004000016,1100.04840212969,0,0,200.0016000128,400.006400102402,100.0004000016,0,0,
153.03694,0,700.019600548815,400.006400102402,1600.10240655402,100.0004000016,100.0004000016,100.0004000016,800.025600819226,0,0,0,
153.16326,0,1000.04000160006,0,1000.04000160006,200.0016000128,0,100.0004000016,900.032401166442,0,0,0,
153.28951,0,500.010000200004,200.0016000128,1400.07840439065,100.0004000016,0,200.0016000128,1100.04840212969,0,0,0,
153.41578,0,600.014400345608,100.0004000016,1500.09000540032,100.0004000016,100.0004000016,200.0016000128,1300.06760351538,0,0,100.0004000016,
153.54201,0,500.010000200004,100.0004000016,1800.12960933187,100.0004000016,0,200.0016000128,1700.11560786133,0,0,0,
153.66831,0,600.014400345608,100.0004000016,1200.05760276493,100.0004000016,0,200.0016000128,800.025600819226,0,0,0,
153.79456,0,600.014400345608,200.0016000128,1100.04840212969,0,0,200.0016000128,400.006400102402,0,0,0,
153.92069,0,700.019600548815,300.003600043201,2000.16001280102,100.0004000016,0,0,900.032401166442,0,0,0,
154.04692,0,600.014400345608,100.0004000016,1700.11560786133,100.0004000016,0,100.0004000016,700.019600548815,0,0,0,
154.1732,0,400.006400102402,100.0004000016,1700.11560786133,300.003600043201,100.0004000016,100.0004000016,1200.05760276493,0,0,0,
154.29946,0,500.010000200004,0,1800.12960933187,100.0004000016,0,0,1400.07840439065,0,0,0,
154.42576,0,600.014400345608,200.0016000128,700.019600548815,100.0004000016,0,300.003600043201,1300.06760351538,0,0,0,
154.552,0,300.003600043201,400.006400102402,1200.05760276493,200.0016000128,0,200.0016000128,1200.05760276493,0,0,0,
154.67827,0,700.019600548815,200.0016000128,1600.10240655402,100.0004000016,100.0004000016,0,1300.06760351538,0,0,0,
154.80455,0,400.006400102402,100.0004000016,1400.07840439065,300.003600043201,100.0004000016,100.0004000016,1200.05760276493,0,0,0,
154.93076,200.0016000128,600.014400345608,0,1500.09000540032,0,0,100.0004000016,700.019600548815,0,0,0,
155.05706,0,500.010000200004,300.003600043201,1400.07840439065,0,0,100.0004000016,900.032401166442,0,0,0,
155.18329,0,400.006400102402,100.0004000016,1900.14441097523,400.006400102402,0,400.006400102402,1200.05760276493,0,0,0,
155.30957,100.0004000016,600.014400345608,0,1800.12960933187,0,0,200.0016000128,600.014400345608,0,0,0,
155.43581,0,200.0016000128,100.0004000016,2200.1936170383,100.0004000016,100.0004000016,0,1300.06760351538,0,0,0,
155.56207,0,300.003600043201,500.010000200004,1800.12960933187,100.0004000016,0,300.003600043201,900.032401166442,0,0,0,
155.6883,0,800.025600819226,500.010000200004,1200.05760276493,400.006400102402,0,200.0016000128,1300.06760351538,0,0,0,
155.81456,0,300.003600043201,100.0004000016,1200.05760276493,100.0004000016,0,300.003600043201,1500.09000540032,0,0,0,
155.94074,0,400.006400102402,0,1500.09000540032,200.0016000128,0,100.0004000016,1400.07840439065,100.0004000016,0,0,
156.06708,0,600.014400345608,0,1900.14441097523,0,200.0016000128,100.0004000016,1100.04840212969,0,0,0,
156.19331,0,100.0004000016,0,1500.09000540032,0,0,100.0004000016,1300.06760351538,0,0,100.0004000016,
156.3196,0,400.006400102402,0,1700.11560786133,100.0004000016,0,100.0004000016,1400.07840439065,0,0,0,
156.44581,0,800.025600819226,0,1000.04000160006,100.0004000016,100.0004000016,0,1100.04840212969,0,0,100.0004000016,
156.57206,100.0004000016,200.0016000128,0,1900.14441097523,100.0004000016,0,300.003600043201,1400.07840439065,0,0,0,
156.69838,100.0004000016,700.019600548815,100.0004000016,800.025600819226,100.0004000016,0,200.0016000128,1500.09000540032,0,0,0,
156.82457,0,600.014400345608,100.0004000016,1200.05760276493,100.0004000016,0,300.003600043201,1200.05760276493,0,0,0,
156.95084,0,300.003600043201,0,1800.12960933187,100.0004000016,100.0004000016,200.0016000128,1000.04000160006,0,0,0,
157.07704,0,600.014400345608,200.0016000128,2000.16001280102,100.0004000016,0,0,1800.12960933187,0,0,0,
157.20328,0,600.014400345608,100.0004000016,1200.05760276493,200.0016000128,0,100.0004000016,1100.04840212969,0,0,0,
157.32957,0,300.003600043201,0,1200.05760276493,0,0,100.0004000016,1500.09000540032,0,0,0,
157.45586,0,600.014400345608,300.003600043201,1500.09000540032,0,0,200.0016000128,1300.06760351538,0,0,0,
157.58206,200.0016000128,100.0004000016,100.0004000016,1900.14441097523,200.0016000128,200.0016000128,400.006400102402,900.032401166442,0,0,0,
157.70834,0,600.014400345608,100.0004000016,1500.09000540032,200.0016000128,0,100.0004000016,700.019600548815,0,0,0,
157.83466,0,100.0004000016,300.003600043201,1800.12960933187,100.0004000016,0,100.0004000016,1300.06760351538,0,0,0,
157.96097,0,500.010000200004,100.0004000016,2000.16001280102,100.0004000016,0,0,1400.07840439065,0,0,0,
158.08725,0,600.014400345608,200.0016000128,1000.04000160006,600.014400345608,0,100.0004000016,1200.05760276493,0,0,0,
158.21348,0,700.019600548815,0,1100.04840212969,200.0016000128,300.003600043201,0,1000.04000160006,0,0,0,
158.33971,0,100.0004000016,200.0016000128,1400.07840439065,200.0016000128,100.0004000016,200.0016000128,1000.04000160006,0,0,0,
158.46596,0,700.019600548815,100.0004000016,1700.11560786133,100.0004000016,0,100.0004000016,1500.09000540032,0,0,0,
158.59227,0,500.010000200004,100.0004000016,1400.07840439065,100.0004000016,100.0004000016,100.0004000016,2000.16001280102,0,0,0,
158.7185,0,500.010000200004,200.0016000128,1600.10240655402,0,100.0004000016,100.0004000016,1400.07840439065,0,0,0,
158.84478,0,400.006400102402,0,1700.11560786133,200.0016000128,0,0,700.019600548815,0,0,0,
158.97102,0,500.010000200004,0,1100.04840212969,100.0004000016,100.0004000016,100.0004000016,1100.04840212969,0,0,0,
159.09722,100.0004000016,700.019600548815,300.003600043201,1000.04000160006,300.003600043201,100.0004000016,0,500.010000200004,0,0,0,
159.22345,0,400.006400102402,0,1700.11560786133,100.0004000016,100.0004000016,100.0004000016,1100.04840212969,0,0,0,
159.34967,0,700.019600548815,300.003600043201,1200.05760276493,0,0,0,1400.07840439065,0,0,100.0004000016,
159.47594,0,400.006400102402,100.0004000016,1100.04840212969,300.003600043201,0,0,1600.10240655402,0,0,0,
159.60228,0,700.019600548815,200.0016000128,2000.16001280102,200.0016000128,100.0004000016,100.0004000016,1000.04000160006,0,0,0,
159.72851,0,200.0016000128,0,1800.12960933187,0,0,100.0004000016,700.019600548815,0,0,0,
159.85473,0,200.0016000128,100.0004000016,1700.11560786133,100.0004000016,0,100.0004000016,600.014400345608,0,0,0,
159.9809,0,600.014400345608,0,1200.05760276493,200.0016000128,100.0004000016,100.0004000016,700.019600548815,0,0,0,
160.10706,0,200.0016000128,400.006400102402,1400.07840439065,100.0004000016,0,100.0004000016,1100.04840212969,0,0,0,
160.23334,0,500.010000200004,200.0016000128,1700.11560786133,200.0016000128,0,0,1600.10240655402,0,0,0,
160.35964,0,200.0016000128,100.0004000016,800.025600819226,0,100.0004000016,0,1100.04840212969,0,0,100.0004000016,
160.48591,0,200.0016000128,0,1000.04000160006,0,0,0,1500.09000540032,0,0,0,
160.61226,0,600.014400345608,0,1600.10240655402,100.0004000016,100.0004000016,100.0004000016,1700.11560786133,0,0,0,
160.73856,0,300.003600043201,0,900.032401166442,0,0,0,1000.04000160006,100.0004000016,0,0,
160.86495,0,400.006400102402,200.0016000128,1600.10240655402,100.0004000016,100.0004000016,100.0004000016,1400.07840439065,0,0,0,
160.99123,0,300.003600043201,0,2000.16001280102,0,0,0,400.006400102402,0,0,0,
161.11747,0,700.019600548815,200.0016000128,1000.04000160006,100.0004000016,100.0004000016,100.0004000016,1400.07840439065,0,0,100.0004000016,
161.24374,100.0004000016,400.006400102402,0,2100.17641481884,100.0004000016,0,100.0004000016,700.019600548815,0,0,0,
161.37002,0,700.019600548815,200.0016000128,1300.06760351538,100.0004000016,100.0004000016,0,1000.04000160006,0,0,0,
161.49626,100.0004000016,500.010000200004,200.0016000128,1900.14441097523,200.0016000128,100.0004000016,100.0004000016,900.032401166442,0,0,0,
161.6225,0,500.010000200004,200.0016000128,2000.16001280102,200.0016000128,0,100.0004000016,900.032401166442,0,0,0,
161.74876,0,200.0016000128,100.0004000016,1900.14441097523,100.0004000016,0,0,1400.07840439065,0,0,0,

