- 70:03/07/2023 11:01:33 PM;
Software:Name=Qtegra;Version=2.10.3324.83;File Version=1;
Configuration:Machine=iCAP RQ;
STDS:Additional Gas Flow 1=0;Additional Gas Flow 2=0;Additional Gas Flow 3=0;CCT Entry Lens=-108.333333333333;Angular Deflection=-370;Deflection Entry Lens=-35;Extraction Lens 1 Polarity=0;Extraction Lens 1 Negative=0;Extraction Lens 1 Positive=0;Spray Chamber Temperature=2.7;Peristaltic Pump Speed=0;Cool Flow=14;Sampling Depth=5;Plasma Power=1550;Auxilliary Flow=0.8;Nebulizer Flow=1.105;Torch Horizontal Position=-0.723333333333333;Torch Vertical Position=0.3;Extraction Lens 2=-130;CCT Focus Lens=-1.08;CCT Bias=-2;CCT Exit Lens=-160;Focus Lens=18.8;D1 Lens=-200;D2 Lens=-80;Quad Entry Lens=-29.4;Pole Bias=-1;CCT1 Flow=0;CCT2 Flow=0;CCT1 Shut-Off Valve=0;CCT2 Shut-Off Valve=0;Virtual CCT Mass to Dac Factor=130;Virtual CCT Mass to Dac Offset=35;Virtual CCT Mass parameter b=0.65;Virtual CCT Mass Maximum Dac Limit Set=4095;
RF Generator:RF Plasma Lit Readback=1;RF FET Temperature Ok Readback=1;Plasma Power Readback=1548.6077186126;
Ion Optics:Pole Bias Readback=-0.793743890518083;Torch Horizontal Position Readback=-0.72316715542522;Torch Vertical Position Readback=0.300879765395894;Sampling Depth Readback=5;Extraction Lens 1 Negative Readback=-200.39100684262;Extraction Lens 1 Positive Readback=0.00977517106549364;Extraction Lens 2 Readback=-137.82991202346;Angular Deflection Readback=-369.560117302053;Quad Entry Lens Readback=-29.8142717497556;Focus Lens Readback=18.3724340175953;D2 Lens Readback=-81.1339198435973;Deflection Exit Lens Readback=34.6578690127077;Deflection Entry Lens Readback=-35.5034213098729;D1 Lens Readback=-200.58651026393;CCT Exit Lens Readback=-162.267839687195;CCT Bias Readback=-2.15542521994134;CCT Entry Lens Readback=-109.237536656891;CCT Focus Lens Readback=-1.47116324535679;
Vacuum:Analyzer Vacuum Ok Readback=1;Interface Pressure Readback=2.02512396424301;Analyzer Pressure Readback=2.29716701101472E-07;
Detector:Detector Voltage (Counting) Readback=1618.76832844575;Detector Voltage (Analog) Readback=-1978.49462365591;
Cooling System:Plasma Cooling Water Flow Readback=0.909803921568627;Interface Temperature Readback=31.4896520911238;Exhaust Flow Readback=0.550695014662757;Quad Board Temperature Readback=0;Inlet Fan Speed Readback=0;Outlet Fan Speed Readback=2447.05882352941;Peltier Temperature Hot Side Readback=20.7862437909878;Spray Chamber Temperature Readback=2.6293915694153;
Power Supply:Supply Voltage 500 V Readback=-539.467253176931;Supply Voltage 1 kV Readback=-1169.35483870968;
Gas Supply:Nebulizer Supply Pressure Readback=0.0564456989247311;Nebulizer Flow Readback=1.10263929618768;Cool Flow Readback=13.9784946236559;Auxilliary Flow Readback=0.797653958944281;CCT2 Flow Readback=0;CCT1 Flow Readback=0;Additional Gas Flow 1 Readback=0;
Pulse Counting:Threshold=2500000;

Time,24Mg,26Mg,43Ca,55Mn,59Co,63Cu,66Zn,86Sr,88Sr,138Ba,208Pb,
,dwell time=0.01;xcal factor=66096.21568,dwell time=0.01;xcal factor=66420.50783,dwell time=0.01;xcal factor=69176.99106,dwell time=0.01;xcal factor=80139.50903,dwell time=0.01;xcal factor=85118.72235,dwell time=0.01;xcal factor=86639.08057,dwell time=0.01;xcal factor=86821.65425,dwell time=0.01;xcal factor=85302.89892,dwell time=0.01;xcal factor=82608.9753,dwell time=0.01;xcal factor=93538.82005,dwell time=0.01;xcal factor=107923.33534,
0.01244,0,700.019600548815,200.0016000128,1400.07840439065,500.010000200004,100.0004000016,100.0004000016,1300.06760351538,0,0,0,
0.13866,100.0004000016,200.0016000128,100.0004000016,900.032401166442,100.0004000016,100.0004000016,200.0016000128,1200.05760276493,0,0,0,
0.26496,0,600.014400345608,400.006400102402,1400.07840439065,100.0004000016,100.0004000016,0,800.025600819226,0,0,0,
0.39118,100.0004000016,500.010000200004,300.003600043201,1200.05760276493,500.010000200004,0,0,600.014400345608,0,0,0,
0.51738,0,400.006400102402,0,1200.05760276493,100.0004000016,0,0,800.025600819226,0,0,0,
0.64356,0,400.006400102402,100.0004000016,200.0016000128,200.0016000128,0,0,200.0016000128,0,0,0,
0.76986,0,1100.04840212969,100.0004000016,1000.04000160006,200.0016000128,100.0004000016,200.0016000128,700.019600548815,0,0,0,
0.89608,0,300.003600043201,0,1500.09000540032,200.0016000128,0,0,1300.06760351538,100.0004000016,0,0,
1.02237,0,200.0016000128,200.0016000128,1100.04840212969,0,100.0004000016,100.0004000016,700.019600548815,0,0,0,
1.14867,0,100.0004000016,100.0004000016,1200.05760276493,0,0,0,900.032401166442,0,0,0,
1.275,0,100.0004000016,0,900.032401166442,100.0004000016,300.003600043201,0,400.006400102402,0,0,0,
1.40131,0,400.006400102402,300.003600043201,1700.11560786133,200.0016000128,0,100.0004000016,800.025600819226,0,0,0,
1.52759,100.0004000016,200.0016000128,0,1300.06760351538,400.006400102402,0,100.0004000016,500.010000200004,0,0,0,
1.65389,100.0004000016,300.003600043201,100.0004000016,800.025600819226,300.003600043201,0,100.0004000016,600.014400345608,0,0,0,
1.78018,0,500.010000200004,0,1500.09000540032,100.0004000016,0,0,500.010000200004,0,0,0,
1.90645,0,500.010000200004,100.0004000016,1300.06760351538,500.010000200004,0,200.0016000128,1400.07840439065,0,0,0,
2.03273,100.0004000016,500.010000200004,100.0004000016,1200.05760276493,300.003600043201,0,0,500.010000200004,0,0,0,
2.15898,100.0004000016,300.003600043201,200.0016000128,900.032401166442,100.0004000016,100.0004000016,0,1400.07840439065,0,0,0,
2.28528,0,200.0016000128,100.0004000016,1400.07840439065,0,0,100.0004000016,1100.04840212969,0,0,0,
2.41152,0,400.006400102402,300.003600043201,1200.05760276493,200.0016000128,200.0016000128,100.0004000016,800.025600819226,0,0,0,
2.53779,0,500.010000200004,100.0004000016,1300.06760351538,200.0016000128,0,0,1000.04000160006,0,0,0,
2.66403,0,100.0004000016,0,1200.05760276493,100.0004000016,0,0,1000.04000160006,0,0,0,
2.79026,0,600.014400345608,200.0016000128,700.019600548815,0,0,100.0004000016,800.025600819226,0,0,0,
2.91665,0,400.006400102402,0,1200.05760276493,300.003600043201,0,0,900.032401166442,0,0,0,
3.04294,0,300.003600043201,300.003600043201,1000.04000160006,100.0004000016,0,0,900.032401166442,0,0,0,
3.16926,0,300.003600043201,0,1300.06760351538,200.0016000128,0,0,700.019600548815,0,0,0,
3.29549,100.0004000016,300.003600043201,200.0016000128,1000.04000160006,200.0016000128,0,0,400.006400102402,0,0,0,
3.42171,200.0016000128,400.006400102402,0,1100.04840212969,200.0016000128,200.0016000128,0,900.032401166442,0,0,0,
3.54792,0,700.019600548815,300.003600043201,1500.09000540032,400.006400102402,100.0004000016,100.0004000016,700.019600548815,0,0,0,
3.67416,100.0004000016,500.010000200004,0,1500.09000540032,300.003600043201,0,0,1200.05760276493,200.0016000128,0,0,
3.80045,0,100.0004000016,200.0016000128,1300.06760351538,0,0,100.0004000016,600.014400345608,0,0,0,
3.92673,0,400.006400102402,300.003600043201,1100.04840212969,100.0004000016,0,0,700.019600548815,0,0,0,
4.05293,0,400.006400102402,300.003600043201,1200.05760276493,300.003600043201,0,0,900.032401166442,0,0,0,
4.17922,0,500.010000200004,100.0004000016,1000.04000160006,0,0,100.0004000016,800.025600819226,0,0,0,
4.30545,0,600.014400345608,0,1000.04000160006,200.0016000128,100.0004000016,100.0004000016,800.025600819226,0,0,0,
4.43174,0,200.0016000128,200.0016000128,600.014400345608,400.006400102402,0,100.0004000016,800.025600819226,0,0,0,
4.55799,0,0,200.0016000128,900.032401166442,400.006400102402,100.0004000016,0,900.032401166442,0,0,0,
4.6842,100.0004000016,100.0004000016,100.0004000016,1100.04840212969,0,0,100.0004000016,1300.06760351538,0,0,0,
4.81051,0,300.003600043201,100.0004000016,1700.11560786133,300.003600043201,0,0,400.006400102402,0,0,0,
4.93674,100.0004000016,300.003600043201,200.0016000128,1700.11560786133,300.003600043201,0,0,900.032401166442,0,0,0,
5.06302,0,300.003600043201,0,1100.04840212969,300.003600043201,0,0,800.025600819226,0,0,0,
5.18925,0,300.003600043201,600.014400345608,1000.04000160006,0,200.0016000128,100.0004000016,900.032401166442,0,0,0,
5.31549,0,600.014400345608,200.0016000128,800.025600819226,100.0004000016,0,300.003600043201,1400.07840439065,0,0,0,
5.4418,100.0004000016,500.010000200004,400.006400102402,1000.04000160006,100.0004000016,0,0,1000.04000160006,0,0,0,
5.56805,0,100.0004000016,0,900.032401166442,600.014400345608,0,0,100.0004000016,0,0,0,
5.69425,0,100.0004000016,0,1300.06760351538,100.0004000016,0,0,900.032401166442,0,0,0,
5.82055,0,400.006400102402,100.0004000016,1100.04840212969,200.0016000128,100.0004000016,100.0004000016,1100.04840212969,0,0,0,
5.94681,0,500.010000200004,200.0016000128,1600.10240655402,100.0004000016,100.0004000016,0,1100.04840212969,0,0,0,
6.07299,0,500.010000200004,100.0004000016,1600.10240655402,100.0004000016,200.0016000128,0,700.019600548815,0,0,0,
6.19914,0,300.003600043201,0,900.032401166442,0,100.0004000016,0,600.014400345608,0,0,0,
6.3253,0,200.0016000128,0,1200.05760276493,100.0004000016,0,0,400.006400102402,0,0,0,
6.45153,0,500.010000200004,100.0004000016,1100.04840212969,300.003600043201,0,100.0004000016,1200.05760276493,0,0,0,
6.57781,0,300.003600043201,500.010000200004,1100.04840212969,400.006400102402,0,100.0004000016,700.019600548815,0,0,0,
6.70414,100.0004000016,700.019600548815,100.0004000016,1000.04000160006,400.006400102402,0,0,900.032401166442,0,0,0,
6.83045,100.0004000016,300.003600043201,300.003600043201,1400.07840439065,200.0016000128,100.0004000016,0,600.014400345608,0,0,0,
6.95669,0,400.006400102402,300.003600043201,1100.04840212969,0,0,0,700.019600548815,0,0,0,
7.08296,0,200.0016000128,100.0004000016,1600.10240655402,0,0,0,1000.04000160006,0,0,0,
7.20912,0,300.003600043201,200.0016000128,1000.04000160006,0,100.0004000016,100.0004000016,700.019600548815,0,0,100.0004000016,
7.33544,100.0004000016,400.006400102402,200.0016000128,800.025600819226,300.003600043201,100.0004000016,0,700.019600548815,0,0,0,
7.46176,0,0,300.003600043201,600.014400345608,200.0016000128,0,100.0004000016,1100.04840212969,0,0,0,
7.58799,0,400.006400102402,200.0016000128,1200.05760276493,200.0016000128,100.0004000016,0,1200.05760276493,0,0,0,
7.71427,0,300.003600043201,200.0016000128,1200.05760276493,300.003600043201,0,100.0004000016,1100.04840212969,0,0,0,
7.8405,0,1000.04000160006,100.0004000016,1200.05760276493,0,200.0016000128,0,600.014400345608,0,0,0,
7.96676,0,300.003600043201,200.0016000128,900.032401166442,300.003600043201,0,0,1200.05760276493,0,0,0,
8.09299,0,300.003600043201,300.003600043201,1200.05760276493,100.0004000016,0,0,1200.05760276493,0,0,0,
8.21925,0,400.006400102402,100.0004000016,1200.05760276493,500.010000200004,100.0004000016,0,1500.09000540032,0,0,0,
8.34544,0,600.014400345608,0,1000.04000160006,100.0004000016,0,100.0004000016,900.032401166442,0,0,0,
8.47173,0,500.010000200004,0,1300.06760351538,0,0,100.0004000016,400.006400102402,0,0,0,
8.59791,0,300.003600043201,100.0004000016,1000.04000160006,400.006400102402,200.0016000128,100.0004000016,1400.07840439065,0,0,0,
8.72423,0,100.0004000016,100.0004000016,900.032401166442,200.0016000128,100.0004000016,0,800.025600819226,0,0,0,
8.85039,0,100.0004000016,400.006400102402,900.032401166442,200.0016000128,0,0,400.006400102402,0,0,0,
8.97654,0,500.010000200004,200.0016000128,1100.04840212969,0,0,0,900.032401166442,0,0,0,
9.10274,0,700.019600548815,200.0016000128,400.006400102402,100.0004000016,0,100.0004000016,800.025600819226,0,0,0,
9.22906,100.0004000016,200.0016000128,200.0016000128,1100.04840212969,100.0004000016,400.006400102402,0,700.019600548815,0,0,0,
9.35538,0,700.019600548815,100.0004000016,1200.05760276493,200.0016000128,0,100.0004000016,900.032401166442,0,0,0,
9.48169,0,500.010000200004,0,1200.05760276493,100.0004000016,200.0016000128,0,900.032401166442,0,0,0,
9.60784,0,200.0016000128,200.0016000128,1200.05760276493,500.010000200004,0,0,900.032401166442,0,0,100.0004000016,
9.73407,0,300.003600043201,0,1300.06760351538,0,0,100.0004000016,1500.09000540032,0,0,0,
9.86043,0,400.006400102402,200.0016000128,800.025600819226,500.010000200004,0,0,1100.04840212969,0,0,0,
9.9867,0,300.003600043201,100.0004000016,800.025600819226,0,100.0004000016,0,800.025600819226,0,0,0,
10.11294,0,100.0004000016,200.0016000128,1200.05760276493,0,0,0,400.006400102402,0,0,0,
10.23922,0,700.019600548815,0,1500.09000540032,100.0004000016,100.0004000016,100.0004000016,900.032401166442,0,0,0,
10.3655,0,200.0016000128,100.0004000016,1400.07840439065,0,0,0,600.014400345608,0,0,0,
10.49174,0,400.006400102402,300.003600043201,500.010000200004,100.0004000016,0,0,1200.05760276493,0,0,0,
10.61805,0,600.014400345608,100.0004000016,1200.05760276493,400.006400102402,0,100.0004000016,800.025600819226,0,0,0,
10.74441,0,200.0016000128,200.0016000128,900.032401166442,100.0004000016,100.0004000016,0,1200.05760276493,0,0,0,
10.87069,0,100.0004000016,300.003600043201,1600.10240655402,100.0004000016,0,0,500.010000200004,0,200.0016000128,0,
10.99696,0,1000.04000160006,300.003600043201,1400.07840439065,300.003600043201,0,0,1200.05760276493,0,0,0,
11.12325,0,500.010000200004,0,1100.04840212969,200.0016000128,100.0004000016,100.0004000016,900.032401166442,100.0004000016,0,0,
11.24954,0,500.010000200004,100.0004000016,1200.05760276493,200.0016000128,0,0,900.032401166442,0,0,0,
11.37574,0,300.003600043201,300.003600043201,1800.12960933187,200.0016000128,0,0,800.025600819226,0,0,0,
11.502,0,500.010000200004,0,1500.09000540032,200.0016000128,0,0,1200.05760276493,0,0,0,
11.62831,0,100.0004000016,100.0004000016,700.019600548815,100.0004000016,0,0,900.032401166442,0,0,0,
11.75449,0,400.006400102402,100.0004000016,500.010000200004,300.003600043201,100.0004000016,0,600.014400345608,0,0,0,
11.88078,0,600.014400345608,100.0004000016,900.032401166442,200.0016000128,100.0004000016,100.0004000016,1600.10240655402,0,0,0,
12.00706,0,300.003600043201,100.0004000016,1000.04000160006,0,100.0004000016,200.0016000128,1100.04840212969,0,0,0,
12.13332,100.0004000016,100.0004000016,0,800.025600819226,0,300.003600043201,100.0004000016,1400.07840439065,0,0,100.0004000016,
12.25951,0,100.0004000016,0,700.019600548815,100.0004000016,0,200.0016000128,1000.04000160006,0,0,0,
12.38578,0,400.006400102402,0,1500.09000540032,0,0,0,1100.04840212969,0,0,0,
12.512,100.0004000016,200.0016000128,100.0004000016,2000.16001280102,0,0,100.0004000016,600.014400345608,0,0,0,
12.63828,0,700.019600548815,0,800.025600819226,100.0004000016,100.0004000016,0,1100.04840212969,0,0,0,
12.76459,100.0004000016,600.014400345608,100.0004000016,1100.04840212969,200.0016000128,0,0,900.032401166442,0,0,0,
12.89091,100.0004000016,200.0016000128,100.0004000016,1000.04000160006,0,0,200.0016000128,1500.09000540032,0,0,0,
13.01719,0,300.003600043201,300.003600043201,1300.06760351538,100.0004000016,0,100.0004000016,1000.04000160006,0,0,0,
13.14349,0,300.003600043201,200.0016000128,1000.04000160006,0,200.0016000128,0,900.032401166442,0,0,0,
13.26974,0,100.0004000016,100.0004000016,1100.04840212969,100.0004000016,200.0016000128,0,1200.05760276493,0,0,0,
13.39593,0,300.003600043201,0,1200.05760276493,200.0016000128,100.0004000016,100.0004000016,800.025600819226,0,0,0,
13.52226,0,500.010000200004,100.0004000016,1800.12960933187,100.0004000016,0,0,1000.04000160006,0,0,0,
13.64852,0,200.0016000128,100.0004000016,1300.06760351538,0,200.0016000128,0,600.014400345608,0,0,0,
13.77483,0,300.003600043201,200.0016000128,1100.04840212969,100.0004000016,0,0,900.032401166442,0,0,0,
13.90099,0,300.003600043201,300.003600043201,1000.04000160006,100.0004000016,0,0,1000.04000160006,0,0,0,
14.02717,0,800.025600819226,300.003600043201,1800.12960933187,200.0016000128,100.0004000016,0,1200.05760276493,0,0,0,
14.1534,100.0004000016,400.006400102402,300.003600043201,1000.04000160006,400.006400102402,300.003600043201,0,600.014400345608,0,0,0,
14.27963,0,300.003600043201,100.0004000016,1100.04840212969,100.0004000016,0,200.0016000128,1100.04840212969,0,0,0,
14.4059,0,800.025600819226,100.0004000016,1600.10240655402,300.003600043201,300.003600043201,100.0004000016,800.025600819226,0,0,0,
14.53214,0,300.003600043201,0,1800.12960933187,400.006400102402,100.0004000016,0,500.010000200004,0,0,0,
14.65834,0,300.003600043201,500.010000200004,1100.04840212969,100.0004000016,0,0,900.032401166442,0,0,0,
14.78457,0,200.0016000128,0,1400.07840439065,0,0,100.0004000016,800.025600819226,0,0,0,
14.91076,0,300.003600043201,100.0004000016,1000.04000160006,200.0016000128,0,0,500.010000200004,0,0,0,
15.03706,200.0016000128,300.003600043201,100.0004000016,1000.04000160006,100.0004000016,0,100.0004000016,1400.07840439065,0,0,0,
15.1633,0,300.003600043201,100.0004000016,1400.07840439065,100.0004000016,100.0004000016,100.0004000016,1000.04000160006,0,0,100.0004000016,
15.28961,0,400.006400102402,0,1100.04840212969,200.0016000128,0,0,700.019600548815,0,0,0,
15.41588,0,500.010000200004,0,1100.04840212969,100.0004000016,100.0004000016,0,1100.04840212969,0,0,0,
15.54222,0,800.025600819226,100.0004000016,1100.04840212969,100.0004000016,0,100.0004000016,800.025600819226,0,0,0,
15.66853,0,300.003600043201,100.0004000016,400.006400102402,200.0016000128,100.0004000016,0,700.019600548815,0,0,0,
15.79484,0,200.0016000128,0,1000.04000160006,400.006400102402,200.0016000128,0,1100.04840212969,0,0,0,
15.92116,0,400.006400102402,0,500.010000200004,0,0,0,1200.05760276493,0,0,0,
16.04748,0,700.019600548815,200.0016000128,900.032401166442,200.0016000128,0,0,300.003600043201,0,0,0,
16.17377,100.0004000016,300.003600043201,500.010000200004,1800.12960933187,600.014400345608,0,0,1400.07840439065,0,0,0,
16.30006,0,600.014400345608,500.010000200004,800.025600819226,200.0016000128,0,100.0004000016,1000.04000160006,0,0,0,
16.42632,0,300.003600043201,0,700.019600548815,200.0016000128,0,100.0004000016,600.014400345608,0,0,0,
16.55268,0,400.006400102402,200.0016000128,700.019600548815,500.010000200004,100.0004000016,0,1500.09000540032,0,0,0,
16.67895,100.0004000016,200.0016000128,200.0016000128,2100.17641481884,100.0004000016,100.0004000016,100.0004000016,1000.04000160006,0,0,0,
16.80519,0,200.0016000128,100.0004000016,2100.17641481884,300.003600043201,0,0,1000.04000160006,0,0,0,
16.93147,100.0004000016,500.010000200004,100.0004000016,1200.05760276493,300.003600043201,0,100.0004000016,1300.06760351538,0,0,0,
17.05767,100.0004000016,400.006400102402,100.0004000016,1500.09000540032,300.003600043201,100.0004000016,0,1000.04000160006,0,0,0,
17.18397,0,100.0004000016,0,1300.06760351538,0,0,100.0004000016,900.032401166442,0,0,0,
17.31024,0,300.003600043201,200.0016000128,700.019600548815,100.0004000016,0,200.0016000128,1200.05760276493,0,0,0,
17.43646,0,200.0016000128,100.0004000016,1100.04840212969,100.0004000016,100.0004000016,0,1100.04840212969,100.0004000016,0,0,
17.5627,0,0,0,1100.04840212969,100.0004000016,0,100.0004000016,200.0016000128,0,0,0,
17.68899,0,800.025600819226,100.0004000016,800.025600819226,0,0,0,1400.07840439065,0,0,0,
17.81528,0,300.003600043201,0,900.032401166442,300.003600043201,0,0,800.025600819226,0,0,0,
17.94151,0,400.006400102402,100.0004000016,1500.09000540032,0,0,0,600.014400345608,0,0,0,
18.06772,0,300.003600043201,300.003600043201,800.025600819226,0,100.0004000016,0,800.025600819226,0,0,0,
18.19395,0,200.0016000128,200.0016000128,900.032401166442,100.0004000016,0,200.0016000128,1200.05760276493,0,0,0,
18.32022,0,300.003600043201,100.0004000016,1300.06760351538,0,0,0,700.019600548815,0,0,0,
18.44643,0,500.010000200004,300.003600043201,600.014400345608,100.0004000016,0,100.0004000016,900.032401166442,0,0,0,
18.57274,0,200.0016000128,0,1400.07840439065,200.0016000128,0,100.0004000016,1100.04840212969,0,0,0,
18.69898,0,300.003600043201,200.0016000128,1300.06760351538,200.0016000128,0,0,900.032401166442,0,0,0,
18.82526,0,500.010000200004,100.0004000016,1000.04000160006,200.0016000128,200.0016000128,100.0004000016,1000.04000160006,0,0,0,
18.9515,0,0,100.0004000016,1500.09000540032,100.0004000016,0,0,600.014400345608,0,0,0,
19.07782,0,300.003600043201,100.0004000016,1300.06760351538,100.0004000016,100.0004000016,0,700.019600548815,0,0,0,
19.20417,0,400.006400102402,0,1000.04000160006,0,0,100.0004000016,600.014400345608,0,0,0,
19.33041,0,500.010000200004,0,1200.05760276493,200.0016000128,100.0004000016,0,800.025600819226,0,0,0,
19.45673,0,600.014400345608,100.0004000016,1900.14441097523,200.0016000128,200.0016000128,100.0004000016,700.019600548815,0,0,0,
19.58292,200.0016000128,400.006400102402,100.0004000016,1200.05760276493,0,0,200.0016000128,900.032401166442,0,0,0,
19.70924,0,100.0004000016,100.0004000016,1100.04840212969,0,100.0004000016,0,900.032401166442,0,0,0,
19.83548,0,300.003600043201,0,1400.07840439065,200.0016000128,0,200.0016000128,800.025600819226,0,0,0,
19.96171,0,100.0004000016,100.0004000016,1600.10240655402,300.003600043201,100.0004000016,100.0004000016,700.019600548815,0,0,0,
20.08797,0,200.0016000128,600.014400345608,800.025600819226,100.0004000016,100.0004000016,100.0004000016,1100.04840212969,0,0,0,
20.21423,0,400.006400102402,200.0016000128,1200.05760276493,200.0016000128,100.0004000016,0,1100.04840212969,0,0,0,
20.34048,0,100.0004000016,200.0016000128,600.014400345608,400.006400102402,300.003600043201,0,700.019600548815,0,0,0,
20.4667,0,200.0016000128,0,1300.06760351538,0,100.0004000016,0,700.019600548815,0,0,100.0004000016,
20.59289,100.0004000016,300.003600043201,100.0004000016,500.010000200004,100.0004000016,100.0004000016,0,700.019600548815,0,0,0,
20.7192,0,100.0004000016,400.006400102402,700.019600548815,300.003600043201,200.0016000128,2100.17641481884,70397.6766761065,628943.433445568,10204.1632986258,100.0004000016,
20.84536,35349.9140786791,6301.58800017604,403406.088688371,4900.9605882753,500.010000200004,1700.11560786133,13307.0793662228,236720.437705679,2161339.92525818,24624.2302425587,0,
20.97161,64968.3980878437,9803.84310649775,767414.950273775,6601.74286011507,200.0016000128,1100.04840212969,15809.9919148902,284603.496961802,2395949.41510981,25926.8602271954,0,
21.0978,185300.740664311,10004.0016006403,808529.615803905,7402.19104855037,400.006400102402,1000.04000160006,14308.184281409,341913.091429568,2749515.82939326,28632.7558727184,0,
21.22403,80659.4006324339,15509.6159618964,902977.806328616,6801.85010322808,500.010000200004,1800.12960933187,13707.5117164206,332668.604109162,2944473.01110095,28632.7558727184,0,
21.35035,67180.0425139374,9403.53572943427,879059.906918197,7202.07419736884,700.019600548815,1500.09000540032,15709.8657957197,344482.202090818,2551254.28867357,27830.9480141918,0,
21.47666,65269.9629836093,9903.92195309342,834559.613763,8002.56081946223,300.003600043201,1500.09000540032,16310.634533716,323328.255161907,2899038.07468603,26427.9078707115,100.0004000016,
21.60286,69794.307351667,10104.0820491479,874560.132477748,6701.7960813498,100.0004000016,700.019600548815,14308.184281409,361760.146733,2796602.94531419,31238.986254846,100.0004000016,
21.72917,68286.0110942207,10304.2453490838,896967.361534095,6201.53798141939,200.0016000128,1600.10240655402,12706.4548790786,351986.987332119,2908951.15172201,34948.7885087582,0,
21.8554,73716.727177903,9303.46088745013,933179.53228992,7202.07419736884,500.010000200004,1700.11560786133,14708.648685427,372055.826641876,2961820.89591393,28933.4470648069,0,
21.98166,79854.2559509478,10704.5815609081,876274.147739035,7802.43435952017,200.0016000128,1900.14441097523,13707.5117164206,347154.629809876,2889951.08740304,27329.8441898553,0,
22.10791,72107.3808272592,12606.3536022155,893855.905870655,5601.25468104855,400.006400102402,800.025600819226,14107.9568876847,361142.671644214,2818081.27889215,25726.4467872973,0,
22.2342,76533.5804876483,11405.2007715518,869105.127125305,8502.8909829342,600.014400345608,2100.17641481884,15009.0054032419,344687.753446878,2838733.52271712,27430.063349431,0,
22.36048,65269.9629836093,10004.0016006403,844815.323287626,6201.53798141939,600.014400345608,800.025600819226,11605.3848985929,329793.916796693,2787515.9580312,30036.0432519023,100.0004000016,
22.48672,67582.2016155555,11104.9305891816,817698.13534257,6001.44034568296,600.014400345608,1300.06760351538,10904.7544729502,348285.441972705,2778428.97074821,27630.5040765005,0,
22.61301,70900.5066327574,10604.4963064339,830395.556345392,7202.07419736884,300.003600043201,600.014400345608,14908.8856958747,358158.632525794,2786689.8682782,29935.8032206519,0,
22.73932,64566.3228476556,10704.5815609081,832851.120112425,7202.07419736884,800.025600819226,1200.05760276493,13607.4024269202,347668.622830747,2827168.26617514,24624.2302425587,0,
22.86556,68386.5585316744,10204.1632986258,831569.898161619,6601.74286011507,400.006400102402,1100.04840212969,12406.1534521122,342324.114133718,2781733.32976021,26828.7604311822,0,
22.9918,64465.8060531688,11205.0198488923,826873.171457379,5801.34591225164,400.006400102402,1400.07840439065,34046.302972042,366289.216283128,2823037.81741014,27430.063349431,100.0004000016,
23.11806,65873.1145450243,8502.8909829342,797131.35899288,5301.12383825371,200.0016000128,1500.09000540032,12906.6598364756,331436.515367063,2889951.08740304,24624.2302425587,0,
23.24432,62757.1438882963,13006.7635170289,817378.193609683,7502.25067520256,200.0016000128,2000.16001280102,12306.0545788528,354249.575062777,2732994.03433328,27931.1711870447,100.0004000016,
23.37056,64264.7748827995,9003.24116682005,820577.967817232,5701.29989637637,200.0016000128,1600.10240655402,10904.7544729502,334722.351710803,2809820.38136216,23722.4889194957,0,
23.49685,64767.3588552821,11705.4781637807,815032.196508156,6401.6388195378,200.0016000128,1000.04000160006,12906.6598364756,373394.879039952,2913907.69024,24423.8376655616,0,
23.62313,62254.6405270692,10004.0016006403,839793.281653747,7001.96054895371,400.006400102402,900.032401166442,12806.5569571621,364745.033582922,2921342.49801699,25926.8602271954,0,
23.74935,62254.6405270692,9903.92195309342,818444.696891459,6701.7960813498,300.003600043201,1600.10240655402,14208.0701838644,347565.822558928,2805689.93259717,22720.6303323418,0,
23.87562,57230.7149529525,7902.49718911176,831783.426327754,5001.00020004001,300.003600043201,1100.04840212969,13707.5117164206,358158.632525794,2847820.51000011,22119.5536854579,0,
24.00191,56627.9792330667,7802.43435952017,826232.8410509,5801.34591225164,500.010000200004,2000.16001280102,12306.0545788528,373497.888924976,2906472.88246301,21418.3340939844,0,
24.12806,60244.8285678772,10204.1632986258,768520.350946632,5901.39272868397,200.0016000128,600.014400345608,11405.2007715518,357541.332792372,2867646.66407207,21618.6785382571,0,
24.2543,58637.211073913,9403.53572943427,830715.820796826,6401.6388195378,200.0016000128,800.025600819226,9403.53572943427,370510.941793959,2921342.49801699,21718.8519635043,100.0004000016,
24.38058,55824.3767113128,10304.2453490838,769582.821377621,3200.40965243551,200.0016000128,800.025600819226,10504.4118529783,358467.293663223,2781733.32976021,20016.0128102482,0,
24.50691,56025.2725093309,9503.61137232148,811407.403124626,5801.34591225164,0,800.025600819226,10704.5815609081,377928.105344795,2857733.58703609,17311.9798900839,0,
24.63317,56427.0737701303,10304.2453490838,794256.753968189,4900.9605882753,100.0004000016,1300.06760351538,10604.4963064339,368657.32829478,2879211.92061406,19915.8530190031,0,
24.75945,50803.0285418829,9303.46088745013,790212.0987043,5201.0818250196,300.003600043201,400.006400102402,9903.92195309342,357747.096030803,2921342.49801699,17812.6826300326,0,
24.88572,51505.8961224277,9303.46088745013,769901.579591887,6301.58800017604,100.0004000016,1600.10240655402,11805.5722300926,346435.074599628,2770994.16297123,15609.7404780583,0,
25.01201,51807.1371596461,6501.69043951427,828901.093905619,6801.85010322808,300.003600043201,1000.04000160006,10004.0016006403,365671.520641569,3033690.70442482,14708.648685427,0,
25.13828,52108.3854417188,7402.19104855037,808423.043411832,5901.39272868397,400.006400102402,1300.06760351538,10804.6676164103,366803.985632242,2960168.71640793,14808.7667899396,100.0004000016,
25.26457,52911.7496151873,7502.25067520256,804800.105696461,6601.74286011507,200.0016000128,700.019600548815,8102.62525058119,368760.299716682,2802385.57358518,16711.163056922,0,
25.39071,50803.0285418829,6701.7960813498,805013.191522744,5001.00020004001,600.014400345608,700.019600548815,9303.46088745013,360731.038288617,3050212.49948479,15409.4922472243,0,
25.51692,50903.435781508,7202.07419736884,780318.685987469,6501.69043951427,400.006400102402,900.032401166442,10004.0016006403,361039.762052581,2689211.27742435,14808.7667899396,0,
25.64323,47891.5686793148,7202.07419736884,804054.333016804,5401.16665199683,400.006400102402,800.025600819226,8602.95941803981,348079.832256547,2699124.35446034,13907.7326993809,100.0004000016,
25.76946,42271.354045629,7802.43435952017,800965.162504799,4500.81014582625,200.0016000128,800.025600819226,11905.6670975384,348902.291135185,2856907.49728309,14007.84439286,100.0004000016,
25.89575,42873.3992595323,8703.02865397158,816205.141761946,5101.04061228491,100.0004000016,400.006400102402,10704.5815609081,359599.115457183,2904820.70295702,11004.8421305374,0,
26.02198,44679.7086001427,7302.132222609,742511.233493808,5501.21026625858,100.0004000016,1100.04840212969,7502.25067520256,342015.845855668,2646254.61026842,10704.5815609081,0,
26.14822,41870.0066511207,8302.75651516303,809915.13699903,5401.16665199683,400.006400102402,500.010000200004,9003.24116682005,354969.574036511,2647906.78977442,11905.6670975384,0,
26.27454,40164.423735672,5801.34591225164,803202.074164596,6101.48876325823,200.0016000128,1000.04000160006,7602.31110257518,349416.355037842,2715646.14952031,11905.6670975384,0,
26.40086,40866.6944453348,7102.01697282028,811727.196887725,5501.21026625858,700.019600548815,600.014400345608,9103.31360615264,357129.816333237,2742907.11136927,11104.9305891816,0,
26.52712,43676.1712426472,7502.25067520256,814072.593302384,5401.16665199683,1000.04000160006,1000.04000160006,6901.90492575951,353632.465630616,2702428.71347233,11405.2007715518,0,
26.65336,44077.5765347011,8302.75651516303,833491.778749576,5901.39272868397,100.0004000016,700.019600548815,6601.74286011507,343146.199541796,2666906.85409339,8502.8909829342,0,
26.77967,40967.0220480706,6401.6388195378,763952.726238422,6101.48876325823,200.0016000128,800.025600819226,7802.43435952017,328870.048712483,2638819.80249143,8502.8909829342,0,
26.90594,41970.3422936842,7202.07419736884,792234.267768786,5001.00020004001,200.0016000128,900.032401166442,7402.19104855037,334516.961965796,2808168.20185617,8703.02865397158,0,
27.03211,43475.4734218603,6601.74286011507,804480.483555321,6001.44034568296,600.014400345608,800.025600819226,6101.48876325823,354043.868580863,2739602.75235727,8402.82334864514,0,
27.1584,40967.0220480706,5901.39272868397,855827.903609474,5301.12383825371,0,400.006400102402,7102.01697282028,341707.585077181,2648732.87952742,8202.69048247825,100.0004000016,
27.28469,39361.8768704403,7001.96054895371,803841.263025779,5101.04061228491,300.003600043201,1000.04000160006,7202.07419736884,349005.102247747,2747037.56013426,8202.69048247825,0,
27.41097,43876.872280235,6101.48876325823,824525.448520358,7001.96054895371,300.003600043201,300.003600043201,7602.31110257518,344379.427663086,2660298.1360694,9503.61137232148,0,
27.53717,42472.032567234,7302.132222609,820364.624861086,6301.58800017604,300.003600043201,600.014400345608,7001.96054895371,344071.109380956,2837081.34321112,6801.85010322808,0,
27.66341,37255.4360889003,4900.9605882753,833598.558278532,5401.16665199683,300.003600043201,400.006400102402,7902.49718911176,342940.673189602,2655341.59755141,8402.82334864514,0,
27.78969,34547.6757925938,7001.96054895371,824205.337553353,5501.21026625858,400.006400102402,200.0016000128,8002.56081946223,342940.673189602,2717298.32902631,6401.6388195378,0,
27.91595,34447.3996218797,5901.39272868397,791489.221220825,4200.70571856072,100.0004000016,400.006400102402,7202.07419736884,338317.211406702,2625602.36644345,7102.01697282028,100.0004000016,
28.04215,37155.1382251261,5901.39272868397,827726.994727011,5301.12383825371,200.0016000128,300.003600043201,7001.96054895371,345098.866161657,2682602.55940036,7502.25067520256,0,
28.16846,34647.952766629,7202.07419736884,825699.256633073,7302.132222609,400.006400102402,300.003600043201,7502.25067520256,347668.622830747,2728037.49581529,7001.96054895371,0,
28.29469,37957.5436361524,5201.0818250196,821218.017839363,6601.74286011507,300.003600043201,200.0016000128,7202.07419736884,337803.597562706,2686733.00816536,9903.92195309342,0,
28.42099,33645.2191745706,6101.48876325823,822178.152371509,4800.92177698118,400.006400102402,800.025600819226,5701.29989637637,320250.528686831,2671863.39261138,8002.56081946223,0,
28.54724,37054.8411649241,5201.0818250196,837977.2791163,5301.12383825371,400.006400102402,200.0016000128,5101.04061228491,333592.749323086,2562819.54521555,6301.58800017604,0,
28.67344,30938.239664225,6301.58800017604,793192.248010829,4400.77453631839,200.0016000128,700.019600548815,5901.39272868397,331436.515367063,2704906.98273133,8202.69048247825,100.0004000016,
28.79975,35650.7666917691,5801.34591225164,830502.310280127,7001.96054895371,200.0016000128,600.014400345608,6301.58800017604,332976.645022171,2682602.55940036,6101.48876325823,100.0004000016,
28.92594,37456.0342272039,4700.88376614804,826019.40463794,5101.04061228491,600.014400345608,700.019600548815,6501.69043951427,325996.223387443,2592558.7763235,6901.90492575951,0,
29.05213,29334.3798932349,4400.77453631839,804160.869331858,5201.0818250196,300.003600043201,700.019600548815,5801.34591225164,308869.442678448,2671863.39261138,6101.48876325823,0,
29.17842,31339.2367243789,5301.12383825371,771601.756592376,5601.25468104855,100.0004000016,500.010000200004,6801.85010322808,329588.606953681,2682602.55940036,9003.24116682005,0,
29.30466,34146.5759295679,6001.44034568296,814712.320845896,3500.49006860961,0,500.010000200004,7102.01697282028,323430.858930257,2699124.35446034,6901.90492575951,100.0004000016,
29.43089,31038.4877247787,3500.49006860961,820044.617037098,5201.0818250196,500.010000200004,600.014400345608,5301.12383825371,314917.574628377,2618993.64841946,8102.62525058119,0,
29.55708,27430.063349431,4200.70571856072,819937.94952512,4400.77453631839,400.006400102402,500.010000200004,7001.96054895371,334722.351710803,2548776.01941457,7802.43435952017,0,
29.68325,31138.7365883159,3700.5476810568,851656.98780629,4600.84655576626,100.0004000016,200.0016000128,5901.39272868397,331949.871111039,2628906.72545545,8302.75651516303,0,
29.80948,31940.756405173,6101.48876325823,829648.303508699,4000.64010241639,100.0004000016,500.010000200004,6501.69043951427,348285.441972705,2915559.869746,9503.61137232148,0,
29.93572,29735.3255667733,6601.74286011507,835200.35714581,5101.04061228491,300.003600043201,500.010000200004,6601.74286011507,331847.1982977,2729689.67532129,7402.19104855037,100.0004000016,
30.06194,34347.1242544771,4600.84655576626,841502.693718241,5001.00020004001,400.006400102402,400.006400102402,8602.95941803981,337084.573161338,2647080.70002142,8602.95941803981,0,
30.18822,33143.8825004306,3700.5476810568,839793.281653747,4800.92177698118,400.006400102402,300.003600043201,6701.7960813498,332052.54475667,2574384.80175753,9703.76506084361,0,
30.31445,29534.8511243267,4200.70571856072,860428.165937058,6101.48876325823,300.003600043201,400.006400102402,6701.7960813498,308254.540300864,2619819.73817246,8202.69048247825,0,
30.44072,31940.756405173,4400.77453631839,821964.78297155,4400.77453631839,500.010000200004,500.010000200004,4800.92177698118,331436.515367063,2602471.85335949,8703.02865397158,0,
30.56705,29935.8032206519,6001.44034568296,852084.712111185,5501.21026625858,200.0016000128,700.019600548815,5301.12383825371,340782.847736359,2778428.97074821,9903.92195309342,0,
30.69337,29234.1454819229,5101.04061228491,826019.40463794,5501.21026625858,300.003600043201,500.010000200004,7302.132222609,373703.911204216,2697472.17495434,9303.46088745013,0,
30.81968,27830.9480141918,5201.0818250196,835520.740756051,4300.73972723308,200.0016000128,200.0016000128,8102.62525058119,331744.526316643,2756124.54741725,8202.69048247825,0,
30.94592,26928.9755777216,4100.67251029169,855934.86786583,4200.70571856072,300.003600043201,500.010000200004,6801.85010322808,329280.648429585,2887472.81814404,7902.49718911176,0,
31.07221,27830.9480141918,4200.70571856072,745970.083046581,5001.00020004001,100.0004000016,500.010000200004,5301.12383825371,329177.997252291,2666080.76434039,9803.84310649775,0,
31.19843,29334.3798932349,4400.77453631839,832103.725196014,4400.77453631839,600.014400345608,100.0004000016,6701.7960813498,335543.94399426,2735472.30359228,10604.4963064339,0,
31.32467,29033.6790677186,5001.00020004001,847915.003784135,5301.12383825371,100.0004000016,100.0004000016,8502.8909829342,330307.205965794,2629732.81520845,10304.2453490838,0,
31.45098,30537.255451651,5401.16665199683,843319.191869072,4600.84655576626,300.003600043201,300.003600043201,5901.39272868397,317788.886098306,2455427.87732572,10004.0016006403,0,
31.57719,28432.2990917683,4200.70571856072,798622.147188363,5401.16665199683,400.006400102402,800.025600819226,7001.96054895371,330820.515938152,2741254.93186327,12806.5569571621,0,
31.70337,29635.0879441258,3900.60849492521,817698.13534257,3800.57768780855,200.0016000128,500.010000200004,6401.6388195378,316455.696202532,2667732.94384639,11705.4781637807,0,
31.82965,28332.0719053969,3700.5476810568,839900.113282122,4500.81014582625,400.006400102402,400.006400102402,7302.132222609,302414.457597202,2647080.70002142,8703.02865397158,0,
31.95589,27430.063349431,4300.73972723308,819297.962960668,4400.77453631839,300.003600043201,200.0016000128,7102.01697282028,334619.656422022,2738776.66260428,11205.0198488923,0,
32.08217,29835.5639922788,4500.81014582625,857004.559107044,4100.67251029169,200.0016000128,500.010000200004,7602.31110257518,322097.074791346,2624776.27669045,9703.76506084361,0,
32.20832,27931.1711870447,4400.77453631839,779999.670016004,4700.88376614804,400.006400102402,400.006400102402,6401.6388195378,331025.845752291,2620645.82792546,13206.9732818928,0,
32.33449,29334.3798932349,5501.21026625858,828794.353205663,4500.81014582625,600.014400345608,400.006400102402,6401.6388195378,321891.88970189,2523167.23707161,9703.76506084361,0,
32.46072,25225.4272306485,4400.77453631839,819989.463475926,4300.73972723308,100.0004000016,600.014400345608,7702.37233067785,324764.78358469,2657819.8668104,12406.1534521122,100.0004000016,
32.587,27329.8441898553,4100.67251029169,829755.051266898,5701.29989637637,300.003600043201,200.0016000128,8602.95941803981,313072.075428905,2728037.49581529,11905.6670975384,0,
32.71333,25626.2412710616,4000.64010241639,818658.008121517,4400.77453631839,300.003600043201,300.003600043201,6201.53798141939,322610.052063286,2756950.63717025,11004.8421305374,0,
32.83963,28732.9854673165,4000.64010241639,811940.39713219,5301.12383825371,200.0016000128,200.0016000128,8703.02865397158,313584.687103842,2566123.90422755,10904.7544729502,0,
32.96587,23922.8702639724,3200.40965243551,810874.431128328,4600.84655576626,200.0016000128,400.006400102402,6501.69043951427,313687.21193024,2641298.07175043,8602.95941803981,0,
33.09214,25025.025025025,3500.49006860961,797237.838150194,4600.84655576626,200.0016000128,400.006400102402,5501.21026625858,307229.769400522,2542993.39114358,10604.4963064339,0,
33.21831,26828.7604311822,4000.64010241639,812366.80818727,4000.64010241639,500.010000200004,400.006400102402,7902.49718911176,329383.300438908,2704906.98273133,10304.2453490838,0,
33.34462,26227.4864057532,4000.64010241639,853474.913856222,5301.12383825371,100.0004000016,400.006400102402,8502.8909829342,354660.998040592,2690037.36717735,10104.0820491479,100.0004000016,
33.47093,25025.025025025,3800.57768780855,818977.981575577,4700.88376614804,400.006400102402,0,8302.75651516303,331539.184851334,2894907.62592103,9603.68781612139,0,
33.59722,22620.4488857928,3200.40965243551,800539.12806562,3700.5476810568,400.006400102402,400.006400102402,6601.74286011507,331847.1982977,2602471.85335949,8903.16952835209,0,
33.72351,24123.2548176442,3300.43565750679,807783.627542067,4900.9605882753,200.0016000128,200.0016000128,7402.19104855037,336879.145113428,2656993.7770574,8402.82334864514,0,
33.84971,22820.8125810739,4600.84655576626,778085.739975418,3600.51847466035,300.003600043201,200.0016000128,7902.49718911176,301595.012549591,2591732.6865705,10204.1632986258,0,
33.97595,22720.6303323418,2800.31363512713,776491.015346292,3700.5476810568,400.006400102402,400.006400102402,8102.62525058119,317686.3280443,2685080.82865936,9403.53572943427,0,
34.10218,23021.1794851263,4200.70571856072,782445.660917525,4500.81014582625,100.0004000016,800.025600819226,9203.38684635946,309176.905072364,2654515.50779841,9503.61137232148,0,
34.22842,20216.3347985172,3500.49006860961,769490.260005438,2600.27042812453,500.010000200004,400.006400102402,10204.1632986258,316455.696202532,2649558.96928041,9403.53572943427,0,
34.3546,22620.4488857928,3300.43565750679,800539.12806562,4600.84655576626,500.010000200004,400.006400102402,10104.0820491479,334003.502172644,2713993.97001431,10804.6676164103,100.0004000016,
34.48088,22920.9956319989,4700.88376614804,804054.333016804,5301.12383825371,400.006400102402,300.003600043201,8102.62525058119,319122.216415704,2501688.90349365,9903.92195309342,0,
34.60703,26127.2768770597,3100.38444767151,756308.235012919,4600.84655576626,300.003600043201,100.0004000016,10304.2453490838,307024.825179073,2499210.63423465,9403.53572943427,0,
34.73326,21819.0261908384,2600.27042812453,817804.78434904,3400.46246289495,100.0004000016,300.003600043201,9903.92195309342,347565.822558928,2858559.67678909,9503.61137232148,0,
34.85949,21117.8234429859,3000.36004320518,818871.322876346,3900.60849492521,100.0004000016,300.003600043201,8402.82334864514,319635.073163618,2499210.63423465,8402.82334864514,0,
34.98571,22019.3770518056,2600.27042812453,781063.087292617,3200.40965243551,300.003600043201,300.003600043201,8803.09869073914,302004.728438644,2609080.57138348,7602.31110257518,0,
35.11205,18713.9980705568,3000.36004320518,789467.168976715,3800.57768780855,200.0016000128,200.0016000128,9203.38684635946,319737.647006397,2545471.66040258,7302.132222609,0,
35.23828,21819.0261908384,2800.31363512713,776278.400303541,3400.46246289495,0,300.003600043201,8402.82334864514,326304.102050823,2594210.9558295,8402.82334864514,0,
35.36455,24524.0335528818,3400.46246289495,791276.358684439,3500.49006860961,100.0004000016,200.0016000128,9203.38684635946,350855.844893324,2575210.89151053,9103.31360615264,0,
35.49084,20717.1538033492,3400.46246289495,802989.018247874,4600.84655576626,200.0016000128,500.010000200004,9703.76506084361,312764.518389217,2423210.37695877,9703.76506084361,0,
35.61712,20717.1538033492,3600.51847466035,786168.711681753,4200.70571856072,100.0004000016,400.006400102402,8402.82334864514,313584.687103842,2560341.27595655,9103.31360615264,0,
35.74341,23922.8702639724,3600.51847466035,801178.18500064,3400.46246289495,300.003600043201,100.0004000016,10304.2453490838,317788.886098306,2563645.63496855,9003.24116682005,100.0004000016,
35.86962,18012.9693379233,2700.2916314962,820897.988861897,4000.64010241639,300.003600043201,500.010000200004,9203.38684635946,313584.687103842,2628080.63570245,9203.38684635946,0,
35.99583,22620.4488857928,3800.57768780855,803947.797581448,4800.92177698118,800.025600819226,200.0016000128,9103.31360615264,314507.440440027,2392645.05609782,10304.2453490838,0,
36.12214,18713.9980705568,4100.67251029169,785955.936958495,3300.43565750679,900.032401166442,600.014400345608,8602.95941803981,293096.401095899,2494254.09571666,9503.61137232148,0,
36.24837,22219.7311212357,2900.33643902693,838084.095729068,4300.73972723308,300.003600043201,1000.04000160006,12005.7627661277,337495.439250821,2593384.8660765,8903.16952835209,0,
36.37465,17512.2585810067,3900.60849492521,790850.644152286,3900.60849492521,300.003600043201,200.0016000128,10604.4963064339,294324.762941588,2373644.99177885,9203.38684635946,0,
36.50089,21919.201220269,4800.92177698118,792766.470228957,3600.51847466035,300.003600043201,300.003600043201,10904.7544729502,315430.261052717,2598341.40459449,8402.82334864514,0,
36.6272,21117.8234429859,2600.27042812453,790424.943673712,4000.64010241639,800.025600819226,500.010000200004,11505.2924345199,308664.471899284,2346384.02992989,8602.95941803981,0,
36.75356,17612.3991289868,3700.5476810568,771708.025103705,4500.81014582625,500.010000200004,400.006400102402,9103.31360615264,294836.615591333,2376123.26103784,9303.46088745013,0,
36.87985,21418.3340939844,3700.5476810568,804693.564102988,2900.33643902693,700.019600548815,200.0016000128,11505.2924345199,302312.024063511,2397601.59461581,8202.69048247825,0,
37.00611,21919.201220269,3100.38444767151,794576.122889488,5201.0818250196,500.010000200004,400.006400102402,11305.1099096792,299341.812323411,2250557.61858204,9703.76506084361,0,
37.13231,18814.1482394761,3100.38444767151,807463.931488409,3800.57768780855,200.0016000128,400.006400102402,9803.84310649775,296167.529434621,2318296.97832793,6601.74286011507,0,
37.25863,18413.5523745477,2600.27042812453,799928.136069842,3200.40965243551,100.0004000016,100.0004000016,11705.4781637807,276320.738311218,2304253.45252695,6401.6388195378,0,
37.38491,17111.7044058136,3000.36004320518,776278.400303541,5001.00020004001,200.0016000128,200.0016000128,10904.7544729502,290742.374335359,2249731.52882904,8002.56081946223,0,
37.51127,18012.9693379233,2800.31363512713,765439.682075087,3900.60849492521,100.0004000016,700.019600548815,11305.1099096792,280205.801099386,2541341.21163758,7602.31110257518,0,
37.63766,18814.1482394761,3400.46246289495,796386.029502811,4600.84655576626,300.003600043201,200.0016000128,9503.61137232148,290026.018378768,2330688.32462291,7702.37233067785,100.0004000016,
37.76395,18113.1138944596,3100.38444767151,779680.661939704,3600.51847466035,300.003600043201,400.006400102402,12806.5569571621,280512.567448408,2370340.63276685,7302.132222609,0,
37.89018,17912.8255831175,4500.81014582625,780637.709854391,4800.92177698118,100.0004000016,400.006400102402,13407.186251831,294017.661294892,2435601.72325375,6401.6388195378,100.0004000016,
38.01647,18413.5523745477,3000.36004320518,698237.959218312,4100.67251029169,500.010000200004,300.003600043201,12606.3536022155,294836.615591333,2940342.56233596,7402.19104855037,0,
38.14268,20016.0128102482,3200.40965243551,816418.415987179,3900.60849492521,300.003600043201,100.0004000016,11705.4781637807,311944.402820358,2275340.311172,6901.90492575951,0,
38.26888,19815.6940296715,2700.2916314962,804693.564102988,4000.64010241639,200.0016000128,200.0016000128,12005.7627661277,292789.329275695,2333166.59388191,8302.75651516303,0,
38.39512,21718.8519635043,3100.38444767151,810554.658495389,3200.40965243551,200.0016000128,300.003600043201,12005.7627661277,318711.945975945,2251383.70833504,7602.31110257518,0,
38.52145,19715.5358422437,2900.33643902693,813646.125887989,5701.29989637637,800.025600819226,400.006400102402,11505.2924345199,288286.465709084,2553732.55793256,7302.132222609,0,
38.64777,20817.3200102485,3300.43565750679,814072.593302384,4400.77453631839,100.0004000016,100.0004000016,12306.0545788528,291151.738817264,2383558.06881483,7502.25067520256,0,
38.77408,18413.5523745477,4300.73972723308,839359.020971456,4200.70571856072,200.0016000128,500.010000200004,10704.5815609081,296372.297841511,2434775.63350075,7702.37233067785,0,
38.90031,17612.3991289868,3700.5476810568,882940.525336397,4900.9605882753,200.0016000128,900.032401166442,9703.76506084361,284398.919041377,2428993.00522976,7502.25067520256,0,
39.02665,15509.6159618964,3700.5476810568,865672.321247512,4900.9605882753,400.006400102402,500.010000200004,13307.0793662228,284501.207587778,2413297.29992278,8803.09869073914,0,
39.1529,20216.3347985172,2900.33643902693,848342.604272214,4400.77453631839,700.019600548815,400.006400102402,12806.5569571621,301185.3099294,2409992.94091079,8202.69048247825,0,
39.27909,18613.8487034354,2300.21161946899,827620.263730996,3800.57768780855,0,200.0016000128,11605.3848985929,281944.242188891,2219992.29772109,8903.16952835209,0,
39.40537,17812.6826300326,3200.40965243551,801710.756630008,4000.64010241639,400.006400102402,800.025600819226,14708.648685427,297498.583340079,2344731.85042389,9203.38684635946,0,
39.53165,20316.4969955604,2700.2916314962,836054.731098342,3900.60849492521,200.0016000128,200.0016000128,12306.0545788528,298624.969135678,3494648.7865981,7602.31110257518,0,
39.65794,18113.1138944596,2400.23042212052,843426.05265443,4800.92177698118,200.0016000128,400.006400102402,14508.4148806308,295553.244104112,2364558.00449586,8803.09869073914,0,
39.78415,20216.3347985172,3600.51847466035,833064.669460771,4400.77453631839,100.0004000016,400.006400102402,13006.7635170289,293301.119785027,2344731.85042389,9703.76506084361,100.0004000016,
39.91051,20616.9883984403,3000.36004320518,864923.025989075,4300.73972723308,400.006400102402,300.003600043201,12806.5569571621,301902.29822239,2410819.03066379,8102.62525058119,0,
40.03679,18313.4054127621,3200.40965243551,856790.613778153,4600.84655576626,100.0004000016,300.003600043201,14708.648685427,281432.911167112,2149774.66871619,9403.53572943427,0,
40.16305,18113.1138944596,2900.33643902693,800645.635356379,3800.57768780855,200.0016000128,400.006400102402,15709.8657957197,287263.311215407,2286905.56771398,10104.0820491479,0,
40.28935,20316.4969955604,3500.49006860961,831783.426327754,4200.70571856072,100.0004000016,400.006400102402,12906.6598364756,303438.838551915,2430645.18473576,9803.84310649775,0,
40.41558,19915.8530190031,4700.88376614804,851763.917555623,4600.84655576626,100.0004000016,700.019600548815,14007.84439286,305692.768645234,2515732.42929462,10904.7544729502,0,
40.54185,19214.7569333248,4000.64010241639,846418.513479424,5001.00020004001,400.006400102402,100.0004000016,16010.246557797,286444.847229415,2355471.01721287,8602.95941803981,0,
40.66813,19715.5358422437,2000.16001280102,862461.361482726,5001.00020004001,400.006400102402,400.006400102402,11905.6670975384,291356.426027841,2244774.99031105,8803.09869073914,0,
40.79441,19915.8530190031,4100.67251029169,863103.489656828,3500.49006860961,300.003600043201,0,13607.4024269202,302004.728438644,2381905.88930883,11104.9305891816,0,
40.92064,18613.8487034354,3700.5476810568,861495.658109204,3600.51847466035,600.014400345608,500.010000200004,15109.1259120509,304975.565515594,2429819.09498276,11905.6670975384,0,
41.04692,23321.7358578195,4000.64010241639,850160.064191118,4500.81014582625,100.0004000016,500.010000200004,15709.8657957197,302004.728438644,2465340.9543617,12406.1534521122,100.0004000016,
41.17323,21718.8519635043,3000.36004320518,836161.531815683,3700.5476810568,200.0016000128,300.003600043201,12706.4548790786,295860.383040036,2396775.50486281,9803.84310649775,0,
41.29946,18012.9693379233,3000.36004320518,874988.615005009,4100.67251029169,800.025600819226,300.003600043201,16711.163056922,310509.328441318,2526471.59608361,11205.0198488923,0,
41.42577,19014.4509827469,2400.23042212052,847273.629577552,5001.00020004001,300.003600043201,900.032401166442,15609.7404780583,317686.3280443,2420732.10769977,10204.1632986258,0,
41.55198,19014.4509827469,3300.43565750679,893534.073819358,4100.67251029169,100.0004000016,200.0016000128,14908.8856958747,303233.955725413,2409992.94091079,12706.4548790786,0,
41.6783,20216.3347985172,2900.33643902693,851229.277654611,3700.5476810568,600.014400345608,400.006400102402,15509.6159618964,315942.968243681,2523993.32682461,12306.0545788528,0,
41.80461,17211.841747122,3700.5476810568,855400.055433978,4700.88376614804,200.0016000128,400.006400102402,16811.2971917128,301185.3099294,2476080.12115069,11605.3848985929,0,
41.93093,22520.2682414173,3200.40965243551,861498.229004601,3900.60849492521,300.003600043201,700.019600548815,18313.4054127621,301595.012549591,2509123.71127063,10404.3282005314,100.0004000016,
42.05719,18213.259252736,3100.38444767151,866849.872942033,3800.57768780855,700.019600548815,800.025600819226,14308.184281409,303746.16901283,2456253.96707872,12005.7627661277,0,
42.1834,22920.9956319989,3000.36004320518,823671.836910084,4000.64010241639,0,500.010000200004,18313.4054127621,302721.763174621,2344731.85042389,11004.8421305374,0,
42.30963,19314.911111378,4500.81014582625,852191.64539893,3300.43565750679,200.0016000128,600.014400345608,17512.2585810067,314404.9089694,2655341.59755141,14608.5313823273,0,
42.43592,20717.1538033492,4000.64010241639,860000.165504001,4800.92177698118,400.006400102402,300.003600043201,16110.3750815525,324970.015235502,2611558.84064247,13707.5117164206,0,
42.56211,19615.3784567101,3500.49006860961,844815.323287626,4400.77453631839,100.0004000016,500.010000200004,18713.9980705568,323943.890244001,2580167.43002852,13807.6218072376,0,
42.68836,20917.487019148,3600.51847466035,853886.189093103,4600.84655576626,200.0016000128,400.006400102402,16711.163056922,348902.291135185,2628906.72545545,11605.3848985929,0,
42.81459,19415.0660912868,3600.51847466035,865672.321247512,3800.57768780855,300.003600043201,400.006400102402,17211.841747122,331128.511907657,2648732.87952742,15109.1259120509,0,
42.94082,23822.6791905894,2800.31363512713,896645.452134712,4000.64010241639,200.0016000128,800.025600819226,18914.2992102029,340269.133930418,2699950.44421334,12706.4548790786,0,
43.0671,22219.7311212357,3800.57768780855,873488.988243087,4400.77453631839,200.0016000128,400.006400102402,17311.9798900839,331641.855167858,2701602.62371933,17412.118834709,0,
43.19325,23221.549598027,3400.46246289495,854651.355197405,4300.73972723308,400.006400102402,100.0004000016,19314.911111378,327433.05452895,2613211.02014847,14308.184281409,0,
43.3194,22620.4488857928,4800.92177698118,886134.144018025,4300.73972723308,800.025600819226,400.006400102402,18814.1482394761,341604.833150874,2737124.48309828,13807.6218072376,0,
43.44565,20416.6599945556,2700.2916314962,857967.356902009,4600.84655576626,400.006400102402,500.010000200004,17311.9798900839,314507.440440027,2618167.55866646,12205.9565067753,0,
43.572,18213.259252736,3200.40965243551,799928.136069842,3700.5476810568,500.010000200004,900.032401166442,17712.5404786589,374734.072786917,2662776.40532839,13407.186251831,0,
43.69826,22520.2682414173,2900.33643902693,860963.186401685,4100.67251029169,100.0004000016,600.014400345608,17712.5404786589,331847.1982977,2736298.39334528,12706.4548790786,100.0004000016,
43.82457,20016.0128102482,2400.23042212052,847380.52306827,4000.64010241639,100.0004000016,300.003600043201,18513.7001381022,343248.963967982,2772646.34247722,15209.2472223112,0,
43.95087,20116.1734034163,2500.2500250025,875631.365405316,4300.73972723308,200.0016000128,500.010000200004,17512.2585810067,365156.797253258,2646254.61026842,14708.648685427,0,
44.07713,22119.5536854579,2400.23042212052,842143.781553257,3800.57768780855,400.006400102402,500.010000200004,16811.2971917128,315020.110251976,2653689.41804541,12406.1534521122,0,
44.20333,20216.3347985172,4100.67251029169,821004.664306283,4500.81014582625,400.006400102402,300.003600043201,18513.7001381022,331949.871111039,2748689.73964026,13607.4024269202,0,
44.32957,18513.7001381022,4000.64010241639,858823.237359173,4400.77453631839,100.0004000016,500.010000200004,20216.3347985172,338522.66277467,2789168.1375372,13707.5117164206,0,
44.45585,19114.6035571176,3500.49006860961,793511.590572368,3900.60849492521,400.006400102402,300.003600043201,20416.6599945556,326406.729935408,2837081.34321112,12205.9565067753,100.0004000016,
44.58213,18413.5523745477,2600.27042812453,841609.539481845,3300.43565750679,200.0016000128,100.0004000016,18613.8487034354,327638.3294295,2622298.00743146,14808.7667899396,0,
44.70842,18113.1138944596,3700.5476810568,806398.335177631,4900.9605882753,500.010000200004,600.014400345608,23722.4889194957,341810.337836742,2877559.74110806,13206.9732818928,0,
44.83469,18613.8487034354,3300.43565750679,857218.507976435,2400.23042212052,0,200.0016000128,19915.8530190031,331744.526316643,2903994.61320402,13307.0793662228,0,
44.96099,19214.7569333248,4200.70571856072,805332.826860668,4000.64010241639,400.006400102402,100.0004000016,24924.8251258253,346846.244002936,2966777.43443192,14408.2991803279,0,
45.08727,21117.8234429859,2900.33643902693,835520.740756051,4800.92177698118,400.006400102402,400.006400102402,21318.1630749398,347257.426746426,2758602.81667624,11805.5722300926,0,
45.21356,19515.221873061,2700.2916314962,815885.237031132,3000.36004320518,300.003600043201,400.006400102402,21217.9928579435,348285.441972705,2821385.63790415,13607.4024269202,0,
45.33983,18012.9693379233,3600.51847466035,851870.848189542,2900.33643902693,300.003600043201,500.010000200004,22720.6303323418,330615.189452737,2830472.62518713,14007.84439286,0,
45.46607,19615.3784567101,3100.38444767151,834025.685221697,4400.77453631839,200.0016000128,400.006400102402,23321.7358578195,342632.389911605,2813124.74037416,11805.5722300926,100.0004000016,
45.59236,18012.9693379233,3500.49006860961,816098.505970747,3400.46246289495,0,700.019600548815,22920.9956319989,340063.654239899,2702428.71347233,10804.6676164103,100.0004000016,
45.71861,18113.1138944596,2300.21161946899,822391.525297681,4100.67251029169,0,700.019600548815,22420.0883992057,345509.992213859,2746211.47038126,10104.0820491479,0,
45.84474,19014.4509827469,2100.17641481884,817164.903526418,3000.36004320518,200.0016000128,0,22019.3770518056,341193.833777987,2827168.26617514,13307.0793662228,0,
45.97103,18113.1138944596,3500.49006860961,831463.13540233,4200.70571856072,500.010000200004,500.010000200004,22620.4488857928,342324.114133718,2682602.55940036,11805.5722300926,0,
46.09736,19114.6035571176,3100.38444767151,826659.724460533,3200.40965243551,400.006400102402,100.0004000016,22720.6303323418,335852.054838945,2745385.38062827,13507.2939387269,0,
46.22364,18613.8487034354,2700.2916314962,810661.248492657,3500.49006860961,300.003600043201,400.006400102402,22520.2682414173,331641.855167858,2775950.70148922,13106.8679988314,0,
46.34987,18613.8487034354,2800.31363512713,799048.118320626,2800.31363512713,600.014400345608,100.0004000016,23522.1107841371,346537.865699848,2888298.90789704,12606.3536022155,0,
46.47613,21718.8519635043,2600.27042812453,831890.191734622,3900.60849492521,900.032401166442,200.0016000128,25726.4467872973,368451.387958712,2810646.47111516,14308.184281409,0,
46.6023,21618.6785382571,3300.43565750679,809169.068640001,3700.5476810568,200.0016000128,500.010000200004,21217.9928579435,342837.911263574,2741254.93186327,13206.9732818928,0,
46.72846,19715.5358422437,2200.1936170383,802882.491608903,3000.36004320518,0,300.003600043201,24824.6260290208,333284.693426722,2737124.48309828,14708.648685427,0,
46.85478,20116.1734034163,1700.11560786133,794469.665703673,3800.57768780855,300.003600043201,500.010000200004,27329.8441898553,351781.317562497,2772646.34247722,12606.3536022155,0,
46.98109,20016.0128102482,3100.38444767151,851977.779708059,3800.57768780855,0,400.006400102402,26027.0681508769,347771.423936407,2939516.47258296,16110.3750815525,0,
47.10732,19615.3784567101,2100.17641481884,827726.994727011,4200.70571856072,200.0016000128,600.014400345608,26027.0681508769,343660.030006894,2806516.02235017,14308.184281409,0,
47.2336,19415.0660912868,2700.2916314962,809488.806940894,3700.5476810568,600.014400345608,500.010000200004,25626.2412710616,352089.823468328,2781733.32976021,13507.2939387269,0,
47.35984,16911.4321281186,2800.31363512713,786913.450866647,5001.00020004001,600.014400345608,300.003600043201,27730.7256440136,357849.978902269,2694167.81594235,12406.1534521122,0,
47.48611,19915.8530190031,2700.2916314962,810448.069378484,4000.64010241639,500.010000200004,200.0016000128,25025.025025025,339447.235162233,2731341.85482729,12205.9565067753,0,
47.61233,13507.2939387269,3700.5476810568,775640.5762196,4100.67251029169,300.003600043201,200.0016000128,22520.2682414173,346640.6576338,2749515.82939326,11905.6670975384,0,
47.73859,16911.4321281186,1700.11560786133,765864.558125729,3300.43565750679,200.0016000128,300.003600043201,25225.4272306485,334722.351710803,2688385.18767135,15109.1259120509,0,
47.86478,18814.1482394761,3100.38444767151,806291.780386392,3900.60849492521,400.006400102402,200.0016000128,29234.1454819229,379164.720930705,2895733.71567403,12906.6598364756,0,
47.99106,19515.221873061,1900.14441097523,808955.914173866,3800.57768780855,0,500.010000200004,29735.3255667733,338728.117474398,2683428.64915336,10204.1632986258,0,
48.11726,16410.7654621432,3800.57768780855,846276.720077002,4000.64010241639,300.003600043201,300.003600043201,25125.2257266295,339344.501564958,2647906.78977442,13707.5117164206,0,
48.24358,18613.8487034354,3200.40965243551,808103.331516443,2700.2916314962,200.0016000128,100.0004000016,29033.6790677186,358570.182378837,2853603.1382711,16210.5044068556,0,
48.36985,15609.7404780583,2500.2500250025,787339.035429741,3200.40965243551,100.0004000016,500.010000200004,26127.2768770597,349210.726974805,2756950.63717025,13607.4024269202,0,
48.49599,19815.6940296715,2500.2500250025,774332.649379321,4000.64010241639,600.014400345608,300.003600043201,30837.992406645,359702.013357462,2839559.61247012,12706.4548790786,0,
48.62226,18413.5523745477,3500.49006860961,803628.196553461,3600.51847466035,100.0004000016,200.0016000128,31740.2466327303,352398.336882669,2785863.7785252,12406.1534521122,0,
48.74849,20817.3200102485,2500.2500250025,775534.275274458,3900.60849492521,300.003600043201,200.0016000128,26828.7604311822,350136.079530475,2727211.40606229,12406.1534521122,0,
48.87475,18113.1138944596,3000.36004320518,783615.646735588,2900.33643902693,300.003600043201,300.003600043201,27530.2833116428,346949.038438141,2927951.21604098,14007.84439286,0,
49.00104,20316.4969955604,2600.27042812453,884324.065157506,4000.64010241639,400.006400102402,200.0016000128,28732.9854673165,352192.660438816,2725559.2265563,11705.4781637807,0,
49.12724,17211.841747122,2800.31363512713,855293.095602532,2200.1936170383,600.014400345608,500.010000200004,30537.255451651,371231.864643463,2711515.70075532,14608.5313823273,0,
49.25355,19314.911111378,2900.33643902693,838831.836748193,3000.36004320518,300.003600043201,800.025600819226,29635.0879441258,346435.074599628,2664428.58483439,14007.84439286,0,
49.37982,18513.7001381022,1700.11560786133,779680.661939704,4000.64010241639,700.019600548815,200.0016000128,32742.827618525,346846.244002936,2601645.76360649,14107.9568876847,0,
49.50595,15809.9919148902,4100.67251029169,790318.520749859,3000.36004320518,200.0016000128,200.0016000128,30938.239664225,343968.338287234,2435601.72325375,11805.5722300926,0,
49.63215,18313.4054127621,2600.27042812453,799048.118320626,3200.40965243551,100.0004000016,300.003600043201,30938.239664225,355278.1575435,2754472.36791125,12706.4548790786,0,
49.75838,18713.9980705568,2100.17641481884,789573.584874518,3200.40965243551,200.0016000128,400.006400102402,28933.4470648069,327125.148416953,2809820.38136216,13307.0793662228,0,
49.88472,18413.5523745477,2500.2500250025,804906.64816971,3900.60849492521,400.006400102402,300.003600043201,28933.4470648069,376382.50531889,2705733.07248433,14208.0701838644,0,
50.01101,16110.3750815525,1800.12960933187,779467.994274896,2600.27042812453,200.0016000128,0,28933.4470648069,358055.747149755,3070864.74330976,12005.7627661277,0,
50.1372,17412.118834709,3500.49006860961,800326.116122108,4000.64010241639,300.003600043201,200.0016000128,30737.7459520291,344379.427663086,2623124.09718446,13707.5117164206,0,
50.26352,18613.8487034354,2500.2500250025,835413.945336398,2800.31363512713,300.003600043201,400.006400102402,29735.3255667733,357438.452425388,2734646.21383928,14908.8856958747,0,
50.38975,17812.6826300326,3400.46246289495,843105.472949505,3500.49006860961,100.0004000016,500.010000200004,27730.7256440136,344790.530375225,2747863.64988726,15609.7404780583,0,
50.51597,14808.7667899396,2800.31363512713,820897.988861897,3300.43565750679,200.0016000128,300.003600043201,30036.0432519023,349005.102247747,2720602.6880383,15209.2472223112,100.0004000016,
50.64225,17912.8255831175,3200.40965243551,841182.161728589,2800.31363512713,400.006400102402,600.014400345608,32442.0448901777,369172.193763649,2820559.54815115,15209.2472223112,0,
50.7685,19815.6940296715,3500.49006860961,878845.596455633,3100.38444767151,200.0016000128,200.0016000128,33344.4147604609,353838.165436836,2836255.25345812,15309.3693340324,0,
50.89481,16611.0297237366,3600.51847466035,864494.876760855,3400.46246289495,400.006400102402,400.006400102402,31038.4877247787,343454.495320585,2630558.90496144,16410.7654621432,0,
51.02103,16310.634533716,2500.2500250025,821964.78297155,3200.40965243551,200.0016000128,400.006400102402,29334.3798932349,372776.837293516,2691689.54668335,17211.841747122,0,
51.14726,18513.7001381022,3300.43565750679,808849.338261103,3300.43565750679,400.006400102402,600.014400345608,28231.8455217485,340166.393668607,2623950.18693745,17211.841747122,0,
51.27349,17712.5404786589,3300.43565750679,818124.736655128,2600.27042812453,300.003600043201,100.0004000016,28833.2158646761,336468.299010864,2803211.66333818,15209.2472223112,100.0004000016,
51.39972,21819.0261908384,3000.36004320518,853688.8043186,4100.67251029169,900.032401166442,200.0016000128,30236.5257230735,344687.753446878,2619819.73817246,16310.634533716,0,
51.52603,21017.6548300572,3000.36004320518,832530.802709729,4700.88376614804,500.010000200004,400.006400102402,30236.5257230735,336981.858720989,2651211.14878641,17812.6826300326,100.0004000016,
51.65233,18313.4054127621,2700.2916314962,876702.687036807,3700.5476810568,400.006400102402,400.006400102402,35650.7666917691,368760.299716682,2656167.6873044,16711.163056922,0,
51.77856,18613.8487034354,2700.2916314962,862140.309352578,2900.33643902693,0,400.006400102402,31238.986254846,363098.112579691,2709037.43149632,15609.7404780583,0,
51.90479,20016.0128102482,4000.64010241639,890208.944342264,4200.70571856072,200.0016000128,800.025600819226,32241.5270868879,346229.494900339,2773472.43223022,17712.5404786589,0,
52.03107,19314.911111378,3100.38444767151,848449.506604796,3300.43565750679,100.0004000016,200.0016000128,30236.5257230735,330307.205965794,2703254.80322533,15709.8657957197,0,
52.15731,19014.4509827469,3600.51847466035,866742.818357524,3400.46246289495,400.006400102402,400.006400102402,32041.0124959949,335543.94399426,2626428.45619645,17211.841747122,0,
52.28362,21217.9928579435,4200.70571856072,849411.66739045,3700.5476810568,100.0004000016,300.003600043201,27730.7256440136,321789.29840412,2740428.84211027,16510.8971921468,0,
52.40995,21217.9928579435,4000.64010241639,822818.281729013,2000.16001280102,700.019600548815,400.006400102402,30136.2840860396,335543.94399426,2731341.85482729,13907.7326993809,0,
52.53621,19415.0660912868,3100.38444767151,871454.058506741,3100.38444767151,300.003600043201,600.014400345608,32542.3049964954,339652.704855888,2685906.91841236,18012.9693379233,0,
52.66241,21518.505915087,2200.1936170383,851122.352328049,2900.33643902693,100.0004000016,800.025600819226,28231.8455217485,316250.602526764,2571080.44274554,15509.6159618964,0,
52.78864,18313.4054127621,2500.2500250025,826873.171457379,3800.57768780855,300.003600043201,700.019600548815,27430.063349431,330615.189452737,2409166.85115779,18413.5523745477,0,
52.91492,22420.0883992057,3200.40965243551,840861.637690447,2200.1936170383,0,300.003600043201,25626.2412710616,323123.050119525,2503341.08299964,19415.0660912868,0,
53.04121,18914.2992102029,3400.46246289495,880238.677913183,2200.1936170383,300.003600043201,400.006400102402,30938.239664225,327022.514709935,2590906.59681751,17111.7044058136,200.0016000128,
53.16737,20616.9883984403,3400.46246289495,867171.042012425,3700.5476810568,200.0016000128,500.010000200004,29234.1454819229,323738.675224064,2523993.32682461,18513.7001381022,100.0004000016,
53.29367,19114.6035571176,3100.38444767151,854865.26512613,2900.33643902693,100.0004000016,300.003600043201,31439.4879969241,320763.431145754,2542993.39114358,16310.634533716,0,
53.41991,23121.3641404658,3600.51847466035,874024.549274492,3500.49006860961,300.003600043201,700.019600548815,27630.5040765005,330204.546467754,2509123.71127063,19615.3784567101,100.0004000016,
53.54617,20516.8237955123,4800.92177698118,897074.666445678,3200.40965243551,0,300.003600043201,32141.2693898966,324764.78358469,2650385.05903341,18814.1482394761,0,
53.67243,21919.201220269,2400.23042212052,916081.65431679,3900.60849492521,100.0004000016,400.006400102402,29234.1454819229,319122.216415704,2415775.56918178,17211.841747122,0,
53.79873,18914.2992102029,2900.33643902693,841716.386128994,3300.43565750679,400.006400102402,400.006400102402,30437.0114058695,314609.972741228,2414123.38967578,16510.8971921468,0,
53.92496,22520.2682414173,3700.5476810568,855079.178594477,3400.46246289495,500.010000200004,0,28933.4470648069,317788.886098306,2623124.09718446,17712.5404786589,100.0004000016,
54.05129,18814.1482394761,4000.64010241639,868991.150735507,2400.23042212052,500.010000200004,700.019600548815,29935.8032206519,323636.068961326,2558689.09645056,19014.4509827469,0,
54.17757,20016.0128102482,3700.5476810568,870918.603881052,2900.33643902693,700.019600548815,300.003600043201,25425.8326459683,315635.341437037,2523167.23707161,18413.5523745477,0,
54.3038,19314.911111378,3200.40965243551,862782.421584044,2700.2916314962,300.003600043201,600.014400345608,27730.7256440136,322199.668583051,2599993.58410049,17011.567866149,0,
54.43004,17412.118834709,4000.64010241639,887528.010305307,3200.40965243551,400.006400102402,700.019600548815,27430.063349431,338625.389708059,2681776.46964736,15809.9919148902,0,
54.55624,20416.6599945556,3100.38444767151,882810.914677831,1800.12960933187,100.0004000016,100.0004000016,26928.9755777216,316045.51217398,2626428.45619645,14808.7667899396,0,
54.68239,18914.2992102029,3900.60849492521,871180.436856968,2500.2500250025,500.010000200004,300.003600043201,27530.2833116428,298829.77732982,2325731.78610492,17912.8255831175,0,
54.80871,19214.7569333248,3600.51847466035,828260.662939132,4100.67251029169,0,400.006400102402,28732.9854673165,313277.117607511,2527297.68583661,16410.7654621432,100.0004000016,
54.93495,20516.8237955123,3100.38444767151,860856.18053774,4600.84655576626,400.006400102402,400.006400102402,27229.6258329062,309484.374936726,2483514.92892767,16611.0297237366,0,
55.06124,21318.1630749398,3600.51847466035,854116.595860859,2900.33643902693,200.0016000128,300.003600043201,28532.5270808722,292994.042994043,2513254.16003563,17412.118834709,0,
55.18755,20016.0128102482,4000.64010241639,852512.450569996,2300.21161946899,100.0004000016,200.0016000128,27229.6258329062,319429.927971286,2670211.21310538,16811.2971917128,0,
55.31378,21017.6548300572,3800.57768780855,890208.944342264,2600.27042812453,0,300.003600043201,27129.408278574,307639.667801799,2563645.63496855,12706.4548790786,0,
55.44008,20516.8237955123,3200.40965243551,888171.383836668,2000.16001280102,400.006400102402,200.0016000128,25826.6531060054,311226.845289682,2628080.63570245,15509.6159618964,0,
55.56638,20817.3200102485,3200.40965243551,847380.52306827,2300.21161946899,800.025600819226,300.003600043201,27129.408278574,318917.079533808,2656993.7770574,18313.4054127621,0,
55.69269,21318.1630749398,3600.51847466035,905339.815885569,2300.21161946899,400.006400102402,300.003600043201,25325.6295370915,325996.223387443,2698298.26470734,16310.634533716,0,
55.81904,20817.3200102485,3600.51847466035,867171.042012425,2900.33643902693,600.014400345608,400.006400102402,29735.3255667733,307947.100316653,2421558.19745277,14508.4148806308,0,
55.94531,18213.259252736,3900.60849492521,879481.675783624,1500.09000540032,200.0016000128,400.006400102402,29935.8032206519,307127.296874873,2508297.62151764,12706.4548790786,0,
56.07152,20917.487019148,4500.81014582625,848449.506604796,2200.1936170383,400.006400102402,200.0016000128,28933.4470648069,298317.763062027,2416601.65893478,13206.9732818928,0,
56.19776,22219.7311212357,3600.51847466035,834666.402119683,2100.17641481884,500.010000200004,200.0016000128,28131.6199408135,297191.404621493,2480210.56991568,13106.8679988314,0,
56.32404,19114.6035571176,3100.38444767151,838511.371012084,2800.31363512713,200.0016000128,0,29133.9118734207,332052.54475667,2614863.19965447,13807.6218072376,0,
56.45025,22620.4488857928,3500.49006860961,852298.579571307,2900.33643902693,500.010000200004,100.0004000016,27931.1711870447,305487.849316954,2539689.03213159,12406.1534521122,0,
56.57651,20516.8237955123,2900.33643902693,854437.448808214,2500.2500250025,600.014400345608,600.014400345608,25526.0365572884,307947.100316653,2526471.59608361,12306.0545788528,0,
56.70282,22119.5536854579,3400.46246289495,825379.116565431,2400.23042212052,400.006400102402,100.0004000016,30136.2840860396,310406.829355212,2561167.36570955,12906.6598364756,0,
56.82906,21117.8234429859,3900.60849492521,842891.757564731,4200.70571856072,100.0004000016,9103.31360615264,30036.0432519023,304360.852331847,2562819.54521555,12906.6598364756,100.0004000016,
56.95535,18613.8487034354,3500.49006860961,842998.614815274,2000.16001280102,200.0016000128,400.006400102402,31238.986254846,301697.440277873,2699124.35446034,12005.7627661277,0,
57.0816,19515.221873061,3400.46246289495,819404.625184867,3300.43565750679,200.0016000128,200.0016000128,29735.3255667733,309791.852271807,2514080.24978863,12105.8592358702,0,
57.20781,19915.8530190031,3600.51847466035,808955.914173866,3500.49006860961,200.0016000128,300.003600043201,28031.3951625821,380298.391092124,2576036.98126353,12806.5569571621,0,
57.33412,20116.1734034163,2300.21161946899,816525.054421235,2300.21161946899,400.006400102402,300.003600043201,28131.6199408135,312251.939930989,2507471.53176464,14608.5313823273,0,
57.46037,18413.5523745477,4200.70571856072,872310.832012121,2800.31363512713,500.010000200004,200.0016000128,24824.6260290208,296577.069563563,2543819.48089658,14808.7667899396,0,
57.58657,19715.5358422437,2900.33643902693,842998.614815274,2900.33643902693,100.0004000016,200.0016000128,32742.827618525,327638.3294295,2636341.53323243,14708.648685427,0,
57.71287,19815.6940296715,3300.43565750679,807037.682404142,1800.12960933187,600.014400345608,700.019600548815,29133.9118734207,320660.84899163,2710689.61100232,14708.648685427,0,
57.83914,21017.6548300572,3200.40965243551,850908.504328476,2300.21161946899,200.0016000128,400.006400102402,32041.0124959949,308971.929313054,2642124.16150343,12706.4548790786,0,
57.96532,21117.8234429859,2900.33643902693,806185.226475082,3500.49006860961,300.003600043201,100.0004000016,27229.6258329062,309279.394197088,2551254.28867357,12806.5569571621,0,
58.09163,19415.0660912868,3800.57768780855,801178.18500064,2400.23042212052,400.006400102402,300.003600043201,25125.2257266295,300058.696136175,2383558.06881483,12806.5569571621,0,
58.21786,22019.3770518056,2800.31363512713,824525.448520358,2400.23042212052,300.003600043201,300.003600043201,28031.3951625821,312251.939930989,2546297.75015558,11104.9305891816,0,
58.34409,19314.911111378,1900.14441097523,839365.963973722,3100.38444767151,700.019600548815,500.010000200004,28031.3951625821,330717.852279359,2699124.35446034,13507.2939387269,0,
58.47041,25526.0365572884,3200.40965243551,858609.261933231,3900.60849492521,500.010000200004,300.003600043201,29935.8032206519,325688.352209413,2658645.9565634,13006.7635170289,0,
58.59667,20616.9883984403,3200.40965243551,810341.481141932,3300.43565750679,100.0004000016,400.006400102402,29635.0879441258,327740.968127571,2604124.03286549,12806.5569571621,0,
58.72291,20116.1734034163,2100.17641481884,832424.032007407,2800.31363512713,300.003600043201,100.0004000016,25626.2412710616,329793.916796693,2682602.55940036,9103.31360615264,0,
58.84924,18713.9980705568,4300.73972723308,814499.074808353,2400.23042212052,300.003600043201,500.010000200004,26728.5460872212,312149.42673044,3360822.2466123,15809.9919148902,0,
58.97551,19014.4509827469,2200.1936170383,806291.780386392,3100.38444767151,300.003600043201,200.0016000128,29835.5639922788,351369.988034153,2620645.82792546,11205.0198488923,0,
59.10176,21318.1630749398,3400.46246289495,826339.560580328,2600.27042812453,300.003600043201,700.019600548815,32141.2693898966,318096.565245748,2751168.00889926,15309.3693340324,100.0004000016,
59.22807,19715.5358422437,2800.31363512713,836695.548647397,2500.2500250025,0,800.025600819226,34547.6757925938,328972.69739375,2796602.94531419,14208.0701838644,0,
59.35441,21718.8519635043,1700.11560786133,834452.826289139,3500.49006860961,200.0016000128,300.003600043201,29935.8032206519,343043.435949006,2531428.1346016,12306.0545788528,0,
59.48064,21017.6548300572,4000.64010241639,758112.775199677,6701.7960813498,400.006400102402,100.0004000016,30236.5257230735,312867.03657203,2515732.42929462,14107.9568876847,0,
59.60685,18713.9980705568,3400.46246289495,787658.233070918,2200.1936170383,400.006400102402,400.006400102402,28031.3951625821,321584.118302441,2525645.50633061,13707.5117164206,0,
59.73321,20116.1734034163,2000.16001280102,893317.073994717,2500.2500250025,500.010000200004,300.003600043201,26227.4864057532,343216.213807012,2818081.27889215,16010.246557797,0,
59.85957,16210.5044068556,3700.5476810568,796492.502507419,2400.23042212052,200.0016000128,200.0016000128,25626.2412710616,358467.293663223,2554558.64768556,12105.8592358702,0,
59.98578,20116.1734034163,2800.31363512713,799154.613301631,2600.27042812453,500.010000200004,400.006400102402,29033.6790677186,345304.42752054,2661950.3155754,14508.4148806308,0,
60.11204,19615.3784567101,3600.51847466035,817804.78434904,2600.27042812453,400.006400102402,200.0016000128,29234.1454819229,330512.527458276,2686733.00816536,12506.2531265633,0,
60.23828,14808.7667899396,3600.51847466035,808955.914173866,2600.27042812453,200.0016000128,100.0004000016,30837.992406645,327843.607657519,2782559.41951321,12906.6598364756,100.0004000016,
60.36462,20516.8237955123,3400.46246289495,827726.994727011,3200.40965243551,500.010000200004,300.003600043201,28131.6199408135,334722.351710803,2726385.31630929,15309.3693340324,0,
60.49091,18713.9980705568,2800.31363512713,831142.852419448,2600.27042812453,200.0016000128,600.014400345608,29434.6151073663,331847.1982977,2704906.98273133,14208.0701838644,0,
60.61718,21518.505915087,2800.31363512713,780637.709854391,3200.40965243551,300.003600043201,100.0004000016,32241.5270868879,306410.012430509,2617341.46891346,12005.7627661277,100.0004000016,
60.74352,16410.7654621432,4200.70571856072,809382.226627024,2600.27042812453,200.0016000128,700.019600548815,30938.239664225,341810.337836742,2742081.02161627,12606.3536022155,0,
60.86981,19915.8530190031,3500.49006860961,841289.004841624,2800.31363512713,300.003600043201,300.003600043201,30437.0114058695,332155.219234604,2831298.71494013,12706.4548790786,100.0004000016,
60.99604,22319.9093591484,3100.38444767151,818231.389186085,3300.43565750679,300.003600043201,100.0004000016,28732.9854673165,330615.189452737,2672689.48236438,13507.2939387269,0,
61.12233,19314.911111378,3200.40965243551,820044.617037098,3000.36004320518,300.003600043201,700.019600548815,27730.7256440136,348696.671411943,2683428.64915336,13807.6218072376,0,
61.24864,21518.505915087,2800.31363512713,828047.193007831,3200.40965243551,0,600.014400345608,33645.2191745706,351678.483929064,2781733.32976021,13907.7326993809,0,
61.37496,20416.6599945556,3500.49006860961,805759.019628893,1400.07840439065,400.006400102402,800.025600819226,29133.9118734207,318301.688831996,2796602.94531419,12105.8592358702,0,
61.50126,20817.3200102485,3300.43565750679,820791.314298935,3100.38444767151,200.0016000128,800.025600819226,29234.1454819229,343557.262247021,2827168.26617514,13307.0793662228,0,
61.62755,20116.1734034163,3600.51847466035,836161.531815683,2100.17641481884,700.019600548815,900.032401166442,30938.239664225,340885.592996996,2709863.52124932,13006.7635170289,0,
61.75384,20516.8237955123,3100.38444767151,832530.802709729,2100.17641481884,200.0016000128,700.019600548815,32041.0124959949,334208.88359235,2443862.62078374,11605.3848985929,0,
61.88005,19615.3784567101,3600.51847466035,829221.321298983,3100.38444767151,600.014400345608,500.010000200004,29133.9118734207,335954.76011918,2744559.29087527,14708.648685427,0,
62.00628,21217.9928579435,3800.57768780855,784017.428127086,2300.21161946899,600.014400345608,900.032401166442,36152.2037822616,333079.326991281,2637993.71273843,10704.5815609081,0,
62.13252,19014.4509827469,3100.38444767151,811620.598086223,2600.27042812453,400.006400102402,400.006400102402,32742.827618525,344071.109380956,2781733.32976021,10504.4118529783,0,
62.25876,18413.5523745477,3800.57768780855,823565.139426593,2800.31363512713,300.003600043201,300.003600043201,27931.1711870447,333079.326991281,2636341.53323243,10504.4118529783,0,
62.38495,19815.6940296715,5401.16665199683,823671.836910084,2200.1936170383,500.010000200004,400.006400102402,30737.7459520291,341193.833777987,2811472.56086816,10304.2453490838,0,
62.51123,17712.5404786589,3500.49006860961,858395.290048448,2000.16001280102,300.003600043201,600.014400345608,33043.6175751993,342324.114133718,2595037.0455825,11705.4781637807,100.0004000016,
62.63743,22119.5536854579,2300.21161946899,827300.076035571,3300.43565750679,200.0016000128,100.0004000016,27931.1711870447,311329.351017515,2480210.56991568,9103.31360615264,0,
62.76374,20917.487019148,2900.33643902693,780531.367688126,2200.1936170383,200.0016000128,400.006400102402,25325.6295370915,311636.873182624,2595037.0455825,10104.0820491479,0,
62.8899,23722.4889194957,2500.2500250025,795001.960420149,1700.11560786133,400.006400102402,500.010000200004,31038.4877247787,335954.76011918,2524819.41657761,9903.92195309342,0,
63.01605,22820.8125810739,3500.49006860961,808849.338261103,2400.23042212052,400.006400102402,400.006400102402,28231.8455217485,324456.942345328,2611558.84064247,11605.3848985929,0,
63.14226,23421.922919853,3700.5476810568,883561.246717964,2200.1936170383,700.019600548815,400.006400102402,32041.0124959949,349724.803387534,2836255.25345812,11004.8421305374,0,
63.26857,24824.6260290208,3800.57768780855,845990.97664763,2400.23042212052,200.0016000128,200.0016000128,30036.0432519023,338625.389708059,2660298.1360694,12205.9565067753,0,
63.39489,23121.3641404658,2700.2916314962,843426.05265443,2500.2500250025,400.006400102402,500.010000200004,30136.2840860396,341193.833777987,2520688.96781262,10804.6676164103,0,
63.52115,23722.4889194957,4300.73972723308,842678.045714664,2200.1936170383,600.014400345608,300.003600043201,31639.9929510902,325277.868948778,2631384.99471444,11004.8421305374,0,
63.64732,22219.7311212357,3300.43565750679,823565.139426593,2800.31363512713,600.014400345608,300.003600043201,29033.6790677186,325277.868948778,2580993.51978152,13006.7635170289,0,
63.77358,23722.4889194957,3900.60849492521,850160.064191118,2400.23042212052,300.003600043201,200.0016000128,31539.7400724913,328459.4623072,2629732.81520845,11605.3848985929,0,
63.89987,21718.8519635043,4300.73972723308,826766.447517945,3000.36004320518,300.003600043201,300.003600043201,28632.7558727184,315020.110251976,2489297.55719866,11205.0198488923,0,
64.02615,22920.9956319989,4800.92177698118,821218.017839363,2400.23042212052,200.0016000128,100.0004000016,28432.2990917683,325072.632308309,2617341.46891346,11004.8421305374,0,
64.1523,22820.8125810739,3300.43565750679,865886.413581039,3300.43565750679,500.010000200004,0,29234.1454819229,343248.963967982,2648732.87952742,12306.0545788528,0,
64.27861,25926.8602271954,3300.43565750679,837977.2791163,2300.21161946899,300.003600043201,200.0016000128,30637.5003003677,311636.873182624,2516558.51904762,10704.5815609081,0,
64.40493,23221.549598027,3200.40965243551,800113.107695864,2000.16001280102,400.006400102402,100.0004000016,29835.5639922788,325072.632308309,2562819.54521555,11305.1099096792,0,
64.53117,24323.6425805883,3800.57768780855,851336.203865705,1300.06760351538,500.010000200004,300.003600043201,30336.7681630136,333900.812711538,2457080.05683172,10704.5815609081,0,
64.65741,26027.0681508769,4900.9605882753,865565.276409777,3100.38444767151,500.010000200004,300.003600043201,28131.6199408135,322507.454946195,2583471.78904052,9703.76506084361,0,
64.78368,21418.3340939844,4200.70571856072,854223.545958468,2900.33643902693,300.003600043201,100.0004000016,27630.5040765005,338830.846073698,2409992.94091079,9703.76506084361,0,
64.90995,25325.6295370915,4000.64010241639,861712.252244797,1900.14441097523,300.003600043201,100.0004000016,30637.5003003677,314917.574628377,2536384.67311959,12005.7627661277,0,
65.03621,24524.0335528818,4400.77453631839,843853.504633286,1900.14441097523,400.006400102402,600.014400345608,28131.6199408135,312046.914360233,2448819.15930173,8502.8909829342,100.0004000016,
65.16252,26327.6967369673,4700.88376614804,846739.175385633,2600.27042812453,200.0016000128,500.010000200004,28833.2158646761,312456.968823153,2508297.62151764,10504.4118529783,0,
65.28876,28031.3951625821,4200.70571856072,891495.989925101,2300.21161946899,600.014400345608,600.014400345608,28432.2990917683,348593.862801243,2527297.68583661,11104.9305891816,0,
65.41505,23722.4889194957,4400.77453631839,835413.945336398,2100.17641481884,800.025600819226,300.003600043201,29735.3255667733,303746.16901283,2438079.99251274,11305.1099096792,0,
65.5413,27129.408278574,4300.73972723308,825912.687754385,2800.31363512713,100.0004000016,200.0016000128,26027.0681508769,308664.471899284,2376123.26103784,12606.3536022155,200.0016000128,
65.66743,27530.2833116428,5101.04061228491,865137.105918771,2100.17641481884,200.0016000128,200.0016000128,28332.0719053969,304873.111244271,2472775.76213869,11705.4781637807,0,
65.79372,28632.7558727184,4300.73972723308,860856.18053774,3400.46246289495,300.003600043201,400.006400102402,27430.063349431,320147.950688505,2424036.46671177,11505.2924345199,0,
65.92,27530.2833116428,5701.29989637637,847594.312702128,2100.17641481884,200.0016000128,100.0004000016,26127.2768770597,299239.403666568,2475254.03139769,10904.7544729502,0,
66.04628,26828.7604311822,4500.81014582625,826873.171457379,1700.11560786133,200.0016000128,700.019600548815,28933.4470648069,298727.372818238,2228253.19525107,13707.5117164206,0,
66.17256,32642.5659059413,2700.2916314962,827940.459365418,3100.38444767151,300.003600043201,300.003600043201,33645.2191745706,310099.337077878,2371992.81227285,15009.0054032419,100.0004000016,
66.29883,29133.9118734207,4200.70571856072,869740.681719406,3700.5476810568,100.0004000016,100.0004000016,29935.8032206519,306000.153860481,2346384.02992989,10704.5815609081,100.0004000016,
66.42511,32542.3049964954,5901.39272868397,874131.664141351,2600.27042812453,300.003600043201,400.006400102402,29434.6151073663,342324.114133718,2374471.08153184,10604.4963064339,0,
66.5514,32141.2693898966,4700.88376614804,879810.021490594,2500.2500250025,400.006400102402,400.006400102402,29635.0879441258,292584.618871101,2438079.99251274,11705.4781637807,0,
66.67769,30737.7459520291,4400.77453631839,873703.209995115,2000.16001280102,500.010000200004,300.003600043201,27430.063349431,295348.488957063,2400905.9536278,11004.8421305374,0,
66.80398,31639.9929510902,4700.88376614804,840327.448629429,3200.40965243551,100.0004000016,100.0004000016,28833.2158646761,301902.29822239,2461210.50559671,12506.2531265633,0,
66.93026,32141.2693898966,5701.29989637637,909098.446283184,2500.2500250025,200.0016000128,400.006400102402,28231.8455217485,305795.22955393,2571080.44274554,12606.3536022155,0,
67.05646,33043.6175751993,5401.16665199683,886241.359172634,2300.21161946899,300.003600043201,700.019600548815,27129.408278574,309381.884151872,2590906.59681751,11004.8421305374,100.0004000016,
67.1827,31138.7365883159,3800.57768780855,837763.64854027,2800.31363512713,200.0016000128,100.0004000016,29334.3798932349,281637.441093785,2427340.82572376,13707.5117164206,0,
67.30899,36152.2037822616,6501.69043951427,877559.808216229,2300.21161946899,200.0016000128,200.0016000128,30036.0432519023,280410.311171514,2343905.76067089,12306.0545788528,0,
67.43524,30336.7681630136,4200.70571856072,936206.808449103,2600.27042812453,400.006400102402,400.006400102402,31639.9929510902,287161.00031963,2213383.5796971,11205.0198488923,0,
67.56145,36854.249455198,6901.90492575951,841289.004841624,3000.36004320518,300.003600043201,500.010000200004,30537.255451651,295758.002566002,2420732.10769977,11104.9305891816,0,
67.68776,36352.7842427204,6301.58800017604,856469.702423061,2400.23042212052,1000.04000160006,200.0016000128,32542.3049964954,299034.58884009,2424036.46671177,14107.9568876847,0,
67.814,35049.0686961746,6001.44034568296,858074.338860755,2100.17641481884,300.003600043201,200.0016000128,29434.6151073663,291356.426027841,2274514.221419,14508.4148806308,0,
67.94029,32141.2693898966,5201.0818250196,861498.229004601,3100.38444767151,400.006400102402,400.006400102402,35851.3391176164,303541.281209388,2443036.53103074,15109.1259120509,0,
68.06654,38158.1530252104,5501.21026625858,908131.837155992,2600.27042812453,300.003600043201,600.014400345608,31840.5011174214,297805.769518775,2386862.42782682,13206.9732818928,0,
68.19277,37656.6355799122,5401.16665199683,855293.095602532,2600.27042812453,500.010000200004,600.014400345608,32843.0901342561,282455.593894995,2430645.18473576,15209.2472223112,0,
68.31906,39562.5087638469,5601.25468104855,867278.100141546,2500.2500250025,200.0016000128,300.003600043201,31740.2466327303,288286.465709084,2471949.67238569,13707.5117164206,0,
68.44525,33244.1482288479,5201.0818250196,870383.171419229,2600.27042812453,400.006400102402,600.014400345608,30637.5003003677,291458.77087557,2377775.44054384,11605.3848985929,100.0004000016,
68.57145,33544.9502333126,6901.90492575951,865565.276409777,1800.12960933187,400.006400102402,200.0016000128,32141.2693898966,293505.841788109,2284427.29845498,13307.0793662228,0,
68.69773,35550.4816839913,7001.96054895371,832317.262187687,2600.27042812453,600.014400345608,200.0016000128,30036.0432519023,284501.207587778,2270383.77265401,13807.6218072376,0,
68.82397,31740.2466327303,5501.21026625858,813326.284574369,4000.64010241639,200.0016000128,300.003600043201,30336.7681630136,280308.055721844,2286905.56771398,14708.648685427,0,
68.95019,32642.5659059413,5301.12383825371,814818.945185846,2700.2916314962,300.003600043201,200.0016000128,29434.6151073663,270495.382575084,2125818.06587923,11905.6670975384,0,
69.07639,28432.2990917683,5201.0818250196,812899.84181855,2800.31363512713,500.010000200004,200.0016000128,26327.6967369673,272845.641546132,2366210.18400186,12306.0545788528,0,
69.20263,31038.4877247787,5501.21026625858,829221.321298983,3000.36004320518,400.006400102402,300.003600043201,29334.3798932349,292379.911780179,2296818.64474997,11805.5722300926,0,
69.32892,33444.6820952793,5101.04061228491,806931.122333112,2500.2500250025,300.003600043201,100.0004000016,30236.5257230735,275605.199090887,2248905.43907604,14608.5313823273,0,
69.4552,34547.6757925938,5501.21026625858,816951.616967314,3000.36004320518,100.0004000016,300.003600043201,27129.408278574,264264.203569335,2189426.97686013,14908.8856958747,0,
69.58154,28231.8455217485,4800.92177698118,783190.185061426,2900.33643902693,300.003600043201,100.0004000016,26828.7604311822,300570.780876817,2333166.59388191,18213.259252736,0,
69.70777,29835.5639922788,4900.9605882753,838938.660426735,4600.84655576626,100.0004000016,100.0004000016,28833.2158646761,267430.484245252,2270383.77265401,17612.3991289868,0,
69.83404,30136.2840860396,2900.33643902693,799687.101394834,2800.31363512713,300.003600043201,200.0016000128,28131.6199408135,275196.337725151,2253035.88784103,15409.4922472243,0,
69.96039,28632.7558727184,5501.21026625858,806078.673443687,2600.27042812453,0,300.003600043201,26227.4864057532,281228.384549731,2277818.58043099,19915.8530190031,0,
70.0867,30236.5257230735,4800.92177698118,830075.299835514,3300.43565750679,400.006400102402,100.0004000016,28131.6199408135,282455.593894995,2384384.15856783,17912.8255831175,0,
70.213,29334.3798932349,4700.88376614804,840647.959415712,2800.31363512713,200.0016000128,600.014400345608,25826.6531060054,276934.089888822,2291862.10623197,19415.0660912868,0,
70.33931,26227.4864057532,6601.74286011507,818124.736655128,3300.43565750679,500.010000200004,200.0016000128,24423.8376655616,278467.59907137,2217514.02846209,21418.3340939844,0,
70.46557,27029.191526849,3500.49006860961,802989.018247874,2900.33643902693,100.0004000016,400.006400102402,27029.191526849,285933.334142483,2272862.041913,18914.2992102029,0,
70.59177,27129.408278574,3500.49006860961,825379.116565431,2400.23042212052,600.014400345608,100.0004000016,26728.5460872212,276116.294400026,2331514.41437591,19014.4509827469,0,
70.71801,27630.5040765005,4100.67251029169,808849.338261103,3600.51847466035,200.0016000128,300.003600043201,25526.0365572884,266715.448271959,2268731.59314801,20616.9883984403,0,
70.84429,25025.025025025,5401.16665199683,841930.08207397,4100.67251029169,300.003600043201,500.010000200004,27830.9480141918,273050.032551688,2339775.3119059,25025.025025025,0,
70.97048,25726.4467872973,3500.49006860961,847487.417443125,3800.57768780855,100.0004000016,600.014400345608,27830.9480141918,278263.12042969,2344731.85042389,22820.8125810739,0,
71.09667,33544.9502333126,3600.51847466035,818018.085005308,3700.5476810568,200.0016000128,300.003600043201,26227.4864057532,270699.735567398,2252209.79808803,22019.3770518056,0,
71.22296,27430.063349431,3600.51847466035,852405.514628325,3700.5476810568,200.0016000128,800.025600819226,29033.6790677186,290026.018378768,2371166.72251985,25325.6295370915,0,
71.34919,27329.8441898553,4300.73972723308,830715.820796826,2800.31363512713,400.006400102402,400.006400102402,26027.0681508769,283580.640463438,2260470.69561802,22520.2682414173,0,
71.47542,25826.6531060054,4200.70571856072,828260.662939132,2800.31363512713,100.0004000016,600.014400345608,27530.2833116428,293710.567105226,2373644.99177885,32141.2693898966,0,
71.60162,27430.063349431,3500.49006860961,796811.926794839,3800.57768780855,200.0016000128,600.014400345608,25125.2257266295,275809.63473422,2194383.51537812,27329.8441898553,0,
71.72777,25425.8326459683,2900.33643902693,804054.333016804,3900.60849492521,400.006400102402,400.006400102402,24824.6260290208,280103.54730413,2251383.70833504,26127.2768770597,0,
71.85401,22820.8125810739,3500.49006860961,813752.741420541,3900.60849492521,300.003600043201,300.003600043201,25926.8602271954,265387.6316832,2112600.62983125,26127.2768770597,0,
71.98024,26828.7604311822,4200.70571856072,811688.224549271,3600.51847466035,300.003600043201,600.014400345608,24123.2548176442,275809.63473422,2138209.41217421,28131.6199408135,0,
72.10652,24724.4277346018,3700.5476810568,806824.563142074,4700.88376614804,400.006400102402,500.010000200004,23922.8702639724,268758.51557162,2162992.10476417,28332.0719053969,100.0004000016,
72.23282,24123.2548176442,4100.67251029169,776491.015346292,4300.73972723308,700.019600548815,200.0016000128,26127.2768770597,276831.862558743,2158035.56624618,31539.7400724913,0,
72.35907,22420.0883992057,2700.2916314962,842143.781553257,3800.57768780855,400.006400102402,300.003600043201,24824.6260290208,301799.868835469,2353818.83770688,25025.025025025,0,
72.48538,24123.2548176442,3900.60849492521,829648.303508699,3700.5476810568,300.003600043201,1000.04000160006,27329.8441898553,268656.354359551,2203470.50266111,29735.3255667733,0,
72.61159,22019.3770518056,3200.40965243551,777660.460780836,4500.81014582625,500.010000200004,700.019600548815,23421.922919853,270904.091864791,2160513.83550518,28632.7558727184,0,
72.73791,22420.0883992057,3100.38444767151,823458.442824797,4700.88376614804,400.006400102402,500.010000200004,27830.9480141918,268758.51557162,2154731.20723419,28532.5270808722,100.0004000016,
72.86422,20016.0128102482,2700.2916314962,778936.340463443,3800.57768780855,200.0016000128,600.014400345608,25125.2257266295,273152.229294212,2170426.91254116,26728.5460872212,0,
72.99053,20316.4969955604,3500.49006860961,832530.802709729,4000.64010241639,400.006400102402,500.010000200004,26828.7604311822,271414.997068516,2274514.221419,27129.408278574,0,
73.11685,23021.1794851263,2700.2916314962,791808.521613535,4600.84655576626,600.014400345608,200.0016000128,27229.6258329062,251300.947024791,2191905.24611913,29534.8511243267,0,
73.24305,22720.6303323418,3200.40965243551,766926.809559736,5001.00020004001,300.003600043201,400.006400102402,23822.6791905894,251198.92692505,2174557.36130616,29234.1454819229,100.0004000016,
73.36937,19214.7569333248,3000.36004320518,801071.673313023,3300.43565750679,300.003600043201,700.019600548815,27329.8441898553,258648.561267378,2022556.84675439,28632.7558727184,0,
73.4956,18113.1138944596,2700.2916314962,771176.691310784,6201.53798141939,500.010000200004,400.006400102402,27931.1711870447,247730.733961632,2304261.21222182,29334.3798932349,0,
73.62181,20316.4969955604,5501.21026625858,822818.281729013,6201.53798141939,200.0016000128,100.0004000016,29635.0879441258,260996.617047333,1988687.16688145,31439.4879969241,0,
73.74806,20416.6599945556,3100.38444767151,803521.66463679,5901.39272868397,100.0004000016,400.006400102402,22920.9956319989,251607.012270261,2200522.2500272,29133.9118734207,0,
73.87427,22219.7311212357,3200.40965243551,804587.023389278,5701.29989637637,500.010000200004,200.0016000128,25926.8602271954,263038.759564586,2166944.13172273,26327.6967369673,0,
74.00054,19314.911111378,3600.51847466035,765227.249304339,5601.25468104855,200.0016000128,200.0016000128,24423.8376655616,242836.083119611,2162575.62061053,28732.9854673165,0,
74.12676,19014.4509827469,3600.51847466035,825485.829039416,6701.7960813498,500.010000200004,600.014400345608,26427.9078707115,254668.072846585,1998600.24391743,27329.8441898553,200.0016000128,
74.25298,16911.4321281186,3300.43565750679,807783.627542067,5401.16665199683,500.010000200004,200.0016000128,28532.5270808722,244977.259324485,2174267.49044553,28632.7558727184,0,
74.37933,18313.4054127621,2200.1936170383,794043.845747491,5601.25468104855,500.010000200004,300.003600043201,24824.6260290208,243855.645535877,2128266.78588636,30437.0114058695,0,
74.50567,22119.5536854579,2500.2500250025,796173.086130326,5401.16665199683,300.003600043201,300.003600043201,26327.6967369673,256811.25685975,2119209.34785524,27530.2833116428,0,
74.63201,23522.1107841371,2600.27042812453,787445.433765462,5601.25468104855,400.006400102402,400.006400102402,26427.9078707115,240389.469305667,2262948.96487702,30136.2840860396,0,
74.75824,19615.3784567101,3900.60849492521,930672.649164666,6301.58800017604,300.003600043201,300.003600043201,26027.0681508769,239777.889954568,2134744.62949134,27931.1711870447,0,
74.88451,19014.4509827469,3600.51847466035,818551.352065897,7102.01697282028,100.0004000016,500.010000200004,26227.4864057532,251198.92692505,2144997.71982019,29334.3798932349,0,
75.0108,20116.1734034163,2600.27042812453,825165.694263094,7502.25067520256,400.006400102402,700.019600548815,27329.8441898553,243651.726463829,1992817.61564644,29735.3255667733,0,
75.13708,22620.4488857928,2900.33643902693,828153.927532399,5301.12383825371,400.006400102402,1000.04000160006,26227.4864057532,252627.283342559,2109910.08185024,29234.1454819229,0,
75.26323,20516.8237955123,2900.33643902693,857967.356902009,6301.58800017604,0,900.032401166442,24423.8376655616,260281.945162959,2067174.23031783,30938.239664225,0,
75.38953,18313.4054127621,3000.36004320518,831356.373525546,5601.25468104855,400.006400102402,400.006400102402,30537.255451651,234784.434377448,2025858.34126092,24824.6260290208,0,
75.51582,23221.549598027,3100.38444767151,841823.233659698,4500.81014582625,100.0004000016,700.019600548815,26728.5460872212,252729.314984364,2046090.86621056,27229.6258329062,0,
75.64214,19415.0660912868,2800.31363512713,821644.735483071,5101.04061228491,200.0016000128,900.032401166442,26628.3325458288,216763.297303622,1963131.69224929,27229.6258329062,0,
75.76837,17111.7044058136,3200.40965243551,800858.652575958,4800.92177698118,100.0004000016,700.019600548815,27630.5040765005,220935.394051895,1773077.74134878,24023.0621396541,0,
75.89466,20116.1734034163,2300.21161946899,846846.064455831,6601.74286011507,300.003600043201,900.032401166442,24624.2302425587,226737.920428814,1976981.08158271,25726.4467872973,0,
76.02089,22019.3770518056,3500.49006860961,818124.736655128,5101.04061228491,200.0016000128,300.003600043201,26427.9078707115,228061.677565189,1946391.77035638,20416.6599945556,0,
76.14716,17412.118834709,1900.14441097523,821538.054749924,7102.01697282028,400.006400102402,200.0016000128,29133.9118734207,230404.049782615,1927932.23639709,21718.8519635043,100.0004000016,
76.27343,17912.8255831175,3600.51847466035,829861.799907426,6501.69043951427,200.0016000128,200.0016000128,24123.2548176442,227858.013578642,1761512.4848068,23622.2994506814,0,
76.39967,17111.7044058136,4000.64010241639,805652.470117054,5801.34591225164,600.014400345608,300.003600043201,27229.6258329062,231320.748623379,1811146.57332098,24123.2548176442,0,
76.52595,17712.5404786589,2700.2916314962,854009.646648079,7001.96054895371,200.0016000128,400.006400102402,28632.7558727184,219510.620440312,1859193.36470487,22019.3770518056,0,
76.65219,19314.911111378,3400.46246289495,809488.806940894,6301.58800017604,100.0004000016,0,23321.7358578195,210253.51430934,1878830.23330825,24824.6260290208,0,
76.77843,19615.3784567101,2800.31363512713,860321.164500606,7102.01697282028,600.014400345608,400.006400102402,25926.8602271954,218493.02355609,1697077.4840729,19715.5358422437,0,
76.90474,17512.2585810067,2900.33643902693,839259.136762031,4800.92177698118,300.003600043201,600.014400345608,26628.3325458288,197955.13554484,1678903.50950693,40666.0416516423,0,
77.03098,17812.6826300326,2900.33643902693,815671.971615152,5101.04061228491,500.010000200004,400.006400102402,23922.8702639724,207508.207564672,1774736.64369037,21017.6548300572,0,
77.15725,14808.7667899396,2200.1936170383,838511.371012084,5901.39272868397,200.0016000128,400.006400102402,24524.0335528818,209846.764467427,1795513.78789957,19314.911111378,100.0004000016,
77.28348,17211.841747122,2700.2916314962,846632.287199507,5301.12383825371,400.006400102402,300.003600043201,24724.4277346018,206288.263145583,1809996.48252846,19615.3784567101,0,
77.40975,14608.5313823273,2500.2500250025,840861.637690447,4800.92177698118,200.0016000128,300.003600043201,25325.6295370915,201409.66605108,1758000.64219202,21017.6548300572,0,
77.53603,16410.7654621432,1800.12960933187,794576.122889488,6601.74286011507,500.010000200004,100.0004000016,25125.2257266295,200495.139328498,1676910.6003372,18313.4054127621,0,
77.66233,15709.8657957197,2200.1936170383,796279.557377117,5901.39272868397,400.006400102402,100.0004000016,22920.9956319989,198666.284990868,1756167.83180859,18213.259252736,0,
77.78861,17412.118834709,2000.16001280102,849839.317398803,5501.21026625858,0,100.0004000016,26928.9755777216,198158.317004927,1724248.51413178,18012.9693379233,0,
77.9149,15809.9919148902,2100.17641481884,832637.574294666,6301.58800017604,300.003600043201,400.006400102402,24624.2302425587,197040.859521458,1793675.83510529,18613.8487034354,100.0004000016,
78.04124,18313.4054127621,3200.40965243551,865565.276409777,5601.25468104855,100.0004000016,100.0004000016,27730.7256440136,204255.284828248,1710200.73250054,17812.6826300326,100.0004000016,
78.16746,15609.7404780583,2900.33643902693,807570.495959567,5301.12383825371,400.006400102402,300.003600043201,25025.025025025,207304.875294421,1717736.72983452,19214.7569333248,0,
78.29372,18513.7001381022,3100.38444767151,851550.058941534,5801.34591225164,600.014400345608,500.010000200004,25125.2257266295,208016.552591989,1738425.47038238,16611.0297237366,0,
78.42001,17011.567866149,2600.27042812453,879488.538492116,7402.19104855037,200.0016000128,100.0004000016,25626.2412710616,209440.027750552,1602077.16247805,17612.3991289868,0,
78.54621,17912.8255831175,3100.38444767151,848128.802259747,5701.29989637637,700.019600548815,300.003600043201,23522.1107841371,188916.876574307,1674291.95759428,18012.9693379233,0,
78.67239,19515.221873061,3000.36004320518,814072.593302384,7702.37233067785,300.003600043201,400.006400102402,24023.0621396541,205271.732993499,1728934.3922268,19615.3784567101,0,
78.79868,19615.3784567101,2900.33643902693,832103.725196014,5601.25468104855,300.003600043201,200.0016000128,26227.4864057532,195923.501144903,1730077.53860892,17211.841747122,0,
78.92491,16510.8971921468,2500.2500250025,836802.354662819,5301.12383825371,300.003600043201,100.0004000016,25826.6531060054,198361.501741711,1681124.2785424,16811.2971917128,0,
79.05118,16811.2971917128,2300.21161946899,813539.511236117,5301.12383825371,700.019600548815,100.0004000016,24423.8376655616,191455.058444176,1721392.07764168,15910.1188355794,0,
79.17742,17912.8255831175,2600.27042812453,839472.792068729,6301.58800017604,500.010000200004,800.025600819226,25626.2412710616,197345.610823973,1740713.48502092,19915.8530190031,0,
79.30366,20416.6599945556,2000.16001280102,836161.531815683,5501.21026625858,500.010000200004,200.0016000128,26928.9755777216,202324.259152476,1680099.20728089,14508.4148806308,0,
79.42998,17912.8255831175,2600.27042812453,841502.693718241,6501.69043951427,100.0004000016,200.0016000128,28332.0719053969,207609.874929923,1718193.59361841,17412.118834709,0,
79.55617,15509.6159618964,2500.2500250025,830502.310280127,5601.25468104855,400.006400102402,100.0004000016,25125.2257266295,195110.939112487,1651315.50893352,18613.8487034354,0,
79.68242,17612.3991289868,2400.23042212052,829328.065527972,5401.16665199683,200.0016000128,300.003600043201,26127.2768770597,188307.789030794,1690695.41005449,15309.3693340324,0,
79.80864,16110.3750815525,3300.43565750679,831996.958024038,7502.25067520256,500.010000200004,500.010000200004,23321.7358578195,190845.848145551,1677707.68061875,17011.567866149,0,
79.93487,16510.8971921468,2200.1936170383,808529.615803905,6901.90492575951,600.014400345608,400.006400102402,31038.4877247787,186683.699581297,1658249.76860639,17512.2585810067,100.0004000016,
80.06115,18413.5523745477,3100.38444767151,851015.427886007,7402.19104855037,200.0016000128,300.003600043201,28532.5270808722,193689.081659801,1651883.75514381,16510.8971921468,100.0004000016,
80.1873,15309.3693340324,2800.31363512713,835627.537058624,6301.58800017604,300.003600043201,100.0004000016,26027.0681508769,189322.951301986,1712027.25054172,15509.6159618964,0,
80.31353,18713.9980705568,2700.2916314962,828794.353205663,5701.29989637637,600.014400345608,200.0016000128,27830.9480141918,188815.359938096,1678504.80853371,19815.6940296715,100.0004000016,
80.43982,14908.8856958747,2500.2500250025,845670.333305765,6101.48876325823,300.003600043201,400.006400102402,29735.3255667733,192064.29820955,1725276.98077063,17011.567866149,100.0004000016,
80.56604,16711.163056922,2200.1936170383,856255.765945036,7702.37233067785,200.0016000128,100.0004000016,26528.1198069954,195110.939112487,1730121.07419285,16510.8971921468,0,
80.6923,22720.6303323418,3000.36004320518,838084.095729068,7302.132222609,300.003600043201,400.006400102402,27029.191526849,193384.418798699,1758688.01082335,22219.7311212357,0,
80.8186,21017.6548300572,2900.33643902693,861926.279027426,8602.95941803981,400.006400102402,400.006400102402,30637.5003003677,193790.637584298,1717850.94431572,20316.4969955604,0,
80.94483,19314.911111378,3300.43565750679,887849.693073654,8202.69048247825,200.0016000128,300.003600043201,34347.1242544771,205170.08448773,1831404.33423773,19314.911111378,0,
81.07111,21117.8234429859,3600.51847466035,891174.216533068,8602.95941803981,400.006400102402,300.003600043201,26928.9755777216,206694.898164953,1796892.41798007,19415.0660912868,0,
81.19726,19114.6035571176,2800.31363512713,866528.71184687,4400.77453631839,100.0004000016,100.0004000016,29033.6790677186,198971.075613041,1775654.28988823,20717.1538033492,0,
81.32342,19515.221873061,4300.73972723308,844601.579622049,7202.07419736884,400.006400102402,700.019600548815,28131.6199408135,201003.201535447,1713397.30301541,17712.5404786589,0,
81.4496,19915.8530190031,3200.40965243551,831463.13540233,6401.6388195378,500.010000200004,300.003600043201,33143.8825004306,213101.13075716,1805627.03722765,21418.3340939844,0,
81.57583,20817.3200102485,3000.36004320518,838831.836748193,8102.62525058119,100.0004000016,2400.23042212052,27931.1711870447,204052.005032745,1656599.08617596,20817.3200102485,0,
81.70207,18713.9980705568,3600.51847466035,803308.603442368,8102.62525058119,100.0004000016,400.006400102402,28732.9854673165,209033.304158079,1765219.77457261,19515.221873061,0,
81.82839,20616.9883984403,3200.40965243551,816738.333932282,6101.48876325823,400.006400102402,700.019600548815,29835.5639922788,186683.699581297,1755729.85653581,19214.7569333248,0,
81.95462,19815.6940296715,3700.5476810568,812686.625724304,7402.19104855037,200.0016000128,300.003600043201,31238.986254846,193181.314318192,1632123.02762497,19214.7569333248,0,
82.08083,18012.9693379233,3600.51847466035,819617.952277084,8202.69048247825,100.0004000016,300.003600043201,29635.0879441258,189932.087943091,1688816.58654291,19615.3784567101,0,
82.20706,16611.0297237366,2900.33643902693,855507.016150384,7502.25067520256,400.006400102402,500.010000200004,28933.4470648069,189221.431392621,1713511.48039869,18513.7001381022,0,
82.33329,20216.3347985172,5101.04061228491,821538.054749924,6201.53798141939,100.0004000016,400.006400102402,30837.992406645,204052.005032745,1746206.31809584,21117.8234429859,0,
82.45955,16410.7654621432,2700.2916314962,828901.093905619,7702.37233067785,400.006400102402,400.006400102402,30036.0432519023,195821.928024607,1737967.9144385,20216.3347985172,0,
82.58589,21017.6548300572,4500.81014582625,813859.357833783,6901.90492575951,300.003600043201,300.003600043201,31740.2466327303,203137.286529427,1792756.95325628,22420.0883992057,0,
82.71213,23221.549598027,3500.49006860961,826019.40463794,7402.19104855037,700.019600548815,200.0016000128,35751.0525029742,210456.894152384,1829791.80081563,21518.505915087,0,
82.83842,21718.8519635043,4400.77453631839,835200.35714581,6201.53798141939,300.003600043201,400.006400102402,30737.7459520291,198971.075613041,1785063.79130793,23622.2994506814,0,
82.96464,17011.567866149,4100.67251029169,821751.417097718,7302.132222609,100.0004000016,300.003600043201,32241.5270868879,199377.474578868,1775998.42342921,24524.0335528818,0,
83.09089,22820.8125810739,3100.38444767151,793724.490006479,7802.43435952017,200.0016000128,200.0016000128,31138.7365883159,193993.75188955,1640903.38086899,22219.7311212357,0,
83.21719,19515.221873061,5101.04061228491,798515.656603182,8002.56081946223,500.010000200004,500.010000200004,29434.6151073663,195415.643732792,1583903.18791208,24924.8251258253,0,
83.34352,17612.3991289868,2700.2916314962,814818.945185846,7402.19104855037,500.010000200004,200.0016000128,31439.4879969241,208728.270076231,1785637.7553207,21117.8234429859,0,
83.46983,17011.567866149,3300.43565750679,812899.84181855,8002.56081946223,600.014400345608,700.019600548815,30336.7681630136,196431.379030925,1800569.45849985,26728.5460872212,0,
83.59602,23522.1107841371,3400.46246289495,797024.880714557,6601.74286011507,100.0004000016,100.0004000016,29534.8511243267,206898.220594641,1778860.36961977,24123.2548176442,0,
83.72234,20116.1734034163,2700.2916314962,792872.913356581,6901.90492575951,100.0004000016,100.0004000016,29534.8511243267,200190.311837235,1813907.19384953,22119.5536854579,0,
83.8485,21318.1630749398,1600.10240655402,803095.545766435,7102.01697282028,600.014400345608,600.014400345608,27730.7256440136,191455.058444176,1787704.22945705,20516.8237955123,0,
83.97481,19415.0660912868,3100.38444767151,808636.189076133,8402.82334864514,300.003600043201,400.006400102402,27430.063349431,205881.641245695,1782653.41103874,24423.8376655616,100.0004000016,
84.10107,22620.4488857928,3900.60849492521,794469.665703673,6701.7960813498,0,300.003600043201,33143.8825004306,201816.143678578,1845695.23907702,22720.6303323418,0,
84.22736,20616.9883984403,4200.70571856072,813219.672564471,8903.16952835209,300.003600043201,400.006400102402,33244.1482288479,209541.710699333,1810801.53572271,23121.3641404658,100.0004000016,
84.35364,19515.221873061,2900.33643902693,795640.743079545,8803.09869073914,100.0004000016,200.0016000128,31439.4879969241,199580.678977502,1777719.22383174,20616.9883984403,0,
84.47988,21117.8234429859,2700.2916314962,785530.398046076,6701.7960813498,300.003600043201,500.010000200004,31940.756405173,206186.606440685,1775998.42342921,22420.0883992057,0,
84.60619,18113.1138944596,2900.33643902693,774258.732318859,6401.6388195378,200.0016000128,200.0016000128,33946.0308177889,206186.606440685,1732707.14640114,21718.8519635043,0,
84.73249,16210.5044068556,3100.38444767151,798302.678070204,7202.07419736884,300.003600043201,100.0004000016,28231.8455217485,208626.593689373,1753251.58727681,20917.487019148,100.0004000016,
84.85863,20016.0128102482,2900.33643902693,819831.282894465,7702.37233067785,600.014400345608,500.010000200004,34948.7885087582,206593.238180124,1803787.69684702,20616.9883984403,0,
84.98482,23321.7358578195,4000.64010241639,786913.450866647,7102.01697282028,400.006400102402,400.006400102402,29835.5639922788,205475.032464652,1832671.46077063,26027.0681508769,0,
85.111,23021.1794851263,3100.38444767151,818231.389186085,9003.24116682005,200.0016000128,300.003600043201,33244.1482288479,208118.224057821,1856512.80640165,25225.4272306485,0,
85.23721,20416.6599945556,3200.40965243551,814605.697386736,7702.37233067785,600.014400345608,300.003600043201,35049.0686961746,217475.508787786,1788852.40842499,22319.9093591484,0,
85.36348,24924.8251258253,2800.31363512713,787019.845690473,8903.16952835209,500.010000200004,500.010000200004,33344.4147604609,200495.139328498,1791263.90466597,21017.6548300572,0,
85.48971,22720.6303323418,3800.57768780855,776597.324182985,9903.92195309342,600.014400345608,100.0004000016,31138.7365883159,204458.567902828,1793101.52656375,21819.0261908384,0,
85.61592,20116.1734034163,3100.38444767151,767670.437679343,8002.56081946223,300.003600043201,100.0004000016,32742.827618525,203950.366364623,1755136.98630137,18313.4054127621,0,
85.74228,20116.1734034163,3700.5476810568,802349.871607507,8502.8909829342,400.006400102402,400.006400102402,31439.4879969241,203137.286529427,1697077.4840729,23922.8702639724,100.0004000016,
85.86864,20516.8237955123,3200.40965243551,777447.826445599,10004.0016006403,0,400.006400102402,34948.7885087582,205475.032464652,1702034.02259089,22219.7311212357,0,
85.99492,18814.1482394761,3100.38444767151,756626.664908348,10404.3282005314,0,200.0016000128,30938.239664225,201714.523042432,1708831.00788445,22019.3770518056,0,
86.1212,18012.9693379233,4200.70571856072,768732.83802393,10304.2453490838,100.0004000016,200.0016000128,32041.0124959949,202527.511079031,1797466.88904991,20917.487019148,0,
86.24747,21718.8519635043,3500.49006860961,800006.604801691,9803.84310649775,500.010000200004,200.0016000128,36352.7842427204,215847.655934802,1828870.44016518,20917.487019148,0,
86.37375,18713.9980705568,3000.36004320518,784785.738744425,11205.0198488923,700.019600548815,200.0016000128,34547.6757925938,206999.883039521,1829100.77439516,18012.9693379233,0,
86.50007,21017.6548300572,3500.49006860961,807677.061310782,8402.82334864514,500.010000200004,200.0016000128,36854.249455198,206288.263145583,1785752.55107507,19615.3784567101,0,
86.62633,21217.9928579435,4200.70571856072,767882.910740054,9403.53572943427,600.014400345608,800.025600819226,35450.1974796312,211575.541948028,1777948.68059691,20917.487019148,0,
86.75261,21718.8519635043,3200.40965243551,789147.926552507,11004.8421305374,400.006400102402,100.0004000016,34948.7885087582,201409.66605108,1757656.97111886,19715.5358422437,0,
86.87889,20817.3200102485,3300.43565750679,776809.944487062,8102.62525058119,600.014400345608,0,40465.3920735909,196736.115590531,1769002.77969325,19014.4509827469,0,
87.00518,21418.3340939844,3000.36004320518,786913.450866647,10304.2453490838,300.003600043201,400.006400102402,37656.6355799122,211067.053370821,1775195.45892685,19815.6940296715,0,
87.13144,22219.7311212357,3100.38444767151,802775.96584951,9003.24116682005,500.010000200004,100.0004000016,35650.7666917691,205779.987820567,1787130.17688078,22620.4488857928,0,
87.25773,20016.0128102482,4300.73972723308,821964.78297155,9103.31360615264,600.014400345608,0,36252.4936107484,211880.644940076,1810801.53572271,19915.8530190031,0,
87.38397,21318.1630749398,3200.40965243551,799261.109161834,8002.56081946223,700.019600548815,300.003600043201,37556.3345017526,212389.166337225,1780358.21407147,20016.0128102482,100.0004000016,
87.51021,20717.1538033492,3500.49006860961,819511.288290335,10804.6676164103,200.0016000128,100.0004000016,38760.0004807442,213202.843242458,1845810.55018878,17011.567866149,0,
87.63647,22520.2682414173,4300.73972723308,772983.315601521,8002.56081946223,800.025600819226,400.006400102402,32943.3534531443,198056.725865301,1683516.41783398,21117.8234429859,0,
87.76274,18613.8487034354,2400.23042212052,787871.035888464,7802.43435952017,100.0004000016,200.0016000128,33244.1482288479,209846.764467427,1681381.77876593,20917.487019148,0,
87.88897,18012.9693379233,2300.21161946899,845135.945415073,9303.46088745013,400.006400102402,300.003600043201,33544.9502333126,216458.076125461,1797811.58351484,19715.5358422437,0,
88.01515,20016.0128102482,2600.27042812453,790744.217715146,7902.49718911176,700.019600548815,200.0016000128,32943.3534531443,203950.366364623,1791838.13443073,18914.2992102029,0,
88.14138,15809.9919148902,3000.36004320518,824952.275488195,8002.56081946223,600.014400345608,300.003600043201,32843.0901342561,212592.580639956,1760979.49466707,15109.1259120509,0,
88.2677,15809.9919148902,2700.2916314962,835947.931263977,9603.68781612139,400.006400102402,100.0004000016,31840.5011174214,209440.027750552,1705977.86608554,17211.841747122,0,
88.39388,20016.0128102482,2600.27042812453,813432.897464914,8502.8909829342,700.019600548815,0,34848.5091247016,197244.026237386,1696623.83816293,13707.5117164206,0,
88.52014,19515.221873061,3500.49006860961,800113.107695864,11104.9305891816,200.0016000128,100.0004000016,34948.7885087582,199580.678977502,1720706.62374252,15309.3693340324,0,
88.64644,19114.6035571176,5401.16665199683,825699.256633073,8302.75651516303,800.025600819226,300.003600043201,32041.0124959949,194704.677749649,1695483.55131086,14908.8856958747,0,
88.7727,18613.8487034354,2900.33643902693,789254.33981572,8903.16952835209,200.0016000128,100.0004000016,29735.3255667733,206389.92067045,1659273.16157652,14007.84439286,0,
88.89889,18113.1138944596,2700.2916314962,824312.040327246,6901.90492575951,300.003600043201,200.0016000128,34647.952766629,208118.224057821,1714767.49603553,14908.8856958747,0,
89.02528,17512.2585810067,3900.60849492521,802882.491608903,6701.7960813498,100.0004000016,200.0016000128,31639.9929510902,193485.972267011,1689783.57788292,12506.2531265633,0,
89.15158,16711.163056922,2300.21161946899,788828.692031871,8602.95941803981,700.019600548815,300.003600043201,30136.2840860396,197955.13554484,1657794.95250647,13507.2939387269,0,
89.27786,17211.841747122,2700.2916314962,807463.931488409,8903.16952835209,100.0004000016,300.003600043201,31138.7365883159,200596.750131043,1650520.00494634,14208.0701838644,0,
89.40414,17111.7044058136,3100.38444767151,799367.605901244,7902.49718911176,100.0004000016,200.0016000128,30336.7681630136,195821.928024607,1691835.28788746,14908.8856958747,100.0004000016,
89.53042,16210.5044068556,2400.23042212052,833918.902161782,9903.92195309342,600.014400345608,300.003600043201,30637.5003003677,198463.095338889,1717394.09224982,12806.5569571621,100.0004000016,
89.65669,17211.841747122,2600.27042812453,842464.337399214,8803.09869073914,200.0016000128,400.006400102402,30938.239664225,190642.784593806,1669511.41455089,16210.5044068556,0,
89.78298,17712.5404786589,3200.40965243551,818764.66505833,8202.69048247825,100.0004000016,700.019600548815,30437.0114058695,209134.983825819,1720478.14692415,17612.3991289868,0,
89.90913,19415.0660912868,2700.2916314962,865779.366971262,9403.53572943427,600.014400345608,300.003600043201,29935.8032206519,206898.220594641,1748037.76394964,13707.5117164206,0,
90.03533,16510.8971921468,2100.17641481884,824738.860240645,7502.25067520256,300.003600043201,200.0016000128,32742.827618525,200088.704312239,1744604.00869521,14608.5313823273,0,
90.16164,15109.1259120509,2900.33643902693,861926.279027426,9003.24116682005,200.0016000128,400.006400102402,36352.7842427204,199682.282405783,1707233.17337481,14808.7667899396,0,
90.28788,15709.8657957197,3500.49006860961,824312.040327246,8602.95941803981,700.019600548815,200.0016000128,30737.7459520291,191962.756202261,1719221.59426114,15409.4922472243,0,
90.41417,16310.634533716,2700.2916314962,837283.711239792,9103.31360615264,400.006400102402,100.0004000016,30837.992406645,185262.793106088,1609105.84889434,36051.9147572504,0,
90.54044,17011.567866149,2200.1936170383,830288.803293052,8002.56081946223,300.003600043201,300.003600043201,31539.7400724913,194399.99032535,1687504.27000068,14608.5313823273,0,
90.66679,18914.2992102029,2600.27042812453,817591.487217194,8102.62525058119,500.010000200004,400.006400102402,29534.8511243267,190541.254045601,1708945.14623682,15509.6159618964,100.0004000016,
90.79303,19415.0660912868,3100.38444767151,823885.234522196,8302.75651516303,200.0016000128,400.006400102402,35751.0525029742,189932.087943091,1648815.51344806,14208.0701838644,0,
90.9193,12806.5569571621,3300.43565750679,837015.96934283,8903.16952835209,400.006400102402,300.003600043201,31840.5011174214,188206.277304016,1673381.24583895,15109.1259120509,0,
91.04564,17011.567866149,2300.21161946899,837977.2791163,10704.5815609081,300.003600043201,300.003600043201,30737.7459520291,193282.866149096,1657794.95250647,12906.6598364756,0,
91.17187,16510.8971921468,3600.51847466035,800752.143526488,9503.61137232148,400.006400102402,300.003600043201,32341.7855869784,196329.801815748,1642567.5762084,13707.5117164206,0,
91.2981,16110.3750815525,3100.38444767151,834773.191359198,7702.37233067785,400.006400102402,300.003600043201,30938.239664225,198767.881045688,1674747.33679323,13307.0793662228,100.0004000016,
91.42441,18012.9693379233,3100.38444767151,859786.170600113,9403.53572943427,600.014400345608,300.003600043201,28632.7558727184,202527.511079031,1724477.05543298,15009.0054032419,0,
91.55078,17812.6826300326,3500.49006860961,839686.45090873,9203.38684635946,600.014400345608,200.0016000128,30336.7681630136,197853.546043534,1673836.59394312,15910.1188355794,0,
91.67712,16711.163056922,1900.14441097523,904051.393637965,8602.95941803981,400.006400102402,200.0016000128,32642.5659059413,193993.75188955,1703353.5139477,18914.2992102029,0,
91.80341,18513.7001381022,3300.43565750679,894285.027717243,10004.0016006403,300.003600043201,100.0004000016,33444.6820952793,189729.039122672,1689897.55349723,15809.9919148902,0,
91.92967,16510.8971921468,3200.40965243551,863852.679495138,8803.09869073914,300.003600043201,0,35751.0525029742,199682.282405783,1673722.75545958,17011.567866149,0,
92.05585,19515.221873061,2300.21161946899,835307.150799654,9703.76506084361,200.0016000128,400.006400102402,33544.9502333126,199682.282405783,1702098.57133092,18413.5523745477,0,
92.18213,18213.259252736,3000.36004320518,868991.150735507,9003.24116682005,200.0016000128,200.0016000128,35550.4816839913,187597.224125285,1724362.78429377,19314.911111378,0,
92.30834,16510.8971921468,2700.2916314962,851122.352328049,7502.25067520256,400.006400102402,100.0004000016,31138.7365883159,197040.859521458,1693089.2659614,15709.8657957197,0,
92.43458,16510.8971921468,3200.40965243551,871882.438166201,10104.0820491479,400.006400102402,500.010000200004,33845.7594667991,202121.010504244,1707347.29807109,18713.9980705568,0,
92.5609,17512.2585810067,3300.43565750679,855934.86786583,11004.8421305374,400.006400102402,100.0004000016,33544.9502333126,190541.254045601,1742315.32826727,15910.1188355794,0,
92.68721,18613.8487034354,3300.43565750679,889672.71311343,11205.0198488923,200.0016000128,400.006400102402,34647.952766629,200190.311837235,1757771.52716235,17211.841747122,100.0004000016,
92.81354,18513.7001381022,3300.43565750679,964569.374781843,8703.02865397158,400.006400102402,100.0004000016,35751.0525029742,194806.241862078,1635187.42648688,13607.4024269202,0,
92.93968,22420.0883992057,4300.73972723308,836695.548647397,9303.46088745013,100.0004000016,500.010000200004,36453.0756781874,193892.194327545,1808616.50381326,19515.221873061,100.0004000016,
93.06592,20116.1734034163,2200.1936170383,875095.73785423,10404.3282005314,300.003600043201,200.0016000128,32041.0124959949,202222.634418575,1806891.73018113,17011.567866149,0,
93.19221,19515.221873061,2500.2500250025,878952.751243225,10704.5815609081,0,400.006400102402,33043.6175751993,197345.610823973,1617772.86778502,18713.9980705568,0,
93.31845,20116.1734034163,3300.43565750679,851336.203865705,10004.0016006403,300.003600043201,600.014400345608,34547.6757925938,205373.382319136,1741857.63918602,18113.1138944596,0,
93.4447,20917.487019148,2600.27042812453,883025.290821672,8202.69048247825,300.003600043201,300.003600043201,34246.8496903764,186176.214578162,1733050.17686586,16010.246557797,0,
93.57095,17311.9798900839,3100.38444767151,844815.323287626,10404.3282005314,400.006400102402,400.006400102402,35249.6314811254,194704.677749649,1589685.81618307,17912.8255831175,0,
93.69721,17412.118834709,2800.31363512713,853047.143548527,9903.92195309342,300.003600043201,600.014400345608,30236.5257230735,196126.649842373,1782768.18121435,21819.0261908384,0,
93.82345,17211.841747122,2500.2500250025,859679.17447629,10604.4963064339,400.006400102402,200.0016000128,35951.6265357053,192876.663737575,1797811.58351484,14007.84439286,0,
93.94962,17111.7044058136,2500.2500250025,849732.403570158,9703.76506084361,500.010000200004,0,32642.5659059413,195821.928024607,1760864.91115393,16210.5044068556,0,
94.07586,16410.7654621432,3900.60849492521,813539.511236117,10304.2453490838,500.010000200004,300.003600043201,30236.5257230735,185770.241299828,1677479.93853509,16510.8971921468,0,
94.20218,15910.1188355794,3500.49006860961,850480.818943232,9503.61137232148,200.0016000128,200.0016000128,32442.0448901777,192978.213112441,1724819.87471404,17211.841747122,0,
94.3285,18713.9980705568,2100.17641481884,811514.000165194,8302.75651516303,700.019600548815,200.0016000128,33043.6175751993,199987.097606606,1775424.87244188,16811.2971917128,0,
94.45481,15009.0054032419,2200.1936170383,830822.577378812,8803.09869073914,300.003600043201,400.006400102402,32041.0124959949,194501.551981296,1721049.34629625,18413.5523745477,0,
94.58109,18313.4054127621,1800.12960933187,825912.687754385,10304.2453490838,500.010000200004,200.0016000128,38659.6905622281,196329.801815748,1757656.97111886,16711.163056922,0,
94.70732,19314.911111378,3100.38444767151,871346.965808428,9503.61137232148,100.0004000016,500.010000200004,33143.8825004306,206084.950555744,1664033.89395295,20116.1734034163,0,
94.83347,19415.0660912868,2100.17641481884,853154.084798345,9603.68781612139,500.010000200004,400.006400102402,38158.1530252104,198564.689755272,1783801.15706021,16811.2971917128,0,
94.95978,19715.5358422437,3300.43565750679,845670.333305765,8602.95941803981,600.014400345608,100.0004000016,33845.7594667991,205373.382319136,1595468.44445406,19214.7569333248,0,
95.08613,18513.7001381022,2600.27042812453,840006.945793867,9303.46088745013,300.003600043201,400.006400102402,32943.3534531443,219612.384645493,1850885.21998393,17211.841747122,0,
95.21245,18213.259252736,3400.46246289495,849090.939169851,9103.31360615264,500.010000200004,400.006400102402,32943.3534531443,209846.764467427,1796208.25443275,23221.549598027,0,
95.33871,20316.4969955604,3900.60849492521,840754.798111351,10004.0016006403,100.0004000016,300.003600043201,34347.1242544771,202121.010504244,1837164.96483258,20216.3347985172,0,
95.4649,18012.9693379233,3000.36004320518,812153.600898676,10704.5815609081,400.006400102402,200.0016000128,32943.3534531443,197040.859521458,1756511.46463003,18113.1138944596,0,
95.59114,18213.259252736,2600.27042812453,802030.310161046,9703.76506084361,100.0004000016,600.014400345608,30938.239664225,196228.225419568,1780013.96845529,17211.841747122,0,
95.71742,17111.7044058136,2800.31363512713,812473.413152384,10604.4963064339,300.003600043201,500.010000200004,31138.7365883159,190947.38114911,1657567.55027617,16510.8971921468,0,
95.84358,13607.4024269202,2900.33643902693,782871.098020288,9003.24116682005,600.014400345608,600.014400345608,41870.0066511207,200088.704312239,1781276.24565072,17512.2585810067,0,
95.96979,13407.186251831,1700.11560786133,784998.494156088,7502.25067520256,200.0016000128,200.0016000128,30737.7459520291,190642.784593806,1751014.39846599,16110.3750815525,0,
96.09609,15209.2472223112,2800.31363512713,808742.763228529,6901.90492575951,500.010000200004,400.006400102402,30036.0432519023,202121.010504244,1755824.20781356,16811.2971917128,0,
96.22233,13607.4024269202,2900.33643902693,794363.209396577,7102.01697282028,500.010000200004,300.003600043201,30737.7459520291,196025.075084155,1791493.59361805,18113.1138944596,0,
96.34862,16911.4321281186,2700.2916314962,794256.753968189,11104.9305891816,400.006400102402,400.006400102402,31439.4879969241,194298.429488213,1726076.95399694,15109.1259120509,0,
96.47483,17111.7044058136,2500.2500250025,787551.832979184,5701.29989637637,500.010000200004,100.0004000016,29133.9118734207,196025.075084155,1931686.97392453,17011.567866149,0,
96.60102,19415.0660912868,2600.27042812453,801710.756630008,8703.02865397158,300.003600043201,600.014400345608,30737.7459520291,212185.755316746,1835551.73894375,20316.4969955604,0,
96.72723,18713.9980705568,3600.51847466035,790957.071467774,6901.90492575951,600.014400345608,500.010000200004,33143.8825004306,207609.874929923,1771410.70342417,15709.8657957197,0,
96.85347,16711.163056922,3300.43565750679,832744.346762227,6701.7960813498,300.003600043201,500.010000200004,34948.7885087582,202832.395115893,1785293.37396127,17612.3991289868,0,
96.97973,17512.2585810067,2500.2500250025,790424.943673712,8502.8909829342,600.014400345608,300.003600043201,33043.6175751993,204661.854256563,1803672.74645441,17512.2585810067,0,
97.10592,17612.3991289868,3900.60849492521,792318.667053741,8703.02865397158,200.0016000128,500.010000200004,33043.6175751993,209846.764467427,1847194.36080052,17011.567866149,0,
97.23206,16711.163056922,2700.2916314962,794043.845747491,7802.43435952017,500.010000200004,100.0004000016,36653.6609596449,210863.663683045,1733621.91387069,16510.8971921468,100.0004000016,
97.35828,18613.8487034354,2700.2916314962,801497.725339961,7302.132222609,800.025600819226,500.010000200004,33544.9502333126,206491.579015293,1786211.74393239,15509.6159618964,100.0004000016,
97.48458,15910.1188355794,3200.40965243551,805013.191522744,7202.07419736884,400.006400102402,400.006400102402,31339.2367243789,199275.873608496,1781735.28504337,16210.5044068556,0,
97.61083,15209.2472223112,1500.09000540032,783722.014348126,7602.31110257518,200.0016000128,300.003600043201,28332.0719053969,195212.506500365,1773589.67439031,17412.118834709,0,
97.73704,15309.3693340324,2500.2500250025,780956.741617064,7402.19104855037,400.006400102402,400.006400102402,33043.6175751993,205373.382319136,1803327.90119221,15309.3693340324,0,
97.86335,17912.8255831175,2500.2500250025,821111.340632101,7602.31110257518,300.003600043201,500.010000200004,33946.0308177889,222665.692735469,1779899.22188325,15709.8657957197,0,
97.98967,12406.1534521122,1900.14441097523,775534.275274458,8102.62525058119,700.019600548815,500.010000200004,33645.2191745706,198463.095338889,1707119.04965388,14308.184281409,0,
98.11598,14508.4148806308,2200.1936170383,789999.257248021,9203.38684635946,300.003600043201,100.0004000016,33344.4147604609,208931.625310574,1820926.33042523,16110.3750815525,0,
98.24218,15009.0054032419,2000.16001280102,792979.357362761,8602.95941803981,300.003600043201,100.0004000016,31639.9929510902,204763.498663139,1753304.56818026,14608.5313823273,0,
98.36849,15509.6159618964,2000.16001280102,819191.301617727,7302.132222609,100.0004000016,0,35149.3496869605,207711.54311527,1748610.14221701,15009.0054032419,0,
98.49477,12306.0545788528,1900.14441097523,766289.448189145,9103.31360615264,300.003600043201,300.003600043201,32241.5270868879,203238.918639912,1754449.80009075,14908.8856958747,0,
98.62102,13707.5117164206,2300.21161946899,775640.5762196,8703.02865397158,600.014400345608,100.0004000016,31940.756405173,222971.064207595,1718650.47302699,15309.3693340324,0,
98.74728,11805.5722300926,3400.46246289495,786594.271662802,6801.85010322808,500.010000200004,100.0004000016,31439.4879969241,196736.115590531,1795973.31549793,12606.3536022155,0,
98.87348,14708.648685427,3100.38444767151,818338.042598192,8402.82334864514,600.014400345608,200.0016000128,32642.5659059413,206796.558969788,1775769.00008568,13507.2939387269,0,
98.99979,13807.6218072376,1600.10240655402,809701.97020941,6901.90492575951,600.014400345608,100.0004000016,32141.2693898966,202324.259152476,1730947.16394585,14007.84439286,0,
99.12608,13307.0793662228,2700.2916314962,778404.70858029,6901.90492575951,600.014400345608,500.010000200004,31539.7400724913,191759.674643385,1954817.4870085,14508.4148806308,0,
99.25232,11805.5722300926,2200.1936170383,792234.267768786,7702.37233067785,500.010000200004,300.003600043201,33143.8825004306,212185.755316746,1713283.12660814,13807.6218072376,0,
99.37871,13607.4024269202,1900.14441097523,795427.812011177,7702.37233067785,600.014400345608,300.003600043201,32141.2693898966,198361.501741711,1747808.81950151,12606.3536022155,0,
99.50497,14508.4148806308,2400.23042212052,810341.481141932,6801.85010322808,600.014400345608,100.0004000016,29735.3255667733,195110.939112487,1715110.06625347,11805.5722300926,0,
99.63131,15309.3693340324,2900.33643902693,832210.49325056,8602.95941803981,300.003600043201,200.0016000128,34848.5091247016,212694.289022191,1804937.25500287,13507.2939387269,0,
99.75755,14408.2991803279,1800.12960933187,839472.792068729,9403.53572943427,100.0004000016,200.0016000128,32341.7855869784,205983.29549075,1746893.08089972,11405.2007715518,0,
99.88384,15009.0054032419,3000.36004320518,795321.347795222,7402.19104855037,500.010000200004,100.0004000016,31539.7400724913,204763.498663139,1669283.81238479,12005.7627661277,0,
100.01013,11705.4781637807,3100.38444767151,820151.285430412,8302.75651516303,300.003600043201,300.003600043201,35450.1974796312,210660.277276926,1742200.9045282,12506.2531265633,0,
100.13638,13907.7326993809,2500.2500250025,790744.217715146,8002.56081946223,300.003600043201,200.0016000128,33745.4889190629,198666.284990868,1687048.45514014,12306.0545788528,0,
100.26261,13707.5117164206,2600.27042812453,789786.41930479,7902.49718911176,300.003600043201,200.0016000128,33244.1482288479,197244.026237386,1683060.73918482,11705.4781637807,0,
100.38893,15309.3693340324,2400.23042212052,799474.103519874,9203.38684635946,500.010000200004,0,32843.0901342561,199479.076368533,1728820.08296626,12205.9565067753,0,
100.51519,15509.6159618964,1900.14441097523,796173.086130326,8002.56081946223,500.010000200004,200.0016000128,31038.4877247787,200291.920181603,1670877.10913296,12606.3536022155,0,
100.64138,15209.2472223112,1800.12960933187,841289.004841624,7502.25067520256,600.014400345608,300.003600043201,30036.0432519023,202121.010504244,1695597.57561261,11805.5722300926,0,
100.76762,13607.4024269202,1400.07840439065,805332.826860668,7001.96054895371,0,300.003600043201,32341.7855869784,195618.784240846,1655180.06107235,11205.0198488923,0,
100.89391,14808.7667899396,2300.21161946899,825805.971752767,7802.43435952017,100.0004000016,400.006400102402,31639.9929510902,191962.756202261,1693317.27463366,12506.2531265633,0,
101.02021,14007.84439286,2400.23042212052,863210.514119244,8502.8909829342,500.010000200004,800.025600819226,35550.4816839913,196126.649842373,1735108.54454069,11605.3848985929,0,
101.14643,14808.7667899396,1800.12960933187,802989.018247874,8903.16952835209,200.0016000128,500.010000200004,29534.8511243267,184552.399987106,1594386.66961687,11104.9305891816,0,
101.27266,14908.8856958747,2000.16001280102,734461.532126902,7802.43435952017,500.010000200004,0,31138.7365883159,182015.608820555,1593934.03002349,10304.2453490838,0,
101.3989,16510.8971921468,2100.17641481884,803521.66463679,10604.4963064339,500.010000200004,400.006400102402,30336.7681630136,193384.418798699,1599253.51854926,11405.2007715518,0,
101.52516,13307.0793662228,2400.23042212052,793298.69465274,9603.68781612139,100.0004000016,200.0016000128,33745.4889190629,185871.733392436,1615451.44064116,9403.53572943427,0,
101.65142,15509.6159618964,3300.43565750679,846632.287199507,7802.43435952017,500.010000200004,300.003600043201,33244.1482288479,207813.212120723,1627017.26282783,13206.9732818928,0,
101.77774,14608.5313823273,3000.36004320518,834346.039698089,8602.95941803981,400.006400102402,500.010000200004,33344.4147604609,195821.928024607,1625088.92779702,12005.7627661277,0,
101.90397,14808.7667899396,2400.23042212052,813752.741420541,8903.16952835209,100.0004000016,200.0016000128,36152.2037822616,186683.699581297,1618171.90654253,12005.7627661277,0,
102.03027,14208.0701838644,2400.23042212052,866635.76465914,10204.1632986258,100.0004000016,200.0016000128,35049.0686961746,191962.756202261,1614318.0772965,13707.5117164206,100.0004000016,
102.15657,12205.9565067753,1300.06760351538,830929.334843237,7902.49718911176,800.025600819226,200.0016000128,30437.0114058695,186277.709942736,1549762.75132005,12005.7627661277,0,
102.28281,14508.4148806308,2900.33643902693,824952.275488195,8903.16952835209,400.006400102402,100.0004000016,28732.9854673165,191759.674643385,1626450.07647116,11605.3848985929,0,
102.40905,12706.4548790786,2000.16001280102,814179.212357764,8002.56081946223,500.010000200004,100.0004000016,29234.1454819229,173090.167995135,1550859.59779213,12205.9565067753,0,
102.53523,13607.4024269202,1400.07840439065,848984.031531625,10004.0016006403,500.010000200004,300.003600043201,33845.7594667991,195009.372543487,1574146.11953689,12706.4548790786,0,
102.66138,14508.4148806308,2800.31363512713,820791.314298935,8302.75651516303,100.0004000016,0,29735.3255667733,191048.914971141,1612618.2132501,13106.8679988314,0,
102.7877,12906.6598364756,2300.21161946899,857860.375828486,9803.84310649775,200.0016000128,300.003600043201,30136.2840860396,196126.649842373,1631782.58238808,12406.1534521122,0,
102.91393,13707.5117164206,2100.17641481884,880667.348535982,10304.2453490838,400.006400102402,100.0004000016,34647.952766629,193079.763305977,1660978.99114856,13907.7326993809,0,
103.04023,14007.84439286,2600.27042812453,936206.808449103,9703.76506084361,1100.04840212969,0,27530.2833116428,173191.557918479,1502253.75165904,14808.7667899396,0,
103.16654,13407.186251831,1800.12960933187,811620.598086223,8803.09869073914,0,200.0016000128,31940.756405173,166704.248945012,1546492.46504358,11305.1099096792,0,
103.29277,13707.5117164206,1700.11560786133,832530.802709729,9603.68781612139,100.0004000016,600.014400345608,30938.239664225,180392.330656825,1557434.16943218,12506.2531265633,0,
103.41907,14308.184281409,2800.31363512713,869105.127125305,9503.61137232148,300.003600043201,600.014400345608,28632.7558727184,175016.7162111,1540179.70886484,12506.2531265633,0,
103.54532,13607.4024269202,3000.36004320518,810767.8393703,8402.82334864514,400.006400102402,100.0004000016,30437.0114058695,172380.461399665,1487428.00717068,10604.4963064339,0,
103.67153,13307.0793662228,2700.2916314962,814285.832293878,9003.24116682005,400.006400102402,200.0016000128,32642.5659059413,189424.472029663,1523172.76558183,11104.9305891816,0,
103.79785,15309.3693340324,2200.1936170383,828474.136399139,8903.16952835209,500.010000200004,0,32742.827618525,169440.674621552,1520134.08579794,12205.9565067753,0,
103.92416,13307.0793662228,2400.23042212052,866314.60888063,8502.8909829342,800.025600819226,200.0016000128,28632.7558727184,180595.228982261,1585562.97588158,11605.3848985929,0,
104.05048,12806.5569571621,2300.21161946899,865351.189392309,9103.31360615264,300.003600043201,200.0016000128,28833.2158646761,185770.241299828,1537700.51886512,12606.3536022155,100.0004000016,
104.17667,14308.184281409,3300.43565750679,868884.078426178,7902.49718911176,500.010000200004,0,30036.0432519023,171873.552617271,1603669.17805304,12306.0545788528,0,
104.30298,15109.1259120509,2900.33643902693,849304.757099253,7902.49718911176,400.006400102402,0,32141.2693898966,174408.3007073,1539052.74689812,11104.9305891816,0,
104.42925,13707.5117164206,2600.27042812453,823138.358309473,9403.53572943427,400.006400102402,800.025600819226,31940.756405173,177450.672338643,1504951.12487013,11505.2924345199,0,
104.55551,15409.4922472243,2900.33643902693,868884.078426178,7802.43435952017,500.010000200004,500.010000200004,27530.2833116428,171163.914619412,1590426.59553196,13006.7635170289,0,
104.68182,15509.6159618964,2700.2916314962,827833.726605148,8903.16952835209,400.006400102402,500.010000200004,28732.9854673165,180189.435601162,1540405.11274364,10704.5815609081,0,
104.80805,17211.841747122,1900.14441097523,825912.687754385,7902.49718911176,100.0004000016,200.0016000128,30938.239664225,176132.221018244,1519796.4976896,11905.6670975384,0,
104.93439,15209.2472223112,2800.31363512713,817484.839972902,8202.69048247825,100.0004000016,100.0004000016,26928.9755777216,171873.552617271,1512371.73314556,12806.5569571621,0,
105.06059,14107.9568876847,1200.05760276493,835093.564374853,8102.62525058119,400.006400102402,300.003600043201,29635.0879441258,165893.570416184,1451107.77239351,9703.76506084361,0,
105.1868,12506.2531265633,2700.2916314962,807250.805186225,10204.1632986258,600.014400345608,500.010000200004,26628.3325458288,175929.394609531,1548296.66128621,10904.7544729502,100.0004000016,
105.31311,16911.4321281186,2100.17641481884,831890.191734622,11004.8421305374,100.0004000016,200.0016000128,27630.5040765005,178870.697434575,1612844.84924356,15209.2472223112,0,
105.43944,17211.841747122,3200.40965243551,867385.159156847,11505.2924345199,200.0016000128,400.006400102402,30938.239664225,192775.115181368,1546379.71092054,11905.6670975384,0,
105.5658,16510.8971921468,2500.2500250025,805759.019628893,7802.43435952017,300.003600043201,300.003600043201,29635.0879441258,175523.751596128,1540179.70886484,10704.5815609081,0,
105.69203,15509.6159618964,2500.2500250025,822924.973040866,8102.62525058119,700.019600548815,400.006400102402,29935.8032206519,179986.543815191,1542433.91995651,10004.0016006403,0,
105.81826,14808.7667899396,2100.17641481884,845029.070488699,10304.2453490838,300.003600043201,400.006400102402,29635.0879441258,182015.608820555,1561948.83956158,11505.2924345199,0,
105.94453,15509.6159618964,2300.21161946899,860000.165504001,8903.16952835209,700.019600548815,300.003600043201,28632.7558727184,174408.3007073,1506974.51513442,11505.2924345199,0,
106.07071,13807.6218072376,2200.1936170383,818764.66505833,9703.76506084361,200.0016000128,200.0016000128,30036.0432519023,174002.706708771,1584319.07988482,12105.8592358702,0,
106.197,16010.246557797,2800.31363512713,840861.637690447,8502.8909829342,500.010000200004,200.0016000128,33444.6820952793,181609.769658779,1509110.65114859,11605.3848985929,0,
106.32328,15409.4922472243,2500.2500250025,845029.070488699,8302.75651516303,100.0004000016,300.003600043201,26728.5460872212,176335.050695068,1578553.44628155,12406.1534521122,0,
106.44956,15809.9919148902,1900.14441097523,858181.321704737,8002.56081946223,200.0016000128,100.0004000016,27730.7256440136,180087.98929947,1548071.12334446,10904.7544729502,0,
106.57577,16210.5044068556,2200.1936170383,815885.237031132,8602.95941803981,400.006400102402,0,27931.1711870447,272414.807702919,1521259.44156836,10604.4963064339,0,
106.70208,13006.7635170289,2800.31363512713,849625.490625892,7602.31110257518,0,400.006400102402,30036.0432519023,170657.054831759,1607066.83695189,10604.4963064339,0,
106.82839,13307.0793662228,2500.2500250025,857860.375828486,8903.16952835209,600.014400345608,200.0016000128,30036.0432519023,168731.173789082,1583188.36634611,13006.7635170289,0,
106.95471,14708.648685427,2300.21161946899,862140.309352578,8803.09869073914,400.006400102402,300.003600043201,30837.992406645,188612.329120454,1605707.66925487,11505.2924345199,0,
107.08096,14107.9568876847,2100.17641481884,847166.73697096,8402.82334864514,400.006400102402,100.0004000016,27931.1711870447,172786.003125453,1422815.68607733,12706.4548790786,0,
107.20721,11104.9305891816,2200.1936170383,916837.250953574,7702.37233067785,300.003600043201,400.006400102402,31339.2367243789,182319.996776663,1604575.13557692,12205.9565067753,0,
107.33352,14708.648685427,2500.2500250025,810767.8393703,8803.09869073914,0,100.0004000016,28432.2990917683,179885.099148316,1624521.82358805,11905.6670975384,0,
107.45976,13507.2939387269,1600.10240655402,818658.008121517,7802.43435952017,0,200.0016000128,31038.4877247787,178769.261758485,1534337.80273216,9103.31360615264,100.0004000016,
107.58597,15109.1259120509,2200.1936170383,849043.79971922,7802.43435952017,100.0004000016,400.006400102402,26728.5460872212,179682.212266735,1574937.07054902,11905.6670975384,0,
107.7122,18613.8487034354,2600.27042812453,799474.103519874,11305.1099096792,300.003600043201,300.003600043201,30737.7459520291,175827.982630693,1581040.27559223,13907.7326993809,0,
107.83842,14608.5313823273,2200.1936170383,813646.125887989,7302.132222609,0,300.003600043201,30537.255451651,183740.57120753,1609445.71460199,9303.46088745013,100.0004000016,
107.96469,13607.4024269202,2500.2500250025,816631.693736266,8102.62525058119,300.003600043201,300.003600043201,28432.2990917683,186988.200399768,1716823.04913758,13006.7635170289,0,
108.09103,14608.5313823273,1600.10240655402,829648.303508699,8703.02865397158,400.006400102402,0,31539.7400724913,184552.399987106,1510381.19989519,10904.7544729502,0,
108.21726,14508.4148806308,3200.40965243551,825485.829039416,7502.25067520256,200.0016000128,500.010000200004,28532.5270808722,194603.114456059,1645407.18445443,11305.1099096792,0,
108.34349,12606.3536022155,1700.11560786133,837763.64854027,7502.25067520256,700.019600548815,200.0016000128,34347.1242544771,188409.301575787,1633371.40129886,10704.5815609081,0,
108.46965,13507.2939387269,2100.17641481884,787871.035888464,8703.02865397158,600.014400345608,200.0016000128,30136.2840860396,178059.234909278,1572903.29163868,10004.0016006403,0,
108.59584,14308.184281409,2100.17641481884,795747.209931982,6501.69043951427,300.003600043201,0,29133.9118734207,186988.200399768,1654043.31175422,12306.0545788528,0,
108.72208,14908.8856958747,2700.2916314962,824418.74398291,6501.69043951427,300.003600043201,300.003600043201,33444.6820952793,186480.703125944,1664391.30527528,9703.76506084361,0,
108.84832,13807.6218072376,1900.14441097523,832851.120112425,9203.38684635946,400.006400102402,300.003600043201,31940.756405173,186277.709942736,1695597.57561261,10304.2453490838,0,
108.97464,12506.2531265633,2100.17641481884,829328.065527972,8002.56081946223,700.019600548815,100.0004000016,33645.2191745706,183842.046942682,1603216.22242843,10804.6676164103,100.0004000016,
109.1009,12105.8592358702,2100.17641481884,803308.603442368,7102.01697282028,400.006400102402,400.006400102402,28532.5270808722,199885.491720326,1608992.5622544,10704.5815609081,0,
109.22709,13507.2939387269,2300.21161946899,780531.367688126,8903.16952835209,200.0016000128,0,32341.7855869784,187698.730942987,1673039.74496306,10504.4118529783,0,
109.35334,13607.4024269202,2000.16001280102,820044.617037098,9503.61137232148,200.0016000128,400.006400102402,36051.9147572504,175625.161124001,1645179.99351989,11205.0198488923,0,
109.47961,12706.4548790786,1900.14441097523,803841.263025779,9003.24116682005,300.003600043201,500.010000200004,33946.0308177889,193384.418798699,1663481.26943768,10704.5815609081,0,
109.60591,13407.186251831,2600.27042812453,819191.301617727,7302.132222609,200.0016000128,100.0004000016,31339.2367243789,195212.506500365,1651642.54765797,12105.8592358702,100.0004000016,
109.73205,12606.3536022155,1700.11560786133,800645.635356379,7302.132222609,0,600.014400345608,29835.5639922788,197040.859521458,1707461.42374272,8903.16952835209,200.0016000128,
109.85837,11004.8421305374,1500.09000540032,805652.470117054,7402.19104855037,600.014400345608,0,30136.2840860396,191353.521348161,1654839.02609615,11805.5722300926,100.0004000016,
109.9846,12005.7627661277,2100.17641481884,778617.358702242,7001.96054895371,200.0016000128,100.0004000016,32041.0124959949,178363.527226875,1567820.20599625,10204.1632986258,0,
110.11086,11205.0198488923,1700.11560786133,788403.058298295,7902.49718911176,300.003600043201,300.003600043201,32742.827618525,178160.664864582,1572903.29163868,10204.1632986258,0,
110.23706,12306.0545788528,1500.09000540032,780106.007795904,8102.62525058119,300.003600043201,200.0016000128,32843.0901342561,184146.479054849,1633938.88256777,10704.5815609081,0,
110.3633,13106.8679988314,1600.10240655402,797024.880714557,7802.43435952017,300.003600043201,200.0016000128,35049.0686961746,189830.5631237,1642340.43369467,10204.1632986258,0,
110.48958,12005.7627661277,2800.31363512713,788083.842218188,8803.09869073914,700.019600548815,100.0004000016,33444.6820952793,192165.841035418,1655634.78794909,10004.0016006403,0,
110.61588,13507.2939387269,1800.12960933187,772239.380806486,9103.31360615264,600.014400345608,300.003600043201,33544.9502333126,203645.455278652,1636890.17503633,10804.6676164103,0,
110.74212,13707.5117164206,2000.16001280102,808529.615803905,7802.43435952017,700.019600548815,200.0016000128,30737.7459520291,191658.135091778,1634052.3817235,7902.49718911176,0,
110.86833,11405.2007715518,2300.21161946899,828901.093905619,9203.38684635946,300.003600043201,200.0016000128,34447.3996218797,193282.866149096,1641545.46539583,10404.3282005314,100.0004000016,
110.9946,11104.9305891816,2700.2916314962,767457.968122562,8202.69048247825,100.0004000016,200.0016000128,35249.6314811254,182827.326389588,1639728.57313351,9803.84310649775,0,
111.12076,11605.3848985929,2000.16001280102,779148.999356552,7702.37233067785,300.003600043201,400.006400102402,32742.827618525,204153.644520617,1660865.26238557,9103.31360615264,0,
111.24692,12706.4548790786,2000.16001280102,787871.035888464,7902.49718911176,300.003600043201,100.0004000016,30537.255451651,179175.009366653,1583753.71109202,10204.1632986258,0,
111.37316,12406.1534521122,2900.33643902693,757900.463230082,6801.85010322808,400.006400102402,0,29935.8032206519,179377.888074644,1537249.80680882,9403.53572943427,0,
111.49931,11004.8421305374,2000.16001280102,798089.703053668,8402.82334864514,300.003600043201,200.0016000128,37355.7347562563,185059.819554083,1644952.80645959,8903.16952835209,0,
111.62567,12105.8592358702,2000.16001280102,811620.598086223,9703.76506084361,400.006400102402,200.0016000128,30537.255451651,182522.926168872,1535989.98223815,12105.8592358702,0,
111.75193,13307.0793662228,1700.11560786133,755246.858890093,7802.43435952017,400.006400102402,700.019600548815,31339.2367243789,185871.733392436,1548860.52290636,10704.5815609081,0,
111.87823,11905.6670975384,2500.2500250025,718991.056534951,9503.61137232148,200.0016000128,300.003600043201,32943.3534531443,186988.200399768,1573468.19899914,8602.95941803981,0,
112.00454,11905.6670975384,1500.09000540032,819617.952277084,9503.61137232148,300.003600043201,500.010000200004,36352.7842427204,190744.315960453,1612051.64015397,10104.0820491479,0,
112.1308,10304.2453490838,2200.1936170383,750790.03423825,8703.02865397158,500.010000200004,300.003600043201,29835.5639922788,188815.359938096,1577310.20611236,9603.68781612139,0,
112.25701,13106.8679988314,2300.21161946899,772345.654576344,8002.56081946223,600.014400345608,400.006400102402,36453.0756781874,172988.778888522,1570192.07060444,8602.95941803981,0,
112.38324,11605.3848985929,1600.10240655402,774471.314044406,9203.38684635946,200.0016000128,500.010000200004,30537.255451651,189119.91230156,1511207.28964819,9703.76506084361,0,
112.50952,13006.7635170289,1800.12960933187,809488.806940894,7902.49718911176,600.014400345608,0,34848.5091247016,189729.039122672,1577762.27998928,10404.3282005314,0,
112.63581,11505.2924345199,2300.21161946899,794256.753968189,9303.46088745013,200.0016000128,400.006400102402,30737.7459520291,177247.824685788,1553485.09181133,8502.8909829342,0,
112.7621,11505.2924345199,2200.1936170383,786487.880350696,7702.37233067785,100.0004000016,300.003600043201,30637.5003003677,178059.234909278,1474525.15291686,9203.38684635946,0,
112.88836,10404.3282005314,2300.21161946899,778830.012332592,9103.31360615264,300.003600043201,100.0004000016,30336.7681630136,181812.687604505,1554726.10393307,8602.95941803981,0,
113.01469,10704.5815609081,2500.2500250025,799580.602017734,8302.75651516303,600.014400345608,400.006400102402,36352.7842427204,180493.779410817,1542884.80812679,8903.16952835209,0,
113.14098,10904.7544729502,2300.21161946899,784892.116011387,7202.07419736884,100.0004000016,400.006400102402,30236.5257230735,181508.311912264,1574824.07466463,9803.84310649775,0,
113.26721,11805.5722300926,2100.17641481884,792127.829912265,10204.1632986258,200.0016000128,400.006400102402,33244.1482288479,180087.98929947,1568159.01787081,9303.46088745013,0,
113.39352,12706.4548790786,1900.14441097523,802456.393848694,10404.3282005314,200.0016000128,400.006400102402,34647.952766629,182421.461063947,1549086.07426098,10404.3282005314,0,
113.51979,11205.0198488923,2400.23042212052,822391.525297681,8102.62525058119,400.006400102402,200.0016000128,31740.2466327303,185161.305921132,1554500.45673741,10304.2453490838,0,
113.64607,11605.3848985929,2100.17641481884,797983.216864038,9803.84310649775,100.0004000016,300.003600043201,33845.7594667991,181914.147803734,1532067.71832708,9503.61137232148,0,
113.77228,10804.6676164103,2400.23042212052,803308.603442368,11305.1099096792,200.0016000128,200.0016000128,33645.2191745706,174205.502074355,1539616.21591782,9303.46088745013,0,
113.89849,13707.5117164206,1800.12960933187,815885.237031132,11505.2924345199,300.003600043201,300.003600043201,35650.7666917691,183436.148908651,1503714.76066085,7802.43435952017,0,
114.02485,10604.4963064339,1400.07840439065,789999.257248021,11104.9305891816,0,400.006400102402,33043.6175751993,172988.778888522,1468134.48353259,8803.09869073914,0,
114.15103,12105.8592358702,900.032401166442,759805.481257674,9403.53572943427,600.014400345608,200.0016000128,33143.8825004306,174611.102607687,1504164.33430021,9103.31360615264,0,
114.27732,12606.3536022155,1600.10240655402,779255.330118832,10604.4963064339,200.0016000128,200.0016000128,28231.8455217485,174002.706708771,1455810.33088811,9803.84310649775,0,
114.40356,13006.7635170289,2100.17641481884,719682.826445505,9703.76506084361,100.0004000016,100.0004000016,31038.4877247787,172887.390598631,1490010.08739584,9603.68781612139,0,
114.52984,12706.4548790786,2700.2916314962,833918.902161782,12306.0545788528,600.014400345608,100.0004000016,31740.2466327303,180189.435601162,1522384.89284957,10204.1632986258,0,
114.65604,12105.8592358702,2300.21161946899,783296.54916359,10804.6676164103,200.0016000128,200.0016000128,31038.4877247787,170758.42515626,1480806.71129565,11905.6670975384,0,
114.78234,12606.3536022155,2100.17641481884,826979.896278849,13106.8679988314,200.0016000128,600.014400345608,33845.7594667991,179175.009366653,1533419.37236788,9403.53572943427,0,
114.90854,11505.2924345199,2400.23042212052,836481.939265665,10604.4963064339,200.0016000128,300.003600043201,35049.0686961746,176132.221018244,1522384.89284957,8602.95941803981,0,
115.03481,13907.7326993809,2000.16001280102,849732.403570158,11905.6670975384,200.0016000128,500.010000200004,29635.0879441258,182624.392091447,1516533.58902343,10304.2453490838,0,
115.16112,12606.3536022155,2000.16001280102,828367.399228042,10804.6676164103,300.003600043201,200.0016000128,36453.0756781874,180290.882720277,1465220.46587257,11305.1099096792,0,
115.28744,12806.5569571621,2400.23042212052,786062.323881194,12606.3536022155,300.003600043201,300.003600043201,27530.2833116428,170657.054831759,1463203.44487397,8502.8909829342,0,
115.41363,12205.9565067753,2000.16001280102,800539.12806562,11605.3848985929,300.003600043201,300.003600043201,32642.5659059413,176639.301338189,1507761.47255917,8502.8909829342,0,
115.53995,14808.7667899396,1900.14441097523,835841.132312577,13206.9732818928,300.003600043201,400.006400102402,35650.7666917691,169035.240676383,1477104.71800824,10604.4963064339,0,
115.66617,12706.4548790786,1600.10240655402,793298.69465274,14208.0701838644,400.006400102402,0,34347.1242544771,164778.972713327,1497871.69094578,10804.6676164103,0,
115.79244,11104.9305891816,2100.17641481884,792340.706503797,12506.2531265633,100.0004000016,200.0016000128,31940.756405173,174104.103983147,1507086.93476288,9903.92195309342,0,
115.91873,13407.186251831,2400.23042212052,824205.337553353,11805.5722300926,600.014400345608,100.0004000016,31539.7400724913,177349.248103642,1469479.63120603,10804.6676164103,0,
116.04493,13507.2939387269,1300.06760351538,845029.070488699,12406.1534521122,500.010000200004,300.003600043201,34748.2305439951,177450.672338643,1525250.81544917,11705.4781637807,0,
116.17124,14608.5313823273,3100.38444767151,838084.095729068,12806.5569571621,300.003600043201,100.0004000016,35751.0525029742,178667.82689968,1506974.51513442,12406.1534521122,0,
116.29749,13707.5117164206,900.032401166442,800219.611469333,13206.9732818928,200.0016000128,100.0004000016,29735.3255667733,168832.528601861,1488550.58889346,11004.8421305374,0,
116.42365,13006.7635170289,2800.31363512713,836695.548647397,13106.8679988314,200.0016000128,300.003600043201,31639.9929510902,180595.228982261,1509672.8494293,11004.8421305374,0,
116.54992,12205.9565067753,2500.2500250025,839579.621047061,13907.7326993809,300.003600043201,200.0016000128,30637.5003003677,181102.489101619,1540968.63919146,13206.9732818928,0,
116.67615,11605.3848985929,1800.12960933187,796066.615762429,12306.0545788528,300.003600043201,200.0016000128,31840.5011174214,165082.944113384,1457602.22159194,10404.3282005314,0,
116.80241,13907.7326993809,2700.2916314962,805119.735755574,13307.0793662228,200.0016000128,100.0004000016,32141.2693898966,165690.908944491,1500006.36000153,10604.4963064339,100.0004000016,
116.9287,13807.6218072376,1800.12960933187,810874.431128328,15109.1259120509,0,200.0016000128,35049.0686961746,167920.364673099,1575615.06603509,12706.4548790786,0,
117.05499,14908.8856958747,2000.16001280102,828367.399228042,14808.7667899396,300.003600043201,200.0016000128,35049.0686961746,170352.948757189,1521146.90169353,11305.1099096792,0,
117.18121,12706.4548790786,2000.16001280102,806185.226475082,14208.0701838644,200.0016000128,400.006400102402,33444.6820952793,167717.670556589,1489111.91543828,12606.3536022155,0,
117.3075,14808.7667899396,2200.1936170383,819191.301617727,15309.3693340324,600.014400345608,200.0016000128,34246.8496903764,171366.664250215,1457154.22615999,13407.186251831,0,
117.43378,14308.184281409,2400.23042212052,825912.687754385,14608.5313823273,500.010000200004,400.006400102402,27530.2833116428,167819.017206735,1496186.66881462,13807.6218072376,0,
117.56005,14408.2991803279,1300.06760351538,968028.224334616,16110.3750815525,400.006400102402,400.006400102402,29334.3798932349,164778.972713327,1406070.43872102,10604.4963064339,0,
117.68637,15109.1259120509,2900.33643902693,803734.729349787,13707.5117164206,200.0016000128,400.006400102402,29735.3255667733,161131.888614688,1467798.21797608,12806.5569571621,0,
117.81268,14308.184281409,1200.05760276493,851336.203865705,15509.6159618964,300.003600043201,300.003600043201,31439.4879969241,176639.301338189,1503827.15264084,11004.8421305374,0,
117.93892,13707.5117164206,2500.2500250025,860963.186401685,18713.9980705568,300.003600043201,100.0004000016,31940.756405173,174306.900982402,1536348.42862359,14208.0701838644,0,
118.06518,13106.8679988314,2300.21161946899,812473.413152384,14708.648685427,300.003600043201,300.003600043201,33544.9502333126,170454.316632233,1506524.84615613,12406.1534521122,0,
118.19141,15209.2472223112,2200.1936170383,830715.820796826,15409.4922472243,500.010000200004,400.006400102402,31038.4877247787,185059.819554083,1527900.98514013,11905.6670975384,0,
118.31767,16711.163056922,3100.38444767151,822071.467230758,15809.9919148902,300.003600043201,100.0004000016,29133.9118734207,175118.121654227,1497422.33075566,10104.0820491479,0,
118.44397,15709.8657957197,2700.2916314962,844387.839491879,16410.7654621432,300.003600043201,400.006400102402,31339.2367243789,175016.7162111,1529139.60694427,11405.2007715518,0,
118.57017,12506.2531265633,3100.38444767151,834986.772486773,16510.8971921468,400.006400102402,0,34347.1242544771,165893.570416184,1405467.80126436,10504.4118529783,0,
118.69648,25025.025025025,2400.23042212052,837443.209299826,14107.9568876847,300.003600043201,500.010000200004,27630.5040765005,171873.552617271,1530828.82309243,12105.8592358702,0,
118.82272,15209.2472223112,3000.36004320518,846632.287199507,15209.2472223112,300.003600043201,400.006400102402,30236.5257230735,183639.096290148,1579231.62630876,13707.5117164206,0,
118.94897,14508.4148806308,1400.07840439065,838404.550866517,16711.163056922,100.0004000016,300.003600043201,33143.8825004306,176335.050695068,1530828.82309243,11705.4781637807,100.0004000016,
119.07532,19915.8530190031,2600.27042812453,832637.574294666,17512.2585810067,200.0016000128,300.003600043201,31439.4879969241,170048.850030808,1545903.05927414,11505.2924345199,0,
119.20147,14608.5313823273,2400.23042212052,841395.848838171,16811.2971917128,400.006400102402,200.0016000128,33043.6175751993,169440.674621552,1559917.04806708,9703.76506084361,100.0004000016,
119.32772,12606.3536022155,1300.06760351538,807783.627542067,15910.1188355794,1200.05760276493,200.0016000128,26728.5460872212,178769.261758485,1548634.97538411,10604.4963064339,0,
119.45401,13307.0793662228,1400.07840439065,849304.757099253,13206.9732818928,300.003600043201,100.0004000016,33043.6175751993,174002.706708771,1533194.08713076,11705.4781637807,0,
119.58021,15009.0054032419,2500.2500250025,829434.810639248,13507.2939387269,600.014400345608,300.003600043201,30637.5003003677,170758.42515626,1586128.42163473,12306.0545788528,0,
119.70644,13707.5117164206,2500.2500250025,803415.133599762,14408.2991803279,100.0004000016,600.014400345608,36553.3679171591,166704.248945012,1536348.42862359,11205.0198488923,0,
119.8326,15709.8657957197,2300.21161946899,785636.781457445,15709.8657957197,300.003600043201,300.003600043201,33444.6820952793,172988.778888522,1543673.89928693,10404.3282005314,0,
119.95884,14808.7667899396,2200.1936170383,814072.593302384,14808.7667899396,300.003600043201,100.0004000016,35349.9140786791,185668.750025186,1600725.242173,10104.0820491479,0,
120.08504,16711.163056922,1900.14441097523,841182.161728589,15309.3693340324,200.0016000128,400.006400102402,27830.9480141918,179175.009366653,1523397.88067442,8302.75651516303,300.003600043201,
120.21127,14708.648685427,2400.23042212052,822391.525297681,15509.6159618964,200.0016000128,200.0016000128,30938.239664225,163563.160543533,1542659.36212681,11205.0198488923,100.0004000016,
120.33745,14107.9568876847,1800.12960933187,789041.514167468,17512.2585810067,300.003600043201,300.003600043201,31238.986254846,180696.679371168,1630080.48675526,10504.4118529783,0,
120.46372,17311.9798900839,2200.1936170383,831996.958024038,14308.184281409,600.014400345608,0,29635.0879441258,176233.635448137,1603895.66164953,12406.1534521122,0,
120.58993,13507.2939387269,2500.2500250025,812046.998575175,18213.259252736,300.003600043201,0,30236.5257230735,181102.489101619,1568610.78047951,10304.2453490838,0,
120.71617,14308.184281409,2400.23042212052,776809.944487062,13907.7326993809,100.0004000016,100.0004000016,31539.7400724913,172988.778888522,1505850.37129395,10304.2453490838,0,
120.8424,13307.0793662228,3600.51847466035,777979.418861232,16410.7654621432,300.003600043201,400.006400102402,29434.6151073663,178769.261758485,1449250.55817329,10304.2453490838,0,
120.96862,15209.2472223112,1300.06760351538,797876.731553486,13807.6218072376,200.0016000128,400.006400102402,33043.6175751993,180899.582601409,1602536.81791096,9803.84310649775,0,
121.09492,16711.163056922,2900.33643902693,793618.039850108,15009.0054032419,100.0004000016,200.0016000128,32943.3534531443,173090.167995135,1548183.89183633,10704.5815609081,0,
121.22122,14107.9568876847,2000.16001280102,791169.928733839,14508.4148806308,300.003600043201,300.003600043201,31439.4879969241,183639.096290148,1645975.1787412,11405.2007715518,0,
121.34746,11505.2924345199,2100.17641481884,785104.87317854,16310.634533716,200.0016000128,0,30637.5003003677,193790.637584298,1582623.04564555,10004.0016006403,0,
121.47375,12406.1534521122,1100.04840212969,794469.665703673,15709.8657957197,200.0016000128,100.0004000016,34748.2305439951,187394.212944306,1589747.84410324,8502.8909829342,0,
121.60001,13106.8679988314,2300.21161946899,775215.377699696,13707.5117164206,500.010000200004,200.0016000128,30537.255451651,172481.845606093,1591557.92492246,9803.84310649775,0,
121.72624,12806.5569571621,2200.1936170383,786913.450866647,13907.7326993809,300.003600043201,500.010000200004,33745.4889190629,187901.747032865,1536686.43826718,9903.92195309342,0,
121.85253,11104.9305891816,3000.36004320518,787871.035888464,13206.9732818928,700.019600548815,300.003600043201,28131.6199408135,165082.944113384,1507873.89886292,10504.4118529783,0,
121.97872,13106.8679988314,2100.17641481884,773408.440481983,17912.8255831175,600.014400345608,300.003600043201,32742.827618525,174205.502074355,1540968.63919146,12005.7627661277,0,
122.10497,11605.3848985929,1800.12960933187,751744.938237015,13507.2939387269,300.003600043201,300.003600043201,29635.0879441258,185059.819554083,1567820.20599625,14708.648685427,0,
122.23119,12806.5569571621,2900.33643902693,773089.595506823,13407.186251831,300.003600043201,200.0016000128,34848.5091247016,178059.234909278,1542095.76388152,11805.5722300926,0,
122.35743,12005.7627661277,2000.16001280102,780744.052897962,13507.2939387269,700.019600548815,500.010000200004,29534.8511243267,192876.663737575,1622367.04789896,12005.7627661277,0,
122.48366,15709.8657957197,2700.2916314962,792021.392934224,14608.5313823273,300.003600043201,300.003600043201,31038.4877247787,182421.461063947,1506250.7511302,12506.2531265633,0,
122.60986,12205.9565067753,2600.27042812453,782552.018876953,13607.4024269202,400.006400102402,100.0004000016,32442.0448901777,188916.876574307,1584658.31270364,14508.4148806308,0,
122.73601,13807.6218072376,1700.11560786133,791808.521613535,15509.6159618964,200.0016000128,200.0016000128,33444.6820952793,177856.377450309,1659500.59290729,11805.5722300926,100.0004000016,
122.86225,13507.2939387269,2600.27042812453,794150.299418497,14608.5313823273,100.0004000016,300.003600043201,27229.6258329062,176436.466759047,1541757.61642277,12005.7627661277,0,
122.98847,13307.0793662228,2200.1936170383,779893.333113345,13206.9732818928,500.010000200004,500.010000200004,28131.6199408135,179276.448311981,1577423.22313979,14007.84439286,0,
123.1147,15509.6159618964,1800.12960933187,760979.329390186,12706.4548790786,800.025600819226,100.0004000016,30837.992406645,190338.195404476,1637798.39661764,12706.4548790786,100.0004000016,
123.24099,13206.9732818928,2000.16001280102,765758.337799398,11705.4781637807,400.006400102402,500.010000200004,31840.5011174214,188713.844120148,1616358.20081936,11605.3848985929,0,
123.36722,13707.5117164206,1600.10240655402,788935.102660593,13507.2939387269,100.0004000016,200.0016000128,32341.7855869784,181711.228222856,1623387.68764164,14408.2991803279,0,
123.49349,13807.6218072376,2800.31363512713,770114.089449097,11905.6670975384,500.010000200004,100.0004000016,31038.4877247787,188307.789030794,1612731.53076432,13407.186251831,0,
123.61972,13607.4024269202,1800.12960933187,806398.335177631,15609.7404780583,300.003600043201,300.003600043201,34848.5091247016,190135.140036999,1588956.01123118,14708.648685427,100.0004000016,
123.74593,14708.648685427,2900.33643902693,760660.791862104,14208.0701838644,100.0004000016,200.0016000128,34347.1242544771,183233.204798111,1613751.43181983,11605.3848985929,0,
123.87219,12806.5569571621,2400.23042212052,781701.179770646,13006.7635170289,0,400.006400102402,28933.4470648069,184958.334004932,1614091.41621032,13106.8679988314,0,
123.99852,12606.3536022155,2500.2500250025,796918.403315214,13106.8679988314,500.010000200004,200.0016000128,32742.827618525,185465.769929763,1527729.08470817,12406.1534521122,0,
124.1248,13307.0793662228,2000.16001280102,786807.056920766,13507.2939387269,100.0004000016,200.0016000128,31038.4877247787,183233.204798111,1583640.64021913,13607.4024269202,0,
124.25106,11004.8421305374,2200.1936170383,775024.419289875,11205.0198488923,400.006400102402,200.0016000128,29935.8032206519,180696.679371168,1368293.76237941,13106.8679988314,0,
124.37722,14508.4148806308,1500.09000540032,759705.226541152,12205.9565067753,300.003600043201,200.0016000128,31539.7400724913,185161.305921132,1605367.89902731,14508.4148806308,0,
124.50343,13607.4024269202,1600.10240655402,800858.652575958,12906.6598364756,0,100.0004000016,34447.3996218797,189729.039122672,1615564.78228468,14908.8856958747,0,
124.62979,11905.6670975384,1400.07840439065,803095.545766435,12306.0545788528,300.003600043201,100.0004000016,34347.1242544771,181001.035442763,1649383.65305487,15209.2472223112,0,
124.75594,14908.8856958747,2700.2916314962,804267.406526622,13607.4024269202,400.006400102402,400.006400102402,31339.2367243789,197751.957361372,1648701.88843361,14208.0701838644,0,
124.88219,12506.2531265633,2300.21161946899,763421.712175175,11505.2924345199,300.003600043201,200.0016000128,26828.7604311822,185465.769929763,1565561.68098373,15809.9919148902,0,
125.00841,12105.8592358702,2700.2916314962,807357.367897299,10104.0820491479,400.006400102402,500.010000200004,30236.5257230735,188612.329120454,1659728.02811855,14107.9568876847,0,
125.13461,10204.1632986258,1400.07840439065,789254.33981572,14908.8856958747,100.0004000016,400.006400102402,31339.2367243789,191658.135091778,1646088.78050444,16410.7654621432,0,
125.26092,12706.4548790786,2300.21161946899,807357.367897299,12105.8592358702,400.006400102402,200.0016000128,29133.9118734207,183131.733969426,1567255.53874143,13807.6218072376,100.0004000016,
125.38708,14608.5313823273,2600.27042812453,819404.625184867,12506.2531265633,300.003600043201,0,34647.952766629,178363.527226875,1654839.02609615,15409.4922472243,0,
125.51325,10704.5815609081,2300.21161946899,878098.135962515,12506.2531265633,600.014400345608,400.006400102402,30737.7459520291,181001.035442763,1519458.9181758,14708.648685427,0,
125.63959,11305.1099096792,1900.14441097523,809915.13699903,10504.4118529783,600.014400345608,300.003600043201,29835.5639922788,186176.214578162,1602083.90084446,13206.9732818928,0,
125.76582,12105.8592358702,2300.21161946899,767245.502069625,11705.4781637807,500.010000200004,300.003600043201,29434.6151073663,189322.951301986,1594612.99519169,14808.7667899396,0,
125.89208,11004.8421305374,2100.17641481884,813113.061435209,11004.8421305374,200.0016000128,500.010000200004,32141.2693898966,188612.329120454,1603216.22242843,15509.6159618964,0,
126.01833,13707.5117164206,2100.17641481884,781807.531587871,12906.6598364756,500.010000200004,100.0004000016,29735.3255667733,174712.504783195,1587711.79771218,15109.1259120509,0,
126.14452,10204.1632986258,1900.14441097523,781913.88428252,9903.92195309342,400.006400102402,200.0016000128,29735.3255667733,177957.805771191,1529139.60694427,13106.8679988314,0,
126.27076,12606.3536022155,2600.27042812453,788083.842218188,12606.3536022155,300.003600043201,100.0004000016,29635.0879441258,187800.238578844,1601064.89382983,13407.186251831,0,
126.39705,11805.5722300926,2400.23042212052,831356.373525546,13106.8679988314,200.0016000128,300.003600043201,29635.0879441258,183740.57120753,1600045.96487943,13907.7326993809,0,
126.52333,12806.5569571621,1500.09000540032,837122.778007441,12806.5569571621,300.003600043201,700.019600548815,29534.8511243267,186176.214578162,1514958.67908839,14408.2991803279,0,
126.64948,11605.3848985929,1900.14441097523,824952.275488195,11505.2924345199,800.025600819226,300.003600043201,28231.8455217485,193181.314318192,1614884.74690309,15509.6159618964,0,
126.77579,12706.4548790786,1900.14441097523,760497.251168228,11205.0198488923,900.032401166442,400.006400102402,34146.5759295679,179986.543815191,1527112.8314828,15209.2472223112,0,
126.90203,14208.0701838644,1800.12960933187,779574.327668702,10504.4118529783,500.010000200004,200.0016000128,30336.7681630136,188815.359938096,1515521.12544599,12506.2531265633,0,
127.02829,13607.4024269202,1600.10240655402,848021.902579839,14208.0701838644,400.006400102402,0,29735.3255667733,187597.224125285,1564206.75028371,15709.8657957197,0,
127.15454,12606.3536022155,2300.21161946899,782020.237854606,12906.6598364756,400.006400102402,100.0004000016,31840.5011174214,184856.849273669,1746642.86925282,14808.7667899396,0,
127.28085,11205.0198488923,1900.14441097523,810021.721714281,11705.4781637807,700.019600548815,200.0016000128,32642.5659059413,182218.53330701,1567255.53874143,14007.84439286,0,
127.40708,12406.1534521122,1200.05760276493,853795.750876961,12706.4548790786,500.010000200004,500.010000200004,30437.0114058695,188003.256305061,1626790.38538551,16210.5044068556,0,
127.53339,12906.6598364756,2200.1936170383,856576.671989674,12205.9565067753,700.019600548815,300.003600043201,29033.6790677186,168325.762700944,1569514.35178887,16611.0297237366,0,
127.65969,10804.6676164103,1800.12960933187,821538.054749924,10104.0820491479,200.0016000128,200.0016000128,29635.0879441258,183030.26395845,1607859.74890695,13807.6218072376,0,
127.78592,12005.7627661277,2100.17641481884,850160.064191118,11004.8421305374,300.003600043201,100.0004000016,29735.3255667733,182522.926168872,1474033.25076325,15509.6159618964,0,
127.91215,10904.7544729502,1800.12960933187,795427.812011177,12706.4548790786,500.010000200004,200.0016000128,30136.2840860396,169339.314910719,1541532.18957024,16911.4321281186,0,
128.03836,10504.4118529783,2100.17641481884,827193.348567934,13707.5117164206,300.003600043201,200.0016000128,31339.2367243789,184146.479054849,1532518.25437256,14508.4148806308,0,
128.16451,10304.2453490838,1600.10240655402,804800.105696461,12205.9565067753,400.006400102402,100.0004000016,27229.6258329062,176030.807405378,1473403.75964691,15609.7404780583,0,
128.29082,11205.0198488923,2200.1936170383,819617.952277084,14408.2991803279,300.003600043201,500.010000200004,27931.1711870447,177146.402085071,1500118.72053187,16210.5044068556,0,
128.41705,13707.5117164206,3200.40965243551,811514.000165194,9503.61137232148,100.0004000016,100.0004000016,29735.3255667733,175016.7162111,1534883.81966468,12906.6598364756,0,
128.54335,11104.9305891816,1700.11560786133,823031.665234349,10704.5815609081,0,400.006400102402,29534.8511243267,181914.147803734,1556418.58014515,17512.2585810067,0,
128.66966,11905.6670975384,1400.07840439065,848449.506604796,15509.6159618964,600.014400345608,200.0016000128,23321.7358578195,181508.311912264,1544124.82958672,13907.7326993809,0,
128.7959,10204.1632986258,1900.14441097523,793298.69465274,12906.6598364756,400.006400102402,400.006400102402,28332.0719053969,177552.0973908,1512146.80518026,14908.8856958747,0,
128.92219,9703.76506084361,2000.16001280102,850160.064191118,14408.2991803279,600.014400345608,200.0016000128,28031.3951625821,176842.13918564,1528689.18563291,14808.7667899396,100.0004000016,
129.0485,10904.7544729502,1800.12960933187,818871.322876346,11505.2924345199,800.025600819226,100.0004000016,28131.6199408135,174611.102607687,1529702.65509264,14608.5313823273,0,
129.17473,13307.0793662228,1300.06760351538,808103.331516443,13807.6218072376,400.006400102402,200.0016000128,27931.1711870447,177247.824685788,1476880.38804516,13807.6218072376,0,
129.30096,10804.6676164103,2200.1936170383,823885.234522196,12105.8592358702,200.0016000128,0,30637.5003003677,179276.448311981,1540292.41032566,17111.7044058136,0,
129.42727,11004.8421305374,2700.2916314962,781488.478768429,10004.0016006403,300.003600043201,0,29033.6790677186,171265.289026537,1545590.4588777,24423.8376655616,0,
129.55359,12105.8592358702,2400.23042212052,845349.697919553,12306.0545788528,200.0016000128,100.0004000016,29234.1454819229,192165.841035418,1592576.20368637,16110.3750815525,0,
129.67984,12005.7627661277,2700.2916314962,873596.098675686,13006.7635170289,400.006400102402,0,31940.756405173,178160.664864582,1566916.74990967,14508.4148806308,0,
129.80616,11805.5722300926,1700.11560786133,807783.627542067,9703.76506084361,100.0004000016,700.019600548815,31740.2466327303,157587.125755734,1460850.64225777,14508.4148806308,0,
129.93237,10604.4963064339,1900.14441097523,800858.652575958,11605.3848985929,600.014400345608,100.0004000016,31138.7365883159,168731.173789082,1595744.68085106,17111.7044058136,0,
130.05862,11705.4781637807,2400.23042212052,879059.906918197,12806.5569571621,400.006400102402,300.003600043201,31439.4879969241,175523.751596128,1533644.66143069,16510.8971921468,0,
130.18493,11004.8421305374,1400.07840439065,810128.307309841,13507.2939387269,200.0016000128,400.006400102402,29133.9118734207,170352.948757189,1577423.22313979,14708.648685427,0,
130.31117,12205.9565067753,1400.07840439065,809915.13699903,11505.2924345199,100.0004000016,600.014400345608,29935.8032206519,181508.311912264,1507649.04720906,14107.9568876847,0,
130.43746,8002.56081946223,2100.17641481884,791595.653806633,14007.84439286,300.003600043201,200.0016000128,29133.9118734207,177754.949946623,1543222.98430765,14508.4148806308,0,
130.56376,11605.3848985929,2300.21161946899,831356.373525546,13607.4024269202,200.0016000128,300.003600043201,30837.992406645,171974.932740483,1529252.21466197,15809.9919148902,0,
130.69007,10504.4118529783,2200.1936170383,812366.80818727,14107.9568876847,500.010000200004,300.003600043201,27730.7256440136,168832.528601861,1498545.7598087,12105.8592358702,0,
130.8163,11805.5722300926,2600.27042812453,818764.66505833,12706.4548790786,600.014400345608,300.003600043201,27730.7256440136,174205.502074355,1514283.77495524,13807.6218072376,0,
130.94257,10704.5815609081,1600.10240655402,801071.673313023,11305.1099096792,200.0016000128,200.0016000128,25926.8602271954,172684.616468977,1476095.26310884,13907.7326993809,0,
131.06891,12205.9565067753,2500.2500250025,792979.357362761,12806.5569571621,100.0004000016,300.003600043201,28332.0719053969,178160.664864582,1485183.12915023,13006.7635170289,0,
131.19514,11505.2924345199,2300.21161946899,826979.896278849,14808.7667899396,400.006400102402,100.0004000016,26628.3325458288,191455.058444176,1591671.06315628,13507.2939387269,0,
131.32144,15910.1188355794,1500.09000540032,821538.054749924,12105.8592358702,400.006400102402,0,27430.063349431,167413.635503368,1516196.09257334,12506.2531265633,0,
131.44765,11605.3848985929,2700.2916314962,818338.042598192,12806.5569571621,100.0004000016,200.0016000128,28031.3951625821,179580.770052011,1502478.51179042,12506.2531265633,0,
131.57393,10504.4118529783,2800.31363512713,831890.191734622,13507.2939387269,400.006400102402,300.003600043201,36854.249455198,178363.527226875,1556418.58014515,15209.2472223112,0,
131.70021,10704.5815609081,1800.12960933187,841075.319499055,13006.7635170289,200.0016000128,300.003600043201,31439.4879969241,178769.261758485,1562287.50169999,14508.4148806308,0,
131.82654,10104.0820491479,1200.05760276493,798515.656603182,14408.2991803279,600.014400345608,300.003600043201,29434.6151073663,186277.709942736,1592349.91277709,14608.5313823273,0,
131.95285,13206.9732818928,2000.16001280102,827086.621982363,14808.7667899396,500.010000200004,100.0004000016,30938.239664225,169440.674621552,1500905.27092405,14608.5313823273,0,
132.07914,11405.2007715518,1900.14441097523,787658.233070918,13407.186251831,600.014400345608,500.010000200004,31740.2466327303,175422.342885224,1555967.23206091,13206.9732818928,0,
132.20536,12205.9565067753,1600.10240655402,797237.838150194,11705.4781637807,600.014400345608,400.006400102402,28532.5270808722,180189.435601162,1553033.84343482,14908.8856958747,0,
132.33159,12606.3536022155,1800.12960933187,772345.654576344,15409.4922472243,200.0016000128,200.0016000128,28231.8455217485,178262.095637111,1551567.39212629,13106.8679988314,0,
132.45784,11405.2007715518,2300.21161946899,807570.495959567,12005.7627661277,0,200.0016000128,27029.191526849,181406.8549833,1605707.66925487,17011.567866149,100.0004000016,
132.58419,11505.2924345199,2100.17641481884,813646.125887989,10804.6676164103,400.006400102402,300.003600043201,30837.992406645,171772.173310672,1556418.58014515,14508.4148806308,0,
132.71051,13607.4024269202,2000.16001280102,800858.652575958,11805.5722300926,200.0016000128,200.0016000128,27229.6258329062,172481.845606093,1598461.11943347,12406.1534521122,0,
132.83677,11405.2007715518,2800.31363512713,800326.116122108,12806.5569571621,200.0016000128,400.006400102402,26027.0681508769,177247.824685788,1576519.11383255,13006.7635170289,0,
132.96293,12306.0545788528,2300.21161946899,821538.054749924,14007.84439286,600.014400345608,200.0016000128,32341.7855869784,175726.571468853,1574711.07974114,15109.1259120509,0,
133.0891,12906.6598364756,1900.14441097523,814925.570406595,13307.0793662228,700.019600548815,300.003600043201,29635.0879441258,188916.876574307,1669511.41455089,14608.5313823273,0,
133.21533,12005.7627661277,1900.14441097523,813859.357833783,10804.6676164103,300.003600043201,400.006400102402,30637.5003003677,189221.431392621,1591671.06315628,13507.2939387269,0,
133.34156,14808.7667899396,1700.11560786133,805759.019628893,13407.186251831,300.003600043201,200.0016000128,29234.1454819229,180392.330656825,1610805.26425594,13607.4024269202,0,
133.4679,13106.8679988314,1800.12960933187,783722.014348126,12806.5569571621,400.006400102402,100.0004000016,30537.255451651,176740.719853371,1549537.18846773,13006.7635170289,0,
133.59416,12906.6598364756,2100.17641481884,795747.209931982,10604.4963064339,400.006400102402,100.0004000016,29234.1454819229,175827.982630693,1531617.19758201,13607.4024269202,0,
133.72039,11805.5722300926,2900.33643902693,787658.233070918,11305.1099096792,300.003600043201,100.0004000016,28031.3951625821,178363.527226875,1569966.1604911,13607.4024269202,0,
133.84662,12506.2531265633,2500.2500250025,797557.280896186,12306.0545788528,300.003600043201,100.0004000016,27530.2833116428,169643.396492359,1471049.14297331,12706.4548790786,0,
133.97277,12306.0545788528,1600.10240655402,757369.698618169,11605.3848985929,100.0004000016,0,28332.0719053969,177044.98030148,1582962.23518053,13307.0793662228,0,
134.09898,12906.6598364756,2000.16001280102,792660.027979878,11505.2924345199,400.006400102402,200.0016000128,28332.0719053969,186988.200399768,1564658.37849325,11405.2007715518,0,
134.22521,10904.7544729502,1500.09000540032,762465.942020025,11605.3848985929,100.0004000016,0,27329.8441898553,172076.313680319,1564432.56246892,13307.0793662228,0,
134.35144,13807.6218072376,2300.21161946899,759917.568263781,11905.6670975384,100.0004000016,200.0016000128,30437.0114058695,181914.147803734,1550213.88852309,16110.3750815525,0,
134.47777,12306.0545788528,1800.12960933187,754610.075203461,12606.3536022155,300.003600043201,600.014400345608,30336.7681630136,181914.147803734,1564771.28794512,14007.84439286,0,
134.60402,11104.9305891816,1700.11560786133,840050.79088201,10904.7544729502,500.010000200004,400.006400102402,32041.0124959949,172786.003125453,1548409.43169413,13807.6218072376,0,
134.7303,13307.0793662228,1900.14441097523,769901.579591887,10304.2453490838,200.0016000128,200.0016000128,32241.5270868879,189322.951301986,1684199.96499033,15209.2472223112,0,
134.85658,13106.8679988314,1900.14441097523,768414.108722093,10604.4963064339,500.010000200004,500.010000200004,30938.239664225,177146.402085071,1577197.1900461,15509.6159618964,200.0016000128,
134.98281,14007.84439286,2000.16001280102,756626.664908348,11004.8421305374,100.0004000016,400.006400102402,34046.302972042,182319.996776663,1580701.13510226,14508.4148806308,0,
135.10911,15509.6159618964,2600.27042812453,744001.647616106,11805.5722300926,300.003600043201,900.032401166442,32442.0448901777,188713.844120148,1602876.5158319,16811.2971917128,0,
135.23542,12706.4548790786,2900.33643902693,783083.821836828,10904.7544729502,400.006400102402,500.010000200004,31740.2466327303,181914.147803734,1632463.48156607,15509.6159618964,0,
135.36173,12205.9565067753,1600.10240655402,760448.437886407,9503.61137232148,100.0004000016,0,33645.2191745706,187495.718125728,1453381.00693828,17211.841747122,0,
135.48799,11405.2007715518,1300.06760351538,791382.78951343,10304.2453490838,500.010000200004,400.006400102402,33946.0308177889,190642.784593806,1613864.75898484,14208.0701838644,0,
135.61424,14107.9568876847,2600.27042812453,785424.015512511,9003.24116682005,300.003600043201,300.003600043201,34748.2305439951,191150.449611653,1581605.52897395,15309.3693340324,0,
135.74056,13807.6218072376,1100.04840212969,761722.614258392,8703.02865397158,100.0004000016,300.003600043201,32341.7855869784,186886.699308872,1638138.99567823,17912.8255831175,0,
135.86688,13607.4024269202,1400.07840439065,800113.107695864,9703.76506084361,400.006400102402,100.0004000016,31439.4879969241,186886.699308872,1645975.1787412,16010.246557797,0,
135.99307,11505.2924345199,2900.33643902693,804078.75553317,11004.8421305374,200.0016000128,300.003600043201,28131.6199408135,189525.993575663,1560142.78732762,13407.186251831,0,
136.1193,9603.68781612139,2200.1936170383,776916.255954468,10704.5815609081,200.0016000128,500.010000200004,33645.2191745706,186886.699308872,1661775.11965805,14708.648685427,0,
136.24555,12606.3536022155,1500.09000540032,789147.926552507,10804.6676164103,400.006400102402,400.006400102402,34046.302972042,184958.334004932,1650747.28695393,15910.1188355794,0,
136.37186,14908.8856958747,3200.40965243551,778936.340463443,10004.0016006403,300.003600043201,600.014400345608,35149.3496869605,188409.301575787,1607859.74890695,15309.3693340324,0,
136.49801,11205.0198488923,1400.07840439065,772026.835896104,11505.2924345199,200.0016000128,200.0016000128,31740.2466327303,196025.075084155,1629399.70941999,15009.0054032419,0,
136.62417,13106.8679988314,2700.2916314962,713921.31128656,9203.38684635946,200.0016000128,300.003600043201,31339.2367243789,174104.103983147,1561610.18605877,15109.1259120509,0,
136.75052,9503.61137232148,1300.06760351538,770645.379426366,10404.3282005314,300.003600043201,200.0016000128,34848.5091247016,196431.379030925,1673836.59394312,16210.5044068556,0,
136.87675,12005.7627661277,2600.27042812453,799580.602017734,12105.8592358702,200.0016000128,400.006400102402,35550.4816839913,195415.643732792,1681010.3778458,14408.2991803279,0,
137.00302,13907.7326993809,2700.2916314962,762572.135201979,12506.2531265633,200.0016000128,200.0016000128,34547.6757925938,179885.099148316,1624521.82358805,16110.3750815525,0,
137.12921,16110.3750815525,2500.2500250025,793298.69465274,10904.7544729502,400.006400102402,400.006400102402,32442.0448901777,205678.335215357,1698106.35671233,15609.7404780583,0,
137.25543,13307.0793662228,1600.10240655402,775959.484315844,9003.24116682005,900.032401166442,200.0016000128,34246.8496903764,190439.724315828,1642113.29505394,15209.2472223112,0,
137.38169,11405.2007715518,2400.23042212052,781594.828830836,10104.0820491479,200.0016000128,400.006400102402,33745.4889190629,184958.334004932,1655407.42257137,15309.3693340324,0,
137.50798,11505.2924345199,1900.14441097523,844601.579622049,8102.62525058119,500.010000200004,100.0004000016,34848.5091247016,201612.903225806,1680554.78478397,13407.186251831,0,
137.63419,12706.4548790786,2200.1936170383,801497.725339961,10604.4963064339,200.0016000128,100.0004000016,34848.5091247016,193993.75188955,1685795.0445546,15109.1259120509,0,
137.76042,13006.7635170289,1900.14441097523,747819.674629952,9403.53572943427,300.003600043201,200.0016000128,32041.0124959949,190236.667311537,1599253.51854926,14908.8856958747,0,
137.88673,11905.6670975384,1700.11560786133,775853.180740283,8803.09869073914,400.006400102402,100.0004000016,31639.9929510902,202324.259152476,1692291.2662823,17011.567866149,0,
138.013,13707.5117164206,2300.21161946899,759917.568263781,8302.75651516303,400.006400102402,200.0016000128,34347.1242544771,191962.756202261,1646770.41142614,17912.8255831175,0,
138.13934,13407.186251831,2000.16001280102,842250.632618295,8302.75651516303,200.0016000128,400.006400102402,34647.952766629,211270.446340332,1670080.4369626,17111.7044058136,100.0004000016,
138.26558,12506.2531265633,3700.5476810568,806185.226475082,11805.5722300926,300.003600043201,100.0004000016,33043.6175751993,188003.256305061,1665870.24600865,16510.8971921468,0,
138.39187,12005.7627661277,2200.1936170383,785955.936958495,8703.02865397158,0,600.014400345608,33544.9502333126,187698.730942987,1586241.51367171,15809.9919148902,0,
138.51808,11004.8421305374,1500.09000540032,724928.484698812,8602.95941803981,400.006400102402,600.014400345608,29635.0879441258,174611.102607687,1574033.13037858,12806.5569571621,0,
138.64434,14808.7667899396,2500.2500250025,788083.842218188,8302.75651516303,300.003600043201,500.010000200004,36352.7842427204,197345.610823973,1670194.24435872,13407.186251831,100.0004000016,
138.77064,13206.9732818928,2000.16001280102,808636.189076133,8803.09869073914,200.0016000128,400.006400102402,33946.0308177889,198767.881045688,1644271.2685231,16310.634533716,0,
138.89689,13307.0793662228,2100.17641481884,787764.634040675,8502.8909829342,300.003600043201,400.006400102402,33043.6175751993,200901.587455193,1675430.4347455,15910.1188355794,0,
139.02322,11805.5722300926,2300.21161946899,801071.673313023,10104.0820491479,400.006400102402,1100.04840212969,34347.1242544771,197548.782454443,1692747.26025642,16210.5044068556,0,
139.14947,12506.2531265633,1700.11560786133,781382.129583414,8102.62525058119,400.006400102402,400.006400102402,31539.7400724913,188003.256305061,1653929.642155,15009.0054032419,0,
139.27579,11905.6670975384,1500.09000540032,818444.696891459,8002.56081946223,0,900.032401166442,31840.5011174214,210456.894152384,1702668.98517041,12806.5569571621,100.0004000016,
139.40202,11905.6670975384,2300.21161946899,762890.720000659,8803.09869073914,700.019600548815,200.0016000128,32843.0901342561,198767.881045688,1620892.92863897,17211.841747122,0,
139.52831,13106.8679988314,2700.2916314962,789360.75395712,10104.0820491479,700.019600548815,100.0004000016,32742.827618525,192673.56744381,1673608.91794771,14908.8856958747,0,
139.65463,11905.6670975384,2000.16001280102,799048.118320626,8602.95941803981,500.010000200004,500.010000200004,34748.2305439951,181914.147803734,1655180.06107235,13807.6218072376,0,
139.78093,11805.5722300926,1700.11560786133,817058.259806351,7702.37233067785,400.006400102402,0,32341.7855869784,193384.418798699,1634392.88499482,12105.8592358702,0,
139.90714,11605.3848985929,1400.07840439065,781275.781275781,6801.85010322808,300.003600043201,300.003600043201,29033.6790677186,191251.985070656,1604008.90489386,16510.8971921468,0,
140.03345,13106.8679988314,2000.16001280102,828260.662939132,8002.56081946223,400.006400102402,300.003600043201,31840.5011174214,198361.501741711,1730877.79925752,16210.5044068556,0,
140.15968,11805.5722300926,2400.23042212052,815671.971615152,9203.38684635946,600.014400345608,400.006400102402,32742.827618525,197142.442469884,1677479.93853509,17311.9798900839,0,
140.28591,11104.9305891816,1600.10240655402,781275.781275781,9003.24116682005,500.010000200004,0,32141.2693898966,175016.7162111,1584092.92948197,16611.0297237366,0,
140.41226,13106.8679988314,1800.12960933187,782339.303835587,9303.46088745013,600.014400345608,200.0016000128,29835.5639922788,197040.859521458,1664391.30527528,15910.1188355794,0,
140.5386,12906.6598364756,2100.17641481884,807996.762644886,6601.74286011507,500.010000200004,100.0004000016,31439.4879969241,190338.195404476,1669283.81238479,17311.9798900839,0,
140.66484,12906.6598364756,1700.11560786133,798622.147188363,7302.132222609,100.0004000016,100.0004000016,27530.2833116428,196431.379030925,1679757.53436353,16310.634533716,0,
140.79106,12906.6598364756,1700.11560786133,840006.945793867,7902.49718911176,0,400.006400102402,35650.7666917691,193181.314318192,1734422.38676368,17612.3991289868,0,
140.91733,14408.2991803279,1600.10240655402,831142.852419448,8803.09869073914,400.006400102402,400.006400102402,31639.9929510902,206898.220594641,1749869.46063703,15910.1188355794,0,
141.04352,14308.184281409,2000.16001280102,851656.98780629,7001.96054895371,500.010000200004,200.0016000128,30537.255451651,194501.551981296,1699360.92409692,16911.4321281186,100.0004000016,
141.1698,12105.8592358702,2500.2500250025,804160.869331858,9003.24116682005,200.0016000128,100.0004000016,30837.992406645,194603.114456059,1637798.39661764,15309.3693340324,0,
141.29604,13307.0793662228,1900.14441097523,809701.97020941,6601.74286011507,300.003600043201,0,27830.9480141918,196736.115590531,1670308.05272613,15409.4922472243,0,
141.42236,11505.2924345199,2400.23042212052,787658.233070918,6701.7960813498,300.003600043201,300.003600043201,30837.992406645,194095.310270323,1647224.85141507,15609.7404780583,100.0004000016,
141.54864,10104.0820491479,1500.09000540032,834132.46916438,6501.69043951427,100.0004000016,100.0004000016,30837.992406645,198463.095338889,1746435.23511186,14708.648685427,0,
141.6749,13607.4024269202,1300.06760351538,806398.335177631,7202.07419736884,200.0016000128,300.003600043201,33043.6175751993,201104.816435153,1711798.92212549,16611.0297237366,0,
141.80119,10804.6676164103,1700.11560786133,828687.613387939,8102.62525058119,600.014400345608,400.006400102402,31940.756405173,209846.764467427,1740713.48502092,17111.7044058136,0,
141.92738,11905.6670975384,2500.2500250025,834986.772486773,7402.19104855037,300.003600043201,0,35450.1974796312,193079.763305977,1782309.10641361,19014.4509827469,0,
142.05358,13106.8679988314,1900.14441097523,848663.31392271,7902.49718911176,300.003600043201,500.010000200004,29334.3798932349,199479.076368533,1712141.41621363,15009.0054032419,0,
142.17986,12506.2531265633,2100.17641481884,774046.154099929,7602.31110257518,400.006400102402,200.0016000128,30036.0432519023,200901.587455193,1715338.45127977,17912.8255831175,100.0004000016,
142.3061,11805.5722300926,1700.11560786133,849411.66739045,10904.7544729502,400.006400102402,200.0016000128,29534.8511243267,206796.558969788,1735909.10646453,15009.0054032419,0,
142.43232,13607.4024269202,2300.21161946899,827513.533617092,6201.53798141939,600.014400345608,500.010000200004,28432.2990917683,201612.903225806,1736023.47636749,18113.1138944596,100.0004000016,
142.55852,15209.2472223112,2100.17641481884,820364.624861086,9103.31360615264,300.003600043201,300.003600043201,31038.4877247787,207101.546304437,1785752.55107507,17612.3991289868,0,
142.68468,13707.5117164206,2600.27042812453,849625.490625892,6401.6388195378,400.006400102402,200.0016000128,27329.8441898553,206186.606440685,1720706.62374252,15109.1259120509,0,
142.81092,10404.3282005314,1200.05760276493,769264.071048953,8502.8909829342,300.003600043201,100.0004000016,30136.2840860396,200596.750131043,1786441.34626511,20316.4969955604,0,
142.93715,12005.7627661277,1300.06760351538,835627.537058624,6901.90492575951,500.010000200004,200.0016000128,27730.7256440136,208728.270076231,1814137.27122178,17011.567866149,0,
143.06339,15809.9919148902,1300.06760351538,859144.207137951,7102.01697282028,200.0016000128,300.003600043201,29234.1454819229,199885.491720326,1830943.5906242,17412.118834709,0,
143.18968,10804.6676164103,1700.11560786133,805439.373732953,7102.01697282028,400.006400102402,300.003600043201,28031.3951625821,206389.92067045,1795398.90846263,19615.3784567101,100.0004000016,
143.31591,14708.648685427,2800.31363512713,825272.404973328,8402.82334864514,100.0004000016,300.003600043201,31439.4879969241,202730.766283988,1843158.64521505,19515.221873061,0,
143.44219,12706.4548790786,2200.1936170383,816951.616967314,7702.37233067785,100.0004000016,500.010000200004,29234.1454819229,209541.710699333,1780358.21407147,18814.1482394761,100.0004000016,
143.56858,12406.1534521122,1700.11560786133,828367.399228042,9903.92195309342,0,200.0016000128,34748.2305439951,207101.546304437,1692947.03530791,18914.2992102029,0,
143.69483,14107.9568876847,2600.27042812453,814392.453110738,6701.7960813498,500.010000200004,600.014400345608,28532.5270808722,225923.369699024,1843273.93453677,17111.7044058136,0,
143.82114,13407.186251831,2200.1936170383,824098.635661221,9003.24116682005,200.0016000128,0,31138.7365883159,219001.81173309,1932341.64860404,20917.487019148,0,
143.94745,13106.8679988314,2500.2500250025,844922.19644622,8703.02865397158,100.0004000016,800.025600819226,30437.0114058695,213101.13075716,1854692.48154546,20116.1734034163,0,
144.07377,12506.2531265633,2100.17641481884,811514.000165194,9103.31360615264,400.006400102402,300.003600043201,29935.8032206519,218594.779549132,1934314.74793791,20817.3200102485,0,
144.19997,11004.8421305374,2100.17641481884,811514.000165194,10404.3282005314,300.003600043201,400.006400102402,28833.2158646761,195517.21357736,1655772.99642297,19715.5358422437,0,
144.32628,11705.4781637807,1900.14441097523,768626.594047241,9303.46088745013,100.0004000016,100.0004000016,27730.7256440136,195618.784240846,1789082.0560299,20717.1538033492,0,
144.45251,11505.2924345199,1400.07840439065,805119.735755574,7302.132222609,100.0004000016,300.003600043201,25325.6295370915,199580.678977502,1848924.32469586,21318.1630749398,0,
144.57883,12005.7627661277,2000.16001280102,791489.221220825,10604.4963064339,200.0016000128,300.003600043201,30136.2840860396,209440.027750552,1859770.51012076,18613.8487034354,0,
144.70512,11104.9305891816,1400.07840439065,802030.310161046,8903.16952835209,300.003600043201,400.006400102402,29133.9118734207,207508.207564672,1880217.45020709,18914.2992102029,0,
144.83136,9803.84310649775,1700.11560786133,791063.499661621,10204.1632986258,200.0016000128,600.014400345608,29434.6151073663,214220.013232423,1867737.65051307,21217.9928579435,0,
144.95758,9903.92195309342,2100.17641481884,766077.001405797,8703.02865397158,1000.04000160006,500.010000200004,26828.7604311822,224599.836948187,1988397.148298,22119.5536854579,0,
145.08378,12005.7627661277,2300.21161946899,817164.903526418,11104.9305891816,100.0004000016,400.006400102402,27029.191526849,211880.644940076,1870972.04129101,21117.8234429859,100.0004000016,
145.20993,11905.6670975384,1300.06760351538,793937.39295516,8002.56081946223,100.0004000016,100.0004000016,27430.063349431,219103.571832077,1978727.81269425,22119.5536854579,0,
145.33625,13707.5117164206,1700.11560786133,795108.421999719,10604.4963064339,500.010000200004,400.006400102402,31238.986254846,227654.352880393,1873034.60146163,21017.6548300572,0,
145.46248,12205.9565067753,1900.14441097523,787764.634040675,9503.61137232148,300.003600043201,100.0004000016,28332.0719053969,216356.337374675,1905443.50933081,18613.8487034354,0,
145.58878,10804.6676164103,2300.21161946899,779361.661758276,8602.95941803981,400.006400102402,100.0004000016,29033.6790677186,214016.572668813,1953829.16878703,25225.4272306485,0,
145.71509,10604.4963064339,1600.10240655402,808209.901268112,9203.38684635946,600.014400345608,0,27931.1711870447,219205.332752283,1911931.24324511,21718.8519635043,100.0004000016,
145.8414,12306.0545788528,1600.10240655402,782126.592304138,10004.0016006403,500.010000200004,100.0004000016,26928.9755777216,214016.572668813,1996207.57276018,21318.1630749398,0,
145.96772,11705.4781637807,2200.1936170383,772451.929222662,9403.53572943427,400.006400102402,200.0016000128,27229.6258329062,221444.280785295,2016746.05987775,24023.0621396541,0,
146.09393,12406.1534521122,1400.07840439065,787019.845690473,9103.31360615264,400.006400102402,100.0004000016,31339.2367243789,224294.426036315,1956154.19782798,21418.3340939844,0,
146.22016,12005.7627661277,1700.11560786133,797557.280896186,8202.69048247825,200.0016000128,0,31038.4877247787,223480.033093206,2058151.2139369,23321.7358578195,0,
146.34638,14007.84439286,2400.23042212052,802349.871607507,9903.92195309342,400.006400102402,100.0004000016,27931.1711870447,227247.041348467,1957433.13478285,22119.5536854579,0,
146.47269,11805.5722300926,1900.14441097523,772558.20474545,9703.76506084361,200.0016000128,400.006400102402,29334.3798932349,229080.046825173,2034509.01006116,23121.3641404658,0,
146.59896,10104.0820491479,2000.16001280102,791914.956834651,11605.3848985929,200.0016000128,300.003600043201,24524.0335528818,220528.299450394,1930484.87799413,22620.4488857928,0,
146.7252,9903.92195309342,2100.17641481884,748137.894667458,8302.75651516303,700.019600548815,100.0004000016,27630.5040765005,212795.998225019,1999123.06848274,19815.6940296715,0,
146.85152,10404.3282005314,1400.07840439065,792979.357362761,9303.46088745013,600.014400345608,300.003600043201,32542.3049964954,226839.742968775,2033807.39817987,23922.8702639724,0,
146.97779,12105.8592358702,2100.17641481884,800965.162504799,8903.16952835209,300.003600043201,200.0016000128,31639.9929510902,233052.472637278,1905327.68536695,23321.7358578195,0,
147.10405,13206.9732818928,3200.40965243551,789467.168976715,8502.8909829342,100.0004000016,200.0016000128,31539.7400724913,226737.920428814,2036497.10817627,20216.3347985172,0,
147.23036,11905.6670975384,1900.14441097523,747183.258151558,9103.31360615264,100.0004000016,500.010000200004,30938.239664225,234275.009185276,1997140.46288217,22019.3770518056,0,
147.3566,12606.3536022155,2000.16001280102,790850.644152286,9903.92195309342,100.0004000016,700.019600548815,31339.2367243789,230302.198467612,1855686.71664865,24724.4277346018,0,
147.48295,13307.0793662228,2000.16001280102,795640.743079545,10104.0820491479,500.010000200004,400.006400102402,32642.5659059413,227145.215520547,1997140.46288217,23622.2994506814,100.0004000016,
147.60919,13006.7635170289,2500.2500250025,758855.894656583,9403.53572943427,300.003600043201,300.003600043201,32141.2693898966,238554.820160154,2002972.48721139,22019.3770518056,0,
147.7355,12606.3536022155,1900.14441097523,771176.691310784,9403.53572943427,500.010000200004,300.003600043201,29635.0879441258,230404.049782615,2031001.3147879,22820.8125810739,0,
147.86173,11605.3848985929,1700.11560786133,756202.093464106,8402.82334864514,800.025600819226,500.010000200004,31840.5011174214,220324.757077832,1933270.1299261,24724.4277346018,100.0004000016,
147.988,10404.3282005314,1600.10240655402,746546.873133375,7302.132222609,100.0004000016,200.0016000128,31639.9929510902,231422.608162062,1986998.74348534,25726.4467872973,0,
148.11424,10704.5815609081,1500.09000540032,776172.094097463,9603.68781612139,600.014400345608,600.014400345608,33544.9502333126,220935.394051895,1779686.45937277,23522.1107841371,0,
148.24043,11705.4781637807,1900.14441097523,784466.612209873,7902.49718911176,200.0016000128,500.010000200004,32141.2693898966,226432.45774068,2016862.84511341,21117.8234429859,0,
148.36667,12506.2531265633,1500.09000540032,762253.558282461,8803.09869073914,200.0016000128,300.003600043201,29735.3255667733,227552.523764355,1967785.36231759,23622.2994506814,0,
148.49285,10704.5815609081,2100.17641481884,736368.989528386,8102.62525058119,400.006400102402,200.0016000128,30036.0432519023,220833.619169448,1871203.09900211,22720.6303323418,0,
148.619,10904.7544729502,2300.21161946899,756202.093464106,7402.19104855037,600.014400345608,500.010000200004,29334.3798932349,216051.126047979,1940351.90565273,23421.922919853,0,
148.74523,11205.0198488923,2600.27042812453,767351.734658119,8703.02865397158,300.003600043201,700.019600548815,32141.2693898966,221546.060596278,1937449.08822122,22820.8125810739,0,
148.87152,10504.4118529783,1800.12960933187,772770.75842048,8602.95941803981,300.003600043201,900.032401166442,29635.0879441258,226737.920428814,1973488.29782184,22219.7311212357,0,
148.99781,14208.0701838644,2000.16001280102,814455.304191489,7702.37233067785,500.010000200004,400.006400102402,34547.6757925938,228570.851918381,1948250.73514828,26227.4864057532,0,
149.12413,12606.3536022155,1600.10240655402,753230.485232068,10904.7544729502,300.003600043201,400.006400102402,32843.0901342561,228163.510791599,1856512.80640165,20917.487019148,100.0004000016,
149.25037,13006.7635170289,2500.2500250025,797237.838150194,8202.69048247825,300.003600043201,300.003600043201,35751.0525029742,222563.903887907,1995624.54917307,28432.2990917683,0,
149.37664,13507.2939387269,1600.10240655402,788403.058298295,9503.61137232148,300.003600043201,600.014400345608,31138.7365883159,231015.174941767,2128296.33513823,22119.5536854579,0,
149.50292,10504.4118529783,2200.1936170383,776916.255954468,8903.16952835209,700.019600548815,200.0016000128,31840.5011174214,226432.45774068,1779686.45937277,23021.1794851263,0,
149.62921,10604.4963064339,2100.17641481884,754928.463110701,8002.56081946223,100.0004000016,0,35049.0686961746,219103.571832077,1873051.70375148,25526.0365572884,0,
149.7555,10704.5815609081,2400.23042212052,730753.396459448,7402.19104855037,300.003600043201,300.003600043201,31940.756405173,212795.998225019,1857692.9026935,24724.4277346018,0,
149.88174,12506.2531265633,1700.11560786133,785743.165746631,8502.8909829342,100.0004000016,600.014400345608,29033.6790677186,207406.541019509,1846041.17538411,24624.2302425587,0,
150.00807,14208.0701838644,2200.1936170383,788935.102660593,5801.34591225164,200.0016000128,300.003600043201,33444.6820952793,223072.856341484,1910193.15060236,25626.2412710616,100.0004000016,
150.13435,13507.2939387269,1900.14441097523,791169.928733839,8602.95941803981,300.003600043201,300.003600043201,33845.7594667991,215949.390580935,1887387.01919975,22620.4488857928,100.0004000016,
150.26061,10504.4118529783,3000.36004320518,732978.149613594,7102.01697282028,600.014400345608,800.025600819226,33043.6175751993,226839.742968775,1858847.08936046,22720.6303323418,100.0004000016,
150.3869,13807.6218072376,1700.11560786133,799236.366159287,7202.07419736884,600.014400345608,300.003600043201,30036.0432519023,222767.482404597,1861732.9900762,21318.1630749398,0,
150.5131,15709.8657957197,2200.1936170383,816205.141761946,8402.82334864514,600.014400345608,200.0016000128,33444.6820952793,220426.527853439,1962084.83781767,23522.1107841371,0,
150.63929,14508.4148806308,2200.1936170383,793405.142173249,8402.82334864514,500.010000200004,1000.04000160006,31138.7365883159,206389.92067045,1759860.3053008,23021.1794851263,0,
150.76558,12506.2531265633,2900.33643902693,766714.352266028,9503.61137232148,200.0016000128,400.006400102402,32542.3049964954,217882.504841833,1854692.48154546,22319.9093591484,0,
150.89181,12506.2531265633,2400.23042212052,758643.570436496,10004.0016006403,300.003600043201,0,30537.255451651,211778.943122227,1839124.14275838,24824.6260290208,0,
151.01808,12706.4548790786,1800.12960933187,794789.039897316,9303.46088745013,300.003600043201,300.003600043201,27530.2833116428,213914.853618096,1882761.05311603,23922.8702639724,0,
151.14423,11705.4781637807,2200.1936170383,775321.676014517,8803.09869073914,400.006400102402,200.0016000128,29234.1454819229,211270.446340332,1799420.27494061,22720.6303323418,0,
151.27039,15709.8657957197,3500.49006860961,806398.335177631,9603.68781612139,600.014400345608,400.006400102402,31740.2466327303,208118.224057821,1846733.0747456,24323.6425805883,0,
151.39662,13507.2939387269,2200.1936170383,814499.074808353,7902.49718911176,400.006400102402,300.003600043201,37054.8411649241,214525.180233426,1892824.5641211,24123.2548176442,0,
151.52289,14508.4148806308,1700.11560786133,774577.606222189,8302.75651516303,200.0016000128,0,31439.4879969241,211168.749445354,1776686.71704968,22319.9093591484,0,
151.64922,11705.4781637807,1800.12960933187,789999.257248021,8402.82334864514,200.0016000128,100.0004000016,33544.9502333126,211778.943122227,1794594.77998422,21618.6785382571,0,
151.77553,12005.7627661277,2100.17641481884,768626.594047241,7802.43435952017,200.0016000128,300.003600043201,30537.255451651,210761.970069783,1775195.45892685,21117.8234429859,0,
151.90176,12105.8592358702,2100.17641481884,802030.310161046,8002.56081946223,400.006400102402,100.0004000016,32843.0901342561,218289.514033474,1859655.07905334,22820.8125810739,100.0004000016,
152.02804,12105.8592358702,2100.17641481884,809062.490966828,9403.53572943427,300.003600043201,300.003600043201,34347.1242544771,210761.970069783,1860463.11736088,22920.9956319989,0,
152.1542,12406.1534521122,2600.27042812453,842464.337399214,9403.53572943427,300.003600043201,100.0004000016,31840.5011174214,215033.80831733,1846848.39477324,24423.8376655616,0,
152.28052,13106.8679988314,2200.1936170383,796598.976390953,10004.0016006403,600.014400345608,100.0004000016,31539.7400724913,211168.749445354,1819084.88991302,22620.4488857928,0,
152.40684,12205.9565067753,1800.12960933187,783083.821836828,7802.43435952017,400.006400102402,600.014400345608,29234.1454819229,203137.286529427,1703011.2451721,24824.6260290208,0,
152.53312,12105.8592358702,1800.12960933187,778511.033202722,7902.49718911176,600.014400345608,200.0016000128,27630.5040765005,207304.875294421,1794020.43204822,21217.9928579435,0,
152.65942,11104.9305891816,2300.21161946899,802775.96584951,7802.43435952017,400.006400102402,100.0004000016,26828.7604311822,220426.527853439,1820696.13653236,25325.6295370915,0,
152.78568,12105.8592358702,2500.2500250025,807250.805186225,8002.56081946223,300.003600043201,300.003600043201,29735.3255667733,203238.918639912,1781338.63887877,22319.9093591484,0,
152.91199,13707.5117164206,1700.11560786133,823778.535275282,9103.31360615264,400.006400102402,500.010000200004,26227.4864057532,213202.843242458,1727642.80493385,20416.6599945556,0,
153.0382,12706.4548790786,3200.40965243551,770220.345692044,8703.02865397158,200.0016000128,500.010000200004,34146.5759295679,206898.220594641,1731449.4433443,20316.4969955604,200.0016000128,
153.16443,15209.2472223112,3900.60849492521,779148.999356552,8502.8909829342,100.0004000016,300.003600043201,33444.6820952793,214932.081058946,1766136.76853501,21017.6548300572,0,
153.29067,12406.1534521122,2600.27042812453,814712.320845896,8102.62525058119,300.003600043201,100.0004000016,27229.6258329062,201104.816435153,1715338.45127977,21418.3340939844,0,
153.41688,11004.8421305374,2600.27042812453,785104.87317854,8402.82334864514,200.0016000128,300.003600043201,27329.8441898553,198259.908963727,1734879.82136823,21518.505915087,0,
153.54317,12005.7627661277,2200.1936170383,771708.025103705,7502.25067520256,300.003600043201,100.0004000016,29835.5639922788,201612.903225806,1723220.12664668,19415.0660912868,100.0004000016,
153.66943,11805.5722300926,2700.2916314962,769264.071048953,6301.58800017604,100.0004000016,700.019600548815,30036.0432519023,197853.546043534,1717850.94431572,21919.201220269,0,
153.7956,13307.0793662228,2400.23042212052,819404.625184867,8602.95941803981,400.006400102402,400.006400102402,27029.191526849,208016.552591989,1782423.87363838,20516.8237955123,100.0004000016,
153.92196,12306.0545788528,2400.23042212052,748045.392778245,7602.31110257518,300.003600043201,400.006400102402,30938.239664225,213101.13075716,1754335.27248755,19114.6035571176,0,
154.04816,13407.186251831,1600.10240655402,819511.288290335,9603.68781612139,700.019600548815,300.003600043201,28632.7558727184,202222.634418575,1768947.29258379,22920.9956319989,0,
154.17435,21117.8234429859,2800.31363512713,806824.563142074,6601.74286011507,700.019600548815,400.006400102402,28332.0719053969,207101.546304437,1771181.358691,27029.191526849,0,
154.30064,12005.7627661277,1800.12960933187,823565.139426593,9303.46088745013,300.003600043201,300.003600043201,26528.1198069954,191658.135091778,1732821.48891123,20116.1734034163,100.0004000016,
154.4269,11205.0198488923,2100.17641481884,761189.021078783,7702.37233067785,100.0004000016,600.014400345608,28432.2990917683,195212.506500365,1667121.78554514,17712.5404786589,0,
154.55308,12105.8592358702,2400.23042212052,787551.832979184,9703.76506084361,300.003600043201,100.0004000016,24223.4482979524,195517.21357736,1645747.97812064,19615.3784567101,0,
154.6793,10904.7544729502,1900.14441097523,768201.626901178,7902.49718911176,500.010000200004,400.006400102402,23121.3641404658,195821.928024607,1765449.01717271,20416.6599945556,0,
154.80546,12406.1534521122,1700.11560786133,826232.8410509,9003.24116682005,500.010000200004,200.0016000128,25926.8602271954,209643.394468399,1812871.89453318,18313.4054127621,100.0004000016,
154.93178,12706.4548790786,1600.10240655402,861177.20078618,8602.95941803981,400.006400102402,300.003600043201,30136.2840860396,201206.43215432,1683033.95827192,17812.6826300326,0,
155.0581,9103.31360615264,1900.14441097523,808209.901268112,7902.49718911176,200.0016000128,500.010000200004,25926.8602271954,197548.782454443,1830482.86283399,18914.2992102029,0,
155.18432,9203.38684635946,1800.12960933187,802775.96584951,9903.92195309342,400.006400102402,200.0016000128,23221.549598027,211982.34757844,1770034.69396496,18413.5523745477,0,
155.3106,9203.38684635946,1900.14441097523,807037.682404142,7202.07419736884,300.003600043201,200.0016000128,25726.4467872973,209134.983825819,1786441.34626511,16811.2971917128,0,
155.43687,10904.7544729502,1700.11560786133,805759.019628893,10104.0820491479,600.014400345608,300.003600043201,27830.9480141918,197751.957361372,1776801.43609341,15609.7404780583,0,
155.56315,8602.95941803981,2100.17641481884,798089.703053668,7602.31110257518,100.0004000016,200.0016000128,24824.6260290208,195110.939112487,1772672.16970019,16510.8971921468,0,
155.68944,9903.92195309342,1300.06760351538,818444.696891459,8302.75651516303,700.019600548815,100.0004000016,28231.8455217485,197040.859521458,1820120.66908691,15910.1188355794,100.0004000016,
155.8156,11905.6670975384,2000.16001280102,830288.803293052,8102.62525058119,100.0004000016,100.0004000016,24724.4277346018,206898.220594641,1771525.37726434,14708.648685427,0,
155.94178,10204.1632986258,1800.12960933187,800645.635356379,7802.43435952017,400.006400102402,200.0016000128,24023.0621396541,204865.143889534,1718764.69532058,15209.2472223112,0,
156.06811,11104.9305891816,1900.14441097523,810341.481141932,8803.09869073914,200.0016000128,200.0016000128,25425.8326459683,190135.140036999,1763042.16570819,15509.6159618964,0,
156.19446,10004.0016006403,2400.23042212052,792127.829912265,7702.37233067785,200.0016000128,400.006400102402,26327.6967369673,203950.366364623,1793790.69976807,15609.7404780583,0,
156.32069,10804.6676164103,1100.04840212969,806185.226475082,7502.25067520256,300.003600043201,200.0016000128,25726.4467872973,191353.521348161,1703467.60548938,16110.3750815525,0,
156.44685,10004.0016006403,2700.2916314962,755246.858890093,10204.1632986258,400.006400102402,200.0016000128,24524.0335528818,202019.387409474,1818049.19073855,16611.0297237366,200.0016000128,
156.57302,9103.31360615264,2500.2500250025,818444.696891459,8502.8909829342,0,300.003600043201,27129.408278574,202019.387409474,1810686.52516344,17712.5404786589,100.0004000016,
156.69931,10704.5815609081,1800.12960933187,797770.247122001,8602.95941803981,200.0016000128,300.003600043201,22219.7311212357,204255.284828248,1710429.03359531,17011.567866149,0,
156.82561,9903.92195309342,1800.12960933187,769689.073239518,7502.25067520256,200.0016000128,200.0016000128,24123.2548176442,191353.521348161,1743459.61951545,14908.8856958747,0,
156.95188,11705.4781637807,1600.10240655402,777022.568298799,7602.31110257518,0,300.003600043201,24624.2302425587,196939.277392097,1735566.0026265,16510.8971921468,100.0004000016,
157.07809,9203.38684635946,1700.11560786133,790637.792156345,7102.01697282028,400.006400102402,300.003600043201,25025.025025025,206999.883039521,1775998.42342921,18613.8487034354,0,
157.20432,10104.0820491479,1800.12960933187,810767.8393703,7902.49718911176,700.019600548815,300.003600043201,23421.922919853,206999.883039521,1797926.4836404,18513.7001381022,0,
157.33055,9803.84310649775,1700.11560786133,771389.222198856,8803.09869073914,200.0016000128,500.010000200004,27830.9480141918,204052.005032745,1763844.40143197,15409.4922472243,100.0004000016,
157.45671,10404.3282005314,2000.16001280102,784147.49357459,7502.25067520256,0,100.0004000016,24023.0621396541,192876.663737575,1796088.19986023,15109.1259120509,0,
157.58299,9703.76506084361,2100.17641481884,782020.237854606,7402.19104855037,200.0016000128,400.006400102402,25225.4272306485,193282.866149096,1772786.85434747,16210.5044068556,0,
157.70929,8803.09869073914,1200.05760276493,768307.867373612,7402.19104855037,200.0016000128,300.003600043201,23221.549598027,206186.606440685,1778866.54698299,17311.9798900839,0,
157.83557,10904.7544729502,1200.05760276493,796918.403315214,8402.82334864514,700.019600548815,100.0004000016,20717.1538033492,188510.814939004,1804132.55394064,17512.2585810067,100.0004000016,
157.96186,11205.0198488923,1500.09000540032,782552.018876953,8703.02865397158,300.003600043201,400.006400102402,25726.4467872973,207508.207564672,1609511.97025504,15509.6159618964,0,
158.08813,10904.7544729502,1400.07840439065,773833.579387531,6001.44034568296,200.0016000128,200.0016000128,22420.0883992057,192470.474424604,1741972.05998759,13006.7635170289,0,
158.21441,11905.6670975384,1900.14441097523,737216.839140336,7402.19104855037,0,300.003600043201,24524.0335528818,194095.310270323,1704266.27357987,14508.4148806308,0,
158.34068,8703.02865397158,1900.14441097523,766077.001405797,6001.44034568296,300.003600043201,300.003600043201,27430.063349431,192470.474424604,1775080.75364355,14508.4148806308,0,
158.46693,9403.53572943427,1800.12960933187,778298.384834936,6201.53798141939,200.0016000128,100.0004000016,27931.1711870447,199682.282405783,1762354.57336525,14908.8856958747,0,
158.59313,9203.38684635946,1500.09000540032,748031.820447645,6001.44034568296,0,100.0004000016,23822.6791905894,188104.766395441,1725162.70279053,16110.3750815525,0,
158.71944,11104.9305891816,2400.23042212052,747077.191797187,6401.6388195378,200.0016000128,100.0004000016,25826.6531060054,204560.210669796,1761667.01635245,14908.8856958747,0,
158.84567,9203.38684635946,1000.04000160006,779786.997087915,5601.25468104855,400.006400102402,100.0004000016,24423.8376655616,202527.511079031,1737739.14233889,12706.4548790786,0,
158.97192,9003.24116682005,1400.07840439065,764908.60671619,5501.21026625858,700.019600548815,200.0016000128,27329.8441898553,203543.819889427,1837741.1639421,15209.2472223112,0,
159.09813,8402.82334864514,700.019600548815,768201.626901178,6401.6388195378,100.0004000016,100.0004000016,23722.4889194957,212185.755316746,1878136.67855039,14208.0701838644,0,
159.22437,9703.76506084361,1900.14441097523,803521.66463679,5301.12383825371,100.0004000016,200.0016000128,24423.8376655616,201612.903225806,1841429.42421913,15910.1188355794,0,
159.35073,9103.31360615264,1600.10240655402,762147.367726831,6301.58800017604,200.0016000128,300.003600043201,25225.4272306485,204966.789935758,1760062.85403563,14708.648685427,0,
159.477,11705.4781637807,1300.06760351538,767564.202462967,6101.48876325823,400.006400102402,800.025600819226,24123.2548176442,207203.210389401,1812756.86621078,18914.2992102029,0,
159.60323,10304.2453490838,1600.10240655402,739972.736220878,8102.62525058119,300.003600043201,100.0004000016,25225.4272306485,193790.637584298,1595468.44445406,13707.5117164206,100.0004000016,
159.72943,8402.82334864514,1400.07840439065,743895.607473556,4800.92177698118,400.006400102402,100.0004000016,28031.3951625821,205068.43680182,1802178.48106694,14608.5313823273,0,
159.85566,9303.46088745013,1700.11560786133,773514.723893492,7102.01697282028,400.006400102402,200.0016000128,27931.1711870447,198564.689755272,1761896.19809798,13307.0793662228,0,
159.98184,11705.4781637807,1400.07840439065,749410.853479672,5101.04061228491,500.010000200004,200.0016000128,26427.9078707115,193384.418798699,1737853.52789935,14107.9568876847,0,
160.10813,8803.09869073914,1300.06760351538,747395.393481995,4500.81014582625,100.0004000016,100.0004000016,27630.5040765005,197040.859521458,1700387.47602305,15009.0054032419,0,
160.23437,9003.24116682005,1600.10240655402,751638.834295415,6001.44034568296,200.0016000128,200.0016000128,25526.0365572884,201917.765134256,1800454.53570893,12506.2531265633,0,
160.3606,6701.7960813498,1200.05760276493,751957.148743305,4900.9605882753,300.003600043201,700.019600548815,27730.7256440136,210660.277276926,1762010.79044275,13607.4024269202,0,
160.48693,10804.6676164103,2000.16001280102,740608.796286763,4100.67251029169,200.0016000128,500.010000200004,25526.0365572884,198259.908963727,1732707.14640114,15209.2472223112,0,
160.61318,8903.16952835209,1800.12960933187,732872.200263505,7502.25067520256,400.006400102402,400.006400102402,24624.2302425587,200698.361753001,1773016.22658967,13006.7635170289,0,
160.73938,8903.16952835209,1100.04840212969,752593.801247662,5801.34591225164,100.0004000016,400.006400102402,27229.6258329062,195009.372543487,1743802.92598599,14708.648685427,0,
160.86561,9803.84310649775,1100.04840212969,738276.729715149,6901.90492575951,400.006400102402,300.003600043201,24023.0621396541,192572.020524892,1636209.04949221,12005.7627661277,0,
160.9919,10004.0016006403,1200.05760276493,721011.391321525,4900.9605882753,500.010000200004,400.006400102402,26928.9755777216,190744.315960453,1686934.50385786,13707.5117164206,0,
161.1182,7402.19104855037,1600.10240655402,739972.736220878,6201.53798141939,300.003600043201,200.0016000128,27229.6258329062,194603.114456059,1706548.44567888,14208.0701838644,0,
161.24434,9003.24116682005,1300.06760351538,747077.191797187,3900.60849492521,200.0016000128,200.0016000128,26327.6967369673,195415.643732792,1686820.55354871,11605.3848985929,0,
161.37065,8502.8909829342,1300.06760351538,720482.145870114,4200.70571856072,300.003600043201,400.006400102402,23922.8702639724,188815.359938096,1622480.44845036,12806.5569571621,0,
161.49692,8402.82334864514,2200.1936170383,719635.398448592,5801.34591225164,700.019600548815,300.003600043201,24123.2548176442,195009.372543487,1670535.67237487,11605.3848985929,0,
161.6232,8402.82334864514,1700.11560786133,717730.420577476,5301.12383825371,600.014400345608,100.0004000016,29735.3255667733,176233.635448137,1673267.41124204,12606.3536022155,0,
161.74935,9603.68781612139,1500.09000540032,728105.382319646,6501.69043951427,600.014400345608,200.0016000128,29635.0879441258,185668.750025186,1647565.69157894,12606.3536022155,0,
161.87559,9203.38684635946,1700.11560786133,714873.482822465,4600.84655576626,200.0016000128,200.0016000128,24724.4277346018,182725.858831683,1657112.7574544,12205.9565067753,0,
162.00187,8202.69048247825,1300.06760351538,751851.043052975,4100.67251029169,0,600.014400345608,30737.7459520291,204153.644520617,1719678.50882818,10304.2453490838,0,
162.12816,8302.75651516303,1200.05760276493,808316.471899905,5101.04061228491,500.010000200004,400.006400102402,29534.8511243267,190947.38114911,1719906.97197189,13407.186251831,0,
162.25445,8102.62525058119,1000.04000160006,754503.947650365,6401.6388195378,400.006400102402,200.0016000128,26027.0681508769,189932.087943091,1589685.81618307,10604.4963064339,0,
162.38064,10104.0820491479,1400.07840439065,738594.713910372,6101.48876325823,200.0016000128,300.003600043201,26828.7604311822,194399.99032535,1688871.80801093,9103.31360615264,0,
162.50688,8402.82334864514,1000.04000160006,773089.595506823,5401.16665199683,400.006400102402,300.003600043201,26528.1198069954,187089.702308749,1569514.35178887,9903.92195309342,0,
162.63304,8602.95941803981,1300.06760351538,786487.880350696,4600.84655576626,300.003600043201,200.0016000128,28131.6199408135,199783.886653388,1689555.62957459,13407.186251831,0,
162.75935,6701.7960813498,1200.05760276493,756095.952790106,5801.34591225164,200.0016000128,100.0004000016,27931.1711870447,188307.789030794,1637911.92867007,12005.7627661277,0,
162.8856,7402.19104855037,1400.07840439065,748137.894667458,5801.34591225164,500.010000200004,100.0004000016,21919.201220269,191150.449611653,1578214.36924582,10504.4118529783,0,
163.01183,7602.31110257518,1800.12960933187,744850.000205959,5701.29989637637,200.0016000128,300.003600043201,29835.5639922788,178262.095637111,1547281.77072493,11405.2007715518,100.0004000016,
163.13806,6801.85010322808,1300.06760351538,749410.853479672,4500.81014582625,300.003600043201,400.006400102402,27630.5040765005,190642.784593806,1581153.32434536,9503.61137232148,0,
163.26434,9703.76506084361,1200.05760276493,785849.550913644,4600.84655576626,300.003600043201,500.010000200004,26427.9078707115,188409.301575787,1633484.89561805,10404.3282005314,100.0004000016,
163.39057,8302.75651516303,900.032401166442,762041.178046619,6201.53798141939,300.003600043201,400.006400102402,24924.8251258253,197853.546043534,1586015.33055988,11104.9305891816,100.0004000016,
163.51686,8803.09869073914,1600.10240655402,732130.579240552,6001.44034568296,300.003600043201,300.003600043201,27630.5040765005,175929.394609531,1519683.97023006,11004.8421305374,0,
163.64317,6901.90492575951,1400.07840439065,727046.32926503,5401.16665199683,500.010000200004,400.006400102402,23522.1107841371,181203.943577987,1541306.76654691,11705.4781637807,100.0004000016,
163.76949,8302.75651516303,1100.04840212969,767989.14858441,6301.58800017604,300.003600043201,400.006400102402,29534.8511243267,186277.709942736,1622820.65590111,10404.3282005314,0,
163.89579,9603.68781612139,1200.05760276493,777022.568298799,5501.21026625858,400.006400102402,300.003600043201,33845.7594667991,191658.135091778,1572677.33541947,10304.2453490838,200.0016000128,
164.02207,9403.53572943427,1900.14441097523,734567.494564859,6801.85010322808,300.003600043201,300.003600043201,32041.0124959949,191048.914971141,1535447.11166965,10704.5815609081,0,
164.14836,10804.6676164103,2400.23042212052,780956.741617064,7102.01697282028,0,400.006400102402,33244.1482288479,185059.819554083,1612164.95284324,10604.4963064339,0,
164.2746,13206.9732818928,1700.11560786133,778192.061966649,5701.29989637637,400.006400102402,300.003600043201,36352.7842427204,184653.882264765,1590426.59553196,10604.4963064339,0,
164.40092,10204.1632986258,1900.14441097523,773727.293346255,4900.9605882753,800.025600819226,400.006400102402,33444.6820952793,182319.996776663,1526887.65332541,11805.5722300926,400.006400102402,
164.52712,9703.76506084361,1500.09000540032,786594.271662802,5101.04061228491,400.006400102402,400.006400102402,33244.1482288479,187191.205035826,1561045.78274339,10304.2453490838,200.0016000128,
164.65327,10504.4118529783,1500.09000540032,797237.838150194,5201.0818250196,300.003600043201,700.019600548815,34447.3996218797,185465.769929763,1573129.25170068,11305.1099096792,0,
164.77946,9803.84310649775,2000.16001280102,789999.257248021,5901.39272868397,300.003600043201,1000.04000160006,29434.6151073663,182624.392091447,1579005.56245428,9803.84310649775,300.003600043201,
164.90575,11905.6670975384,1800.12960933187,812153.600898676,5401.16665199683,1000.04000160006,200.0016000128,36352.7842427204,181406.8549833,1533532.01642107,11104.9305891816,100.0004000016,
165.03202,9303.46088745013,2000.16001280102,771920.564755559,5101.04061228491,0,0,31138.7365883159,178566.39285815,1547845.58923474,9603.68781612139,200.0016000128,
165.15825,10104.0820491479,1700.11560786133,819724.617145123,5101.04061228491,400.006400102402,300.003600043201,35751.0525029742,188916.876574307,1580701.13510226,12706.4548790786,0,
165.28441,11104.9305891816,1400.07840439065,802882.491608903,5701.29989637637,200.0016000128,400.006400102402,30236.5257230735,177856.377450309,1502590.89328573,11104.9305891816,0,
165.41057,9303.46088745013,1300.06760351538,800219.611469333,4800.92177698118,400.006400102402,300.003600043201,29434.6151073663,180798.130577547,1582170.80639673,11605.3848985929,0,
165.5368,10004.0016006403,1600.10240655402,839152.310433643,5201.0818250196,300.003600043201,100.0004000016,26327.6967369673,184755.365360283,1638138.99567823,10504.4118529783,0,
165.66308,8903.16952835209,1900.14441097523,865244.147212554,6201.53798141939,200.0016000128,100.0004000016,28833.2158646761,191353.521348161,1558111.27211228,11004.8421305374,0,
165.7894,8803.09869073914,1600.10240655402,776278.400303541,6101.48876325823,400.006400102402,200.0016000128,29735.3255667733,174002.706708771,1512596.66492744,9303.46088745013,0,
165.91571,8903.16952835209,1400.07840439065,801071.673313023,4800.92177698118,300.003600043201,400.006400102402,28632.7558727184,177450.672338643,1557095.63103908,10404.3282005314,0,
166.04199,10304.2453490838,800.025600819226,819617.952277084,5301.12383825371,200.0016000128,200.0016000128,28332.0719053969,177044.98030148,1531054.06816571,8703.02865397158,100.0004000016,
166.16828,9203.38684635946,1100.04840212969,800113.107695864,5701.29989637637,400.006400102402,100.0004000016,25626.2412710616,181001.035442763,1505850.37129395,10404.3282005314,200.0016000128,
166.29449,10504.4118529783,1200.05760276493,798409.166897132,4900.9605882753,300.003600043201,500.010000200004,31138.7365883159,177146.402085071,1551905.78958995,8002.56081946223,0,
166.4207,9403.53572943427,1600.10240655402,810874.431128328,5301.12383825371,300.003600043201,100.0004000016,27029.191526849,175827.982630693,1510235.07155643,10604.4963064339,100.0004000016,
166.54701,7001.96054895371,1200.05760276493,808849.338261103,5101.04061228491,100.0004000016,0,24724.4277346018,169339.314910719,1513946.33577262,7102.01697282028,100.0004000016,
166.67329,6301.58800017604,2500.2500250025,791063.499661621,4600.84655576626,700.019600548815,200.0016000128,25425.8326459683,177754.949946623,1594273.50827401,9303.46088745013,200.0016000128,
166.79958,8102.62525058119,1900.14441097523,832744.346762227,4200.70571856072,500.010000200004,800.025600819226,28031.3951625821,175726.571468853,1515971.09971278,8502.8909829342,100.0004000016,
166.92579,9403.53572943427,1500.09000540032,818444.696891459,4200.70571856072,400.006400102402,400.006400102402,27830.9480141918,171670.794820677,1437010.12220244,8102.62525058119,0,
167.05207,8502.8909829342,1500.09000540032,765333.465251841,5501.21026625858,200.0016000128,300.003600043201,26327.6967369673,163360.536603631,1454354.59840173,8703.02865397158,0,
167.17836,8102.62525058119,2500.2500250025,797024.880714557,4600.84655576626,300.003600043201,300.003600043201,26828.7604311822,180189.435601162,1502590.89328573,9103.31360615264,300.003600043201,
167.3046,11004.8421305374,1400.07840439065,812153.600898676,4100.67251029169,300.003600043201,200.0016000128,22820.8125810739,173090.167995135,1515971.09971278,9603.68781612139,0,
167.43084,9103.31360615264,1200.05760276493,817271.548127525,4100.67251029169,300.003600043201,300.003600043201,22219.7311212357,177957.805771191,1570079.11506757,8602.95941803981,100.0004000016,
167.55711,9303.46088745013,2400.23042212052,816311.778434086,4700.88376614804,200.0016000128,300.003600043201,26027.0681508769,177044.98030148,1508211.1834962,9003.24116682005,0,
167.68338,7802.43435952017,1800.12960933187,765227.249304339,3800.57768780855,300.003600043201,200.0016000128,23622.2994506814,159916.42882159,1407632.43955821,8202.69048247825,0,
167.80961,8502.8909829342,1300.06760351538,756520.520735029,4800.92177698118,300.003600043201,200.0016000128,24123.2548176442,164475.008656579,1486305.52059363,8202.69048247825,100.0004000016,
167.93578,9403.53572943427,1800.12960933187,804373.944601106,4900.9605882753,200.0016000128,300.003600043201,28231.8455217485,168021.712955692,1522159.79495188,9203.38684635946,100.0004000016,
168.06205,10404.3282005314,1500.09000540032,790744.217715146,3600.51847466035,300.003600043201,400.006400102402,26127.2768770597,176537.883640084,1452115.32275813,8202.69048247825,300.003600043201,
168.18833,12306.0545788528,2600.27042812453,790531.36747587,3700.5476810568,200.0016000128,100.0004000016,34246.8496903764,174306.900982402,1491357.4595424,7502.25067520256,400.006400102402,
168.31465,13707.5117164206,1900.14441097523,784147.49357459,3300.43565750679,300.003600043201,300.003600043201,37957.5436361524,165994.902376073,1505288.33512862,8302.75651516303,200.0016000128,
168.44096,17612.3991289868,2700.2916314962,785211.253078754,3900.60849492521,300.003600043201,1300.06760351538,43575.8219301585,177247.824685788,1556080.06764365,9103.31360615264,700.019600548815,
168.56724,21718.8519635043,2900.33643902693,823138.358309473,4900.9605882753,700.019600548815,1200.05760276493,50301.0044168691,187800.238578844,1589860.96693498,8602.95941803981,400.006400102402,
168.69347,26928.9755777216,4100.67251029169,800113.107695864,3300.43565750679,400.006400102402,1200.05760276493,61048.7146689335,180696.679371168,1562739.06465158,11004.8421305374,700.019600548815,
168.81964,26227.4864057532,4600.84655576626,798515.656603182,4000.64010241639,500.010000200004,900.032401166442,70699.3722296877,166805.587433509,1532180.350904,9403.53572943427,1500.09000540032,
168.94595,34647.952766629,6201.53798141939,806611.447399932,4300.73972723308,100.0004000016,1100.04840212969,79049.1629616551,181406.8549833,1581379.42473642,11104.9305891816,800.025600819226,
169.0723,34647.952766629,6401.6388195378,795214.884458073,4500.81014582625,400.006400102402,1300.06760351538,86196.1700402583,174813.907775594,1625996.34478322,9103.31360615264,1400.07840439065,
169.19861,45081.1460629132,8402.82334864514,819831.282894465,3800.57768780855,300.003600043201,1800.12960933187,87001.7219717982,174813.907775594,1557321.32234214,10704.5815609081,1400.07840439065,
169.32489,41167.6796653699,6701.7960813498,787445.433765462,3700.5476810568,500.010000200004,1600.10240655402,89720.8417300266,170048.850030808,1588390.44519601,11805.5722300926,1100.04840212969,
169.45107,48694.6624237518,7302.132222609,775746.878041538,4200.70571856072,200.0016000128,1600.10240655402,101409.695168481,186176.214578162,1605141.39036341,13507.2939387269,1600.10240655402,
169.57731,50803.0285418829,7702.37233067785,761828.801312411,3900.60849492521,200.0016000128,1400.07840439065,93750.2509375025,168832.528601861,1566577.96971835,9103.31360615264,1700.11560786133,
169.7036,51405.4840532773,7202.07419736884,778298.384834936,3600.51847466035,100.0004000016,2000.16001280102,101006.449954617,181914.147803734,1559465.58105736,14308.184281409,600.014400345608,
169.82975,53012.1737596755,7302.132222609,751744.938237015,2900.33643902693,500.010000200004,2000.16001280102,105745.399623213,175726.571468853,1605820.9279259,12606.3536022155,2200.1936170383,
169.95595,46687.0246138803,8002.56081946223,743471.45563885,2400.23042212052,200.0016000128,1300.06760351538,99292.8023260017,166704.248945012,1535897.7624931,12506.2531265633,1500.09000540032,
170.08222,50501.811652291,7902.49718911176,742517.165110446,2800.31363512713,600.014400345608,1600.10240655402,109880.838549493,174915.311584892,1545590.4588777,11004.8421305374,2300.21161946899,
170.20841,55221.7086458555,10604.4963064339,756202.093464106,4300.73972723308,400.006400102402,2500.2500250025,108670.325167324,167717.670556589,1453346.87744693,10904.7544729502,1600.10240655402,
170.33473,55322.1513100927,8602.95941803981,710959.450731631,3200.40965243551,100.0004000016,1700.11560786133,103728.606602481,166704.248945012,1421922.16313106,12906.6598364756,1800.12960933187,
170.46099,55020.8257333103,8302.75651516303,673782.754612038,4400.77453631839,300.003600043201,1700.11560786133,106350.500721054,161739.662550877,1477441.22008049,11705.4781637807,2800.31363512713,
170.58725,54619.0695716662,9103.31360615264,681589.382203686,4300.73972723308,600.014400345608,1600.10240655402,106047.946526126,156473.263700215,1429519.87077022,11805.5722300926,2100.17641481884,
170.71357,57933.9432768561,8602.95941803981,676947.031539508,5201.0818250196,200.0016000128,2300.21161946899,111595.932323245,163259.225857363,1449652.55736401,13407.186251831,1900.14441097523,
170.83975,52409.640968907,8602.95941803981,675997.666565332,3400.46246289495,0,1900.14441097523,105644.552275977,160625.432762757,1395141.60465568,13206.9732818928,1200.05760276493,
170.96605,56627.9792330667,8102.62525058119,619163.954451176,3000.36004320518,600.014400345608,1300.06760351538,105745.399623213,139372.682149839,1302831.86809025,11104.9305891816,2200.1936170383,
171.09231,56025.2725093309,9403.53572943427,599750.965622606,3100.38444767151,700.019600548815,1200.05760276493,96773.1572945277,149994.567601173,1296855.73755317,12506.2531265633,3000.36004320518,
171.21858,49899.3996040112,8302.75651516303,591784.422997392,2600.27042812453,300.003600043201,1000.04000160006,103022.805594158,140788.415124698,1283806.23157505,12306.0545788528,1900.14441097523,
171.34476,50803.0285418829,8703.02865397158,598702.452970064,3400.46246289495,0,1200.05760276493,96168.5177600565,147667.101218354,1268230.1517253,13206.9732818928,1900.14441097523,
171.47098,44478.9946945776,6501.69043951427,577436.199643144,3800.57768780855,400.006400102402,1200.05760276493,99897.5924178229,142811.167431008,1272647.02173273,12105.8592358702,1400.07840439065,
171.59722,51104.2526754579,8202.69048247825,558399.921484595,3300.43565750679,300.003600043201,1200.05760276493,96067.7473368053,138058.215720738,1234159.81430412,11705.4781637807,2100.17641481884,
171.72355,46285.535669918,7602.31110257518,551399.194619897,3100.38444767151,100.0004000016,1400.07840439065,93045.0109004188,134722.110512346,1191833.17688078,9503.61137232148,1800.12960933187,
171.84984,43776.5213593361,6201.53798141939,527187.475749172,3500.49006860961,200.0016000128,1100.04840212969,90929.5286116888,129163.902458637,1162888.04795553,10304.2453490838,1100.04840212969,
171.97616,41468.6721210324,8903.16952835209,528438.680690289,3100.38444767151,400.006400102402,1100.04840212969,79351.066775277,135025.356213579,1146361.05405394,8903.16952835209,2400.23042212052,
172.10236,42572.3730341581,7102.01697282028,506976.668258302,2500.2500250025,500.010000200004,1000.04000160006,80760.047352475,120780.713671332,1077849.68310197,9403.53572943427,1700.11560786133,
172.22867,35450.1974796312,5701.29989637637,474851.226868835,1800.12960933187,0,900.032401166442,70498.2410538434,116641.683980405,993578.546355908,10604.4963064339,2400.23042212052,
172.3549,40164.423735672,6901.90492575951,463019.547450846,3500.49006860961,100.0004000016,1100.04840212969,76131.134123198,118357.701489418,1051870.31587372,9503.61137232148,1500.09000540032,
172.48116,40565.7164606663,8202.69048247825,440631.741767412,2500.2500250025,100.0004000016,500.010000200004,72811.4444346382,110587.025259242,980612.227931029,11004.8421305374,2700.2916314962,
172.60741,41468.6721210324,6501.69043951427,430487.288825234,2000.16001280102,300.003600043201,1100.04840212969,59742.4259434492,101712.13758148,937915.006640106,9903.92195309342,2300.21161946899,
172.73366,41769.6718125834,6301.58800017604,390093.394919544,3400.46246289495,200.0016000128,900.032401166442,61149.2040579013,100401.606425703,863531.592821111,11205.0198488923,1900.14441097523,
172.85997,37355.7347562563,6401.6388195378,373909.936829114,2000.16001280102,200.0016000128,1000.04000160006,54518.6325444167,99091.2121053921,789999.257248021,9503.61137232148,2000.16001280102,
172.98621,37957.5436361524,6001.44034568296,344893.30813713,3400.46246289495,500.010000200004,1200.05760276493,49999.7996000016,87303.8172841488,773727.293346255,7502.25067520256,1800.12960933187,
173.11241,35249.6314811254,4500.81014582625,327638.3294295,3100.38444767151,100.0004000016,700.019600548815,48092.3372875922,84585.2213664477,746334.751784736,10104.0820491479,1900.14441097523,
173.23864,31539.7400724913,5001.00020004001,335338.540927719,1800.12960933187,400.006400102402,1500.09000540032,49297.0165285281,82773.1513996187,733084.099836132,8102.62525058119,1600.10240655402,
173.36488,33143.8825004306,6101.48876325823,296781.844600857,2500.2500250025,0,600.014400345608,36753.9548056547,80357.4653188817,634715.557196177,8502.8909829342,1700.11560786133,
173.49114,28833.2158646761,5401.16665199683,271517.18058824,1900.14441097523,0,600.014400345608,36753.9548056547,71906.2270592058,616118.891580289,7302.132222609,1200.05760276493,
173.61738,32642.5659059413,4200.70571856072,241408.834089229,1300.06760351538,400.006400102402,1100.04840212969,34948.7885087582,67079.5047547236,566973.197630657,6401.6388195378,2300.21161946899,
173.74357,27329.8441898553,4200.70571856072,227348.867998402,2800.31363512713,500.010000200004,1100.04840212969,34046.302972042,64264.7748827995,554951.32292872,6101.48876325823,1100.04840212969,
173.86981,28933.4470648069,3800.57768780855,237841.417518696,2100.17641481884,400.006400102402,1100.04840212969,30737.7459520291,59742.4259434492,551399.194619897,10004.0016006403,1500.09000540032,
173.99599,28532.5270808722,3800.57768780855,235090.099365691,1400.07840439065,200.0016000128,500.010000200004,28131.6199408135,60144.3464314354,528021.598748514,6701.7960813498,1800.12960933187,
174.12213,28131.6199408135,5401.16665199683,229080.046825173,2400.23042212052,300.003600043201,800.025600819226,29334.3798932349,57130.2569859279,475266.573189422,5801.34591225164,2800.31363512713,
174.24837,26327.6967369673,4200.70571856072,182928.794765174,1200.05760276493,100.0004000016,1400.07840439065,27129.408278574,44679.7086001427,389268.260977304,4900.9605882753,1700.11560786133,
174.37466,27029.191526849,4900.9605882753,182725.858831683,1800.12960933187,100.0004000016,1000.04000160006,25526.0365572884,45382.2326054811,393084.955105026,4800.92177698118,2000.16001280102,
174.50094,25325.6295370915,4800.92177698118,160017.71265247,2300.21161946899,500.010000200004,1200.05760276493,25125.2257266295,39763.1438724695,333900.812711538,5601.25468104855,700.019600548815,
174.6273,21217.9928579435,3500.49006860961,134418.872128141,2200.1936170383,300.003600043201,600.014400345608,20717.1538033492,32542.3049964954,273356.625258799,4700.88376614804,1300.06760351538,
174.75351,18713.9980705568,4000.64010241639,113109.44494001,1200.05760276493,400.006400102402,1000.04000160006,16210.5044068556,25926.8602271954,249872.740641387,4500.81014582625,900.032401166442,
174.87978,17812.6826300326,2700.2916314962,98587.2507208314,1400.07840439065,300.003600043201,1200.05760276493,13407.186251831,24123.2548176442,193384.418798699,4700.88376614804,700.019600548815,
175.00606,15709.8657957197,3300.43565750679,81162.6423105168,1700.11560786133,300.003600043201,1300.06760351538,13607.4024269202,21518.505915087,145947.076833944,2400.23042212052,800.025600819226,
175.13226,10504.4118529783,2000.16001280102,56226.1715289109,1400.07840439065,300.003600043201,600.014400345608,12506.2531265633,17011.567866149,113916.726270362,3000.36004320518,1000.04000160006,
175.2585,10704.5815609081,2900.33643902693,49899.3996040112,1900.14441097523,100.0004000016,1200.05760276493,10404.3282005314,11905.6670975384,111595.932323245,1800.12960933187,1100.04840212969,
175.38481,9403.53572943427,2300.21161946899,44478.9946945776,1600.10240655402,100.0004000016,400.006400102402,13307.0793662228,13006.7635170289,94455.5306172433,3300.43565750679,1000.04000160006,
175.51105,9203.38684635946,1600.10240655402,37756.9374616922,1400.07840439065,100.0004000016,1000.04000160006,12105.8592358702,11805.5722300926,86699.6339348789,1800.12960933187,1000.04000160006,
175.63731,9103.31360615264,1200.05760276493,33043.6175751993,1000.04000160006,200.0016000128,300.003600043201,9703.76506084361,9603.68781612139,69392.077269883,2300.21161946899,700.019600548815,
175.76352,7702.37233067785,1700.11560786133,24223.4482979524,900.032401166442,400.006400102402,800.025600819226,10604.4963064339,7202.07419736884,50602.2164772841,2200.1936170383,500.010000200004,
175.88988,7102.01697282028,800.025600819226,15809.9919148902,1900.14441097523,0,900.032401166442,8402.82334864514,4200.70571856072,37054.8411649241,1800.12960933187,400.006400102402,
176.01624,6301.58800017604,1200.05760276493,12005.7627661277,1300.06760351538,300.003600043201,1000.04000160006,8502.8909829342,4200.70571856072,31940.756405173,1000.04000160006,200.0016000128,
176.14243,7502.25067520256,1800.12960933187,11705.4781637807,1000.04000160006,100.0004000016,400.006400102402,7302.132222609,3900.60849492521,28031.3951625821,400.006400102402,300.003600043201,
176.26871,4700.88376614804,600.014400345608,9103.31360615264,1100.04840212969,0,900.032401166442,5101.04061228491,2400.23042212052,17812.6826300326,600.014400345608,300.003600043201,
176.39495,4400.77453631839,1500.09000540032,5801.34591225164,2000.16001280102,300.003600043201,600.014400345608,8803.09869073914,2200.1936170383,14208.0701838644,600.014400345608,300.003600043201,
176.52129,3800.57768780855,1000.04000160006,5001.00020004001,1400.07840439065,0,700.019600548815,5401.16665199683,2100.17641481884,8302.75651516303,500.010000200004,0,
176.6475,3200.40965243551,1200.05760276493,3900.60849492521,1100.04840212969,400.006400102402,1000.04000160006,4200.70571856072,1000.04000160006,5001.00020004001,0,500.010000200004,
176.77386,4600.84655576626,900.032401166442,2200.1936170383,1200.05760276493,0,800.025600819226,2600.27042812453,1400.07840439065,1400.07840439065,100.0004000016,200.0016000128,
176.90002,2700.2916314962,500.010000200004,1000.04000160006,1400.07840439065,100.0004000016,600.014400345608,1000.04000160006,1700.11560786133,2100.17641481884,600.014400345608,0,
177.02631,2100.17641481884,700.019600548815,600.014400345608,1200.05760276493,300.003600043201,600.014400345608,900.032401166442,400.006400102402,1400.07840439065,700.019600548815,0,
177.15255,1800.12960933187,700.019600548815,400.006400102402,800.025600819226,200.0016000128,1100.04840212969,900.032401166442,1400.07840439065,400.006400102402,200.0016000128,500.010000200004,
177.27877,3100.38444767151,800.025600819226,300.003600043201,1400.07840439065,300.003600043201,1500.09000540032,600.014400345608,900.032401166442,700.019600548815,0,0,
177.40504,3000.36004320518,600.014400345608,800.025600819226,1600.10240655402,400.006400102402,500.010000200004,400.006400102402,1400.07840439065,100.0004000016,0,100.0004000016,
177.53132,1500.09000540032,600.014400345608,500.010000200004,1400.07840439065,200.0016000128,1100.04840212969,300.003600043201,1300.06760351538,200.0016000128,100.0004000016,100.0004000016,
177.65754,2700.2916314962,700.019600548815,400.006400102402,1200.05760276493,100.0004000016,1600.10240655402,400.006400102402,1200.05760276493,500.010000200004,100.0004000016,0,
177.78377,1600.10240655402,700.019600548815,200.0016000128,1800.12960933187,300.003600043201,700.019600548815,100.0004000016,1400.07840439065,300.003600043201,0,0,
177.91007,1400.07840439065,600.014400345608,200.0016000128,2000.16001280102,300.003600043201,900.032401166442,400.006400102402,1000.04000160006,100.0004000016,0,0,
178.03636,1500.09000540032,1100.04840212969,600.014400345608,1200.05760276493,0,100.0004000016,500.010000200004,1400.07840439065,200.0016000128,100.0004000016,0,
178.16268,1500.09000540032,800.025600819226,200.0016000128,1300.06760351538,100.0004000016,1300.06760351538,500.010000200004,800.025600819226,100.0004000016,0,100.0004000016,
178.28891,1200.05760276493,900.032401166442,100.0004000016,800.025600819226,100.0004000016,800.025600819226,100.0004000016,1000.04000160006,200.0016000128,100.0004000016,0,
178.4152,1200.05760276493,1200.05760276493,100.0004000016,1200.05760276493,0,600.014400345608,100.0004000016,1400.07840439065,0,0,0,
178.54147,1600.10240655402,1100.04840212969,200.0016000128,1000.04000160006,0,800.025600819226,400.006400102402,800.025600819226,100.0004000016,0,100.0004000016,
178.6677,1200.05760276493,1000.04000160006,400.006400102402,1400.07840439065,100.0004000016,700.019600548815,500.010000200004,900.032401166442,0,0,0,
178.79398,1700.11560786133,400.006400102402,300.003600043201,800.025600819226,200.0016000128,500.010000200004,0,1000.04000160006,900.032401166442,0,100.0004000016,
178.92022,1900.14441097523,800.025600819226,200.0016000128,1700.11560786133,500.010000200004,800.025600819226,400.006400102402,1100.04840212969,100.0004000016,100.0004000016,100.0004000016,
179.04649,1700.11560786133,800.025600819226,300.003600043201,600.014400345608,400.006400102402,1200.05760276493,0,1000.04000160006,100.0004000016,100.0004000016,0,
179.17273,1900.14441097523,0,100.0004000016,700.019600548815,0,400.006400102402,200.0016000128,1200.05760276493,0,0,0,
179.29889,2400.23042212052,700.019600548815,100.0004000016,1000.04000160006,0,500.010000200004,200.0016000128,700.019600548815,0,0,0,
179.42511,1400.07840439065,600.014400345608,200.0016000128,1400.07840439065,100.0004000016,1100.04840212969,200.0016000128,800.025600819226,100.0004000016,0,0,
179.55132,1200.05760276493,900.032401166442,100.0004000016,1000.04000160006,400.006400102402,700.019600548815,0,1400.07840439065,200.0016000128,0,0,
179.67752,1200.05760276493,400.006400102402,500.010000200004,1600.10240655402,200.0016000128,900.032401166442,200.0016000128,600.014400345608,300.003600043201,0,100.0004000016,
179.80378,1200.05760276493,500.010000200004,200.0016000128,1600.10240655402,0,600.014400345608,300.003600043201,900.032401166442,200.0016000128,0,0,
179.93002,1200.05760276493,700.019600548815,300.003600043201,1200.05760276493,200.0016000128,600.014400345608,100.0004000016,900.032401166442,100.0004000016,0,100.0004000016,
180.05634,1500.09000540032,700.019600548815,100.0004000016,1600.10240655402,100.0004000016,600.014400345608,200.0016000128,800.025600819226,100.0004000016,0,0,
180.1826,1900.14441097523,21718.8519635043,200.0016000128,1100.04840212969,0,600.014400345608,400.006400102402,400.006400102402,500.010000200004,0,0,
180.30885,1000.04000160006,300.003600043201,400.006400102402,1600.10240655402,200.0016000128,1100.04840212969,400.006400102402,1400.07840439065,0,100.0004000016,0,
180.43501,1200.05760276493,500.010000200004,0,1400.07840439065,100.0004000016,700.019600548815,0,400.006400102402,0,0,0,
180.56128,700.019600548815,600.014400345608,300.003600043201,1100.04840212969,0,600.014400345608,100.0004000016,600.014400345608,100.0004000016,0,0,
180.6876,600.014400345608,700.019600548815,0,1000.04000160006,100.0004000016,400.006400102402,100.0004000016,1900.14441097523,200.0016000128,200.0016000128,0,
180.81391,2500.2500250025,400.006400102402,300.003600043201,900.032401166442,300.003600043201,900.032401166442,100.0004000016,600.014400345608,200.0016000128,100.0004000016,0,
180.94015,1900.14441097523,400.006400102402,300.003600043201,1500.09000540032,100.0004000016,800.025600819226,0,900.032401166442,100.0004000016,0,0,
181.06642,1200.05760276493,1000.04000160006,300.003600043201,900.032401166442,100.0004000016,900.032401166442,0,800.025600819226,0,0,100.0004000016,
181.19265,2200.1936170383,500.010000200004,100.0004000016,1600.10240655402,0,600.014400345608,300.003600043201,800.025600819226,600.014400345608,200.0016000128,0,
181.3189,900.032401166442,900.032401166442,300.003600043201,1800.12960933187,100.0004000016,800.025600819226,300.003600043201,600.014400345608,100.0004000016,0,0,
181.44521,1400.07840439065,700.019600548815,100.0004000016,1600.10240655402,100.0004000016,200.0016000128,300.003600043201,900.032401166442,200.0016000128,0,0,
181.57141,1100.04840212969,300.003600043201,400.006400102402,1300.06760351538,100.0004000016,1000.04000160006,600.014400345608,900.032401166442,200.0016000128,0,0,
181.69772,1000.04000160006,300.003600043201,200.0016000128,1000.04000160006,200.0016000128,500.010000200004,0,900.032401166442,0,100.0004000016,0,
181.82396,200.0016000128,0,400.006400102402,1100.04840212969,0,100.0004000016,200.0016000128,900.032401166442,0,0,0,
181.95021,100.0004000016,600.014400345608,100.0004000016,1600.10240655402,100.0004000016,200.0016000128,100.0004000016,600.014400345608,0,0,0,
182.07657,300.003600043201,400.006400102402,200.0016000128,1900.14441097523,200.0016000128,100.0004000016,0,700.019600548815,0,0,0,
182.20272,100.0004000016,400.006400102402,300.003600043201,800.025600819226,100.0004000016,200.0016000128,0,1000.04000160006,0,0,0,
182.32897,0,300.003600043201,300.003600043201,600.014400345608,100.0004000016,0,100.0004000016,900.032401166442,0,0,0,
182.45519,0,400.006400102402,400.006400102402,1300.06760351538,100.0004000016,0,200.0016000128,1000.04000160006,0,0,0,
182.58138,100.0004000016,300.003600043201,0,1600.10240655402,100.0004000016,100.0004000016,0,1200.05760276493,0,0,0,
182.70769,0,400.006400102402,0,1200.05760276493,0,0,200.0016000128,1100.04840212969,0,0,0,
182.83385,0,500.010000200004,200.0016000128,1300.06760351538,100.0004000016,0,300.003600043201,500.010000200004,0,0,0,
182.96004,0,100.0004000016,100.0004000016,1600.10240655402,400.006400102402,0,0,600.014400345608,0,0,0,
183.08623,0,200.0016000128,200.0016000128,1800.12960933187,100.0004000016,0,0,800.025600819226,0,0,0,
183.21252,0,900.032401166442,0,1300.06760351538,100.0004000016,0,0,1200.05760276493,0,0,0,
183.33884,0,400.006400102402,100.0004000016,1000.04000160006,200.0016000128,100.0004000016,100.0004000016,1200.05760276493,0,0,0,
183.46515,0,500.010000200004,100.0004000016,1200.05760276493,300.003600043201,0,0,800.025600819226,0,100.0004000016,0,
183.59135,0,500.010000200004,100.0004000016,1000.04000160006,200.0016000128,200.0016000128,100.0004000016,1200.05760276493,0,0,0,
183.71766,100.0004000016,600.014400345608,500.010000200004,1400.07840439065,200.0016000128,100.0004000016,0,800.025600819226,0,0,0,
183.84382,0,300.003600043201,200.0016000128,800.025600819226,200.0016000128,100.0004000016,100.0004000016,1000.04000160006,0,0,0,
183.97014,0,300.003600043201,100.0004000016,1200.05760276493,200.0016000128,100.0004000016,0,1600.10240655402,0,0,0,
184.0964,100.0004000016,400.006400102402,0,900.032401166442,300.003600043201,100.0004000016,200.0016000128,1100.04840212969,0,0,0,
184.22269,0,600.014400345608,100.0004000016,1400.07840439065,200.0016000128,100.0004000016,0,1300.06760351538,0,0,0,
184.34896,0,500.010000200004,0,1200.05760276493,100.0004000016,0,100.0004000016,1100.04840212969,0,0,0,
184.4752,0,300.003600043201,0,800.025600819226,200.0016000128,0,0,700.019600548815,0,0,0,
184.60141,100.0004000016,400.006400102402,100.0004000016,1400.07840439065,0,100.0004000016,0,600.014400345608,0,0,0,
184.72764,0,400.006400102402,0,1100.04840212969,200.0016000128,0,200.0016000128,1200.05760276493,0,0,0,
184.85387,0,200.0016000128,100.0004000016,1100.04840212969,200.0016000128,200.0016000128,0,700.019600548815,0,0,0,
184.98015,0,800.025600819226,100.0004000016,1200.05760276493,0,100.0004000016,0,700.019600548815,0,0,0,
185.10632,0,300.003600043201,200.0016000128,1600.10240655402,100.0004000016,0,0,900.032401166442,0,0,0,
185.23255,0,100.0004000016,100.0004000016,1100.04840212969,0,100.0004000016,300.003600043201,500.010000200004,0,0,0,
185.35881,100.0004000016,400.006400102402,0,500.010000200004,100.0004000016,400.006400102402,0,1000.04000160006,0,0,0,
185.48506,0,1000.04000160006,300.003600043201,700.019600548815,100.0004000016,0,100.0004000016,700.019600548815,0,0,0,
185.61133,100.0004000016,700.019600548815,100.0004000016,1000.04000160006,200.0016000128,0,0,900.032401166442,0,0,0,
185.7376,0,200.0016000128,200.0016000128,1400.07840439065,200.0016000128,100.0004000016,200.0016000128,900.032401166442,0,0,0,
185.86394,0,200.0016000128,300.003600043201,1600.10240655402,100.0004000016,100.0004000016,100.0004000016,600.014400345608,0,0,0,
185.99023,0,400.006400102402,200.0016000128,1400.07840439065,200.0016000128,0,0,700.019600548815,0,0,0,
186.1165,0,100.0004000016,200.0016000128,1100.04840212969,200.0016000128,100.0004000016,0,1100.04840212969,0,0,0,
186.24276,0,200.0016000128,100.0004000016,900.032401166442,100.0004000016,0,200.0016000128,800.025600819226,0,0,0,
186.36905,0,0,300.003600043201,800.025600819226,100.0004000016,0,0,900.032401166442,0,0,0,
186.49537,0,500.010000200004,100.0004000016,1700.11560786133,300.003600043201,0,0,1100.04840212969,0,0,0,
186.62163,0,100.0004000016,200.0016000128,1100.04840212969,300.003600043201,0,200.0016000128,900.032401166442,0,0,0,
186.74791,0,200.0016000128,100.0004000016,1100.04840212969,300.003600043201,100.0004000016,100.0004000016,900.032401166442,0,0,0,
186.87419,100.0004000016,500.010000200004,100.0004000016,1400.07840439065,0,0,100.0004000016,1000.04000160006,0,0,0,
187.00043,100.0004000016,200.0016000128,300.003600043201,1600.10240655402,100.0004000016,100.0004000016,0,900.032401166442,0,0,0,
187.12674,0,900.032401166442,100.0004000016,1800.12960933187,0,200.0016000128,200.0016000128,1100.04840212969,0,0,0,
187.25303,0,600.014400345608,0,1400.07840439065,100.0004000016,100.0004000016,0,900.032401166442,0,0,0,
187.37927,100.0004000016,300.003600043201,200.0016000128,800.025600819226,200.0016000128,100.0004000016,0,1300.06760351538,0,0,0,
187.50551,0,400.006400102402,200.0016000128,900.032401166442,0,200.0016000128,100.0004000016,600.014400345608,0,0,0,
187.63177,0,300.003600043201,200.0016000128,1100.04840212969,300.003600043201,0,0,600.014400345608,0,0,0,
187.75803,0,600.014400345608,0,900.032401166442,100.0004000016,200.0016000128,100.0004000016,1100.04840212969,0,0,0,
187.88427,400.006400102402,700.019600548815,0,1200.05760276493,200.0016000128,100.0004000016,0,900.032401166442,0,0,0,
188.01044,0,700.019600548815,100.0004000016,800.025600819226,200.0016000128,0,0,600.014400345608,0,0,0,
188.1366,0,300.003600043201,0,900.032401166442,300.003600043201,200.0016000128,100.0004000016,600.014400345608,0,0,0,
188.26282,0,200.0016000128,100.0004000016,1100.04840212969,200.0016000128,100.0004000016,0,1300.06760351538,0,0,100.0004000016,
188.38905,0,200.0016000128,0,800.025600819226,200.0016000128,0,100.0004000016,1300.06760351538,0,0,100.0004000016,
188.51535,0,300.003600043201,200.0016000128,900.032401166442,300.003600043201,0,100.0004000016,400.006400102402,0,0,0,
188.64166,0,300.003600043201,0,1200.05760276493,100.0004000016,200.0016000128,0,900.032401166442,0,0,0,
188.76789,0,200.0016000128,0,800.025600819226,100.0004000016,100.0004000016,200.0016000128,1200.05760276493,0,0,0,
188.89414,0,400.006400102402,200.0016000128,1500.09000540032,0,300.003600043201,0,1000.04000160006,0,0,0,
189.02031,0,200.0016000128,300.003600043201,1400.07840439065,200.0016000128,0,0,1000.04000160006,0,0,0,
189.14664,100.0004000016,400.006400102402,200.0016000128,700.019600548815,100.0004000016,100.0004000016,0,1100.04840212969,0,0,0,
189.27295,0,300.003600043201,0,1800.12960933187,400.006400102402,0,200.0016000128,1500.09000540032,0,0,0,
189.39926,0,600.014400345608,0,1200.05760276493,400.006400102402,100.0004000016,100.0004000016,700.019600548815,0,0,0,
189.52558,0,600.014400345608,100.0004000016,1500.09000540032,0,0,100.0004000016,1000.04000160006,0,0,0,
189.65181,0,400.006400102402,200.0016000128,1200.05760276493,300.003600043201,0,200.0016000128,700.019600548815,0,0,0,
189.77809,0,300.003600043201,300.003600043201,1000.04000160006,200.0016000128,0,0,1000.04000160006,0,0,0,
189.90436,0,400.006400102402,100.0004000016,900.032401166442,0,200.0016000128,200.0016000128,900.032401166442,0,0,0,
190.03062,0,700.019600548815,200.0016000128,1200.05760276493,0,0,0,1200.05760276493,0,0,0,
190.15693,100.0004000016,600.014400345608,100.0004000016,1700.11560786133,0,0,0,400.006400102402,0,100.0004000016,0,
190.28317,0,300.003600043201,100.0004000016,1300.06760351538,0,100.0004000016,0,900.032401166442,0,0,0,
190.40946,0,400.006400102402,100.0004000016,1300.06760351538,100.0004000016,0,0,800.025600819226,0,0,0,
190.53568,0,100.0004000016,0,1200.05760276493,400.006400102402,200.0016000128,0,1400.07840439065,0,0,0,
190.66191,0,800.025600819226,100.0004000016,1700.11560786133,100.0004000016,0,0,500.010000200004,0,0,0,
190.78822,0,600.014400345608,100.0004000016,2200.1936170383,200.0016000128,0,0,900.032401166442,0,0,0,
190.91441,0,500.010000200004,200.0016000128,800.025600819226,100.0004000016,0,0,1700.11560786133,0,0,0,
191.04074,100.0004000016,600.014400345608,100.0004000016,1700.11560786133,200.0016000128,0,100.0004000016,500.010000200004,0,0,0,
191.16701,0,400.006400102402,100.0004000016,1200.05760276493,300.003600043201,100.0004000016,0,800.025600819226,0,0,0,
191.2933,100.0004000016,700.019600548815,0,1400.07840439065,200.0016000128,200.0016000128,0,500.010000200004,0,0,0,
191.41952,0,100.0004000016,200.0016000128,700.019600548815,300.003600043201,0,0,1000.04000160006,0,0,0,
191.54582,0,200.0016000128,100.0004000016,1300.06760351538,100.0004000016,0,0,700.019600548815,0,100.0004000016,0,
191.6721,100.0004000016,800.025600819226,200.0016000128,300.003600043201,400.006400102402,0,100.0004000016,900.032401166442,0,0,0,
191.79838,0,800.025600819226,0,900.032401166442,200.0016000128,300.003600043201,0,700.019600548815,0,0,0,
191.92474,0,200.0016000128,100.0004000016,1100.04840212969,300.003600043201,0,0,800.025600819226,0,0,0,
192.05098,0,200.0016000128,100.0004000016,800.025600819226,200.0016000128,0,0,1000.04000160006,0,0,0,
192.17722,0,500.010000200004,200.0016000128,1300.06760351538,300.003600043201,200.0016000128,0,800.025600819226,0,0,0,
192.3035,0,400.006400102402,200.0016000128,300.003600043201,100.0004000016,200.0016000128,0,800.025600819226,0,0,0,
192.42965,0,200.0016000128,200.0016000128,1200.05760276493,300.003600043201,300.003600043201,0,700.019600548815,0,0,100.0004000016,
192.55587,0,100.0004000016,100.0004000016,1700.11560786133,200.0016000128,100.0004000016,0,1100.04840212969,0,0,0,
192.68218,0,300.003600043201,0,1200.05760276493,0,100.0004000016,200.0016000128,1000.04000160006,0,0,0,
192.80841,0,400.006400102402,100.0004000016,1300.06760351538,0,0,0,300.003600043201,0,0,0,
192.9347,0,300.003600043201,100.0004000016,900.032401166442,0,0,100.0004000016,1100.04840212969,0,0,0,
193.06096,200.0016000128,500.010000200004,0,1100.04840212969,0,0,200.0016000128,900.032401166442,0,0,0,

