- 77:03/07/2023 11:21:59 PM;
Software:Name=Qtegra;Version=2.10.3324.83;File Version=1;
Configuration:Machine=iCAP RQ;
STDS:Additional Gas Flow 1=0;Additional Gas Flow 2=0;Additional Gas Flow 3=0;CCT Entry Lens=-108.333333333333;Angular Deflection=-370;Deflection Entry Lens=-35;Extraction Lens 1 Polarity=0;Extraction Lens 1 Negative=0;Extraction Lens 1 Positive=0;Spray Chamber Temperature=2.7;Peristaltic Pump Speed=0;Cool Flow=14;Sampling Depth=5;Plasma Power=1550;Auxilliary Flow=0.8;Nebulizer Flow=1.105;Torch Horizontal Position=-0.723333333333333;Torch Vertical Position=0.3;Extraction Lens 2=-130;CCT Focus Lens=-1.08;CCT Bias=-2;CCT Exit Lens=-160;Focus Lens=18.8;D1 Lens=-200;D2 Lens=-80;Quad Entry Lens=-29.4;Pole Bias=-1;CCT1 Flow=0;CCT2 Flow=0;CCT1 Shut-Off Valve=0;CCT2 Shut-Off Valve=0;Virtual CCT Mass to Dac Factor=130;Virtual CCT Mass to Dac Offset=35;Virtual CCT Mass parameter b=0.65;Virtual CCT Mass Maximum Dac Limit Set=4095;
RF Generator:RF Plasma Lit Readback=1;RF FET Temperature Ok Readback=1;Plasma Power Readback=1548.6077186126;
Ion Optics:Pole Bias Readback=-0.793743890518083;Torch Horizontal Position Readback=-0.72316715542522;Torch Vertical Position Readback=0.300879765395894;Sampling Depth Readback=5;Extraction Lens 1 Negative Readback=-202.346041055718;Extraction Lens 1 Positive Readback=0.0586510263929618;Extraction Lens 2 Readback=-137.82991202346;Angular Deflection Readback=-369.296187683284;Quad Entry Lens Readback=-29.8142717497556;Focus Lens Readback=18.4408602150538;D2 Lens Readback=-80.9384164222874;Deflection Exit Lens Readback=34.6578690127077;Deflection Entry Lens Readback=-35.425219941349;D1 Lens Readback=-200.58651026393;CCT Exit Lens Readback=-162.267839687195;CCT Bias Readback=-2.01857282502444;CCT Entry Lens Readback=-109.481915933529;CCT Focus Lens Readback=-1.53958944281525;
Vacuum:Analyzer Vacuum Ok Readback=1;Interface Pressure Readback=2.02512396424301;Analyzer Pressure Readback=2.29716701101472E-07;
Detector:Detector Voltage (Counting) Readback=1618.76832844575;Detector Voltage (Analog) Readback=-1978.49462365591;
Cooling System:Plasma Cooling Water Flow Readback=0.909803921568627;Interface Temperature Readback=31.4896520911238;Exhaust Flow Readback=0.550695014662757;Quad Board Temperature Readback=0;Inlet Fan Speed Readback=0;Outlet Fan Speed Readback=2423.52941176471;Peltier Temperature Hot Side Readback=20.7862437909878;Spray Chamber Temperature Readback=2.6293915694153;
Power Supply:Supply Voltage 500 V Readback=-539.467253176931;Supply Voltage 1 kV Readback=-1169.35483870968;
Gas Supply:Nebulizer Supply Pressure Readback=0.0564456989247311;Nebulizer Flow Readback=1.10263929618768;Cool Flow Readback=13.9393939393939;Auxilliary Flow Readback=0.797653958944281;CCT2 Flow Readback=0;CCT1 Flow Readback=0;Additional Gas Flow 1 Readback=0;
Pulse Counting:Threshold=2500000;

Time,24Mg,26Mg,43Ca,55Mn,59Co,63Cu,66Zn,86Sr,88Sr,138Ba,208Pb,
,dwell time=0.01;xcal factor=66096.21568,dwell time=0.01;xcal factor=66420.50783,dwell time=0.01;xcal factor=69176.99106,dwell time=0.01;xcal factor=80139.50903,dwell time=0.01;xcal factor=85118.72235,dwell time=0.01;xcal factor=86639.08057,dwell time=0.01;xcal factor=86821.65425,dwell time=0.01;xcal factor=85302.89892,dwell time=0.01;xcal factor=82608.9753,dwell time=0.01;xcal factor=93538.82005,dwell time=0.01;xcal factor=107923.33534,
0.01244,0,500.010000200004,300.003600043201,700.019600548815,200.0016000128,0,0,1000.04000160006,0,0,0,
0.13873,0,500.010000200004,0,900.032401166442,100.0004000016,0,0,1200.05760276493,0,0,0,
0.26492,300.003600043201,300.003600043201,300.003600043201,1400.07840439065,100.0004000016,0,0,1300.06760351538,0,0,0,
0.39116,100.0004000016,300.003600043201,0,1000.04000160006,100.0004000016,200.0016000128,300.003600043201,800.025600819226,0,0,0,
0.51744,0,200.0016000128,0,900.032401166442,200.0016000128,100.0004000016,0,600.014400345608,0,0,0,
0.64359,0,300.003600043201,100.0004000016,500.010000200004,300.003600043201,100.0004000016,200.0016000128,900.032401166442,0,0,0,
0.76978,0,500.010000200004,200.0016000128,800.025600819226,200.0016000128,0,0,1300.06760351538,0,0,0,
0.89596,0,100.0004000016,100.0004000016,500.010000200004,100.0004000016,0,200.0016000128,900.032401166442,0,0,0,
1.0222,0,100.0004000016,200.0016000128,500.010000200004,200.0016000128,200.0016000128,0,500.010000200004,0,0,0,
1.14844,100.0004000016,400.006400102402,100.0004000016,900.032401166442,100.0004000016,0,100.0004000016,800.025600819226,0,0,0,
1.27472,0,400.006400102402,0,1300.06760351538,400.006400102402,0,0,400.006400102402,0,0,0,
1.40102,0,300.003600043201,200.0016000128,700.019600548815,200.0016000128,100.0004000016,100.0004000016,300.003600043201,0,0,0,
1.52724,0,500.010000200004,100.0004000016,500.010000200004,100.0004000016,200.0016000128,0,600.014400345608,0,0,0,
1.6536,0,300.003600043201,200.0016000128,1300.06760351538,0,0,100.0004000016,600.014400345608,0,0,100.0004000016,
1.77988,0,300.003600043201,0,800.025600819226,200.0016000128,200.0016000128,0,900.032401166442,0,0,0,
1.90608,0,800.025600819226,100.0004000016,1600.10240655402,100.0004000016,0,100.0004000016,800.025600819226,0,0,0,
2.03231,0,200.0016000128,200.0016000128,800.025600819226,0,200.0016000128,0,800.025600819226,0,0,0,
2.15854,0,300.003600043201,0,1200.05760276493,100.0004000016,100.0004000016,0,500.010000200004,0,0,0,
2.2847,0,300.003600043201,100.0004000016,900.032401166442,100.0004000016,100.0004000016,0,300.003600043201,0,0,0,
2.41099,0,600.014400345608,0,1400.07840439065,200.0016000128,300.003600043201,0,600.014400345608,0,0,0,
2.53728,200.0016000128,500.010000200004,0,500.010000200004,200.0016000128,0,0,1000.04000160006,0,0,0,
2.66356,0,400.006400102402,200.0016000128,800.025600819226,100.0004000016,0,0,900.032401166442,0,0,0,
2.78984,0,400.006400102402,100.0004000016,800.025600819226,200.0016000128,100.0004000016,0,900.032401166442,0,0,0,
2.91606,0,200.0016000128,100.0004000016,1000.04000160006,100.0004000016,0,0,1000.04000160006,0,0,100.0004000016,
3.04229,0,400.006400102402,0,1200.05760276493,300.003600043201,100.0004000016,0,1000.04000160006,0,0,0,
3.16852,0,200.0016000128,0,1100.04840212969,0,0,0,1300.06760351538,0,0,0,
3.29479,0,300.003600043201,100.0004000016,1200.05760276493,400.006400102402,100.0004000016,100.0004000016,900.032401166442,0,0,0,
3.42104,200.0016000128,500.010000200004,0,900.032401166442,100.0004000016,100.0004000016,0,400.006400102402,0,0,0,
3.54735,0,500.010000200004,0,700.019600548815,300.003600043201,0,0,400.006400102402,0,0,0,
3.67366,0,400.006400102402,300.003600043201,1400.07840439065,100.0004000016,100.0004000016,0,1200.05760276493,0,0,0,
3.79992,0,200.0016000128,100.0004000016,1200.05760276493,300.003600043201,100.0004000016,0,1300.06760351538,0,0,0,
3.92613,0,200.0016000128,100.0004000016,1500.09000540032,0,100.0004000016,100.0004000016,1300.06760351538,0,0,0,
4.05236,0,400.006400102402,100.0004000016,1400.07840439065,100.0004000016,0,0,700.019600548815,0,0,0,
4.17865,0,600.014400345608,300.003600043201,1100.04840212969,0,100.0004000016,0,800.025600819226,0,0,0,
4.30484,0,300.003600043201,0,1000.04000160006,100.0004000016,0,0,900.032401166442,0,0,0,
4.43104,0,600.014400345608,0,1300.06760351538,200.0016000128,200.0016000128,0,700.019600548815,0,0,0,
4.55733,0,200.0016000128,600.014400345608,1400.07840439065,200.0016000128,0,0,600.014400345608,0,0,0,
4.68356,0,600.014400345608,100.0004000016,1100.04840212969,500.010000200004,0,0,400.006400102402,0,0,100.0004000016,
4.80979,0,300.003600043201,200.0016000128,1100.04840212969,100.0004000016,200.0016000128,0,900.032401166442,0,0,0,
4.93612,0,200.0016000128,200.0016000128,1100.04840212969,300.003600043201,100.0004000016,0,700.019600548815,0,0,0,
5.06247,0,200.0016000128,100.0004000016,900.032401166442,0,0,0,500.010000200004,0,0,0,
5.1887,0,700.019600548815,0,1100.04840212969,100.0004000016,0,100.0004000016,1000.04000160006,0,0,0,
5.31497,0,400.006400102402,100.0004000016,1100.04840212969,0,100.0004000016,0,600.014400345608,0,0,0,
5.44116,0,100.0004000016,0,900.032401166442,100.0004000016,100.0004000016,0,600.014400345608,0,100.0004000016,0,
5.56738,0,200.0016000128,100.0004000016,900.032401166442,100.0004000016,100.0004000016,0,900.032401166442,0,0,0,
5.69364,0,0,100.0004000016,800.025600819226,0,0,100.0004000016,500.010000200004,0,0,0,
5.81992,0,500.010000200004,200.0016000128,600.014400345608,0,100.0004000016,100.0004000016,500.010000200004,0,0,0,
5.94612,0,500.010000200004,0,1100.04840212969,0,100.0004000016,0,900.032401166442,0,0,0,
6.07228,0,800.025600819226,100.0004000016,900.032401166442,200.0016000128,0,200.0016000128,1000.04000160006,0,0,0,
6.1986,200.0016000128,100.0004000016,500.010000200004,700.019600548815,0,100.0004000016,0,1000.04000160006,0,0,0,
6.3249,0,300.003600043201,100.0004000016,1500.09000540032,100.0004000016,0,0,700.019600548815,0,0,0,
6.45117,100.0004000016,200.0016000128,300.003600043201,900.032401166442,100.0004000016,0,0,1400.07840439065,0,0,0,
6.57742,0,300.003600043201,0,1000.04000160006,200.0016000128,100.0004000016,0,1100.04840212969,0,0,0,
6.70374,0,200.0016000128,0,900.032401166442,200.0016000128,0,0,900.032401166442,0,0,0,
6.82993,0,400.006400102402,0,1300.06760351538,0,0,0,500.010000200004,0,0,0,
6.95618,100.0004000016,200.0016000128,100.0004000016,700.019600548815,200.0016000128,100.0004000016,200.0016000128,1200.05760276493,0,0,0,
7.08242,0,300.003600043201,0,1000.04000160006,0,0,0,1500.09000540032,0,0,0,
7.20865,100.0004000016,900.032401166442,100.0004000016,1000.04000160006,0,200.0016000128,300.003600043201,900.032401166442,0,0,0,
7.3349,0,800.025600819226,0,1000.04000160006,300.003600043201,200.0016000128,0,900.032401166442,0,0,0,
7.46113,0,400.006400102402,0,800.025600819226,100.0004000016,100.0004000016,0,900.032401166442,0,0,0,
7.58734,0,0,0,900.032401166442,100.0004000016,0,200.0016000128,900.032401166442,0,0,0,
7.71354,0,500.010000200004,300.003600043201,700.019600548815,100.0004000016,0,100.0004000016,600.014400345608,0,0,0,
7.8399,0,300.003600043201,400.006400102402,1700.11560786133,100.0004000016,0,100.0004000016,900.032401166442,0,0,0,
7.96609,100.0004000016,200.0016000128,0,500.010000200004,200.0016000128,0,100.0004000016,700.019600548815,0,0,0,
8.09239,100.0004000016,200.0016000128,100.0004000016,1300.06760351538,0,0,100.0004000016,900.032401166442,0,0,0,
8.21861,0,200.0016000128,0,1000.04000160006,300.003600043201,0,0,1200.05760276493,0,0,0,
8.34491,0,500.010000200004,100.0004000016,1000.04000160006,200.0016000128,100.0004000016,100.0004000016,200.0016000128,0,0,0,
8.47111,0,300.003600043201,100.0004000016,700.019600548815,0,0,100.0004000016,1400.07840439065,0,0,0,
8.59738,0,200.0016000128,100.0004000016,1100.04840212969,300.003600043201,0,0,800.025600819226,0,0,0,
8.7236,0,300.003600043201,200.0016000128,500.010000200004,0,0,300.003600043201,700.019600548815,0,0,0,
8.84988,100.0004000016,100.0004000016,0,700.019600548815,100.0004000016,200.0016000128,0,800.025600819226,0,0,0,
8.97619,0,100.0004000016,200.0016000128,900.032401166442,0,0,200.0016000128,500.010000200004,0,0,0,
9.10251,0,300.003600043201,200.0016000128,1500.09000540032,100.0004000016,0,0,900.032401166442,0,0,0,
9.22865,100.0004000016,100.0004000016,0,1100.04840212969,300.003600043201,0,0,300.003600043201,0,0,0,
9.35489,0,100.0004000016,100.0004000016,1000.04000160006,100.0004000016,0,0,700.019600548815,0,0,0,
9.48117,0,200.0016000128,200.0016000128,1400.07840439065,400.006400102402,0,100.0004000016,1400.07840439065,0,0,0,
9.6075,0,400.006400102402,0,1400.07840439065,0,0,100.0004000016,800.025600819226,0,0,0,
9.73379,0,500.010000200004,600.014400345608,1600.10240655402,200.0016000128,0,0,700.019600548815,0,0,0,
9.86008,0,300.003600043201,0,700.019600548815,100.0004000016,0,0,1000.04000160006,0,0,100.0004000016,
9.98637,0,200.0016000128,300.003600043201,1100.04840212969,100.0004000016,100.0004000016,100.0004000016,800.025600819226,0,0,0,
10.11263,0,400.006400102402,400.006400102402,1400.07840439065,100.0004000016,0,200.0016000128,900.032401166442,0,0,0,
10.23895,0,200.0016000128,100.0004000016,1200.05760276493,100.0004000016,0,0,1200.05760276493,0,0,0,
10.36514,0,200.0016000128,100.0004000016,700.019600548815,0,0,100.0004000016,600.014400345608,0,0,0,
10.49134,0,700.019600548815,100.0004000016,2000.16001280102,400.006400102402,0,0,1300.06760351538,0,0,0,
10.61762,0,500.010000200004,100.0004000016,1000.04000160006,100.0004000016,0,0,1000.04000160006,0,0,0,
10.74385,100.0004000016,0,100.0004000016,900.032401166442,100.0004000016,100.0004000016,0,1100.04840212969,0,0,0,
10.87016,0,500.010000200004,100.0004000016,1200.05760276493,0,100.0004000016,0,1100.04840212969,0,0,0,
10.99635,0,200.0016000128,0,1400.07840439065,200.0016000128,0,100.0004000016,1500.09000540032,0,0,0,
11.12264,0,400.006400102402,0,800.025600819226,200.0016000128,0,100.0004000016,1400.07840439065,0,0,0,
11.24884,100.0004000016,100.0004000016,100.0004000016,400.006400102402,300.003600043201,0,100.0004000016,700.019600548815,0,0,0,
11.37512,0,500.010000200004,0,800.025600819226,200.0016000128,0,100.0004000016,1200.05760276493,0,0,0,
11.50145,100.0004000016,500.010000200004,100.0004000016,300.003600043201,100.0004000016,100.0004000016,100.0004000016,600.014400345608,0,0,0,
11.62776,0,300.003600043201,400.006400102402,1500.09000540032,300.003600043201,0,0,1000.04000160006,0,0,0,
11.75399,0,100.0004000016,0,1600.10240655402,100.0004000016,200.0016000128,0,1000.04000160006,0,0,0,
11.88026,0,300.003600043201,200.0016000128,900.032401166442,200.0016000128,0,0,700.019600548815,0,0,0,
12.00642,100.0004000016,400.006400102402,100.0004000016,800.025600819226,100.0004000016,0,200.0016000128,1100.04840212969,0,0,0,
12.13274,100.0004000016,500.010000200004,100.0004000016,1000.04000160006,0,0,0,700.019600548815,0,0,0,
12.25906,200.0016000128,500.010000200004,400.006400102402,1700.11560786133,500.010000200004,0,0,1200.05760276493,0,0,0,
12.38529,0,800.025600819226,200.0016000128,1200.05760276493,300.003600043201,0,0,1200.05760276493,0,0,0,
12.51157,0,500.010000200004,200.0016000128,1400.07840439065,200.0016000128,0,0,600.014400345608,0,0,0,
12.63782,0,0,0,500.010000200004,600.014400345608,0,0,900.032401166442,0,0,100.0004000016,
12.76409,100.0004000016,400.006400102402,0,1000.04000160006,100.0004000016,200.0016000128,100.0004000016,900.032401166442,0,0,0,
12.89036,0,100.0004000016,0,700.019600548815,200.0016000128,0,0,1000.04000160006,0,0,0,
13.01665,0,1200.05760276493,200.0016000128,1000.04000160006,200.0016000128,100.0004000016,0,200.0016000128,0,0,0,
13.1429,0,100.0004000016,100.0004000016,1000.04000160006,0,0,0,400.006400102402,0,0,0,
13.26911,0,300.003600043201,100.0004000016,1000.04000160006,0,200.0016000128,100.0004000016,500.010000200004,100.0004000016,0,0,
13.39532,0,200.0016000128,0,1200.05760276493,200.0016000128,0,100.0004000016,1400.07840439065,0,0,0,
13.52155,0,200.0016000128,100.0004000016,1100.04840212969,400.006400102402,100.0004000016,100.0004000016,800.025600819226,0,0,0,
13.6477,0,400.006400102402,200.0016000128,1000.04000160006,200.0016000128,0,0,1100.04840212969,0,0,100.0004000016,
13.77394,0,400.006400102402,100.0004000016,600.014400345608,0,200.0016000128,200.0016000128,500.010000200004,0,0,0,
13.90021,0,400.006400102402,100.0004000016,300.003600043201,500.010000200004,200.0016000128,100.0004000016,700.019600548815,0,0,0,
14.02644,100.0004000016,300.003600043201,100.0004000016,1300.06760351538,200.0016000128,0,200.0016000128,800.025600819226,0,0,0,
14.15271,0,500.010000200004,0,900.032401166442,300.003600043201,100.0004000016,0,500.010000200004,0,0,0,
14.279,100.0004000016,400.006400102402,100.0004000016,800.025600819226,0,300.003600043201,0,700.019600548815,0,0,0,
14.40528,100.0004000016,0,500.010000200004,900.032401166442,100.0004000016,0,0,800.025600819226,0,0,100.0004000016,
14.53158,0,400.006400102402,100.0004000016,700.019600548815,200.0016000128,0,0,1100.04840212969,0,0,0,
14.65779,0,500.010000200004,100.0004000016,900.032401166442,100.0004000016,0,0,400.006400102402,0,0,0,
14.78402,0,600.014400345608,0,800.025600819226,300.003600043201,0,100.0004000016,1100.04840212969,0,0,0,
14.91035,0,500.010000200004,100.0004000016,1400.07840439065,200.0016000128,200.0016000128,100.0004000016,1000.04000160006,0,0,0,
15.03666,0,300.003600043201,100.0004000016,900.032401166442,0,0,0,1000.04000160006,0,0,0,
15.16299,0,200.0016000128,100.0004000016,1200.05760276493,200.0016000128,100.0004000016,0,1000.04000160006,0,0,0,
15.28921,0,300.003600043201,300.003600043201,800.025600819226,200.0016000128,0,300.003600043201,700.019600548815,0,0,100.0004000016,
15.41549,0,400.006400102402,0,800.025600819226,100.0004000016,100.0004000016,0,300.003600043201,0,0,0,
15.54176,200.0016000128,200.0016000128,400.006400102402,800.025600819226,100.0004000016,0,200.0016000128,800.025600819226,0,0,0,
15.66802,0,600.014400345608,300.003600043201,600.014400345608,0,0,0,1700.11560786133,0,0,0,
15.7943,0,500.010000200004,300.003600043201,1300.06760351538,200.0016000128,0,0,1100.04840212969,0,0,0,
15.92049,0,100.0004000016,0,1000.04000160006,100.0004000016,0,100.0004000016,1400.07840439065,0,0,0,
16.0468,0,400.006400102402,100.0004000016,1000.04000160006,500.010000200004,200.0016000128,100.0004000016,500.010000200004,0,0,0,
16.17307,0,300.003600043201,0,1100.04840212969,200.0016000128,100.0004000016,0,800.025600819226,0,0,0,
16.2992,0,600.014400345608,0,1300.06760351538,0,100.0004000016,0,700.019600548815,0,0,0,
16.42554,0,200.0016000128,200.0016000128,1100.04840212969,300.003600043201,300.003600043201,0,500.010000200004,0,0,0,
16.55182,0,200.0016000128,100.0004000016,1100.04840212969,200.0016000128,200.0016000128,0,800.025600819226,0,0,0,
16.67811,0,300.003600043201,0,1400.07840439065,200.0016000128,0,0,1700.11560786133,0,0,0,
16.80434,0,300.003600043201,200.0016000128,1300.06760351538,200.0016000128,0,0,1000.04000160006,0,0,0,
16.93054,0,200.0016000128,200.0016000128,900.032401166442,100.0004000016,200.0016000128,0,700.019600548815,0,100.0004000016,0,
17.05676,0,300.003600043201,0,800.025600819226,0,0,0,900.032401166442,0,0,0,
17.18292,0,700.019600548815,200.0016000128,900.032401166442,0,300.003600043201,0,400.006400102402,0,0,0,
17.30924,0,300.003600043201,0,1100.04840212969,100.0004000016,0,0,1000.04000160006,0,0,0,
17.4355,0,200.0016000128,400.006400102402,1200.05760276493,200.0016000128,100.0004000016,0,600.014400345608,0,0,0,
17.56178,100.0004000016,500.010000200004,0,1800.12960933187,300.003600043201,0,100.0004000016,1400.07840439065,0,0,0,
17.68806,0,200.0016000128,100.0004000016,1200.05760276493,200.0016000128,100.0004000016,0,900.032401166442,0,0,0,
17.8143,0,500.010000200004,100.0004000016,1100.04840212969,200.0016000128,0,0,1100.04840212969,0,0,0,
17.94051,100.0004000016,200.0016000128,200.0016000128,1000.04000160006,200.0016000128,0,0,700.019600548815,0,0,0,
18.0668,100.0004000016,800.025600819226,0,800.025600819226,200.0016000128,0,0,600.014400345608,0,0,0,
18.19306,0,200.0016000128,100.0004000016,1100.04840212969,100.0004000016,100.0004000016,0,1400.07840439065,0,0,0,
18.31929,0,100.0004000016,500.010000200004,1100.04840212969,200.0016000128,0,0,1500.09000540032,0,0,0,
18.44556,0,300.003600043201,100.0004000016,1100.04840212969,400.006400102402,0,0,1400.07840439065,0,0,0,
18.5718,0,0,200.0016000128,1100.04840212969,0,0,0,900.032401166442,0,0,0,
18.6981,0,500.010000200004,0,1400.07840439065,100.0004000016,0,0,600.014400345608,0,0,0,
18.82435,0,400.006400102402,100.0004000016,1500.09000540032,300.003600043201,100.0004000016,0,700.019600548815,0,0,100.0004000016,
18.95055,0,500.010000200004,100.0004000016,900.032401166442,200.0016000128,100.0004000016,0,400.006400102402,0,0,0,
19.07694,0,600.014400345608,300.003600043201,1100.04840212969,300.003600043201,0,0,500.010000200004,0,0,0,
19.2032,100.0004000016,300.003600043201,200.0016000128,400.006400102402,200.0016000128,100.0004000016,0,700.019600548815,0,0,0,
19.32949,0,400.006400102402,0,1600.10240655402,200.0016000128,0,0,900.032401166442,0,0,0,
19.45569,100.0004000016,200.0016000128,0,1100.04840212969,0,0,100.0004000016,1400.07840439065,100.0004000016,0,0,
19.58201,300.003600043201,400.006400102402,100.0004000016,1400.07840439065,300.003600043201,0,100.0004000016,700.019600548815,0,0,0,
19.70828,0,600.014400345608,100.0004000016,1000.04000160006,0,100.0004000016,0,900.032401166442,0,0,0,
19.83456,0,200.0016000128,100.0004000016,1100.04840212969,0,0,0,900.032401166442,0,0,0,
19.96084,0,500.010000200004,100.0004000016,1300.06760351538,200.0016000128,200.0016000128,0,700.019600548815,0,0,0,
20.08716,0,200.0016000128,100.0004000016,1100.04840212969,200.0016000128,300.003600043201,0,800.025600819226,0,0,0,
20.21346,0,200.0016000128,200.0016000128,1300.06760351538,0,0,100.0004000016,800.025600819226,0,0,0,
20.33974,0,700.019600548815,100.0004000016,1200.05760276493,500.010000200004,100.0004000016,0,800.025600819226,0,0,0,
20.46597,0,500.010000200004,100.0004000016,700.019600548815,100.0004000016,0,0,1500.09000540032,0,0,0,
20.59219,0,300.003600043201,300.003600043201,1100.04840212969,200.0016000128,0,0,800.025600819226,0,0,0,
20.71844,100.0004000016,300.003600043201,300.003600043201,1100.04840212969,100.0004000016,500.010000200004,700.019600548815,2300.21161946899,13707.5117164206,11805.5722300926,13807.6218072376,
20.8448,8202.69048247825,1500.09000540032,42873.3992595323,17111.7044058136,11605.3848985929,10804.6676164103,6001.44034568296,6801.85010322808,61249.6942527537,32241.5270868879,29434.6151073663,
20.97112,15109.1259120509,2100.17641481884,85592.0400406186,35751.0525029742,16110.3750815525,11004.8421305374,8202.69048247825,11305.1099096792,99091.2121053921,51606.3089965329,34146.5759295679,
21.09738,23021.1794851263,3800.57768780855,124214.114582496,38559.381447429,21618.6785382571,15910.1188355794,7402.19104855037,13307.0793662228,126638.256814344,63762.2110649492,38057.8479288519,
21.22367,23421.922919853,2700.2916314962,130881.631537045,42672.714305176,20416.6599945556,16010.246557797,7102.01697282028,15209.2472223112,115430.518663779,53413.8783887248,35450.1974796312,
21.34987,16210.5044068556,3900.60849492521,118357.701489418,39662.8259162513,19815.6940296715,10204.1632986258,6101.48876325823,13006.7635170289,106753.917657881,56326.6222468108,34647.952766629,
21.4761,19314.911111378,2600.27042812453,127648.454147067,43977.2240053534,20116.1734034163,16110.3750815525,5501.21026625858,13607.4024269202,116641.683980405,61149.2040579013,36152.2037822616,
21.60227,20616.9883984403,3800.57768780855,121285.566716105,38659.6905622281,20817.3200102485,15009.0054032419,6901.90492575951,14908.8856958747,121588.488283291,64164.2605068977,39161.2481921726,
21.72851,20416.6599945556,3000.36004320518,133205.991756308,40565.7164606663,24123.2548176442,15509.6159618964,6701.7960813498,17211.841747122,121588.488283291,64968.3980878437,36051.9147572504,
21.85478,20817.3200102485,2700.2916314962,122093.373796652,42973.74294289,21217.9928579435,16811.2971917128,7502.25067520256,12906.6598364756,120477.811584359,62757.1438882963,34447.3996218797,
21.98101,20516.8237955123,4100.67251029169,134216.717270223,41368.3404985035,22019.3770518056,12906.6598364756,7502.25067520256,16310.634533716,124416.108569637,59440.9940378578,38158.1530252104,
22.10735,20717.1538033492,2800.31363512713,132296.408293256,39963.7821963854,25125.2257266295,15309.3693340324,6001.44034568296,14508.4148806308,117247.310445158,65068.9189134994,36252.4936107484,
22.23356,19815.6940296715,3100.38444767151,123911.129691639,39361.8768704403,21718.8519635043,13507.2939387269,5101.04061228491,12906.6598364756,122396.314845929,61149.2040579013,38960.6227289663,
22.35979,22319.9093591484,4500.81014582625,121891.417156041,43375.1257177431,18613.8487034354,11905.6670975384,5601.25468104855,13006.7635170289,113714.901072054,59541.4705339888,36753.9548056547,
22.48607,20316.4969955604,3600.51847466035,119670.1083964,36453.0756781874,17412.118834709,12406.1534521122,6101.48876325823,13006.7635170289,117852.966117021,66777.8963157853,34447.3996218797,
22.6124,19715.5358422437,2800.31363512713,127749.478347921,45382.2326054811,22420.0883992057,12205.9565067753,6801.85010322808,13407.186251831,124618.105804792,64566.3228476556,39763.1438724695,
22.7387,20316.4969955604,2800.31363512713,122396.314845929,39361.8768704403,21819.0261908384,13907.7326993809,5801.34591225164,13206.9732818928,118862.457147221,63360.1745211896,36352.7842427204,
22.86498,20917.487019148,4200.70571856072,124214.114582496,40766.3676465285,23321.7358578195,16410.7654621432,6601.74286011507,12906.6598364756,124416.108569637,61852.6523459899,37155.1382251261,
22.99138,20216.3347985172,3700.5476810568,123709.14382419,41468.6721210324,25125.2257266295,14508.4148806308,6301.58800017604,16911.4321281186,118054.85783181,65370.4862280828,41368.3404985035,
23.1177,21217.9928579435,4400.77453631839,144227.287722376,40264.7457111035,21117.8234429859,15309.3693340324,7102.01697282028,13307.0793662228,116237.949229032,61450.6770601515,34748.2305439951,
23.24401,18313.4054127621,3700.5476810568,118963.410713137,35450.1974796312,20616.9883984403,12306.0545788528,6301.58800017604,14408.2991803279,109880.838549493,59541.4705339888,35450.1974796312,
23.37029,20616.9883984403,4000.64010241639,118862.457147221,40064.1025641026,20016.0128102482,13106.8679988314,6001.44034568296,14408.2991803279,123608.152108373,55422.5947796526,40365.0684904065,
23.49658,19314.911111378,2400.23042212052,124113.118806906,42572.3730341581,21919.201220269,13507.2939387269,6901.90492575951,14007.84439286,112201.315477554,58938.6236428079,34447.3996218797,
23.62283,18413.5523745477,3800.57768780855,109981.719933308,38960.6227289663,20516.8237955123,15509.6159618964,6801.85010322808,14608.5313823273,109073.816659569,55623.4841347792,35650.7666917691,
23.74915,16811.2971917128,4100.67251029169,119367.233091652,36453.0756781874,20616.9883984403,15309.3693340324,5901.39272868397,13707.5117164206,126032.177401848,71001.0750445261,39562.5087638469,
23.87542,20116.1734034163,3900.60849492521,139170.447597902,41468.6721210324,25225.4272306485,17612.3991289868,8903.16952835209,13807.6218072376,124012.12384329,66476.2951346972,38258.4589252378,
24.00168,19114.6035571176,3600.51847466035,120578.778135048,38559.381447429,19915.8530190031,12406.1534521122,6201.53798141939,15209.2472223112,118761.504392769,56929.3434683601,36553.3679171591,
24.12798,18814.1482394761,3300.43565750679,117449.192423774,40666.0416516423,23522.1107841371,15609.7404780583,5701.29989637637,12906.6598364756,117651.077647702,65672.0607992942,38659.6905622281,
24.25422,19915.8530190031,4100.67251029169,121386.539760121,37656.6355799122,22620.4488857928,14608.5313823273,8402.82334864514,14608.5313823273,127547.43075853,64465.8060531688,41769.6718125834,
24.3805,21017.6548300572,3400.46246289495,126537.241548438,39562.5087638469,24123.2548176442,13407.186251831,6201.53798141939,13407.186251831,117348.251028807,59742.4259434492,34246.8496903764,
24.50677,20616.9883984403,3100.38444767151,107964.246258913,34146.5759295679,19715.5358422437,10904.7544729502,9103.31360615264,13507.2939387269,103930.271323278,52108.3854417188,31639.9929510902,
24.63291,17412.118834709,2700.2916314962,101712.13758148,32642.5659059413,17211.841747122,12606.3536022155,5901.39272868397,12806.5569571621,94858.5653771255,53012.1737596755,34748.2305439951,
24.75913,18814.1482394761,3300.43565750679,115430.518663779,35851.3391176164,20516.8237955123,12606.3536022155,6901.90492575951,14408.2991803279,116641.683980405,59943.3845759056,39261.5621294189,
24.88534,19314.911111378,2300.21161946899,128557.701199336,41268.0096799526,23221.549598027,11605.3848985929,7202.07419736884,16410.7654621432,129669.09251739,71302.7851208838,37255.4360889003,
25.01166,19715.5358422437,3700.5476810568,127345.386418368,37155.1382251261,21017.6548300572,14708.648685427,6801.85010322808,15109.1259120509,114724.059503813,57632.5548762153,32141.2693898966,
25.13797,17412.118834709,3700.5476810568,116137.01756924,37456.0342272039,24724.4277346018,14007.84439286,6001.44034568296,15309.3693340324,121285.566716105,62154.1422728366,36653.6609596449,
25.26421,19114.6035571176,4300.73972723308,131285.837213604,37054.8411649241,22820.8125810739,13006.7635170289,7602.31110257518,13907.7326993809,121790.440053379,59240.0434627459,38057.8479288519,
25.39049,20316.4969955604,3600.51847466035,123507.161204481,35650.7666917691,25926.8602271954,14308.184281409,6901.90492575951,15709.8657957197,123608.152108373,61953.1481823067,38158.1530252104,
25.51667,19915.8530190031,4600.84655576626,121992.395070462,40967.0220480706,20817.3200102485,13507.2939387269,7302.132222609,14708.648685427,115834.227457032,57833.4796710809,34246.8496903764,
25.64296,17812.6826300326,3000.36004320518,126537.241548438,43375.1257177431,20316.4969955604,13307.0793662228,6701.7960813498,14107.9568876847,128961.832122452,66677.361782341,42271.354045629,
25.76927,17111.7044058136,3300.43565750679,125325.121707075,42472.032567234,23221.549598027,15609.7404780583,8002.56081946223,16611.0297237366,119468.190715041,63661.7007198284,40565.7164606663,
25.89565,19114.6035571176,3200.40965243551,123709.14382419,42171.0159909287,23522.1107841371,15509.6159618964,5701.29989637637,16510.8971921468,115531.444645369,57933.9432768561,38057.8479288519,
26.02195,19314.911111378,3500.49006860961,116944.493562025,32843.0901342561,20316.4969955604,10604.4963064339,6801.85010322808,12205.9565067753,112201.315477554,55523.0390545449,37355.7347562563,
26.14819,18613.8487034354,2800.31363512713,120376.845845291,41769.6718125834,19214.7569333248,16210.5044068556,5601.25468104855,13907.7326993809,117348.251028807,57130.2569859279,38158.1530252104,
26.27448,16110.3750815525,3800.57768780855,117449.192423774,37355.7347562563,22820.8125810739,13106.8679988314,6601.74286011507,13307.0793662228,118559.601318222,56527.5260988791,35450.1974796312,
26.40073,18513.7001381022,4300.73972723308,115935.15668325,39562.5087638469,23021.1794851263,13707.5117164206,6901.90492575951,13006.7635170289,109275.567268754,55523.0390545449,31138.7365883159,
26.52694,17712.5404786589,3100.38444767151,106653.062208261,38559.381447429,20817.3200102485,13507.2939387269,5801.34591225164,14508.4148806308,119367.233091652,61450.6770601515,43074.0874303803,
26.65325,18413.5523745477,3000.36004320518,123204.193364258,40866.6944453348,21718.8519635043,11705.4781637807,7502.25067520256,14107.9568876847,120679.745497369,58235.3389276679,35049.0686961746,
26.77949,17211.841747122,3200.40965243551,122800.247610319,39060.9350586916,20416.6599945556,15009.0054032419,6901.90492575951,14608.5313823273,116742.619696349,65873.1145450243,38057.8479288519,
26.90576,20116.1734034163,2600.27042812453,132902.789953273,40967.0220480706,23822.6791905894,13907.7326993809,7502.25067520256,13707.5117164206,132498.532262086,66878.4316556573,38057.8479288519,
27.032,20416.6599945556,3400.46246289495,110486.139011651,37957.5436361524,22420.0883992057,16611.0297237366,7202.07419736884,14808.7667899396,126133.188606806,57230.7149529525,38659.6905622281,
27.15826,19114.6035571176,3100.38444767151,122699.263201476,39161.2481921726,20717.1538033492,17311.9798900839,6101.48876325823,13907.7326993809,116540.749075711,63661.7007198284,35249.6314811254,
27.28455,18613.8487034354,3300.43565750679,111293.251691497,39161.2481921726,19314.911111378,14408.2991803279,7001.96054895371,13206.9732818928,109275.567268754,55422.5947796526,34347.1242544771,
27.41075,17612.3991289868,3000.36004320518,119569.149149954,39361.8768704403,20016.0128102482,14808.7667899396,8502.8909829342,13807.6218072376,118256.752792145,61249.6942527537,33745.4889190629,
27.53694,17712.5404786589,3400.46246289495,111091.46865734,35751.0525029742,18413.5523745477,12105.8592358702,6701.7960813498,11905.6670975384,107863.381085142,53112.5987092636,34748.2305439951,
27.6633,18213.259252736,3800.57768780855,118559.601318222,40866.6944453348,20616.9883984403,14508.4148806308,5601.25468104855,13507.2939387269,111999.517849609,58235.3389276679,35851.3391176164,
27.78957,18713.9980705568,4400.77453631839,125931.167009049,38559.381447429,21919.201220269,12506.2531265633,5801.34591225164,13807.6218072376,116237.949229032,57833.4796710809,33946.0308177889,
27.9159,19515.221873061,3000.36004320518,119569.149149954,41368.3404985035,21217.9928579435,15109.1259120509,8002.56081946223,14708.648685427,123507.161204481,65873.1145450243,37054.8411649241,
28.04215,20917.487019148,3300.43565750679,126133.188606806,43274.7788177972,21117.8234429859,15009.0054032419,6701.7960813498,14007.84439286,118862.457147221,59340.5183474468,39361.8768704403,
28.16829,20817.3200102485,2800.31363512713,114522.221329261,40565.7164606663,20116.1734034163,12806.5569571621,6901.90492575951,15209.2472223112,115329.593493321,63862.7222162069,37054.8411649241,
28.29453,20116.1734034163,2500.2500250025,126941.307485416,40064.1025641026,21017.6548300572,15509.6159618964,8002.56081946223,13507.2939387269,105846.247780643,52409.640968907,32442.0448901777,
28.42076,18012.9693379233,3100.38444767151,110284.368948421,36152.2037822616,18613.8487034354,14608.5313823273,7102.01697282028,12506.2531265633,105140.327692376,51505.8961224277,31138.7365883159,
28.54704,18213.259252736,4900.9605882753,122396.314845929,37656.6355799122,21718.8519635043,15309.3693340324,7802.43435952017,15309.3693340324,123002.218863556,66677.361782341,43475.4734218603,
28.6733,21117.8234429859,4100.67251029169,124921.107747722,43575.8219301585,25526.0365572884,15709.8657957197,9503.61137232148,17812.6826300326,128860.798173031,63762.2110649492,33946.0308177889,
28.79953,18413.5523745477,3300.43565750679,121891.417156041,38258.4589252378,20616.9883984403,15109.1259120509,7702.37233067785,12806.5569571621,114824.979807681,64566.3228476556,38158.1530252104,
28.92576,19314.911111378,3800.57768780855,120477.811584359,40565.7164606663,25425.8326459683,13507.2939387269,6801.85010322808,12606.3536022155,113008.538422903,56627.9792330667,30336.7681630136,
29.05197,18413.5523745477,3200.40965243551,117953.911568727,39462.1924152464,19314.911111378,20616.9883984403,7602.31110257518,12306.0545788528,116036.086720649,56125.7216164208,33143.8825004306,
29.17818,16711.163056922,4300.73972723308,116641.683980405,34547.6757925938,23421.922919853,14007.84439286,6901.90492575951,14908.8856958747,120982.65245422,59240.0434627459,32742.827618525,
29.30449,20016.0128102482,3400.46246289495,119670.1083964,37756.9374616922,20516.8237955123,12105.8592358702,5801.34591225164,13807.6218072376,120174.916801981,54819.9460419398,35550.4816839913,
29.43072,21819.0261908384,3300.43565750679,113311.260406956,40064.1025641026,20516.8237955123,14708.648685427,5801.34591225164,12906.6598364756,122699.263201476,59742.4259434492,34647.952766629,
29.557,16811.2971917128,3500.49006860961,131993.228435745,40365.0684904065,23321.7358578195,13907.7326993809,6301.58800017604,14208.0701838644,122901.232831009,65672.0607992942,40666.0416516423,
29.68324,19815.6940296715,3800.57768780855,127951.529186618,40164.423735672,22820.8125810739,14107.9568876847,6101.48876325823,12706.4548790786,113815.81326572,56828.8879177976,37857.2401471024,
29.8095,20616.9883984403,3400.46246289495,126638.256814344,42271.354045629,20416.6599945556,15709.8657957197,7602.31110257518,12906.6598364756,127648.454147067,60948.2260858408,36051.9147572504,
29.93569,15009.0054032419,3400.46246289495,114824.979807681,40866.6944453348,20116.1734034163,16010.246557797,8202.69048247825,14408.2991803279,113109.44494001,60646.7651717156,33244.1482288479,
30.0619,17111.7044058136,2400.23042212052,120780.713671332,41067.3504547458,25025.025025025,13407.186251831,6001.44034568296,13006.7635170289,109275.567268754,63058.6555774328,34447.3996218797,
30.18818,18413.5523745477,2900.33643902693,119165.320279406,42271.354045629,21618.6785382571,12506.2531265633,6501.69043951427,16510.8971921468,112201.315477554,59139.5693837456,41268.0096799526,
30.31446,21217.9928579435,2600.27042812453,127951.529186618,43174.4327220127,22219.7311212357,13807.6218072376,6801.85010322808,14708.648685427,112604.920463358,57833.4796710809,37756.9374616922,
30.44066,18413.5523745477,4900.9605882753,127547.43075853,41468.6721210324,23722.4889194957,15009.0054032419,7102.01697282028,16811.2971917128,118862.457147221,62053.6448245857,36453.0756781874,
30.56697,18113.1138944596,4000.64010241639,121285.566716105,41870.0066511207,20216.3347985172,15509.6159618964,7202.07419736884,17111.7044058136,106552.207568923,56125.7216164208,33244.1482288479,
30.69313,18113.1138944596,3400.46246289495,119165.320279406,36854.249455198,21718.8519635043,12406.1534521122,5701.29989637637,11305.1099096792,105140.327692376,55322.1513100927,32843.0901342561,
30.81937,18113.1138944596,2900.33643902693,108065.112243094,40064.1025641026,21418.3340939844,13106.8679988314,6201.53798141939,13807.6218072376,107258.207060563,63661.7007198284,35550.4816839913,
30.94566,17912.8255831175,3000.36004320518,119972.99100504,41167.6796653699,22820.8125810739,14908.8856958747,7102.01697282028,13407.186251831,110385.253574714,57130.2569859279,37255.4360889003,
31.07188,18413.5523745477,4100.67251029169,121689.463762465,41067.3504547458,20516.8237955123,16510.8971921468,7902.49718911176,15009.0054032419,127042.326000257,60546.2798120259,38358.7656289435,
31.19814,22820.8125810739,4800.92177698118,142002.027451043,42672.714305176,26227.4864057532,16310.634533716,7502.25067520256,15209.2472223112,128759.765036045,65772.5872689938,37355.7347562563,
31.32443,23421.922919853,4300.73972723308,130881.631537045,43475.4734218603,25025.025025025,15109.1259120509,4900.9605882753,14808.7667899396,114219.470150243,54719.5074041707,36152.2037822616,
31.45055,20316.4969955604,3700.5476810568,123608.152108373,41569.0045475489,21618.6785382571,15509.6159618964,7001.96054895371,14808.7667899396,111898.620251842,58034.4076882059,36753.9548056547,
31.57682,17512.2585810067,3100.38444767151,129467.014056419,39261.5621294189,24524.0335528818,13807.6218072376,7102.01697282028,17111.7044058136,113412.169356815,61953.1481823067,39662.8259162513,
31.70311,20416.6599945556,4100.67251029169,124113.118806906,40967.0220480706,22420.0883992057,13707.5117164206,6201.53798141939,14107.9568876847,120477.811584359,64666.8404483568,34046.302972042,
31.82943,16611.0297237366,4500.81014582625,128355.640612247,40666.0416516423,22119.5536854579,15109.1259120509,6701.7960813498,14708.648685427,118054.85783181,58436.2733895444,36753.9548056547,
31.9557,19615.3784567101,3900.60849492521,124517.106781208,42070.6787402837,20616.9883984403,17011.567866149,8002.56081946223,13006.7635170289,111595.932323245,59943.3845759056,38760.0004807442,
32.08198,17612.3991289868,2700.2916314962,119468.190715041,39462.1924152464,17311.9798900839,12706.4548790786,4300.73972723308,11205.0198488923,103325.286880801,58235.3389276679,36152.2037822616,
32.20826,20717.1538033492,3600.51847466035,116137.01756924,41669.3377780627,21618.6785382571,11405.2007715518,5601.25468104855,14908.8856958747,98587.2507208314,55623.4841347792,31138.7365883159,
32.33447,16611.0297237366,3000.36004320518,114623.14001101,35951.6265357053,21418.3340939844,14508.4148806308,6601.74286011507,14808.7667899396,107359.067372083,60546.2798120259,35450.1974796312,
32.46071,21919.201220269,4800.92177698118,135227.524079548,40264.7457111035,19715.5358422437,12506.2531265633,7402.19104855037,14708.648685427,116944.493562025,60144.3464314354,38258.4589252378,
32.58699,19715.5358422437,3800.57768780855,131083.732750024,47590.4218014227,25826.6531060054,15809.9919148902,7302.132222609,15209.2472223112,132094.287575497,60847.7383086133,38659.6905622281,
32.71319,21117.8234429859,4100.67251029169,137249.381623665,44278.2840061228,24223.4482979524,14608.5313823273,5601.25468104855,15409.4922472243,122901.232831009,59240.0434627459,39161.2481921726,
32.83945,20616.9883984403,3100.38444767151,123709.14382419,40164.423735672,23622.2994506814,14107.9568876847,7102.01697282028,12706.4548790786,103325.286880801,59440.9940378578,35851.3391176164,
32.96576,17512.2585810067,3300.43565750679,111696.82748867,36252.4936107484,19314.911111378,11405.2007715518,5201.0818250196,10904.7544729502,106350.500721054,53815.5958999932,31740.2466327303,
33.09199,16811.2971917128,2800.31363512713,116540.749075711,36051.9147572504,20817.3200102485,14908.8856958747,7202.07419736884,13907.7326993809,115935.15668325,60646.7651717156,38258.4589252378,
33.21828,20216.3347985172,2200.1936170383,126133.188606806,40565.7164606663,20116.1734034163,13807.6218072376,6301.58800017604,13307.0793662228,114724.059503813,55723.9300203653,34447.3996218797,
33.3445,18113.1138944596,3200.40965243551,117651.077647702,36854.249455198,18113.1138944596,12205.9565067753,4300.73972723308,11505.2924345199,115632.371438101,54518.6325444167,37456.0342272039,
33.47066,20516.8237955123,4000.64010241639,130982.681737214,45582.960989,23522.1107841371,16010.246557797,6901.90492575951,15509.6159618964,129770.13296664,64867.8780684411,37957.5436361524,
33.59689,19415.0660912868,3600.51847466035,119266.276279776,46586.6511711784,20817.3200102485,12806.5569571621,6201.53798141939,13707.5117164206,114219.470150243,62053.6448245857,35550.4816839913,
33.72312,21318.1630749398,3700.5476810568,138867.101870734,42070.6787402837,21418.3340939844,15409.4922472243,6901.90492575951,12205.9565067753,108165.979037694,60445.7952581627,37756.9374616922,
33.84942,20717.1538033492,3100.38444767151,123305.181832434,38258.4589252378,21017.6548300572,11905.6670975384,6601.74286011507,14208.0701838644,97579.3886631222,49698.6020264204,30837.992406645,
33.97573,17612.3991289868,3600.51847466035,107964.246258913,35049.0686961746,20516.8237955123,10804.6676164103,7102.01697282028,13006.7635170289,106653.062208261,55924.8242076314,38659.6905622281,
34.10196,17712.5404786589,2100.17641481884,122093.373796652,38158.1530252104,20516.8237955123,13807.6218072376,5601.25468104855,13707.5117164206,113613.989689355,57733.0168708705,35349.9140786791,
34.22819,20717.1538033492,3300.43565750679,118660.552449773,40264.7457111035,18613.8487034354,16110.3750815525,6501.69043951427,12806.5569571621,101712.13758148,54418.1963224123,33244.1482288479,
34.35438,16911.4321281186,3600.51847466035,111595.932323245,35650.7666917691,21117.8234429859,12906.6598364756,5701.29989637637,12105.8592358702,108266.846642723,55523.0390545449,38459.0731363374,
34.48063,20016.0128102482,2600.27042812453,120174.916801981,35049.0686961746,21518.505915087,13607.4024269202,6901.90492575951,13407.186251831,121992.395070462,58938.6236428079,40666.0416516423,
34.60692,19715.5358422437,3700.5476810568,139676.040078677,39963.7821963854,25025.025025025,15910.1188355794,6801.85010322808,16711.163056922,126739.27289247,67984.3736212609,42171.0159909287,
34.7332,18713.9980705568,3100.38444767151,125022.110019457,44478.9946945776,24624.2302425587,15209.2472223112,6801.85010322808,16210.5044068556,118256.752792145,62154.1422728366,36653.6609596449,
34.85944,17412.118834709,2600.27042812453,126133.188606806,38358.7656289435,20516.8237955123,14708.648685427,4700.88376614804,13307.0793662228,118660.552449773,54518.6325444167,34447.3996218797,
34.98569,17412.118834709,2600.27042812453,119771.068454391,39662.8259162513,19214.7569333248,13206.9732818928,7102.01697282028,15910.1188355794,115026.822848647,65571.5351359155,36753.9548056547,
35.11193,20316.4969955604,1700.11560786133,121689.463762465,45181.5074394207,22420.0883992057,14308.184281409,6901.90492575951,11605.3848985929,117247.310445158,64566.3228476556,34848.5091247016,
35.23823,17612.3991289868,4100.67251029169,116641.683980405,39763.1438724695,22219.7311212357,13907.7326993809,5901.39272868397,15009.0054032419,116036.086720649,63259.6674005189,33244.1482288479,
35.36448,20316.4969955604,4000.64010241639,126840.289782824,38659.6905622281,20016.0128102482,13507.2939387269,6701.7960813498,11905.6670975384,113613.989689355,68688.205683573,41870.0066511207,
35.49069,21117.8234429859,2400.23042212052,125931.167009049,40565.7164606663,23622.2994506814,15409.4922472243,6301.58800017604,12105.8592358702,117651.077647702,65672.0607992942,37556.3345017526,
35.61708,21718.8519635043,3500.49006860961,131285.837213604,37355.7347562563,18513.7001381022,13106.8679988314,6301.58800017604,15409.4922472243,110183.485132763,59742.4259434492,36954.5449082846,
35.74334,18914.2992102029,3200.40965243551,116540.749075711,38760.0004807442,18413.5523745477,12506.2531265633,6001.44034568296,13206.9732818928,117449.192423774,54317.7609056434,40666.0416516423,
35.86958,17512.2585810067,2800.31363512713,115834.227457032,34647.952766629,25425.8326459683,14208.0701838644,6501.69043951427,17111.7044058136,115935.15668325,65471.0102788483,40365.0684904065,
35.99579,20016.0128102482,3300.43565750679,129062.866884318,34647.952766629,22119.5536854579,15309.3693340324,6701.7960813498,16210.5044068556,116338.881700035,61953.1481823067,38057.8479288519,
36.12202,20416.6599945556,3400.46246289495,113815.81326572,37355.7347562563,17612.3991289868,14107.9568876847,5101.04061228491,9603.68781612139,108872.069292452,57431.6333035317,35851.3391176164,
36.24831,17211.841747122,4400.77453631839,117651.077647702,41268.0096799526,20316.4969955604,12005.7627661277,7802.43435952017,13507.2939387269,108569.454320482,51003.8438260298,32442.0448901777,
36.37452,18613.8487034354,2900.33643902693,120578.778135048,37054.8411649241,20917.487019148,10704.5815609081,6401.6388195378,13907.7326993809,102115.40546945,59240.0434627459,36252.4936107484,
36.5007,18513.7001381022,2700.2916314962,113412.169356815,39562.5087638469,18012.9693379233,14408.2991803279,6501.69043951427,13707.5117164206,122295.333684376,66275.2317126482,36252.4936107484,
36.62698,18713.9980705568,3900.60849492521,132094.287575497,43174.4327220127,22319.9093591484,15709.8657957197,8402.82334864514,13507.2939387269,122901.232831009,64666.8404483568,38760.0004807442,
36.75321,19415.0660912868,4000.64010241639,123204.193364258,39161.2481921726,22219.7311212357,16010.246557797,7202.07419736884,14007.84439286,124820.106288039,58637.211073913,35650.7666917691,
36.87949,19615.3784567101,2900.33643902693,120679.745497369,38358.7656289435,21318.1630749398,16510.8971921468,7102.01697282028,14608.5313823273,114118.554712614,61752.1573156257,37255.4360889003,
37.00564,17011.567866149,3800.57768780855,117550.134630069,36854.249455198,20116.1734034163,13907.7326993809,6801.85010322808,12906.6598364756,119771.068454391,58938.6236428079,36453.0756781874,
37.1318,15910.1188355794,2600.27042812453,121386.539760121,39963.7821963854,18113.1138944596,14308.184281409,6601.74286011507,12606.3536022155,105846.247780643,53715.1653144341,35650.7666917691,
37.25803,23522.1107841371,2900.33643902693,118155.804906279,35450.1974796312,18613.8487034354,12005.7627661277,7302.132222609,13607.4024269202,114320.386398888,60747.2513372415,36051.9147572504,
37.38432,18513.7001381022,3300.43565750679,126234.200623935,43575.8219301585,22119.5536854579,16410.7654621432,7602.31110257518,13607.4024269202,137754.896834654,73314.3712214515,43475.4734218603,
37.51064,23522.1107841371,2400.23042212052,137552.688310435,38158.1530252104,23522.1107841371,13807.6218072376,6901.90492575951,15409.4922472243,122699.263201476,61350.1852535006,35349.9140786791,
37.63694,21217.9928579435,2800.31363512713,114017.64008599,37756.9374616922,16811.2971917128,9903.92195309342,6801.85010322808,13707.5117164206,103829.438557875,56427.0737701303,33745.4889190629,
37.76326,19214.7569333248,2700.2916314962,107863.381085142,36252.4936107484,17211.841747122,11004.8421305374,6301.58800017604,12706.4548790786,106350.500721054,56125.7216164208,32341.7855869784,
37.88952,20116.1734034163,3400.46246289495,112403.116348777,39060.9350586916,19715.5358422437,12005.7627661277,6101.48876325823,13507.2939387269,123406.171112505,67582.2016155555,40365.0684904065,
38.01577,21217.9928579435,3800.57768780855,129972.216302718,41769.6718125834,19415.0660912868,11805.5722300926,6401.6388195378,15409.4922472243,113613.989689355,58938.6236428079,30938.239664225,
38.14197,18313.4054127621,3300.43565750679,116944.493562025,40164.423735672,18914.2992102029,12205.9565067753,5601.25468104855,15209.2472223112,118155.804906279,63058.6555774328,34647.952766629,
38.26825,19715.5358422437,4600.84655576626,122194.35333462,41368.3404985035,22520.2682414173,15509.6159618964,6301.58800017604,12906.6598364756,119165.320279406,69090.4131787206,38057.8479288519,
38.39453,20316.4969955604,2500.2500250025,117045.431711777,42070.6787402837,22620.4488857928,13707.5117164206,7602.31110257518,15109.1259120509,120679.745497369,59641.9478358493,37656.6355799122,
38.52083,18413.5523745477,3900.60849492521,116439.814982258,39060.9350586916,21318.1630749398,15309.3693340324,8402.82334864514,14908.8856958747,116338.881700035,59541.4705339888,37857.2401471024,
38.64708,18914.2992102029,2900.33643902693,111495.03796858,40565.7164606663,22820.8125810739,15109.1259120509,7702.37233067785,13006.7635170289,120578.778135048,63159.1610859366,41067.3504547458,
38.77339,20316.4969955604,3800.57768780855,119367.233091652,36954.5449082846,21017.6548300572,16711.163056922,8102.62525058119,14007.84439286,116237.949229032,61350.1852535006,34447.3996218797,
38.8996,18613.8487034354,4000.64010241639,117449.192423774,36954.5449082846,22920.9956319989,13707.5117164206,7402.19104855037,14408.2991803279,114623.14001101,62556.1401257539,34748.2305439951,
39.02585,21418.3340939844,3300.43565750679,126032.177401848,41167.6796653699,23421.922919853,13307.0793662228,6501.69043951427,16210.5044068556,119872.029323934,64365.2900648866,39662.8259162513,
39.15209,18613.8487034354,2700.2916314962,118458.650998107,39060.9350586916,22520.2682414173,42773.0563802976,8402.82334864514,13106.8679988314,110990.578356335,59943.3845759056,35751.0525029742,
39.2783,19915.8530190031,3500.49006860961,111999.517849609,33745.4889190629,20416.6599945556,11805.5722300926,7202.07419736884,14308.184281409,109679.078213637,61551.1696727162,34347.1242544771,
39.40451,16911.4321281186,3300.43565750679,125426.127227118,38358.7656289435,24023.0621396541,13707.5117164206,7001.96054895371,15109.1259120509,127547.43075853,66677.361782341,37155.1382251261,
39.5308,19314.911111378,2500.2500250025,122800.247610319,38057.8479288519,20316.4969955604,13507.2939387269,6801.85010322808,14908.8856958747,117247.310445158,65772.5872689938,33444.6820952793,
39.65705,16611.0297237366,4800.92177698118,120780.713671332,42873.3992595323,24023.0621396541,17011.567866149,7502.25067520256,15509.6159618964,126638.256814344,61651.6630912044,39261.5621294189,
39.78337,19915.8530190031,3600.51847466035,116540.749075711,37656.6355799122,19915.8530190031,12005.7627661277,5001.00020004001,14107.9568876847,114421.303458557,53916.0272907297,37255.4360889003,
39.90965,15910.1188355794,3500.49006860961,107258.207060563,32742.827618525,20116.1734034163,12506.2531265633,6301.58800017604,15309.3693340324,115329.593493321,57733.0168708705,34647.952766629,
40.03591,17712.5404786589,4700.88376614804,117247.310445158,38659.6905622281,19915.8530190031,14808.7667899396,6201.53798141939,14508.4148806308,115026.822848647,58737.681124556,35149.3496869605,
40.16221,17111.7044058136,3700.5476810568,110587.025259242,37857.2401471024,21217.9928579435,11505.2924345199,5901.39272868397,14808.7667899396,124618.105804792,61852.6523459899,38057.8479288519,
40.28844,21919.201220269,3500.49006860961,121689.463762465,38258.4589252378,25926.8602271954,16110.3750815525,7302.132222609,13607.4024269202,112806.727821374,57029.7998244003,36653.6609596449,
40.41471,16010.246557797,3300.43565750679,119266.276279776,39763.1438724695,23021.1794851263,12506.2531265633,7102.01697282028,15609.7404780583,121083.623063164,62857.6469786224,39161.2481921726,
40.54099,20817.3200102485,2600.27042812453,126133.188606806,44679.7086001427,26127.2768770597,14708.648685427,5601.25468104855,12606.3536022155,114724.059503813,52811.3262757894,34748.2305439951,
40.6672,15910.1188355794,2900.33643902693,107762.51672177,35349.9140786791,22420.0883992057,11305.1099096792,7302.132222609,15309.3693340324,107258.207060563,57431.6333035317,31639.9929510902,
40.79351,16310.634533716,3300.43565750679,112504.018000643,39462.1924152464,20817.3200102485,13307.0793662228,6801.85010322808,14308.184281409,115430.518663779,63159.1610859366,37355.7347562563,
40.91974,19314.911111378,3300.43565750679,126133.188606806,43977.2240053534,21718.8519635043,12806.5569571621,7102.01697282028,11705.4781637807,119468.190715041,54719.5074041707,37656.6355799122,
41.04602,19415.0660912868,2800.31363512713,125426.127227118,42371.6929043942,26427.9078707115,13907.7326993809,7702.37233067785,13006.7635170289,128052.555824482,60043.8651007815,41970.3422936842,
41.17226,17512.2585810067,2700.2916314962,136036.228066295,43876.872280235,20917.487019148,15209.2472223112,6601.74286011507,14408.2991803279,112705.823736931,53112.5987092636,31339.2367243789,
41.29851,16310.634533716,3400.46246289495,115026.822848647,39562.5087638469,26227.4864057532,11905.6670975384,5901.39272868397,12806.5569571621,111091.46865734,59039.0961104362,34447.3996218797,
41.42475,15809.9919148902,3300.43565750679,121184.59448379,41769.6718125834,17912.8255831175,18713.9980705568,7602.31110257518,15209.2472223112,125022.110019457,65269.9629836093,36453.0756781874,
41.551,19615.3784567101,4100.67251029169,125628.140703518,42773.0563802976,22720.6303323418,11705.4781637807,7602.31110257518,14007.84439286,113412.169356815,60345.3115101164,35650.7666917691,
41.67719,17912.8255831175,2600.27042812453,124012.12384329,40465.3920735909,20717.1538033492,15509.6159618964,8803.09869073914,15609.7404780583,125123.113103254,63460.6824479582,40064.1025641026,
41.80346,19915.8530190031,2700.2916314962,124618.105804792,40064.1025641026,19815.6940296715,11805.5722300926,5501.21026625858,12105.8592358702,114724.059503813,55523.0390545449,33244.1482288479,
41.92975,19014.4509827469,3000.36004320518,108165.979037694,38057.8479288519,18012.9693379233,13206.9732818928,5701.29989637637,12506.2531265633,112201.315477554,54920.3854849831,33344.4147604609,
42.05604,14408.2991803279,2400.23042212052,105241.170988785,38559.381447429,22920.9956319989,12706.4548790786,5801.34591225164,12105.8592358702,109477.321120084,55221.7086458555,33745.4889190629,
42.18225,18213.259252736,5201.0818250196,127345.386418368,39462.1924152464,23021.1794851263,15809.9919148902,6901.90492575951,14708.648685427,120477.811584359,62355.1395872932,37054.8411649241,
42.30845,18713.9980705568,4100.67251029169,111797.723464866,36653.6609596449,18713.9980705568,13307.0793662228,7102.01697282028,16410.7654621432,111595.932323245,59541.4705339888,31138.7365883159,
42.4347,20616.9883984403,2700.2916314962,112806.727821374,32041.0124959949,19815.6940296715,11705.4781637807,6401.6388195378,15609.7404780583,111495.03796858,60948.2260858408,34347.1242544771,
42.56099,16711.163056922,2700.2916314962,126537.241548438,42672.714305176,20516.8237955123,13607.4024269202,8602.95941803981,16210.5044068556,120780.713671332,62656.64160401,45582.960989,
42.68727,21418.3340939844,4400.77453631839,143114.608350732,45281.8696202735,25526.0365572884,14208.0701838644,7702.37233067785,17512.2585810067,119266.276279776,61048.7146689335,47289.282164727,
42.8135,19114.6035571176,3800.57768780855,118963.410713137,36954.5449082846,22019.3770518056,13006.7635170289,6701.7960813498,13407.186251831,108468.584284107,55623.4841347792,34347.1242544771,
42.9397,19515.221873061,3300.43565750679,122699.263201476,47088.5264296878,22420.0883992057,17712.5404786589,8202.69048247825,12005.7627661277,118155.804906279,55723.9300203653,37054.8411649241,
43.06593,20216.3347985172,3400.46246289495,121083.623063164,36051.9147572504,21217.9928579435,12005.7627661277,6101.48876325823,11905.6670975384,110284.368948421,56326.6222468108,33143.8825004306,
43.19209,19014.4509827469,3500.49006860961,116540.749075711,39462.1924152464,24624.2302425587,18113.1138944596,5701.29989637637,13106.8679988314,113513.079117612,56527.5260988791,34347.1242544771,
43.3184,19715.5358422437,2200.1936170383,118155.804906279,40365.0684904065,21819.0261908384,14508.4148806308,7502.25067520256,12306.0545788528,107560.790426186,55121.2667869313,31840.5011174214,
43.44466,18814.1482394761,2800.31363512713,106653.062208261,41067.3504547458,18513.7001381022,12706.4548790786,5201.0818250196,13507.2939387269,101308.882650377,50602.2164772841,33645.2191745706,
43.57095,18413.5523745477,2200.1936170383,111495.03796858,40264.7457111035,18413.5523745477,14508.4148806308,6501.69043951427,13807.6218072376,107964.246258913,57431.6333035317,34146.5759295679,
43.69722,18513.7001381022,2800.31363512713,114623.14001101,39161.2481921726,18213.259252736,14508.4148806308,8002.56081946223,12506.2531265633,110587.025259242,59641.9478358493,36553.3679171591,
43.82346,19114.6035571176,3200.40965243551,126537.241548438,36352.7842427204,21919.201220269,16611.0297237366,7001.96054895371,15009.0054032419,116237.949229032,60546.2798120259,36352.7842427204,
43.94977,18914.2992102029,3700.5476810568,136137.319723623,43375.1257177431,31238.986254846,12806.5569571621,6901.90492575951,15509.6159618964,111495.03796858,57029.7998244003,37556.3345017526,
44.07613,19615.3784567101,3900.60849492521,117146.370672818,36954.5449082846,20016.0128102482,14908.8856958747,6901.90492575951,11905.6670975384,111898.620251842,57933.9432768561,33645.2191745706,
44.20242,15609.7404780583,3400.46246289495,120174.916801981,40365.0684904065,21518.505915087,11405.2007715518,6601.74286011507,15009.0054032419,107661.653168788,55322.1513100927,35349.9140786791,
44.32869,17812.6826300326,3100.38444767151,116540.749075711,34748.2305439951,20917.487019148,15809.9919148902,6401.6388195378,14808.7667899396,111293.251691497,59842.904856798,33344.4147604609,
44.45489,19014.4509827469,2900.33643902693,120275.880917835,39462.1924152464,24724.4277346018,15309.3693340324,6801.85010322808,14107.9568876847,114925.900922622,57733.0168708705,35049.0686961746,
44.5812,18113.1138944596,3200.40965243551,115632.371438101,40866.6944453348,23522.1107841371,13106.8679988314,7302.132222609,14708.648685427,101107.260043455,58838.151980851,32041.0124959949,
44.70745,17111.7044058136,3400.46246289495,116237.949229032,37656.6355799122,21418.3340939844,15709.8657957197,6001.44034568296,13006.7635170289,110284.368948421,58134.8729051399,34046.302972042,
44.83361,17011.567866149,4200.70571856072,133913.491080477,43475.4734218603,22920.9956319989,16110.3750815525,7102.01697282028,13006.7635170289,119972.99100504,61350.1852535006,37255.4360889003,
44.95988,16210.5044068556,3400.46246289495,117752.021476683,40967.0220480706,20416.6599945556,14908.8856958747,6301.58800017604,13507.2939387269,103426.115596257,55924.8242076314,31038.4877247787,
45.08611,19915.8530190031,4300.73972723308,115531.444645369,39562.5087638469,22720.6303323418,14908.8856958747,5701.29989637637,13607.4024269202,120679.745497369,59943.3845759056,37054.8411649241,
45.21238,20316.4969955604,3000.36004320518,121790.440053379,39060.9350586916,22720.6303323418,16510.8971921468,7602.31110257518,15009.0054032419,107157.347559383,57632.5548762153,37456.0342272039,
45.33872,19114.6035571176,2200.1936170383,121891.417156041,39662.8259162513,20917.487019148,14508.4148806308,3800.57768780855,14208.0701838644,118559.601318222,64666.8404483568,37456.0342272039,
45.46495,20016.0128102482,3600.51847466035,130073.259189565,42773.0563802976,24724.4277346018,14608.5313823273,7602.31110257518,14808.7667899396,128355.640612247,63460.6824479582,39863.462632511,
45.59118,20616.9883984403,3700.5476810568,141698.613385038,42773.0563802976,23922.8702639724,14708.648685427,6801.85010322808,14408.2991803279,121689.463762465,64968.3980878437,42171.0159909287,
45.71746,21718.8519635043,3600.51847466035,133307.060649686,43375.1257177431,23021.1794851263,14408.2991803279,7102.01697282028,15409.4922472243,117752.021476683,64264.7748827995,38860.311202987,
45.84374,20316.4969955604,2800.31363512713,125527.133559262,37857.2401471024,22319.9093591484,14908.8856958747,4900.9605882753,13807.6218072376,118660.552449773,61350.1852535006,46687.0246138803,
45.97003,18613.8487034354,3100.38444767151,129062.866884318,37355.7347562563,23321.7358578195,12806.5569571621,6301.58800017604,15409.4922472243,117045.431711777,56828.8879177976,35851.3391176164,
46.09635,19415.0660912868,3800.57768780855,131993.228435745,41569.0045475489,23722.4889194957,13507.2939387269,5701.29989637637,13607.4024269202,116843.556223552,59943.3845759056,35550.4816839913,
46.22266,22119.5536854579,4400.77453631839,119569.149149954,37556.3345017526,20416.6599945556,12806.5569571621,5001.00020004001,13307.0793662228,118963.410713137,62958.150874998,33745.4889190629,
46.34894,21217.9928579435,3800.57768780855,132195.347527997,40866.6944453348,23021.1794851263,15109.1259120509,9603.68781612139,14107.9568876847,120275.880917835,62254.6405270692,37255.4360889003,
46.4752,20817.3200102485,3100.38444767151,128557.701199336,44679.7086001427,18713.9980705568,12906.6598364756,5301.12383825371,12806.5569571621,111091.46865734,55121.2667869313,36854.249455198,
46.60133,20016.0128102482,3200.40965243551,123911.129691639,42171.0159909287,21318.1630749398,14208.0701838644,8202.69048247825,14708.648685427,113916.726270362,55422.5947796526,38057.8479288519,
46.72764,21618.6785382571,3300.43565750679,119064.365090529,42171.0159909287,21518.505915087,13607.4024269202,7302.132222609,14107.9568876847,114219.470150243,59641.9478358493,35049.0686961746,
46.85395,18814.1482394761,4600.84655576626,118458.650998107,36453.0756781874,20516.8237955123,12706.4548790786,5301.12383825371,11805.5722300926,109679.078213637,59842.904856798,39763.1438724695,
46.98024,18313.4054127621,2500.2500250025,117651.077647702,38960.6227289663,20316.4969955604,18012.9693379233,6501.69043951427,15709.8657957197,114724.059503813,61350.1852535006,35951.6265357053,
47.10653,20116.1734034163,3700.5476810568,130376.39272546,46887.7739127647,19415.0660912868,13507.2939387269,6401.6388195378,11705.4781637807,113513.079117612,67682.7434071994,46185.1654450807,
47.23274,18413.5523745477,3900.60849492521,114724.059503813,38158.1530252104,23021.1794851263,11805.5722300926,6701.7960813498,12005.7627661277,109578.199261578,57029.7998244003,37155.1382251261,
47.35899,18113.1138944596,3000.36004320518,124315.11117007,40565.7164606663,20016.0128102482,13607.4024269202,4800.92177698118,13607.4024269202,118559.601318222,63360.1745211896,38860.311202987,
47.4853,21117.8234429859,3000.36004320518,126840.289782824,41368.3404985035,21718.8519635043,13407.186251831,8202.69048247825,15609.7404780583,115127.745585765,57029.7998244003,41870.0066511207,
47.61163,17612.3991289868,2900.33643902693,120477.811584359,37155.1382251261,22920.9956319989,12406.1534521122,7302.132222609,13407.186251831,109679.078213637,58536.7418289123,34347.1242544771,
47.73793,18914.2992102029,3800.57768780855,112302.215507751,37155.1382251261,17211.841747122,12506.2531265633,8102.62525058119,13407.186251831,124517.106781208,61752.1573156257,42973.74294289,
47.86421,20216.3347985172,3900.60849492521,134115.6410607,45281.8696202735,24524.0335528818,14908.8856958747,7802.43435952017,13807.6218072376,121487.513615846,63762.2110649492,37355.7347562563,
47.99053,18213.259252736,2800.31363512713,121487.513615846,38960.6227289663,21718.8519635043,13707.5117164206,7402.19104855037,15209.2472223112,122598.27960447,60948.2260858408,36954.5449082846,
48.11671,17512.2585810067,2600.27042812453,124719.105640399,38760.0004807442,18012.9693379233,13507.2939387269,5801.34591225164,15809.9919148902,111797.723464866,60244.8285678772,38860.311202987,
48.24292,18113.1138944596,2600.27042812453,119872.029323934,38459.0731363374,19214.7569333248,12506.2531265633,5901.39272868397,13206.9732818928,116843.556223552,63963.2341736111,39963.7821963854,
48.36923,17412.118834709,3500.49006860961,127345.386418368,48995.8358549322,22219.7311212357,13106.8679988314,6701.7960813498,14608.5313823273,121386.539760121,58034.4076882059,36453.0756781874,
48.49547,16911.4321281186,2700.2916314962,119872.029323934,34146.5759295679,19715.5358422437,14007.84439286,5101.04061228491,11305.1099096792,116439.814982258,55924.8242076314,33544.9502333126,
48.62175,16510.8971921468,3500.49006860961,119569.149149954,40565.7164606663,18914.2992102029,14107.9568876847,5901.39272868397,14007.84439286,112403.116348777,60244.8285678772,35149.3496869605,
48.74798,18313.4054127621,3300.43565750679,117045.431711777,37255.4360889003,23722.4889194957,13407.186251831,5901.39272868397,13006.7635170289,114824.979807681,58134.8729051399,35450.1974796312,
48.87429,18713.9980705568,3500.49006860961,113109.44494001,35851.3391176164,19515.221873061,14508.4148806308,6501.69043951427,11205.0198488923,118963.410713137,57431.6333035317,36854.249455198,
49.00057,17812.6826300326,3800.57768780855,116843.556223552,41569.0045475489,21117.8234429859,16010.246557797,7802.43435952017,13907.7326993809,114219.470150243,51907.5524486736,42773.0563802976,
49.12689,18113.1138944596,3300.43565750679,118357.701489418,43074.0874303803,23121.3641404658,14808.7667899396,7302.132222609,16410.7654621432,110183.485132763,55322.1513100927,38358.7656289435,
49.2532,20216.3347985172,3300.43565750679,115127.745585765,37957.5436361524,24323.6425805883,15209.2472223112,5801.34591225164,15209.2472223112,116439.814982258,61450.6770601515,39662.8259162513,
49.37948,21819.0261908384,3700.5476810568,124921.107747722,42572.3730341581,23822.6791905894,12406.1534521122,8402.82334864514,14508.4148806308,118761.504392769,69593.1906973759,39261.5621294189,
49.50578,22420.0883992057,4500.81014582625,129972.216302718,42171.0159909287,25025.025025025,18814.1482394761,6201.53798141939,12506.2531265633,112806.727821374,56025.2725093309,32642.5659059413,
49.63206,18613.8487034354,2200.1936170383,120275.880917835,35951.6265357053,19815.6940296715,10904.7544729502,5301.12383825371,13807.6218072376,107258.207060563,50803.0285418829,33143.8825004306,
49.75834,17412.118834709,3400.46246289495,120275.880917835,38358.7656289435,20917.487019148,14007.84439286,8302.75651516303,12806.5569571621,123911.129691639,59641.9478358493,38760.0004807442,
49.88467,19715.5358422437,3000.36004320518,127345.386418368,41167.6796653699,20116.1734034163,14308.184281409,7502.25067520256,15209.2472223112,119468.190715041,69894.8668888862,39763.1438724695,
50.01089,24223.4482979524,3000.36004320518,128456.670499594,45783.6925900546,20516.8237955123,13607.4024269202,7302.132222609,17812.6826300326,118458.650998107,56929.3434683601,33143.8825004306,
50.13725,19715.5358422437,2900.33643902693,117045.431711777,36152.2037822616,20316.4969955604,12606.3536022155,6401.6388195378,15509.6159618964,110587.025259242,60445.7952581627,35951.6265357053,
50.26351,18814.1482394761,4000.64010241639,114421.303458557,36252.4936107484,17712.5404786589,12005.7627661277,4600.84655576626,12306.0545788528,107863.381085142,53112.5987092636,34146.5759295679,
50.38979,18113.1138944596,3200.40965243551,118458.650998107,39060.9350586916,20516.8237955123,13707.5117164206,5801.34591225164,13607.4024269202,116742.619696349,57130.2569859279,32442.0448901777,
50.51595,20717.1538033492,2800.31363512713,118660.552449773,40365.0684904065,21017.6548300572,12105.8592358702,6501.69043951427,14508.4148806308,117348.251028807,54719.5074041707,39562.5087638469,
50.64216,18613.8487034354,2800.31363512713,123507.161204481,37054.8411649241,22720.6303323418,16210.5044068556,8002.56081946223,15109.1259120509,116036.086720649,59240.0434627459,34848.5091247016,
50.76847,21919.201220269,3000.36004320518,123204.193364258,42773.0563802976,23622.2994506814,17512.2585810067,7001.96054895371,14508.4148806308,120376.845845291,60948.2260858408,36753.9548056547,
50.89471,19415.0660912868,3100.38444767151,116036.086720649,40866.6944453348,21518.505915087,15809.9919148902,6301.58800017604,12706.4548790786,113008.538422903,64264.7748827995,38659.6905622281,
51.02098,19815.6940296715,3400.46246289495,117852.966117021,37957.5436361524,21418.3340939844,11705.4781637807,7202.07419736884,12005.7627661277,114925.900922622,60546.2798120259,34848.5091247016,
51.14721,17912.8255831175,2800.31363512713,118458.650998107,43575.8219301585,22920.9956319989,14107.9568876847,7302.132222609,13907.7326993809,122497.296819291,66375.7630204782,38358.7656289435,
51.27347,20717.1538033492,2000.16001280102,127547.43075853,40666.0416516423,24323.6425805883,15509.6159618964,7602.31110257518,14007.84439286,122598.27960447,62757.1438882963,39361.8768704403,
51.3997,19415.0660912868,4300.73972723308,121386.539760121,43776.5213593361,20216.3347985172,13106.8679988314,7902.49718911176,13607.4024269202,111293.251691497,63460.6824479582,35149.3496869605,
51.52591,18012.9693379233,3100.38444767151,119569.149149954,39161.2481921726,19715.5358422437,16010.246557797,6601.74286011507,9903.92195309342,125628.140703518,64867.8780684411,38860.311202987,
51.65211,21518.505915087,3000.36004320518,126133.188606806,40064.1025641026,22920.9956319989,16611.0297237366,6901.90492575951,13907.7326993809,119165.320279406,56929.3434683601,34246.8496903764,
51.77842,17111.7044058136,3600.51847466035,113916.726270362,39060.9350586916,19915.8530190031,13807.6218072376,7602.31110257518,14007.84439286,111898.620251842,60043.8651007815,39361.8768704403,
51.90466,18313.4054127621,3400.46246289495,121891.417156041,40164.423735672,26928.9755777216,12806.5569571621,7802.43435952017,13707.5117164206,114724.059503813,54619.0695716662,37456.0342272039,
52.03093,17211.841747122,2800.31363512713,113109.44494001,39462.1924152464,20516.8237955123,11305.1099096792,6401.6388195378,11705.4781637807,104535.284926434,59641.9478358493,31138.7365883159,
52.15718,18914.2992102029,3200.40965243551,104333.610485176,33845.7594667991,22119.5536854579,13307.0793662228,6101.48876325823,13307.0793662228,113513.079117612,59440.9940378578,32843.0901342561,
52.28344,17912.8255831175,3100.38444767151,123810.136351942,38158.1530252104,22119.5536854579,14708.648685427,6901.90492575951,14208.0701838644,112604.920463358,62556.1401257539,34647.952766629,
52.40967,19815.6940296715,3500.49006860961,126335.213453243,36252.4936107484,21518.505915087,13707.5117164206,6201.53798141939,13006.7635170289,107863.381085142,58637.211073913,32442.0448901777,
52.53588,17812.6826300326,3800.57768780855,122396.314845929,38358.7656289435,22720.6303323418,14408.2991803279,6101.48876325823,15509.6159618964,124820.106288039,62053.6448245857,38760.0004807442,
52.66209,16711.163056922,3800.57768780855,124214.114582496,44378.6389482162,20917.487019148,12506.2531265633,7202.07419736884,17412.118834709,123204.193364258,64063.7469371714,36553.3679171591,
52.7884,20717.1538033492,4400.77453631839,124113.118806906,42572.3730341581,21919.201220269,17311.9798900839,6401.6388195378,14408.2991803279,120780.713671332,59240.0434627459,36553.3679171591,
52.9146,19314.911111378,2900.33643902693,122699.263201476,40264.7457111035,21418.3340939844,12806.5569571621,6701.7960813498,14608.5313823273,121184.59448379,63561.1911808346,40766.3676465285,
53.0409,20516.8237955123,3100.38444767151,116237.949229032,38860.311202987,21318.1630749398,15109.1259120509,7702.37233067785,16010.246557797,116338.881700035,63661.7007198284,40365.0684904065,
53.16715,18213.259252736,3500.49006860961,115733.299041985,37957.5436361524,23722.4889194957,13707.5117164206,7102.01697282028,13907.7326993809,114925.900922622,58034.4076882059,38057.8479288519,
53.29338,18914.2992102029,2500.2500250025,122598.27960447,42070.6787402837,22820.8125810739,13807.6218072376,8102.62525058119,13307.0793662228,120174.916801981,56025.2725093309,35049.0686961746,
53.41964,16711.163056922,3200.40965243551,105644.552275977,37054.8411649241,18413.5523745477,13006.7635170289,7702.37233067785,11605.3848985929,117550.134630069,62757.1438882963,34547.6757925938,
53.54593,20616.9883984403,2400.23042212052,115935.15668325,37656.6355799122,21318.1630749398,16010.246557797,6201.53798141939,14608.5313823273,116338.881700035,60847.7383086133,31840.5011174214,
53.6722,18313.4054127621,3600.51847466035,113412.169356815,39562.5087638469,21819.0261908384,15009.0054032419,6701.7960813498,13907.7326993809,114421.303458557,61249.6942527537,33544.9502333126,
53.79843,19014.4509827469,2700.2916314962,109275.567268754,39060.9350586916,20516.8237955123,11905.6670975384,6801.85010322808,15209.2472223112,115733.299041985,59641.9478358493,35149.3496869605,
53.92474,19815.6940296715,2300.21161946899,119266.276279776,39361.8768704403,20717.1538033492,13807.6218072376,6101.48876325823,16410.7654621432,118155.804906279,61048.7146689335,33344.4147604609,
54.05098,18513.7001381022,3600.51847466035,121992.395070462,39261.5621294189,21919.201220269,13206.9732818928,7402.19104855037,14808.7667899396,115127.745585765,56828.8879177976,34447.3996218797,
54.17722,19815.6940296715,3300.43565750679,121588.488283291,36352.7842427204,23321.7358578195,11905.6670975384,6801.85010322808,12506.2531265633,104434.447300771,55322.1513100927,30737.7459520291,
54.30342,16210.5044068556,3300.43565750679,103022.805594158,38760.0004807442,21819.0261908384,12406.1534521122,6701.7960813498,16310.634533716,104636.123362174,60948.2260858408,34146.5759295679,
54.4297,17412.118834709,4400.77453631839,128456.670499594,37857.2401471024,23722.4889194957,16811.2971917128,6701.7960813498,14308.184281409,123204.193364258,60244.8285678772,33344.4147604609,
54.55603,18313.4054127621,4200.70571856072,133509.200875048,43977.2240053534,22319.9093591484,14308.184281409,7602.31110257518,15109.1259120509,127850.503361101,62355.1395872932,37054.8411649241,
54.68234,21318.1630749398,3300.43565750679,126638.256814344,40465.3920735909,21017.6548300572,12806.5569571621,8202.69048247825,15309.3693340324,121487.513615846,55422.5947796526,38158.1530252104,
54.80857,19014.4509827469,4400.77453631839,122901.232831009,35650.7666917691,21819.0261908384,12806.5569571621,8302.75651516303,14708.648685427,107560.790426186,56025.2725093309,36152.2037822616,
54.93485,21117.8234429859,3500.49006860961,122194.35333462,43776.5213593361,23121.3641404658,18914.2992102029,7302.132222609,17011.567866149,128658.732711483,66476.2951346972,39963.7821963854,
55.06108,18113.1138944596,3700.5476810568,125628.140703518,42371.6929043942,23522.1107841371,13507.2939387269,6301.58800017604,13206.9732818928,118256.752792145,56828.8879177976,34146.5759295679,
55.18732,17512.2585810067,3100.38444767151,108972.942570757,34848.5091247016,19214.7569333248,12506.2531265633,4800.92177698118,16510.8971921468,99595.1937287155,55020.8257333103,32341.7855869784,
55.31353,13707.5117164206,3800.57768780855,127547.43075853,42773.0563802976,28632.7558727184,18513.7001381022,7902.49718911176,14508.4148806308,118357.701489418,62656.64160401,39161.2481921726,
55.43982,19114.6035571176,3600.51847466035,123002.218863556,39562.5087638469,22620.4488857928,14208.0701838644,7502.25067520256,12606.3536022155,114925.900922622,59842.904856798,31038.4877247787,
55.56614,18613.8487034354,3600.51847466035,120780.713671332,40465.3920735909,21618.6785382571,13607.4024269202,5501.21026625858,13907.7326993809,108367.715058191,55020.8257333103,36553.3679171591,
55.69238,18613.8487034354,2800.31363512713,122901.232831009,43174.4327220127,22420.0883992057,14007.84439286,5301.12383825371,10904.7544729502,114017.64008599,54518.6325444167,36051.9147572504,
55.81861,17912.8255831175,3200.40965243551,112100.416258177,36051.9147572504,24323.6425805883,11905.6670975384,7702.37233067785,14208.0701838644,111495.03796858,60043.8651007815,33544.9502333126,
55.94488,15309.3693340324,2700.2916314962,118155.804906279,40264.7457111035,22420.0883992057,12406.1534521122,8002.56081946223,16010.246557797,110486.139011651,61450.6770601515,36352.7842427204,
56.07113,19515.221873061,2900.33643902693,137350.483039327,40264.7457111035,25025.025025025,16210.5044068556,7402.19104855037,15609.7404780583,117550.134630069,58436.2733895444,36954.5449082846,
56.19738,20616.9883984403,3800.57768780855,121487.513615846,44478.9946945776,25425.8326459683,15109.1259120509,7402.19104855037,13907.7326993809,110486.139011651,60546.2798120259,32442.0448901777,
56.32359,16310.634533716,2000.16001280102,120073.953497719,40064.1025641026,18814.1482394761,13907.7326993809,7702.37233067785,14107.9568876847,112201.315477554,59742.4259434492,32943.3534531443,
56.44978,20216.3347985172,2900.33643902693,123002.218863556,35249.6314811254,20016.0128102482,10004.0016006403,5701.29989637637,12406.1534521122,112907.632716694,52610.4820122257,31940.756405173,
56.5761,18012.9693379233,3900.60849492521,111999.517849609,41569.0045475489,21418.3340939844,11605.3848985929,7302.132222609,12506.2531265633,106350.500721054,60546.2798120259,33544.9502333126,
56.70225,20416.6599945556,2600.27042812453,129972.216302718,41569.0045475489,23622.2994506814,16410.7654621432,7402.19104855037,14408.2991803279,127648.454147067,66074.1715161165,34246.8496903764,
56.8285,15609.7404780583,4800.92177698118,122901.232831009,38960.6227289663,21518.505915087,14608.5313823273,6301.58800017604,12205.9565067753,112403.116348777,52610.4820122257,35349.9140786791,
56.9547,15309.3693340324,3500.49006860961,123406.171112505,38659.6905622281,19415.0660912868,14208.0701838644,6301.58800017604,15009.0054032419,116944.493562025,63661.7007198284,34948.7885087582,
57.08092,18513.7001381022,3600.51847466035,134823.191599741,41268.0096799526,24524.0335528818,12005.7627661277,7202.07419736884,14708.648685427,118054.85783181,59440.9940378578,38760.0004807442,
57.20726,18213.259252736,4000.64010241639,115733.299041985,42371.6929043942,21518.505915087,12506.2531265633,6301.58800017604,12406.1534521122,112806.727821374,56728.433172703,34748.2305439951,
57.33354,17712.5404786589,3800.57768780855,114320.386398888,40565.7164606663,23421.922919853,11605.3848985929,6101.48876325823,12506.2531265633,109174.691558898,59641.9478358493,36753.9548056547,
57.45969,18914.2992102029,3200.40965243551,117550.134630069,40967.0220480706,20817.3200102485,15009.0054032419,6601.74286011507,16210.5044068556,111192.359769057,61249.6942527537,36152.2037822616,
57.58592,18413.5523745477,3700.5476810568,131993.228435745,39361.8768704403,22520.2682414173,12506.2531265633,6201.53798141939,13707.5117164206,106047.946526126,51706.7226756024,30938.239664225,
57.7122,15709.8657957197,3200.40965243551,108771.196824644,37656.6355799122,18613.8487034354,9403.53572943427,7202.07419736884,12105.8592358702,109779.957976272,52208.8031457558,37054.8411649241,
57.8385,19915.8530190031,2100.17641481884,122901.232831009,38459.0731363374,22019.3770518056,14508.4148806308,6201.53798141939,14208.0701838644,115531.444645369,57632.5548762153,36352.7842427204,
57.96465,19715.5358422437,4100.67251029169,128355.640612247,37957.5436361524,21117.8234429859,10304.2453490838,6401.6388195378,13707.5117164206,103930.271323278,56326.6222468108,30136.2840860396,
58.09096,17812.6826300326,2600.27042812453,109477.321120084,32742.827618525,16811.2971917128,12706.4548790786,4400.77453631839,12406.1534521122,95866.208918067,50702.6221071449,32542.3049964954,
58.21719,18113.1138944596,1900.14441097523,109679.078213637,35049.0686961746,23522.1107841371,13307.0793662228,5201.0818250196,11405.2007715518,110889.688866032,59842.904856798,36753.9548056547,
58.34345,19915.8530190031,3000.36004320518,126133.188606806,39261.5621294189,21618.6785382571,13507.2939387269,7202.07419736884,13206.9732818928,118559.601318222,64264.7748827995,40565.7164606663,
58.4697,21418.3340939844,5801.34591225164,130679.533574588,41468.6721210324,22620.4488857928,12005.7627661277,7202.07419736884,14908.8856958747,104736.962608001,60345.3115101164,40465.3920735909,
58.59603,16711.163056922,4100.67251029169,117752.021476683,40967.0220480706,23121.3641404658,13707.5117164206,9303.46088745013,14808.7667899396,112604.920463358,59139.5693837456,34447.3996218797,
58.72225,20316.4969955604,3300.43565750679,131285.837213604,43977.2240053534,24123.2548176442,20616.9883984403,6301.58800017604,17111.7044058136,126335.213453243,64566.3228476556,42973.74294289,
58.84858,20616.9883984403,4300.73972723308,129770.13296664,42070.6787402837,20817.3200102485,12105.8592358702,7202.07419736884,13106.8679988314,107359.067372083,55523.0390545449,35249.6314811254,
58.97486,17412.118834709,3000.36004320518,123305.181832434,38158.1530252104,21418.3340939844,13006.7635170289,6001.44034568296,13607.4024269202,116843.556223552,56427.0737701303,35851.3391176164,
59.10109,22720.6303323418,4200.70571856072,137148.281021252,41769.6718125834,25425.8326459683,16210.5044068556,10504.4118529783,15409.4922472243,129568.052880653,70397.6766761065,50702.6221071449,
59.22732,22119.5536854579,3500.49006860961,136238.412194092,48594.2728894055,21819.0261908384,15809.9919148902,7302.132222609,14007.84439286,112907.632716694,60948.2260858408,32843.0901342561,
59.35352,20216.3347985172,3700.5476810568,115228.669133987,34748.2305439951,20316.4969955604,12606.3536022155,8002.56081946223,12706.4548790786,104333.610485176,55322.1513100927,30837.992406645,
59.47976,16210.5044068556,3300.43565750679,106148.797114199,34848.5091247016,18914.2992102029,14308.184281409,6701.7960813498,12606.3536022155,106350.500721054,53012.1737596755,46988.1497689666,
59.60591,17712.5404786589,3800.57768780855,117045.431711777,37756.9374616922,19214.7569333248,13206.9732818928,6401.6388195378,12306.0545788528,104636.123362174,57431.6333035317,38860.311202987,
59.73213,18012.9693379233,3900.60849492521,116237.949229032,38158.1530252104,21217.9928579435,12205.9565067753,5401.16665199683,16110.3750815525,113311.260406956,65471.0102788483,35149.3496869605,
59.85841,16410.7654621432,4600.84655576626,128759.765036045,42472.032567234,21418.3340939844,17812.6826300326,5601.25468104855,13507.2939387269,107863.381085142,54619.0695716662,37054.8411649241,
59.98471,17512.2585810067,3600.51847466035,118155.804906279,37456.0342272039,20616.9883984403,14308.184281409,5701.29989637637,15009.0054032419,116641.683980405,66174.7012111976,34848.5091247016,
60.11091,19214.7569333248,3700.5476810568,136238.412194092,42773.0563802976,23822.6791905894,15209.2472223112,8703.02865397158,14007.84439286,131690.055892879,71503.9292060958,50602.2164772841,
60.23714,18914.2992102029,4300.73972723308,129062.866884318,42773.0563802976,20917.487019148,12306.0545788528,5701.29989637637,11405.2007715518,112201.315477554,62958.150874998,36152.2037822616,
60.36347,18814.1482394761,3400.46246289495,115733.299041985,36854.249455198,22920.9956319989,11805.5722300926,6501.69043951427,14308.184281409,113210.352268024,58335.8057557995,36051.9147572504,
60.48979,20817.3200102485,2900.33643902693,117852.966117021,35650.7666917691,20316.4969955604,12906.6598364756,6601.74286011507,13307.0793662228,104131.939284151,53413.8783887248,34347.1242544771,
60.61611,17412.118834709,3300.43565750679,107863.381085142,41468.6721210324,19715.5358422437,13006.7635170289,5201.0818250196,13206.9732818928,105342.01509534,58637.211073913,35951.6265357053,
60.74241,19114.6035571176,3700.5476810568,114824.979807681,33845.7594667991,20316.4969955604,12806.5569571621,6901.90492575951,13507.2939387269,107762.51672177,55924.8242076314,35650.7666917691,
60.86867,19014.4509827469,3700.5476810568,123810.136351942,40365.0684904065,24423.8376655616,15309.3693340324,7802.43435952017,12606.3536022155,121083.623063164,61551.1696727162,43074.0874303803,
60.99495,18613.8487034354,4200.70571856072,112100.416258177,36553.3679171591,21518.505915087,14308.184281409,7302.132222609,13607.4024269202,108972.942570757,56226.1715289109,34647.952766629,
61.12125,19214.7569333248,3000.36004320518,113008.538422903,39161.2481921726,21718.8519635043,13707.5117164206,5601.25468104855,11505.2924345199,109275.567268754,57733.0168708705,41067.3504547458,
61.24748,19915.8530190031,3900.60849492521,116742.619696349,40766.3676465285,18814.1482394761,10204.1632986258,8803.09869073914,13006.7635170289,112705.823736931,57331.1737254839,32943.3534531443,
61.37378,20216.3347985172,2900.33643902693,110385.253574714,39361.8768704403,21318.1630749398,12806.5569571621,6101.48876325823,11605.3848985929,119771.068454391,63963.2341736111,37556.3345017526,
61.50008,22520.2682414173,3400.46246289495,128153.583274701,40565.7164606663,21618.6785382571,12606.3536022155,6801.85010322808,15609.7404780583,124719.105640399,60948.2260858408,34647.952766629,
61.62632,19615.3784567101,3000.36004320518,124921.107747722,39361.8768704403,22119.5536854579,13106.8679988314,6401.6388195378,14508.4148806308,107056.488868535,54317.7609056434,32442.0448901777,
61.75255,19314.911111378,3300.43565750679,122800.247610319,36152.2037822616,21919.201220269,12005.7627661277,7102.01697282028,14007.84439286,118256.752792145,57431.6333035317,36753.9548056547,
61.87875,19615.3784567101,4100.67251029169,118155.804906279,39963.7821963854,21217.9928579435,16510.8971921468,8502.8909829342,15409.4922472243,121891.417156041,66576.8280553149,40465.3920735909,
62.0049,17712.5404786589,3300.43565750679,134722.110512346,41970.3422936842,25526.0365572884,17211.841747122,5401.16665199683,13407.186251831,120477.811584359,66375.7630204782,37656.6355799122,
62.13122,20216.3347985172,3600.51847466035,120780.713671332,42973.74294289,22219.7311212357,12205.9565067753,7902.49718911176,15809.9919148902,118054.85783181,60144.3464314354,38459.0731363374,
62.25745,21217.9928579435,2400.23042212052,116843.556223552,36753.9548056547,23121.3641404658,13507.2939387269,6501.69043951427,14808.7667899396,111394.144424668,60345.3115101164,41669.3377780627,
62.38376,20516.8237955123,2800.31363512713,121588.488283291,37556.3345017526,23221.549598027,15809.9919148902,6701.7960813498,17011.567866149,117146.370672818,62556.1401257539,34748.2305439951,
62.51005,23421.922919853,3600.51847466035,119670.1083964,41468.6721210324,22620.4488857928,12606.3536022155,5601.25468104855,13407.186251831,105644.552275977,58536.7418289123,40666.0416516423,
62.63639,16210.5044068556,3000.36004320518,113714.901072054,34347.1242544771,19314.911111378,11905.6670975384,5701.29989637637,14208.0701838644,101913.769905818,61651.6630912044,28532.5270808722,
62.76275,18713.9980705568,3000.36004320518,118256.752792145,33845.7594667991,21518.505915087,13307.0793662228,7502.25067520256,14007.84439286,117852.966117021,55623.4841347792,37355.7347562563,
62.88905,18914.2992102029,3700.5476810568,119972.99100504,40967.0220480706,24323.6425805883,13407.186251831,6701.7960813498,15209.2472223112,106653.062208261,56427.0737701303,35851.3391176164,
63.01536,18213.259252736,3000.36004320518,107459.928493954,34046.302972042,22620.4488857928,11505.2924345199,6401.6388195378,14107.9568876847,117550.134630069,59641.9478358493,40164.423735672,
63.14167,18613.8487034354,3000.36004320518,118761.504392769,39863.462632511,22119.5536854579,12706.4548790786,8002.56081946223,15209.2472223112,116944.493562025,55924.8242076314,37456.0342272039,
63.268,20216.3347985172,3000.36004320518,117953.911568727,37656.6355799122,23522.1107841371,16010.246557797,6201.53798141939,15209.2472223112,116237.949229032,58938.6236428079,37957.5436361524,
63.39419,21618.6785382571,4200.70571856072,111696.82748867,35751.0525029742,20316.4969955604,15309.3693340324,7202.07419736884,15209.2472223112,115733.299041985,58235.3389276679,36854.249455198,
63.52051,22820.8125810739,4800.92177698118,124618.105804792,38659.6905622281,20116.1734034163,13707.5117164206,7202.07419736884,15609.7404780583,136844.984093404,68587.6558263409,39963.7821963854,
63.64678,22620.4488857928,3200.40965243551,134014.565664121,41669.3377780627,24524.0335528818,15609.7404780583,7502.25067520256,15309.3693340324,126234.200623935,60847.7383086133,45582.960989,
63.773,20116.1734034163,3100.38444767151,118761.504392769,38659.6905622281,20116.1734034163,13006.7635170289,6901.90492575951,15409.4922472243,106955.630988009,49497.8076679519,32943.3534531443,
63.89929,17712.5404786589,2800.31363512713,95261.6130832641,35650.7666917691,16611.0297237366,9303.46088745013,8803.09869073914,13907.7326993809,104434.447300771,54116.8924877736,34347.1242544771,
64.02549,17712.5404786589,2300.21161946899,104837.802663925,33544.9502333126,17712.5404786589,12606.3536022155,5801.34591225164,13807.6218072376,105947.096748278,52108.3854417188,42271.354045629,
64.15181,18914.2992102029,2600.27042812453,114522.221329261,35751.0525029742,19114.6035571176,13006.7635170289,7602.31110257518,14508.4148806308,110990.578356335,57431.6333035317,36051.9147572504,
64.27808,19014.4509827469,2600.27042812453,119165.320279406,45884.059597182,20516.8237955123,11405.2007715518,7102.01697282028,15009.0054032419,124618.105804792,59139.5693837456,33645.2191745706,
64.40426,24724.4277346018,3100.38444767151,126133.188606806,44478.9946945776,23421.922919853,13407.186251831,5701.29989637637,17211.841747122,123709.14382419,59340.5183474468,38760.0004807442,
64.53048,19014.4509827469,3100.38444767151,131285.837213604,41167.6796653699,20216.3347985172,12306.0545788528,5301.12383825371,15910.1188355794,117953.911568727,59541.4705339888,34347.1242544771,
64.65672,18713.9980705568,3700.5476810568,123608.152108373,40866.6944453348,23522.1107841371,13507.2939387269,5901.39272868397,14308.184281409,115632.371438101,64767.3588552821,35149.3496869605,
64.78298,19314.911111378,3400.46246289495,113311.260406956,40967.0220480706,24323.6425805883,10804.6676164103,7402.19104855037,17812.6826300326,121487.513615846,61450.6770601515,35851.3391176164,
64.90932,20416.6599945556,3100.38444767151,123810.136351942,37054.8411649241,19615.3784567101,17512.2585810067,6701.7960813498,12306.0545788528,108569.454320482,61651.6630912044,36753.9548056547,
65.03556,21518.505915087,4100.67251029169,123608.152108373,39963.7821963854,23321.7358578195,14107.9568876847,6701.7960813498,16811.2971917128,127648.454147067,67582.2016155555,49899.3996040112,
65.16179,21117.8234429859,3700.5476810568,124618.105804792,39261.5621294189,23822.6791905894,15309.3693340324,6501.69043951427,14808.7667899396,114421.303458557,60144.3464314354,36954.5449082846,
65.28795,16010.246557797,2900.33643902693,124214.114582496,41268.0096799526,22620.4488857928,14608.5313823273,6401.6388195378,15309.3693340324,119569.149149954,60043.8651007815,32141.2693898966,
65.41415,17412.118834709,3300.43565750679,117449.192423774,40565.7164606663,19815.6940296715,15609.7404780583,8602.95941803981,17011.567866149,131993.228435745,67180.0425139374,35650.7666917691,
65.54039,18113.1138944596,3500.49006860961,119872.029323934,41368.3404985035,20416.6599945556,14608.5313823273,8002.56081946223,15709.8657957197,105442.860012051,56728.433172703,36453.0756781874,
65.66662,17912.8255831175,3600.51847466035,126335.213453243,37456.0342272039,22820.8125810739,14708.648685427,7202.07419736884,12406.1534521122,123305.181832434,63963.2341736111,34948.7885087582,
65.79296,22720.6303323418,4400.77453631839,125830.157428401,44478.9946945776,20016.0128102482,12306.0545788528,7902.49718911176,14007.84439286,123507.161204481,60345.3115101164,37255.4360889003,
65.9192,19114.6035571176,2800.31363512713,118357.701489418,43977.2240053534,22219.7311212357,12706.4548790786,7001.96054895371,11505.2924345199,122093.373796652,63460.6824479582,38459.0731363374,
66.04545,17011.567866149,4300.73972723308,113412.169356815,37556.3345017526,20516.8237955123,11505.2924345199,7502.25067520256,12806.5569571621,110284.368948421,53313.4510237786,33444.6820952793,
66.17176,17211.841747122,3900.60849492521,126638.256814344,41368.3404985035,28432.2990917683,15209.2472223112,61752.1573156257,16510.8971921468,134621.030237954,70699.3722296877,34046.302972042,
66.29798,23522.1107841371,3800.57768780855,126133.188606806,40465.3920735909,20316.4969955604,14007.84439286,6301.58800017604,17612.3991289868,125628.140703518,61551.1696727162,37456.0342272039,
66.42428,17211.841747122,4100.67251029169,118458.650998107,38158.1530252104,21618.6785382571,15409.4922472243,6201.53798141939,15209.2472223112,110687.912317496,60445.7952581627,36453.0756781874,
66.55059,18213.259252736,2900.33643902693,117651.077647702,42271.354045629,21117.8234429859,13507.2939387269,6501.69043951427,12806.5569571621,116641.683980405,57532.0936871056,41067.3504547458,
66.67691,17712.5404786589,2500.2500250025,121285.566716105,39361.8768704403,20416.6599945556,11104.9305891816,7001.96054895371,15409.4922472243,112604.920463358,54217.3262941004,38057.8479288519,
66.80318,19815.6940296715,3700.5476810568,117752.021476683,38559.381447429,21418.3340939844,11205.0198488923,6801.85010322808,13707.5117164206,109779.957976272,54719.5074041707,35049.0686961746,
66.92939,17211.841747122,2800.31363512713,110889.688866032,37456.0342272039,22820.8125810739,14408.2991803279,6501.69043951427,12906.6598364756,112100.416258177,59641.9478358493,34046.302972042,
67.05574,17211.841747122,3900.60849492521,120376.845845291,40967.0220480706,25626.2412710616,13507.2939387269,7302.132222609,12606.3536022155,115935.15668325,59541.4705339888,35751.0525029742,
67.18197,18814.1482394761,4300.73972723308,129163.902458637,37756.9374616922,24423.8376655616,13507.2939387269,9003.24116682005,14408.2991803279,119064.365090529,64666.8404483568,37355.7347562563,
67.30825,21217.9928579435,3700.5476810568,135328.609232106,41870.0066511207,23021.1794851263,17011.567866149,7202.07419736884,16010.246557797,125931.167009049,61249.6942527537,37255.4360889003,
67.43443,22119.5536854579,3400.46246289495,130881.631537045,42773.0563802976,20917.487019148,13707.5117164206,6201.53798141939,16010.246557797,110990.578356335,59440.9940378578,32943.3534531443,
67.56065,20016.0128102482,3700.5476810568,121891.417156041,37656.6355799122,20116.1734034163,16210.5044068556,7602.31110257518,13707.5117164206,113210.352268024,55523.0390545449,31138.7365883159,
67.68691,19314.911111378,3400.46246289495,116843.556223552,42371.6929043942,21518.505915087,17211.841747122,7502.25067520256,14508.4148806308,118155.804906279,63360.1745211896,33043.6175751993,
67.81314,18313.4054127621,3100.38444767151,121588.488283291,40866.6944453348,19815.6940296715,14908.8856958747,10004.0016006403,12306.0545788528,112806.727821374,52108.3854417188,37054.8411649241,
67.93936,18413.5523745477,3500.49006860961,114925.900922622,35249.6314811254,19515.221873061,13307.0793662228,6901.90492575951,12606.3536022155,103325.286880801,52610.4820122257,36753.9548056547,
68.06571,17211.841747122,2500.2500250025,115026.822848647,36051.9147572504,22520.2682414173,11905.6670975384,7602.31110257518,13907.7326993809,118256.752792145,52811.3262757894,37255.4360889003,
68.19194,20416.6599945556,4100.67251029169,121891.417156041,40465.3920735909,22219.7311212357,15609.7404780583,6801.85010322808,13307.0793662228,113916.726270362,61048.7146689335,36954.5449082846,
68.31822,20116.1734034163,4000.64010241639,118458.650998107,37957.5436361524,19314.911111378,14107.9568876847,5701.29989637637,14708.648685427,103325.286880801,55623.4841347792,34146.5759295679,
68.44445,18613.8487034354,4400.77453631839,113916.726270362,41268.0096799526,24123.2548176442,14608.5313823273,9903.92195309342,14908.8856958747,116439.814982258,63259.6674005189,36352.7842427204,
68.57064,18012.9693379233,3900.60849492521,133913.491080477,46586.6511711784,23021.1794851263,16110.3750815525,8102.62525058119,14408.2991803279,117247.310445158,65471.0102788483,37556.3345017526,
68.69688,19915.8530190031,3600.51847466035,126941.307485416,40666.0416516423,22219.7311212357,16310.634533716,7902.49718911176,13807.6218072376,120376.845845291,60445.7952581627,41167.6796653699,
68.82317,18213.259252736,4400.77453631839,112907.632716694,34146.5759295679,18012.9693379233,13507.2939387269,6901.90492575951,13607.4024269202,107863.381085142,55422.5947796526,30837.992406645,
68.94937,17011.567866149,3100.38444767151,125224.116999124,40264.7457111035,22520.2682414173,13206.9732818928,7702.37233067785,15309.3693340324,120073.953497719,61651.6630912044,40866.6944453348,
69.07555,22219.7311212357,4100.67251029169,123608.152108373,45582.960989,23321.7358578195,14107.9568876847,6901.90492575951,13206.9732818928,113513.079117612,59943.3845759056,37456.0342272039,
69.20184,19715.5358422437,3400.46246289495,121083.623063164,41067.3504547458,17011.567866149,14308.184281409,6001.44034568296,14708.648685427,117852.966117021,57933.9432768561,35249.6314811254,
69.32815,21518.505915087,4400.77453631839,128557.701199336,45081.1460629132,24223.4482979524,15709.8657957197,7402.19104855037,14608.5313823273,126032.177401848,59641.9478358493,40264.7457111035,
69.45441,21518.505915087,2800.31363512713,125830.157428401,43676.1712426472,21418.3340939844,15009.0054032419,7402.19104855037,11205.0198488923,113815.81326572,55924.8242076314,37957.5436361524,
69.58066,20817.3200102485,2200.1936170383,120982.65245422,38459.0731363374,20416.6599945556,14007.84439286,5501.21026625858,14808.7667899396,103728.606602481,49799.0004128207,32843.0901342561,
69.70699,16811.2971917128,3500.49006860961,126436.227094741,32843.0901342561,22019.3770518056,13807.6218072376,6201.53798141939,16210.5044068556,115228.669133987,58838.151980851,34647.952766629,
69.83317,21318.1630749398,3900.60849492521,138058.215720738,47490.0411179596,22720.6303323418,17712.5404786589,8002.56081946223,14408.2991803279,124517.106781208,60847.7383086133,37756.9374616922,
69.95952,19815.6940296715,4700.88376614804,139676.040078677,42773.0563802976,27029.191526849,16010.246557797,6301.58800017604,15409.4922472243,116338.881700035,56326.6222468108,37054.8411649241,
70.08581,20917.487019148,5101.04061228491,134317.7942927,39361.8768704403,21919.201220269,15409.4922472243,6101.48876325823,14308.184281409,117348.251028807,54920.3854849831,32041.0124959949,
70.21204,18313.4054127621,3600.51847466035,128153.583274701,34948.7885087582,19314.911111378,15009.0054032419,6301.58800017604,14408.2991803279,124315.11117007,58335.8057557995,39261.5621294189,
70.33833,20817.3200102485,3400.46246289495,142002.027451043,43876.872280235,24223.4482979524,17011.567866149,8803.09869073914,13907.7326993809,128961.832122452,64566.3228476556,39060.9350586916,
70.46459,21217.9928579435,2800.31363512713,148173.035525315,41468.6721210324,23121.3641404658,18113.1138944596,8302.75651516303,14308.184281409,126840.289782824,64063.7469371714,36453.0756781874,
70.59072,21318.1630749398,3800.57768780855,139979.405328871,37857.2401471024,20717.1538033492,15109.1259120509,6901.90492575951,13006.7635170289,121487.513615846,56627.9792330667,39261.5621294189,
70.71695,23321.7358578195,3200.40965243551,148881.377756317,41268.0096799526,20516.8237955123,18713.9980705568,7102.01697282028,16310.634533716,122800.247610319,59340.5183474468,33845.7594667991,
70.84329,20817.3200102485,3400.46246289495,137148.281021252,41669.3377780627,22119.5536854579,17712.5404786589,6301.58800017604,14708.648685427,121285.566716105,60646.7651717156,42672.714305176,
70.96963,20516.8237955123,4300.73972723308,146756.470763375,43274.7788177972,21418.3340939844,18012.9693379233,7702.37233067785,18413.5523745477,123911.129691639,61651.6630912044,33143.8825004306,
71.09586,17612.3991289868,2900.33643902693,136036.228066295,38760.0004807442,20616.9883984403,17812.6826300326,7102.01697282028,15009.0054032419,124719.105640399,55924.8242076314,36854.249455198,
71.22212,23421.922919853,4500.81014582625,145947.076833944,39361.8768704403,21718.8519635043,18213.259252736,8002.56081946223,16811.2971917128,120174.916801981,57331.1737254839,35751.0525029742,
71.34845,20717.1538033492,3200.40965243551,137350.483039327,40866.6944453348,20516.8237955123,16611.0297237366,7802.43435952017,16611.0297237366,132599.595465677,58536.7418289123,39763.1438724695,
71.4747,28632.7558727184,3900.60849492521,145137.735006457,40064.1025641026,22019.3770518056,17011.567866149,8302.75651516303,17311.9798900839,132094.287575497,66777.8963157853,41569.0045475489,
71.60092,25425.8326459683,4100.67251029169,150196.976342719,41870.0066511207,20817.3200102485,17712.5404786589,6201.53798141939,17011.567866149,126739.27289247,54217.3262941004,36252.4936107484,
71.72715,23822.6791905894,4500.81014582625,141496.341409452,40264.7457111035,20516.8237955123,15609.7404780583,6401.6388195378,14708.648685427,118660.552449773,56427.0737701303,38358.7656289435,
71.85345,21919.201220269,3900.60849492521,138462.652288807,39963.7821963854,18113.1138944596,14508.4148806308,8002.56081946223,14708.648685427,137957.108612063,56627.9792330667,41067.3504547458,
71.97976,24023.0621396541,4300.73972723308,150298.181935245,41569.0045475489,24924.8251258253,15609.7404780583,8402.82334864514,14908.8856958747,133711.344351952,63661.7007198284,41870.0066511207,
72.10599,23822.6791905894,4200.70571856072,159004.911037759,44880.4257228954,24123.2548176442,16310.634533716,7402.19104855037,16310.634533716,133913.491080477,65973.6426273953,41970.3422936842,
72.23228,20616.9883984403,3100.38444767151,161638.364855834,42271.354045629,28833.2158646761,16410.7654621432,8703.02865397158,16110.3750815525,121992.395070462,63058.6555774328,37957.5436361524,
72.35849,23321.7358578195,3200.40965243551,151006.643889915,40565.7164606663,22319.9093591484,14308.184281409,8202.69048247825,15609.7404780583,130376.39272546,66174.7012111976,39261.5621294189,
72.48474,24824.6260290208,5501.21026625858,155460.74741905,40766.3676465285,24023.0621396541,16811.2971917128,7802.43435952017,15309.3693340324,125123.113103254,58034.4076882059,35249.6314811254,
72.61105,19415.0660912868,3100.38444767151,134216.717270223,35650.7666917691,22019.3770518056,13607.4024269202,6301.58800017604,12506.2531265633,116843.556223552,56427.0737701303,37355.7347562563,
72.73728,21819.0261908384,3800.57768780855,135834.04719102,36152.2037822616,20116.1734034163,15309.3693340324,7602.31110257518,15910.1188355794,123608.152108373,59240.0434627459,39161.2481921726,
72.86355,21418.3340939844,2500.2500250025,143114.608350732,41368.3404985035,20116.1734034163,17211.841747122,8803.09869073914,13607.4024269202,121588.488283291,58436.2733895444,38158.1530252104,
72.9898,20917.487019148,3500.49006860961,141900.888615345,38860.311202987,22820.8125810739,16510.8971921468,8502.8909829342,11805.5722300926,124012.12384329,58335.8057557995,33845.7594667991,
73.11596,19314.911111378,4000.64010241639,149184.965213647,37054.8411649241,20016.0128102482,14908.8856958747,9103.31360615264,13106.8679988314,122901.232831009,57130.2569859279,34447.3996218797,
73.24218,19314.911111378,4200.70571856072,141192.939548504,39562.5087638469,22219.7311212357,13807.6218072376,8502.8909829342,15109.1259120509,126436.227094741,61651.6630912044,38760.0004807442,
73.36839,21418.3340939844,3500.49006860961,139878.282765306,42070.6787402837,21418.3340939844,19314.911111378,7702.37233067785,15910.1188355794,129365.976044678,59943.3845759056,40666.0416516423,
73.49471,23021.1794851263,2800.31363512713,146452.941933823,40666.0416516423,21819.0261908384,17311.9798900839,6601.74286011507,15009.0054032419,139069.331542091,62656.64160401,39060.9350586916,
73.62102,23922.8702639724,4700.88376614804,157890.923435481,42271.354045629,25826.6531060054,17812.6826300326,8703.02865397158,16811.2971917128,137148.281021252,66777.8963157853,45081.1460629132,
73.74726,27430.063349431,4800.92177698118,147768.286451187,42672.714305176,25826.6531060054,19114.6035571176,6901.90492575951,15209.2472223112,122901.232831009,57431.6333035317,32442.0448901777,
73.87353,21819.0261908384,3500.49006860961,119468.190715041,39662.8259162513,17111.7044058136,14908.8856958747,6801.85010322808,15009.0054032419,124113.118806906,58637.211073913,31439.4879969241,
73.99969,18713.9980705568,3200.40965243551,126941.307485416,38559.381447429,21919.201220269,18213.259252736,7102.01697282028,14208.0701838644,128658.732711483,65269.9629836093,37355.7347562563,
74.12593,21217.9928579435,4000.64010241639,129871.174228412,38960.6227289663,23221.549598027,17712.5404786589,7001.96054895371,13006.7635170289,108670.325167324,61752.1573156257,38158.1530252104,
74.25208,23221.549598027,2900.33643902693,123507.161204481,37355.7347562563,20316.4969955604,13006.7635170289,8302.75651516303,14708.648685427,117146.370672818,66074.1715161165,39863.462632511,
74.37835,19615.3784567101,3700.5476810568,129467.014056419,38258.4589252378,22620.4488857928,15509.6159618964,9803.84310649775,15609.7404780583,123608.152108373,60244.8285678772,35049.0686961746,
74.50469,22019.3770518056,3700.5476810568,127749.478347921,37756.9374616922,22920.9956319989,16711.163056922,7402.19104855037,15309.3693340324,116843.556223552,59943.3845759056,39161.2481921726,
74.63099,22219.7311212357,3000.36004320518,114824.979807681,36152.2037822616,23822.6791905894,15409.4922472243,7502.25067520256,12205.9565067753,107863.381085142,51807.1371596461,35650.7666917691,
74.75722,20616.9883984403,2200.1936170383,115329.593493321,36453.0756781874,24924.8251258253,14208.0701838644,6501.69043951427,12806.5569571621,112403.116348777,56326.6222468108,36352.7842427204,
74.88351,20516.8237955123,3700.5476810568,107762.51672177,36252.4936107484,19114.6035571176,15309.3693340324,6901.90492575951,13707.5117164206,110687.912317496,56929.3434683601,36453.0756781874,
75.00973,20516.8237955123,3400.46246289495,115632.371438101,37456.0342272039,20016.0128102482,14308.184281409,7402.19104855037,13507.2939387269,112100.416258177,56527.5260988791,34547.6757925938,
75.13597,21117.8234429859,3100.38444767151,122497.296819291,41468.6721210324,22820.8125810739,15509.6159618964,7202.07419736884,15209.2472223112,135429.695197725,59440.9940378578,39261.5621294189,
75.26228,22420.0883992057,3400.46246289495,128557.701199336,37756.9374616922,23221.549598027,16510.8971921468,6101.48876325823,16510.8971921468,129871.174228412,66476.2951346972,40766.3676465285,
75.38847,21418.3340939844,5801.34591225164,140990.675709378,44880.4257228954,24924.8251258253,17912.8255831175,4700.88376614804,14808.7667899396,119064.365090529,57431.6333035317,38358.7656289435,
75.51478,18213.259252736,4600.84655576626,119165.320279406,36753.9548056547,23622.2994506814,15809.9919148902,9103.31360615264,16510.8971921468,128153.583274701,61350.1852535006,42171.0159909287,
75.64102,19314.911111378,4300.73972723308,128557.701199336,37456.0342272039,24123.2548176442,14308.184281409,7202.07419736884,14408.2991803279,113412.169356815,60747.2513372415,33745.4889190629,
75.76726,20316.4969955604,2800.31363512713,124315.11117007,41368.3404985035,22019.3770518056,14408.2991803279,6901.90492575951,15209.2472223112,118862.457147221,66677.361782341,34748.2305439951,
75.89351,19915.8530190031,3400.46246289495,128456.670499594,40967.0220480706,25025.025025025,16410.7654621432,6201.53798141939,14808.7667899396,110385.253574714,54619.0695716662,31238.986254846,
76.01981,18413.5523745477,3600.51847466035,107459.928493954,38459.0731363374,21217.9928579435,17311.9798900839,5201.0818250196,13607.4024269202,108972.942570757,59039.0961104362,31840.5011174214,
76.14608,16811.2971917128,2200.1936170383,116137.01756924,33344.4147604609,18713.9980705568,13307.0793662228,5301.12383825371,15509.6159618964,117852.966117021,59039.0961104362,33544.9502333126,
76.27234,20016.0128102482,2500.2500250025,119569.149149954,32742.827618525,20817.3200102485,14608.5313823273,8502.8909829342,15809.9919148902,118458.650998107,63762.2110649492,44679.7086001427,
76.39852,19415.0660912868,4000.64010241639,116641.683980405,41468.6721210324,20116.1734034163,16110.3750815525,6601.74286011507,16010.246557797,108468.584284107,61651.6630912044,34547.6757925938,
76.52474,17412.118834709,3100.38444767151,117651.077647702,37054.8411649241,21718.8519635043,15809.9919148902,6501.69043951427,16611.0297237366,130578.485812281,60244.8285678772,35851.3391176164,
76.6509,21718.8519635043,3700.5476810568,117953.911568727,39763.1438724695,22119.5536854579,16210.5044068556,5901.39272868397,13507.2939387269,118862.457147221,59440.9940378578,39963.7821963854,
76.77714,18413.5523745477,2900.33643902693,114017.64008599,35851.3391176164,19014.4509827469,15509.6159618964,9103.31360615264,14708.648685427,116540.749075711,60345.3115101164,37054.8411649241,
76.90334,18113.1138944596,4000.64010241639,122800.247610319,39161.2481921726,20817.3200102485,17612.3991289868,9003.24116682005,14408.2991803279,108569.454320482,59541.4705339888,34146.5759295679,
77.02956,16811.2971917128,3200.40965243551,110385.253574714,29635.0879441258,23021.1794851263,14708.648685427,8102.62525058119,14408.2991803279,111091.46865734,60646.7651717156,33043.6175751993,
77.1559,18413.5523745477,2800.31363512713,114320.386398888,40967.0220480706,22620.4488857928,16110.3750815525,7001.96054895371,17812.6826300326,119972.99100504,61953.1481823067,39261.5621294189,
77.28219,18814.1482394761,3400.46246289495,111898.620251842,40465.3920735909,18113.1138944596,14608.5313823273,5901.39272868397,15409.4922472243,112907.632716694,60546.2798120259,34046.302972042,
77.40848,16310.634533716,2100.17641481884,115228.669133987,34547.6757925938,19415.0660912868,13507.2939387269,6001.44034568296,14608.5313823273,106955.630988009,57431.6333035317,30737.7459520291,
77.5347,21518.505915087,3500.49006860961,117852.966117021,38258.4589252378,21217.9928579435,14908.8856958747,10204.1632986258,14107.9568876847,127446.408182301,65370.4862280828,42070.6787402837,
77.66093,21518.505915087,4700.88376614804,126840.289782824,41268.0096799526,23722.4889194957,18713.9980705568,7202.07419736884,14508.4148806308,127850.503361101,62556.1401257539,33645.2191745706,
77.78718,19915.8530190031,3200.40965243551,129163.902458637,38358.7656289435,22319.9093591484,15109.1259120509,8202.69048247825,13907.7326993809,124113.118806906,60948.2260858408,33745.4889190629,
77.91354,20616.9883984403,4600.84655576626,125022.110019457,40064.1025641026,21718.8519635043,14708.648685427,9703.76506084361,13607.4024269202,113109.44494001,58235.3389276679,32742.827618525,
78.03986,19515.221873061,3600.51847466035,112907.632716694,35149.3496869605,19214.7569333248,16711.163056922,8302.75651516303,14708.648685427,116338.881700035,54317.7609056434,34848.5091247016,
78.16611,18313.4054127621,2000.16001280102,113008.538422903,35751.0525029742,19014.4509827469,14808.7667899396,6801.85010322808,11505.2924345199,109880.838549493,61852.6523459899,33645.2191745706,
78.29232,16110.3750815525,3500.49006860961,118458.650998107,38860.311202987,20116.1734034163,16110.3750815525,6801.85010322808,11405.2007715518,98889.6251229846,55322.1513100927,35851.3391176164,
78.41855,14608.5313823273,2500.2500250025,104434.447300771,39763.1438724695,18413.5523745477,16510.8971921468,6701.7960813498,13807.6218072376,107258.207060563,57933.9432768561,32642.5659059413,
78.54484,19314.911111378,2600.27042812453,107863.381085142,41167.6796653699,19114.6035571176,12806.5569571621,6201.53798141939,14308.184281409,116137.01756924,53614.7355340429,32542.3049964954,
78.67103,18113.1138944596,2200.1936170383,109880.838549493,36553.3679171591,20116.1734034163,13907.7326993809,8202.69048247825,12306.0545788528,114925.900922622,57130.2569859279,36753.9548056547,
78.79725,17612.3991289868,4200.70571856072,113412.169356815,36252.4936107484,19214.7569333248,14608.5313823273,7001.96054895371,16711.163056922,116742.619696349,59541.4705339888,34146.5759295679,
78.9235,18413.5523745477,4100.67251029169,128052.555824482,44177.9298682877,23121.3641404658,17311.9798900839,7902.49718911176,15209.2472223112,128456.670499594,65973.6426273953,35550.4816839913,
79.04974,21418.3340939844,4200.70571856072,124618.105804792,42472.032567234,21217.9928579435,17011.567866149,7902.49718911176,13006.7635170289,115531.444645369,59440.9940378578,30036.0432519023,
79.17603,15009.0054032419,3000.36004320518,127042.326000257,37054.8411649241,23221.549598027,15109.1259120509,7402.19104855037,15209.2472223112,119771.068454391,59340.5183474468,36051.9147572504,
79.30229,16510.8971921468,3200.40965243551,115430.518663779,38057.8479288519,21418.3340939844,18814.1482394761,7202.07419736884,15009.0054032419,117247.310445158,56627.9792330667,34246.8496903764,
79.42849,21718.8519635043,2900.33643902693,114421.303458557,42773.0563802976,22019.3770518056,16711.163056922,8102.62525058119,13106.8679988314,110486.139011651,57532.0936871056,33143.8825004306,
79.5548,19415.0660912868,3100.38444767151,110990.578356335,39060.9350586916,23822.6791905894,15509.6159618964,6701.7960813498,11705.4781637807,111192.359769057,56025.2725093309,29534.8511243267,
79.68112,18713.9980705568,2700.2916314962,118458.650998107,45382.2326054811,21518.505915087,16210.5044068556,7102.01697282028,16110.3750815525,131690.055892879,63762.2110649492,32241.5270868879,
79.80743,20817.3200102485,3500.49006860961,130578.485812281,37355.7347562563,21718.8519635043,14508.4148806308,7001.96054895371,15809.9919148902,114118.554712614,57632.5548762153,32341.7855869784,
79.93358,20516.8237955123,3200.40965243551,121790.440053379,40766.3676465285,21117.8234429859,16510.8971921468,6101.48876325823,13407.186251831,121184.59448379,60747.2513372415,32542.3049964954,
80.05981,19815.6940296715,3100.38444767151,112100.416258177,36152.2037822616,18213.259252736,14508.4148806308,7302.132222609,14508.4148806308,106753.917657881,54619.0695716662,32241.5270868879,
80.1861,17912.8255831175,2800.31363512713,115329.593493321,37255.4360889003,22920.9956319989,16911.4321281186,9003.24116682005,13707.5117164206,110889.688866032,57230.7149529525,31940.756405173,
80.31242,17011.567866149,2900.33643902693,110587.025259242,37556.3345017526,18713.9980705568,14308.184281409,6501.69043951427,13807.6218072376,108367.715058191,60747.2513372415,31339.2367243789,
80.43867,18713.9980705568,3800.57768780855,128759.765036045,47389.6612390643,23622.2994506814,16410.7654621432,7202.07419736884,15809.9919148902,121285.566716105,59641.9478358493,36453.0756781874,
80.56497,19915.8530190031,3300.43565750679,120578.778135048,38057.8479288519,21618.6785382571,13407.186251831,6301.58800017604,13307.0793662228,112907.632716694,54518.6325444167,29234.1454819229,
80.69124,21418.3340939844,2900.33643902693,120780.713671332,42271.354045629,23021.1794851263,14808.7667899396,7102.01697282028,12406.1534521122,117752.021476683,58737.681124556,34046.302972042,
80.81751,19214.7569333248,2600.27042812453,123709.14382419,43876.872280235,21618.6785382571,15809.9919148902,7502.25067520256,15509.6159618964,122396.314845929,57431.6333035317,34748.2305439951,
80.9438,20817.3200102485,3100.38444767151,123406.171112505,43375.1257177431,22219.7311212357,21217.9928579435,5401.16665199683,15609.7404780583,113210.352268024,61249.6942527537,35049.0686961746,
81.07008,19415.0660912868,2600.27042812453,123406.171112505,39963.7821963854,19615.3784567101,14107.9568876847,8002.56081946223,14007.84439286,104333.610485176,56025.2725093309,30437.0114058695,
81.19632,19515.221873061,2900.33643902693,116843.556223552,36854.249455198,23522.1107841371,18413.5523745477,7302.132222609,13607.4024269202,123709.14382419,59340.5183474468,31740.2466327303,
81.32257,19915.8530190031,4200.70571856072,127951.529186618,39963.7821963854,22420.0883992057,17011.567866149,7602.31110257518,13707.5117164206,114623.14001101,55924.8242076314,34447.3996218797,
81.44883,19214.7569333248,3300.43565750679,116036.086720649,38659.6905622281,20216.3347985172,13807.6218072376,7102.01697282028,15109.1259120509,98385.6718335877,56427.0737701303,31539.7400724913,
81.5751,17412.118834709,2000.16001280102,102821.155452734,35349.9140786791,17412.118834709,13307.0793662228,7602.31110257518,14808.7667899396,98990.4182094179,49196.6221659339,29534.8511243267,
81.70133,19415.0660912868,2700.2916314962,100804.83220614,33244.1482288479,19014.4509827469,14708.648685427,5301.12383825371,10904.7544729502,100502.411656272,57029.7998244003,36854.249455198,
81.82762,18914.2992102029,2300.21161946899,115834.227457032,39562.5087638469,24524.0335528818,15109.1259120509,7502.25067520256,11905.6670975384,110385.253574714,54819.9460419398,39562.5087638469,
81.9539,17512.2585810067,2200.1936170383,113916.726270362,36753.9548056547,20216.3347985172,19314.911111378,8302.75651516303,12406.1534521122,108872.069292452,57431.6333035317,45884.059597182,
82.08013,18012.9693379233,3200.40965243551,123608.152108373,40064.1025641026,23522.1107841371,15910.1188355794,6601.74286011507,14308.184281409,117953.911568727,61249.6942527537,34046.302972042,
82.2064,18113.1138944596,3500.49006860961,122396.314845929,39963.7821963854,21518.505915087,16510.8971921468,6901.90492575951,13507.2939387269,110889.688866032,55623.4841347792,40565.7164606663,
82.33268,18113.1138944596,3600.51847466035,122093.373796652,39863.462632511,24123.2548176442,14708.648685427,6501.69043951427,13707.5117164206,118458.650998107,58335.8057557995,31639.9929510902,
82.45888,18613.8487034354,2800.31363512713,118256.752792145,38358.7656289435,21318.1630749398,18713.9980705568,6101.48876325823,12105.8592358702,111293.251691497,57632.5548762153,33544.9502333126,
82.5852,18012.9693379233,2700.2916314962,127143.345327356,39462.1924152464,18313.4054127621,14608.5313823273,4300.73972723308,16911.4321281186,104938.643529955,55723.9300203653,34046.302972042,
82.71147,15910.1188355794,3300.43565750679,108165.979037694,35349.9140786791,20817.3200102485,13006.7635170289,6501.69043951427,13407.186251831,105745.399623213,57532.0936871056,35349.9140786791,
82.83767,19615.3784567101,2900.33643902693,124315.11117007,37556.3345017526,20717.1538033492,15509.6159618964,6201.53798141939,12105.8592358702,116843.556223552,61149.2040579013,32241.5270868879,
82.96393,20316.4969955604,2200.1936170383,116641.683980405,41669.3377780627,22620.4488857928,18113.1138944596,8002.56081946223,14908.8856958747,114118.554712614,57029.7998244003,32742.827618525,
83.09022,22119.5536854579,3400.46246289495,121891.417156041,40164.423735672,20116.1734034163,13607.4024269202,7902.49718911176,14208.0701838644,122901.232831009,61350.1852535006,34848.5091247016,
83.21649,20616.9883984403,3300.43565750679,136844.984093404,47791.1855820906,21217.9928579435,17612.3991289868,6401.6388195378,14308.184281409,117752.021476683,61149.2040579013,38158.1530252104,
83.34278,21919.201220269,4200.70571856072,126436.227094741,44077.5765347011,22420.0883992057,16310.634533716,6901.90492575951,14808.7667899396,114320.386398888,60144.3464314354,35650.7666917691,
83.46904,18914.2992102029,3100.38444767151,119872.029323934,36252.4936107484,21117.8234429859,12506.2531265633,7102.01697282028,12906.6598364756,105442.860012051,49799.0004128207,32642.5659059413,
83.59533,16210.5044068556,2400.23042212052,115127.745585765,38258.4589252378,20416.6599945556,15709.8657957197,6801.85010322808,14007.84439286,106451.353739857,59842.904856798,39863.462632511,
83.72157,18914.2992102029,3400.46246289495,115228.669133987,40766.3676465285,23922.8702639724,14608.5313823273,8302.75651516303,15009.0054032419,115430.518663779,60345.3115101164,34246.8496903764,
83.84784,20116.1734034163,4100.67251029169,135631.86956819,37656.6355799122,20817.3200102485,14107.9568876847,8502.8909829342,12706.4548790786,110385.253574714,60546.2798120259,38057.8479288519,
83.97406,19114.6035571176,3500.49006860961,122396.314845929,40164.423735672,22520.2682414173,14508.4148806308,7302.132222609,16210.5044068556,118155.804906279,62757.1438882963,39863.462632511,
84.10033,21117.8234429859,3900.60849492521,135227.524079548,42672.714305176,26027.0681508769,14608.5313823273,6001.44034568296,13106.8679988314,109981.719933308,56828.8879177976,32943.3534531443,
84.22657,17912.8255831175,1900.14441097523,99796.7920451716,39060.9350586916,21017.6548300572,15109.1259120509,6701.7960813498,12005.7627661277,99897.5924178229,60144.3464314354,33444.6820952793,
84.35274,18914.2992102029,3500.49006860961,131487.944927863,42873.3992595323,22920.9956319989,15509.6159618964,7802.43435952017,12906.6598364756,118660.552449773,57632.5548762153,32041.0124959949,
84.47891,18713.9980705568,3500.49006860961,124113.118806906,34046.302972042,22820.8125810739,14508.4148806308,5801.34591225164,13006.7635170289,111091.46865734,56627.9792330667,35951.6265357053,
84.60514,18113.1138944596,2900.33643902693,121386.539760121,39963.7821963854,20917.487019148,15209.2472223112,7402.19104855037,15709.8657957197,109679.078213637,52710.9037414721,32742.827618525,
84.73136,16611.0297237366,3600.51847466035,117045.431711777,37054.8411649241,21217.9928579435,14107.9568876847,5101.04061228491,12806.5569571621,110385.253574714,56527.5260988791,33344.4147604609,
84.85765,19515.221873061,3700.5476810568,123204.193364258,39863.462632511,23722.4889194957,15209.2472223112,8703.02865397158,13407.186251831,117953.911568727,62757.1438882963,36453.0756781874,
84.98396,19114.6035571176,3000.36004320518,119165.320279406,38960.6227289663,19615.3784567101,15409.4922472243,6701.7960813498,13106.8679988314,113613.989689355,54317.7609056434,33946.0308177889,
85.1102,18613.8487034354,2300.21161946899,113513.079117612,35751.0525029742,21418.3340939844,16811.2971917128,6701.7960813498,13807.6218072376,115026.822848647,61350.1852535006,34447.3996218797,
85.23643,18713.9980705568,4200.70571856072,125729.148659894,41268.0096799526,24223.4482979524,14708.648685427,8002.56081946223,16410.7654621432,131791.112594445,69291.5217661617,43475.4734218603,
85.36276,21819.0261908384,4000.64010241639,134115.6410607,44980.7854907414,26027.0681508769,15910.1188355794,7902.49718911176,14308.184281409,119367.233091652,65672.0607992942,35650.7666917691,
85.48904,19915.8530190031,3100.38444767151,115430.518663779,40666.0416516423,22219.7311212357,13707.5117164206,7802.43435952017,14908.8856958747,118559.601318222,60546.2798120259,36553.3679171591,
85.61526,18914.2992102029,3200.40965243551,129163.902458637,42973.74294289,21618.6785382571,13307.0793662228,7001.96054895371,16110.3750815525,115834.227457032,62355.1395872932,32742.827618525,
85.74157,20516.8237955123,3200.40965243551,118357.701489418,39963.7821963854,22119.5536854579,24123.2548176442,6801.85010322808,14708.648685427,110687.912317496,53614.7355340429,36854.249455198,
85.86789,21117.8234429859,2500.2500250025,110486.139011651,35349.9140786791,19915.8530190031,11705.4781637807,7702.37233067785,14508.4148806308,114017.64008599,62455.6394535182,35751.0525029742,
85.99419,20717.1538033492,4500.81014582625,124921.107747722,39763.1438724695,25025.025025025,16911.4321281186,8002.56081946223,13006.7635170289,121689.463762465,58436.2733895444,33043.6175751993,
86.12046,19515.221873061,2900.33643902693,109275.567268754,37857.2401471024,18814.1482394761,14808.7667899396,4800.92177698118,11705.4781637807,93649.4999337528,51405.4840532773,29835.5639922788,
86.24667,18413.5523745477,2300.21161946899,110183.485132763,37054.8411649241,18814.1482394761,13607.4024269202,6601.74286011507,14808.7667899396,118458.650998107,58737.681124556,35650.7666917691,
86.37286,17712.5404786589,2900.33643902693,108569.454320482,38860.311202987,20016.0128102482,16611.0297237366,6301.58800017604,12806.5569571621,120679.745497369,63360.1745211896,35450.1974796312,
86.49914,18513.7001381022,3300.43565750679,125022.110019457,39662.8259162513,24123.2548176442,17412.118834709,8002.56081946223,15309.3693340324,123608.152108373,64365.2900648866,37656.6355799122,
86.62539,21518.505915087,3900.60849492521,126234.200623935,41970.3422936842,22420.0883992057,13707.5117164206,7202.07419736884,12606.3536022155,118559.601318222,62154.1422728366,41368.3404985035,
86.7517,22620.4488857928,3600.51847466035,124214.114582496,42873.3992595323,23021.1794851263,14808.7667899396,7202.07419736884,12806.5569571621,121588.488283291,61450.6770601515,31138.7365883159,
86.87799,17311.9798900839,3100.38444767151,112302.215507751,33444.6820952793,17111.7044058136,12506.2531265633,4700.88376614804,14408.2991803279,108771.196824644,59139.5693837456,30737.7459520291,
87.00425,18613.8487034354,2200.1936170383,116338.881700035,35951.6265357053,22820.8125810739,15109.1259120509,6901.90492575951,15509.6159618964,125022.110019457,65672.0607992942,43575.8219301585,
87.13055,19915.8530190031,3000.36004320518,126638.256814344,39763.1438724695,19915.8530190031,14808.7667899396,6001.44034568296,14708.648685427,114623.14001101,63561.1911808346,34948.7885087582,
87.25672,22119.5536854579,3800.57768780855,118458.650998107,38760.0004807442,20016.0128102482,14007.84439286,6901.90492575951,12306.0545788528,108165.979037694,64566.3228476556,37656.6355799122,
87.38292,17812.6826300326,2800.31363512713,120780.713671332,38459.0731363374,20917.487019148,14508.4148806308,8002.56081946223,17111.7044058136,127951.529186618,69995.4272328341,44378.6389482162,
87.5092,23522.1107841371,4400.77453631839,123709.14382419,42171.0159909287,22319.9093591484,13507.2939387269,6601.74286011507,14908.8856958747,127648.454147067,58235.3389276679,38760.0004807442,
87.63544,18713.9980705568,3100.38444767151,109477.321120084,38258.4589252378,19415.0660912868,13807.6218072376,7902.49718911176,14308.184281409,123608.152108373,59842.904856798,39462.1924152464,
87.76173,16510.8971921468,3500.49006860961,125426.127227118,38559.381447429,21518.505915087,16310.634533716,6801.85010322808,13907.7326993809,128658.732711483,71705.0765188439,39662.8259162513,
87.88799,18713.9980705568,3600.51847466035,126032.177401848,41669.3377780627,19815.6940296715,17812.6826300326,6701.7960813498,14007.84439286,122901.232831009,66174.7012111976,37656.6355799122,
88.01428,18613.8487034354,4100.67251029169,118458.650998107,35751.0525029742,20516.8237955123,15609.7404780583,6501.69043951427,14208.0701838644,116137.01756924,55221.7086458555,33043.6175751993,
88.1405,18213.259252736,2200.1936170383,103728.606602481,36553.3679171591,17912.8255831175,12506.2531265633,7302.132222609,13307.0793662228,110082.602127728,57833.4796710809,30236.5257230735,
88.26683,18012.9693379233,3700.5476810568,104938.643529955,33946.0308177889,19415.0660912868,15809.9919148902,5701.29989637637,11305.1099096792,93045.0109004188,47088.5264296878,31339.2367243789,
88.39318,18213.259252736,3400.46246289495,97680.1712264132,35349.9140786791,22219.7311212357,16711.163056922,7602.31110257518,13907.7326993809,132498.532262086,67783.2860053585,37155.1382251261,
88.5195,20817.3200102485,4100.67251029169,129467.014056419,38960.6227289663,24123.2548176442,14608.5313823273,7402.19104855037,14308.184281409,121588.488283291,59641.9478358493,39662.8259162513,
88.64588,19815.6940296715,3200.40965243551,115430.518663779,40565.7164606663,24123.2548176442,13407.186251831,8202.69048247825,14708.648685427,117550.134630069,64566.3228476556,35049.0686961746,
88.77213,19314.911111378,3200.40965243551,115733.299041985,35249.6314811254,21518.505915087,15209.2472223112,7402.19104855037,14708.648685427,102921.980118486,56427.0737701303,31339.2367243789,
88.89849,18713.9980705568,3300.43565750679,113311.260406956,37355.7347562563,18613.8487034354,13707.5117164206,7001.96054895371,13206.9732818928,117953.911568727,61048.7146689335,31038.4877247787,
89.0248,19515.221873061,3700.5476810568,113311.260406956,35149.3496869605,18613.8487034354,13607.4024269202,7502.25067520256,13807.6218072376,112302.215507751,56427.0737701303,34046.302972042,
89.15113,19415.0660912868,4000.64010241639,123709.14382419,38158.1530252104,20316.4969955604,15609.7404780583,8202.69048247825,16210.5044068556,119972.99100504,63159.1610859366,33244.1482288479,
89.27736,18914.2992102029,3700.5476810568,116439.814982258,42070.6787402837,23121.3641404658,13006.7635170289,8402.82334864514,15309.3693340324,123709.14382419,69995.4272328341,41970.3422936842,
89.40363,18012.9693379233,3900.60849492521,123810.136351942,44278.2840061228,26127.2768770597,19214.7569333248,7802.43435952017,15109.1259120509,127951.529186618,69190.9670691107,41167.6796653699,
89.52994,22420.0883992057,3700.5476810568,129365.976044678,42672.714305176,23522.1107841371,14908.8856958747,8602.95941803981,14708.648685427,118357.701489418,57331.1737254839,34447.3996218797,
89.65614,20216.3347985172,3500.49006860961,118660.552449773,38559.381447429,21217.9928579435,18914.2992102029,10104.0820491479,16611.0297237366,117953.911568727,62857.6469786224,33143.8825004306,
89.78242,19415.0660912868,3700.5476810568,124012.12384329,34547.6757925938,20817.3200102485,15809.9919148902,7702.37233067785,13607.4024269202,110788.800186422,60244.8285678772,33745.4889190629,
89.90862,19014.4509827469,2700.2916314962,118761.504392769,36553.3679171591,21017.6548300572,14007.84439286,7102.01697282028,14408.2991803279,122396.314845929,61249.6942527537,33244.1482288479,
90.03493,19014.4509827469,4400.77453631839,117348.251028807,40967.0220480706,23522.1107841371,13907.7326993809,5301.12383825371,16310.634533716,102417.864888746,57029.7998244003,31339.2367243789,
90.16121,17612.3991289868,2900.33643902693,115733.299041985,36753.9548056547,20116.1734034163,17812.6826300326,7302.132222609,16110.3750815525,127446.408182301,65772.5872689938,33645.2191745706,
90.28745,17812.6826300326,4000.64010241639,121891.417156041,45181.5074394207,25425.8326459683,14908.8856958747,7302.132222609,13607.4024269202,127850.503361101,60646.7651717156,43174.4327220127,
90.41378,21117.8234429859,3300.43565750679,121689.463762465,40264.7457111035,22319.9093591484,19214.7569333248,8402.82334864514,13106.8679988314,121588.488283291,58436.2733895444,31539.7400724913,
90.53996,17512.2585810067,2500.2500250025,119165.320279406,38459.0731363374,21819.0261908384,13106.8679988314,6501.69043951427,14708.648685427,109578.199261578,57632.5548762153,29334.3798932349,
90.66626,17412.118834709,3200.40965243551,120073.953497719,37857.2401471024,21017.6548300572,12105.8592358702,6201.53798141939,13106.8679988314,118357.701489418,61651.6630912044,31539.7400724913,
90.79248,18113.1138944596,4000.64010241639,113916.726270362,38258.4589252378,23722.4889194957,12306.0545788528,10404.3282005314,14508.4148806308,125224.116999124,58235.3389276679,37456.0342272039,
90.91868,19615.3784567101,5001.00020004001,125527.133559262,39161.2481921726,23522.1107841371,15009.0054032419,7202.07419736884,15209.2472223112,122901.232831009,60244.8285678772,35249.6314811254,
91.04491,21418.3340939844,3900.60849492521,122194.35333462,39462.1924152464,20717.1538033492,15109.1259120509,9503.61137232148,14508.4148806308,105947.096748278,57130.2569859279,34046.302972042,
91.17107,16611.0297237366,3900.60849492521,113008.538422903,39662.8259162513,19314.911111378,15309.3693340324,7102.01697282028,15910.1188355794,111898.620251842,62254.6405270692,40264.7457111035,
91.29738,20216.3347985172,2800.31363512713,119064.365090529,39863.462632511,22720.6303323418,11905.6670975384,6301.58800017604,14208.0701838644,118862.457147221,58335.8057557995,37054.8411649241,
91.42364,17912.8255831175,3100.38444767151,117045.431711777,38258.4589252378,22420.0883992057,13507.2939387269,5801.34591225164,11605.3848985929,113210.352268024,53413.8783887248,32742.827618525,
91.54993,17111.7044058136,3600.51847466035,112705.823736931,35550.4816839913,20116.1734034163,14007.84439286,6301.58800017604,13907.7326993809,107762.51672177,54619.0695716662,33344.4147604609,
91.67622,17412.118834709,2500.2500250025,114623.14001101,34246.8496903764,19314.911111378,12506.2531265633,5801.34591225164,11505.2924345199,106249.648512505,55221.7086458555,33043.6175751993,
91.80245,16711.163056922,2900.33643902693,112806.727821374,40565.7164606663,21117.8234429859,11905.6670975384,8202.69048247825,11805.5722300926,115430.518663779,57933.9432768561,33544.9502333126,
91.92876,20316.4969955604,3800.57768780855,125325.121707075,38158.1530252104,21318.1630749398,12806.5569571621,5701.29989637637,13407.186251831,119670.1083964,61551.1696727162,32642.5659059413,
92.05505,17512.2585810067,3300.43565750679,123103.205707969,39963.7821963854,23021.1794851263,15309.3693340324,7902.49718911176,14908.8856958747,113513.079117612,58637.211073913,37656.6355799122,
92.1812,19515.221873061,3400.46246289495,123608.152108373,38659.6905622281,21718.8519635043,15109.1259120509,6301.58800017604,13607.4024269202,119367.233091652,58637.211073913,37155.1382251261,
92.30745,16911.4321281186,3500.49006860961,117146.370672818,39763.1438724695,20016.0128102482,15009.0054032419,7502.25067520256,16711.163056922,120578.778135048,55020.8257333103,34347.1242544771,
92.43372,19715.5358422437,2700.2916314962,129467.014056419,44980.7854907414,23021.1794851263,15609.7404780583,6801.85010322808,16711.163056922,117045.431711777,62556.1401257539,40465.3920735909,
92.55995,19314.911111378,4100.67251029169,125931.167009049,38559.381447429,23121.3641404658,12506.2531265633,10404.3282005314,17111.7044058136,113513.079117612,59039.0961104362,31639.9929510902,
92.68626,20016.0128102482,2600.27042812453,107560.790426186,42572.3730341581,19515.221873061,14408.2991803279,7001.96054895371,13407.186251831,103224.458975306,55121.2667869313,30336.7681630136,
92.81245,14908.8856958747,3600.51847466035,106854.773917794,33143.8825004306,17512.2585810067,11705.4781637807,8703.02865397158,13807.6218072376,105745.399623213,56828.8879177976,37957.5436361524,
92.93863,20016.0128102482,3200.40965243551,129568.052880653,43174.4327220127,23622.2994506814,16210.5044068556,8703.02865397158,15910.1188355794,134014.565664121,71503.9292060958,35550.4816839913,
93.06486,19014.4509827469,3400.46246289495,136844.984093404,43074.0874303803,22319.9093591484,14208.0701838644,6601.74286011507,12606.3536022155,107359.067372083,56427.0737701303,36854.249455198,
93.19108,18513.7001381022,3000.36004320518,120477.811584359,40064.1025641026,19715.5358422437,13407.186251831,6001.44034568296,12906.6598364756,111696.82748867,54418.1963224123,30837.992406645,
93.31735,18012.9693379233,3100.38444767151,120881.682656945,38960.6227289663,21518.505915087,16010.246557797,6701.7960813498,14007.84439286,108771.196824644,58637.211073913,33043.6175751993,
93.44354,18012.9693379233,3300.43565750679,124719.105640399,36653.6609596449,19715.5358422437,16210.5044068556,11305.1099096792,15309.3693340324,111394.144424668,54819.9460419398,31339.2367243789,
93.56978,15910.1188355794,4100.67251029169,116843.556223552,41067.3504547458,20917.487019148,14007.84439286,8002.56081946223,16010.246557797,117651.077647702,62053.6448245857,38559.381447429,
93.69602,19615.3784567101,3700.5476810568,130376.39272546,41970.3422936842,28432.2990917683,16510.8971921468,8502.8909829342,16611.0297237366,115127.745585765,61048.7146689335,36854.249455198,
93.82231,19715.5358422437,3600.51847466035,138765.988255169,45482.5963950534,22920.9956319989,15309.3693340324,6401.6388195378,15910.1188355794,114925.900922622,61551.1696727162,37456.0342272039,
93.94853,17211.841747122,3800.57768780855,124113.118806906,37656.6355799122,18613.8487034354,14608.5313823273,8602.95941803981,14408.2991803279,104837.802663925,54116.8924877736,31339.2367243789,
94.07475,17111.7044058136,2100.17641481884,114623.14001101,33244.1482288479,19415.0660912868,14808.7667899396,6001.44034568296,15109.1259120509,111595.932323245,63159.1610859366,33244.1482288479,
94.20097,19715.5358422437,2200.1936170383,127749.478347921,40365.0684904065,24624.2302425587,15209.2472223112,7702.37233067785,12806.5569571621,116944.493562025,58737.681124556,34046.302972042,
94.32729,18413.5523745477,3900.60849492521,120174.916801981,40766.3676465285,23221.549598027,13307.0793662228,7602.31110257518,12806.5569571621,117953.911568727,63862.7222162069,38258.4589252378,
94.45355,15809.9919148902,2300.21161946899,115127.745585765,37456.0342272039,24123.2548176442,17512.2585810067,6001.44034568296,12606.3536022155,106552.207568923,57833.4796710809,31539.7400724913,
94.5798,20316.4969955604,3700.5476810568,114421.303458557,37556.3345017526,21217.9928579435,12506.2531265633,9003.24116682005,12105.8592358702,105745.399623213,59440.9940378578,34547.6757925938,
94.70611,17211.841747122,2600.27042812453,112907.632716694,37155.1382251261,22720.6303323418,12806.5569571621,4500.81014582625,12906.6598364756,109981.719933308,55723.9300203653,34547.6757925938,
94.83231,18613.8487034354,3700.5476810568,118963.410713137,39060.9350586916,19615.3784567101,12706.4548790786,6001.44034568296,14608.5313823273,105039.485206102,57130.2569859279,32742.827618525,
94.95863,19815.6940296715,3500.49006860961,117651.077647702,39261.5621294189,21618.6785382571,13607.4024269202,7202.07419736884,12906.6598364756,111999.517849609,61350.1852535006,34347.1242544771,
95.08495,18914.2992102029,3500.49006860961,140990.675709378,41167.6796653699,21718.8519635043,15309.3693340324,6201.53798141939,14308.184281409,118761.504392769,60847.7383086133,37255.4360889003,
95.21119,19114.6035571176,3700.5476810568,125426.127227118,40164.423735672,20416.6599945556,13407.186251831,5801.34591225164,12306.0545788528,104535.284926434,57532.0936871056,31940.756405173,
95.33744,18814.1482394761,3400.46246289495,112806.727821374,38258.4589252378,22820.8125810739,11004.8421305374,6401.6388195378,13607.4024269202,110284.368948421,61551.1696727162,34748.2305439951,
95.4637,18613.8487034354,3100.38444767151,119972.99100504,39060.9350586916,20116.1734034163,15609.7404780583,8002.56081946223,15009.0054032419,116843.556223552,60345.3115101164,35450.1974796312,
95.58997,20316.4969955604,3200.40965243551,130174.302888965,41870.0066511207,21819.0261908384,14708.648685427,6901.90492575951,13407.186251831,121386.539760121,53514.3065588096,33544.9502333126,
95.71626,21718.8519635043,3000.36004320518,125022.110019457,42572.3730341581,22119.5536854579,17512.2585810067,7202.07419736884,14708.648685427,119367.233091652,54719.5074041707,33745.4889190629,
95.84245,19114.6035571176,3700.5476810568,123810.136351942,42773.0563802976,22219.7311212357,12205.9565067753,7001.96054895371,11605.3848985929,121487.513615846,65370.4862280828,43776.5213593361,
95.96864,21318.1630749398,3500.49006860961,122295.333684376,37255.4360889003,21919.201220269,12806.5569571621,7102.01697282028,15409.4922472243,113210.352268024,59842.904856798,34246.8496903764,
96.09493,18113.1138944596,2700.2916314962,109275.567268754,38459.0731363374,19415.0660912868,10704.5815609081,5501.21026625858,13006.7635170289,106552.207568923,57431.6333035317,33544.9502333126,
96.22117,18213.259252736,3000.36004320518,120174.916801981,34948.7885087582,28732.9854673165,12105.8592358702,8402.82334864514,17211.841747122,121285.566716105,66978.9678019669,36352.7842427204,
96.34736,19815.6940296715,2400.23042212052,135935.137222097,46486.2785329572,27931.1711870447,15409.4922472243,5501.21026625858,15009.0054032419,125123.113103254,66576.8280553149,36753.9548056547,
96.47359,20016.0128102482,2200.1936170383,123507.161204481,39562.5087638469,20416.6599945556,12606.3536022155,6001.44034568296,13106.8679988314,110385.253574714,60747.2513372415,31740.2466327303,
96.59975,18713.9980705568,4100.67251029169,119064.365090529,39562.5087638469,19615.3784567101,14107.9568876847,7402.19104855037,13106.8679988314,107863.381085142,53614.7355340429,34447.3996218797,
96.72598,20116.1734034163,2400.23042212052,116137.01756924,37556.3345017526,19114.6035571176,9803.84310649775,5401.16665199683,13307.0793662228,109679.078213637,54116.8924877736,36453.0756781874,
96.85221,16210.5044068556,3400.46246289495,116338.881700035,35149.3496869605,19314.911111378,13307.0793662228,5801.34591225164,14007.84439286,112403.116348777,57130.2569859279,35851.3391176164,
96.97845,21418.3340939844,2400.23042212052,115127.745585765,40666.0416516423,21318.1630749398,12606.3536022155,5401.16665199683,14308.184281409,102317.044272455,57632.5548762153,30437.0114058695,
97.10474,18012.9693379233,2700.2916314962,116540.749075711,38258.4589252378,16811.2971917128,13206.9732818928,7902.49718911176,11905.6670975384,111898.620251842,58034.4076882059,37155.1382251261,
97.23097,17111.7044058136,3400.46246289495,118862.457147221,38760.0004807442,21618.6785382571,12105.8592358702,5701.29989637637,14508.4148806308,115733.299041985,56125.7216164208,33143.8825004306,
97.35725,21418.3340939844,3000.36004320518,126638.256814344,39462.1924152464,23021.1794851263,12706.4548790786,7302.132222609,14208.0701838644,122194.35333462,63862.7222162069,39963.7821963854,
97.48364,18814.1482394761,3700.5476810568,124214.114582496,42572.3730341581,20416.6599945556,16110.3750815525,5801.34591225164,13106.8679988314,118963.410713137,60847.7383086133,36854.249455198,
97.60988,20717.1538033492,4300.73972723308,122093.373796652,35650.7666917691,19715.5358422437,12806.5569571621,5001.00020004001,15609.7404780583,113714.901072054,63661.7007198284,34046.302972042,
97.7362,18113.1138944596,2700.2916314962,116137.01756924,38459.0731363374,20316.4969955604,17712.5404786589,6401.6388195378,16510.8971921468,113412.169356815,59742.4259434492,33444.6820952793,
97.86248,20616.9883984403,3200.40965243551,127850.503361101,42472.032567234,22720.6303323418,12105.8592358702,7001.96054895371,14808.7667899396,118458.650998107,70196.5503409547,39161.2481921726,
97.98876,20416.6599945556,3700.5476810568,130679.533574588,40666.0416516423,23121.3641404658,14107.9568876847,6401.6388195378,15509.6159618964,125426.127227118,61852.6523459899,39361.8768704403,
98.11497,20616.9883984403,4100.67251029169,132801.724311261,35951.6265357053,21318.1630749398,11205.0198488923,6301.58800017604,12506.2531265633,110990.578356335,55924.8242076314,33244.1482288479,
98.2412,21217.9928579435,3200.40965243551,121891.417156041,40866.6944453348,21017.6548300572,15109.1259120509,5401.16665199683,13507.2939387269,109578.199261578,54418.1963224123,30938.239664225,
98.36753,16310.634533716,2000.16001280102,108065.112243094,36051.9147572504,20216.3347985172,12205.9565067753,7602.31110257518,16010.246557797,126032.177401848,69894.8668888862,40666.0416516423,
98.49378,22119.5536854579,3300.43565750679,136036.228066295,43475.4734218603,23221.549598027,14908.8856958747,7802.43435952017,14208.0701838644,123810.136351942,59943.3845759056,35349.9140786791,
98.62003,19915.8530190031,4900.9605882753,123709.14382419,38158.1530252104,20216.3347985172,12706.4548790786,6301.58800017604,12506.2531265633,115430.518663779,59742.4259434492,39863.462632511,
98.74627,20917.487019148,2300.21161946899,122093.373796652,38158.1530252104,20917.487019148,12606.3536022155,7001.96054895371,14608.5313823273,124517.106781208,61953.1481823067,36653.6609596449,
98.87253,17812.6826300326,3300.43565750679,116944.493562025,37155.1382251261,20717.1538033492,19314.911111378,6101.48876325823,15309.3693340324,122699.263201476,61350.1852535006,35951.6265357053,
98.99884,18213.259252736,4200.70571856072,126739.27289247,38459.0731363374,21919.201220269,13707.5117164206,5801.34591225164,15609.7404780583,112302.215507751,61048.7146689335,29935.8032206519,
99.12499,20016.0128102482,3500.49006860961,117550.134630069,36854.249455198,17412.118834709,12806.5569571621,7702.37233067785,13006.7635170289,113513.079117612,59039.0961104362,33244.1482288479,
99.25131,17712.5404786589,3300.43565750679,115127.745585765,36051.9147572504,22920.9956319989,15709.8657957197,4400.77453631839,14808.7667899396,119872.029323934,60043.8651007815,37456.0342272039,
99.37751,19815.6940296715,3100.38444767151,119872.029323934,39060.9350586916,20817.3200102485,12706.4548790786,5701.29989637637,12606.3536022155,109578.199261578,51907.5524486736,34547.6757925938,
99.50376,18814.1482394761,3600.51847466035,109174.691558898,33244.1482288479,22520.2682414173,10804.6676164103,5901.39272868397,11605.3848985929,112302.215507751,54016.4594866532,33043.6175751993,
99.63,19114.6035571176,3400.46246289495,116641.683980405,36453.0756781874,22119.5536854579,13607.4024269202,5901.39272868397,15409.4922472243,115026.822848647,63963.2341736111,33946.0308177889,
99.75623,18113.1138944596,3200.40965243551,111293.251691497,41067.3504547458,20616.9883984403,14408.2991803279,8002.56081946223,13006.7635170289,110486.139011651,58335.8057557995,37155.1382251261,
99.88241,20516.8237955123,3600.51847466035,123810.136351942,38158.1530252104,21518.505915087,13307.0793662228,6601.74286011507,13006.7635170289,114522.221329261,60244.8285678772,36653.6609596449,
100.0087,18814.1482394761,2800.31363512713,120982.65245422,40666.0416516423,23522.1107841371,14608.5313823273,7502.25067520256,14408.2991803279,119972.99100504,72710.8614983452,38158.1530252104,
100.13492,21618.6785382571,3700.5476810568,127749.478347921,42271.354045629,21819.0261908384,14308.184281409,9903.92195309342,12906.6598364756,132700.659482065,71001.0750445261,40866.6944453348,
100.26114,22319.9093591484,4700.88376614804,131993.228435745,41368.3404985035,21518.505915087,13206.9732818928,5701.29989637637,15309.3693340324,126941.307485416,61852.6523459899,39261.5621294189,
100.38737,20616.9883984403,3500.49006860961,113815.81326572,36753.9548056547,24423.8376655616,16110.3750815525,15609.7404780583,11605.3848985929,116338.881700035,58134.8729051399,35349.9140786791,
100.51365,18613.8487034354,4300.73972723308,111797.723464866,40365.0684904065,21418.3340939844,15509.6159618964,7802.43435952017,15109.1259120509,113412.169356815,62757.1438882963,37255.4360889003,
100.63992,15309.3693340324,3100.38444767151,119064.365090529,38960.6227289663,19415.0660912868,11805.5722300926,8202.69048247825,11705.4781637807,115430.518663779,59943.3845759056,34246.8496903764,
100.76616,17111.7044058136,2100.17641481884,116036.086720649,39462.1924152464,19615.3784567101,13507.2939387269,7102.01697282028,10804.6676164103,121790.440053379,61249.6942527537,34547.6757925938,
100.8925,21017.6548300572,3500.49006860961,121992.395070462,41067.3504547458,22119.5536854579,13707.5117164206,4700.88376614804,17011.567866149,111797.723464866,58335.8057557995,36453.0756781874,
101.01876,19314.911111378,2700.2916314962,116036.086720649,35049.0686961746,19415.0660912868,14107.9568876847,6401.6388195378,12005.7627661277,107964.246258913,56728.433172703,38158.1530252104,
101.14501,18713.9980705568,2400.23042212052,109275.567268754,32642.5659059413,19314.911111378,11205.0198488923,4000.64010241639,11004.8421305374,105644.552275977,53815.5958999932,29835.5639922788,
101.27125,18814.1482394761,4200.70571856072,114824.979807681,37054.8411649241,21618.6785382571,11505.2924345199,9303.46088745013,17612.3991289868,130073.259189565,69693.7486211668,36352.7842427204,
101.39751,17211.841747122,3100.38444767151,114017.64008599,38459.0731363374,23021.1794851263,15109.1259120509,5701.29989637637,13206.9732818928,113311.260406956,61551.1696727162,33645.2191745706,
101.52377,18012.9693379233,2800.31363512713,108468.584284107,35550.4816839913,17412.118834709,12005.7627661277,5601.25468104855,11305.1099096792,105140.327692376,55121.2667869313,31740.2466327303,
101.65001,15910.1188355794,3400.46246289495,110587.025259242,36653.6609596449,22019.3770518056,16210.5044068556,6701.7960813498,15409.4922472243,126436.227094741,57331.1737254839,35650.7666917691,
101.77618,20216.3347985172,4300.73972723308,124719.105640399,42672.714305176,22019.3770518056,16210.5044068556,7902.49718911176,13707.5117164206,141091.807222131,64365.2900648866,36453.0756781874,
101.90242,22520.2682414173,4000.64010241639,122396.314845929,40164.423735672,25025.025025025,15809.9919148902,7702.37233067785,16110.3750815525,112705.823736931,62154.1422728366,33444.6820952793,
102.02873,19114.6035571176,3700.5476810568,117045.431711777,38158.1530252104,19415.0660912868,11805.5722300926,7802.43435952017,14107.9568876847,113311.260406956,55020.8257333103,37756.9374616922,
102.15492,20717.1538033492,2700.2916314962,99091.2121053921,33143.8825004306,22520.2682414173,11104.9305891816,7402.19104855037,11705.4781637807,109174.691558898,54217.3262941004,30637.5003003677,
102.28121,16510.8971921468,2800.31363512713,102619.508550956,32141.2693898966,19114.6035571176,11505.2924345199,7202.07419736884,12606.3536022155,103325.286880801,54016.4594866532,31840.5011174214,
102.4074,18113.1138944596,4200.70571856072,118761.504392769,38559.381447429,21718.8519635043,13106.8679988314,4000.64010241639,13507.2939387269,116036.086720649,60144.3464314354,38158.1530252104,
102.53364,17812.6826300326,3100.38444767151,121285.566716105,31740.2466327303,25425.8326459683,10804.6676164103,7001.96054895371,16611.0297237366,119367.233091652,62857.6469786224,35550.4816839913,
102.65987,17812.6826300326,3900.60849492521,123305.181832434,43475.4734218603,21618.6785382571,13907.7326993809,8202.69048247825,13707.5117164206,121992.395070462,59440.9940378578,33043.6175751993,
102.7861,17812.6826300326,3900.60849492521,113613.989689355,37656.6355799122,20616.9883984403,13707.5117164206,9103.31360615264,14208.0701838644,111999.517849609,59943.3845759056,34347.1242544771,
102.91232,18914.2992102029,3000.36004320518,126234.200623935,41067.3504547458,20616.9883984403,12906.6598364756,6001.44034568296,15009.0054032419,125729.148659894,65471.0102788483,40666.0416516423,
103.03847,19114.6035571176,2900.33643902693,127648.454147067,43174.4327220127,24423.8376655616,13807.6218072376,6901.90492575951,17712.5404786589,126739.27289247,65269.9629836093,38860.311202987,
103.16477,18012.9693379233,3400.46246289495,118458.650998107,38459.0731363374,22720.6303323418,14107.9568876847,6301.58800017604,13006.7635170289,118559.601318222,61953.1481823067,37054.8411649241,
103.29109,19014.4509827469,2300.21161946899,128052.555824482,44077.5765347011,19515.221873061,13407.186251831,6901.90492575951,12005.7627661277,114118.554712614,61651.6630912044,34046.302972042,
103.41738,17912.8255831175,2900.33643902693,121992.395070462,40164.423735672,19815.6940296715,14508.4148806308,6701.7960813498,16110.3750815525,126537.241548438,60043.8651007815,36252.4936107484,
103.54361,20516.8237955123,3200.40965243551,118357.701489418,37756.9374616922,20416.6599945556,20516.8237955123,6801.85010322808,14308.184281409,115935.15668325,61450.6770601515,44478.9946945776,
103.6699,18513.7001381022,4900.9605882753,114623.14001101,39161.2481921726,22019.3770518056,13006.7635170289,8502.8909829342,15409.4922472243,123608.152108373,60244.8285678772,36954.5449082846,
103.79611,18914.2992102029,3400.46246289495,115935.15668325,43274.7788177972,20116.1734034163,13407.186251831,7202.07419736884,12906.6598364756,114824.979807681,55422.5947796526,35249.6314811254,
103.92237,20616.9883984403,3200.40965243551,111595.932323245,36653.6609596449,21418.3340939844,12506.2531265633,7001.96054895371,11305.1099096792,112806.727821374,60747.2513372415,40465.3920735909,
104.04868,19515.221873061,3200.40965243551,112201.315477554,35249.6314811254,18513.7001381022,14708.648685427,7402.19104855037,14708.648685427,119165.320279406,61752.1573156257,35249.6314811254,
104.17492,17712.5404786589,3600.51847466035,127244.365466723,40666.0416516423,24724.4277346018,11104.9305891816,7302.132222609,14808.7667899396,117045.431711777,58536.7418289123,40967.0220480706,
104.30121,19114.6035571176,2900.33643902693,117449.192423774,36352.7842427204,22219.7311212357,15209.2472223112,6401.6388195378,14208.0701838644,115531.444645369,55121.2667869313,58737.681124556,
104.4275,18413.5523745477,4000.64010241639,120881.682656945,40866.6944453348,23922.8702639724,14708.648685427,8202.69048247825,15209.2472223112,122901.232831009,58436.2733895444,35349.9140786791,
104.55382,20416.6599945556,2800.31363512713,125022.110019457,33946.0308177889,22920.9956319989,12706.4548790786,8302.75651516303,14608.5313823273,115127.745585765,58737.681124556,37756.9374616922,
104.68006,17211.841747122,3200.40965243551,122093.373796652,36051.9147572504,22019.3770518056,12506.2531265633,7402.19104855037,13607.4024269202,108771.196824644,50501.811652291,29635.0879441258,
104.80633,15609.7404780583,3000.36004320518,114118.554712614,39662.8259162513,22820.8125810739,13006.7635170289,7402.19104855037,11705.4781637807,109679.078213637,54920.3854849831,32041.0124959949,
104.93252,18914.2992102029,3400.46246289495,115632.371438101,43475.4734218603,25325.6295370915,16010.246557797,7302.132222609,15309.3693340324,113109.44494001,62154.1422728366,35650.7666917691,
105.05874,18313.4054127621,2800.31363512713,119266.276279776,36152.2037822616,18513.7001381022,15609.7404780583,6101.48876325823,12706.4548790786,111696.82748867,57733.0168708705,39161.2481921726,
105.18501,18513.7001381022,3400.46246289495,118862.457147221,37857.2401471024,24023.0621396541,12906.6598364756,7001.96054895371,13206.9732818928,115531.444645369,59340.5183474468,36453.0756781874,
105.31118,16510.8971921468,3000.36004320518,129264.938845421,41970.3422936842,21618.6785382571,16911.4321281186,7001.96054895371,13206.9732818928,108367.715058191,56226.1715289109,33344.4147604609,
105.43744,19014.4509827469,2500.2500250025,120477.811584359,40164.423735672,21618.6785382571,12306.0545788528,5801.34591225164,10704.5815609081,105543.705738926,54819.9460419398,32442.0448901777,
105.56373,17912.8255831175,2800.31363512713,119064.365090529,39562.5087638469,20216.3347985172,12406.1534521122,7001.96054895371,12706.4548790786,107459.928493954,50702.6221071449,34146.5759295679,
105.69004,16711.163056922,3200.40965243551,105846.247780643,35751.0525029742,20216.3347985172,12606.3536022155,7402.19104855037,12906.6598364756,98990.4182094179,60747.2513372415,33043.6175751993,
105.8163,18814.1482394761,3600.51847466035,128860.798173031,45482.5963950534,22420.0883992057,22420.0883992057,7802.43435952017,13907.7326993809,120578.778135048,62053.6448245857,38659.6905622281,
105.94254,17912.8255831175,3100.38444767151,127143.345327356,43776.5213593361,23822.6791905894,13206.9732818928,6101.48876325823,14808.7667899396,117852.966117021,62556.1401257539,33143.8825004306,
106.06874,20817.3200102485,3200.40965243551,124517.106781208,38659.6905622281,21318.1630749398,11505.2924345199,7001.96054895371,14908.8856958747,111192.359769057,59340.5183474468,31539.7400724913,
106.19498,16811.2971917128,4300.73972723308,112907.632716694,37456.0342272039,20917.487019148,13206.9732818928,6101.48876325823,13106.8679988314,105846.247780643,57431.6333035317,36553.3679171591,
106.32126,19114.6035571176,2900.33643902693,117752.021476683,36854.249455198,21017.6548300572,13307.0793662228,8202.69048247825,15809.9919148902,113210.352268024,55121.2667869313,33946.0308177889,
106.44756,17712.5404786589,4500.81014582625,128052.555824482,41970.3422936842,22319.9093591484,13006.7635170289,5801.34591225164,15509.6159618964,124719.105640399,67079.5047547236,33745.4889190629,
106.57369,14608.5313823273,2900.33643902693,126638.256814344,38358.7656289435,22119.5536854579,14508.4148806308,6601.74286011507,13206.9732818928,105140.327692376,56728.433172703,30837.992406645,
106.70001,18914.2992102029,3700.5476810568,120780.713671332,39361.8768704403,21318.1630749398,13006.7635170289,7102.01697282028,14007.84439286,118660.552449773,62154.1422728366,35650.7666917691,
106.82624,19214.7569333248,3100.38444767151,122699.263201476,44579.3512452165,21017.6548300572,13206.9732818928,7602.31110257518,14408.2991803279,106350.500721054,51606.3089965329,33645.2191745706,
106.9525,16310.634533716,4000.64010241639,91231.7185285699,27129.408278574,16711.163056922,8202.69048247825,3900.60849492521,8302.75651516303,58335.8057557995,26227.4864057532,14408.2991803279,
107.07871,7602.31110257518,1300.06760351538,40365.0684904065,12606.3536022155,5501.21026625858,3600.51847466035,1800.12960933187,4600.84655576626,25526.0365572884,9903.92195309342,5301.12383825371,
107.20494,2700.2916314962,700.019600548815,15509.6159618964,4900.9605882753,2100.17641481884,1700.11560786133,900.032401166442,1500.09000540032,11104.9305891816,4000.64010241639,3100.38444767151,
107.33123,1800.12960933187,500.010000200004,8502.8909829342,4300.73972723308,2400.23042212052,700.019600548815,100.0004000016,1100.04840212969,5201.0818250196,2300.21161946899,1200.05760276493,
107.45742,400.006400102402,700.019600548815,4900.9605882753,3600.51847466035,800.025600819226,400.006400102402,200.0016000128,800.025600819226,3600.51847466035,1400.07840439065,1100.04840212969,
107.58361,100.0004000016,500.010000200004,3300.43565750679,2000.16001280102,700.019600548815,500.010000200004,100.0004000016,1200.05760276493,2500.2500250025,1000.04000160006,400.006400102402,
107.7099,400.006400102402,200.0016000128,2600.27042812453,1300.06760351538,200.0016000128,0,400.006400102402,1000.04000160006,1300.06760351538,600.014400345608,400.006400102402,
107.83613,100.0004000016,200.0016000128,1000.04000160006,1600.10240655402,600.014400345608,200.0016000128,100.0004000016,1000.04000160006,900.032401166442,700.019600548815,200.0016000128,
107.9624,100.0004000016,300.003600043201,1300.06760351538,700.019600548815,600.014400345608,200.0016000128,100.0004000016,600.014400345608,800.025600819226,400.006400102402,300.003600043201,
108.08871,200.0016000128,200.0016000128,900.032401166442,800.025600819226,0,200.0016000128,0,600.014400345608,300.003600043201,300.003600043201,100.0004000016,
108.21497,100.0004000016,100.0004000016,700.019600548815,700.019600548815,0,0,0,700.019600548815,500.010000200004,200.0016000128,400.006400102402,
108.34124,100.0004000016,300.003600043201,700.019600548815,1500.09000540032,200.0016000128,100.0004000016,0,800.025600819226,300.003600043201,100.0004000016,300.003600043201,
108.46756,0,500.010000200004,300.003600043201,800.025600819226,200.0016000128,0,100.0004000016,600.014400345608,300.003600043201,200.0016000128,100.0004000016,
108.59387,0,200.0016000128,600.014400345608,600.014400345608,100.0004000016,100.0004000016,0,700.019600548815,100.0004000016,100.0004000016,0,
108.72018,0,400.006400102402,200.0016000128,1200.05760276493,100.0004000016,0,0,800.025600819226,400.006400102402,0,200.0016000128,
108.84654,100.0004000016,200.0016000128,500.010000200004,800.025600819226,400.006400102402,100.0004000016,0,700.019600548815,200.0016000128,100.0004000016,0,
108.97287,0,100.0004000016,100.0004000016,600.014400345608,0,0,0,600.014400345608,0,0,0,
109.09918,0,200.0016000128,200.0016000128,700.019600548815,0,200.0016000128,0,600.014400345608,300.003600043201,100.0004000016,0,
109.2255,0,300.003600043201,500.010000200004,1000.04000160006,100.0004000016,0,300.003600043201,900.032401166442,0,100.0004000016,0,
109.35181,0,200.0016000128,200.0016000128,1300.06760351538,100.0004000016,100.0004000016,0,1100.04840212969,0,100.0004000016,200.0016000128,
109.4781,0,900.032401166442,100.0004000016,1200.05760276493,300.003600043201,0,0,600.014400345608,100.0004000016,0,0,
109.60438,0,700.019600548815,300.003600043201,900.032401166442,0,0,0,700.019600548815,0,0,0,
109.73063,0,300.003600043201,0,1800.12960933187,0,200.0016000128,0,800.025600819226,100.0004000016,0,100.0004000016,
109.85685,0,200.0016000128,0,700.019600548815,200.0016000128,0,0,600.014400345608,0,0,0,
109.98315,0,200.0016000128,300.003600043201,1200.05760276493,0,0,0,1000.04000160006,0,100.0004000016,0,
110.10939,0,300.003600043201,0,600.014400345608,600.014400345608,0,0,800.025600819226,0,0,0,
110.23573,0,300.003600043201,100.0004000016,1000.04000160006,100.0004000016,100.0004000016,200.0016000128,700.019600548815,0,0,0,
110.36193,100.0004000016,800.025600819226,0,700.019600548815,300.003600043201,200.0016000128,0,600.014400345608,0,0,0,
110.48806,0,300.003600043201,100.0004000016,300.003600043201,0,0,0,600.014400345608,0,0,0,
110.61435,0,200.0016000128,100.0004000016,1200.05760276493,100.0004000016,0,0,600.014400345608,100.0004000016,0,100.0004000016,
110.74063,0,100.0004000016,200.0016000128,1100.04840212969,200.0016000128,100.0004000016,200.0016000128,1000.04000160006,100.0004000016,0,0,
110.86697,0,600.014400345608,100.0004000016,1000.04000160006,200.0016000128,100.0004000016,0,400.006400102402,0,0,0,
110.9932,0,0,0,600.014400345608,100.0004000016,100.0004000016,100.0004000016,500.010000200004,0,0,0,
111.11952,100.0004000016,200.0016000128,200.0016000128,900.032401166442,100.0004000016,0,0,700.019600548815,0,0,0,
111.24575,200.0016000128,400.006400102402,200.0016000128,1300.06760351538,200.0016000128,0,0,600.014400345608,0,0,100.0004000016,
111.37206,0,0,300.003600043201,1200.05760276493,0,0,100.0004000016,1200.05760276493,0,0,0,
111.49833,0,400.006400102402,200.0016000128,1200.05760276493,200.0016000128,0,0,900.032401166442,0,0,0,
111.62462,100.0004000016,200.0016000128,500.010000200004,1100.04840212969,0,0,0,900.032401166442,100.0004000016,0,0,
111.75091,0,100.0004000016,200.0016000128,500.010000200004,200.0016000128,200.0016000128,100.0004000016,1200.05760276493,0,0,0,
111.87711,0,300.003600043201,100.0004000016,800.025600819226,0,100.0004000016,100.0004000016,600.014400345608,0,0,0,
112.00334,0,700.019600548815,0,900.032401166442,100.0004000016,100.0004000016,0,1200.05760276493,0,0,0,
112.12963,0,100.0004000016,0,1000.04000160006,0,0,0,600.014400345608,0,0,0,
112.25589,0,200.0016000128,100.0004000016,1300.06760351538,200.0016000128,0,0,1200.05760276493,0,0,0,
112.3821,0,500.010000200004,100.0004000016,700.019600548815,200.0016000128,0,0,400.006400102402,0,0,0,
112.50841,100.0004000016,900.032401166442,0,800.025600819226,200.0016000128,0,100.0004000016,500.010000200004,0,0,0,
112.63464,0,200.0016000128,0,1200.05760276493,200.0016000128,100.0004000016,0,1300.06760351538,0,0,0,
112.76094,0,300.003600043201,100.0004000016,900.032401166442,0,0,0,800.025600819226,0,0,0,
112.88719,0,500.010000200004,0,700.019600548815,200.0016000128,0,0,600.014400345608,0,0,0,
113.01342,0,600.014400345608,200.0016000128,300.003600043201,200.0016000128,100.0004000016,0,1200.05760276493,0,0,0,
113.1397,0,700.019600548815,0,600.014400345608,200.0016000128,100.0004000016,100.0004000016,900.032401166442,0,0,0,
113.2659,0,500.010000200004,0,1500.09000540032,300.003600043201,300.003600043201,0,700.019600548815,0,0,0,
113.39209,0,200.0016000128,100.0004000016,1000.04000160006,200.0016000128,0,0,800.025600819226,0,0,0,
113.51837,0,200.0016000128,100.0004000016,700.019600548815,200.0016000128,0,0,300.003600043201,0,0,0,
113.64461,0,400.006400102402,100.0004000016,900.032401166442,200.0016000128,100.0004000016,0,1400.07840439065,0,0,0,
113.77083,0,500.010000200004,200.0016000128,900.032401166442,200.0016000128,0,0,700.019600548815,0,0,0,
113.89703,0,300.003600043201,0,500.010000200004,400.006400102402,100.0004000016,100.0004000016,1000.04000160006,0,0,100.0004000016,
114.0232,0,100.0004000016,200.0016000128,900.032401166442,200.0016000128,100.0004000016,0,800.025600819226,0,0,0,
114.14943,200.0016000128,0,100.0004000016,1300.06760351538,200.0016000128,200.0016000128,0,1100.04840212969,0,0,0,
114.27565,0,600.014400345608,100.0004000016,900.032401166442,200.0016000128,0,0,700.019600548815,0,0,0,
114.40188,0,100.0004000016,0,1400.07840439065,100.0004000016,0,0,400.006400102402,0,0,0,
114.52816,100.0004000016,0,400.006400102402,1000.04000160006,100.0004000016,100.0004000016,0,600.014400345608,0,0,0,
114.6544,0,500.010000200004,100.0004000016,700.019600548815,0,0,100.0004000016,500.010000200004,0,0,0,
114.78066,200.0016000128,100.0004000016,100.0004000016,800.025600819226,100.0004000016,100.0004000016,0,1200.05760276493,0,0,0,
114.90683,0,300.003600043201,100.0004000016,1000.04000160006,100.0004000016,100.0004000016,300.003600043201,1300.06760351538,0,0,0,
115.03306,0,100.0004000016,0,1800.12960933187,100.0004000016,100.0004000016,0,600.014400345608,0,0,0,
115.1593,0,300.003600043201,0,1000.04000160006,200.0016000128,100.0004000016,0,900.032401166442,0,0,0,
115.28561,0,500.010000200004,300.003600043201,1000.04000160006,200.0016000128,0,100.0004000016,700.019600548815,0,0,0,
115.4118,0,300.003600043201,100.0004000016,500.010000200004,100.0004000016,0,0,700.019600548815,0,0,0,
115.53811,0,300.003600043201,0,1200.05760276493,0,0,0,800.025600819226,0,0,0,
115.66435,0,400.006400102402,0,1300.06760351538,100.0004000016,0,200.0016000128,700.019600548815,0,0,0,
115.79059,0,200.0016000128,0,800.025600819226,200.0016000128,0,0,1300.06760351538,0,0,0,
115.91702,0,200.0016000128,100.0004000016,1100.04840212969,0,100.0004000016,0,1400.07840439065,0,0,0,
116.04329,0,0,200.0016000128,1300.06760351538,400.006400102402,100.0004000016,0,700.019600548815,0,0,0,
116.16958,0,300.003600043201,100.0004000016,1500.09000540032,0,100.0004000016,100.0004000016,800.025600819226,0,0,0,
116.29582,0,500.010000200004,0,800.025600819226,200.0016000128,100.0004000016,0,400.006400102402,0,0,0,
116.42209,0,500.010000200004,200.0016000128,1400.07840439065,200.0016000128,100.0004000016,0,1400.07840439065,0,0,0,
116.54826,0,100.0004000016,300.003600043201,1500.09000540032,100.0004000016,0,0,1300.06760351538,0,0,0,
116.67442,0,600.014400345608,0,1300.06760351538,300.003600043201,0,0,800.025600819226,0,0,0,
116.80066,0,200.0016000128,0,1300.06760351538,200.0016000128,0,0,1000.04000160006,0,0,0,
116.92693,0,100.0004000016,100.0004000016,600.014400345608,300.003600043201,0,200.0016000128,1000.04000160006,0,0,0,
117.05325,0,300.003600043201,200.0016000128,900.032401166442,300.003600043201,0,200.0016000128,600.014400345608,0,0,0,
117.17956,0,100.0004000016,300.003600043201,1300.06760351538,300.003600043201,0,200.0016000128,1100.04840212969,0,0,0,
117.30579,0,500.010000200004,0,800.025600819226,400.006400102402,200.0016000128,0,1000.04000160006,0,0,0,

