- 20:03/07/2023 08:39:40 PM;
Software:Name=Qtegra;Version=2.10.3324.83;File Version=1;
Configuration:Machine=iCAP RQ;
STDS:Additional Gas Flow 1=0;Additional Gas Flow 2=0;Additional Gas Flow 3=0;CCT Entry Lens=-108.333333333333;Angular Deflection=-370;Deflection Entry Lens=-35;Extraction Lens 1 Polarity=0;Extraction Lens 1 Negative=0;Extraction Lens 1 Positive=0;Spray Chamber Temperature=2.7;Peristaltic Pump Speed=0;Cool Flow=14;Sampling Depth=5;Plasma Power=1550;Auxilliary Flow=0.8;Nebulizer Flow=1.105;Torch Horizontal Position=-0.723333333333333;Torch Vertical Position=0.3;Extraction Lens 2=-130;CCT Focus Lens=-1.08;CCT Bias=-2;CCT Exit Lens=-160;Focus Lens=18.8;D1 Lens=-200;D2 Lens=-80;Quad Entry Lens=-29.4;Pole Bias=-1;CCT1 Flow=0;CCT2 Flow=0;CCT1 Shut-Off Valve=0;CCT2 Shut-Off Valve=0;Virtual CCT Mass to Dac Factor=130;Virtual CCT Mass to Dac Offset=35;Virtual CCT Mass parameter b=0.65;Virtual CCT Mass Maximum Dac Limit Set=4095;
RF Generator:RF Plasma Lit Readback=1;RF FET Temperature Ok Readback=1;Plasma Power Readback=1548.6077186126;
Ion Optics:Pole Bias Readback=-0.793743890518083;Torch Horizontal Position Readback=-0.72316715542522;Torch Vertical Position Readback=0.300879765395894;Sampling Depth Readback=5;Extraction Lens 1 Negative Readback=-200.39100684262;Extraction Lens 1 Positive Readback=0.00977517106549364;Extraction Lens 2 Readback=-137.82991202346;Angular Deflection Readback=-369.560117302053;Quad Entry Lens Readback=-29.7165200391007;Focus Lens Readback=18.3724340175953;D2 Lens Readback=-80.9384164222874;Deflection Exit Lens Readback=34.6578690127077;Deflection Entry Lens Readback=-35.425219941349;D1 Lens Readback=-200.58651026393;CCT Exit Lens Readback=-162.512218963832;CCT Bias Readback=-2.08699902248289;CCT Entry Lens Readback=-109.237536656891;CCT Focus Lens Readback=-1.40273704789833;
Vacuum:Analyzer Vacuum Ok Readback=1;Interface Pressure Readback=2.07122263692432;Analyzer Pressure Readback=2.19605002409792E-07;
Detector:Detector Voltage (Counting) Readback=1618.76832844575;Detector Voltage (Analog) Readback=-1978.49462365591;
Cooling System:Plasma Cooling Water Flow Readback=0.955294117647059;Interface Temperature Readback=31.2178705615847;Exhaust Flow Readback=0.550695014662757;Quad Board Temperature Readback=0;Inlet Fan Speed Readback=0;Outlet Fan Speed Readback=2423.52941176471;Peltier Temperature Hot Side Readback=20.7862437909878;Spray Chamber Temperature Readback=2.7058192015936;
Power Supply:Supply Voltage 500 V Readback=-539.467253176931;Supply Voltage 1 kV Readback=-1169.35483870968;
Gas Supply:Nebulizer Supply Pressure Readback=0.0564456989247311;Nebulizer Flow Readback=1.10117302052786;Cool Flow Readback=13.9980449657869;Auxilliary Flow Readback=0.797653958944281;CCT2 Flow Readback=0;CCT1 Flow Readback=0;Additional Gas Flow 1 Readback=0;
Pulse Counting:Threshold=2500000;

Time,24Mg,26Mg,43Ca,55Mn,59Co,63Cu,66Zn,86Sr,88Sr,138Ba,208Pb,
,dwell time=0.01;xcal factor=66096.21568,dwell time=0.01;xcal factor=66420.50783,dwell time=0.01;xcal factor=69176.99106,dwell time=0.01;xcal factor=80139.50903,dwell time=0.01;xcal factor=85118.72235,dwell time=0.01;xcal factor=86639.08057,dwell time=0.01;xcal factor=86821.65425,dwell time=0.01;xcal factor=85302.89892,dwell time=0.01;xcal factor=82608.9753,dwell time=0.01;xcal factor=93538.82005,dwell time=0.01;xcal factor=107923.33534,
0.01244,0,300.003600043201,0,1500.09000540032,100.0004000016,0,0,1300.06760351538,0,0,0,
0.13864,0,300.003600043201,300.003600043201,1600.10240655402,200.0016000128,0,0,1600.10240655402,0,0,0,
0.26487,0,200.0016000128,100.0004000016,2400.23042212052,0,0,0,1100.04840212969,0,0,0,
0.39123,0,500.010000200004,100.0004000016,1200.05760276493,100.0004000016,200.0016000128,0,900.032401166442,0,0,0,
0.51749,100.0004000016,400.006400102402,100.0004000016,1100.04840212969,200.0016000128,0,100.0004000016,1200.05760276493,0,0,0,
0.64384,0,800.025600819226,100.0004000016,1600.10240655402,100.0004000016,0,100.0004000016,1300.06760351538,0,0,0,
0.77008,100.0004000016,100.0004000016,0,1800.12960933187,300.003600043201,0,100.0004000016,500.010000200004,0,0,0,
0.89637,0,500.010000200004,0,1200.05760276493,100.0004000016,100.0004000016,100.0004000016,1100.04840212969,0,0,0,
1.02258,0,500.010000200004,0,1400.07840439065,0,100.0004000016,0,1000.04000160006,0,0,0,
1.14875,100.0004000016,400.006400102402,0,1500.09000540032,200.0016000128,0,0,1300.06760351538,0,0,0,
1.27498,0,400.006400102402,0,1600.10240655402,300.003600043201,0,0,600.014400345608,0,0,0,
1.40122,0,600.014400345608,400.006400102402,1600.10240655402,200.0016000128,100.0004000016,0,1100.04840212969,0,0,0,
1.52748,0,600.014400345608,100.0004000016,1300.06760351538,100.0004000016,0,0,1200.05760276493,0,0,0,
1.65367,0,500.010000200004,200.0016000128,1800.12960933187,200.0016000128,0,100.0004000016,1100.04840212969,0,0,0,
1.77988,0,500.010000200004,0,1300.06760351538,0,0,0,1000.04000160006,0,0,0,
1.90615,0,700.019600548815,100.0004000016,1200.05760276493,0,0,100.0004000016,700.019600548815,0,0,0,
2.03243,0,400.006400102402,200.0016000128,1700.11560786133,500.010000200004,0,0,1100.04840212969,0,0,0,
2.15873,0,400.006400102402,200.0016000128,1400.07840439065,100.0004000016,0,100.0004000016,900.032401166442,0,0,0,
2.28488,0,400.006400102402,0,1400.07840439065,0,0,100.0004000016,600.014400345608,0,0,0,
2.41111,0,500.010000200004,0,1300.06760351538,100.0004000016,100.0004000016,0,1100.04840212969,0,0,0,
2.53743,0,500.010000200004,200.0016000128,1300.06760351538,200.0016000128,200.0016000128,0,1500.09000540032,0,0,0,
2.66369,0,200.0016000128,200.0016000128,1400.07840439065,100.0004000016,100.0004000016,0,700.019600548815,0,0,0,
2.78988,100.0004000016,300.003600043201,200.0016000128,1300.06760351538,200.0016000128,300.003600043201,0,900.032401166442,0,0,0,
2.91612,0,200.0016000128,100.0004000016,2100.17641481884,100.0004000016,0,0,1100.04840212969,0,0,0,
3.0424,0,500.010000200004,100.0004000016,2100.17641481884,100.0004000016,100.0004000016,0,800.025600819226,0,0,0,
3.1686,0,700.019600548815,0,900.032401166442,0,0,0,700.019600548815,0,0,0,
3.29479,100.0004000016,700.019600548815,0,1800.12960933187,0,0,0,700.019600548815,0,0,0,
3.42107,0,100.0004000016,100.0004000016,1500.09000540032,200.0016000128,100.0004000016,0,1200.05760276493,0,0,0,
3.54731,0,200.0016000128,300.003600043201,1900.14441097523,100.0004000016,0,100.0004000016,1000.04000160006,0,0,100.0004000016,
3.67357,0,300.003600043201,0,1000.04000160006,300.003600043201,100.0004000016,100.0004000016,1100.04840212969,0,0,0,
3.79982,0,300.003600043201,0,1000.04000160006,100.0004000016,100.0004000016,100.0004000016,800.025600819226,0,0,0,
3.92608,0,400.006400102402,0,1600.10240655402,300.003600043201,100.0004000016,0,1000.04000160006,0,0,0,
4.05237,0,900.032401166442,100.0004000016,900.032401166442,500.010000200004,0,200.0016000128,1500.09000540032,0,0,0,
4.17856,0,200.0016000128,100.0004000016,1400.07840439065,0,100.0004000016,100.0004000016,1500.09000540032,0,0,0,
4.30475,0,700.019600548815,0,1900.14441097523,400.006400102402,200.0016000128,0,1200.05760276493,0,0,0,
4.43103,0,600.014400345608,200.0016000128,2000.16001280102,0,0,0,900.032401166442,0,0,0,
4.55727,100.0004000016,400.006400102402,300.003600043201,1100.04840212969,0,0,0,1000.04000160006,0,0,0,
4.68354,0,400.006400102402,100.0004000016,1700.11560786133,300.003600043201,0,0,1200.05760276493,0,0,0,
4.8097,0,700.019600548815,300.003600043201,1400.07840439065,0,0,0,800.025600819226,0,0,0,
4.93586,0,200.0016000128,0,1300.06760351538,0,0,100.0004000016,800.025600819226,0,0,0,
5.06209,0,600.014400345608,100.0004000016,1400.07840439065,200.0016000128,200.0016000128,100.0004000016,1100.04840212969,0,0,0,
5.18844,0,400.006400102402,100.0004000016,900.032401166442,100.0004000016,100.0004000016,300.003600043201,1200.05760276493,0,0,0,
5.3147,0,300.003600043201,100.0004000016,1400.07840439065,200.0016000128,100.0004000016,0,900.032401166442,0,0,0,
5.441,0,500.010000200004,200.0016000128,1600.10240655402,0,0,200.0016000128,600.014400345608,0,0,0,
5.56725,0,400.006400102402,200.0016000128,1300.06760351538,200.0016000128,0,200.0016000128,1300.06760351538,0,0,0,
5.69357,0,800.025600819226,200.0016000128,1200.05760276493,100.0004000016,100.0004000016,100.0004000016,1300.06760351538,0,0,0,
5.81978,0,400.006400102402,0,1900.14441097523,200.0016000128,100.0004000016,200.0016000128,600.014400345608,100.0004000016,0,0,
5.94598,0,600.014400345608,0,1900.14441097523,200.0016000128,0,0,600.014400345608,0,0,0,
6.07234,0,400.006400102402,100.0004000016,2300.21161946899,100.0004000016,0,100.0004000016,800.025600819226,0,0,0,
6.19866,0,600.014400345608,100.0004000016,1600.10240655402,100.0004000016,0,0,1000.04000160006,0,0,0,
6.325,0,300.003600043201,0,1000.04000160006,200.0016000128,0,200.0016000128,500.010000200004,0,0,0,
6.45123,100.0004000016,300.003600043201,0,1000.04000160006,200.0016000128,100.0004000016,100.0004000016,1100.04840212969,0,0,0,
6.57741,0,700.019600548815,300.003600043201,1800.12960933187,0,0,0,600.014400345608,0,0,0,
6.70365,100.0004000016,300.003600043201,200.0016000128,1100.04840212969,0,0,0,1200.05760276493,0,0,0,
6.82989,0,200.0016000128,200.0016000128,1900.14441097523,300.003600043201,100.0004000016,100.0004000016,1100.04840212969,0,0,0,
6.95613,200.0016000128,200.0016000128,0,1700.11560786133,0,100.0004000016,200.0016000128,1700.11560786133,0,0,0,
7.08232,0,100.0004000016,400.006400102402,1200.05760276493,300.003600043201,0,100.0004000016,1300.06760351538,0,0,0,
7.20855,0,200.0016000128,0,1000.04000160006,0,0,0,1300.06760351538,0,0,0,
7.33478,0,200.0016000128,200.0016000128,1300.06760351538,200.0016000128,200.0016000128,0,1100.04840212969,0,0,0,
7.46094,0,100.0004000016,100.0004000016,1300.06760351538,0,0,0,1300.06760351538,0,0,0,
7.58709,0,200.0016000128,200.0016000128,600.014400345608,200.0016000128,100.0004000016,100.0004000016,900.032401166442,0,0,0,
7.71322,0,500.010000200004,200.0016000128,2000.16001280102,200.0016000128,100.0004000016,0,900.032401166442,0,0,0,
7.83945,0,500.010000200004,300.003600043201,800.025600819226,100.0004000016,0,0,700.019600548815,0,0,0,
7.96569,0,400.006400102402,100.0004000016,1800.12960933187,0,100.0004000016,0,800.025600819226,0,0,0,
8.09198,100.0004000016,500.010000200004,100.0004000016,900.032401166442,100.0004000016,0,100.0004000016,800.025600819226,0,0,0,
8.2183,0,1100.04840212969,0,1300.06760351538,400.006400102402,0,200.0016000128,900.032401166442,0,0,0,
8.34453,200.0016000128,600.014400345608,0,2000.16001280102,0,100.0004000016,100.0004000016,1500.09000540032,0,0,0,
8.47082,0,100.0004000016,300.003600043201,800.025600819226,200.0016000128,0,100.0004000016,1400.07840439065,0,0,0,
8.59707,0,800.025600819226,200.0016000128,1300.06760351538,100.0004000016,100.0004000016,0,1600.10240655402,0,0,0,
8.72328,100.0004000016,400.006400102402,400.006400102402,800.025600819226,200.0016000128,0,100.0004000016,1100.04840212969,0,0,0,
8.8496,0,300.003600043201,0,1400.07840439065,200.0016000128,0,0,1200.05760276493,0,0,0,
8.97591,0,600.014400345608,200.0016000128,1200.05760276493,0,100.0004000016,0,1200.05760276493,0,0,0,
9.10228,0,700.019600548815,100.0004000016,1200.05760276493,0,0,0,1000.04000160006,0,0,0,
9.22853,0,500.010000200004,100.0004000016,1500.09000540032,200.0016000128,200.0016000128,0,1400.07840439065,0,0,0,
9.35481,0,500.010000200004,100.0004000016,1000.04000160006,100.0004000016,0,0,900.032401166442,0,0,0,
9.48106,0,400.006400102402,100.0004000016,1200.05760276493,100.0004000016,100.0004000016,100.0004000016,1100.04840212969,0,0,0,
9.60736,0,500.010000200004,100.0004000016,1600.10240655402,100.0004000016,0,0,800.025600819226,0,0,0,
9.73365,0,300.003600043201,200.0016000128,1900.14441097523,200.0016000128,0,0,800.025600819226,0,0,0,
9.85992,0,900.032401166442,0,1400.07840439065,100.0004000016,0,200.0016000128,400.006400102402,0,0,0,
9.98615,0,300.003600043201,200.0016000128,2300.21161946899,0,200.0016000128,0,1300.06760351538,0,0,0,
10.11235,0,400.006400102402,100.0004000016,1500.09000540032,100.0004000016,0,0,1100.04840212969,0,0,0,
10.23856,100.0004000016,200.0016000128,0,900.032401166442,200.0016000128,100.0004000016,0,1400.07840439065,0,0,100.0004000016,
10.36488,100.0004000016,300.003600043201,200.0016000128,1200.05760276493,500.010000200004,0,100.0004000016,1400.07840439065,0,0,0,
10.49106,100.0004000016,800.025600819226,100.0004000016,1700.11560786133,0,300.003600043201,100.0004000016,1000.04000160006,0,0,0,
10.61726,0,400.006400102402,100.0004000016,1600.10240655402,200.0016000128,0,0,900.032401166442,0,0,0,
10.74355,100.0004000016,400.006400102402,100.0004000016,1600.10240655402,200.0016000128,0,0,1100.04840212969,0,0,0,
10.86978,100.0004000016,200.0016000128,200.0016000128,1700.11560786133,0,0,0,1300.06760351538,0,0,0,
10.99601,0,400.006400102402,100.0004000016,1400.07840439065,200.0016000128,0,0,1200.05760276493,0,0,0,
11.12221,0,600.014400345608,0,1700.11560786133,0,100.0004000016,300.003600043201,1900.14441097523,0,0,0,
11.24837,0,100.0004000016,0,1200.05760276493,0,100.0004000016,0,1000.04000160006,0,0,0,
11.37462,100.0004000016,500.010000200004,0,1500.09000540032,0,100.0004000016,100.0004000016,1000.04000160006,100.0004000016,0,0,
11.50083,0,600.014400345608,300.003600043201,1200.05760276493,400.006400102402,0,100.0004000016,1700.11560786133,0,0,0,
11.62707,0,100.0004000016,100.0004000016,1600.10240655402,0,100.0004000016,0,700.019600548815,0,0,100.0004000016,
11.75335,0,400.006400102402,300.003600043201,1600.10240655402,300.003600043201,0,0,400.006400102402,0,0,0,
11.87959,0,200.0016000128,200.0016000128,1700.11560786133,0,0,0,600.014400345608,0,0,0,
12.00586,0,200.0016000128,300.003600043201,1300.06760351538,100.0004000016,0,0,1300.06760351538,0,0,0,
12.13209,0,500.010000200004,200.0016000128,1100.04840212969,200.0016000128,0,0,800.025600819226,0,0,0,
12.25829,0,900.032401166442,100.0004000016,1100.04840212969,0,100.0004000016,0,1100.04840212969,100.0004000016,0,0,
12.3845,0,700.019600548815,200.0016000128,1600.10240655402,200.0016000128,100.0004000016,200.0016000128,1500.09000540032,0,0,0,
12.51081,100.0004000016,400.006400102402,100.0004000016,1100.04840212969,0,0,0,1500.09000540032,0,0,0,
12.637,200.0016000128,300.003600043201,100.0004000016,1200.05760276493,300.003600043201,100.0004000016,0,800.025600819226,0,0,100.0004000016,
12.76332,0,400.006400102402,300.003600043201,1400.07840439065,0,400.006400102402,0,700.019600548815,0,0,0,
12.88956,100.0004000016,200.0016000128,500.010000200004,1200.05760276493,200.0016000128,400.006400102402,0,1600.10240655402,0,0,0,
13.01579,0,400.006400102402,200.0016000128,1500.09000540032,100.0004000016,0,0,1400.07840439065,0,0,0,
13.14215,0,400.006400102402,300.003600043201,1200.05760276493,100.0004000016,100.0004000016,100.0004000016,600.014400345608,0,0,0,
13.26834,100.0004000016,300.003600043201,400.006400102402,1400.07840439065,100.0004000016,0,0,1000.04000160006,0,0,0,
13.39455,0,600.014400345608,100.0004000016,1400.07840439065,100.0004000016,100.0004000016,100.0004000016,1800.12960933187,0,0,0,
13.52085,0,300.003600043201,0,1600.10240655402,100.0004000016,0,100.0004000016,800.025600819226,0,0,0,
13.64705,0,300.003600043201,0,1200.05760276493,200.0016000128,100.0004000016,100.0004000016,900.032401166442,0,0,0,
13.77328,0,0,300.003600043201,1500.09000540032,100.0004000016,0,100.0004000016,1300.06760351538,0,0,0,
13.89943,0,600.014400345608,200.0016000128,1300.06760351538,200.0016000128,0,0,600.014400345608,100.0004000016,0,0,
14.02568,100.0004000016,800.025600819226,0,1900.14441097523,100.0004000016,100.0004000016,100.0004000016,800.025600819226,0,0,0,
14.15201,0,100.0004000016,0,1200.05760276493,200.0016000128,100.0004000016,200.0016000128,400.006400102402,0,0,0,
14.2783,0,800.025600819226,300.003600043201,1100.04840212969,200.0016000128,100.0004000016,0,1300.06760351538,0,0,0,
14.40457,0,700.019600548815,0,800.025600819226,300.003600043201,0,100.0004000016,600.014400345608,0,0,0,
14.53081,0,500.010000200004,0,1100.04840212969,100.0004000016,0,0,1200.05760276493,0,0,0,
14.6571,100.0004000016,400.006400102402,0,1100.04840212969,300.003600043201,0,100.0004000016,1000.04000160006,0,0,0,
14.78341,0,800.025600819226,0,700.019600548815,100.0004000016,200.0016000128,0,1100.04840212969,0,0,0,
14.90973,0,400.006400102402,0,1500.09000540032,0,100.0004000016,0,1600.10240655402,0,0,0,
15.03604,0,400.006400102402,300.003600043201,1500.09000540032,200.0016000128,0,0,1400.07840439065,0,0,0,
15.16233,0,300.003600043201,0,1400.07840439065,0,100.0004000016,0,1000.04000160006,0,0,0,
15.28862,0,100.0004000016,100.0004000016,2000.16001280102,200.0016000128,0,100.0004000016,1000.04000160006,0,0,0,
15.41483,0,300.003600043201,100.0004000016,1000.04000160006,200.0016000128,100.0004000016,0,1900.14441097523,0,0,0,
15.54107,0,400.006400102402,0,1100.04840212969,0,100.0004000016,0,1000.04000160006,0,0,0,
15.6674,0,100.0004000016,0,1900.14441097523,100.0004000016,0,0,1600.10240655402,0,0,0,
15.79364,0,600.014400345608,0,1500.09000540032,100.0004000016,0,200.0016000128,900.032401166442,0,0,0,
15.91988,0,200.0016000128,200.0016000128,900.032401166442,200.0016000128,100.0004000016,0,900.032401166442,0,0,0,
16.04609,0,500.010000200004,0,1300.06760351538,200.0016000128,100.0004000016,0,1100.04840212969,0,0,0,
16.1723,0,500.010000200004,400.006400102402,1700.11560786133,100.0004000016,0,0,1400.07840439065,0,0,0,
16.29852,0,400.006400102402,100.0004000016,1500.09000540032,0,0,0,1300.06760351538,100.0004000016,0,0,
16.42468,0,600.014400345608,100.0004000016,700.019600548815,300.003600043201,0,100.0004000016,800.025600819226,0,0,0,
16.55092,0,900.032401166442,100.0004000016,1300.06760351538,0,0,0,1200.05760276493,0,0,0,
16.6772,0,200.0016000128,0,1200.05760276493,100.0004000016,0,0,1200.05760276493,0,0,0,
16.80343,0,500.010000200004,300.003600043201,1000.04000160006,200.0016000128,0,0,1000.04000160006,0,0,0,
16.92969,0,500.010000200004,100.0004000016,1500.09000540032,100.0004000016,100.0004000016,0,1500.09000540032,0,0,0,
17.05598,100.0004000016,400.006400102402,0,1700.11560786133,0,0,0,600.014400345608,0,0,0,
17.18213,0,700.019600548815,0,1500.09000540032,100.0004000016,0,0,1300.06760351538,0,0,0,
17.30849,0,400.006400102402,200.0016000128,1600.10240655402,100.0004000016,0,0,1000.04000160006,0,0,0,
17.43472,0,400.006400102402,300.003600043201,1400.07840439065,100.0004000016,0,200.0016000128,500.010000200004,0,0,0,
17.56096,0,500.010000200004,200.0016000128,900.032401166442,200.0016000128,0,200.0016000128,700.019600548815,0,0,0,
17.68722,0,300.003600043201,300.003600043201,2200.1936170383,0,100.0004000016,0,700.019600548815,0,0,0,
17.81351,0,300.003600043201,200.0016000128,1900.14441097523,200.0016000128,100.0004000016,0,900.032401166442,0,0,0,
17.93979,0,500.010000200004,0,2100.17641481884,200.0016000128,100.0004000016,0,1400.07840439065,0,0,0,
18.06608,0,300.003600043201,0,1500.09000540032,0,0,0,500.010000200004,0,0,0,
18.19234,0,100.0004000016,0,1400.07840439065,0,0,100.0004000016,600.014400345608,0,0,0,
18.31863,0,300.003600043201,300.003600043201,1400.07840439065,100.0004000016,0,0,800.025600819226,0,0,0,
18.44479,0,300.003600043201,200.0016000128,1200.05760276493,0,100.0004000016,0,900.032401166442,0,0,0,
18.57103,0,800.025600819226,100.0004000016,600.014400345608,0,100.0004000016,0,1200.05760276493,0,0,0,
18.6973,0,200.0016000128,0,1900.14441097523,200.0016000128,0,100.0004000016,1500.09000540032,0,0,0,
18.82354,0,300.003600043201,100.0004000016,1500.09000540032,200.0016000128,0,0,800.025600819226,0,0,0,
18.94983,0,400.006400102402,0,1300.06760351538,200.0016000128,0,200.0016000128,800.025600819226,0,0,0,
19.07605,0,800.025600819226,100.0004000016,1800.12960933187,100.0004000016,0,100.0004000016,700.019600548815,0,0,0,
19.20229,100.0004000016,400.006400102402,200.0016000128,1600.10240655402,0,0,100.0004000016,1200.05760276493,0,0,0,
19.32861,100.0004000016,600.014400345608,200.0016000128,1800.12960933187,100.0004000016,0,0,1000.04000160006,0,0,0,
19.45479,100.0004000016,400.006400102402,200.0016000128,1300.06760351538,0,100.0004000016,200.0016000128,1300.06760351538,0,100.0004000016,0,
19.58106,0,300.003600043201,0,1000.04000160006,100.0004000016,0,100.0004000016,1300.06760351538,0,0,0,
19.70736,0,600.014400345608,400.006400102402,1100.04840212969,100.0004000016,0,100.0004000016,900.032401166442,0,0,0,
19.83362,0,500.010000200004,100.0004000016,2200.1936170383,100.0004000016,0,0,1100.04840212969,0,0,0,
19.9599,0,300.003600043201,0,1000.04000160006,200.0016000128,100.0004000016,0,1300.06760351538,0,0,0,
20.08619,0,500.010000200004,100.0004000016,1500.09000540032,0,0,200.0016000128,1300.06760351538,0,0,0,
20.21248,0,300.003600043201,100.0004000016,600.014400345608,100.0004000016,100.0004000016,0,1000.04000160006,0,0,0,
20.33877,0,800.025600819226,200.0016000128,1600.10240655402,100.0004000016,100.0004000016,0,800.025600819226,0,0,0,
20.46504,0,700.019600548815,200.0016000128,1200.05760276493,300.003600043201,100.0004000016,0,900.032401166442,0,0,0,
20.59125,100.0004000016,700.019600548815,300.003600043201,1400.07840439065,100.0004000016,0,0,800.025600819226,0,0,0,
20.71748,18313.4054127621,2900.33643902693,92843.5210278029,3500.49006860961,300.003600043201,2100.17641481884,4200.70571856072,201206.43215432,2128296.33513823,41569.0045475489,200.0016000128,
20.84377,211778.943122227,29033.6790677186,765339.640542111,19214.7569333248,800.025600819226,3500.49006860961,7502.25067520256,490228.066168554,3751562.69978069,68487.1067757112,400.006400102402,
20.97004,296167.529434621,47289.282164727,1065567.78172282,28532.5270808722,100.0004000016,3000.36004320518,8703.02865397158,548892.404416484,4104303.02431114,75829.3078268684,300.003600043201,
21.09632,384421.681951473,53012.1737596755,1309762.5601486,32542.3049964954,400.006400102402,2700.2916314962,13006.7635170289,523538.828449149,4440521.55378162,69392.077269883,200.0016000128,
21.22262,335954.76011918,51606.3089965329,1264697.72484682,30637.5003003677,400.006400102402,3500.49006860961,9803.84310649775,518849.242804705,4373608.28378872,68688.205683573,300.003600043201,
21.34889,353632.465630616,50501.811652291,1125751.76394107,33946.0308177889,400.006400102402,2500.2500250025,12406.1534521122,420557.706699639,3901084.94507346,53715.1653144341,0,
21.47518,304873.111244271,52108.3854417188,1111224.59581942,26928.9755777216,200.0016000128,2000.16001280102,14408.2991803279,465301.998109456,3496300.96610409,47991.9525811455,100.0004000016,
21.60137,322917.848402833,55523.0390545449,1244044.41864591,28732.9854673165,300.003600043201,2500.2500250025,12205.9565067753,462604.600379698,4305868.92404283,56125.7216164208,0,
21.72768,350753.018767669,45482.5963950534,1093238.578145,29735.3255667733,100.0004000016,2100.17641481884,9103.31360615264,466858.449088694,4267042.70565189,42271.354045629,200.0016000128,
21.85391,318301.688831996,41970.3422936842,1243352.64873536,35149.3496869605,600.014400345608,2900.33643902693,8502.8909829342,431211.624301659,3583040.39016896,39361.8768704403,0,
21.98018,260486.133003532,46887.7739127647,1024061.58708954,53313.4510237786,0,2600.27042812453,13507.2939387269,428314.529942349,3305474.23316139,46586.6511711784,300.003600043201,
22.10642,306307.546543361,50200.6020064209,1096005.65778722,46586.6511711784,300.003600043201,3600.51847466035,11505.2924345199,452338.968141816,3868041.35495351,47389.6612390643,100.0004000016,
22.23262,299546.632124352,45482.5963950534,1111916.36572998,43375.1257177431,300.003600043201,2400.23042212052,13907.7326993809,421488.275609607,3617736.1597949,38358.7656289435,300.003600043201,
22.35884,271210.632508077,44980.7854907414,1186346.22958512,46285.535669918,500.010000200004,1500.09000540032,12506.2531265633,523205.330529467,4085302.95999217,38258.4589252378,300.003600043201,
22.48502,285217.250586617,45382.2326054811,1053807.69324339,38760.0004807442,300.003600043201,1500.09000540032,14408.2991803279,431418.584873799,3412865.90105122,34046.302972042,300.003600043201,
22.61129,317173.550237374,42171.0159909287,1036513.44547952,39361.8768704403,400.006400102402,1600.10240655402,17011.567866149,628980.925191004,3160908.52638662,25325.6295370915,0,
22.73756,259056.88743756,49397.4116958642,1073869.02064947,41970.3422936842,600.014400345608,1800.12960933187,16110.3750815525,424176.968543174,3212952.18082554,28432.2990917683,100.0004000016,
22.86379,274378.654675153,42773.0563802976,1183384.23383228,33544.9502333126,200.0016000128,2300.21161946899,17111.7044058136,410222.634206632,3200560.83453055,22019.3770518056,300.003600043201,
22.98998,249158.698032182,42371.6929043942,1055237.10265763,30236.5257230735,200.0016000128,1400.07840439065,14308.184281409,435144.451272368,3256734.93773447,19615.3784567101,0,
23.11617,239879.81778826,39562.5087638469,1011969.66796241,36854.249455198,400.006400102402,1100.04840212969,13507.2939387269,374940.115141328,2963473.07541992,16911.4321281186,200.0016000128,
23.24247,265081.232289178,36453.0756781874,1102231.58698221,34748.2305439951,200.0016000128,1200.05760276493,15609.7404780583,399792.73769126,3117951.85923068,19314.911111378,200.0016000128,
23.3687,232339.381020436,40766.3676465285,1073389.2903032,43274.7788177972,600.014400345608,800.025600819226,14007.84439286,436800.742347593,2845342.24074111,22219.7311212357,300.003600043201,
23.49499,238656.738115621,39963.7821963854,1047744.47371053,29735.3255667733,300.003600043201,500.010000200004,15509.6159618964,369378.14580289,2815603.00963316,15509.6159618964,100.0004000016,
23.62125,227959.845160874,37355.7347562563,1044922.28195191,25626.2412710616,100.0004000016,1300.06760351538,12406.1534521122,362171.813496733,2761907.17568824,16210.5044068556,100.0004000016,
23.74746,235497.664202336,34146.5759295679,1077523.26115075,26928.9755777216,800.025600819226,1400.07840439065,14107.9568876847,376279.472010979,3067560.38429776,13507.2939387269,300.003600043201,
23.87376,220935.394051895,35349.9140786791,1007423.55898068,27029.191526849,500.010000200004,1000.04000160006,16010.246557797,357335.572893211,2946125.19060695,14107.9568876847,100.0004000016,
24,208016.552591989,35751.0525029742,1003419.96979443,20016.0128102482,400.006400102402,700.019600548815,13106.8679988314,340474.616953386,2908125.06196901,12406.1534521122,0,
24.12634,216152.862335944,36553.3679171591,1028001.96563471,63963.2341736111,500.010000200004,700.019600548815,16811.2971917128,400825.018796611,3024603.71714183,12806.5569571621,300.003600043201,
24.25254,211372.144055764,35149.3496869605,999958.40006656,19314.911111378,200.0016000128,300.003600043201,15109.1259120509,348182.636697679,2739602.75235727,12606.3536022155,300.003600043201,
24.37878,205983.29549075,37155.1382251261,1036242.44948969,21017.6548300572,100.0004000016,600.014400345608,15609.7404780583,364024.479327306,2852777.0485181,16310.634533716,200.0016000128,
24.50507,216254.599444839,34447.3996218797,933932.787545073,19014.4509827469,100.0004000016,700.019600548815,15709.8657957197,343146.199541796,2782559.41951321,12105.8592358702,300.003600043201,
24.63127,210660.277276926,34647.952766629,999093.151630871,20616.9883984403,200.0016000128,500.010000200004,14408.2991803279,358673.071929369,2994038.39628088,13106.8679988314,100.0004000016,
24.75746,209033.304158079,35149.3496869605,986553.517747777,19515.221873061,1000.04000160006,1000.04000160006,15409.4922472243,342735.150170911,2878385.83086106,13206.9732818928,300.003600043201,
24.88374,202019.387409474,31439.4879969241,996390.790667356,20216.3347985172,100.0004000016,600.014400345608,11905.6670975384,349107.914194284,2927125.12628798,13206.9732818928,200.0016000128,
25.00998,193282.866149096,34848.5091247016,998444.253095895,19915.8530190031,300.003600043201,1000.04000160006,14408.2991803279,344584.977352079,2863516.21530708,10704.5815609081,0,
25.13625,213711.417978788,32442.0448901777,957089.815683897,18012.9693379233,400.006400102402,200.0016000128,15609.7404780583,336673.72039663,2774298.52198322,11305.1099096792,100.0004000016,
25.26241,200190.311837235,40365.0684904065,1004177.31104325,17412.118834709,200.0016000128,200.0016000128,15109.1259120509,352398.336882669,2664428.58483439,10004.0016006403,100.0004000016,
25.38856,213914.853618096,38459.0731363374,1044379.62287738,16010.246557797,300.003600043201,600.014400345608,17512.2585810067,349519.170320377,2704080.89297833,10504.4118529783,400.006400102402,
25.51494,208931.625310574,31138.7365883159,978560.413661813,17011.567866149,300.003600043201,500.010000200004,15509.6159618964,348696.671411943,2666906.85409339,9703.76506084361,0,
25.64127,216254.599444839,36252.4936107484,1001580.89611848,17912.8255831175,400.006400102402,900.032401166442,15509.6159618964,341810.337836742,2675167.75162337,9703.76506084361,400.006400102402,
25.76756,201816.143678578,32041.0124959949,974889.554769613,16210.5044068556,100.0004000016,600.014400345608,12105.8592358702,338830.846073698,2702428.71347233,10304.2453490838,200.0016000128,
25.89381,206084.950555744,33244.1482288479,1032013.12846486,16010.246557797,400.006400102402,500.010000200004,13807.6218072376,349519.170320377,2771820.25272422,10004.0016006403,200.0016000128,
26.02006,199682.282405783,31940.756405173,999850.240862613,13607.4024269202,500.010000200004,700.019600548815,14107.9568876847,347154.629809876,2693341.72618935,9703.76506084361,100.0004000016,
26.14638,193485.972267011,35550.4816839913,946313.962853181,14808.7667899396,400.006400102402,800.025600819226,17412.118834709,357849.978902269,2983299.22949189,13006.7635170289,200.0016000128,
26.2727,194196.869469874,36152.2037822616,983528.521599588,15209.2472223112,400.006400102402,800.025600819226,17412.118834709,367936.551746532,2758602.81667624,11905.6670975384,200.0016000128,
26.39901,204052.005032745,31339.2367243789,1004718.29608764,15409.4922472243,700.019600548815,700.019600548815,15309.3693340324,361760.146733,2842863.97148211,12506.2531265633,0,
26.52533,195923.501144903,31539.7400724913,979316.307528598,14208.0701838644,500.010000200004,600.014400345608,16911.4321281186,367524.697822046,2920516.40826399,13807.6218072376,200.0016000128,
26.65159,190033.613580854,32141.2693898966,1007964.67910333,15309.3693340324,400.006400102402,1000.04000160006,16611.0297237366,369069.218997983,2977516.6012209,15309.3693340324,300.003600043201,
26.77785,190439.724315828,30938.239664225,993038.024695466,14007.84439286,0,300.003600043201,14508.4148806308,377825.059485622,2937864.29307697,14508.4148806308,100.0004000016,
26.90416,187394.212944306,32241.5270868879,995524.610483059,11605.3848985929,600.014400345608,600.014400345608,15809.9919148902,367730.623112641,3138604.10305565,13907.7326993809,100.0004000016,
27.03038,191455.058444176,32141.2693898966,1033205.87475737,12706.4548790786,400.006400102402,300.003600043201,13206.9732818928,376382.50531889,2958516.53690193,16010.246557797,200.0016000128,
27.15668,182015.608820555,28833.2158646761,948468.41760012,10504.4118529783,300.003600043201,300.003600043201,14007.84439286,364847.973247188,3129517.11577267,14208.0701838644,200.0016000128,
27.28299,176639.301338189,34447.3996218797,1011103.61991327,13607.4024269202,600.014400345608,800.025600819226,14608.5313823273,378958.609963982,3129517.11577267,14808.7667899396,100.0004000016,
27.40922,181812.687604505,27229.6258329062,998876.848520144,11205.0198488923,200.0016000128,400.006400102402,13807.6218072376,365774.467826052,3552475.06930801,12406.1534521122,0,
27.53545,175726.571468853,29234.1454819229,983852.594643585,11104.9305891816,300.003600043201,800.025600819226,13407.186251831,362583.493624861,2958516.53690193,10304.2453490838,0,
27.66165,170150.215456486,26728.5460872212,931780.745756523,11205.0198488923,600.014400345608,500.010000200004,14708.648685427,379473.893657974,3268300.19427645,11805.5722300926,400.006400102402,
27.7878,166501.574416339,28332.0719053969,992713.722489312,10104.0820491479,100.0004000016,500.010000200004,13607.4024269202,351986.987332119,2975038.33196191,11805.5722300926,100.0004000016,
27.91413,169744.758652351,27430.063349431,967658.838975586,10404.3282005314,200.0016000128,400.006400102402,12306.0545788528,372261.825503792,3089038.71787573,14007.84439286,100.0004000016,
28.04035,168731.173789082,26227.4864057532,950515.481039515,12105.8592358702,300.003600043201,400.006400102402,15809.9919148902,377206.801903494,3223691.34761452,13807.6218072376,100.0004000016,
28.16664,166704.248945012,26528.1198069954,981044.230129697,12005.7627661277,200.0016000128,300.003600043201,14208.0701838644,368554.357708793,3174125.9624346,13407.186251831,100.0004000016,
28.29295,164069.734670049,26327.6967369673,980936.228233172,10904.7544729502,300.003600043201,500.010000200004,15609.7404780583,370613.928264082,2900690.25419202,14708.648685427,100.0004000016,
28.41927,160321.56903791,24524.0335528818,961726.184789336,11205.0198488923,200.0016000128,500.010000200004,13407.186251831,397728.427169474,3198082.56527156,13707.5117164206,200.0016000128,
28.54558,151411.497213224,22620.4488857928,994659.657120041,9903.92195309342,100.0004000016,400.006400102402,14308.184281409,395045.325076896,3317865.57945637,15910.1188355794,0,
28.67179,150095.771564698,24323.6425805883,968737.794693236,8302.75651516303,100.0004000016,300.003600043201,13407.186251831,394942.140163828,3357517.88760031,15409.4922472243,100.0004000016,
28.79802,153537.191013949,24924.8251258253,969385.211162265,9203.38684635946,700.019600548815,400.006400102402,13006.7635170289,380607.591441253,3250126.21971048,12506.2531265633,100.0004000016,
28.92433,140485.030349594,21919.201220269,970788.05759282,8102.62525058119,300.003600043201,600.014400345608,15809.9919148902,390712.280573464,3073343.01256875,12606.3536022155,100.0004000016,
29.05065,136036.228066295,21819.0261908384,955257.289274457,10404.3282005314,100.0004000016,900.032401166442,14408.2991803279,397315.605329779,3286474.16884242,13607.4024269202,200.0016000128,
29.17693,143519.207637193,22920.9956319989,993470.440225415,9403.53572943427,400.006400102402,300.003600043201,13707.5117164206,406504.06504065,4045650.65184824,16310.634533716,0,
29.30318,147161.187267892,20416.6599945556,971543.499218776,9803.84310649775,100.0004000016,100.0004000016,11505.2924345199,399379.848741613,3235256.6041565,11205.0198488923,300.003600043201,
29.42946,132397.469871282,19715.5358422437,945199.817286313,7602.31110257518,400.006400102402,600.014400345608,12105.8592358702,419627.205915249,3230300.06563851,11705.4781637807,100.0004000016,
29.55567,128254.611537286,18814.1482394761,952455.102252673,7202.07419736884,600.014400345608,900.032401166442,13006.7635170289,419627.205915249,3194778.20625956,11605.3848985929,200.0016000128,
29.68195,142507.733835379,21718.8519635043,942113.804940209,7402.19104855037,600.014400345608,400.006400102402,10404.3282005314,394426.22817603,3452518.20919516,8803.09869073914,100.0004000016,
29.80824,125224.116999124,19014.4509827469,956335.21464851,8502.8909829342,600.014400345608,500.010000200004,11305.1099096792,399483.069720565,3355039.61834131,10904.7544729502,0,
29.93447,123103.205707969,18213.259252736,949438.038969828,5601.25468104855,100.0004000016,800.025600819226,12906.6598364756,393394.467084066,3419474.61907521,11305.1099096792,0,
30.06072,124517.106781208,21919.201220269,960539.979231568,6601.74286011507,300.003600043201,700.019600548815,14808.7667899396,409396.191436424,3298865.5151374,10104.0820491479,100.0004000016,
30.18698,120275.880917835,19014.4509827469,918446.05438312,7102.01697282028,200.0016000128,600.014400345608,10504.4118529783,409189.589143568,3563214.23609699,13407.186251831,100.0004000016,
30.31313,125830.157428401,19915.8530190031,955472.867186883,7702.37233067785,0,200.0016000128,12205.9565067753,411669.038422444,3329430.83599835,11205.0198488923,0,
30.43942,114724.059503813,17211.841747122,933609.958506224,7001.96054895371,100.0004000016,800.025600819226,11305.1099096792,400825.018796611,3397996.28549725,11705.4781637807,0,
30.56571,114623.14001101,16611.0297237366,949869.005061262,6401.6388195378,500.010000200004,300.003600043201,14308.184281409,438043.102220232,3478126.99153812,11004.8421305374,0,
30.69204,111898.620251842,20917.487019148,937592.078451879,6301.58800017604,400.006400102402,100.0004000016,12205.9565067753,426866.230273837,3495474.87635109,11805.5722300926,300.003600043201,
30.81827,111293.251691497,16611.0297237366,905339.815885569,7302.132222609,600.014400345608,600.014400345608,10704.5815609081,440942.413918027,3953954.68926538,13106.8679988314,0,
30.94454,113613.989689355,19214.7569333248,911354.148096863,8402.82334864514,200.0016000128,600.014400345608,11505.2924345199,435351.475860834,3466561.73499614,12306.0545788528,200.0016000128,
31.07082,99695.9924821391,14808.7667899396,912643.296917432,6901.90492575951,400.006400102402,300.003600043201,13006.7635170289,438871.409557689,3639214.49337287,11505.2924345199,0,
31.19703,105140.327692376,16510.8971921468,915221.979425387,6601.74286011507,300.003600043201,500.010000200004,11104.9305891816,439285.583455103,3407909.36253323,10704.5815609081,0,
31.32328,98284.883604194,15709.8657957197,938991.492010791,6801.85010322808,400.006400102402,400.006400102402,12005.7627661277,429969.931603553,3543388.08202502,11305.1099096792,100.0004000016,
31.4495,99695.9924821391,12706.4548790786,928983.625328261,7001.96054895371,400.006400102402,200.0016000128,9303.46088745013,447882.736156352,3614431.80078291,11004.8421305374,0,
31.57577,93246.5040088971,15009.0054032419,911354.148096863,5601.25468104855,800.025600819226,700.019600548815,10404.3282005314,426969.674778887,3514474.94067006,9503.61137232148,100.0004000016,
31.70208,88814.4029865725,14107.9568876847,904695.588741198,6201.53798141939,200.0016000128,1300.06760351538,9803.84310649775,430590.762795656,3616910.0700419,9803.84310649775,200.0016000128,
31.82828,85692.7263532226,15910.1188355794,876809.824079096,6401.6388195378,200.0016000128,200.0016000128,10104.0820491479,432039.486801789,3573127.31313297,10004.0016006403,0,
31.95464,87102.4196008542,14608.5313823273,883239.670516712,6301.58800017604,100.0004000016,400.006400102402,10104.0820491479,441563.780982736,3574779.49263897,9603.68781612139,0,
32.08084,89015.8281583057,12906.6598364756,893212.249767997,7602.31110257518,0,800.025600819226,10204.1632986258,436283.128215146,3502083.59437508,8602.95941803981,100.0004000016,
32.20716,83075.144879842,12105.8592358702,903299.873177444,5601.25468104855,300.003600043201,600.014400345608,8803.09869073914,455552.568770721,3607823.08275892,9903.92195309342,100.0004000016,
32.33347,78344.7489958631,14708.648685427,934148.011369531,6201.53798141939,300.003600043201,300.003600043201,10704.5815609081,432660.419048859,3594605.64671094,8803.09869073914,200.0016000128,
32.45971,77439.1320397387,12806.5569571621,911676.423276563,7001.96054895371,500.010000200004,200.0016000128,8903.16952835209,431004.667097976,3439300.77314718,8202.69048247825,200.0016000128,
32.58598,75125.0747238727,12506.2531265633,915974.191836261,5601.25468104855,400.006400102402,600.014400345608,11905.6670975384,452857.235941878,3564040.32584999,6701.7960813498,0,
32.71222,79149.7967585701,9703.76506084361,911246.724818414,7502.25067520256,100.0004000016,400.006400102402,8602.95941803981,444774.661075602,3527692.37671804,9103.31360615264,100.0004000016,
32.83845,75829.3078268684,11004.8421305374,938453.238156502,5401.16665199683,500.010000200004,300.003600043201,8803.09869073914,431522.066423067,3573953.40288597,7402.19104855037,100.0004000016,
32.96476,72509.6980467512,10004.0016006403,948791.616671995,5101.04061228491,500.010000200004,700.019600548815,10304.2453490838,464056.974299637,3634257.95485488,7902.49718911176,100.0004000016,
33.09096,70095.9883835203,9603.68781612139,903944.030902369,5101.04061228491,500.010000200004,600.014400345608,8402.82334864514,483056.825178076,3541735.90251902,7702.37233067785,0,
33.21715,65471.0102788483,8803.09869073914,952778.400644459,6401.6388195378,300.003600043201,300.003600043201,11205.0198488923,461463.565664096,3521909.74844705,8402.82334864514,0,
33.34343,61551.1696727162,9903.92195309342,910279.955392862,6601.74286011507,200.0016000128,600.014400345608,9303.46088745013,453479.185162862,3563214.23609699,6601.74286011507,0,
33.46967,63058.6555774328,10004.0016006403,924896.611512313,6301.58800017604,200.0016000128,100.0004000016,8903.16952835209,452649.926289126,3594605.64671094,7302.132222609,200.0016000128,
33.59594,65873.1145450243,10504.4118529783,929844.213495965,5101.04061228491,300.003600043201,400.006400102402,7902.49718911176,432867.403202507,3598736.09547593,9503.61137232148,0,
33.7221,59039.0961104362,9303.46088745013,909098.446283184,5501.21026625858,200.0016000128,200.0016000128,8302.75651516303,426866.230273837,3350083.07982332,7302.132222609,200.0016000128,
33.84834,51405.4840532773,8102.62525058119,913395.359636466,5801.34591225164,400.006400102402,300.003600043201,7902.49718911176,438767.868190551,4704044.18498821,6501.69043951427,100.0004000016,
33.97463,61551.1696727162,10204.1632986258,967658.838975586,5401.16665199683,200.0016000128,500.010000200004,9103.31360615264,467481.082755052,3654084.10892685,6801.85010322808,100.0004000016,
34.10085,59842.904856798,9503.61137232148,945236.869634525,7202.07419736884,0,600.014400345608,9003.24116682005,427590.359485101,3556605.518073,6501.69043951427,0,
34.22711,52610.4820122257,7802.43435952017,900723.562613445,5001.00020004001,600.014400345608,600.014400345608,8202.69048247825,430487.288825234,3537605.45375403,8903.16952835209,100.0004000016,
34.35341,54317.7609056434,9903.92195309342,949007.087192816,4500.81014582625,400.006400102402,200.0016000128,9503.61137232148,443220.908221214,3686301.6092938,8302.75651516303,300.003600043201,
34.47972,54819.9460419398,8602.95941803981,959035.215497406,4400.77453631839,200.0016000128,100.0004000016,9203.38684635946,447364.67091468,3451692.11944216,8903.16952835209,0,
34.60608,55723.9300203653,8903.16952835209,921025.891994343,6201.53798141939,500.010000200004,300.003600043201,8102.62525058119,443738.804754926,3511996.67141107,9003.24116682005,100.0004000016,
34.73242,53614.7355340429,10604.4963064339,914899.616044847,4600.84655576626,300.003600043201,200.0016000128,9203.38684635946,429659.52737452,3412039.81129822,9503.61137232148,100.0004000016,
34.85872,46084.7960246854,9303.46088745013,961510.502988689,4500.81014582625,400.006400102402,700.019600548815,11004.8421305374,443324.485841299,3486387.88906811,8803.09869073914,0,
34.98503,49096.2286080718,8202.69048247825,893534.073819358,4100.67251029169,800.025600819226,200.0016000128,7402.19104855037,434109.378878702,3347604.81056433,11605.3848985929,0,
35.11129,51505.8961224277,6301.58800017604,901689.619017228,4900.9605882753,400.006400102402,500.010000200004,10404.3282005314,442288.747588071,3425257.2473462,9203.38684635946,0,
35.23754,53614.7355340429,8502.8909829342,965069.71101916,4300.73972723308,400.006400102402,500.010000200004,10304.2453490838,435765.535148158,3387257.11870826,12105.8592358702,100.0004000016,
35.36386,51907.5524486736,8302.75651516303,960432.147737704,5101.04061228491,300.003600043201,400.006400102402,9503.61137232148,423763.286458694,3352561.34908232,10504.4118529783,0,
35.49009,47389.6612390643,7001.96054895371,957197.619413492,5201.0818250196,600.014400345608,400.006400102402,9603.68781612139,445189.027220245,3359996.15685931,11305.1099096792,0,
35.61639,46285.535669918,8402.82334864514,990876.1628318,4500.81014582625,1000.04000160006,400.006400102402,9703.76506084361,434833.920708431,3388083.20846126,11705.4781637807,300.003600043201,
35.74269,46687.0246138803,7802.43435952017,931673.153042511,5001.00020004001,600.014400345608,800.025600819226,8602.95941803981,405161.515854853,3225343.52712052,11705.4781637807,200.0016000128,
35.86892,48092.3372875922,6601.74286011507,962588.947829735,3800.57768780855,200.0016000128,200.0016000128,8202.69048247825,431418.584873799,3439300.77314718,9903.92195309342,0,
35.99515,43174.4327220127,7902.49718911176,966579.972911664,5501.21026625858,200.0016000128,300.003600043201,10104.0820491479,413012.27550145,3358343.97735331,11205.0198488923,0,
36.12136,47891.5686793148,8302.75651516303,1003419.96979443,5801.34591225164,500.010000200004,400.006400102402,12506.2531265633,422935.962675062,3450866.02968916,10404.3282005314,0,
36.24751,48092.3372875922,8002.56081946223,989579.218316624,5001.00020004001,800.025600819226,700.019600548815,11805.5722300926,418386.644162922,3356691.79784731,10104.0820491479,0,
36.37382,46486.2785329572,9503.61137232148,978776.378849535,5301.12383825371,700.019600548815,700.019600548815,9003.24116682005,413115.607312472,3477300.90178512,11004.8421305374,0,
36.50005,50803.0285418829,7702.37233067785,964206.783097094,3300.43565750679,400.006400102402,800.025600819226,11205.0198488923,416939.475150367,3119604.03873668,11605.3848985929,0,
36.62635,47991.9525811455,7001.96054895371,942975.264929664,4600.84655576626,600.014400345608,100.0004000016,11104.9305891816,417559.670263082,3255082.75822847,10604.4963064339,100.0004000016,
36.75267,46486.2785329572,8502.8909829342,984608.796517647,4800.92177698118,300.003600043201,400.006400102402,10404.3282005314,423970.125818143,3305474.23316139,11104.9305891816,0,
36.87897,44880.4257228954,8602.95941803981,1025617.53585289,5501.21026625858,300.003600043201,600.014400345608,11505.2924345199,422729.140142286,3241865.32218049,11705.4781637807,100.0004000016,
37.00529,49698.6020264204,6801.85010322808,1001256.38070832,4700.88376614804,400.006400102402,700.019600548815,10104.0820491479,407743.467161,3231126.15539151,12906.6598364756,200.0016000128,
37.13158,50200.6020064209,7502.25067520256,996605.883135898,5401.16665199683,400.006400102402,500.010000200004,11405.2007715518,412598.956660337,3151821.53910363,10704.5815609081,0,
37.25774,47690.8032894631,6201.53798141939,941790.772193721,4000.64010241639,100.0004000016,200.0016000128,11405.2007715518,429349.130723129,3238560.9631685,11405.2007715518,100.0004000016,
37.38404,47289.282164727,8202.69048247825,1001040.04160166,4600.84655576626,600.014400345608,500.010000200004,12906.6598364756,410119.325920355,3356691.79784731,14107.9568876847,100.0004000016,
37.51035,50501.811652291,7502.25067520256,988390.466210934,5201.0818250196,400.006400102402,500.010000200004,11805.5722300926,398038.052356532,3199734.74477756,11004.8421305374,200.0016000128,
37.63664,49497.8076679519,8102.62525058119,980288.235709802,5501.21026625858,200.0016000128,700.019600548815,12005.7627661277,411772.359310264,3641692.76263187,11805.5722300926,0,
37.76287,47389.6612390643,8502.8909829342,1030386.83237264,3800.57768780855,400.006400102402,700.019600548815,11205.0198488923,393188.12492636,3180734.68045859,11004.8421305374,100.0004000016,
37.88916,48293.1091143725,8803.09869073914,991416.594583805,5201.0818250196,200.0016000128,400.006400102402,11605.3848985929,395354.884847303,3145212.82107964,10304.2453490838,200.0016000128,
38.01537,46285.535669918,7502.25067520256,950192.239024107,5701.29989637637,200.0016000128,500.010000200004,14007.84439286,382978.377763699,2954386.08813694,11705.4781637807,100.0004000016,
38.14163,47188.9038949381,7001.96054895371,985905.244995115,5501.21026625858,400.006400102402,100.0004000016,10604.4963064339,394632.590455681,3145212.82107964,10304.2453490838,0,
38.26793,51505.8961224277,6201.53798141939,979316.307528598,4400.77453631839,300.003600043201,300.003600043201,12606.3536022155,408569.802422961,2904820.70295702,9503.61137232148,100.0004000016,
38.39417,49497.8076679519,8202.69048247825,995092.126606497,5801.34591225164,0,400.006400102402,12005.7627661277,385452.714009521,3103082.24367671,10404.3282005314,0,
38.52046,49096.2286080718,7001.96054895371,1031904.70240327,4700.88376614804,500.010000200004,200.0016000128,12706.4548790786,397934.843122036,3266648.01477045,10704.5815609081,200.0016000128,
38.6467,48393.4962347255,8602.95941803981,1011969.66796241,5001.00020004001,100.0004000016,100.0004000016,13807.6218072376,368657.32829478,2937038.20332397,9303.46088745013,0,
38.77291,41870.0066511207,7001.96054895371,951161.98922923,3700.5476810568,500.010000200004,500.010000200004,13707.5117164206,386586.9460139,3122082.30799568,9803.84310649775,0,
38.89923,50702.6221071449,9703.76506084361,1035049.42493783,4800.92177698118,200.0016000128,500.010000200004,11905.6670975384,404851.716961498,3206343.46280155,10504.4118529783,200.0016000128,
39.02541,49999.7996000016,8002.56081946223,1018141.93000495,3000.36004320518,600.014400345608,700.019600548815,14708.648685427,375558.26228177,3016342.81961184,11205.0198488923,200.0016000128,
39.15174,52208.8031457558,6701.7960813498,977696.588816706,3800.57768780855,500.010000200004,100.0004000016,14708.648685427,383906.197328395,3205517.37304855,10504.4118529783,0,
39.27797,48895.4439065055,8502.8909829342,1002770.85526234,4200.70571856072,500.010000200004,200.0016000128,16010.246557797,387721.279378671,3010560.19134085,9903.92195309342,200.0016000128,
39.40429,49297.0165285281,8302.75651516303,969924.749546046,5101.04061228491,300.003600043201,600.014400345608,13006.7635170289,378134.199573647,3108038.7821947,10904.7544729502,0,
39.53052,46486.2785329572,7202.07419736884,967443.058590861,4900.9605882753,200.0016000128,400.006400102402,16410.7654621432,373600.899646393,3104734.4231827,8803.09869073914,0,
39.65675,43375.1257177431,8502.8909829342,985257.004585878,4000.64010241639,400.006400102402,600.014400345608,15009.0054032419,401650.904095559,3245995.77094548,12706.4548790786,0,
39.78296,50401.4076321559,7602.31110257518,1021716.6838757,4300.73972723308,0,200.0016000128,15109.1259120509,398966.973215265,3148517.18009164,11905.6670975384,0,
39.90919,52007.9685426946,7302.132222609,995632.733700738,4400.77453631839,400.006400102402,400.006400102402,14107.9568876847,376588.57444476,3225343.52712052,10904.7544729502,0,
40.0355,50702.6221071449,8602.95941803981,990011.518773105,5201.0818250196,200.0016000128,400.006400102402,13006.7635170289,391124.887771228,3164212.88539861,11505.2924345199,0,
40.16177,49899.3996040112,8002.56081946223,979424.295957602,6001.44034568296,500.010000200004,800.025600819226,14608.5313823273,366598.075385471,2989081.85776288,9403.53572943427,0,
40.28802,45783.6925900546,6501.69043951427,956119.622411137,4000.64010241639,600.014400345608,600.014400345608,15709.8657957197,392878.617977345,3026255.89664783,9703.76506084361,0,
40.41434,53514.3065588096,7802.43435952017,988066.27996424,5001.00020004001,400.006400102402,600.014400345608,15209.2472223112,390505.982003209,3209647.82181354,9203.38684635946,100.0004000016,
40.54057,51706.7226756024,7102.01697282028,996173.363280925,3200.40965243551,400.006400102402,400.006400102402,15109.1259120509,378031.1520408,3089864.80762873,9203.38684635946,0,
40.66688,48393.4962347255,8202.69048247825,1067643.09145448,3900.60849492521,300.003600043201,400.006400102402,16911.4321281186,383906.197328395,3084082.17935774,9903.92195309342,0,
40.79318,48594.2728894055,6201.53798141939,965932.696302451,4300.73972723308,200.0016000128,1000.04000160006,15309.3693340324,364745.033582922,3017994.99911784,9203.38684635946,300.003600043201,
40.91941,45382.2326054811,6501.69043951427,959246.060424818,5101.04061228491,500.010000200004,0,16310.634533716,379576.952907687,3039473.33269581,11605.3848985929,0,
41.04575,48293.1091143725,6501.69043951427,1017492.08027541,5101.04061228491,800.025600819226,100.0004000016,17512.2585810067,375558.26228177,3051864.67899079,10404.3282005314,0,
41.17195,51104.2526754579,7702.37233067785,981476.246695156,4000.64010241639,500.010000200004,600.014400345608,16310.634533716,383081.465476979,3149343.26984463,8302.75651516303,0,
41.29819,48895.4439065055,7402.19104855037,1011211.87276564,4700.88376614804,500.010000200004,100.0004000016,19014.4509827469,370716.915570313,3014690.64010584,8502.8909829342,100.0004000016,
41.42448,43074.0874303803,6701.7960813498,947929.770371201,4700.88376614804,300.003600043201,300.003600043201,18313.4054127621,378855.555736027,3057647.30726178,10604.4963064339,100.0004000016,
41.5508,43174.4327220127,6301.58800017604,937484.437509337,3500.49006860961,700.019600548815,400.006400102402,18012.9693379233,365259.74025974,2936212.11357097,8102.62525058119,0,
41.67701,47891.5686793148,6601.74286011507,964314.645950605,3400.46246289495,600.014400345608,400.006400102402,15809.9919148902,385246.500897622,2961820.89591393,10004.0016006403,0,
41.80323,41569.0045475489,7102.01697282028,992821.822325547,4800.92177698118,500.010000200004,800.025600819226,17211.841747122,368966.245068273,3119604.03873668,8102.62525058119,100.0004000016,
41.92949,45884.059597182,6401.6388195378,925434.302875442,3800.57768780855,300.003600043201,900.032401166442,16711.163056922,364745.033582922,2997342.75529287,7202.07419736884,200.0016000128,
42.05568,43274.7788177972,7202.07419736884,955688.448680413,4700.88376614804,100.0004000016,1000.04000160006,21418.3340939844,365671.520641569,3091516.98713472,9003.24116682005,0,
42.18181,45984.4274087224,9203.38684635946,959785.177585698,4300.73972723308,0,300.003600043201,18513.7001381022,354969.574036511,2820559.54815115,9103.31360615264,0,
42.30797,35049.0686961746,6001.44034568296,907844.242116364,5101.04061228491,700.019600548815,400.006400102402,17812.6826300326,348285.441972705,2933733.84431197,7102.01697282028,0,
42.4342,37656.6355799122,5601.25468104855,933502.350612653,4200.70571856072,100.0004000016,700.019600548815,17512.2585810067,372158.825654703,3024603.71714183,6501.69043951427,0,
42.56043,41970.3422936842,8202.69048247825,939422.111178438,4300.73972723308,200.0016000128,900.032401166442,19314.911111378,335749.350391387,2789168.1375372,6601.74286011507,0,
42.68666,38057.8479288519,6801.85010322808,899757.578269067,5001.00020004001,200.0016000128,300.003600043201,18713.9980705568,344482.202090818,2973386.15245591,6701.7960813498,0,
42.81295,39562.5087638469,7102.01697282028,908991.041707257,4100.67251029169,200.0016000128,300.003600043201,19014.4509827469,346949.038438141,2975038.33196191,7602.31110257518,0,
42.93919,37756.9374616922,6601.74286011507,923713.769017636,3200.40965243551,100.0004000016,300.003600043201,20616.9883984403,352501.176356055,2827168.26617514,6401.6388195378,0,
43.06545,39562.5087638469,5701.29989637637,892783.163476676,5301.12383825371,700.019600548815,1200.05760276493,22420.0883992057,345612.775810958,2961820.89591393,6901.90492575951,0,
43.19169,36653.6609596449,5701.29989637637,929736.636850927,4200.70571856072,300.003600043201,600.014400345608,17512.2585810067,342529.630485644,2966777.43443192,7602.31110257518,0,
43.31789,38860.311202987,7001.96054895371,911891.277850101,4700.88376614804,700.019600548815,0,19815.6940296715,336776.432338645,2933733.84431197,8102.62525058119,0,
43.4441,39863.462632511,6601.74286011507,890530.693741948,3700.5476810568,200.0016000128,700.019600548815,21117.8234429859,355278.1575435,2808994.29160917,7602.31110257518,100.0004000016,
43.57045,43776.5213593361,6101.48876325823,919520.924310852,3400.46246289495,100.0004000016,200.0016000128,21718.8519635043,354866.714536655,2889124.99765004,9703.76506084361,100.0004000016,
43.69676,38258.4589252378,5701.29989637637,945891.587196868,3300.43565750679,200.0016000128,300.003600043201,21919.201220269,355278.1575435,2770168.07321823,8803.09869073914,100.0004000016,
43.82308,36352.7842427204,6101.48876325823,929844.213495965,4300.73972723308,300.003600043201,600.014400345608,24624.2302425587,335030.44257258,2716472.23927331,9203.38684635946,100.0004000016,
43.94931,35349.9140786791,6001.44034568296,913610.242717239,4800.92177698118,500.010000200004,500.010000200004,22219.7311212357,345509.992213859,2855255.31777709,8202.69048247825,200.0016000128,
44.07551,35951.6265357053,4400.77453631839,927047.510796023,4200.70571856072,200.0016000128,700.019600548815,25125.2257266295,338419.936674221,2738776.66260428,7902.49718911176,0,
44.20175,38057.8479288519,5501.21026625858,929844.213495965,3700.5476810568,0,700.019600548815,20917.487019148,344482.202090818,2729689.67532129,9803.84310649775,0,
44.32789,35550.4816839913,5101.04061228491,929091.195725226,4600.84655576626,400.006400102402,500.010000200004,29133.9118734207,345715.560241697,2866820.57431908,9303.46088745013,0,
44.45421,38960.6227289663,6701.7960813498,920810.885911106,4100.67251029169,300.003600043201,300.003600043201,23421.922919853,332155.219234604,2585123.96854651,8602.95941803981,0,
44.5804,35650.7666917691,5801.34591225164,902119.000551197,4900.9605882753,300.003600043201,300.003600043201,25325.6295370915,332155.219234604,2609080.57138348,6701.7960813498,100.0004000016,
44.70664,37456.0342272039,5201.0818250196,904373.487184588,5201.0818250196,800.025600819226,500.010000200004,25225.4272306485,350444.545395548,2794124.67605519,8102.62525058119,0,
44.83286,35751.0525029742,4400.77453631839,899328.275021859,4000.64010241639,100.0004000016,200.0016000128,24223.4482979524,352398.336882669,2623950.18693745,8102.62525058119,0,
44.95902,33444.6820952793,6101.48876325823,905769.318450296,5101.04061228491,100.0004000016,400.006400102402,23321.7358578195,325175.250212731,2595863.1353355,10704.5815609081,0,
45.0853,36854.249455198,6301.58800017604,917908.652849311,4500.81014582625,300.003600043201,300.003600043201,25225.4272306485,337700.877292555,2618167.55866646,9803.84310649775,0,
45.21146,43274.7788177972,4900.9605882753,907165.300150054,5001.00020004001,600.014400345608,300.003600043201,25926.8602271954,350136.079530475,2810646.47111516,9303.46088745013,0,
45.33777,38860.311202987,6701.7960813498,930274.529002493,3700.5476810568,500.010000200004,0,27129.408278574,341913.091429568,2768515.89371223,9403.53572943427,200.0016000128,
45.46405,36753.9548056547,6001.44034568296,953532.79488404,6101.48876325823,400.006400102402,400.006400102402,26728.5460872212,343660.030006894,2551254.28867357,12005.7627661277,0,
45.59027,38158.1530252104,5501.21026625858,915007.069613929,4700.88376614804,200.0016000128,500.010000200004,27229.6258329062,339652.704855888,2728863.58556829,9803.84310649775,100.0004000016,
45.71652,34547.6757925938,5301.12383825371,947929.770371201,5501.21026625858,700.019600548815,400.006400102402,32542.3049964954,340988.339090806,2708211.34174332,12506.2531265633,100.0004000016,
45.84283,37355.7347562563,6501.69043951427,946637.108257673,5501.21026625858,700.019600548815,300.003600043201,28933.4470648069,371849.831124968,2668559.03359938,11905.6670975384,0,
45.96907,40365.0684904065,5301.12383825371,946421.677093669,5001.00020004001,100.0004000016,600.014400345608,29234.1454819229,336571.009287373,2612384.93039547,10604.4963064339,0,
46.09529,39161.2481921726,5001.00020004001,931565.561221314,5101.04061228491,400.006400102402,600.014400345608,27931.1711870447,343043.435949006,2609080.57138348,11405.2007715518,100.0004000016,
46.22144,41769.6718125834,5801.34591225164,938130.296566207,4600.84655576626,400.006400102402,500.010000200004,29434.6151073663,332873.963885455,2622298.00743146,11605.3848985929,0,
46.34775,34547.6757925938,5201.0818250196,890423.443053496,5401.16665199683,300.003600043201,500.010000200004,27730.7256440136,310099.337077878,2715646.14952031,12005.7627661277,0,
46.47398,34647.952766629,7202.07419736884,943513.706477161,3900.60849492521,400.006400102402,200.0016000128,31740.2466327303,352604.01666376,2654515.50779841,10304.2453490838,100.0004000016,
46.60024,38459.0731363374,5601.25468104855,908991.041707257,6301.58800017604,100.0004000016,600.014400345608,28031.3951625821,333900.812711538,2602471.85335949,11205.0198488923,0,
46.7265,39763.1438724695,4900.9605882753,964638.239888331,4500.81014582625,700.019600548815,900.032401166442,34447.3996218797,343968.338287234,2717298.32902631,11605.3848985929,0,
46.85281,35951.6265357053,5901.39272868397,925326.762818519,4900.9605882753,400.006400102402,200.0016000128,32241.5270868879,324046.49900122,2483514.92892767,9203.38684635946,0,
46.97897,43475.4734218603,4700.88376614804,906413.599001878,3700.5476810568,300.003600043201,400.006400102402,31439.4879969241,345818.345506085,2699124.35446034,9303.46088745013,0,
47.10513,41067.3504547458,6101.48876325823,932641.519611301,5301.12383825371,300.003600043201,600.014400345608,31639.9929510902,326509.358651738,2736298.39334528,10304.2453490838,0,
47.23137,42572.3730341581,6901.90492575951,909742.89243933,5401.16665199683,100.0004000016,300.003600043201,36352.7842427204,317994.00469902,2342253.58116489,12005.7627661277,0,
47.35764,36753.9548056547,6101.48876325823,940929.390865472,4800.92177698118,300.003600043201,500.010000200004,30537.255451651,345509.992213859,2600819.67385349,11004.8421305374,100.0004000016,
47.48387,40365.0684904065,6001.44034568296,976292.995960167,4700.88376614804,700.019600548815,700.019600548815,33444.6820952793,337598.157855264,2604950.12261848,11305.1099096792,100.0004000016,
47.61021,45884.059597182,7702.37233067785,1005042.89791876,4500.81014582625,400.006400102402,400.006400102402,30437.0114058695,337495.439250821,2813124.74037416,12005.7627661277,100.0004000016,
47.73646,42472.032567234,7702.37233067785,897396.586515951,5301.12383825371,300.003600043201,600.014400345608,30236.5257230735,339036.305771219,2598341.40459449,12506.2531265633,0,
47.86277,41769.6718125834,7102.01697282028,962804.647549734,5301.12383825371,200.0016000128,200.0016000128,32642.5659059413,355895.34709178,2703254.80322533,13807.6218072376,0,
47.98901,43575.8219301585,6501.69043951427,991740.864422921,5701.29989637637,300.003600043201,400.006400102402,36152.2037822616,338111.763370415,2808994.29160917,11004.8421305374,0,
48.11531,47590.4218014227,7902.49718911176,991200.41918608,4500.81014582625,100.0004000016,600.014400345608,36553.3679171591,309996.841312394,2603297.94311249,12005.7627661277,0,
48.24161,43776.5213593361,7102.01697282028,931457.970292922,4200.70571856072,200.0016000128,500.010000200004,32742.827618525,320660.84899163,2568602.17348654,12205.9565067753,0,
48.36793,49096.2286080718,6101.48876325823,970895.975134425,3300.43565750679,500.010000200004,200.0016000128,32141.2693898966,327022.514709935,2603297.94311249,11905.6670975384,0,
48.49424,42672.714305176,6701.7960813498,972191.055592956,3400.46246289495,400.006400102402,600.014400345608,36954.5449082846,331025.845752291,2583471.78904052,11405.2007715518,200.0016000128,
48.62053,45181.5074394207,7202.07419736884,991524.683631161,5601.25468104855,200.0016000128,300.003600043201,37355.7347562563,330717.852279359,2550428.19892057,12406.1534521122,0,
48.74668,48594.2728894055,8102.62525058119,973702.146051166,3800.57768780855,300.003600043201,300.003600043201,33745.4889190629,337906.318665726,2587602.23780551,13006.7635170289,100.0004000016,
48.873,42572.3730341581,8602.95941803981,971003.893572904,4900.9605882753,200.0016000128,800.025600819226,35049.0686961746,316558.244286559,2566123.90422755,13307.0793662228,0,
48.99926,44679.7086001427,7102.01697282028,965393.323778069,4200.70571856072,200.0016000128,800.025600819226,39462.1924152464,309484.374936726,2575210.89151053,10304.2453490838,100.0004000016,
49.1256,47088.5264296878,6701.7960813498,945883.114834403,4100.67251029169,200.0016000128,500.010000200004,30437.0114058695,318917.079533808,2489297.55719866,9003.24116682005,200.0016000128,
49.25183,44278.2840061228,6501.69043951427,935869.930574863,4000.64010241639,400.006400102402,1000.04000160006,35650.7666917691,320866.014131069,2653689.41804541,11905.6670975384,100.0004000016,
49.37812,48393.4962347255,7802.43435952017,934148.011369531,4300.73972723308,500.010000200004,600.014400345608,37054.8411649241,318917.079533808,2587602.23780551,9103.31360615264,0,
49.50438,49497.8076679519,7602.31110257518,998768.698314448,3600.51847466035,800.025600819226,200.0016000128,42572.3730341581,324662.169006665,2518210.69855362,10604.4963064339,100.0004000016,
49.63058,47991.9525811455,7302.132222609,1037977.95312331,3400.46246289495,500.010000200004,200.0016000128,37756.9374616922,304155.954573979,2508297.62151764,12806.5569571621,0,
49.7569,52208.8031457558,8002.56081946223,979100.333363815,5301.12383825371,900.032401166442,100.0004000016,36352.7842427204,317994.00469902,2596689.2250885,11805.5722300926,0,
49.88313,45582.960989,9003.24116682005,1043185.85250806,4200.70571856072,300.003600043201,400.006400102402,39161.2481921726,314404.9089694,2478558.39040968,10404.3282005314,200.0016000128,
50.00942,48092.3372875922,7502.25067520256,941037.060403186,4500.81014582625,300.003600043201,700.019600548815,33344.4147604609,297805.769518775,2505819.35225864,12205.9565067753,0,
50.13572,42371.6929043942,8602.95941803981,982556.350968214,5001.00020004001,700.019600548815,700.019600548815,41067.3504547458,317173.550237374,2381905.88930883,12005.7627661277,100.0004000016,
50.26204,48493.8841597332,8602.95941803981,1011644.89318578,4500.81014582625,200.0016000128,900.032401166442,39462.1924152464,327125.148416953,2477732.30065668,12606.3536022155,100.0004000016,
50.38827,46988.1497689666,7902.49718911176,974565.705261408,3900.60849492521,400.006400102402,500.010000200004,37857.2401471024,295860.383040036,2484341.01868067,10404.3282005314,0,
50.51453,49698.6020264204,8502.8909829342,977912.539642295,4700.88376614804,0,800.025600819226,39763.1438724695,320455.687176911,2562819.54521555,11905.6670975384,0,
50.64087,50702.6221071449,10804.6676164103,995957.108750447,3700.5476810568,200.0016000128,400.006400102402,37054.8411649241,302312.024063511,2463688.7748557,11805.5722300926,0,
50.7671,49899.3996040112,9303.46088745013,1041558.16017433,4500.81014582625,200.0016000128,400.006400102402,39462.1924152464,300775.620577424,2312514.35005694,9803.84310649775,0,
50.89332,46887.7739127647,7802.43435952017,974457.75721986,4800.92177698118,200.0016000128,500.010000200004,39763.1438724695,309279.394197088,2566123.90422755,9903.92195309342,0,
51.01949,54920.3854849831,6801.85010322808,987850.16029306,4800.92177698118,600.014400345608,300.003600043201,40264.7457111035,309279.394197088,2438079.99251274,11905.6670975384,0,
51.14569,47088.5264296878,8903.16952835209,993470.440225415,4300.73972723308,300.003600043201,200.0016000128,37456.0342272039,295962.764342811,2381905.88930883,11305.1099096792,0,
51.27193,53112.5987092636,7302.132222609,966795.738952686,3300.43565750679,400.006400102402,400.006400102402,40365.0684904065,285012.662734341,2353818.83770688,8102.62525058119,100.0004000016,
51.39816,46385.9066992069,8703.02865397158,960755.644906707,3600.51847466035,700.019600548815,300.003600043201,39261.5621294189,296065.146474336,2362905.82498986,10104.0820491479,100.0004000016,
51.52447,51505.8961224277,6801.85010322808,968629.895086735,3800.57768780855,200.0016000128,400.006400102402,40164.423735672,295962.764342811,2433949.54374775,11305.1099096792,0,
51.65075,55422.5947796526,7902.49718911176,1017275.47091269,5001.00020004001,300.003600043201,600.014400345608,38258.4589252378,290640.035285501,2421558.19745277,10704.5815609081,200.0016000128,
51.77694,53413.8783887248,7502.25067520256,996389.621409379,3500.49006860961,400.006400102402,500.010000200004,39261.5621294189,314507.440440027,2327383.96561092,11004.8421305374,100.0004000016,
51.90317,56025.2725093309,8202.69048247825,1017275.47091269,5001.00020004001,300.003600043201,100.0004000016,42171.0159909287,301697.440277873,2485993.19818667,13006.7635170289,100.0004000016,
52.02946,55523.0390545449,9003.24116682005,1008181.13345734,3100.38444767151,300.003600043201,400.006400102402,35149.3496869605,298112.963157852,2519862.87805962,11805.5722300926,0,
52.15565,55422.5947796526,8302.75651516303,1020091.67398699,4000.64010241639,500.010000200004,400.006400102402,37255.4360889003,297908.166569523,2530602.0448486,13707.5117164206,100.0004000016,
52.28184,52811.3262757894,7402.19104855037,982340.322929311,3900.60849492521,200.0016000128,800.025600819226,42070.6787402837,291663.463055961,2359601.46597787,12906.6598364756,100.0004000016,
52.40812,57331.1737254839,9303.46088745013,993038.024695466,4800.92177698118,500.010000200004,500.010000200004,36352.7842427204,287161.00031963,2376123.26103784,11505.2924345199,200.0016000128,
52.53436,54217.3262941004,7902.49718911176,976185.033561231,4400.77453631839,600.014400345608,400.006400102402,43876.872280235,302414.457597202,2457080.05683172,13206.9732818928,0,
52.66062,50100.2004008016,10704.5815609081,982016.28760637,3400.46246289495,200.0016000128,500.010000200004,39361.8768704403,287365.62293908,2352166.65820088,11305.1099096792,0,
52.78686,50501.811652291,7802.43435952017,960971.314165137,4600.84655576626,100.0004000016,400.006400102402,41669.3377780627,282148.780389143,2347210.11968289,13607.4024269202,0,
52.9131,52208.8031457558,6501.69043951427,951269.743726021,4300.73972723308,700.019600548815,200.0016000128,39662.8259162513,293505.841788109,2334818.77338791,9903.92195309342,0,
53.03941,52510.0610880405,9103.31360615264,962373.251693785,3900.60849492521,200.0016000128,300.003600043201,41970.3422936842,298112.963157852,2590080.50706451,13707.5117164206,100.0004000016,
53.16565,57331.1737254839,9203.38684635946,986661.566351223,3300.43565750679,500.010000200004,700.019600548815,38960.6227289663,283376.079094491,2284427.29845498,14208.0701838644,0,
53.29187,57532.0936871056,8602.95941803981,957736.651493504,3700.5476810568,300.003600043201,400.006400102402,37355.7347562563,282251.050730354,2232383.64401607,12606.3536022155,0,
53.41816,56728.433172703,8202.69048247825,960755.644906707,3400.46246289495,300.003600043201,300.003600043201,39863.462632511,272334.678495467,2313340.43980994,9703.76506084361,0,
53.54442,53313.4510237786,7202.07419736884,939852.744643939,4100.67251029169,400.006400102402,100.0004000016,37656.6355799122,284910.37004972,2395949.41510981,10604.4963064339,0,
53.6707,56125.7216164208,6901.90492575951,961294.824771644,4400.77453631839,400.006400102402,500.010000200004,39662.8259162513,288388.785712263,2360427.55573087,14308.184281409,0,
53.79693,58335.8057557995,7802.43435952017,959353.882065617,3900.60849492521,500.010000200004,0,41268.0096799526,295553.244104112,2490949.73670466,13106.8679988314,0,
53.92315,58838.151980851,10204.1632986258,987634.0442164,4100.67251029169,400.006400102402,300.003600043201,40866.6944453348,295860.383040036,2411645.12041679,12706.4548790786,0,
54.04946,57431.6333035317,10404.3282005314,974565.705261408,4600.84655576626,600.014400345608,500.010000200004,36352.7842427204,293505.841788109,2351340.56844788,11605.3848985929,0,
54.17561,53715.1653144341,9103.31360615264,958599.149388623,4500.81014582625,600.014400345608,700.019600548815,41468.6721210324,278672.081021177,2252209.79808803,12005.7627661277,100.0004000016,
54.30189,52911.7496151873,7502.25067520256,932749.12036115,4700.88376614804,200.0016000128,100.0004000016,38659.6905622281,289514.360397834,2244774.99031105,13907.7326993809,0,
54.42813,50903.435781508,9303.46088745013,967119.394737607,3400.46246289495,600.014400345608,300.003600043201,39963.7821963854,291561.116551607,2402558.1331338,14608.5313823273,100.0004000016,
54.55439,53012.1737596755,10104.0820491479,951269.743726021,3000.36004320518,700.019600548815,200.0016000128,44278.2840061228,296372.297841511,2301775.18326796,10504.4118529783,0,
54.68072,52811.3262757894,7001.96054895371,946960.26171142,3900.60849492521,300.003600043201,200.0016000128,39562.5087638469,277240.776840385,2359601.46597787,12005.7627661277,0,
54.80704,55623.4841347792,8903.16952835209,927477.733482123,3400.46246289495,200.0016000128,300.003600043201,34848.5091247016,287058.690251738,2291036.01647897,12606.3536022155,0,
54.93335,57331.1737254839,7502.25067520256,947929.770371201,3400.46246289495,400.006400102402,300.003600043201,42070.6787402837,294324.762941588,2433123.45399475,11205.0198488923,0,
55.0596,56527.5260988791,10404.3282005314,917263.800424628,3600.51847466035,300.003600043201,400.006400102402,39161.2481921726,304770.657802574,2366210.18400186,10304.2453490838,0,
55.18587,57933.9432768561,7702.37233067785,941467.747491979,4200.70571856072,0,400.006400102402,43876.872280235,308664.471899284,2205948.77192011,10404.3282005314,0,
55.31211,54819.9460419398,8102.62525058119,927692.85017942,3400.46246289495,300.003600043201,300.003600043201,40666.0416516423,281228.384549731,2335644.8631409,10304.2453490838,0,
55.43838,50301.0044168691,8002.56081946223,923928.823261023,3700.5476810568,200.0016000128,100.0004000016,42672.714305176,289821.352701965,2477732.30065668,10804.6676164103,0,
55.56467,61149.2040579013,9703.76506084361,930166.948786883,3500.49006860961,400.006400102402,200.0016000128,41970.3422936842,301595.012549591,2486819.28793967,10104.0820491479,200.0016000128,
55.69095,58838.151980851,8602.95941803981,968737.794693236,3500.49006860961,200.0016000128,400.006400102402,42973.74294289,290947.054919797,2361253.64548386,11505.2924345199,100.0004000016,
55.81719,54518.6325444167,9703.76506084361,918338.572293503,2700.2916314962,200.0016000128,100.0004000016,41368.3404985035,281126.122482,2187774.79735414,10704.5815609081,100.0004000016,
55.94341,56326.6222468108,9603.68781612139,893963.184998902,4500.81014582625,100.0004000016,400.006400102402,42271.354045629,277649.704352609,2281949.02919599,8002.56081946223,200.0016000128,
56.06969,59641.9478358493,7102.01697282028,911891.277850101,3700.5476810568,400.006400102402,600.014400345608,41870.0066511207,284501.207587778,2131600.69415022,10404.3282005314,0,
56.19595,52510.0610880405,9903.92195309342,926939.957355369,3400.46246289495,100.0004000016,300.003600043201,38358.7656289435,284501.207587778,2238166.27228706,11605.3848985929,100.0004000016,
56.32225,53112.5987092636,9103.31360615264,899650.251123009,3200.40965243551,500.010000200004,600.014400345608,40666.0416516423,283376.079094491,2290209.92672598,11905.6670975384,0,
56.44848,50602.2164772841,7402.19104855037,937269.158304491,2900.33643902693,600.014400345608,200.0016000128,43274.7788177972,277240.776840385,2291036.01647897,12205.9565067753,100.0004000016,
56.57468,52510.0610880405,8102.62525058119,917478.747667427,4000.64010241639,100.0004000016,600.014400345608,42472.032567234,287877.193976225,2198513.96414312,12005.7627661277,100.0004000016,
56.701,56326.6222468108,10104.0820491479,889779.957582184,3500.49006860961,600.014400345608,100.0004000016,39060.9350586916,274276.448013846,2210905.3104381,9503.61137232148,200.0016000128,
56.82731,53012.1737596755,7602.31110257518,914254.913342732,3400.46246289495,200.0016000128,700.019600548815,43676.1712426472,288900.398148448,2408340.76140479,14007.84439286,100.0004000016,
56.95362,56427.0737701303,6801.85010322808,924574.00739991,2800.31363512713,0,500.010000200004,38760.0004807442,285012.662734341,2245601.08006404,10904.7544729502,0,
57.07992,49799.0004128207,9003.24116682005,895572.478599899,3300.43565750679,200.0016000128,300.003600043201,38960.6227289663,281330.647444765,2401732.0433808,11205.0198488923,200.0016000128,
57.20613,52309.2216548153,9503.61137232148,925864.472024955,3100.38444767151,100.0004000016,200.0016000128,42070.6787402837,286444.847229415,2333992.68363491,11805.5722300926,200.0016000128,
57.33229,51405.4840532773,9503.61137232148,893641.350280894,2800.31363512713,600.014400345608,200.0016000128,39562.5087638469,283273.799651293,2224122.74648608,11004.8421305374,100.0004000016,
57.4586,50903.435781508,8302.75651516303,919628.416207025,3800.57768780855,300.003600043201,500.010000200004,42672.714305176,287467.935490658,2436427.81300675,12105.8592358702,100.0004000016,
57.58488,54418.1963224123,8903.16952835209,943729.089354354,3900.60849492521,500.010000200004,200.0016000128,41970.3422936842,291049.396454397,2308383.90129195,8803.09869073914,0,
57.71117,51907.5524486736,7802.43435952017,899757.578269067,3500.49006860961,500.010000200004,300.003600043201,43475.4734218603,289002.723119813,2475254.03139769,10804.6676164103,0,
57.83743,53413.8783887248,6801.85010322808,929091.195725226,2700.2916314962,400.006400102402,500.010000200004,37556.3345017526,277138.547029633,2258818.51611202,9403.53572943427,0,
57.96374,46586.6511711784,7502.25067520256,916941.386245361,3000.36004320518,400.006400102402,100.0004000016,39662.8259162513,283887.488723386,2176209.54081215,9403.53572943427,100.0004000016,
58.08995,49297.0165285281,8703.02865397158,884740.42782299,3500.49006860961,300.003600043201,300.003600043201,40064.1025641026,285114.956246637,2111774.54007825,10004.0016006403,200.0016000128,
58.21619,49799.0004128207,9703.76506084361,913502.800731383,3100.38444767151,500.010000200004,200.0016000128,43977.2240053534,285524.138572764,2281949.02919599,9103.31360615264,100.0004000016,
58.34243,67079.5047547236,7502.25067520256,983938.932277372,2700.2916314962,200.0016000128,300.003600043201,44177.9298682877,270904.091864791,2289383.83697298,10304.2453490838,0,
58.46865,50200.6020064209,6801.85010322808,880345.844237586,3100.38444767151,700.019600548815,100.0004000016,43977.2240053534,289105.048919245,2114252.80933725,11305.1099096792,0,
58.59493,50301.0044168691,7802.43435952017,964098.921139762,3800.57768780855,400.006400102402,200.0016000128,42973.74294289,305078.020616553,2342253.58116489,8302.75651516303,100.0004000016,
58.72119,53413.8783887248,10504.4118529783,929951.79103363,4100.67251029169,600.014400345608,300.003600043201,42070.6787402837,286137.936893891,2174557.36130616,11805.5722300926,100.0004000016,
58.84735,52710.9037414721,9903.92195309342,934148.011369531,2900.33643902693,500.010000200004,300.003600043201,40565.7164606663,276116.294400026,2314166.52956294,10404.3282005314,0,
58.97359,52208.8031457558,8803.09869073914,943190.638866636,2700.2916314962,100.0004000016,200.0016000128,45281.8696202735,292584.618871101,2229905.37475707,8703.02865397158,200.0016000128,
59.09987,50401.4076321559,10004.0016006403,906950.523942167,3400.46246289495,700.019600548815,100.0004000016,38960.6227289663,263651.46670655,2264601.14438302,9703.76506084361,0,
59.22612,52710.9037414721,7502.25067520256,885705.292280676,2300.21161946899,100.0004000016,200.0016000128,42672.714305176,279592.290735535,2159687.74575218,8803.09869073914,0,
59.35239,47891.5686793148,8002.56081946223,975969.11145561,3400.46246289495,400.006400102402,300.003600043201,45181.5074394207,279694.540394929,2143992.0404452,8602.95941803981,0,
59.47866,54016.4594866532,9903.92195309342,931027.61550717,3100.38444767151,300.003600043201,300.003600043201,43575.8219301585,280819.341242522,2154731.20723419,8102.62525058119,0,
59.60493,49196.6221659339,8903.16952835209,897933.137752142,4100.67251029169,700.019600548815,600.014400345608,40666.0416516423,271414.997068516,2029165.56477838,6001.44034568296,0,
59.73112,50702.6221071449,8202.69048247825,935977.558117339,2600.27042812453,300.003600043201,400.006400102402,42171.0159909287,277854.17307039,2226601.01574507,8703.02865397158,100.0004000016,
59.85737,54619.0695716662,9903.92195309342,945236.869634525,2900.33643902693,100.0004000016,400.006400102402,39562.5087638469,276525.185529695,2148948.5789632,7402.19104855037,100.0004000016,
59.9836,56125.7216164208,8502.8909829342,965285.451962145,2600.27042812453,400.006400102402,0,45984.4274087224,276218.515942217,2445514.80028973,6401.6388195378,0,
60.10988,54819.9460419398,9203.38684635946,954179.453425744,3100.38444767151,100.0004000016,500.010000200004,40866.6944453348,277649.704352609,2176209.54081215,9803.84310649775,0,
60.23619,55623.4841347792,8703.02865397158,964746.106326674,3400.46246289495,300.003600043201,100.0004000016,40264.7457111035,254361.933393136,2072122.23193432,9003.24116682005,0,
60.36252,49397.4116958642,7602.31110257518,896216.25205098,3100.38444767151,400.006400102402,200.0016000128,40666.0416516423,275196.337725151,2101035.37328927,7402.19104855037,0,
60.48875,60546.2798120259,9603.68781612139,932103.529255562,3100.38444767151,500.010000200004,0,42271.354045629,263447.227690355,2083687.4884763,7602.31110257518,100.0004000016,
60.61509,56527.5260988791,10804.6676164103,949330.299683626,2600.27042812453,100.0004000016,500.010000200004,42973.74294289,270291.032887768,2020078.5774954,7502.25067520256,200.0016000128,
60.74135,55322.1513100927,8502.8909829342,915866.730246926,2800.31363512713,200.0016000128,500.010000200004,43575.8219301585,275502.982509352,2247253.25957004,7802.43435952017,100.0004000016,
60.86754,52610.4820122257,8402.82334864514,981044.230129697,3400.46246289495,200.0016000128,400.006400102402,39662.8259162513,287365.62293908,2253035.88784103,8002.56081946223,0,
60.99383,53112.5987092636,8703.02865397158,949114.823795131,3300.43565750679,200.0016000128,500.010000200004,45683.3263873305,272436.8694527,2317470.88857493,7202.07419736884,0,
61.12006,55824.3767113128,7202.07419736884,960971.314165137,3100.38444767151,400.006400102402,300.003600043201,38659.6905622281,262630.304647111,2141513.77118621,7702.37233067785,0,
61.24634,50301.0044168691,10204.1632986258,981152.232924148,3600.51847466035,200.0016000128,400.006400102402,42271.354045629,274480.862163091,2102687.55279527,5301.12383825371,0,
61.37258,56427.0737701303,10704.5815609081,944590.656626456,1900.14441097523,1000.04000160006,200.0016000128,40264.7457111035,256300.941959,2119209.34785524,7202.07419736884,100.0004000016,
61.49875,52208.8031457558,9403.53572943427,940391.056583256,3600.51847466035,800.025600819226,900.032401166442,40164.423735672,252525.252525253,2154786.62854859,6601.74286011507,0,
61.62501,49698.6020264204,7702.37233067785,964638.239888331,2500.2500250025,300.003600043201,500.010000200004,39361.8768704403,243651.726463829,2032469.92379038,6701.7960813498,0,
61.75124,61149.2040579013,8102.62525058119,987742.10180542,2200.1936170383,200.0016000128,600.014400345608,40164.423735672,260894.518587977,2132426.78390322,7902.49718911176,100.0004000016,
61.8775,52510.0610880405,8202.69048247825,945344.574932231,2200.1936170383,300.003600043201,400.006400102402,35951.6265357053,260792.420953928,1928382.61491254,6401.6388195378,0,
62.00379,55422.5947796526,10504.4118529783,971219.733140523,2900.33643902693,400.006400102402,600.014400345608,38960.6227289663,255382.427102864,2119209.34785524,7902.49718911176,0,
62.12999,52510.0610880405,9503.61137232148,981584.253081416,3000.36004320518,200.0016000128,400.006400102402,39361.8768704403,270086.686505369,1977948.00009246,5401.16665199683,100.0004000016,
62.25631,59039.0961104362,7802.43435952017,958706.965655592,3600.51847466035,100.0004000016,400.006400102402,40264.7457111035,258954.804657347,2165172.94435703,6001.44034568296,0,
62.38246,55924.8242076314,9203.38684635946,945236.869634525,2200.1936170383,300.003600043201,500.010000200004,40064.1025641026,232339.381020436,2001078.51317643,6901.90492575951,0,
62.5087,54920.3854849831,10104.0820491479,969169.402085844,2700.2916314962,600.014400345608,100.0004000016,39662.8259162513,240389.469305667,1976295.82058647,6501.69043951427,100.0004000016,
62.63491,54719.5074041707,10204.1632986258,981368.241206866,3400.46246289495,300.003600043201,300.003600043201,36051.9147572504,234988.210213508,2129562.10716394,8402.82334864514,100.0004000016,
62.76114,61048.7146689335,8903.16952835209,973810.087812257,2700.2916314962,0,400.006400102402,40967.0220480706,266204.7330676,2144761.92957997,8102.62525058119,0,
62.88746,56125.7216164208,8602.95941803981,972298.984794777,3400.46246289495,0,200.0016000128,37355.7347562563,250586.823637781,1873860.69121463,8703.02865397158,0,
63.01377,57933.9432768561,10304.2453490838,962696.797241723,3000.36004320518,200.0016000128,0,32742.827618525,256913.322314584,2093809.60638113,6201.53798141939,100.0004000016,
63.14001,54619.0695716662,7602.31110257518,947175.701819208,4100.67251029169,900.032401166442,400.006400102402,37756.9374616922,246710.858509353,2125911.97316054,6301.58800017604,0,
63.26628,59641.9478358493,9203.38684635946,979208.31999734,2500.2500250025,800.025600819226,300.003600043201,37656.6355799122,253239.485561208,2134905.05316222,4900.9605882753,0,
63.39251,57632.5548762153,10704.5815609081,1001256.38070832,2600.27042812453,500.010000200004,100.0004000016,38860.311202987,260588.228161716,2163283.93237429,7001.96054895371,0,
63.51876,58034.4076882059,10004.0016006403,1007856.45327741,3700.5476810568,300.003600043201,300.003600043201,38659.6905622281,248240.702587844,2114379.29762912,7202.07419736884,0,
63.64512,63360.1745211896,7802.43435952017,972514.845889486,2300.21161946899,300.003600043201,100.0004000016,36753.9548056547,241103.016008917,2114849.82711572,5601.25468104855,100.0004000016,
63.77143,63460.6824479582,9203.38684635946,1008181.13345734,1600.10240655402,300.003600043201,300.003600043201,35149.3496869605,244059.567902481,2029991.65453138,7001.96054895371,0,
63.89769,70799.9390278146,7902.49718911176,1016300.77341259,2900.33643902693,500.010000200004,500.010000200004,37255.4360889003,243957.606307354,2191055.23047138,8202.69048247825,0,
64.02386,57029.7998244003,10704.5815609081,996281.491895399,3300.43565750679,100.0004000016,300.003600043201,39863.462632511,243243.898203085,2100741.04266307,5601.25468104855,0,
64.15013,62857.6469786224,9603.68781612139,983096.436782087,2800.31363512713,300.003600043201,300.003600043201,35349.9140786791,247424.762674207,2035774.28280237,6301.58800017604,100.0004000016,
64.27649,66476.2951346972,9703.76506084361,1013701.9370843,1900.14441097523,500.010000200004,400.006400102402,42973.74294289,246914.82700814,2049817.80860335,7001.96054895371,0,
64.40276,60445.7952581627,9003.24116682005,996605.883135898,3000.36004320518,400.006400102402,100.0004000016,37255.4360889003,239879.81778826,1978774.08984546,6701.7960813498,100.0004000016,
64.52905,63963.2341736111,8502.8909829342,982664.366334781,2800.31363512713,200.0016000128,200.0016000128,36753.9548056547,243039.989014229,2118496.98442314,7902.49718911176,0,
64.65524,65873.1145450243,9403.53572943427,985257.004585878,2400.23042212052,300.003600043201,200.0016000128,38459.0731363374,245895.017470159,1985382.80786945,7502.25067520256,0,
64.78156,68788.7563474173,8703.02865397158,995740.857817855,2400.23042212052,200.0016000128,100.0004000016,38960.6227289663,219714.149671942,2094426.65526528,6901.90492575951,0,
64.90771,55422.5947796526,8602.95941803981,906628.36630729,2800.31363512713,500.010000200004,300.003600043201,35249.6314811254,231422.608162062,1996121.97465843,6901.90492575951,100.0004000016,
65.03396,62958.150874998,11705.4781637807,989146.932241096,3300.43565750679,200.0016000128,800.025600819226,34547.6757925938,229487.417550035,2132270.90595738,5901.39272868397,100.0004000016,
65.16023,59440.9940378578,10204.1632986258,986121.332318835,2500.2500250025,300.003600043201,400.006400102402,35951.6265357053,233154.346158505,1958595.9100575,7102.01697282028,0,
65.28646,66777.8963157853,9703.76506084361,1051732.38351173,2300.21161946899,400.006400102402,300.003600043201,35149.3496869605,231524.468523169,2124165.88637323,5801.34591225164,0,
65.41272,62053.6448245857,8602.95941803981,1019441.72685831,2700.2916314962,300.003600043201,300.003600043201,36051.9147572504,223785.42428425,1963078.38453849,5701.29989637637,100.0004000016,
65.53902,61048.7146689335,10204.1632986258,953501.056212969,2700.2916314962,400.006400102402,200.0016000128,40565.7164606663,227654.352880393,1861469.34491964,5301.12383825371,200.0016000128,
65.66516,63159.1610859366,8903.16952835209,959353.882065617,2300.21161946899,400.006400102402,500.010000200004,37456.0342272039,225923.369699024,1965225.6450082,5101.04061228491,400.006400102402,
65.79139,57130.2569859279,9803.84310649775,929091.195725226,3000.36004320518,200.0016000128,400.006400102402,37255.4360889003,234275.009185276,2057448.3743885,6401.6388195378,100.0004000016,
65.91769,71001.0750445261,10504.4118529783,1004177.31104325,2600.27042812453,100.0004000016,200.0016000128,39462.1924152464,231320.748623379,2062369.01813395,6401.6388195378,100.0004000016,
66.044,62455.6394535182,10504.4118529783,969924.749546046,2400.23042212052,700.019600548815,200.0016000128,41368.3404985035,225923.369699024,1925904.34565354,5701.29989637637,0,
66.17026,60646.7651717156,10204.1632986258,959677.352362123,2500.2500250025,400.006400102402,300.003600043201,34848.5091247016,229589.26228681,1826773.5752937,6001.44034568296,100.0004000016,
66.29655,55924.8242076314,9903.92195309342,936623.342131036,2800.31363512713,400.006400102402,400.006400102402,39361.8768704403,232237.514079589,1912686.90960556,7102.01697282028,0,
66.42283,66375.7630204782,11505.2924345199,974997.506400239,1800.12960933187,100.0004000016,100.0004000016,42371.6929043942,224396.228851866,1892034.6657806,6101.48876325823,0,
66.54907,57933.9432768561,9703.76506084361,924036.351720734,1500.09000540032,400.006400102402,300.003600043201,40866.6944453348,227450.695470361,1974652.45857772,6701.7960813498,0,
66.67538,65471.0102788483,8903.16952835209,954179.453425744,2900.33643902693,500.010000200004,300.003600043201,40064.1025641026,231422.608162062,2041761.13255222,5301.12383825371,0,
66.80166,62757.1438882963,8402.82334864514,959246.060424818,2300.21161946899,500.010000200004,200.0016000128,38258.4589252378,232746.857009051,1987861.07712845,6801.85010322808,200.0016000128,
66.9279,61249.6942527537,10504.4118529783,958599.149388623,2300.21161946899,100.0004000016,500.010000200004,37456.0342272039,211575.541948028,1970229.1822195,6401.6388195378,100.0004000016,
67.05415,60345.3115101164,6901.90492575951,916833.916634875,1900.14441097523,200.0016000128,100.0004000016,32341.7855869784,213304.556548399,1855731.01299817,5901.39272868397,200.0016000128,
67.18044,54217.3262941004,9703.76506084361,925541.843824536,3200.40965243551,500.010000200004,200.0016000128,37155.1382251261,222971.064207595,2013943.51708578,7802.43435952017,0,
67.30667,54920.3854849831,8302.75651516303,949114.823795131,2500.2500250025,600.014400345608,400.006400102402,37957.5436361524,217068.525870695,1930833.00298178,8102.62525058119,100.0004000016,
67.4329,61852.6523459899,10504.4118529783,959030.419830207,3300.43565750679,100.0004000016,300.003600043201,36954.5449082846,220426.527853439,1916915.02006925,5601.25468104855,0,
67.55911,54719.5074041707,7602.31110257518,948037.498027949,2900.33643902693,200.0016000128,800.025600819226,35951.6265357053,213711.417978788,1919929.36210535,5701.29989637637,0,
67.68531,54819.9460419398,8502.8909829342,918661.021236714,1900.14441097523,300.003600043201,200.0016000128,41268.0096799526,211473.842591659,1882876.68286808,5301.12383825371,200.0016000128,
67.81163,57029.7998244003,10404.3282005314,922208.489212214,2100.17641481884,400.006400102402,200.0016000128,39963.7821963854,212287.460416709,1913090.09641345,4400.77453631839,0,
67.93782,55422.5947796526,9003.24116682005,936838.610615429,3000.36004320518,500.010000200004,300.003600043201,38459.0731363374,209440.027750552,1902085.01919733,5801.34591225164,0,
68.06411,59440.9940378578,7001.96054895371,936623.342131036,2400.23042212052,600.014400345608,200.0016000128,42472.032567234,211677.24212488,1968599.91974145,6101.48876325823,300.003600043201,
68.1904,60144.3464314354,10404.3282005314,957089.815683897,2200.1936170383,500.010000200004,400.006400102402,40264.7457111035,207813.212120723,1899074.67183129,4700.88376614804,0,
68.31677,55422.5947796526,8002.56081946223,922531.034454154,1500.09000540032,100.0004000016,100.0004000016,42371.6929043942,204763.498663139,1813556.13924572,5801.34591225164,100.0004000016,
68.44292,51907.5524486736,7802.43435952017,908668.833322279,2300.21161946899,200.0016000128,300.003600043201,36753.9548056547,186480.703125944,1761896.19809798,4400.77453631839,100.0004000016,
68.56929,54217.3262941004,5601.25468104855,916511.513151075,2200.1936170383,500.010000200004,200.0016000128,39361.8768704403,203543.819889427,1857808.31689635,6801.85010322808,0,
68.6956,50401.4076321559,5401.16665199683,909957.714949009,2100.17641481884,500.010000200004,300.003600043201,39060.9350586916,212897.70824845,1588859.72643007,5301.12383825371,0,
68.82195,49397.4116958642,7402.19104855037,895894.361324378,2000.16001280102,400.006400102402,200.0016000128,35650.7666917691,210965.358116721,1653294.72716397,5101.04061228491,0,
68.94825,49096.2286080718,7902.49718911176,910602.203852181,2600.27042812453,400.006400102402,200.0016000128,76131.134123198,211880.644940076,1601251.07272505,4600.84655576626,0,
69.07461,47289.282164727,7102.01697282028,871872.206767523,2500.2500250025,700.019600548815,400.006400102402,38258.4589252378,191861.215013543,1722306.07088038,4300.73972723308,0,
69.20092,49297.0165285281,7402.19104855037,942221.484310144,2100.17641481884,900.032401166442,200.0016000128,33946.0308177889,204763.498663139,1720207.99715687,6601.74286011507,300.003600043201,
69.32724,50401.4076321559,9503.61137232148,913610.242717239,2200.1936170383,800.025600819226,300.003600043201,34547.6757925938,193485.972267011,1721963.31608876,5401.16665199683,200.0016000128,
69.45356,47490.0411179596,5701.29989637637,899006.306926016,2500.2500250025,300.003600043201,200.0016000128,35149.3496869605,189932.087943091,1540946.52075614,5501.21026625858,0,
69.57984,43676.1712426472,6801.85010322808,916511.513151075,3700.5476810568,400.006400102402,100.0004000016,36252.4936107484,189322.951301986,1676227.42657635,5301.12383825371,0,
69.70613,47389.6612390643,7802.43435952017,904051.393637965,2500.2500250025,500.010000200004,600.014400345608,34347.1242544771,180899.582601409,1621459.87826539,5901.39272868397,0,
69.83243,49999.7996000016,5701.29989637637,920058.392707547,3000.36004320518,200.0016000128,200.0016000128,37355.7347562563,178464.959633885,1665756.4755123,4300.73972723308,100.0004000016,
69.95871,39662.8259162513,7802.43435952017,915329.435667786,3800.57768780855,500.010000200004,200.0016000128,31940.756405173,182522.926168872,1560255.65839687,3800.57768780855,0,
70.08499,39562.5087638469,6401.6388195378,896645.452134712,2400.23042212052,700.019600548815,200.0016000128,33645.2191745706,188307.789030794,1583414.50135894,5501.21026625858,100.0004000016,
70.21126,43475.4734218603,5801.34591225164,877131.24052897,2600.27042812453,300.003600043201,600.014400345608,30637.5003003677,182117.070654977,1507873.89886292,5301.12383825371,0,
70.33755,39662.8259162513,4500.81014582625,899864.906304649,2600.27042812453,400.006400102402,200.0016000128,32341.7855869784,175726.571468853,1503265.20227292,3800.57768780855,0,
70.46378,37255.4360889003,6101.48876325823,878416.986178855,3100.38444767151,500.010000200004,400.006400102402,33645.2191745706,172279.0780099,1612958.16868783,4900.9605882753,100.0004000016,
70.59005,41268.0096799526,5401.16665199683,975753.192939583,2900.33643902693,200.0016000128,600.014400345608,33444.6820952793,171163.914619412,1487091.25120781,5001.00020004001,100.0004000016,
70.71621,32843.0901342561,6201.53798141939,879381.37926751,3200.40965243551,300.003600043201,500.010000200004,29935.8032206519,170961.168254787,1471161.258079,4100.67251029169,0,
70.84246,36252.4936107484,6501.69043951427,900401.559825784,3500.49006860961,500.010000200004,500.010000200004,28432.2990917683,164880.295697409,1444840.29432049,5201.0818250196,0,
70.9686,31439.4879969241,5701.29989637637,914577.260684062,3900.60849492521,300.003600043201,200.0016000128,27931.1711870447,162144.861487425,1449316.76124942,4800.92177698118,0,
71.09483,33244.1482288479,6401.6388195378,899757.578269067,4000.64010241639,500.010000200004,400.006400102402,26528.1198069954,163461.848165684,1427508.2876666,5201.0818250196,0,
71.22106,36051.9147572504,5901.39272868397,912106.135986733,4100.67251029169,600.014400345608,100.0004000016,31238.986254846,171670.794820677,1330312.71985811,4600.84655576626,0,
71.34735,30336.7681630136,5101.04061228491,875952.75258035,4300.73972723308,600.014400345608,100.0004000016,29234.1454819229,162550.073474646,1340410.82611957,4200.70571856072,0,
71.47361,30437.0114058695,5701.29989637637,904051.393637965,3800.57768780855,300.003600043201,500.010000200004,30136.2840860396,152423.687546532,1349516.85525894,5001.00020004001,100.0004000016,
71.59986,31038.4877247787,5501.21026625858,938237.942869475,3500.49006860961,300.003600043201,300.003600043201,28933.4470648069,156777.034478872,1311579.62094486,5501.21026625858,0,
71.72625,30537.255451651,6001.44034568296,895357.894562389,3500.49006860961,300.003600043201,100.0004000016,24924.8251258253,148881.377756317,1293868.69052327,4300.73972723308,0,
71.8525,30437.0114058695,5201.0818250196,872632.136706849,3300.43565750679,700.019600548815,200.0016000128,31339.2367243789,149488.560000644,1326652.68194876,4400.77453631839,100.0004000016,
71.97881,30637.5003003677,4600.84655576626,906306.21668449,3000.36004320518,300.003600043201,300.003600043201,28432.2990917683,151310.282660485,1280269.61454203,5101.04061228491,0,
72.1051,31339.2367243789,5201.0818250196,851119.109450884,5201.0818250196,500.010000200004,300.003600043201,26027.0681508769,148982.572761036,1299068.80257184,5901.39272868397,0,
72.23138,35450.1974796312,6001.44034568296,895036.025174118,4400.77453631839,200.0016000128,500.010000200004,27329.8441898553,138664.875452999,1235261.03035315,5001.00020004001,100.0004000016,
72.35763,28732.9854673165,5801.34591225164,890637.945318973,4400.77453631839,600.014400345608,200.0016000128,26127.2768770597,144733.083629371,1288228.34165443,4100.67251029169,0,
72.48395,31639.9929510902,6101.48876325823,919520.924310852,4700.88376614804,300.003600043201,300.003600043201,28131.6199408135,142811.167431008,1193699.26280453,5001.00020004001,0,
72.61027,34547.6757925938,4800.92177698118,944267.562193598,5601.25468104855,300.003600043201,200.0016000128,31238.986254846,138361.541926765,1193589.48568363,7502.25067520256,0,
72.73649,27830.9480141918,4600.84655576626,891817.77131518,3400.46246289495,600.014400345608,200.0016000128,25225.4272306485,138563.763464215,1137832.10729476,5101.04061228491,100.0004000016,
72.86278,30737.7459520291,4900.9605882753,913287.919432478,4800.92177698118,400.006400102402,100.0004000016,28732.9854673165,146452.941933823,1211165.53714017,6201.53798141939,100.0004000016,
72.98903,31539.7400724913,5001.00020004001,939529.768204362,3800.57768780855,400.006400102402,400.006400102402,29334.3798932349,137350.483039327,1191723.41540073,7102.01697282028,0,
73.1153,30036.0432519023,4800.92177698118,851119.109450884,5301.12383825371,500.010000200004,200.0016000128,25726.4467872973,140282.777900686,1143954.89017447,6601.74286011507,100.0004000016,
73.24157,34647.952766629,5101.04061228491,932533.919754367,4900.9605882753,500.010000200004,200.0016000128,31840.5011174214,145137.735006457,1104971.22187973,6501.69043951427,0,
73.36793,30537.255451651,3600.51847466035,915866.730246926,5701.29989637637,400.006400102402,300.003600043201,30437.0114058695,127042.326000257,1138925.25103824,6301.58800017604,0,
73.49428,45683.3263873305,5101.04061228491,920273.38630746,5601.25468104855,200.0016000128,200.0016000128,28432.2990917683,130073.259189565,1103008.73719908,7402.19104855037,0,
73.62061,36051.9147572504,5301.12383825371,930274.529002493,6201.53798141939,400.006400102402,300.003600043201,28432.2990917683,131892.170108731,1095488.61192877,6801.85010322808,0,
73.74684,36854.249455198,5201.0818250196,935977.558117339,6101.48876325823,200.0016000128,500.010000200004,29735.3255667733,136541.694484439,1075891.27396374,9203.38684635946,0,
73.87316,37255.4360889003,6901.90492575951,986877.666253649,5501.21026625858,400.006400102402,200.0016000128,38057.8479288519,125325.121707075,1060669.23798603,6201.53798141939,100.0004000016,
73.99938,35851.3391176164,6301.58800017604,897289.278936595,5901.39272868397,700.019600548815,200.0016000128,30036.0432519023,122598.27960447,1019116.76546993,6001.44034568296,0,
74.12567,35450.1974796312,4200.70571856072,978668.395806835,6501.69043951427,500.010000200004,400.006400102402,33845.7594667991,127345.386418368,1074585.83127866,6401.6388195378,0,
74.25182,34748.2305439951,6701.7960813498,967874.622946461,5801.34591225164,200.0016000128,500.010000200004,28432.2990917683,138462.652288807,1054259.55878675,7302.132222609,200.0016000128,
74.37805,38860.311202987,6901.90492575951,948791.616671995,6301.58800017604,500.010000200004,300.003600043201,27530.2833116428,119064.365090529,1006341.38628363,5901.39272868397,100.0004000016,
74.50437,35650.7666917691,7402.19104855037,974565.705261408,5801.34591225164,400.006400102402,300.003600043201,30136.2840860396,120477.811584359,1010454.1217206,6901.90492575951,100.0004000016,
74.63064,35450.1974796312,5601.25468104855,912643.296917432,7202.07419736884,200.0016000128,200.0016000128,28231.8455217485,120578.778135048,1005475.71296612,8402.82334864514,0,
74.75689,36051.9147572504,7102.01697282028,1020524.9901122,5601.25468104855,400.006400102402,600.014400345608,31439.4879969241,117146.370672818,1026267.79155666,6901.90492575951,200.0016000128,
74.88327,40164.423735672,6101.48876325823,941037.060403186,7802.43435952017,400.006400102402,100.0004000016,32943.3534531443,108972.942570757,987634.0442164,4900.9605882753,0,
75.00953,36854.249455198,5701.29989637637,1008150.87914678,5201.0818250196,300.003600043201,200.0016000128,32241.5270868879,111999.517849609,927692.85017942,7001.96054895371,100.0004000016,
75.13573,33645.2191745706,8202.69048247825,953856.120126904,6201.53798141939,300.003600043201,200.0016000128,31339.2367243789,108468.584284107,970032.659913073,6701.7960813498,200.0016000128,
75.26205,36252.4936107484,5501.21026625858,991740.864422921,6701.7960813498,300.003600043201,400.006400102402,32241.5270868879,121588.488283291,987742.10180542,5501.21026625858,100.0004000016,
75.38828,38459.0731363374,4300.73972723308,954933.92912019,6801.85010322808,400.006400102402,400.006400102402,32943.3534531443,121689.463762465,946852.542999124,7602.31110257518,100.0004000016,
75.51457,40866.6944453348,6701.7960813498,992821.822325547,6001.44034568296,800.025600819226,400.006400102402,30236.5257230735,113109.44494001,947822.043608948,6301.58800017604,0,
75.64082,37957.5436361524,5801.34591225164,974349.810075554,7001.96054895371,500.010000200004,0,32041.0124959949,104232.774479639,914577.260684062,5301.12383825371,100.0004000016,
75.76706,37656.6355799122,5101.04061228491,919305.943193176,7602.31110257518,300.003600043201,100.0004000016,30136.2840860396,105039.485206102,925434.302875442,7202.07419736884,0,
75.89342,38258.4589252378,4700.88376614804,960108.658630802,5701.29989637637,200.0016000128,500.010000200004,29835.5639922788,102720.331596895,929413.912271458,6801.85010322808,0,
76.01968,38760.0004807442,5801.34591225164,960432.147737704,6901.90492575951,600.014400345608,200.0016000128,30537.255451651,117045.431711777,934255.62462136,8002.56081946223,0,
76.14603,39462.1924152464,4600.84655576626,1010670.61751413,6701.7960813498,500.010000200004,100.0004000016,32341.7855869784,110587.025259242,921778.441375306,5801.34591225164,0,
76.27226,39060.9350586916,5801.34591225164,981800.268547888,9403.53572943427,300.003600043201,400.006400102402,33845.7594667991,108065.112243094,913502.800731383,5601.25468104855,0,
76.39849,38659.6905622281,6701.7960813498,961510.502988689,6301.58800017604,500.010000200004,0,30837.992406645,99796.7920451716,877131.24052897,5201.0818250196,0,
76.52465,38057.8479288519,5401.16665199683,968845.695196387,6501.69043951427,300.003600043201,500.010000200004,32642.5659059413,101611.322634023,876381.281232792,5501.21026625858,100.0004000016,
76.65085,40264.7457111035,5201.0818250196,916189.117688525,6401.6388195378,300.003600043201,100.0004000016,31238.986254846,97075.4879875358,842143.781553257,5401.16665199683,100.0004000016,
76.77708,33444.6820952793,5701.29989637637,880024.347926907,6601.74286011507,300.003600043201,100.0004000016,29835.5639922788,100099.195592021,890316.193253605,7102.01697282028,0,
76.90331,40164.423735672,4500.81014582625,977372.669310124,7702.37233067785,400.006400102402,300.003600043201,31940.756405173,104535.284926434,845990.97664763,4800.92177698118,100.0004000016,
77.02964,34347.1242544771,4900.9605882753,927692.85017942,6701.7960813498,200.0016000128,600.014400345608,35249.6314811254,100905.640675516,868455.798052209,5301.12383825371,200.0016000128,
77.15589,37756.9374616922,6201.53798141939,944052.170375628,6701.7960813498,300.003600043201,200.0016000128,33946.0308177889,100099.195592021,872953.449382154,5301.12383825371,100.0004000016,
77.28214,35951.6265357053,5801.34591225164,933932.787545073,8402.82334864514,100.0004000016,100.0004000016,33544.9502333126,107560.790426186,852084.712111185,4600.84655576626,100.0004000016,
77.40845,40766.3676465285,7001.96054895371,938453.238156502,7001.96054895371,500.010000200004,200.0016000128,28332.0719053969,95060.0876118738,877881.243297629,4000.64010241639,0,
77.53472,36653.6609596449,7302.132222609,939637.426123913,6501.69043951427,600.014400345608,100.0004000016,35450.1974796312,101913.769905818,861498.229004601,2900.33643902693,0,
77.66098,37255.4360889003,7302.132222609,949653.520226198,5801.34591225164,300.003600043201,100.0004000016,31339.2367243789,97881.7387812469,820257.954705071,5501.21026625858,100.0004000016,
77.78729,34046.302972042,4700.88376614804,919604.330595792,6901.90492575951,700.019600548815,300.003600043201,30437.0114058695,93951.7553721132,835947.931263977,4500.81014582625,0,
77.91361,36051.9147572504,6801.85010322808,969493.117045544,7001.96054895371,500.010000200004,200.0016000128,35751.0525029742,101712.13758148,858395.290048448,5201.0818250196,200.0016000128,
78.03982,31639.9929510902,5801.34591225164,961510.502988689,6501.69043951427,400.006400102402,300.003600043201,31639.9929510902,104031.1048987,886348.575215374,4900.9605882753,100.0004000016,
78.16607,40967.0220480706,6301.58800017604,962481.09931376,7001.96054895371,400.006400102402,300.003600043201,31138.7365883159,99897.5924178229,877988.390099289,3900.60849492521,0,
78.2923,37355.7347562563,5801.34591225164,986445.470042826,7001.96054895371,700.019600548815,100.0004000016,33344.4147604609,94556.2880935365,877881.243297629,3700.5476810568,0,
78.41859,34447.3996218797,6101.48876325823,957628.843286527,8703.02865397158,200.0016000128,500.010000200004,32241.5270868879,98083.3095738145,837656.834576986,3300.43565750679,0,
78.54491,36553.3679171591,4100.67251029169,925326.762818519,7702.37233067785,600.014400345608,700.019600548815,30136.2840860396,103526.945121682,878845.596455633,3300.43565750679,100.0004000016,
78.67112,29935.8032206519,5601.25468104855,933502.350612653,6701.7960813498,0,300.003600043201,35149.3496869605,94657.0463789414,831142.852419448,3600.51847466035,100.0004000016,
78.79733,30136.2840860396,4900.9605882753,924143.881072472,5901.39272868397,1100.04840212969,300.003600043201,31138.7365883159,102216.224466026,852405.514628325,4000.64010241639,100.0004000016,
78.92359,28732.9854673165,4400.77453631839,916296.581951476,6201.53798141939,200.0016000128,300.003600043201,33544.9502333126,94657.0463789414,847594.312702128,4100.67251029169,100.0004000016,
79.04978,30537.255451651,4300.73972723308,941683.096399294,5201.0818250196,300.003600043201,100.0004000016,31339.2367243789,99998.3936001028,880988.860822394,4600.84655576626,0,
79.17604,27931.1711870447,4000.64010241639,921993.463510128,5101.04061228491,400.006400102402,300.003600043201,32843.0901342561,91130.9877474989,826126.122403441,3700.5476810568,0,
79.30239,30637.5003003677,4900.9605882753,926294.655449915,7102.01697282028,400.006400102402,300.003600043201,30637.5003003677,94959.3260899243,848556.409821624,3800.57768780855,0,
79.42862,32041.0124959949,4900.9605882753,927477.733482123,5901.39272868397,600.014400345608,500.010000200004,31639.9929510902,103526.945121682,890637.945318973,3700.5476810568,100.0004000016,
79.5549,30336.7681630136,4900.9605882753,958383.519541471,6201.53798141939,500.010000200004,200.0016000128,31038.4877247787,104434.447300771,861498.229004601,5001.00020004001,100.0004000016,
79.68122,29234.1454819229,5401.16665199683,931995.933863038,5301.12383825371,400.006400102402,300.003600043201,30336.7681630136,98385.6718335877,875845.622634948,3500.49006860961,100.0004000016,
79.80753,28031.3951625821,3100.38444767151,907702.256249974,7302.132222609,100.0004000016,800.025600819226,34848.5091247016,98385.6718335877,851122.352328049,3900.60849492521,100.0004000016,
79.93384,29434.6151073663,4200.70571856072,925541.843824536,8202.69048247825,900.032401166442,100.0004000016,30837.992406645,97176.2665039031,863424.565701375,4200.70571856072,0,
80.06016,26427.9078707115,4800.92177698118,899972.235229764,5901.39272868397,500.010000200004,300.003600043201,30737.7459520291,95664.6737362827,842678.045714664,4900.9605882753,0,
80.18642,25926.8602271954,2800.31363512713,864708.949603132,6801.85010322808,900.032401166442,0,29935.8032206519,96370.061034372,829114.577952268,3400.46246289495,0,
80.31271,22820.8125810739,2700.2916314962,903729.308101029,4600.84655576626,500.010000200004,300.003600043201,35851.3391176164,97176.2665039031,835947.931263977,3800.57768780855,0,
80.43899,25826.6531060054,5201.0818250196,878631.289542549,6701.7960813498,600.014400345608,100.0004000016,32843.0901342561,89519.4052378888,851870.848189542,3300.43565750679,0,
80.56528,25726.4467872973,4200.70571856072,905125.069943838,6201.53798141939,400.006400102402,100.0004000016,34848.5091247016,94254.0180919534,861177.20078618,3200.40965243551,0,
80.69156,23822.6791905894,4000.64010241639,907917.044922255,6101.48876325823,200.0016000128,100.0004000016,31339.2367243789,93145.7570501702,818658.008121517,3800.57768780855,0,
80.81784,24223.4482979524,2800.31363512713,891495.989925101,6701.7960813498,200.0016000128,100.0004000016,34246.8496903764,103325.286880801,899542.924866462,3300.43565750679,0,
80.94408,22319.9093591484,3000.36004320518,897396.586515951,7102.01697282028,100.0004000016,200.0016000128,32241.5270868879,106653.062208261,871454.058506741,2700.2916314962,0,
81.07036,23121.3641404658,4200.70571856072,894928.737156115,6601.74286011507,400.006400102402,500.010000200004,28031.3951625821,105846.247780643,884204.423092852,2900.33643902693,0,
81.19659,23121.3641404658,3300.43565750679,895894.361324378,6301.58800017604,100.0004000016,300.003600043201,29835.5639922788,101308.882650377,862996.466080163,3100.38444767151,0,
81.32285,23522.1107841371,5701.29989637637,887742.464595923,5501.21026625858,400.006400102402,100.0004000016,33745.4889190629,100804.83220614,887313.559567744,4000.64010241639,0,
81.44909,22219.7311212357,4300.73972723308,912428.429872677,6001.44034568296,0,100.0004000016,36553.3679171591,91634.6497408536,916189.117688525,4400.77453631839,0,
81.57529,24924.8251258253,4200.70571856072,872739.240045205,6001.44034568296,200.0016000128,300.003600043201,36252.4936107484,103829.438557875,883454.05376304,3800.57768780855,0,
81.70152,22319.9093591484,4000.64010241639,900294.227342423,7802.43435952017,200.0016000128,400.006400102402,32041.0124959949,101409.695168481,886991.890123181,4200.70571856072,0,
81.82781,23622.2994506814,2500.2500250025,826215.392670918,5801.34591225164,500.010000200004,100.0004000016,31439.4879969241,94657.0463789414,826019.40463794,4000.64010241639,0,
81.954,21919.201220269,4300.73972723308,856576.671989674,6601.74286011507,200.0016000128,600.014400345608,33043.6175751993,103224.458975306,876488.415613666,4500.81014582625,0,
82.08027,22219.7311212357,3700.5476810568,880560.179548974,5501.21026625858,600.014400345608,100.0004000016,36252.4936107484,96571.6075458364,854865.26512613,4700.88376614804,0,
82.20649,25626.2412710616,3300.43565750679,874238.779895096,6901.90492575951,200.0016000128,300.003600043201,30737.7459520291,94657.0463789414,860535.168258986,4700.88376614804,0,
82.33272,21117.8234429859,3200.40965243551,900079.565044424,6701.7960813498,500.010000200004,400.006400102402,33745.4889190629,105140.327692376,775161.31972634,4500.81014582625,100.0004000016,
82.45895,22420.0883992057,3800.57768780855,879702.859603647,5701.29989637637,300.003600043201,100.0004000016,32241.5270868879,97377.8259647432,856255.765945036,4900.9605882753,0,
82.58515,21518.505915087,3900.60849492521,898362.394749055,7402.19104855037,300.003600043201,400.006400102402,35851.3391176164,97478.6069092355,874560.132477748,6301.58800017604,0,
82.71132,24123.2548176442,2900.33643902693,918446.05438312,8102.62525058119,500.010000200004,300.003600043201,32341.7855869784,103728.606602481,901904.308004724,4600.84655576626,0,
82.83755,25526.0365572884,2500.2500250025,957952.270594001,6201.53798141939,0,200.0016000128,35149.3496869605,112201.315477554,903514.588859416,4200.70571856072,0,
82.96378,23021.1794851263,2700.2916314962,933502.350612653,8502.8909829342,300.003600043201,200.0016000128,29434.6151073663,103123.631879762,880345.844237586,5001.00020004001,0,
83.09006,22019.3770518056,3400.46246289495,886241.359172634,6401.6388195378,200.0016000128,100.0004000016,32642.5659059413,95765.4409225605,858502.2755482,4300.73972723308,0,
83.21636,19114.6035571176,3400.46246289495,901045.573407707,5801.34591225164,300.003600043201,400.006400102402,33444.6820952793,95362.3770327244,855079.178594477,5301.12383825371,0,
83.3426,23221.549598027,4200.70571856072,936946.246197644,5701.29989637637,100.0004000016,200.0016000128,34246.8496903764,103627.775457087,846311.627945446,4900.9605882753,0,
83.46892,22019.3770518056,3000.36004320518,882060.626138811,4600.84655576626,400.006400102402,400.006400102402,32241.5270868879,92339.8105026498,824098.635661221,3100.38444767151,0,
83.59512,21418.3340939844,3800.57768780855,876809.824079096,6301.58800017604,200.0016000128,200.0016000128,34246.8496903764,93750.2509375025,870276.087586407,5201.0818250196,200.0016000128,
83.72145,20817.3200102485,3100.38444767151,911998.706473025,5601.25468104855,100.0004000016,400.006400102402,33745.4889190629,110486.139011651,856255.765945036,5101.04061228491,700.019600548815,
83.84776,22820.8125810739,4100.67251029169,904266.121779064,6601.74286011507,400.006400102402,300.003600043201,33645.2191745706,105543.705738926,843960.369837411,6301.58800017604,0,
83.97399,21017.6548300572,3500.49006860961,901152.912118424,6701.7960813498,600.014400345608,400.006400102402,33143.8825004306,98284.883604194,830395.556345392,5101.04061228491,0,
84.10026,20717.1538033492,3400.46246289495,882167.807552624,6001.44034568296,100.0004000016,200.0016000128,31238.986254846,99292.8023260017,817591.487217194,4600.84655576626,0,
84.22651,20216.3347985172,2400.23042212052,913932.574020557,5901.39272868397,300.003600043201,300.003600043201,35249.6314811254,102014.587282717,836054.731098342,5401.16665199683,0,
84.35274,20316.4969955604,4200.70571856072,898791.665976032,6301.58800017604,300.003600043201,200.0016000128,32542.3049964954,94354.7739500522,807890.194653431,4500.81014582625,0,
84.47905,20316.4969955604,5201.0818250196,920058.392707547,4100.67251029169,100.0004000016,200.0016000128,32642.5659059413,96370.061034372,846739.175385633,5001.00020004001,0,
84.60525,23221.549598027,3400.46246289495,925434.302875442,5801.34591225164,200.0016000128,200.0016000128,32542.3049964954,93649.4999337528,846952.95441011,4100.67251029169,0,
84.73144,22920.9956319989,3800.57768780855,904695.588741198,5501.21026625858,500.010000200004,600.014400345608,29935.8032206519,95966.977722812,793085.802247506,3500.49006860961,0,
84.85773,20416.6599945556,4100.67251029169,885919.716373155,4900.9605882753,300.003600043201,300.003600043201,30136.2840860396,91533.9157245632,816418.415987179,3600.51847466035,0,
84.98396,20316.4969955604,3600.51847466035,902548.396321424,5901.39272868397,300.003600043201,400.006400102402,28131.6199408135,88411.5623457063,816098.505970747,4200.70571856072,200.0016000128,
85.11023,22219.7311212357,2600.27042812453,950838.731107789,5301.12383825371,0,200.0016000128,30637.5003003677,99192.0068109167,815245.451353751,4200.70571856072,0,
85.23639,19415.0660912868,2700.2916314962,919735.90899477,5301.12383825371,200.0016000128,200.0016000128,29033.6790677186,91433.1825170923,816098.505970747,3200.40965243551,0,
85.36255,21819.0261908384,2500.2500250025,1241969.10891425,5201.0818250196,600.014400345608,100.0004000016,32642.5659059413,98385.6718335877,828474.136399139,3700.5476810568,0,
85.48878,19915.8530190031,3100.38444767151,940929.390865472,4700.88376614804,100.0004000016,200.0016000128,30938.239664225,93347.251776609,786700.663852822,2900.33643902693,0,
85.61505,15910.1188355794,3200.40965243551,933071.927968299,5001.00020004001,400.006400102402,200.0016000128,28432.2990917683,96168.5177600565,769795.325977603,4300.73972723308,0,
85.74137,19815.6940296715,3700.5476810568,862140.309352578,4800.92177698118,400.006400102402,100.0004000016,27530.2833116428,88210.1468764175,1288163.05633854,2700.2916314962,0,
85.86768,19515.221873061,2600.27042812453,899972.235229764,4700.88376614804,300.003600043201,300.003600043201,27830.9480141918,84585.2213664477,778936.340463443,3400.46246289495,100.0004000016,
85.99392,18012.9693379233,4000.64010241639,921240.901644444,4900.9605882753,400.006400102402,0,31138.7365883159,97176.2665039031,819297.962960668,2400.23042212052,0,
86.1202,21217.9928579435,3300.43565750679,927477.733482123,7302.132222609,300.003600043201,100.0004000016,29334.3798932349,96370.061034372,810767.8393703,3800.57768780855,0,
86.24646,18313.4054127621,4000.64010241639,966903.623317864,4500.81014582625,600.014400345608,500.010000200004,30737.7459520291,96168.5177600565,823565.139426593,3700.5476810568,0,
86.37267,18113.1138944596,3200.40965243551,937269.158304491,4600.84655576626,0,0,30437.0114058695,91231.7185285699,767670.437679343,4100.67251029169,0,
86.49898,15910.1188355794,3200.40965243551,912643.296917432,4100.67251029169,300.003600043201,100.0004000016,27229.6258329062,91231.7185285699,756838.955879565,2700.2916314962,0,
86.62534,19815.6940296715,2100.17641481884,916833.916634875,4600.84655576626,400.006400102402,200.0016000128,29334.3798932349,98990.4182094179,742411.137196754,2800.31363512713,0,
86.75167,19615.3784567101,3300.43565750679,909635.482520324,5201.0818250196,100.0004000016,300.003600043201,26528.1198069954,90425.8949253108,781275.781275781,2400.23042212052,0,
86.87791,17412.118834709,2600.27042812453,946098.53705518,4200.70571856072,500.010000200004,600.014400345608,27129.408278574,89116.5419570314,778192.061966649,2600.27042812453,0,
87.0042,16811.2971917128,2200.1936170383,905876.696316806,5201.0818250196,500.010000200004,200.0016000128,27830.9480141918,90325.1706142112,755671.398842025,2000.16001280102,0,
87.13045,16811.2971917128,3500.49006860961,923498.718342223,3500.49006860961,500.010000200004,200.0016000128,30938.239664225,87102.4196008542,785955.936958495,1700.11560786133,0,
87.2567,18613.8487034354,3500.49006860961,998011.67206732,4800.92177698118,300.003600043201,200.0016000128,30236.5257230735,91936.856642739,777235.195618282,2500.2500250025,0,
87.38297,13206.9732818928,2000.16001280102,964422.509700308,4700.88376614804,400.006400102402,400.006400102402,24724.4277346018,87605.9198721937,759811.396964876,2800.31363512713,0,
87.5093,17311.9798900839,2700.2916314962,988498.530090523,4400.77453631839,100.0004000016,500.010000200004,30136.2840860396,86901.0251511235,758431.249716657,2400.23042212052,0,
87.63555,16210.5044068556,2500.2500250025,940391.056583256,5201.0818250196,300.003600043201,300.003600043201,27029.191526849,86598.9395392896,755565.26254193,1900.14441097523,0,
87.76176,15910.1188355794,3200.40965243551,921993.463510128,4000.64010241639,300.003600043201,52309.2216548153,26628.3325458288,90023.0025330887,772558.20474545,1700.11560786133,0,
87.88797,15709.8657957197,2800.31363512713,923606.243233939,5101.04061228491,800.025600819226,300.003600043201,27630.5040765005,86901.0251511235,743789.568204566,2500.2500250025,0,
88.01435,13907.7326993809,2000.16001280102,966795.738952686,4500.81014582625,300.003600043201,200.0016000128,29835.5639922788,89922.281456741,748774.358340543,2500.2500250025,100.0004000016,
88.14066,16410.7654621432,2800.31363512713,924143.881072472,5501.21026625858,400.006400102402,200.0016000128,27329.8441898553,79753.6165004715,718894.540187316,1800.12960933187,0,
88.26696,17812.6826300326,1900.14441097523,906735.751295337,4700.88376614804,500.010000200004,400.006400102402,28632.7558727184,85793.4134740814,782339.303835587,3000.36004320518,0,
88.3932,18012.9693379233,2500.2500250025,961186.987006945,5501.21026625858,200.0016000128,200.0016000128,28131.6199408135,97780.9545991182,795640.743079545,2900.33643902693,0,
88.51948,14908.8856958747,3400.46246289495,953317.249197523,5401.16665199683,200.0016000128,200.0016000128,27730.7256440136,87001.7219717982,753230.485232068,3100.38444767151,0,
88.64574,16410.7654621432,2100.17641481884,937807.363017252,4400.77453631839,300.003600043201,100.0004000016,28632.7558727184,95160.8499429838,739760.723184317,3400.46246289495,0,
88.77195,17311.9798900839,3200.40965243551,929091.195725226,6501.69043951427,500.010000200004,200.0016000128,26427.9078707115,89015.8281583057,740608.796286763,3000.36004320518,0,
88.89825,16310.634533716,2200.1936170383,892032.296685406,5301.12383825371,700.019600548815,100.0004000016,24223.4482979524,88008.734641121,783083.821836828,3500.49006860961,0,
89.02457,15609.7404780583,3100.38444767151,938560.887140284,5101.04061228491,500.010000200004,200.0016000128,29133.9118734207,86095.4796862833,735627.166939807,1900.14441097523,0,
89.15084,18012.9693379233,1900.14441097523,914684.711579925,5401.16665199683,400.006400102402,300.003600043201,29033.6790677186,87807.3256397391,784892.116011387,3800.57768780855,0,
89.27709,19014.4509827469,2900.33643902693,949438.038969828,4300.73972723308,300.003600043201,0,25726.4467872973,94455.5306172433,725775.580682206,2200.1936170383,0,
89.4034,16611.0297237366,4100.67251029169,901689.619017228,5001.00020004001,300.003600043201,200.0016000128,27430.063349431,90123.7244181099,747501.462458083,3200.40965243551,0,
89.52967,14107.9568876847,1900.14441097523,880453.011449512,5801.34591225164,600.014400345608,400.006400102402,25526.0365572884,87505.2182010854,769051.575210585,3100.38444767151,0,
89.65594,15910.1188355794,3400.46246289495,914254.913342732,5301.12383825371,400.006400102402,100.0004000016,26027.0681508769,87706.6223517417,803628.196553461,2000.16001280102,0,
89.78224,16811.2971917128,2400.23042212052,936192.81588208,6101.48876325823,100.0004000016,100.0004000016,26427.9078707115,95765.4409225605,774896.488015704,4600.84655576626,0,
89.90847,16510.8971921468,2200.1936170383,940391.056583256,6001.44034568296,100.0004000016,500.010000200004,23522.1107841371,93548.7497390271,791914.956834651,3100.38444767151,0,
90.03476,18313.4054127621,3900.60849492521,942221.484310144,6001.44034568296,100.0004000016,300.003600043201,25726.4467872973,88210.1468764175,736263.012254579,2400.23042212052,0,
90.16102,18413.5523745477,2200.1936170383,922208.489212214,5101.04061228491,200.0016000128,900.032401166442,29033.6790677186,85994.790140602,777660.460780836,3600.51847466035,0,
90.28722,22119.5536854579,4000.64010241639,943621.397468733,4400.77453631839,400.006400102402,400.006400102402,31038.4877247787,95866.208918067,812686.625724304,3600.51847466035,0,
90.41354,22420.0883992057,2900.33643902693,965824.820004902,3900.60849492521,400.006400102402,200.0016000128,24524.0335528818,88310.854206808,799793.601651187,3600.51847466035,0,
90.53972,17211.841747122,3900.60849492521,936515.709228835,4800.92177698118,400.006400102402,300.003600043201,30437.0114058695,96269.2889925755,822284.838393813,4100.67251029169,0,
90.666,21618.6785382571,2500.2500250025,945667.696190761,4700.88376614804,500.010000200004,200.0016000128,30938.239664225,92541.2922859506,843746.640312937,3500.49006860961,100.0004000016,
90.79221,19915.8530190031,4300.73972723308,944806.05738576,4800.92177698118,500.010000200004,100.0004000016,30737.7459520291,90425.8949253108,822391.525297681,4100.67251029169,0,
90.91844,17011.567866149,2900.33643902693,923928.823261023,7102.01697282028,500.010000200004,200.0016000128,28933.4470648069,91433.1825170923,830929.334843237,3100.38444767151,0,
91.04467,19915.8530190031,4000.64010241639,921240.901644444,5101.04061228491,100.0004000016,0,24223.4482979524,88713.6916135455,824418.74398291,3000.36004320518,0,
91.17088,20917.487019148,2600.27042812453,860803.888198649,5101.04061228491,300.003600043201,400.006400102402,29033.6790677186,90627.3459736568,792872.913356581,2700.2916314962,0,
91.29712,17211.841747122,2700.2916314962,944267.562193598,4800.92177698118,500.010000200004,500.010000200004,28231.8455217485,95463.1417913744,835413.945336398,3700.5476810568,0,
91.42341,17412.118834709,3600.51847466035,934363.238766271,6001.44034568296,600.014400345608,200.0016000128,24824.6260290208,88512.2712931221,819724.617145123,2200.1936170383,0,
91.54969,16611.0297237366,2800.31363512713,917586.222625845,3500.49006860961,200.0016000128,300.003600043201,28532.5270808722,92642.0343909715,825272.404973328,3400.46246289495,0,
91.67603,16711.163056922,2500.2500250025,935654.678169648,5901.39272868397,200.0016000128,100.0004000016,27730.7256440136,92742.777304919,858288.305433964,2500.2500250025,0,
91.80225,18713.9980705568,3500.49006860961,907594.863249351,5501.21026625858,200.0016000128,200.0016000128,27530.2833116428,97881.7387812469,807890.194653431,3100.38444767151,0,
91.92851,17111.7044058136,2500.2500250025,924143.881072472,5501.21026625858,400.006400102402,300.003600043201,26227.4864057532,89217.2565643428,804373.944601106,2300.21161946899,0,
92.0548,18313.4054127621,2200.1936170383,872417.932690318,5201.0818250196,400.006400102402,0,27329.8441898553,102317.044272455,881846.265974276,3200.40965243551,0,
92.18101,19715.5358422437,2700.2916314962,982124.298482644,5701.29989637637,200.0016000128,400.006400102402,27931.1711870447,99393.5986506566,850694.6598669,3100.38444767151,0,
92.3072,18012.9693379233,2700.2916314962,911354.148096863,5201.0818250196,100.0004000016,400.006400102402,26427.9078707115,95261.6130832641,864066.741706946,2000.16001280102,100.0004000016,
92.43356,17612.3991289868,2100.17641481884,931242.791114504,7202.07419736884,500.010000200004,100.0004000016,26227.4864057532,103728.606602481,873596.098675686,3400.46246289495,0,
92.5598,20817.3200102485,3300.43565750679,913180.480119408,5701.29989637637,300.003600043201,300.003600043201,28432.2990917683,98788.8328460822,858716.249203552,3200.40965243551,0,
92.68605,15209.2472223112,3500.49006860961,918446.05438312,6701.7960813498,100.0004000016,100.0004000016,27329.8441898553,95966.977722812,838618.192040879,3600.51847466035,0,
92.81231,19515.221873061,3200.40965243551,897289.278936595,6001.44034568296,100.0004000016,100.0004000016,25626.2412710616,100099.195592021,880024.347926907,3100.38444767151,0,
92.93862,17912.8255831175,3600.51847466035,900830.898655229,6101.48876325823,400.006400102402,0,30437.0114058695,97377.8259647432,831335.422930253,2800.31363512713,100.0004000016,
93.06489,17111.7044058136,2800.31363512713,869098.223931192,4500.81014582625,300.003600043201,200.0016000128,24123.2548176442,97780.9545991182,893641.350280894,2400.23042212052,0,
93.19117,18613.8487034354,2700.2916314962,876916.962008546,4500.81014582625,600.014400345608,0,23722.4889194957,96269.2889925755,864923.025989075,2400.23042212052,0,
93.31745,17111.7044058136,1700.11560786133,847273.629577552,6701.7960813498,300.003600043201,300.003600043201,28031.3951625821,97075.4879875358,851336.203865705,3200.40965243551,0,
93.44369,20216.3347985172,3400.46246289495,894499.593974246,4700.88376614804,200.0016000128,500.010000200004,29133.9118734207,102216.224466026,928338.221689366,2300.21161946899,0,
93.56989,18213.259252736,2600.27042812453,899542.924866462,5901.39272868397,200.0016000128,400.006400102402,25425.8326459683,99292.8023260017,901045.573407707,1800.12960933187,0,
93.69612,18713.9980705568,1700.11560786133,887528.010305307,6801.85010322808,200.0016000128,200.0016000128,31840.5011174214,95765.4409225605,902441.046044179,2400.23042212052,0,
93.82227,14808.7667899396,3100.38444767151,912750.731776081,5201.0818250196,300.003600043201,400.006400102402,28131.6199408135,103526.945121682,863103.489656828,3000.36004320518,0,
93.94851,14808.7667899396,3000.36004320518,840861.637690447,4200.70571856072,300.003600043201,100.0004000016,26728.5460872212,98083.3095738145,842143.781553257,2300.21161946899,0,
94.07479,20116.1734034163,2600.27042812453,903085.161055022,5101.04061228491,500.010000200004,300.003600043201,27329.8441898553,108972.942570757,920595.883394644,3100.38444767151,0,
94.20112,18814.1482394761,2100.17641481884,906198.8352573,5601.25468104855,200.0016000128,200.0016000128,27830.9480141918,97579.3886631222,874345.896535736,2800.31363512713,0,
94.32742,18113.1138944596,2100.17641481884,870169.004640074,5101.04061228491,600.014400345608,100.0004000016,27329.8441898553,102821.155452734,884418.822321066,2400.23042212052,0,
94.45374,17311.9798900839,2600.27042812453,851870.848189542,4900.9605882753,200.0016000128,300.003600043201,27029.191526849,109073.816659569,890101.696319463,1500.09000540032,0,
94.58004,18113.1138944596,2700.2916314962,921993.463510128,4700.88376614804,100.0004000016,300.003600043201,33845.7594667991,105342.01509534,957952.270594001,3000.36004320518,0,
94.70625,19515.221873061,2500.2500250025,944913.759106665,4700.88376614804,400.006400102402,100.0004000016,33143.8825004306,109376.443789146,942867.579302158,3900.60849492521,0,
94.83244,15509.6159618964,2800.31363512713,895357.894562389,5801.34591225164,200.0016000128,300.003600043201,30036.0432519023,100704.02454648,893641.350280894,3100.38444767151,0,
94.95872,16711.163056922,2900.33643902693,873703.209995115,4000.64010241639,400.006400102402,300.003600043201,30938.239664225,102821.155452734,879595.698604158,2300.21161946899,100.0004000016,
95.085,17011.567866149,2600.27042812453,903621.948035262,4900.9605882753,200.0016000128,300.003600043201,33043.6175751993,108972.942570757,940606.387614917,2400.23042212052,0,
95.21129,15809.9919148902,2100.17641481884,888814.789347892,3300.43565750679,900.032401166442,0,32141.2693898966,103627.775457087,885919.716373155,2400.23042212052,0,
95.33749,16711.163056922,2600.27042812453,834132.46916438,5101.04061228491,200.0016000128,300.003600043201,31038.4877247787,96168.5177600565,882918.102305857,3700.5476810568,0,
95.46373,18814.1482394761,3300.43565750679,888493.082594648,6801.85010322808,200.0016000128,400.006400102402,32943.3534531443,99192.0068109167,887635.237006478,3100.38444767151,0,
95.59001,14908.8856958747,3400.46246289495,885383.662802497,3500.49006860961,0,100.0004000016,30537.255451651,108670.325167324,900294.227342423,2300.21161946899,0,
95.7163,18213.259252736,3600.51847466035,870704.428236736,4700.88376614804,0,500.010000200004,33745.4889190629,100704.02454648,892461.358090669,1500.09000540032,0,
95.84254,20116.1734034163,3100.38444767151,894821.450027138,6701.7960813498,400.006400102402,400.006400102402,30236.5257230735,104736.962608001,881739.087223531,1400.07840439065,100.0004000016,
95.96876,14908.8856958747,2900.33643902693,847273.629577552,6301.58800017604,200.0016000128,100.0004000016,30437.0114058695,100300.802004811,866314.60888063,1500.09000540032,0,
96.09505,13907.7326993809,1900.14441097523,901904.308004724,5801.34591225164,0,400.006400102402,32642.5659059413,108569.454320482,884311.622262993,2900.33643902693,0,
96.22131,17712.5404786589,1900.14441097523,885705.292280676,5501.21026625858,600.014400345608,500.010000200004,32141.2693898966,110788.800186422,881096.033359698,1900.14441097523,0,
96.34751,15910.1188355794,2800.31363512713,883882.830909912,4500.81014582625,300.003600043201,400.006400102402,30036.0432519023,100300.802004811,878416.986178855,1900.14441097523,0,
96.47383,16110.3750815525,2100.17641481884,906091.454720297,5101.04061228491,300.003600043201,200.0016000128,33645.2191745706,101510.508496359,898362.394749055,2700.2916314962,0,
96.60004,14208.0701838644,2900.33643902693,894714.163787175,6101.48876325823,400.006400102402,0,30537.255451651,106451.353739857,869312.372981676,2700.2916314962,0,
96.72622,16210.5044068556,2700.2916314962,905984.075073469,5201.0818250196,500.010000200004,100.0004000016,33344.4147604609,106350.500721054,892354.091406224,1800.12960933187,0,
96.8525,14908.8856958747,2500.2500250025,871454.058506741,4800.92177698118,300.003600043201,200.0016000128,29334.3798932349,104837.802663925,844494.709115043,1700.11560786133,0,
96.97873,15809.9919148902,3000.36004320518,833598.558278532,5501.21026625858,600.014400345608,300.003600043201,29835.5639922788,104434.447300771,858181.321704737,2000.16001280102,0,
97.10493,14107.9568876847,2400.23042212052,849518.578565993,4400.77453631839,900.032401166442,0,30537.255451651,101812.953338742,893426.798246704,1500.09000540032,0,
97.23115,14508.4148806308,3300.43565750679,879488.538492116,5001.00020004001,300.003600043201,0,30136.2840860396,109174.691558898,851336.203865705,2100.17641481884,100.0004000016,
97.35731,14808.7667899396,2700.2916314962,878524.137417033,5501.21026625858,300.003600043201,300.003600043201,32341.7855869784,106249.648512505,833278.222339792,2400.23042212052,0,
97.48363,13006.7635170289,3100.38444767151,879595.698604158,3600.51847466035,500.010000200004,200.0016000128,30136.2840860396,98385.6718335877,817804.78434904,2200.1936170383,0,
97.60989,13707.5117164206,1600.10240655402,862568.380630798,5101.04061228491,0,900.032401166442,29534.8511243267,103930.271323278,868669.936466547,1600.10240655402,0,
97.73617,14608.5313823273,2500.2500250025,890852.451138783,5401.16665199683,300.003600043201,100.0004000016,29735.3255667733,100099.195592021,830822.577378812,3000.36004320518,200.0016000128,
97.86245,14208.0701838644,2500.2500250025,918338.572293503,5601.25468104855,300.003600043201,300.003600043201,31940.756405173,98385.6718335877,860428.165937058,1800.12960933187,0,
97.9887,12706.4548790786,2200.1936170383,890208.944342264,5301.12383825371,500.010000200004,500.010000200004,28833.2158646761,100199.998393587,853047.143548527,2400.23042212052,0,
98.11501,14508.4148806308,2200.1936170383,910602.203852181,3900.60849492521,600.014400345608,200.0016000128,29434.6151073663,104232.774479639,866956.928412679,1800.12960933187,0,
98.24137,17311.9798900839,3000.36004320518,905876.696316806,5201.0818250196,300.003600043201,200.0016000128,31238.986254846,99695.9924821391,835200.35714581,1600.10240655402,0,
98.36763,15809.9919148902,3000.36004320518,884204.423092852,5701.29989637637,400.006400102402,200.0016000128,32041.0124959949,104031.1048987,810661.248492657,2100.17641481884,100.0004000016,
98.49393,12306.0545788528,2200.1936170383,905339.815885569,5001.00020004001,200.0016000128,400.006400102402,30637.5003003677,99292.8023260017,807250.805186225,1300.06760351538,0,
98.62012,14908.8856958747,2700.2916314962,894606.878436214,5801.34591225164,400.006400102402,0,32442.0448901777,104636.123362174,837336.397985928,1900.14441097523,0,
98.74644,12706.4548790786,2200.1936170383,913717.685594046,5601.25468104855,500.010000200004,200.0016000128,30036.0432519023,93649.4999337528,849411.66739045,1500.09000540032,0,
98.87268,12706.4548790786,2200.1936170383,919843.402674098,5801.34591225164,500.010000200004,100.0004000016,33544.9502333126,101510.508496359,865351.189392309,2000.16001280102,0,
98.99892,12105.8592358702,2800.31363512713,908776.235226816,5201.0818250196,400.006400102402,200.0016000128,31539.7400724913,97579.3886631222,825379.116565431,2700.2916314962,0,
99.12517,13707.5117164206,2800.31363512713,905125.069943838,5201.0818250196,400.006400102402,200.0016000128,28833.2158646761,102720.331596895,830502.310280127,1300.06760351538,0,
99.25147,14608.5313823273,2300.21161946899,892461.358090669,5001.00020004001,100.0004000016,200.0016000128,28833.2158646761,94455.5306172433,813752.741420541,2700.2916314962,0,
99.37774,15209.2472223112,3400.46246289495,926187.108255313,5901.39272868397,400.006400102402,500.010000200004,29434.6151073663,92944.2655596329,830395.556345392,2000.16001280102,0,
99.50398,14608.5313823273,1800.12960933187,906735.751295337,6401.6388195378,400.006400102402,100.0004000016,27029.191526849,99393.5986506566,812686.625724304,1900.14441097523,0,
99.63029,13006.7635170289,2300.21161946899,911568.997325926,5101.04061228491,300.003600043201,100.0004000016,30637.5003003677,94254.0180919534,796492.502507419,2000.16001280102,0,
99.75648,16010.246557797,2400.23042212052,908454.032184518,4800.92177698118,100.0004000016,300.003600043201,32041.0124959949,100401.606425703,826659.724460533,2000.16001280102,0,
99.88277,13106.8679988314,2200.1936170383,933394.743612086,4300.73972723308,400.006400102402,500.010000200004,27430.063349431,96168.5177600565,804587.023389278,2400.23042212052,0,
100.00897,12406.1534521122,1800.12960933187,944375.259443753,5401.16665199683,500.010000200004,500.010000200004,29033.6790677186,91936.856642739,811194.211684831,2400.23042212052,0,
100.13525,13707.5117164206,2600.27042812453,889779.957582184,3900.60849492521,200.0016000128,100.0004000016,31639.9929510902,92843.5210278029,793511.590572368,1900.14441097523,100.0004000016,
100.26158,17011.567866149,2300.21161946899,928983.625328261,5101.04061228491,300.003600043201,100.0004000016,30036.0432519023,96672.3820155238,785317.633856741,1700.11560786133,0,
100.38789,13206.9732818928,1900.14441097523,902548.396321424,4500.81014582625,0,300.003600043201,29234.1454819229,92742.777304919,821324.69592808,1600.10240655402,0,
100.51412,13507.2939387269,1400.07840439065,916081.65431679,4300.73972723308,200.0016000128,200.0016000128,32341.7855869784,95060.0876118738,795321.347795222,1000.04000160006,0,
100.6404,12005.7627661277,2000.16001280102,921885.951996815,4900.9605882753,200.0016000128,300.003600043201,31840.5011174214,91231.7185285699,814818.945185846,1000.04000160006,0,
100.76662,15910.1188355794,1400.07840439065,987309.876840941,3400.46246289495,600.014400345608,200.0016000128,29434.6151073663,99796.7920451716,843426.05265443,2000.16001280102,0,
100.89287,14908.8856958747,2000.16001280102,914254.913342732,4100.67251029169,500.010000200004,600.014400345608,29033.6790677186,95866.208918067,850373.899808087,1000.04000160006,0,
101.01919,16510.8971921468,3100.38444767151,946206.249507022,4200.70571856072,400.006400102402,200.0016000128,27229.6258329062,95563.9073592239,850160.064191118,2700.2916314962,0,
101.14543,11905.6670975384,1400.07840439065,931995.933863038,3600.51847466035,200.0016000128,200.0016000128,25125.2257266295,95966.977722812,803628.196553461,1800.12960933187,0,
101.27169,13106.8679988314,1600.10240655402,921993.463510128,5101.04061228491,500.010000200004,300.003600043201,30136.2840860396,88814.4029865725,763315.511989217,2300.21161946899,0,
101.39796,13407.186251831,2300.21161946899,904480.853480112,3700.5476810568,400.006400102402,300.003600043201,26327.6967369673,93448.0003533157,822391.525297681,2000.16001280102,0,
101.52416,12906.6598364756,2300.21161946899,989579.218316624,5201.0818250196,300.003600043201,600.014400345608,31639.9929510902,101913.769905818,848556.409821624,2000.16001280102,0,
101.65042,13907.7326993809,1900.14441097523,952239.574466318,4000.64010241639,100.0004000016,400.006400102402,31940.756405173,96067.7473368053,832530.802709729,2000.16001280102,0,
101.77668,16010.246557797,1300.06760351538,942652.210729051,4100.67251029169,200.0016000128,100.0004000016,28131.6199408135,98587.2507208314,806078.673443687,2000.16001280102,0,
101.90287,13707.5117164206,1600.10240655402,927800.409866669,5001.00020004001,200.0016000128,100.0004000016,26127.2768770597,93145.7570501702,799580.602017734,1900.14441097523,0,
102.02917,11004.8421305374,1600.10240655402,889458.226841362,4300.73972723308,400.006400102402,200.0016000128,27430.063349431,86598.9395392896,788615.873408842,2000.16001280102,0,
102.15535,15209.2472223112,2300.21161946899,928660.919492545,4000.64010241639,200.0016000128,800.025600819226,30036.0432519023,91433.1825170923,800645.635356379,2900.33643902693,0,
102.28167,15709.8657957197,2300.21161946899,919950.89724502,5001.00020004001,500.010000200004,100.0004000016,26327.6967369673,95463.1417913744,793937.39295516,3200.40965243551,100.0004000016,
102.40782,16210.5044068556,1600.10240655402,914147.466011004,4400.77453631839,500.010000200004,400.006400102402,28131.6199408135,91735.3845659732,819831.282894465,1700.11560786133,100.0004000016,
102.53398,15709.8657957197,1800.12960933187,917529.020864128,4200.70571856072,300.003600043201,300.003600043201,29133.9118734207,92642.0343909715,809915.13699903,2600.27042812453,0,
102.66033,12105.8592358702,2100.17641481884,893426.798246704,5101.04061228491,200.0016000128,100.0004000016,27630.5040765005,96873.9333828578,807890.194653431,1900.14441097523,0,
102.78657,14308.184281409,1700.11560786133,909313.258106506,5001.00020004001,300.003600043201,200.0016000128,31740.2466327303,95261.6130832641,790744.217715146,2100.17641481884,0,
102.91283,12706.4548790786,1700.11560786133,874881.493042762,4400.77453631839,200.0016000128,300.003600043201,28833.2158646761,95866.208918067,819404.625184867,1600.10240655402,0,
103.03913,14107.9568876847,1500.09000540032,934578.469735384,4200.70571856072,100.0004000016,300.003600043201,28432.2990917683,93649.4999337528,816631.693736266,1800.12960933187,0,
103.16529,13807.6218072376,2200.1936170383,881524.732385034,5001.00020004001,100.0004000016,200.0016000128,30136.2840860396,87605.9198721937,805439.373732953,2200.1936170383,0,
103.29164,14808.7667899396,2400.23042212052,910065.127539705,4400.77453631839,400.006400102402,500.010000200004,28732.9854673165,88008.734641121,802882.491608903,2600.27042812453,0,
103.41791,16110.3750815525,2800.31363512713,935977.558117339,4300.73972723308,200.0016000128,300.003600043201,27630.5040765005,87404.517338407,800432.6216542,2300.21161946899,0,
103.54412,15409.4922472243,1900.14441097523,930812.443470829,6101.48876325823,100.0004000016,600.014400345608,30236.5257230735,86397.5531731283,784572.986843679,2500.2500250025,0,
103.67038,13507.2939387269,1700.11560786133,878416.986178855,4200.70571856072,100.0004000016,0,26327.6967369673,90023.0025330887,778723.685078862,2200.1936170383,0,
103.79666,13607.4024269202,2100.17641481884,905447.190191576,3500.49006860961,400.006400102402,300.003600043201,30537.255451651,91533.9157245632,826019.40463794,2800.31363512713,0,
103.92294,13807.6218072376,2200.1936170383,1078019.6401128,4800.92177698118,200.0016000128,700.019600548815,31038.4877247787,96370.061034372,853902.698320117,2600.27042812453,0,
104.04918,14408.2991803279,2000.16001280102,917693.698475625,4000.64010241639,200.0016000128,300.003600043201,31539.7400724913,98083.3095738145,836695.548647397,2000.16001280102,0,
104.17551,13006.7635170289,2000.16001280102,920058.392707547,3700.5476810568,400.006400102402,700.019600548815,28532.5270808722,98788.8328460822,834025.685221697,2900.33643902693,0,
104.30177,13807.6218072376,1400.07840439065,938560.887140284,4200.70571856072,0,200.0016000128,26628.3325458288,95160.8499429838,775321.676014517,1400.07840439065,0,
104.42801,13307.0793662228,2400.23042212052,885705.292280676,3800.57768780855,300.003600043201,400.006400102402,28933.4470648069,99494.3957848913,849946.232111837,2400.23042212052,0,
104.55426,14308.184281409,2300.21161946899,910709.621786554,4300.73972723308,200.0016000128,400.006400102402,30136.2840860396,98587.2507208314,826873.171457379,1500.09000540032,0,
104.68052,13507.2939387269,3000.36004320518,905125.069943838,5001.00020004001,500.010000200004,200.0016000128,28632.7558727184,91231.7185285699,840754.798111351,2400.23042212052,0,
104.80678,13307.0793662228,2700.2916314962,921993.463510128,4600.84655576626,200.0016000128,100.0004000016,28532.5270808722,94153.2630429371,833171.445458942,1800.12960933187,0,
104.93304,14408.2991803279,2200.1936170383,932641.519611301,2600.27042812453,200.0016000128,100.0004000016,29935.8032206519,92742.777304919,839686.45090873,2400.23042212052,0,
105.0593,12406.1534521122,2700.2916314962,893855.905870655,4700.88376614804,200.0016000128,100.0004000016,30437.0114058695,91634.6497408536,818018.085005308,1900.14441097523,0,
105.18559,13507.2939387269,1800.12960933187,908454.032184518,5201.0818250196,300.003600043201,300.003600043201,32642.5659059413,99796.7920451716,849625.490625892,2400.23042212052,0,
105.31181,16410.7654621432,2300.21161946899,918768.506000713,4200.70571856072,600.014400345608,300.003600043201,30837.992406645,106047.946526126,848663.31392271,3400.46246289495,0,
105.43807,14708.648685427,2300.21161946899,857004.559107044,3700.5476810568,500.010000200004,0,30537.255451651,92339.8105026498,818124.736655128,2400.23042212052,0,
105.56436,12706.4548790786,2400.23042212052,875202.861590435,4400.77453631839,300.003600043201,300.003600043201,29234.1454819229,92339.8105026498,830288.803293052,2200.1936170383,0,
105.69051,13006.7635170289,2100.17641481884,882274.989854148,4200.70571856072,200.0016000128,200.0016000128,30938.239664225,98889.6251229846,847915.003784135,2400.23042212052,0,
105.81674,16310.634533716,2200.1936170383,845990.97664763,5701.29989637637,400.006400102402,300.003600043201,27229.6258329062,90224.4471118141,832317.262187687,1700.11560786133,0,
105.94303,15709.8657957197,2800.31363512713,867721.587304195,3900.60849492521,400.006400102402,200.0016000128,27931.1711870447,107157.347559383,815565.340228499,3000.36004320518,0,
106.06932,13807.6218072376,2400.23042212052,885490.871740499,5901.39272868397,300.003600043201,200.0016000128,29635.0879441258,98284.883604194,839900.113282122,1600.10240655402,0,
106.19555,14908.8856958747,1500.09000540032,889458.226841362,6801.85010322808,200.0016000128,300.003600043201,31339.2367243789,92944.2655596329,875417.111723841,2800.31363512713,0,
106.32178,13607.4024269202,2200.1936170383,899113.62873517,4500.81014582625,600.014400345608,400.006400102402,30938.239664225,95463.1417913744,869312.372981676,1800.12960933187,100.0004000016,
106.44804,14007.84439286,3000.36004320518,886026.929751536,5601.25468104855,200.0016000128,300.003600043201,30036.0432519023,99393.5986506566,863531.592821111,2100.17641481884,0,
106.57433,12706.4548790786,1800.12960933187,864923.025989075,5601.25468104855,400.006400102402,400.006400102402,25225.4272306485,100099.195592021,854865.26512613,3100.38444767151,0,
106.70053,11205.0198488923,3000.36004320518,874131.664141351,6001.44034568296,100.0004000016,300.003600043201,31639.9929510902,101308.882650377,855293.095602532,2000.16001280102,0,
106.82685,15609.7404780583,1800.12960933187,865244.147212554,4800.92177698118,700.019600548815,200.0016000128,35149.3496869605,98486.4608724635,845563.453959747,2100.17641481884,0,
106.95312,16110.3750815525,2200.1936170383,866100.509458716,5901.39272868397,300.003600043201,100.0004000016,33143.8825004306,99192.0068109167,871025.693033036,2000.16001280102,0,
107.07937,14708.648685427,2000.16001280102,865244.147212554,5601.25468104855,800.025600819226,200.0016000128,30236.5257230735,105342.01509534,891603.249499774,1400.07840439065,0,
107.20568,11805.5722300926,1800.12960933187,880238.677913183,4500.81014582625,200.0016000128,300.003600043201,28833.2158646761,100099.195592021,863210.514119244,1700.11560786133,0,
107.33192,14107.9568876847,2200.1936170383,861926.279027426,4900.9605882753,200.0016000128,500.010000200004,32442.0448901777,101107.260043455,887099.112383146,3800.57768780855,0,
107.4582,14508.4148806308,1700.11560786133,850694.6598669,5701.29989637637,400.006400102402,100.0004000016,31539.7400724913,93145.7570501702,877559.808216229,1600.10240655402,0,
107.58443,13507.2939387269,1900.14441097523,835200.35714581,4500.81014582625,100.0004000016,600.014400345608,30637.5003003677,90929.5286116888,863210.514119244,3500.49006860961,0,
107.71066,12906.6598364756,1500.09000540032,851229.277654611,4300.73972723308,200.0016000128,0,32041.0124959949,104131.939284151,896001.657344106,2900.33643902693,0,
107.83698,13707.5117164206,1100.04840212969,890852.451138783,4700.88376614804,600.014400345608,300.003600043201,31639.9929510902,106955.630988009,916081.65431679,2600.27042812453,0,
107.96316,13106.8679988314,2200.1936170383,886348.575215374,5101.04061228491,700.019600548815,200.0016000128,33745.4889190629,111595.932323245,892890.433716272,1800.12960933187,0,
108.08941,13807.6218072376,2500.2500250025,867920.467526447,5401.16665199683,100.0004000016,100.0004000016,31539.7400724913,101208.070942038,904588.220665644,3300.43565750679,0,
108.21572,15009.0054032419,1900.14441097523,872632.136706849,4600.84655576626,400.006400102402,200.0016000128,33946.0308177889,109376.443789146,911891.277850101,2800.31363512713,0,
108.34198,12005.7627661277,1100.04840212969,880560.179548974,4300.73972723308,400.006400102402,600.014400345608,31940.756405173,109477.321120084,910817.040611578,3300.43565750679,300.003600043201,
108.46826,14408.2991803279,1700.11560786133,877024.100825167,5601.25468104855,300.003600043201,300.003600043201,35550.4816839913,103627.775457087,906413.599001878,3200.40965243551,200.0016000128,
108.59455,14808.7667899396,2300.21161946899,868562.866816222,4500.81014582625,100.0004000016,400.006400102402,33645.2191745706,103325.286880801,879167.063480562,2900.33643902693,0,
108.72084,11705.4781637807,2200.1936170383,864708.949603132,5401.16665199683,500.010000200004,300.003600043201,34146.5759295679,106350.500721054,893212.249767997,2500.2500250025,100.0004000016,
108.84713,11905.6670975384,1400.07840439065,841075.319499055,4300.73972723308,400.006400102402,200.0016000128,29935.8032206519,103123.631879762,857432.460386414,2300.21161946899,0,
108.97348,11104.9305891816,2000.16001280102,888814.789347892,5301.12383825371,500.010000200004,200.0016000128,31539.7400724913,104131.939284151,920273.38630746,3200.40965243551,100.0004000016,
109.09977,13407.186251831,1400.07840439065,902763.099545355,5801.34591225164,200.0016000128,200.0016000128,31639.9929510902,100199.998393587,865458.232458046,2500.2500250025,0,
109.22609,12205.9565067753,2200.1936170383,846418.513479424,4000.64010241639,100.0004000016,500.010000200004,31940.756405173,101308.882650377,869205.298013245,2600.27042812453,0,
109.35236,13106.8679988314,1400.07840439065,855079.178594477,4500.81014582625,200.0016000128,200.0016000128,33544.9502333126,102014.587282717,875845.622634948,2900.33643902693,0,
109.47857,13307.0793662228,1900.14441097523,875524.238121064,4600.84655576626,400.006400102402,600.014400345608,34246.8496903764,103930.271323278,868669.936466547,3600.51847466035,0,
109.60482,12105.8592358702,2700.2916314962,870597.341744382,5301.12383825371,600.014400345608,200.0016000128,31940.756405173,106451.353739857,870383.171419229,3000.36004320518,0,
109.73107,13006.7635170289,2300.21161946899,900508.893198734,4600.84655576626,300.003600043201,100.0004000016,31439.4879969241,105039.485206102,904588.220665644,3600.51847466035,0,
109.85738,11004.8421305374,2200.1936170383,859251.198834886,5301.12383825371,400.006400102402,400.006400102402,31639.9929510902,105644.552275977,852940.203183428,2600.27042812453,0,
109.98362,13607.4024269202,1700.11560786133,906628.36630729,5101.04061228491,300.003600043201,700.019600548815,31539.7400724913,98284.883604194,868027.531859063,3700.5476810568,0,
110.10993,14107.9568876847,1800.12960933187,893748.627631323,4800.92177698118,600.014400345608,300.003600043201,30537.255451651,95060.0876118738,877559.808216229,3300.43565750679,0,
110.23622,13407.186251831,1400.07840439065,882060.626138811,4700.88376614804,200.0016000128,100.0004000016,29033.6790677186,103728.606602481,867599.279846036,3600.51847466035,0,
110.36241,13507.2939387269,1700.11560786133,855079.178594477,5001.00020004001,400.006400102402,300.003600043201,32041.0124959949,102619.508550956,858395.290048448,3100.38444767151,0,
110.48863,15409.4922472243,3100.38444767151,879274.220930329,5201.0818250196,300.003600043201,300.003600043201,29635.0879441258,99595.1937287155,871132.783071587,3500.49006860961,0,
110.61489,13307.0793662228,2500.2500250025,912320.997686548,5501.21026625858,100.0004000016,300.003600043201,32341.7855869784,110385.253574714,890208.944342264,3400.46246289495,0,
110.74114,14408.2991803279,2500.2500250025,911783.85011795,5101.04061228491,300.003600043201,300.003600043201,29835.5639922788,111192.359769057,884097.224810632,2900.33643902693,0,
110.86735,14007.84439286,1400.07840439065,891495.989925101,5701.29989637637,600.014400345608,200.0016000128,30837.992406645,102619.508550956,858716.249203552,3800.57768780855,0,
110.99351,13106.8679988314,2100.17641481884,881417.556297259,4200.70571856072,500.010000200004,100.0004000016,28131.6199408135,102014.587282717,825272.404973328,1700.11560786133,0,
111.1198,11205.0198488923,1700.11560786133,923391.194342479,5501.21026625858,200.0016000128,600.014400345608,29534.8511243267,95664.6737362827,842784.901197865,4300.73972723308,0,
111.24595,12706.4548790786,2200.1936170383,917693.698475625,5301.12383825371,100.0004000016,100.0004000016,29334.3798932349,97780.9545991182,877881.243297629,3000.36004320518,100.0004000016,
111.37217,13707.5117164206,1800.12960933187,920810.885911106,6501.69043951427,200.0016000128,0,31439.4879969241,99494.3957848913,818551.352065897,2700.2916314962,0,
111.4985,11805.5722300926,2000.16001280102,870704.428236736,4400.77453631839,700.019600548815,200.0016000128,27830.9480141918,90929.5286116888,857432.460386414,2900.33643902693,0,
111.62486,11305.1099096792,2200.1936170383,931565.561221314,4700.88376614804,300.003600043201,400.006400102402,33645.2191745706,97579.3886631222,852619.387396331,2800.31363512713,0,
111.75117,11004.8421305374,2800.31363512713,891495.989925101,5201.0818250196,800.025600819226,800.025600819226,30236.5257230735,92944.2655596329,785955.936958495,2800.31363512713,0,
111.87748,12105.8592358702,2500.2500250025,880238.677913183,4600.84655576626,400.006400102402,100.0004000016,32141.2693898966,97881.7387812469,825805.971752767,2400.23042212052,100.0004000016,
112.0038,12906.6598364756,2300.21161946899,898791.665976032,4300.73972723308,500.010000200004,300.003600043201,33946.0308177889,98587.2507208314,840861.637690447,4800.92177698118,0,
112.13016,19615.3784567101,2100.17641481884,937592.078451879,4600.84655576626,500.010000200004,600.014400345608,36653.6609596449,104333.610485176,864173.77414162,4900.9605882753,400.006400102402,
112.25648,17311.9798900839,3700.5476810568,927585.291384575,5901.39272868397,700.019600548815,300.003600043201,37857.2401471024,103123.631879762,815352.080097809,5701.29989637637,800.025600819226,
112.3828,21618.6785382571,3200.40965243551,935331.806260997,4500.81014582625,400.006400102402,200.0016000128,42572.3730341581,100905.640675516,854972.221417845,7001.96054895371,400.006400102402,
112.50903,23221.549598027,3800.57768780855,933439.728806885,5701.29989637637,400.006400102402,300.003600043201,40967.0220480706,97277.0458296357,808849.338261103,8502.8909829342,400.006400102402,
112.6353,24123.2548176442,4500.81014582625,907165.300150054,4700.88376614804,400.006400102402,500.010000200004,65370.4862280828,101510.508496359,803841.263025779,6801.85010322808,1000.04000160006,
112.76162,30036.0432519023,6101.48876325823,965609.070098836,5101.04061228491,400.006400102402,200.0016000128,49497.8076679519,94254.0180919534,797465.743057305,7102.01697282028,1000.04000160006,
112.88787,30537.255451651,5601.25468104855,935008.942391083,5901.39272868397,500.010000200004,500.010000200004,50501.811652291,95060.0876118738,770751.640050634,7402.19104855037,1400.07840439065,
113.01409,28833.2158646761,4000.64010241639,905339.815885569,5701.29989637637,200.0016000128,800.025600819226,54619.0695716662,95563.9073592239,830502.310280127,7102.01697282028,900.032401166442,
113.14028,36653.6609596449,6301.58800017604,917586.222625845,7402.19104855037,400.006400102402,600.014400345608,51606.3089965329,93851.0027502861,750790.03423825,9003.24116682005,1200.05760276493,
113.2666,37756.9374616922,7502.25067520256,899542.924866462,5301.12383825371,200.0016000128,1000.04000160006,52409.640968907,87001.7219717982,785104.87317854,7202.07419736884,900.032401166442,
113.39276,38258.4589252378,6201.53798141939,887528.010305307,5801.34591225164,300.003600043201,500.010000200004,52911.7496151873,82471.1651911485,758749.732109003,7202.07419736884,1500.09000540032,
113.519,35149.3496869605,5101.04061228491,880238.677913183,5501.21026625858,400.006400102402,700.019600548815,53514.3065588096,91533.9157245632,729694.125396237,6101.48876325823,1100.04840212969,
113.6453,36553.3679171591,6301.58800017604,838618.192040879,3600.51847466035,300.003600043201,1400.07840439065,50100.2004008016,82169.1862541687,729694.125396237,7001.96054895371,1400.07840439065,
113.7715,38860.311202987,5901.39272868397,843212.331967433,4700.88376614804,100.0004000016,900.032401166442,49899.3996040112,86498.2459520426,725034.368645916,7802.43435952017,1200.05760276493,
113.89777,38659.6905622281,8502.8909829342,795001.960420149,5601.25468104855,0,800.025600819226,44679.7086001427,81263.2930695453,669564.931677886,8002.56081946223,1400.07840439065,
114.02406,41970.3422936842,5701.29989637637,709055.757800128,4700.88376614804,200.0016000128,800.025600819226,45482.5963950534,75728.7006760416,642814.062929517,7702.37233067785,1200.05760276493,
114.15026,36352.7842427204,6301.58800017604,758855.894656583,4600.84655576626,100.0004000016,700.019600548815,44880.4257228954,70196.5503409547,590631.781517422,6801.85010322808,1300.06760351538,
114.27657,39361.8768704403,6701.7960813498,691090.3298736,4900.9605882753,300.003600043201,1000.04000160006,42171.0159909287,66375.7630204782,590736.562816046,8502.8909829342,1700.11560786133,
114.40272,38960.6227289663,5901.39272868397,667456.539862587,4100.67251029169,600.014400345608,400.006400102402,40264.7457111035,68386.5585316744,592937.168315534,8502.8909829342,1400.07840439065,
114.52907,39161.2481921726,7302.132222609,654286.933963813,4500.81014582625,200.0016000128,1200.05760276493,39963.7821963854,60747.2513372415,567600.736346901,7502.25067520256,1400.07840439065,
114.6553,42672.714305176,6901.90492575951,647970.322220581,3800.57768780855,200.0016000128,1000.04000160006,34948.7885087582,58536.7418289123,528647.226771994,6501.69043951427,1300.06760351538,
114.78158,41569.0045475489,6501.69043951427,609716.121418737,3700.5476810568,200.0016000128,1500.09000540032,35249.6314811254,55221.7086458555,490747.878150147,6101.48876325823,1100.04840212969,
114.90786,45582.960989,5701.29989637637,558086.374064063,3800.57768780855,200.0016000128,900.032401166442,31940.756405173,57029.7998244003,497715.404699739,7802.43435952017,1200.05760276493,
115.0341,38057.8479288519,5301.12383825371,560594.968856971,2900.33643902693,200.0016000128,1400.07840439065,35450.1974796312,59039.0961104362,496363.19875333,5901.39272868397,1800.12960933187,
115.16031,42773.0563802976,7602.31110257518,567286.963138108,4000.64010241639,100.0004000016,900.032401166442,33344.4147604609,52911.7496151873,454723.174794529,6901.90492575951,2000.16001280102,
115.28659,38860.311202987,4600.84655576626,517494.794431062,4200.70571856072,300.003600043201,1500.09000540032,29935.8032206519,45181.5074394207,422315.505171916,6801.85010322808,900.032401166442,
115.41283,36152.2037822616,5501.21026625858,485135.030439445,3500.49006860961,200.0016000128,1000.04000160006,26528.1198069954,49096.2286080718,414148.971641876,8903.16952835209,1700.11560786133,
115.53904,36152.2037822616,6101.48876325823,477966.654437243,3400.46246289495,300.003600043201,1000.04000160006,27830.9480141918,46385.9066992069,381329.088221439,6901.90492575951,1800.12960933187,
115.66521,34647.952766629,5801.34591225164,449540.686689687,3700.5476810568,100.0004000016,1000.04000160006,22520.2682414173,42271.354045629,370819.903712664,5201.0818250196,1200.05760276493,
115.79143,33946.0308177889,4500.81014582625,398038.052356532,3900.60849492521,100.0004000016,1300.06760351538,23221.549598027,38358.7656289435,325996.223387443,4900.9605882753,1400.07840439065,
115.91769,31940.756405173,5501.21026625858,394219.869250241,3000.36004320518,100.0004000016,1000.04000160006,20016.0128102482,34246.8496903764,291663.463055961,5401.16665199683,1000.04000160006,
116.04392,34447.3996218797,3000.36004320518,342632.389911605,2900.33643902693,200.0016000128,600.014400345608,19114.6035571176,33344.4147604609,293403.480372319,3600.51847466035,700.019600548815,
116.17012,28532.5270808722,4900.9605882753,310714.329104082,3200.40965243551,0,800.025600819226,19515.221873061,27129.408278574,238350.98671857,4200.70571856072,1200.05760276493,
116.29626,27730.7256440136,4500.81014582625,268656.354359551,2500.2500250025,0,1000.04000160006,14608.5313823273,21518.505915087,216356.337374675,3200.40965243551,1100.04840212969,
116.42255,26427.9078707115,3700.5476810568,219103.571832077,2900.33643902693,500.010000200004,900.032401166442,10204.1632986258,21017.6548300572,226941.566330711,3400.46246289495,600.014400345608,
116.54883,22019.3770518056,4000.64010241639,192673.56744381,2800.31363512713,200.0016000128,800.025600819226,12906.6598364756,20917.487019148,161537.067976409,2400.23042212052,1100.04840212969,
116.67516,22319.9093591484,4200.70571856072,175827.982630693,2400.23042212052,100.0004000016,600.014400345608,9603.68781612139,16711.163056922,129770.13296664,2900.33643902693,1200.05760276493,
116.80139,19214.7569333248,3600.51847466035,142204.30756358,2500.2500250025,500.010000200004,1100.04840212969,9103.31360615264,14908.8856958747,110889.688866032,2500.2500250025,900.032401166442,
116.92766,19715.5358422437,2600.27042812453,123204.193364258,1700.11560786133,200.0016000128,1000.04000160006,7402.19104855037,11405.2007715518,102821.155452734,2200.1936170383,900.032401166442,
117.05395,16010.246557797,2900.33643902693,105745.399623213,1400.07840439065,100.0004000016,1200.05760276493,7302.132222609,12506.2531265633,81967.871002436,1900.14441097523,600.014400345608,
117.18015,14808.7667899396,2100.17641481884,93347.251776609,1400.07840439065,0,800.025600819226,6601.74286011507,11305.1099096792,71001.0750445261,1600.10240655402,1400.07840439065,
117.30638,13907.7326993809,2900.33643902693,73616.1369781679,1500.09000540032,500.010000200004,500.010000200004,5201.0818250196,9003.24116682005,59742.4259434492,2000.16001280102,800.025600819226,
117.43269,14508.4148806308,2900.33643902693,63862.7222162069,1200.05760276493,200.0016000128,800.025600819226,6701.7960813498,7302.132222609,54518.6325444167,1900.14441097523,200.0016000128,
117.55895,13507.2939387269,2800.31363512713,55322.1513100927,1600.10240655402,100.0004000016,1100.04840212969,4400.77453631839,6301.58800017604,45683.3263873305,1200.05760276493,500.010000200004,
117.68529,12005.7627661277,1700.11560786133,46486.2785329572,1500.09000540032,200.0016000128,700.019600548815,4400.77453631839,5201.0818250196,43074.0874303803,1300.06760351538,600.014400345608,
117.81148,10404.3282005314,1200.05760276493,39361.8768704403,1800.12960933187,100.0004000016,1200.05760276493,4700.88376614804,4600.84655576626,30938.239664225,900.032401166442,300.003600043201,
117.93775,9003.24116682005,2100.17641481884,28231.8455217485,1800.12960933187,300.003600043201,700.019600548815,4300.73972723308,3300.43565750679,19715.5358422437,1000.04000160006,200.0016000128,
118.06406,6401.6388195378,1300.06760351538,17712.5404786589,1700.11560786133,0,900.032401166442,3600.51847466035,3100.38444767151,14908.8856958747,200.0016000128,300.003600043201,
118.19029,5601.25468104855,1200.05760276493,10404.3282005314,1800.12960933187,200.0016000128,1000.04000160006,1300.06760351538,1400.07840439065,7001.96054895371,800.025600819226,200.0016000128,
118.31659,3300.43565750679,600.014400345608,4300.73972723308,500.010000200004,200.0016000128,200.0016000128,700.019600548815,900.032401166442,2000.16001280102,100.0004000016,200.0016000128,
118.44283,1000.04000160006,600.014400345608,2200.1936170383,1800.12960933187,200.0016000128,200.0016000128,200.0016000128,700.019600548815,700.019600548815,200.0016000128,0,
118.56917,400.006400102402,800.025600819226,800.025600819226,1900.14441097523,400.006400102402,200.0016000128,200.0016000128,1200.05760276493,700.019600548815,0,0,
118.69542,200.0016000128,500.010000200004,400.006400102402,1400.07840439065,200.0016000128,0,100.0004000016,1200.05760276493,700.019600548815,0,0,
118.82174,100.0004000016,200.0016000128,200.0016000128,1500.09000540032,300.003600043201,0,200.0016000128,700.019600548815,200.0016000128,0,0,
118.94797,100.0004000016,300.003600043201,100.0004000016,1300.06760351538,0,0,0,600.014400345608,0,0,0,
119.07426,0,500.010000200004,300.003600043201,2100.17641481884,100.0004000016,0,14708.648685427,500.010000200004,0,0,0,
119.20057,0,500.010000200004,300.003600043201,1600.10240655402,300.003600043201,0,300.003600043201,1000.04000160006,200.0016000128,0,0,
119.3268,100.0004000016,500.010000200004,400.006400102402,1300.06760351538,0,0,0,700.019600548815,0,0,0,
119.45303,0,300.003600043201,400.006400102402,1300.06760351538,100.0004000016,100.0004000016,0,1300.06760351538,200.0016000128,0,0,
119.57923,0,300.003600043201,200.0016000128,900.032401166442,0,0,100.0004000016,1300.06760351538,100.0004000016,0,0,
119.7054,100.0004000016,300.003600043201,200.0016000128,1600.10240655402,300.003600043201,200.0016000128,200.0016000128,1100.04840212969,0,0,0,
119.83163,100.0004000016,800.025600819226,0,1400.07840439065,0,0,100.0004000016,400.006400102402,0,0,0,
119.95786,0,200.0016000128,0,1200.05760276493,0,0,0,1300.06760351538,0,0,0,
120.08414,0,300.003600043201,100.0004000016,1000.04000160006,200.0016000128,0,0,600.014400345608,0,0,0,
120.21044,0,100.0004000016,100.0004000016,1600.10240655402,400.006400102402,0,0,800.025600819226,0,0,0,
120.33669,0,500.010000200004,300.003600043201,1400.07840439065,0,0,0,500.010000200004,0,0,0,
120.46301,0,800.025600819226,300.003600043201,900.032401166442,0,0,0,500.010000200004,0,0,0,
120.58921,100.0004000016,300.003600043201,200.0016000128,1300.06760351538,0,0,0,700.019600548815,0,0,0,
120.71553,0,100.0004000016,200.0016000128,1500.09000540032,300.003600043201,200.0016000128,0,1200.05760276493,200.0016000128,0,0,
120.84184,0,200.0016000128,300.003600043201,1700.11560786133,0,300.003600043201,100.0004000016,1400.07840439065,0,0,0,
120.96808,0,600.014400345608,200.0016000128,800.025600819226,300.003600043201,200.0016000128,100.0004000016,1100.04840212969,0,0,0,
121.09435,100.0004000016,300.003600043201,300.003600043201,800.025600819226,300.003600043201,100.0004000016,100.0004000016,1200.05760276493,0,0,0,
121.2206,0,600.014400345608,200.0016000128,1800.12960933187,400.006400102402,0,100.0004000016,1400.07840439065,0,0,0,
121.34686,0,200.0016000128,300.003600043201,2300.21161946899,0,0,200.0016000128,900.032401166442,0,0,0,
121.47315,0,600.014400345608,0,2700.2916314962,300.003600043201,200.0016000128,100.0004000016,800.025600819226,0,0,0,
121.59944,100.0004000016,500.010000200004,100.0004000016,1000.04000160006,100.0004000016,0,0,800.025600819226,100.0004000016,0,0,
121.72573,0,300.003600043201,400.006400102402,1400.07840439065,200.0016000128,0,100.0004000016,1700.11560786133,0,0,0,
121.85192,0,200.0016000128,500.010000200004,1700.11560786133,200.0016000128,100.0004000016,300.003600043201,1200.05760276493,0,0,0,
121.97816,100.0004000016,500.010000200004,0,1200.05760276493,300.003600043201,100.0004000016,200.0016000128,1200.05760276493,0,0,0,
122.10432,0,300.003600043201,0,1200.05760276493,200.0016000128,0,0,1200.05760276493,100.0004000016,0,0,
122.23061,0,700.019600548815,200.0016000128,1500.09000540032,0,100.0004000016,0,1500.09000540032,100.0004000016,0,0,
122.35688,0,700.019600548815,100.0004000016,1700.11560786133,0,0,0,1000.04000160006,0,0,0,
122.48311,0,800.025600819226,300.003600043201,1600.10240655402,0,100.0004000016,100.0004000016,1300.06760351538,0,0,0,
122.60939,0,500.010000200004,0,1300.06760351538,100.0004000016,0,0,900.032401166442,0,0,0,
122.7357,0,700.019600548815,100.0004000016,1600.10240655402,400.006400102402,100.0004000016,100.0004000016,1300.06760351538,0,0,0,
122.86189,0,100.0004000016,100.0004000016,1900.14441097523,200.0016000128,200.0016000128,0,1300.06760351538,0,0,0,
122.98813,100.0004000016,1100.04840212969,200.0016000128,800.025600819226,200.0016000128,0,0,1500.09000540032,0,0,0,
123.11431,0,500.010000200004,0,1200.05760276493,0,100.0004000016,300.003600043201,500.010000200004,0,0,0,
123.24056,0,600.014400345608,400.006400102402,1200.05760276493,100.0004000016,100.0004000016,100.0004000016,900.032401166442,0,0,0,
123.36677,0,200.0016000128,0,1700.11560786133,100.0004000016,0,0,800.025600819226,0,0,0,
123.49308,0,300.003600043201,200.0016000128,1400.07840439065,200.0016000128,100.0004000016,0,1200.05760276493,0,0,0,
123.61937,100.0004000016,300.003600043201,300.003600043201,1900.14441097523,100.0004000016,0,100.0004000016,800.025600819226,0,0,0,
123.74565,0,800.025600819226,300.003600043201,1300.06760351538,100.0004000016,100.0004000016,0,900.032401166442,0,0,0,
123.87191,0,300.003600043201,0,2300.21161946899,200.0016000128,0,200.0016000128,900.032401166442,0,0,0,
123.99822,0,500.010000200004,0,1200.05760276493,400.006400102402,0,0,1300.06760351538,0,0,0,
124.1245,0,200.0016000128,100.0004000016,2100.17641481884,200.0016000128,0,200.0016000128,900.032401166442,0,0,0,
124.25079,0,700.019600548815,100.0004000016,1300.06760351538,100.0004000016,200.0016000128,100.0004000016,1000.04000160006,100.0004000016,100.0004000016,0,
124.37707,0,300.003600043201,0,900.032401166442,100.0004000016,0,0,900.032401166442,0,0,0,
124.50329,0,500.010000200004,100.0004000016,1400.07840439065,0,0,100.0004000016,1300.06760351538,0,0,0,
124.62957,0,400.006400102402,100.0004000016,1100.04840212969,200.0016000128,0,0,600.014400345608,0,0,0,
124.75584,0,400.006400102402,400.006400102402,1400.07840439065,100.0004000016,200.0016000128,0,1100.04840212969,0,0,0,
124.88197,0,1200.05760276493,0,1500.09000540032,100.0004000016,100.0004000016,0,900.032401166442,0,0,0,
125.00826,0,100.0004000016,300.003600043201,900.032401166442,0,0,200.0016000128,1500.09000540032,100.0004000016,0,100.0004000016,
125.13447,0,300.003600043201,100.0004000016,2000.16001280102,200.0016000128,100.0004000016,0,1100.04840212969,0,0,0,
125.26074,0,300.003600043201,100.0004000016,1200.05760276493,0,0,100.0004000016,1100.04840212969,0,0,0,
125.38703,0,800.025600819226,100.0004000016,1200.05760276493,200.0016000128,100.0004000016,0,1200.05760276493,100.0004000016,0,0,
125.51335,0,500.010000200004,0,1500.09000540032,0,100.0004000016,100.0004000016,1400.07840439065,0,0,0,
125.63971,0,700.019600548815,100.0004000016,2000.16001280102,100.0004000016,100.0004000016,0,900.032401166442,0,0,0,
125.76595,0,600.014400345608,200.0016000128,1300.06760351538,200.0016000128,100.0004000016,0,600.014400345608,0,0,0,
125.89225,0,500.010000200004,200.0016000128,1600.10240655402,100.0004000016,0,0,1000.04000160006,0,0,0,
126.01853,100.0004000016,300.003600043201,200.0016000128,900.032401166442,100.0004000016,100.0004000016,0,1800.12960933187,0,0,0,
126.14485,0,300.003600043201,300.003600043201,1300.06760351538,0,0,100.0004000016,1100.04840212969,0,0,0,
126.27108,0,200.0016000128,300.003600043201,1400.07840439065,100.0004000016,100.0004000016,100.0004000016,1100.04840212969,0,0,0,
126.39735,100.0004000016,300.003600043201,0,2200.1936170383,300.003600043201,0,0,900.032401166442,0,0,0,
126.52363,0,400.006400102402,200.0016000128,1800.12960933187,100.0004000016,100.0004000016,0,1100.04840212969,0,0,0,
126.64983,0,700.019600548815,0,800.025600819226,100.0004000016,0,100.0004000016,400.006400102402,0,0,0,
126.77602,0,800.025600819226,300.003600043201,1200.05760276493,100.0004000016,0,0,800.025600819226,0,0,0,
126.9023,0,300.003600043201,0,1700.11560786133,0,100.0004000016,100.0004000016,1000.04000160006,0,0,0,
127.02854,0,200.0016000128,200.0016000128,1600.10240655402,100.0004000016,100.0004000016,0,800.025600819226,0,0,0,
127.15481,0,600.014400345608,100.0004000016,1200.05760276493,100.0004000016,0,0,1100.04840212969,100.0004000016,0,0,
127.28105,0,400.006400102402,300.003600043201,1300.06760351538,0,0,0,1000.04000160006,0,0,0,
127.40721,0,300.003600043201,0,1000.04000160006,200.0016000128,0,100.0004000016,600.014400345608,0,0,0,
127.53344,0,200.0016000128,0,1500.09000540032,0,100.0004000016,200.0016000128,1400.07840439065,0,0,0,
127.65964,100.0004000016,300.003600043201,400.006400102402,1000.04000160006,100.0004000016,200.0016000128,100.0004000016,500.010000200004,0,0,100.0004000016,
127.78584,0,900.032401166442,0,1100.04840212969,100.0004000016,0,0,700.019600548815,0,0,0,
127.91211,100.0004000016,600.014400345608,0,1400.07840439065,0,100.0004000016,400.006400102402,1300.06760351538,0,0,0,
128.03835,0,600.014400345608,100.0004000016,1100.04840212969,200.0016000128,200.0016000128,0,1100.04840212969,0,0,0,
128.16456,0,500.010000200004,0,1500.09000540032,100.0004000016,0,0,1400.07840439065,0,0,0,
128.29077,0,1000.04000160006,100.0004000016,1700.11560786133,200.0016000128,100.0004000016,300.003600043201,400.006400102402,0,0,0,
128.41704,100.0004000016,500.010000200004,300.003600043201,1500.09000540032,200.0016000128,0,100.0004000016,800.025600819226,0,0,0,
128.54325,0,400.006400102402,100.0004000016,1600.10240655402,100.0004000016,100.0004000016,200.0016000128,1300.06760351538,0,0,0,
128.6695,100.0004000016,500.010000200004,100.0004000016,1400.07840439065,200.0016000128,0,100.0004000016,1300.06760351538,0,0,0,

