- 52:03/07/2023 10:09:06 PM;
Software:Name=Qtegra;Version=2.10.3324.83;File Version=1;
Configuration:Machine=iCAP RQ;
STDS:Additional Gas Flow 1=0;Additional Gas Flow 2=0;Additional Gas Flow 3=0;CCT Entry Lens=-108.333333333333;Angular Deflection=-370;Deflection Entry Lens=-35;Extraction Lens 1 Polarity=0;Extraction Lens 1 Negative=0;Extraction Lens 1 Positive=0;Spray Chamber Temperature=2.7;Peristaltic Pump Speed=0;Cool Flow=14;Sampling Depth=5;Plasma Power=1550;Auxilliary Flow=0.8;Nebulizer Flow=1.105;Torch Horizontal Position=-0.723333333333333;Torch Vertical Position=0.3;Extraction Lens 2=-130;CCT Focus Lens=-1.08;CCT Bias=-2;CCT Exit Lens=-160;Focus Lens=18.8;D1 Lens=-200;D2 Lens=-80;Quad Entry Lens=-29.4;Pole Bias=-1;CCT1 Flow=0;CCT2 Flow=0;CCT1 Shut-Off Valve=0;CCT2 Shut-Off Valve=0;Virtual CCT Mass to Dac Factor=130;Virtual CCT Mass to Dac Offset=35;Virtual CCT Mass parameter b=0.65;Virtual CCT Mass Maximum Dac Limit Set=4095;
RF Generator:RF Plasma Lit Readback=1;RF FET Temperature Ok Readback=1;Plasma Power Readback=1548.6077186126;
Ion Optics:Pole Bias Readback=-0.793743890518083;Torch Horizontal Position Readback=-0.72316715542522;Torch Vertical Position Readback=0.300879765395894;Sampling Depth Readback=5;Extraction Lens 1 Negative Readback=-202.346041055718;Extraction Lens 1 Positive Readback=0.0586510263929618;Extraction Lens 2 Readback=-137.82991202346;Angular Deflection Readback=-369.560117302053;Quad Entry Lens Readback=-29.7165200391007;Focus Lens Readback=18.2355816226784;D2 Lens Readback=-80.9384164222874;Deflection Exit Lens Readback=34.6578690127077;Deflection Entry Lens Readback=-35.425219941349;D1 Lens Readback=-200.58651026393;CCT Exit Lens Readback=-162.267839687195;CCT Bias Readback=-2.2238514173998;CCT Entry Lens Readback=-109.237536656891;CCT Focus Lens Readback=-1.47116324535679;
Vacuum:Analyzer Vacuum Ok Readback=1;Interface Pressure Readback=2.02512396424301;Analyzer Pressure Readback=2.19605002409792E-07;
Detector:Detector Voltage (Counting) Readback=1618.76832844575;Detector Voltage (Analog) Readback=-1978.49462365591;
Cooling System:Plasma Cooling Water Flow Readback=0.909803921568627;Interface Temperature Readback=31.3538974560148;Exhaust Flow Readback=0.550695014662757;Quad Board Temperature Readback=0;Inlet Fan Speed Readback=0;Outlet Fan Speed Readback=2447.05882352941;Peltier Temperature Hot Side Readback=20.7862437909878;Spray Chamber Temperature Readback=2.6293915694153;
Power Supply:Supply Voltage 500 V Readback=-538.856304985337;Supply Voltage 1 kV Readback=-1166.9110459433;
Gas Supply:Nebulizer Supply Pressure Readback=0.0564456989247311;Nebulizer Flow Readback=1.10263929618768;Cool Flow Readback=13.9784946236559;Auxilliary Flow Readback=0.797653958944281;CCT2 Flow Readback=0;CCT1 Flow Readback=0;Additional Gas Flow 1 Readback=0;
Pulse Counting:Threshold=2500000;

Time,24Mg,26Mg,43Ca,55Mn,59Co,63Cu,66Zn,86Sr,88Sr,138Ba,208Pb,
,dwell time=0.01;xcal factor=66096.21568,dwell time=0.01;xcal factor=66420.50783,dwell time=0.01;xcal factor=69176.99106,dwell time=0.01;xcal factor=80139.50903,dwell time=0.01;xcal factor=85118.72235,dwell time=0.01;xcal factor=86639.08057,dwell time=0.01;xcal factor=86821.65425,dwell time=0.01;xcal factor=85302.89892,dwell time=0.01;xcal factor=82608.9753,dwell time=0.01;xcal factor=93538.82005,dwell time=0.01;xcal factor=107923.33534,
0.01244,0,400.006400102402,100.0004000016,1200.05760276493,300.003600043201,100.0004000016,0,1200.05760276493,0,0,0,
0.13871,0,600.014400345608,300.003600043201,900.032401166442,600.014400345608,100.0004000016,100.0004000016,1100.04840212969,0,0,0,
0.26494,200.0016000128,400.006400102402,100.0004000016,800.025600819226,100.0004000016,200.0016000128,100.0004000016,1600.10240655402,0,0,0,
0.39121,0,300.003600043201,100.0004000016,1200.05760276493,0,100.0004000016,100.0004000016,1000.04000160006,0,0,0,
0.51747,0,500.010000200004,100.0004000016,1200.05760276493,100.0004000016,0,100.0004000016,900.032401166442,0,0,0,
0.64365,100.0004000016,500.010000200004,100.0004000016,900.032401166442,0,0,0,600.014400345608,0,0,0,
0.76989,0,400.006400102402,0,1000.04000160006,100.0004000016,0,200.0016000128,1100.04840212969,0,0,0,
0.89617,0,600.014400345608,100.0004000016,1500.09000540032,100.0004000016,0,0,1000.04000160006,0,0,0,
1.02247,0,600.014400345608,0,800.025600819226,200.0016000128,0,0,600.014400345608,0,0,0,
1.14862,0,300.003600043201,100.0004000016,1100.04840212969,100.0004000016,0,0,1200.05760276493,0,0,0,
1.27493,0,500.010000200004,100.0004000016,500.010000200004,300.003600043201,100.0004000016,0,700.019600548815,0,0,0,
1.40117,0,500.010000200004,0,900.032401166442,0,0,0,1300.06760351538,0,0,0,
1.52754,0,900.032401166442,400.006400102402,1400.07840439065,100.0004000016,0,0,800.025600819226,0,0,0,
1.65377,0,100.0004000016,200.0016000128,1500.09000540032,500.010000200004,0,0,900.032401166442,0,0,0,
1.78006,0,200.0016000128,0,1400.07840439065,200.0016000128,100.0004000016,0,900.032401166442,0,0,0,
1.9063,0,300.003600043201,300.003600043201,1200.05760276493,100.0004000016,0,0,1000.04000160006,0,0,0,
2.03253,0,600.014400345608,0,1300.06760351538,100.0004000016,0,0,900.032401166442,0,0,0,
2.15883,0,100.0004000016,0,1900.14441097523,0,100.0004000016,0,900.032401166442,0,0,0,
2.28507,0,300.003600043201,0,1000.04000160006,0,0,100.0004000016,800.025600819226,0,0,0,
2.41136,0,200.0016000128,100.0004000016,1600.10240655402,0,0,300.003600043201,800.025600819226,0,0,0,
2.53762,0,400.006400102402,400.006400102402,1400.07840439065,100.0004000016,200.0016000128,0,900.032401166442,0,0,0,
2.66374,0,200.0016000128,200.0016000128,1500.09000540032,200.0016000128,0,0,1000.04000160006,0,0,0,
2.79003,0,900.032401166442,0,1100.04840212969,200.0016000128,100.0004000016,0,700.019600548815,0,0,0,
2.91631,0,500.010000200004,100.0004000016,1600.10240655402,100.0004000016,0,100.0004000016,900.032401166442,0,0,0,
3.04265,0,300.003600043201,300.003600043201,1400.07840439065,300.003600043201,0,0,1100.04840212969,0,0,0,
3.16888,0,200.0016000128,0,1200.05760276493,0,0,0,1100.04840212969,0,0,0,
3.29514,0,600.014400345608,200.0016000128,900.032401166442,200.0016000128,0,100.0004000016,400.006400102402,0,0,0,
3.42142,0,500.010000200004,200.0016000128,1000.04000160006,0,100.0004000016,100.0004000016,700.019600548815,0,0,0,
3.54772,0,500.010000200004,200.0016000128,1200.05760276493,100.0004000016,0,0,900.032401166442,0,0,0,
3.67387,100.0004000016,600.014400345608,200.0016000128,1600.10240655402,300.003600043201,0,0,900.032401166442,0,0,0,
3.80028,0,200.0016000128,0,1400.07840439065,100.0004000016,0,200.0016000128,600.014400345608,0,100.0004000016,0,
3.92655,0,800.025600819226,200.0016000128,1100.04840212969,300.003600043201,200.0016000128,0,700.019600548815,0,0,0,
4.05276,0,300.003600043201,0,1500.09000540032,100.0004000016,0,100.0004000016,800.025600819226,0,0,0,
4.17899,0,600.014400345608,100.0004000016,1700.11560786133,0,100.0004000016,100.0004000016,1000.04000160006,0,0,0,
4.30528,0,500.010000200004,100.0004000016,1000.04000160006,200.0016000128,100.0004000016,100.0004000016,800.025600819226,0,0,0,
4.43149,0,400.006400102402,100.0004000016,1200.05760276493,200.0016000128,0,100.0004000016,1400.07840439065,0,0,0,
4.55776,0,800.025600819226,100.0004000016,600.014400345608,100.0004000016,200.0016000128,0,1100.04840212969,0,0,100.0004000016,
4.68406,0,300.003600043201,500.010000200004,1100.04840212969,0,0,0,800.025600819226,0,0,0,
4.81037,0,400.006400102402,300.003600043201,1500.09000540032,200.0016000128,100.0004000016,100.0004000016,1200.05760276493,0,0,0,
4.93663,0,400.006400102402,200.0016000128,1300.06760351538,200.0016000128,200.0016000128,100.0004000016,1000.04000160006,0,0,0,
5.06288,0,600.014400345608,300.003600043201,1200.05760276493,0,200.0016000128,0,1300.06760351538,0,0,0,
5.1892,0,700.019600548815,200.0016000128,1200.05760276493,300.003600043201,100.0004000016,0,300.003600043201,0,0,0,
5.31543,0,500.010000200004,100.0004000016,700.019600548815,0,100.0004000016,100.0004000016,500.010000200004,0,0,0,
5.4417,0,500.010000200004,100.0004000016,900.032401166442,300.003600043201,0,0,1200.05760276493,0,0,0,
5.56789,0,100.0004000016,0,1700.11560786133,0,300.003600043201,0,600.014400345608,0,0,0,
5.69413,0,300.003600043201,200.0016000128,1300.06760351538,500.010000200004,100.0004000016,100.0004000016,800.025600819226,0,0,0,
5.82037,100.0004000016,500.010000200004,100.0004000016,1900.14441097523,200.0016000128,0,100.0004000016,1000.04000160006,0,0,0,
5.94664,0,300.003600043201,200.0016000128,1600.10240655402,200.0016000128,0,100.0004000016,800.025600819226,0,0,0,
6.07286,0,800.025600819226,100.0004000016,500.010000200004,100.0004000016,0,100.0004000016,1000.04000160006,0,0,0,
6.19909,0,0,400.006400102402,1000.04000160006,0,0,100.0004000016,1200.05760276493,0,0,100.0004000016,
6.32532,0,400.006400102402,100.0004000016,1100.04840212969,100.0004000016,0,0,1100.04840212969,0,0,0,
6.45164,0,300.003600043201,200.0016000128,600.014400345608,100.0004000016,100.0004000016,200.0016000128,700.019600548815,0,0,0,
6.5779,0,500.010000200004,200.0016000128,1200.05760276493,300.003600043201,0,0,1800.12960933187,0,0,0,
6.70414,0,600.014400345608,100.0004000016,1100.04840212969,0,0,100.0004000016,1000.04000160006,0,0,0,
6.83046,100.0004000016,400.006400102402,400.006400102402,1300.06760351538,100.0004000016,0,0,900.032401166442,0,0,0,
6.95662,0,300.003600043201,100.0004000016,1500.09000540032,400.006400102402,0,0,800.025600819226,0,0,0,
7.08282,0,400.006400102402,0,1100.04840212969,0,100.0004000016,0,600.014400345608,0,0,0,
7.20906,0,500.010000200004,100.0004000016,1100.04840212969,100.0004000016,100.0004000016,100.0004000016,1500.09000540032,0,0,0,
7.33536,0,100.0004000016,100.0004000016,700.019600548815,100.0004000016,0,0,600.014400345608,0,0,0,
7.46163,0,300.003600043201,0,1300.06760351538,100.0004000016,0,0,1000.04000160006,0,0,0,
7.58786,0,100.0004000016,100.0004000016,1200.05760276493,200.0016000128,0,0,1200.05760276493,0,0,0,
7.71407,0,200.0016000128,0,900.032401166442,100.0004000016,0,0,600.014400345608,0,0,0,
7.84028,0,300.003600043201,100.0004000016,1000.04000160006,0,0,0,1000.04000160006,0,0,0,
7.96659,0,600.014400345608,100.0004000016,1300.06760351538,400.006400102402,100.0004000016,0,800.025600819226,0,0,0,
8.09289,0,500.010000200004,0,1300.06760351538,200.0016000128,100.0004000016,200.0016000128,400.006400102402,0,0,0,
8.21913,0,500.010000200004,0,600.014400345608,100.0004000016,0,100.0004000016,800.025600819226,0,0,0,
8.34534,0,700.019600548815,100.0004000016,1100.04840212969,0,0,100.0004000016,1600.10240655402,0,0,0,
8.47162,100.0004000016,300.003600043201,0,1400.07840439065,200.0016000128,100.0004000016,100.0004000016,900.032401166442,0,0,0,
8.59788,0,200.0016000128,0,1200.05760276493,0,0,100.0004000016,1000.04000160006,0,0,0,
8.7241,0,400.006400102402,0,1200.05760276493,300.003600043201,0,100.0004000016,1700.11560786133,0,0,100.0004000016,
8.85033,0,500.010000200004,100.0004000016,1300.06760351538,500.010000200004,0,0,1000.04000160006,0,0,0,
8.9766,0,200.0016000128,100.0004000016,900.032401166442,100.0004000016,0,0,800.025600819226,0,0,0,
9.10294,0,700.019600548815,100.0004000016,1100.04840212969,300.003600043201,100.0004000016,0,800.025600819226,0,0,0,
9.22923,0,200.0016000128,200.0016000128,1100.04840212969,0,100.0004000016,0,700.019600548815,0,0,0,
9.35547,0,200.0016000128,0,1900.14441097523,0,0,0,1600.10240655402,0,0,0,
9.48167,0,500.010000200004,300.003600043201,700.019600548815,200.0016000128,0,300.003600043201,700.019600548815,0,0,0,
9.6079,0,500.010000200004,100.0004000016,900.032401166442,200.0016000128,0,0,200.0016000128,0,0,0,
9.73423,100.0004000016,400.006400102402,100.0004000016,2300.21161946899,200.0016000128,0,0,1100.04840212969,0,0,0,
9.86053,0,500.010000200004,200.0016000128,600.014400345608,100.0004000016,100.0004000016,0,900.032401166442,0,0,0,
9.98682,0,900.032401166442,300.003600043201,1800.12960933187,100.0004000016,0,0,500.010000200004,0,0,0,
10.11311,0,200.0016000128,100.0004000016,700.019600548815,200.0016000128,100.0004000016,0,1200.05760276493,0,0,0,
10.23931,0,400.006400102402,0,2400.23042212052,200.0016000128,0,0,2000.16001280102,0,0,0,
10.36555,0,100.0004000016,0,1100.04840212969,300.003600043201,100.0004000016,0,700.019600548815,0,0,0,
10.49182,0,400.006400102402,0,1000.04000160006,200.0016000128,100.0004000016,0,800.025600819226,0,0,0,
10.61812,0,400.006400102402,300.003600043201,1300.06760351538,100.0004000016,0,200.0016000128,1000.04000160006,0,0,0,
10.74436,0,600.014400345608,100.0004000016,1200.05760276493,300.003600043201,0,0,1300.06760351538,0,0,0,
10.87058,100.0004000016,500.010000200004,200.0016000128,1300.06760351538,300.003600043201,100.0004000016,0,600.014400345608,0,0,0,
10.99686,0,700.019600548815,0,800.025600819226,0,100.0004000016,200.0016000128,400.006400102402,0,0,0,
11.12313,0,800.025600819226,100.0004000016,1200.05760276493,100.0004000016,100.0004000016,0,1300.06760351538,0,0,0,
11.24933,0,200.0016000128,200.0016000128,1200.05760276493,0,0,0,1000.04000160006,0,0,0,
11.37565,100.0004000016,600.014400345608,100.0004000016,500.010000200004,200.0016000128,100.0004000016,0,1000.04000160006,0,0,0,
11.50185,0,400.006400102402,100.0004000016,800.025600819226,0,0,100.0004000016,1100.04840212969,0,0,0,
11.62817,0,500.010000200004,100.0004000016,900.032401166442,0,200.0016000128,100.0004000016,500.010000200004,0,0,0,
11.75448,100.0004000016,300.003600043201,300.003600043201,1100.04840212969,100.0004000016,0,100.0004000016,800.025600819226,0,0,0,
11.8808,0,400.006400102402,0,1000.04000160006,300.003600043201,0,0,400.006400102402,0,0,0,
12.00716,0,500.010000200004,100.0004000016,1100.04840212969,400.006400102402,0,0,900.032401166442,0,0,0,
12.1335,0,600.014400345608,0,700.019600548815,200.0016000128,0,0,700.019600548815,0,0,0,
12.25979,0,500.010000200004,100.0004000016,1200.05760276493,300.003600043201,100.0004000016,100.0004000016,800.025600819226,0,0,0,
12.3861,0,600.014400345608,100.0004000016,1700.11560786133,100.0004000016,0,0,900.032401166442,0,0,0,
12.51242,0,200.0016000128,200.0016000128,1400.07840439065,200.0016000128,0,0,900.032401166442,0,0,0,
12.63865,0,400.006400102402,400.006400102402,1400.07840439065,200.0016000128,0,0,1000.04000160006,0,0,0,
12.76493,100.0004000016,500.010000200004,100.0004000016,1700.11560786133,100.0004000016,0,0,1000.04000160006,0,0,0,
12.8912,0,200.0016000128,100.0004000016,1600.10240655402,300.003600043201,0,0,1200.05760276493,0,0,0,
13.01746,0,300.003600043201,100.0004000016,1500.09000540032,200.0016000128,100.0004000016,0,1200.05760276493,0,0,0,
13.14377,0,600.014400345608,200.0016000128,1700.11560786133,400.006400102402,0,0,1300.06760351538,0,0,0,
13.27,0,300.003600043201,300.003600043201,1000.04000160006,200.0016000128,0,0,800.025600819226,0,0,0,
13.39629,0,100.0004000016,100.0004000016,1500.09000540032,0,100.0004000016,0,1200.05760276493,0,0,0,
13.52255,0,300.003600043201,0,1700.11560786133,200.0016000128,0,100.0004000016,1200.05760276493,0,0,0,
13.64876,0,600.014400345608,100.0004000016,1400.07840439065,200.0016000128,0,0,1000.04000160006,0,0,0,
13.77507,0,400.006400102402,0,700.019600548815,500.010000200004,0,0,700.019600548815,0,0,0,
13.90125,0,700.019600548815,200.0016000128,1000.04000160006,300.003600043201,200.0016000128,0,900.032401166442,0,0,100.0004000016,
14.02745,0,400.006400102402,200.0016000128,1300.06760351538,100.0004000016,100.0004000016,0,900.032401166442,0,0,0,
14.15375,0,500.010000200004,200.0016000128,1600.10240655402,0,0,0,700.019600548815,0,0,0,
14.27998,0,200.0016000128,100.0004000016,1600.10240655402,0,0,100.0004000016,900.032401166442,0,0,0,
14.4062,0,800.025600819226,200.0016000128,1700.11560786133,200.0016000128,100.0004000016,0,1100.04840212969,0,0,0,
14.5324,0,500.010000200004,300.003600043201,1300.06760351538,300.003600043201,200.0016000128,100.0004000016,900.032401166442,0,0,0,
14.65865,0,600.014400345608,100.0004000016,700.019600548815,100.0004000016,0,0,1100.04840212969,0,0,0,
14.78494,0,300.003600043201,0,1100.04840212969,0,0,300.003600043201,1000.04000160006,0,0,0,
14.91123,0,200.0016000128,200.0016000128,1500.09000540032,200.0016000128,0,0,1300.06760351538,0,0,0,
15.03758,0,300.003600043201,200.0016000128,1000.04000160006,100.0004000016,100.0004000016,0,1500.09000540032,0,0,0,
15.16383,100.0004000016,700.019600548815,400.006400102402,1400.07840439065,200.0016000128,0,0,1500.09000540032,0,0,0,
15.29006,0,500.010000200004,0,1200.05760276493,200.0016000128,300.003600043201,0,400.006400102402,0,0,0,
15.41634,0,400.006400102402,0,1600.10240655402,0,100.0004000016,0,900.032401166442,0,0,0,
15.54254,0,100.0004000016,200.0016000128,900.032401166442,0,0,100.0004000016,1100.04840212969,0,0,0,
15.66878,0,600.014400345608,200.0016000128,1100.04840212969,0,100.0004000016,0,1100.04840212969,0,0,0,
15.79509,0,200.0016000128,100.0004000016,1200.05760276493,200.0016000128,100.0004000016,0,1200.05760276493,0,0,100.0004000016,
15.92135,0,300.003600043201,200.0016000128,1100.04840212969,100.0004000016,0,0,200.0016000128,0,0,0,
16.04759,0,300.003600043201,0,1000.04000160006,400.006400102402,100.0004000016,0,900.032401166442,0,0,0,
16.17379,0,500.010000200004,100.0004000016,1700.11560786133,100.0004000016,100.0004000016,0,1200.05760276493,0,0,0,
16.30004,0,500.010000200004,0,1600.10240655402,100.0004000016,0,100.0004000016,1000.04000160006,0,0,0,
16.42631,0,200.0016000128,100.0004000016,700.019600548815,200.0016000128,0,0,700.019600548815,0,0,0,
16.55252,0,600.014400345608,0,1400.07840439065,200.0016000128,0,0,1100.04840212969,0,0,0,
16.6787,0,100.0004000016,100.0004000016,1700.11560786133,300.003600043201,0,0,600.014400345608,0,0,0,
16.80498,0,500.010000200004,300.003600043201,1600.10240655402,0,0,100.0004000016,900.032401166442,0,0,0,
16.93122,0,300.003600043201,300.003600043201,1300.06760351538,200.0016000128,0,100.0004000016,600.014400345608,0,0,0,
17.0575,100.0004000016,300.003600043201,0,1300.06760351538,200.0016000128,200.0016000128,200.0016000128,500.010000200004,0,0,0,
17.18366,100.0004000016,500.010000200004,0,500.010000200004,200.0016000128,0,0,900.032401166442,0,0,0,
17.30985,0,600.014400345608,0,1800.12960933187,100.0004000016,0,0,700.019600548815,0,0,0,
17.43619,0,300.003600043201,400.006400102402,1300.06760351538,100.0004000016,300.003600043201,0,900.032401166442,0,0,0,
17.56252,0,300.003600043201,0,1900.14441097523,200.0016000128,100.0004000016,0,1200.05760276493,0,0,0,
17.6888,0,700.019600548815,100.0004000016,1100.04840212969,200.0016000128,200.0016000128,100.0004000016,1300.06760351538,0,0,0,
17.81503,0,400.006400102402,100.0004000016,1000.04000160006,400.006400102402,100.0004000016,200.0016000128,200.0016000128,0,0,0,
17.9413,0,600.014400345608,100.0004000016,900.032401166442,100.0004000016,0,0,1400.07840439065,0,0,0,
18.06752,0,400.006400102402,100.0004000016,1400.07840439065,100.0004000016,0,0,1200.05760276493,0,0,0,
18.19373,0,600.014400345608,100.0004000016,1100.04840212969,0,0,0,1100.04840212969,0,0,0,
18.31994,0,1000.04000160006,100.0004000016,1300.06760351538,400.006400102402,200.0016000128,200.0016000128,1200.05760276493,0,0,0,
18.44625,0,600.014400345608,0,1100.04840212969,200.0016000128,100.0004000016,0,800.025600819226,0,0,0,
18.57254,0,500.010000200004,200.0016000128,1100.04840212969,400.006400102402,100.0004000016,100.0004000016,1200.05760276493,0,0,0,
18.69883,0,500.010000200004,200.0016000128,2000.16001280102,100.0004000016,100.0004000016,100.0004000016,800.025600819226,0,0,0,
18.82508,0,400.006400102402,100.0004000016,1800.12960933187,100.0004000016,0,100.0004000016,600.014400345608,0,0,0,
18.9514,0,500.010000200004,0,1900.14441097523,300.003600043201,0,0,700.019600548815,0,0,0,
19.07772,0,200.0016000128,200.0016000128,1000.04000160006,300.003600043201,200.0016000128,300.003600043201,500.010000200004,0,0,0,
19.20396,0,600.014400345608,100.0004000016,1500.09000540032,100.0004000016,200.0016000128,0,500.010000200004,0,0,0,
19.33024,100.0004000016,500.010000200004,100.0004000016,2000.16001280102,200.0016000128,100.0004000016,0,900.032401166442,0,0,100.0004000016,
19.45647,0,400.006400102402,100.0004000016,1300.06760351538,0,0,100.0004000016,700.019600548815,0,0,0,
19.58274,0,500.010000200004,0,1500.09000540032,300.003600043201,100.0004000016,0,1500.09000540032,0,0,0,
19.70901,0,300.003600043201,300.003600043201,1300.06760351538,300.003600043201,100.0004000016,0,1100.04840212969,0,0,0,
19.83537,0,300.003600043201,0,800.025600819226,100.0004000016,200.0016000128,100.0004000016,900.032401166442,0,0,0,
19.96164,0,100.0004000016,200.0016000128,1900.14441097523,0,0,100.0004000016,1200.05760276493,0,0,0,
20.08791,0,300.003600043201,100.0004000016,1300.06760351538,100.0004000016,0,0,1200.05760276493,0,0,0,
20.21421,0,500.010000200004,100.0004000016,1500.09000540032,0,200.0016000128,0,1700.11560786133,0,0,0,
20.34051,0,200.0016000128,200.0016000128,1500.09000540032,100.0004000016,100.0004000016,0,1200.05760276493,0,0,0,
20.46683,0,0,200.0016000128,1000.04000160006,0,0,200.0016000128,500.010000200004,0,0,0,
20.59303,0,800.025600819226,200.0016000128,1800.12960933187,200.0016000128,100.0004000016,100.0004000016,800.025600819226,0,0,0,
20.71926,0,300.003600043201,0,1700.11560786133,200.0016000128,0,0,5301.12383825371,34246.8496903764,100.0004000016,0,
20.84556,9203.38684635946,3900.60849492521,267634.787671011,7502.25067520256,0,2100.17641481884,9403.53572943427,215338.995017449,1937469.60219553,8703.02865397158,500.010000200004,
20.97185,50401.4076321559,9603.68781612139,667800.083153908,15209.2472223112,200.0016000128,1800.12960933187,12205.9565067753,311841.892110805,2549602.10916757,7702.37233067785,500.010000200004,
21.09812,58335.8057557995,11305.1099096792,895143.314081157,14708.648685427,300.003600043201,3700.5476810568,9203.38684635946,355381.02038167,2907298.97221601,7502.25067520256,100.0004000016,
21.22432,62154.1422728366,9803.84310649775,915221.979425387,14908.8856958747,0,1000.04000160006,9603.68781612139,356512.566687628,2868472.75382507,8102.62525058119,100.0004000016,
21.35063,63862.7222162069,9203.38684635946,943621.397468733,13106.8679988314,400.006400102402,1400.07840439065,7502.25067520256,361965.978444358,2923820.76727599,6201.53798141939,0,
21.47691,64164.2605068977,8302.75651516303,1060725.39234894,15509.6159618964,300.003600043201,600.014400345608,8703.02865397158,353118.230717432,2903168.52345102,9003.24116682005,500.010000200004,
21.60317,54317.7609056434,7802.43435952017,889166.454531389,15509.6159618964,300.003600043201,400.006400102402,8803.09869073914,349930.439790873,2867646.66407207,8502.8909829342,0,
21.72947,58938.6236428079,10704.5815609081,955365.077783038,15209.2472223112,400.006400102402,900.032401166442,10004.0016006403,361760.146733,2902342.43369802,5901.39272868397,200.0016000128,
21.8557,57029.7998244003,10004.0016006403,869526.525577718,11805.5722300926,400.006400102402,400.006400102402,7402.19104855037,347771.423936407,2861037.94604808,4900.9605882753,100.0004000016,
21.98197,54116.8924877736,8502.8909829342,902226.348159077,12306.0545788528,400.006400102402,200.0016000128,9203.38684635946,353118.230717432,2725559.2265563,5301.12383825371,600.014400345608,
22.10822,56326.6222468108,9203.38684635946,900616.227461284,14708.648685427,400.006400102402,700.019600548815,6801.85010322808,352604.01666376,2922994.67752299,7001.96054895371,200.0016000128,
22.23438,62053.6448245857,11104.9305891816,936408.077219949,12406.1534521122,100.0004000016,300.003600043201,7702.37233067785,338111.763370415,2773472.43223022,7702.37233067785,300.003600043201,
22.3606,53715.1653144341,9103.31360615264,872953.449382154,14608.5313823273,500.010000200004,500.010000200004,7302.132222609,359187.532206168,2783385.50926621,6801.85010322808,100.0004000016,
22.4868,59842.904856798,9003.24116682005,910709.621786554,11505.2924345199,400.006400102402,700.019600548815,8002.56081946223,346023.918535851,2824689.99691614,5801.34591225164,200.0016000128,
22.61298,55924.8242076314,8602.95941803981,918768.506000713,10804.6676164103,200.0016000128,200.0016000128,7102.01697282028,350855.844893324,2946125.19060695,6401.6388195378,0,
22.73928,56125.7216164208,10604.4963064339,925111.685381141,12105.8592358702,200.0016000128,700.019600548815,6801.85010322808,346743.450401492,2737950.57285128,8102.62525058119,100.0004000016,
22.86551,58637.211073913,9903.92195309342,907380.079919086,13006.7635170289,500.010000200004,400.006400102402,7402.19104855037,336262.880956049,2689211.27742435,5901.39272868397,300.003600043201,
22.99179,56728.433172703,10304.2453490838,877131.24052897,12606.3536022155,600.014400345608,600.014400345608,8703.02865397158,358981.74559058,2824689.99691614,5601.25468104855,100.0004000016,
23.11811,52710.9037414721,9903.92195309342,897396.586515951,11605.3848985929,500.010000200004,700.019600548815,8402.82334864514,339344.501564958,2670211.21310538,5401.16665199683,100.0004000016,
23.24435,55322.1513100927,9403.53572943427,820044.617037098,11405.2007715518,400.006400102402,400.006400102402,7202.07419736884,305795.22955393,2565297.81447455,6101.48876325823,0,
23.37051,54819.9460419398,8903.16952835209,875309.986213635,12005.7627661277,100.0004000016,300.003600043201,9003.24116682005,328972.69739375,2889951.08740304,6001.44034568296,200.0016000128,
23.49673,58034.4076882059,10504.4118529783,898147.764471885,11905.6670975384,800.025600819226,400.006400102402,8502.8909829342,353838.165436836,2898211.98493303,7102.01697282028,300.003600043201,
23.62296,52710.9037414721,11004.8421305374,905554.565387692,9903.92195309342,400.006400102402,300.003600043201,8002.56081946223,359907.811663123,2915559.869746,6401.6388195378,0,
23.74924,59541.4705339888,9103.31360615264,878738.442555411,12105.8592358702,200.0016000128,500.010000200004,8703.02865397158,338625.389708059,2810646.47111516,6201.53798141939,300.003600043201,
23.87548,54518.6325444167,10004.0016006403,857539.437919151,11205.0198488923,200.0016000128,400.006400102402,8903.16952835209,344687.753446878,2775950.70148922,5601.25468104855,100.0004000016,
24.00168,54217.3262941004,7502.25067520256,908668.833322279,11705.4781637807,300.003600043201,500.010000200004,8703.02865397158,355483.884054443,2881690.18987305,6101.48876325823,200.0016000128,
24.12797,60043.8651007815,8102.62525058119,896967.361534095,11805.5722300926,100.0004000016,600.014400345608,7302.132222609,343146.199541796,2861864.03580108,4900.9605882753,0,
24.25423,56226.1715289109,8803.09869073914,839579.621047061,10304.2453490838,600.014400345608,300.003600043201,8602.95941803981,343557.262247021,2831298.71494013,5601.25468104855,100.0004000016,
24.38041,56226.1715289109,8602.95941803981,873488.988243087,12606.3536022155,200.0016000128,600.014400345608,10704.5815609081,361760.146733,2881690.18987305,6701.7960813498,0,
24.50664,55924.8242076314,9703.76506084361,874560.132477748,10104.0820491479,300.003600043201,300.003600043201,7402.19104855037,349416.355037842,2832124.80469313,5201.0818250196,100.0004000016,
24.63289,50501.811652291,9203.38684635946,848128.802259747,11905.6670975384,200.0016000128,600.014400345608,7902.49718911176,338111.763370415,2728037.49581529,6101.48876325823,0,
24.7592,50301.0044168691,9103.31360615264,788859.817500968,10904.7544729502,800.025600819226,800.025600819226,8803.09869073914,346846.244002936,2823037.81741014,6401.6388195378,200.0016000128,
24.88547,51907.5524486736,6901.90492575951,854330.496940916,10804.6676164103,200.0016000128,200.0016000128,6801.85010322808,360113.613308988,3021299.35812983,5901.39272868397,0,
25.01172,57331.1737254839,10804.6676164103,856897.586000041,12306.0545788528,200.0016000128,100.0004000016,8202.69048247825,356615.439541715,2987429.67825689,7802.43435952017,100.0004000016,
25.13804,55322.1513100927,9403.53572943427,854972.221417845,11805.5722300926,300.003600043201,900.032401166442,7402.19104855037,341913.091429568,2736298.39334528,6101.48876325823,0,
25.26423,49297.0165285281,8502.8909829342,834559.613763,11905.6670975384,300.003600043201,100.0004000016,7602.31110257518,351472.819164902,3038647.24294281,7202.07419736884,0,
25.39051,52710.9037414721,7602.31110257518,849732.403570158,10804.6676164103,400.006400102402,300.003600043201,6701.7960813498,342426.871893018,2806516.02235017,4600.84655576626,100.0004000016,
25.51671,47590.4218014227,6601.74286011507,836481.939265665,10204.1632986258,100.0004000016,700.019600548815,7202.07419736884,331025.845752291,2687559.09791836,5501.21026625858,100.0004000016,
25.64295,51807.1371596461,8102.62525058119,823245.052266248,10304.2453490838,300.003600043201,200.0016000128,6701.7960813498,346229.494900339,3022125.44788283,6601.74286011507,0,
25.76917,46486.2785329572,6501.69043951427,797237.838150194,9603.68781612139,500.010000200004,800.025600819226,8703.02865397158,357541.332792372,2645428.52051542,5401.16665199683,100.0004000016,
25.89534,49799.0004128207,8502.8909829342,792553.586609332,8903.16952835209,100.0004000016,300.003600043201,9703.76506084361,361142.671644214,2890777.17715604,6501.69043951427,300.003600043201,
26.02154,51003.8438260298,8903.16952835209,788509.465414514,9403.53572943427,400.006400102402,800.025600819226,6401.6388195378,337392.721479217,2823863.90716314,7202.07419736884,0,
26.14777,47891.5686793148,7102.01697282028,815147.074102044,9703.76506084361,100.0004000016,200.0016000128,6601.74286011507,339036.305771219,2790820.31704319,6601.74286011507,300.003600043201,
26.274,43575.8219301585,7702.37233067785,778617.358702242,10704.5815609081,100.0004000016,400.006400102402,6601.74286011507,346949.038438141,2808994.29160917,6301.58800017604,100.0004000016,
26.40034,48795.0527627819,7902.49718911176,780212.346453055,8202.69048247825,500.010000200004,300.003600043201,7502.25067520256,329075.346907016,2864342.30506008,5601.25468104855,0,
26.52668,48293.1091143725,6901.90492575951,759811.396964876,9703.76506084361,300.003600043201,300.003600043201,7302.132222609,341091.0860178,2763559.35519424,7702.37233067785,0,
26.65291,43776.5213593361,6401.6388195378,773089.595506823,8002.56081946223,200.0016000128,600.014400345608,6801.85010322808,344687.753446878,2797429.03506718,5701.29989637637,200.0016000128,
26.77914,42572.3730341581,6501.69043951427,729800.048577863,9503.61137232148,200.0016000128,600.014400345608,6701.7960813498,333490.063191858,2754472.36791125,4900.9605882753,100.0004000016,
26.90537,41569.0045475489,5801.34591225164,754079.446184276,8102.62525058119,100.0004000016,600.014400345608,6101.48876325823,338830.846073698,2805689.93259717,5701.29989637637,0,
27.03166,43274.7788177972,6201.53798141939,787476.277679859,9703.76506084361,300.003600043201,400.006400102402,6101.48876325823,342015.845855668,2786689.8682782,4200.70571856072,0,
27.15797,39161.2481921726,5701.29989637637,764589.97200935,10404.3282005314,400.006400102402,500.010000200004,5701.29989637637,324456.942345328,2617341.46891346,4700.88376614804,0,
27.28429,38659.6905622281,6001.44034568296,739654.717975751,7202.07419736884,200.0016000128,100.0004000016,7502.25067520256,327535.691563297,2679298.20038837,5101.04061228491,0,
27.41055,37857.2401471024,5001.00020004001,721328.949047076,11605.3848985929,400.006400102402,300.003600043201,7402.19104855037,339858.17788175,2680950.37989437,4900.9605882753,0,
27.53681,43575.8219301585,6401.6388195378,732660.304180631,10204.1632986258,200.0016000128,300.003600043201,6101.48876325823,353941.016591619,2777602.88099521,5501.21026625858,0,
27.66312,36854.249455198,6401.6388195378,795085.74669596,8402.82334864514,300.003600043201,400.006400102402,7202.07419736884,352192.660438816,2647906.78977442,6701.7960813498,100.0004000016,
27.78935,36453.0756781874,5301.12383825371,764165.137992869,7902.49718911176,100.0004000016,400.006400102402,6401.6388195378,345098.866161657,2770994.16297123,7001.96054895371,200.0016000128,
27.91561,38860.311202987,4700.88376614804,781701.179770646,9103.31360615264,500.010000200004,300.003600043201,5301.12383825371,360010.712068525,2842037.88172911,7402.19104855037,0,
28.04195,35751.0525029742,5701.29989637637,806824.563142074,8803.09869073914,200.0016000128,400.006400102402,6901.90492575951,353426.76916212,2867646.66407207,7902.49718911176,300.003600043201,
28.16818,42070.6787402837,5201.0818250196,812366.80818727,10304.2453490838,400.006400102402,400.006400102402,7302.132222609,381329.088221439,2992386.21677488,4700.88376614804,0,
28.29441,38459.0731363374,5901.39272868397,785849.550913644,7502.25067520256,500.010000200004,200.0016000128,6701.7960813498,356101.083618336,2824689.99691614,6501.69043951427,0,
28.42057,37556.3345017526,5201.0818250196,791914.956834651,8903.16952835209,100.0004000016,200.0016000128,7602.31110257518,356615.439541715,2880038.01036706,7502.25067520256,100.0004000016,
28.54673,35650.7666917691,4100.67251029169,795001.960420149,8602.95941803981,300.003600043201,500.010000200004,6901.90492575951,372879.842160389,2854429.22802409,5301.12383825371,0,
28.67309,31940.756405173,5501.21026625858,806611.447399932,9003.24116682005,400.006400102402,500.010000200004,6901.90492575951,359187.532206168,2893255.44641503,6501.69043951427,100.0004000016,
28.79931,32141.2693898966,6101.48876325823,782658.377713883,9303.46088745013,400.006400102402,300.003600043201,7001.96054895371,365671.520641569,2901516.34394502,6201.53798141939,0,
28.92558,34647.952766629,5601.25468104855,826766.447517945,10004.0016006403,300.003600043201,200.0016000128,7202.07419736884,374734.072786917,3014690.64010584,6401.6388195378,0,
29.05182,35550.4816839913,5601.25468104855,835734.334244129,7402.19104855037,600.014400345608,300.003600043201,7902.49718911176,371746.834620865,2887472.81814404,6001.44034568296,100.0004000016,
29.17801,33244.1482288479,5801.34591225164,854651.355197405,8903.16952835209,300.003600043201,300.003600043201,7202.07419736884,390505.982003209,3040299.4224488,5901.39272868397,0,
29.30424,31740.2466327303,5801.34591225164,818231.389186085,9503.61137232148,300.003600043201,200.0016000128,8803.09869073914,367730.623112641,2777602.88099521,6301.58800017604,300.003600043201,
29.43037,33143.8825004306,5301.12383825371,791063.499661621,7902.49718911176,600.014400345608,600.014400345608,7602.31110257518,356101.083618336,2914733.779993,7302.132222609,0,
29.55665,32943.3534531443,5101.04061228491,812260.204102704,10604.4963064339,100.0004000016,700.019600548815,6001.44034568296,364127.413143082,2790820.31704319,5201.0818250196,0,
29.68293,32742.827618525,5101.04061228491,819937.94952512,8502.8909829342,400.006400102402,300.003600043201,7001.96054895371,358878.853535231,2882516.27962605,5801.34591225164,0,
29.80921,32141.2693898966,4000.64010241639,790212.0987043,10104.0820491479,600.014400345608,200.0016000128,6801.85010322808,357026.93930542,2861864.03580108,6101.48876325823,0,
29.93552,34447.3996218797,4900.9605882753,826232.8410509,8002.56081946223,200.0016000128,700.019600548815,7702.37233067785,359702.013357462,2824689.99691614,5801.34591225164,100.0004000016,
30.06178,32642.5659059413,7502.25067520256,847487.417443125,8102.62525058119,400.006400102402,300.003600043201,6801.85010322808,361142.671644214,2861864.03580108,6201.53798141939,200.0016000128,
30.18803,28532.5270808722,6201.53798141939,832210.49325056,6501.69043951427,600.014400345608,400.006400102402,5301.12383825371,361554.318362577,2826342.17642214,7602.31110257518,0,
30.31435,34748.2305439951,5101.04061228491,836161.531815683,8302.75651516303,200.0016000128,800.025600819226,8402.82334864514,381019.870292836,3004777.56306986,5901.39272868397,300.003600043201,
30.44057,32742.827618525,5001.00020004001,855507.016150384,8102.62525058119,300.003600043201,400.006400102402,8202.69048247825,375043.137573334,2927951.21604098,5201.0818250196,100.0004000016,
30.56688,34046.302972042,3800.57768780855,809382.226627024,10304.2453490838,300.003600043201,300.003600043201,6401.6388195378,367524.697822046,2836255.25345812,5301.12383825371,100.0004000016,
30.69319,30437.0114058695,6201.53798141939,860749.175559316,7102.01697282028,200.0016000128,800.025600819226,7001.96054895371,362274.732275828,3009734.10158785,6401.6388195378,0,
30.81942,35149.3496869605,6301.58800017604,857218.507976435,9403.53572943427,200.0016000128,200.0016000128,8102.62525058119,369893.040530941,2886646.72839104,5001.00020004001,100.0004000016,
30.94566,35951.6265357053,5201.0818250196,831463.13540233,7802.43435952017,100.0004000016,600.014400345608,8602.95941803981,364230.347794327,2917212.049252,6001.44034568296,200.0016000128,
31.07196,31339.2367243789,5001.00020004001,920296.100506347,9403.53572943427,1000.04000160006,400.006400102402,9003.24116682005,378134.199573647,2869298.84357807,7402.19104855037,0,
31.19817,31840.5011174214,5601.25468104855,836588.743515016,8502.8909829342,300.003600043201,0,9103.31360615264,355689.613903843,2761081.08593524,4700.88376614804,0,
31.32448,33544.9502333126,6101.48876325823,847166.73697096,8903.16952835209,400.006400102402,300.003600043201,11205.0198488923,358570.182378837,2718124.41877931,5901.39272868397,100.0004000016,
31.4508,30437.0114058695,5401.16665199683,838831.836748193,8302.75651516303,400.006400102402,200.0016000128,7302.132222609,363509.822780084,2833776.98419913,4500.81014582625,0,
31.57701,36453.0756781874,5201.0818250196,831463.13540233,7202.07419736884,300.003600043201,400.006400102402,8502.8909829342,369378.14580289,2732994.03433328,5301.12383825371,0,
31.70322,31840.5011174214,4900.9605882753,839900.113282122,7402.19104855037,400.006400102402,600.014400345608,8402.82334864514,350855.844893324,2649558.96928041,4900.9605882753,100.0004000016,
31.82949,33043.6175751993,6001.44034568296,841182.161728589,9303.46088745013,700.019600548815,300.003600043201,8903.16952835209,358364.405782519,2689211.27742435,4400.77453631839,0,
31.95578,31840.5011174214,8002.56081946223,821538.054749924,6801.85010322808,100.0004000016,500.010000200004,9103.31360615264,332873.963885455,2657819.8668104,5401.16665199683,0,
32.08215,29735.3255667733,6101.48876325823,814179.212357764,6601.74286011507,300.003600043201,700.019600548815,10104.0820491479,338625.389708059,2694993.90569534,4800.92177698118,0,
32.20846,28933.4470648069,4500.81014582625,846846.064455831,9703.76506084361,200.0016000128,400.006400102402,10604.4963064339,359084.638480889,2964299.16517292,6401.6388195378,100.0004000016,
32.33477,35650.7666917691,4700.88376614804,862033.293747181,6701.7960813498,300.003600043201,400.006400102402,8302.75651516303,367215.816154655,2834603.07395213,5601.25468104855,0,
32.46109,36152.2037822616,6201.53798141939,859786.170600113,10004.0016006403,500.010000200004,400.006400102402,9103.31360615264,351986.987332119,2897385.89518003,6601.74286011507,0,
32.58728,33946.0308177889,4700.88376614804,860535.168258986,7902.49718911176,200.0016000128,500.010000200004,9403.53572943427,361451.405430191,2882516.27962605,3900.60849492521,0,
32.7136,30938.239664225,5201.0818250196,884740.42782299,8903.16952835209,600.014400345608,400.006400102402,10804.6676164103,364642.094754186,2836255.25345812,4100.67251029169,0,
32.83987,32742.827618525,5701.29989637637,909742.89243933,7402.19104855037,500.010000200004,500.010000200004,9803.84310649775,371952.828465301,2857733.58703609,6301.58800017604,0,
32.96612,34748.2305439951,6101.48876325823,862247.325843627,8202.69048247825,800.025600819226,400.006400102402,8402.82334864514,359804.912092772,2940342.56233596,5301.12383825371,0,
33.09238,35951.6265357053,4600.84655576626,850053.147709272,7802.43435952017,100.0004000016,700.019600548815,9603.68781612139,340269.133930418,2764385.44494724,6101.48876325823,0,
33.21858,31238.986254846,5101.04061228491,838511.371012084,8402.82334864514,200.0016000128,200.0016000128,9403.53572943427,346846.244002936,2731341.85482729,5201.0818250196,100.0004000016,
33.3449,33043.6175751993,5301.12383825371,806504.890848807,9003.24116682005,200.0016000128,100.0004000016,8703.02865397158,358055.747149755,2913081.600487,4800.92177698118,200.0016000128,
33.47118,34146.5759295679,7202.07419736884,895572.478599899,7602.31110257518,500.010000200004,200.0016000128,7602.31110257518,356821.187754075,2909777.24147501,5701.29989637637,0,
33.59745,32742.827618525,4600.84655576626,856041.833007202,8202.69048247825,100.0004000016,300.003600043201,9303.46088745013,355175.295539923,2740428.84211027,5501.21026625858,100.0004000016,
33.72373,30737.7459520291,5301.12383825371,843319.191869072,9503.61137232148,200.0016000128,0,9703.76506084361,336571.009287373,2799081.21457318,5601.25468104855,0,
33.85006,33444.6820952793,5701.29989637637,850587.738962833,6601.74286011507,600.014400345608,400.006400102402,11905.6670975384,366906.942009221,2932081.66480597,5801.34591225164,100.0004000016,
33.97631,33946.0308177889,5701.29989637637,875524.238121064,8903.16952835209,200.0016000128,400.006400102402,11305.1099096792,378443.347193347,2885820.63863805,7602.31110257518,200.0016000128,
34.1025,39562.5087638469,4900.9605882753,892890.433716272,6801.85010322808,800.025600819226,600.014400345608,9803.84310649775,368142.4837238,2897385.89518003,6001.44034568296,200.0016000128,
34.22874,38760.0004807442,5801.34591225164,907702.256249974,7102.01697282028,300.003600043201,300.003600043201,9003.24116682005,356512.566687628,3032864.61467182,6001.44034568296,100.0004000016,
34.35502,38459.0731363374,6501.69043951427,884418.822321066,7502.25067520256,200.0016000128,200.0016000128,10604.4963064339,351267.157737612,2804037.75309117,5701.29989637637,300.003600043201,
34.48139,36051.9147572504,4700.88376614804,845563.453959747,7001.96054895371,200.0016000128,0,12606.3536022155,359496.218391924,2799907.30432618,7001.96054895371,200.0016000128,
34.6077,37054.8411649241,6801.85010322808,905984.075073469,7102.01697282028,300.003600043201,200.0016000128,11305.1099096792,350855.844893324,2851950.9587651,8002.56081946223,0,
34.73404,37857.2401471024,4000.64010241639,844494.709115043,9303.46088745013,300.003600043201,100.0004000016,11305.1099096792,350547.369018792,2853603.1382711,6501.69043951427,200.0016000128,
34.86034,34046.302972042,5101.04061228491,844708.451012906,9303.46088745013,200.0016000128,300.003600043201,10104.0820491479,373497.888924976,2837907.43296412,6701.7960813498,0,
34.98662,38559.381447429,6301.58800017604,910279.955392862,6401.6388195378,0,400.006400102402,10904.7544729502,382050.626022897,3008908.01183485,5901.39272868397,0,
35.11285,38158.1530252104,4900.9605882753,853367.969952182,7302.132222609,400.006400102402,400.006400102402,10404.3282005314,352295.498243593,2822211.72765714,6301.58800017604,200.0016000128,
35.23908,37656.6355799122,6201.53798141939,829221.321298983,8302.75651516303,400.006400102402,400.006400102402,11004.8421305374,363818.614202115,2848646.5997531,6301.58800017604,100.0004000016,
35.36533,36152.2037822616,5601.25468104855,930920.02904263,7502.25067520256,100.0004000016,300.003600043201,13307.0793662228,363201.038876715,2809820.38136216,5601.25468104855,200.0016000128,
35.49164,36854.249455198,5601.25468104855,872203.732220622,7802.43435952017,200.0016000128,200.0016000128,11705.4781637807,370407.956159935,2982473.1397389,5501.21026625858,0,
35.61785,35650.7666917691,5501.21026625858,854437.448808214,7902.49718911176,200.0016000128,100.0004000016,8502.8909829342,351575.651129869,2903168.52345102,5501.21026625858,100.0004000016,
35.74415,41167.6796653699,7202.07419736884,879059.906918197,6501.69043951427,0,300.003600043201,11505.2924345199,353015.386237978,2831298.71494013,6601.74286011507,0,
35.87039,35951.6265357053,6801.85010322808,842998.614815274,8102.62525058119,200.0016000128,300.003600043201,10904.7544729502,355586.748561831,3105560.5129357,6201.53798141939,100.0004000016,
35.9966,38459.0731363374,7602.31110257518,851229.277654611,7001.96054895371,400.006400102402,300.003600043201,11805.5722300926,356924.06311237,2944473.01110095,6201.53798141939,100.0004000016,
36.12283,41468.6721210324,4700.88376614804,835947.931263977,5701.29989637637,200.0016000128,200.0016000128,11104.9305891816,350444.545395548,2960994.80616093,6101.48876325823,0,
36.24914,40866.6944453348,6401.6388195378,877774.097383239,7302.132222609,400.006400102402,700.019600548815,12706.4548790786,356718.313230527,2865168.39481308,5901.39272868397,100.0004000016,
36.3754,38258.4589252378,7302.132222609,848556.409821624,6301.58800017604,500.010000200004,200.0016000128,12806.5569571621,366906.942009221,3058473.39701478,6901.90492575951,0,
36.50166,41368.3404985035,6801.85010322808,870276.087586407,7001.96054895371,300.003600043201,0,14508.4148806308,362892.262491732,3008908.01183485,7001.96054895371,0,
36.62791,40164.423735672,7001.96054895371,886399.37488917,6501.69043951427,500.010000200004,400.006400102402,12306.0545788528,357438.452425388,3011386.28109385,6901.90492575951,100.0004000016,
36.75423,38057.8479288519,6401.6388195378,839365.963973722,6601.74286011507,100.0004000016,400.006400102402,11605.3848985929,380092.26171139,2996516.66553987,6701.7960813498,300.003600043201,
36.88044,35650.7666917691,6601.74286011507,870918.603881052,6801.85010322808,200.0016000128,300.003600043201,13507.2939387269,368554.357708793,2919690.31851099,6101.48876325823,100.0004000016,
37.0068,41870.0066511207,6201.53798141939,882810.914677831,7302.132222609,200.0016000128,200.0016000128,13006.7635170289,376485.53946348,2975864.42171491,6601.74286011507,0,
37.13303,34647.952766629,7102.01697282028,833705.33869021,6101.48876325823,300.003600043201,500.010000200004,13507.2939387269,370510.941793959,3003125.38356386,4600.84655576626,0,
37.25929,36954.5449082846,6501.69043951427,859572.179237867,6201.53798141939,700.019600548815,0,15209.2472223112,376176.439539737,3018821.08887084,6301.58800017604,0,
37.38558,39562.5087638469,6401.6388195378,833491.778749576,5601.25468104855,600.014400345608,200.0016000128,12306.0545788528,348902.291135185,2832950.89444613,5601.25468104855,0,
37.51186,36553.3679171591,5501.21026625858,824205.337553353,5701.29989637637,400.006400102402,700.019600548815,11505.2924345199,354043.868580863,2761081.08593524,5001.00020004001,0,
37.63815,39161.2481921726,5801.34591225164,839259.136762031,5301.12383825371,500.010000200004,300.003600043201,10104.0820491479,391228.04166599,2932907.75455897,7102.01697282028,100.0004000016,
37.76436,37355.7347562563,6501.69043951427,843853.504633286,5401.16665199683,200.0016000128,300.003600043201,15109.1259120509,360628.132037574,2907298.97221601,6901.90492575951,0,
37.89057,37456.0342272039,6301.58800017604,842036.931371819,6701.7960813498,700.019600548815,100.0004000016,14808.7667899396,363303.966009115,2948603.45986595,6401.6388195378,0,
38.01682,36453.0756781874,5301.12383825371,804373.944601106,7702.37233067785,200.0016000128,600.014400345608,15609.7404780583,343660.030006894,2907298.97221601,6201.53798141939,0,
38.1431,42371.6929043942,5001.00020004001,822924.973040866,5501.21026625858,300.003600043201,400.006400102402,11305.1099096792,354352.429555467,2893255.44641503,6901.90492575951,0,
38.26938,38659.6905622281,5401.16665199683,799048.118320626,6201.53798141939,500.010000200004,300.003600043201,16010.246557797,353941.016591619,2796602.94531419,6001.44034568296,0,
38.39562,37756.9374616922,5301.12383825371,806185.226475082,5601.25468104855,300.003600043201,1000.04000160006,15910.1188355794,353632.465630616,2965125.25492592,6601.74286011507,0,
38.52194,41268.0096799526,6301.58800017604,832317.262187687,7902.49718911176,400.006400102402,800.025600819226,15409.4922472243,368039.517317239,2809820.38136216,5701.29989637637,100.0004000016,
38.64823,37456.0342272039,4500.81014582625,836909.161561293,6301.58800017604,400.006400102402,300.003600043201,15109.1259120509,363921.546346987,3885389.23976649,8102.62525058119,100.0004000016,
38.77446,40565.7164606663,5001.00020004001,844067.235925321,6101.48876325823,400.006400102402,200.0016000128,16110.3750815525,340474.616953386,3412039.81129822,6301.58800017604,100.0004000016,
38.90075,36553.3679171591,6201.53798141939,834666.402119683,5301.12383825371,0,400.006400102402,15409.4922472243,351267.157737612,3127864.93626667,7001.96054895371,0,
39.02697,33444.6820952793,4000.64010241639,818605.923654817,4300.73972723308,400.006400102402,400.006400102402,15910.1188355794,359804.912092772,2984951.40899789,6901.90492575951,100.0004000016,
39.15324,36753.9548056547,6101.48876325823,777235.195618282,6301.58800017604,300.003600043201,300.003600043201,14007.84439286,345098.866161657,2695819.99544834,5801.34591225164,21819.0261908384,
39.27948,34246.8496903764,4600.84655576626,808529.615803905,4900.9605882753,600.014400345608,300.003600043201,14708.648685427,344790.530375225,2669385.12335238,5401.16665199683,0,
39.40568,36252.4936107484,5701.29989637637,788296.652060175,6501.69043951427,100.0004000016,200.0016000128,13607.4024269202,355792.480080489,2808994.29160917,5601.25468104855,0,
39.53188,38158.1530252104,6301.58800017604,805119.735755574,4900.9605882753,200.0016000128,0,14708.648685427,356615.439541715,2766863.71420623,5401.16665199683,100.0004000016,
39.6582,34647.952766629,5701.29989637637,809169.068640001,6901.90492575951,900.032401166442,300.003600043201,13907.7326993809,361348.493333009,2753646.27815825,5801.34591225164,0,
39.78452,32742.827618525,5001.00020004001,800432.6216542,5801.34591225164,500.010000200004,500.010000200004,15910.1188355794,354660.998040592,2774298.52198322,6401.6388195378,100.0004000016,
39.91083,35550.4816839913,6701.7960813498,815032.196508156,6101.48876325823,400.006400102402,300.003600043201,18213.259252736,355483.884054443,2817255.18913915,6001.44034568296,0,
40.03711,34146.5759295679,4300.73972723308,864923.025989075,5301.12383825371,400.006400102402,300.003600043201,16811.2971917128,361039.762052581,2751994.09865225,5901.39272868397,100.0004000016,
40.1634,34748.2305439951,4500.81014582625,812366.80818727,6601.74286011507,200.0016000128,100.0004000016,15009.0054032419,338625.389708059,2765211.53470023,6101.48876325823,100.0004000016,
40.2896,34848.5091247016,4800.92177698118,810981.023766751,5801.34591225164,200.0016000128,100.0004000016,17011.567866149,337700.877292555,2741254.93186327,6601.74286011507,0,
40.41582,33344.4147604609,7102.01697282028,803841.263025779,6001.44034568296,200.0016000128,400.006400102402,18213.259252736,352604.01666376,2659472.0463164,7302.132222609,100.0004000016,
40.54217,33344.4147604609,5301.12383825371,814392.453110738,5101.04061228491,700.019600548815,700.019600548815,16010.246557797,365259.74025974,2966777.43443192,6601.74286011507,0,
40.66849,37857.2401471024,4400.77453631839,824738.860240645,7102.01697282028,400.006400102402,300.003600043201,19515.221873061,353632.465630616,3058473.39701478,7902.49718911176,100.0004000016,
40.79476,34246.8496903764,6501.69043951427,842357.484566944,5801.34591225164,200.0016000128,500.010000200004,16110.3750815525,328767.400863204,2780907.24000721,7802.43435952017,100.0004000016,
40.92095,36453.0756781874,5501.21026625858,829968.549430294,5601.25468104855,400.006400102402,600.014400345608,16811.2971917128,338111.763370415,2666906.85409339,5701.29989637637,0,
41.04719,38057.8479288519,5901.39272868397,847808.105872622,6101.48876325823,400.006400102402,400.006400102402,17011.567866149,350855.844893324,2797429.03506718,6301.58800017604,100.0004000016,
41.17348,32542.3049964954,6401.6388195378,986014.242009036,6001.44034568296,500.010000200004,500.010000200004,19415.0660912868,506997.779734553,2672689.48236438,7402.19104855037,0,
41.29972,37556.3345017526,5401.16665199683,817378.193609683,5401.16665199683,400.006400102402,100.0004000016,15709.8657957197,316763.342946952,2552906.46817956,5501.21026625858,400.006400102402,
41.42596,70900.5066327574,5701.29989637637,1364412.38308242,6001.44034568296,800.025600819226,700.019600548815,17512.2585810067,321584.118302441,2614863.19965447,5101.04061228491,0,
41.55222,34748.2305439951,5101.04061228491,839045.484988548,6401.6388195378,400.006400102402,500.010000200004,19014.4509827469,356718.313230527,2666080.76434039,6001.44034568296,0,
41.67848,35249.6314811254,6101.48876325823,822071.467230758,4500.81014582625,400.006400102402,800.025600819226,27229.6258329062,338009.040601626,2718950.50853231,6901.90492575951,0,
41.80472,36252.4936107484,6601.74286011507,845777.213535744,5101.04061228491,500.010000200004,300.003600043201,20016.0128102482,342940.673189602,2566949.99398054,6701.7960813498,200.0016000128,
41.93087,38158.1530252104,7502.25067520256,830075.299835514,5901.39272868397,800.025600819226,300.003600043201,18113.1138944596,329383.300438908,2647906.78977442,6801.85010322808,0,
42.05706,38559.381447429,7202.07419736884,769264.071048953,5301.12383825371,200.0016000128,200.0016000128,18613.8487034354,307639.667801799,2537210.76287259,7702.37233067785,200.0016000128,
42.18335,33544.9502333126,6401.6388195378,800006.604801691,7502.25067520256,100.0004000016,400.006400102402,19915.8530190031,338111.763370415,2676819.93112937,6601.74286011507,0,
42.30963,38760.0004807442,6001.44034568296,816525.054421235,5301.12383825371,100.0004000016,300.003600043201,18113.1138944596,330923.180429126,2726385.31630929,7402.19104855037,0,
42.43592,37155.1382251261,5201.0818250196,857539.437919151,5801.34591225164,600.014400345608,100.0004000016,20216.3347985172,364642.094754186,2818081.27889215,7102.01697282028,100.0004000016,
42.56212,40666.0416516423,6201.53798141939,863745.649717982,6701.7960813498,300.003600043201,300.003600043201,20116.1734034163,343454.495320585,2690037.36717735,8803.09869073914,100.0004000016,
42.68836,44077.5765347011,6101.48876325823,842357.484566944,5801.34591225164,700.019600548815,300.003600043201,19114.6035571176,336981.858720989,2660298.1360694,6301.58800017604,100.0004000016,
42.81458,33845.7594667991,6201.53798141939,847059.845248483,4600.84655576626,0,500.010000200004,21718.8519635043,326406.729935408,2532254.2243546,6701.7960813498,100.0004000016,
42.94085,35349.9140786791,6401.6388195378,816311.778434086,5501.21026625858,200.0016000128,400.006400102402,19515.221873061,311431.85757561,2604950.12261848,6801.85010322808,0,
43.06702,35851.3391176164,6501.69043951427,819989.463475926,5201.0818250196,200.0016000128,100.0004000016,19815.6940296715,336057.466232103,2633037.17422044,7202.07419736884,100.0004000016,
43.19331,41970.3422936842,7502.25067520256,840754.798111351,5901.39272868397,600.014400345608,400.006400102402,20016.0128102482,335338.540927719,2622298.00743146,7302.132222609,100.0004000016,
43.3196,39161.2481921726,5601.25468104855,829861.799907426,6101.48876325823,300.003600043201,200.0016000128,23221.549598027,327740.968127571,2469471.4031267,6801.85010322808,0,
43.44587,38459.0731363374,6101.48876325823,841502.693718241,5401.16665199683,500.010000200004,400.006400102402,19915.8530190031,333592.749323086,2665254.67458739,6701.7960813498,0,
43.57208,42171.0159909287,5601.25468104855,825523.622760363,6201.53798141939,800.025600819226,0,23822.6791905894,328254.174096288,2627254.54594945,7102.01697282028,100.0004000016,
43.69832,38057.8479288519,6001.44034568296,849090.939169851,5201.0818250196,400.006400102402,100.0004000016,20116.1734034163,335133.141191684,2710689.61100232,8903.16952835209,100.0004000016,
43.82461,45382.2326054811,6801.85010322808,854972.221417845,4800.92177698118,400.006400102402,300.003600043201,21718.8519635043,333284.693426722,2747863.64988726,6401.6388195378,100.0004000016,
43.95086,36753.9548056547,5401.16665199683,832957.894345269,4000.64010241639,400.006400102402,300.003600043201,21017.6548300572,326201.474997974,2633863.26397344,7502.25067520256,100.0004000016,
44.07707,37756.9374616922,6001.44034568296,836268.333416009,7102.01697282028,200.0016000128,500.010000200004,21518.505915087,331128.511907657,2639645.89224443,8402.82334864514,100.0004000016,
44.20338,38659.6905622281,6901.90492575951,895787.066193775,4900.9605882753,400.006400102402,400.006400102402,26127.2768770597,339960.915644284,2680950.37989437,6301.58800017604,100.0004000016,
44.32961,39161.2481921726,6501.69043951427,827940.459365418,5401.16665199683,300.003600043201,200.0016000128,23221.549598027,327535.691563297,2566949.99398054,9103.31360615264,100.0004000016,
44.4559,38158.1530252104,5601.25468104855,851550.058941534,7001.96054895371,100.0004000016,600.014400345608,22720.6303323418,357849.978902269,2662776.40532839,6201.53798141939,100.0004000016,
44.58213,40866.6944453348,4800.92177698118,911783.85011795,5801.34591225164,300.003600043201,300.003600043201,25726.4467872973,343968.338287234,2681776.46964736,8903.16952835209,200.0016000128,
44.70836,36653.6609596449,6001.44034568296,882167.807552624,6801.85010322808,400.006400102402,400.006400102402,24624.2302425587,329999.229968023,3286474.16884242,7602.31110257518,0,
44.83468,40064.1025641026,6301.58800017604,847487.417443125,5801.34591225164,300.003600043201,200.0016000128,26728.5460872212,331641.855167858,2618993.64841946,7102.01697282028,0,
44.96086,34347.1242544771,5801.34591225164,836802.354662819,5801.34591225164,600.014400345608,300.003600043201,24724.4277346018,336365.589567093,2683428.64915336,7802.43435952017,0,
45.08706,51807.1371596461,7202.07419736884,905339.815885569,7102.01697282028,600.014400345608,600.014400345608,23221.549598027,335133.141191684,2566949.99398054,7502.25067520256,0,
45.21334,36453.0756781874,6501.69043951427,870276.087586407,5501.21026625858,200.0016000128,500.010000200004,25926.8602271954,354249.575062777,2770168.07321823,7302.132222609,300.003600043201,
45.33957,37556.3345017526,6501.69043951427,873060.555380769,6501.69043951427,500.010000200004,300.003600043201,26928.9755777216,354763.855871352,2891603.26690904,8102.62525058119,0,
45.46579,36252.4936107484,7702.37233067785,874560.132477748,6001.44034568296,400.006400102402,200.0016000128,23522.1107841371,336160.173177722,2653689.41804541,8302.75651516303,0,
45.592,36453.0756781874,7602.31110257518,882167.807552624,6201.53798141939,200.0016000128,400.006400102402,24423.8376655616,342529.630485644,3020473.26837684,7302.132222609,0,
45.71817,40866.6944453348,6101.48876325823,895572.478599899,6201.53798141939,500.010000200004,100.0004000016,24023.0621396541,342426.871893018,2816429.09938615,7802.43435952017,0,
45.84439,38158.1530252104,8102.62525058119,898147.764471885,7302.132222609,200.0016000128,0,25826.6531060054,350238.9006514,2818907.36864515,7802.43435952017,100.0004000016,
45.97061,42672.714305176,6201.53798141939,831249.612531256,6401.6388195378,200.0016000128,500.010000200004,28432.2990917683,338933.575505968,2723907.0470503,6301.58800017604,100.0004000016,
46.09685,39161.2481921726,6201.53798141939,853367.969952182,5601.25468104855,600.014400345608,400.006400102402,25225.4272306485,336776.432338645,2652037.23853941,8402.82334864514,0,
46.22312,41368.3404985035,6201.53798141939,869740.681719406,5201.0818250196,500.010000200004,0,26528.1198069954,325790.975103734,2692515.63643635,10304.2453490838,100.0004000016,
46.34936,39863.462632511,7001.96054895371,881417.556297259,7502.25067520256,400.006400102402,400.006400102402,27329.8441898553,336879.145113428,2735472.30359228,9603.68781612139,100.0004000016,
46.47565,40666.0416516423,5501.21026625858,853261.026932893,5401.16665199683,700.019600548815,300.003600043201,26528.1198069954,330923.180429126,2669385.12335238,9503.61137232148,100.0004000016,
46.60196,40264.7457111035,4800.92177698118,864387.841668563,5401.16665199683,700.019600548815,300.003600043201,27229.6258329062,330409.866295965,2707385.25199032,8302.75651516303,0,
46.72812,36152.2037822616,6401.6388195378,860535.168258986,5501.21026625858,400.006400102402,500.010000200004,27329.8441898553,346949.038438141,2797429.03506718,12506.2531265633,0,
46.8543,45281.8696202735,6401.6388195378,886241.359172634,6601.74286011507,500.010000200004,200.0016000128,28732.9854673165,333798.124082916,2686733.00816536,8102.62525058119,0,
46.98063,35249.6314811254,6301.58800017604,849518.578565993,4300.73972723308,600.014400345608,200.0016000128,30136.2840860396,322097.074791346,2580993.51978152,8703.02865397158,100.0004000016,
47.10694,39763.1438724695,7102.01697282028,842784.901197865,7302.132222609,100.0004000016,300.003600043201,29334.3798932349,327843.607657519,2566949.99398054,9003.24116682005,300.003600043201,
47.2332,43876.872280235,5901.39272868397,834239.25398984,5401.16665199683,400.006400102402,100.0004000016,29033.6790677186,343557.262247021,2918864.22875799,9703.76506084361,0,
47.35941,45783.6925900546,7001.96054895371,914792.16336685,6401.6388195378,300.003600043201,200.0016000128,32843.0901342561,347257.426746426,2751994.09865225,10104.0820491479,0,
47.48564,39963.7821963854,7702.37233067785,849411.66739045,4200.70571856072,500.010000200004,400.006400102402,27530.2833116428,342632.389911605,2626428.45619645,8903.16952835209,0,
47.61193,42271.354045629,5201.0818250196,828367.399228042,5301.12383825371,500.010000200004,100.0004000016,29033.6790677186,333798.124082916,2666080.76434039,7202.07419736884,100.0004000016,
47.73812,39662.8259162513,7001.96054895371,817271.548127525,5701.29989637637,300.003600043201,200.0016000128,28833.2158646761,336365.589567093,2728863.58556829,9003.24116682005,200.0016000128,
47.86434,42171.0159909287,6501.69043951427,850160.064191118,6301.58800017604,300.003600043201,500.010000200004,30437.0114058695,343762.798600213,2821385.63790415,9003.24116682005,0,
47.9905,49297.0165285281,6201.53798141939,890208.944342264,6201.53798141939,700.019600548815,400.006400102402,29033.6790677186,321686.70793764,2703254.80322533,11505.2924345199,0,
48.11669,44579.3512452165,5501.21026625858,831356.373525546,6001.44034568296,400.006400102402,200.0016000128,29133.9118734207,341502.082057811,2770994.16297123,8602.95941803981,0,
48.24293,47088.5264296878,7802.43435952017,836161.531815683,5601.25468104855,300.003600043201,300.003600043201,32542.3049964954,340063.654239899,2729689.67532129,9603.68781612139,100.0004000016,
48.36911,51305.072789072,8102.62525058119,856362.733741519,6601.74286011507,100.0004000016,200.0016000128,36453.0756781874,348799.480856587,2618167.55866646,11305.1099096792,100.0004000016,
48.49537,51305.072789072,9203.38684635946,866742.818357524,6001.44034568296,100.0004000016,600.014400345608,35149.3496869605,358467.293663223,2788342.0477842,11605.3848985929,100.0004000016,
48.62165,50401.4076321559,6701.7960813498,851870.848189542,5001.00020004001,400.006400102402,200.0016000128,31639.9929510902,338830.846073698,2718124.41877931,8102.62525058119,100.0004000016,
48.74788,49297.0165285281,8302.75651516303,840006.945793867,5801.34591225164,300.003600043201,800.025600819226,33444.6820952793,342632.389911605,2757776.72692325,11205.0198488923,0,
48.87422,53815.5958999932,8803.09869073914,889458.226841362,5201.0818250196,400.006400102402,400.006400102402,33946.0308177889,340885.592996996,2970081.79344391,11605.3848985929,100.0004000016,
49.00056,53614.7355340429,8302.75651516303,898684.346835181,4900.9605882753,100.0004000016,400.006400102402,32141.2693898966,350444.545395548,2928777.30579398,12706.4548790786,0,
49.1268,54619.0695716662,8502.8909829342,864280.807462155,6101.48876325823,100.0004000016,300.003600043201,32141.2693898966,347668.622830747,2900690.25419202,10904.7544729502,0,
49.25319,56125.7216164208,6701.7960813498,865672.321247512,6101.48876325823,400.006400102402,300.003600043201,38258.4589252378,334825.04783215,2851124.8690121,11605.3848985929,0,
49.37951,54819.9460419398,9203.38684635946,856148.799033601,4000.64010241639,400.006400102402,500.010000200004,38459.0731363374,358158.632525794,2855255.31777709,11004.8421305374,100.0004000016,
49.50582,52208.8031457558,9703.76506084361,866314.60888063,6801.85010322808,300.003600043201,300.003600043201,35049.0686961746,343660.030006894,2789168.1375372,10604.4963064339,100.0004000016,
49.63206,53916.0272907297,7001.96054895371,876059.883412825,6101.48876325823,500.010000200004,400.006400102402,37355.7347562563,356615.439541715,2911429.42098101,12205.9565067753,300.003600043201,
49.75834,60546.2798120259,9103.31360615264,885276.454752537,6701.7960813498,600.014400345608,500.010000200004,36453.0756781874,358055.747149755,2956038.26764294,10604.4963064339,200.0016000128,
49.88458,55020.8257333103,11605.3848985929,853902.698320117,4700.88376614804,500.010000200004,200.0016000128,35249.6314811254,338009.040601626,2837907.43296412,11805.5722300926,200.0016000128,
50.01078,61752.1573156257,8502.8909829342,805462.295354279,4400.77453631839,200.0016000128,400.006400102402,34146.5759295679,365671.520641569,2927951.21604098,12706.4548790786,100.0004000016,
50.13707,54920.3854849831,9503.61137232148,872739.240045205,5001.00020004001,500.010000200004,100.0004000016,33244.1482288479,350341.722606421,3061777.75602677,12806.5569571621,100.0004000016,
50.26336,60244.8285678772,10404.3282005314,856576.671989674,5301.12383825371,300.003600043201,300.003600043201,35349.9140786791,359907.811663123,2895733.71567403,12806.5569571621,300.003600043201,
50.38957,67079.5047547236,8102.62525058119,869796.897035859,5801.34591225164,200.0016000128,100.0004000016,37155.1382251261,358364.405782519,3033690.70442482,11505.2924345199,0,
50.51583,65471.0102788483,9703.76506084361,845884.094649695,4500.81014582625,300.003600043201,100.0004000016,35349.9140786791,364642.094754186,2982473.1397389,13407.186251831,0,
50.64207,64867.8780684411,9503.61137232148,853474.913856222,6101.48876325823,200.0016000128,200.0016000128,34046.302972042,361657.232130176,2847820.51000011,12606.3536022155,100.0004000016,
50.76841,62355.1395872932,9403.53572943427,871346.965808428,5001.00020004001,200.0016000128,100.0004000016,37756.9374616922,342324.114133718,3001473.20405787,12105.8592358702,200.0016000128,
50.89462,60646.7651717156,10404.3282005314,863424.565701375,5301.12383825371,300.003600043201,300.003600043201,34046.302972042,371746.834620865,2981647.0499859,15109.1259120509,100.0004000016,
51.02085,64465.8060531688,10304.2453490838,854330.496940916,5701.29989637637,200.0016000128,600.014400345608,36553.3679171591,349313.540589321,2880864.10012005,12205.9565067753,100.0004000016,
51.14721,67984.3736212609,9403.53572943427,859037.216326362,5801.34591225164,200.0016000128,400.006400102402,35149.3496869605,353426.76916212,2886646.72839104,12205.9565067753,0,
51.27348,64365.2900648866,9603.68781612139,846311.627945446,5401.16665199683,500.010000200004,700.019600548815,31740.2466327303,344790.530375225,2855255.31777709,12105.8592358702,0,
51.39977,59240.0434627459,10204.1632986258,796598.976390953,5001.00020004001,300.003600043201,300.003600043201,37857.2401471024,365671.520641569,2945299.10085395,11905.6670975384,0,
51.52605,65772.5872689938,11104.9305891816,861070.193151161,5701.29989637637,100.0004000016,200.0016000128,36854.249455198,364127.413143082,2920516.40826399,12005.7627661277,0,
51.65234,70699.3722296877,12005.7627661277,837336.397985928,5801.34591225164,400.006400102402,500.010000200004,32141.2693898966,349519.170320377,2737950.57285128,12606.3536022155,0,
51.77855,61048.7146689335,10804.6676164103,859465.184884832,4600.84655576626,300.003600043201,500.010000200004,37857.2401471024,375764.318021259,2900690.25419202,11505.2924345199,200.0016000128,
51.90477,63058.6555774328,9503.61137232148,825485.829039416,4900.9605882753,400.006400102402,300.003600043201,38158.1530252104,338522.66277467,2830472.62518713,12306.0545788528,0,
52.03112,61350.1852535006,9203.38684635946,797024.880714557,3800.57768780855,700.019600548815,200.0016000128,35951.6265357053,348799.480856587,2876733.65135506,10804.6676164103,100.0004000016,
52.15744,63963.2341736111,10804.6676164103,828580.874452434,5601.25468104855,200.0016000128,200.0016000128,39562.5087638469,349313.540589321,2753646.27815825,11104.9305891816,100.0004000016,
52.28371,60144.3464314354,8703.02865397158,819191.301617727,4400.77453631839,300.003600043201,200.0016000128,33043.6175751993,347565.822558928,2793298.58630219,11705.4781637807,100.0004000016,
52.40991,65973.6426273953,9703.76506084361,829968.549430294,5901.39272868397,400.006400102402,100.0004000016,33745.4889190629,340988.339090806,2936212.11357097,13507.2939387269,100.0004000016,
52.53614,58235.3389276679,9403.53572943427,803947.797581448,4300.73972723308,300.003600043201,200.0016000128,32542.3049964954,356615.439541715,2913907.69024,10804.6676164103,0,
52.66242,61852.6523459899,9703.76506084361,847701.20884529,5101.04061228491,300.003600043201,900.032401166442,37556.3345017526,349621.986436938,2740428.84211027,11905.6670975384,0,
52.78866,66677.361782341,8502.8909829342,820151.285430412,5601.25468104855,600.014400345608,500.010000200004,37456.0342272039,340269.133930418,2858559.67678909,10104.0820491479,300.003600043201,
52.9149,57130.2569859279,8602.95941803981,850908.504328476,3600.51847466035,100.0004000016,200.0016000128,39562.5087638469,369069.218997983,2733820.12408628,11004.8421305374,0,
53.04115,61953.1481823067,10304.2453490838,812580.018998059,3800.57768780855,200.0016000128,300.003600043201,32642.5659059413,333079.326991281,2660298.1360694,12606.3536022155,0,
53.16747,60546.2798120259,10204.1632986258,826659.724460533,4200.70571856072,200.0016000128,400.006400102402,38358.7656289435,352604.01666376,2866820.57431908,11305.1099096792,200.0016000128,
53.2937,59742.4259434492,8803.09869073914,825805.971752767,3800.57768780855,400.006400102402,500.010000200004,33544.9502333126,338933.575505968,2628080.63570245,9403.53572943427,100.0004000016,
53.41986,54719.5074041707,9903.92195309342,830502.310280127,4100.67251029169,200.0016000128,400.006400102402,38760.0004807442,336391.981893365,2666080.76434039,10604.4963064339,0,
53.54607,59240.0434627459,9003.24116682005,820684.640617383,4500.81014582625,600.014400345608,400.006400102402,36152.2037822616,341810.337836742,2681776.46964736,11405.2007715518,100.0004000016,
53.67238,55422.5947796526,11505.2924345199,845029.070488699,4500.81014582625,600.014400345608,600.014400345608,35851.3391176164,347668.622830747,2548776.01941457,9603.68781612139,0,
53.7987,57230.7149529525,9403.53572943427,811727.196887725,4700.88376614804,200.0016000128,500.010000200004,32141.2693898966,309689.358996683,2584297.87879352,9203.38684635946,0,
53.92501,56025.2725093309,8602.95941803981,763103.114243904,4200.70571856072,700.019600548815,400.006400102402,34046.302972042,318199.126623403,2500036.72398765,7602.31110257518,100.0004000016,
54.05121,51505.8961224277,9803.84310649775,813326.284574369,4600.84655576626,100.0004000016,600.014400345608,37556.3345017526,333695.436286769,2675167.75162337,9603.68781612139,0,
54.17753,53614.7355340429,7202.07419736884,854865.26512613,4800.92177698118,0,200.0016000128,32442.0448901777,337187.288434486,2644602.43076242,9503.61137232148,0,
54.30368,49598.2044448007,8903.16952835209,800113.107695864,3700.5476810568,200.0016000128,500.010000200004,32742.827618525,323225.652225,2476080.12115069,8402.82334864514,0,
54.43,52208.8031457558,9003.24116682005,770964.163928072,4700.88376614804,500.010000200004,400.006400102402,29635.0879441258,315737.88287522,2333992.68363491,8402.82334864514,0,
54.55626,50100.2004008016,7902.49718911176,777979.418861232,4200.70571856072,700.019600548815,100.0004000016,34347.1242544771,317070.997168539,2473601.85189169,8703.02865397158,100.0004000016,
54.68254,43575.8219301585,7502.25067520256,782764.737428324,3200.40965243551,800.025600819226,500.010000200004,34547.6757925938,315737.88287522,2379427.62004984,8002.56081946223,0,
54.80882,50501.811652291,8002.56081946223,788083.842218188,3200.40965243551,400.006400102402,400.006400102402,34547.6757925938,326714.618579678,2517384.60880062,9603.68781612139,0,
54.93506,45783.6925900546,6601.74286011507,813752.741420541,4100.67251029169,500.010000200004,300.003600043201,29635.0879441258,304155.954573979,2376123.26103784,6601.74286011507,100.0004000016,
55.06138,47791.1855820906,4800.92177698118,802989.018247874,3900.60849492521,400.006400102402,300.003600043201,33745.4889190629,325790.975103734,2571080.44274554,8202.69048247825,100.0004000016,
55.18768,42271.354045629,6901.90492575951,791808.521613535,5001.00020004001,0,200.0016000128,32141.2693898966,301082.886347536,2460384.41584371,7502.25067520256,300.003600043201,
55.31382,42672.714305176,6001.44034568296,801071.673313023,3300.43565750679,400.006400102402,300.003600043201,33143.8825004306,322302.263206087,2470297.49287969,7202.07419736884,100.0004000016,
55.44001,42572.3730341581,6001.44034568296,796173.086130326,3500.49006860961,200.0016000128,200.0016000128,30036.0432519023,313277.117607511,2370340.63276685,9103.31360615264,0,
55.56624,42271.354045629,6701.7960813498,848128.802259747,3700.5476810568,200.0016000128,400.006400102402,35650.7666917691,306205.08148598,2421558.19745277,9303.46088745013,0,
55.69248,42572.3730341581,4900.9605882753,802882.491608903,3000.36004320518,500.010000200004,600.014400345608,34046.302972042,312149.42673044,2335644.8631409,7202.07419736884,0,
55.8188,40866.6944453348,8002.56081946223,815885.237031132,3500.49006860961,200.0016000128,600.014400345608,31840.5011174214,308459.504440116,2295166.46524397,9503.61137232148,100.0004000016,
55.94504,37556.3345017526,7802.43435952017,794393.976785405,3200.40965243551,100.0004000016,100.0004000016,30236.5257230735,310099.337077878,2353818.83770688,6501.69043951427,100.0004000016,
56.07125,39662.8259162513,5301.12383825371,819404.625184867,4600.84655576626,400.006400102402,500.010000200004,32041.0124959949,302312.024063511,2333166.59388191,7902.49718911176,0,
56.19747,35751.0525029742,5001.00020004001,825058.98443472,2200.1936170383,600.014400345608,200.0016000128,32241.5270868879,302516.891960277,2304253.45252695,7902.49718911176,0,
56.3237,34146.5759295679,4900.9605882753,805013.191522744,3300.43565750679,400.006400102402,600.014400345608,36252.4936107484,295143.737124772,2239818.45179305,8903.16952835209,0,
56.44996,38760.0004807442,5401.16665199683,824845.567423507,4500.81014582625,200.0016000128,500.010000200004,30637.5003003677,299649.043268472,2310036.08079794,7902.49718911176,100.0004000016,
56.57616,32442.0448901777,5501.21026625858,802989.018247874,4400.77453631839,100.0004000016,600.014400345608,29334.3798932349,272436.8694527,2255514.15710003,9403.53572943427,0,
56.70237,32141.2693898966,6301.58800017604,790637.792156345,3000.36004320518,100.0004000016,400.006400102402,33143.8825004306,286649.458258822,2327383.96561092,8502.8909829342,0,
56.82863,27029.191526849,4700.88376614804,814072.593302384,2800.31363512713,200.0016000128,400.006400102402,30837.992406645,290844.714213455,2272035.95216,6201.53798141939,0,
56.95482,30637.5003003677,4800.92177698118,840647.959415712,3500.49006860961,500.010000200004,500.010000200004,33344.4147604609,279694.540394929,2323253.51684592,9203.38684635946,0,
57.08104,27630.5040765005,5301.12383825371,818124.736655128,4100.67251029169,500.010000200004,900.032401166442,27730.7256440136,281739.70729813,2134078.96340922,8202.69048247825,0,
57.20728,28432.2990917683,4100.67251029169,809169.068640001,2900.33643902693,500.010000200004,500.010000200004,33244.1482288479,280614.824552533,2164644.28427017,7202.07419736884,200.0016000128,
57.33359,21318.1630749398,4000.64010241639,802349.871607507,2900.33643902693,100.0004000016,100.0004000016,31840.5011174214,275094.124450519,2117557.16834924,7302.132222609,0,
57.45993,29635.0879441258,5501.21026625858,839152.310433643,4700.88376614804,0,700.019600548815,35550.4816839913,276525.185529695,2245601.08006404,6501.69043951427,100.0004000016,
57.58618,25926.8602271954,3800.57768780855,792766.470228957,2600.27042812453,100.0004000016,300.003600043201,27229.6258329062,268145.560690043,2155557.29698719,7202.07419736884,0,
57.71242,21618.6785382571,2700.2916314962,792979.357362761,4700.88376614804,400.006400102402,400.006400102402,28532.5270808722,276116.294400026,2206774.86167311,6701.7960813498,100.0004000016,
57.83874,21618.6785382571,4300.73972723308,783083.821836828,2900.33643902693,200.0016000128,100.0004000016,29234.1454819229,264570.583146712,2243948.90055805,6901.90492575951,100.0004000016,
57.96502,24323.6425805883,3600.51847466035,816098.505970747,2900.33643902693,200.0016000128,300.003600043201,28933.4470648069,268962.840474005,2246427.16981704,7502.25067520256,200.0016000128,
58.09129,21217.9928579435,4100.67251029169,798941.624218808,2900.33643902693,400.006400102402,0,28332.0719053969,249464.711348119,2280296.84968999,6701.7960813498,0,
58.21757,22920.9956319989,3300.43565750679,769582.821377621,2600.27042812453,400.006400102402,300.003600043201,27129.408278574,254361.933393136,2153134.99235368,6101.48876325823,0,
58.34388,23321.7358578195,3000.36004320518,749941.290133859,3200.40965243551,500.010000200004,0,27630.5040765005,258036.096764547,2038252.55206137,6101.48876325823,0,
58.47014,21718.8519635043,3100.38444767151,793511.590572368,3400.46246289495,200.0016000128,400.006400102402,31138.7365883159,265081.232289178,1993643.70539944,8602.95941803981,0,
58.59635,19314.911111378,2900.33643902693,824845.567423507,4200.70571856072,300.003600043201,300.003600043201,25425.8326459683,262630.304647111,2168774.73303516,7102.01697282028,0,
58.72258,19214.7569333248,3400.46246289495,778617.358702242,3400.46246289495,100.0004000016,600.014400345608,28131.6199408135,267532.635545152,2105991.91180726,5801.34591225164,100.0004000016,
58.84887,20416.6599945556,3800.57768780855,810448.069378484,3800.57768780855,400.006400102402,400.006400102402,29534.8511243267,271619.364934314,2304253.45252695,8302.75651516303,200.0016000128,
58.97507,25926.8602271954,3600.51847466035,828901.093905619,3500.49006860961,200.0016000128,600.014400345608,30236.5257230735,282864.690153437,2082861.3987233,7702.37233067785,300.003600043201,
59.10126,19715.5358422437,3300.43565750679,810341.481141932,3600.51847466035,400.006400102402,400.006400102402,27430.063349431,266613.30357937,2097731.01427728,6401.6388195378,0,
59.22754,17011.567866149,3600.51847466035,811620.598086223,1700.11560786133,500.010000200004,200.0016000128,27229.6258329062,267634.787671011,2206774.86167311,8502.8909829342,100.0004000016,
59.35377,19314.911111378,3500.49006860961,823991.934650839,1600.10240655402,100.0004000016,300.003600043201,25626.2412710616,274889.700381348,2180339.98957715,6801.85010322808,0,
59.48004,20016.0128102482,2700.2916314962,826979.896278849,2600.27042812453,200.0016000128,400.006400102402,24423.8376655616,269269.334023353,2089470.11674729,7102.01697282028,100.0004000016,
59.60619,23822.6791905894,4800.92177698118,821751.417097718,3900.60849492521,400.006400102402,200.0016000128,29835.5639922788,257627.803596686,2167948.64328217,7502.25067520256,0,
59.73243,16210.5044068556,3200.40965243551,799261.109161834,2700.2916314962,300.003600043201,400.006400102402,26728.5460872212,260281.945162959,2170426.91254116,7202.07419736884,0,
59.85872,17011.567866149,3500.49006860961,795640.743079545,3100.38444767151,400.006400102402,200.0016000128,26728.5460872212,287570.248870151,2250557.61858204,7702.37233067785,0,
59.98493,19014.4509827469,3100.38444767151,840647.959415712,3200.40965243551,400.006400102402,400.006400102402,24023.0621396541,266511.159712649,2090296.20650029,6301.58800017604,0,
60.1112,18513.7001381022,2400.23042212052,770645.379426366,3400.46246289495,100.0004000016,100.0004000016,23922.8702639724,264366.329269476,2003556.78243542,6901.90492575951,0,
60.2375,20917.487019148,2600.27042812453,789467.168976715,3000.36004320518,200.0016000128,900.032401166442,28231.8455217485,263038.759564586,2051469.98810935,7402.19104855037,100.0004000016,
60.36373,16410.7654621432,3500.49006860961,789573.584874518,3100.38444767151,100.0004000016,200.0016000128,27029.191526849,265591.902074608,2050643.89835635,5901.39272868397,100.0004000016,
60.49001,17612.3991289868,2300.21161946899,795001.960420149,4200.70571856072,100.0004000016,100.0004000016,26127.2768770597,265387.6316832,2159687.74575218,7602.31110257518,0,
60.61624,21718.8519635043,3300.43565750679,818124.736655128,3000.36004320518,100.0004000016,500.010000200004,25926.8602271954,276014.073684636,2130774.60439722,8002.56081946223,0,
60.74252,18012.9693379233,3000.36004320518,787658.233070918,2600.27042812453,300.003600043201,100.0004000016,29234.1454819229,265694.03850896,2255514.15710003,7502.25067520256,200.0016000128,
60.86879,19114.6035571176,3600.51847466035,803202.074164596,3000.36004320518,600.014400345608,700.019600548815,24423.8376655616,261915.540322059,2120035.43760824,6901.90492575951,0,
60.99507,16310.634533716,3300.43565750679,815245.451353751,1800.12960933187,300.003600043201,300.003600043201,25826.6531060054,260384.038670617,2027513.38527239,8803.09869073914,0,
61.12136,18213.259252736,2800.31363512713,759174.38754987,1800.12960933187,400.006400102402,200.0016000128,25425.8326459683,267328.3337713,2270383.77265401,6501.69043951427,0,
61.24757,18713.9980705568,3300.43565750679,786913.450866647,2700.2916314962,200.0016000128,100.0004000016,23622.2994506814,266919.740134784,2212557.4899441,7702.37233067785,100.0004000016,
61.3738,17111.7044058136,3100.38444767151,800006.604801691,2000.16001280102,100.0004000016,500.010000200004,25025.025025025,252627.283342559,2206774.86167311,7402.19104855037,100.0004000016,
61.50013,20316.4969955604,2500.2500250025,790212.0987043,3600.51847466035,200.0016000128,500.010000200004,21217.9928579435,254770.120980451,2220818.38747408,7602.31110257518,0,
61.62638,19014.4509827469,3800.57768780855,783083.821836828,3000.36004320518,100.0004000016,100.0004000016,24423.8376655616,258852.722702253,2153905.11748119,6201.53798141939,0,
61.75262,28933.4470648069,3400.46246289495,746971.1263167,3200.40965243551,100.0004000016,300.003600043201,31038.4877247787,253953.759000509,2314045.97500219,15209.2472223112,100.0004000016,
61.87883,18213.259252736,3400.46246289495,786784.507769304,3600.51847466035,100.0004000016,100.0004000016,28031.3951625821,276014.073684636,2172905.18180016,8502.8909829342,0,
62.00512,17912.8255831175,3600.51847466035,765333.465251841,3100.38444767151,100.0004000016,300.003600043201,25025.025025025,361982.851569543,2237862.80833261,7402.19104855037,100.0004000016,
62.13137,15709.8657957197,3700.5476810568,745486.301341649,3000.36004320518,100.0004000016,100.0004000016,22319.9093591484,251504.989697386,2167948.64328217,6101.48876325823,200.0016000128,
62.25754,15109.1259120509,2600.27042812453,757475.849790643,2300.21161946899,200.0016000128,100.0004000016,28131.6199408135,264876.970155106,2129122.42489123,6601.74286011507,0,
62.38382,16711.163056922,2700.2916314962,775534.275274458,2700.2916314962,100.0004000016,100.0004000016,24123.2548176442,261711.329372297,2212557.4899441,5901.39272868397,200.0016000128,
62.5101,17712.5404786589,3100.38444767151,777022.568298799,2400.23042212052,900.032401166442,200.0016000128,23021.1794851263,267941.249004443,2272862.041913,6401.6388195378,0,
62.63642,17111.7044058136,3000.36004320518,783296.54916359,3000.36004320518,400.006400102402,200.0016000128,24824.6260290208,267328.3337713,2230731.46451007,7402.19104855037,0,
62.76272,17011.567866149,2400.23042212052,790850.644152286,2700.2916314962,400.006400102402,600.014400345608,24223.4482979524,275707.416499173,2365384.09424886,7602.31110257518,0,
62.88903,19715.5358422437,3100.38444767151,803095.545766435,2900.33643902693,400.006400102402,300.003600043201,23822.6791905894,278978.810148802,2144818.1301982,6501.69043951427,0,
63.01539,19114.6035571176,3000.36004320518,765652.118348854,2500.2500250025,500.010000200004,300.003600043201,28131.6199408135,273561.024529507,2257992.42635903,6601.74286011507,100.0004000016,
63.14172,17011.567866149,3900.60849492521,803841.263025779,2100.17641481884,300.003600043201,100.0004000016,24423.8376655616,270699.735567398,2260470.69561802,7902.49718911176,0,
63.26804,16210.5044068556,3200.40965243551,756945.102677486,3000.36004320518,300.003600043201,200.0016000128,27530.2833116428,262528.192981463,2368688.45326085,8502.8909829342,100.0004000016,
63.39434,17211.841747122,2600.27042812453,802136.829763694,2700.2916314962,300.003600043201,300.003600043201,24824.6260290208,281228.384549731,2256340.24685303,7001.96054895371,0,
63.5207,17111.7044058136,3400.46246289495,775002.783700301,2300.21161946899,600.014400345608,200.0016000128,24423.8376655616,273765.427106417,2195209.60513112,7802.43435952017,0,
63.64694,17912.8255831175,2500.2500250025,776809.944487062,2600.27042812453,500.010000200004,300.003600043201,26728.5460872212,286751.765015273,2383558.06881483,6201.53798141939,100.0004000016,
63.77324,15609.7404780583,2800.31363512713,776172.094097463,1500.09000540032,500.010000200004,200.0016000128,24123.2548176442,282660.140369329,2190253.06661313,6501.69043951427,0,
63.89948,14408.2991803279,2500.2500250025,807037.682404142,1900.14441097523,300.003600043201,200.0016000128,24123.2548176442,274174.24217916,2328210.05536392,6801.85010322808,0,
64.0257,19415.0660912868,2800.31363512713,787551.832979184,3600.51847466035,400.006400102402,300.003600043201,27029.191526849,279796.790881476,2372818.90202585,6301.58800017604,0,
64.15201,17412.118834709,3100.38444767151,772239.380806486,2700.2916314962,300.003600043201,400.006400102402,26327.6967369673,282557.866718445,2264601.14438302,6201.53798141939,0,
64.27832,18914.2992102029,2700.2916314962,808955.914173866,2200.1936170383,500.010000200004,200.0016000128,26427.9078707115,285728.734702134,2169600.82278816,7602.31110257518,200.0016000128,
64.40458,20316.4969955604,2200.1936170383,780531.367688126,2600.27042812453,300.003600043201,100.0004000016,30136.2840860396,276831.862558743,2267905.50339501,7902.49718911176,0,
64.53084,18814.1482394761,3400.46246289495,823351.747104686,2500.2500250025,400.006400102402,0,28732.9854673165,277751.938298019,2251383.70833504,7001.96054895371,0,
64.65715,18613.8487034354,2800.31363512713,796386.029502811,2800.31363512713,300.003600043201,500.010000200004,25025.025025025,290947.054919797,2324079.60659892,10604.4963064339,100.0004000016,
64.78339,17912.8255831175,2600.27042812453,779893.333113345,2600.27042812453,100.0004000016,100.0004000016,24223.4482979524,269371.500192047,2206774.86167311,6901.90492575951,200.0016000128,
64.90965,21618.6785382571,2500.2500250025,764696.182702614,1300.06760351538,100.0004000016,400.006400102402,23922.8702639724,266409.016671787,2148122.4892102,8302.75651516303,100.0004000016,
65.03584,17812.6826300326,3200.40965243551,745486.301341649,3400.46246289495,100.0004000016,300.003600043201,23722.4889194957,257831.9485306,2116731.07859625,7702.37233067785,100.0004000016,
65.16209,16611.0297237366,2800.31363512713,776065.788768234,2200.1936170383,200.0016000128,3700.5476810568,31138.7365883159,295553.244104112,2193557.42562513,9003.24116682005,0,
65.28837,17612.3991289868,2900.33643902693,793511.590572368,3800.57768780855,400.006400102402,5301.12383825371,25225.4272306485,278467.59907137,2176209.54081215,7602.31110257518,100.0004000016,
65.4146,23622.2994506814,2700.2916314962,795534.277105947,4200.70571856072,200.0016000128,2400.23042212052,25325.6295370915,267736.94062284,2149774.66871619,8302.75651516303,200.0016000128,
65.54089,20516.8237955123,3400.46246289495,748243.969761262,3100.38444767151,400.006400102402,4500.81014582625,28231.8455217485,271517.18058824,2053948.25736834,12205.9565067753,400.006400102402,
65.66718,16310.634533716,12806.5569571621,789551.587411523,3600.51847466035,200.0016000128,1900.14441097523,25425.8326459683,272436.8694527,2254688.06734703,7602.31110257518,0,
65.79347,18613.8487034354,3400.46246289495,769476.570391902,1800.12960933187,300.003600043201,900.032401166442,28933.4470648069,270904.091864791,2189426.97686013,8402.82334864514,400.006400102402,
65.91975,18113.1138944596,2800.31363512713,808955.914173866,3300.43565750679,300.003600043201,1400.07840439065,27830.9480141918,273663.225404682,2193557.42562513,8803.09869073914,0,
66.04596,17011.567866149,2900.33643902693,778511.033202722,1900.14441097523,200.0016000128,1100.04840212969,26327.6967369673,279387.793898162,2112600.62983125,7302.132222609,100.0004000016,
66.17219,17812.6826300326,3500.49006860961,746122.63393133,2100.17641481884,300.003600043201,900.032401166442,25325.6295370915,268145.560690043,2146470.3097042,6501.69043951427,0,
66.29848,17612.3991289868,2900.33643902693,750471.748642435,3900.60849492521,600.014400345608,1200.05760276493,26528.1198069954,263345.1094206,2096904.92452428,5001.00020004001,500.010000200004,
66.42473,16611.0297237366,3200.40965243551,751957.148743305,2800.31363512713,200.0016000128,700.019600548815,26327.6967369673,256505.065444656,2343079.67091789,8703.02865397158,200.0016000128,
66.55094,18914.2992102029,3100.38444767151,761616.42807975,3500.49006860961,0,900.032401166442,26728.5460872212,266919.740134784,2092774.47575928,8102.62525058119,500.010000200004,
66.67725,16611.0297237366,3400.46246289495,796598.976390953,2300.21161946899,400.006400102402,2100.17641481884,26828.7604311822,270699.735567398,2124991.97612623,5901.39272868397,100.0004000016,
66.80348,18613.8487034354,4200.70571856072,767245.502069625,3000.36004320518,600.014400345608,800.025600819226,25425.8326459683,257729.875651144,2353818.83770688,8502.8909829342,0,
66.92977,19014.4509827469,3400.46246289495,783402.914143331,3300.43565750679,500.010000200004,1400.07840439065,26127.2768770597,257525.732367216,2193557.42562513,7802.43435952017,0,
67.05603,21017.6548300572,3200.40965243551,800326.116122108,3000.36004320518,100.0004000016,800.025600819226,28732.9854673165,262323.972126562,2044861.27008536,7902.49718911176,100.0004000016,
67.18224,18213.259252736,3400.46246289495,768626.594047241,3300.43565750679,700.019600548815,300.003600043201,23822.6791905894,263345.1094206,1993643.70539944,7502.25067520256,0,
67.30855,19415.0660912868,2700.2916314962,809382.226627024,2700.2916314962,600.014400345608,500.010000200004,24524.0335528818,280308.055721844,2074600.50119331,9603.68781612139,0,
67.43475,22019.3770518056,3000.36004320518,817911.434236616,3500.49006860961,300.003600043201,300.003600043201,25926.8602271954,269473.667186881,2176209.54081215,17211.841747122,300.003600043201,
67.56094,16911.4321281186,2500.2500250025,814818.945185846,3200.40965243551,400.006400102402,200.0016000128,25726.4467872973,266715.448271959,2176209.54081215,8602.95941803981,100.0004000016,
67.68723,18012.9693379233,2700.2916314962,815352.080097809,2800.31363512713,100.0004000016,300.003600043201,26628.3325458288,256198.881453464,2167062.21909258,9003.24116682005,0,
67.81345,16711.163056922,3900.60849492521,807037.682404142,2700.2916314962,100.0004000016,200.0016000128,24123.2548176442,263140.875357726,2090296.20650029,7502.25067520256,0,
67.93968,17211.841747122,3600.51847466035,789147.926552507,2500.2500250025,800.025600819226,600.014400345608,26928.9755777216,266511.159712649,2190253.06661313,6601.74286011507,200.0016000128,
68.066,19314.911111378,2400.23042212052,878098.135962515,1700.11560786133,600.014400345608,500.010000200004,23922.8702639724,261609.225135503,2043209.09057936,7802.43435952017,0,
68.19228,20216.3347985172,4100.67251029169,800752.143526488,3400.46246289495,400.006400102402,300.003600043201,23522.1107841371,266102.592504255,2176276.19793026,7702.37233067785,0,
68.31851,23121.3641404658,2700.2916314962,826215.392670918,3700.5476810568,200.0016000128,300.003600043201,24824.6260290208,238656.738115621,2088525.30068263,8302.75651516303,0,
68.44485,20917.487019148,3800.57768780855,795853.677663267,2900.33643902693,400.006400102402,500.010000200004,25425.8326459683,240797.205338933,2224948.83623908,9803.84310649775,400.006400102402,
68.57109,19915.8530190031,3900.60849492521,809701.97020941,2800.31363512713,200.0016000128,300.003600043201,27129.408278574,264162.078694833,2079605.3743268,10004.0016006403,100.0004000016,
68.69729,22219.7311212357,3800.57768780855,746971.1263167,3000.36004320518,200.0016000128,600.014400345608,25325.6295370915,242224.385200383,2053817.61831176,9903.92195309342,0,
68.82352,24323.6425805883,3800.57768780855,797663.763569571,3700.5476810568,100.0004000016,0,24123.2548176442,260486.133003532,2073271.1009075,11004.8421305374,100.0004000016,
68.94981,24423.8376655616,4000.64010241639,807144.243355177,5901.39272868397,300.003600043201,400.006400102402,24824.6260290208,249260.701646656,1929208.70466554,11805.5722300926,100.0004000016,
69.07601,24023.0621396541,4100.67251029169,747819.674629952,5101.04061228491,400.006400102402,100.0004000016,22720.6303323418,237128.055206722,1975583.85953706,12806.5569571621,0,
69.2022,23121.3641404658,4200.70571856072,803521.66463679,4700.88376614804,300.003600043201,300.003600043201,25826.6531060054,244569.388233203,2064947.21252696,13206.9732818928,0,
69.32849,24323.6425805883,2800.31363512713,813965.975127727,5401.16665199683,100.0004000016,200.0016000128,25225.4272306485,236414.733220813,2032755.04863733,13106.8679988314,0,
69.45472,21919.201220269,3200.40965243551,782232.947631128,5501.21026625858,300.003600043201,300.003600043201,26728.5460872212,241204.954545638,1777208.19011378,16711.163056922,0,
69.58099,25526.0365572884,3200.40965243551,827193.348567934,4000.64010241639,100.0004000016,0,26728.5460872212,238860.576495958,1863121.52442564,12906.6598364756,0,
69.70724,23021.1794851263,3700.5476810568,796386.029502811,7402.19104855037,100.0004000016,200.0016000128,24223.4482979524,225414.302204499,1983736.36241964,15009.0054032419,200.0016000128,
69.83351,20516.8237955123,4600.84655576626,748774.358340543,5901.39272868397,300.003600043201,400.006400102402,21518.505915087,225923.369699024,1970694.72194293,15009.0054032419,100.0004000016,
69.95978,25526.0365572884,3800.57768780855,812260.204102704,5601.25468104855,300.003600043201,500.010000200004,26327.6967369673,239472.111392896,1809425.69048073,16711.163056922,100.0004000016,
70.08608,25926.8602271954,4200.70571856072,839472.792068729,5101.04061228491,500.010000200004,200.0016000128,27530.2833116428,219103.571832077,1949296.51556376,16911.4321281186,200.0016000128,
70.21233,25626.2412710616,4500.81014582625,781275.781275781,5701.29989637637,200.0016000128,200.0016000128,24023.0621396541,236516.633892844,1881142.34102492,19515.221873061,0,
70.33852,26027.0681508769,3800.57768780855,757369.698618169,6301.58800017604,100.0004000016,0,22420.0883992057,231830.054541124,1830598.04329815,19014.4509827469,0,
70.46479,27931.1711870447,4900.9605882753,807037.682404142,6001.44034568296,300.003600043201,400.006400102402,28833.2158646761,225719.740235628,1965807.35627225,23221.549598027,300.003600043201,
70.59096,26828.7604311822,5101.04061228491,792553.586609332,7702.37233067785,500.010000200004,700.019600548815,25225.4272306485,217068.525870695,1933966.53293054,21117.8234429859,100.0004000016,
70.71727,29635.0879441258,4000.64010241639,828687.613387939,6701.7960813498,400.006400102402,700.019600548815,23522.1107841371,227959.845160874,1978727.81269425,24524.0335528818,300.003600043201,
70.84354,32843.0901342561,4100.67251029169,866100.509458716,6201.53798141939,100.0004000016,200.0016000128,26928.9755777216,231320.748623379,1999123.06848274,25125.2257266295,100.0004000016,
70.96987,28632.7558727184,5601.25468104855,824312.040327246,8202.69048247825,400.006400102402,200.0016000128,26928.9755777216,227247.041348467,1938958.47521185,26928.9755777216,0,
71.09614,37255.4360889003,5601.25468104855,854009.646648079,7902.49718911176,1000.04000160006,100.0004000016,24423.8376655616,223276.443074092,1939887.41282252,23922.8702639724,0,
71.22243,29234.1454819229,5601.25468104855,856653.268735321,6601.74286011507,300.003600043201,100.0004000016,22720.6303323418,215745.922109569,1897106.73202305,30837.992406645,0,
71.34874,30837.992406645,5501.21026625858,871132.783071587,8102.62525058119,600.014400345608,300.003600043201,24524.0335528818,227145.215520547,1992942.96499123,27329.8441898553,100.0004000016,
71.47509,32341.7855869784,5401.16665199683,832530.802709729,7302.132222609,300.003600043201,300.003600043201,26127.2768770597,228163.510791599,1899469.47355758,31038.4877247787,300.003600043201,
71.60142,33544.9502333126,5101.04061228491,843319.191869072,6901.90492575951,300.003600043201,400.006400102402,24223.4482979524,235293.880138411,1948134.54233444,27730.7256440136,100.0004000016,
71.72773,31840.5011174214,5101.04061228491,847808.105872622,9003.24116682005,600.014400345608,400.006400102402,27530.2833116428,226839.742968775,1937100.79216626,34046.302972042,200.0016000128,
71.85404,29234.1454819229,4500.81014582625,808849.338261103,7702.37233067785,400.006400102402,100.0004000016,25425.8326459683,220019.449679,1898643.38380459,30938.239664225,0,
71.98041,29033.6790677186,5401.16665199683,827620.263730996,8502.8909829342,200.0016000128,600.014400345608,25526.0365572884,214525.180233426,1887078.1272626,28231.8455217485,0,
72.10656,32843.0901342561,5301.12383825371,844387.839491879,9803.84310649775,200.0016000128,400.006400102402,24624.2302425587,226228.820058283,1928280.29539246,27931.1711870447,100.0004000016,
72.23294,31740.2466327303,5301.12383825371,826659.724460533,6601.74286011507,100.0004000016,600.014400345608,21117.8234429859,220935.394051895,1945578.55390625,33444.6820952793,0,
72.35918,29033.6790677186,5001.00020004001,882596.542085102,6601.74286011507,600.014400345608,200.0016000128,23421.922919853,211778.943122227,1916103.58177974,31840.5011174214,200.0016000128,
72.48542,33444.6820952793,4600.84655576626,819724.617145123,6601.74286011507,600.014400345608,200.0016000128,22820.8125810739,216152.862335944,1810251.78023372,34447.3996218797,100.0004000016,
72.6117,34748.2305439951,6301.58800017604,839152.310433643,7602.31110257518,200.0016000128,400.006400102402,23822.6791905894,211168.749445354,1951272.10004312,31940.756405173,0,
72.73794,30136.2840860396,5701.29989637637,836909.161561293,8703.02865397158,400.006400102402,300.003600043201,45683.3263873305,218798.293998733,1924452.14124783,31138.7365883159,0,
72.86423,26528.1198069954,5001.00020004001,812686.625724304,9203.38684635946,200.0016000128,100.0004000016,25926.8602271954,225007.063001978,1900000.86080003,32442.0448901777,200.0016000128,
72.99048,31539.7400724913,4500.81014582625,855934.86786583,8302.75651516303,200.0016000128,100.0004000016,22420.0883992057,211778.943122227,1940816.41450063,35751.0525029742,100.0004000016,
73.11669,36653.6609596449,5401.16665199683,855079.178594477,5701.29989637637,400.006400102402,100.0004000016,23021.1794851263,225414.302204499,1943023.05029508,35349.9140786791,300.003600043201,
73.24301,33043.6175751993,6001.44034568296,862140.309352578,6001.44034568296,400.006400102402,100.0004000016,26327.6967369673,215338.995017449,1790425.62616176,32341.7855869784,0,
73.36919,32041.0124959949,5201.0818250196,840861.637690447,6001.44034568296,300.003600043201,100.0004000016,25626.2412710616,217577.256569683,1887271.35064443,34948.7885087582,0,
73.49552,32843.0901342561,4400.77453631839,901796.96306611,7001.96054895371,200.0016000128,100.0004000016,21117.8234429859,212084.051037326,1887502.68875027,34547.6757925938,0,
73.62175,36954.5449082846,4400.77453631839,847915.003784135,6801.85010322808,400.006400102402,300.003600043201,23822.6791905894,212592.580639956,1882529.79659603,35149.3496869605,0,
73.74801,34046.302972042,4800.92177698118,854651.355197405,5901.39272868397,600.014400345608,0,23121.3641404658,212694.289022191,1952318.11497643,38659.6905622281,0,
73.87429,33845.7594667991,6201.53798141939,860428.165937058,7702.37233067785,700.019600548815,100.0004000016,25626.2412710616,209846.764467427,1906370.13694266,35149.3496869605,300.003600043201,
74.00059,35049.0686961746,4400.77453631839,829328.065527972,7502.25067520256,600.014400345608,300.003600043201,24123.2548176442,215237.265296572,1878021.08957047,38559.381447429,0,
74.12674,34647.952766629,5801.34591225164,860642.171466402,7001.96054895371,200.0016000128,100.0004000016,26828.7604311822,220222.987123563,1832556.20356469,44278.2840061228,0,
74.25297,34347.1242544771,4800.92177698118,859251.198834886,8402.82334864514,500.010000200004,200.0016000128,24624.2302425587,221647.841228718,1768121.20283079,37756.9374616922,100.0004000016,
74.37929,34146.5759295679,6301.58800017604,844067.235925321,6901.90492575951,300.003600043201,400.006400102402,23922.8702639724,221138.946280992,1994575.1701738,38659.6905622281,100.0004000016,
74.50555,30136.2840860396,5501.21026625858,875417.111723841,6001.44034568296,300.003600043201,100.0004000016,27129.408278574,209846.764467427,1920741.03108592,37155.1382251261,100.0004000016,
74.6318,30938.239664225,5001.00020004001,865137.105918771,6101.48876325823,300.003600043201,200.0016000128,28732.9854673165,206898.220594641,1852154.18721752,38659.6905622281,200.0016000128,
74.75811,34647.952766629,5201.0818250196,801391.211014098,7001.96054895371,0,100.0004000016,26127.2768770597,216458.076125461,1802816.97245674,39261.5621294189,100.0004000016,
74.88437,35049.0686961746,5601.25468104855,838190.91322502,5601.25468104855,100.0004000016,400.006400102402,24123.2548176442,231117.032013241,1792903.89542075,35249.6314811254,100.0004000016,
75.01063,37857.2401471024,5401.16665199683,832637.574294666,5601.25468104855,100.0004000016,400.006400102402,25225.4272306485,214626.904208624,1850077.75782519,36453.0756781874,0,
75.13694,32843.0901342561,4600.84655576626,823778.535275282,5701.29989637637,400.006400102402,100.0004000016,27931.1711870447,213101.13075716,1924452.14124783,37255.4360889003,100.0004000016,
75.26317,30136.2840860396,5201.0818250196,846097.85952956,4800.92177698118,500.010000200004,0,25926.8602271954,216356.337374675,1921204.86390793,39361.8768704403,200.0016000128,
75.38946,29033.6790677186,4700.88376614804,854865.26512613,5401.16665199683,400.006400102402,100.0004000016,24724.4277346018,209236.664313805,1782990.81838477,37456.0342272039,0,
75.51571,32141.2693898966,5101.04061228491,809488.806940894,5401.16665199683,600.014400345608,300.003600043201,20917.487019148,218900.052455312,1863118.44271279,38559.381447429,100.0004000016,
75.64184,30136.2840860396,4800.92177698118,856362.733741519,6301.58800017604,1100.04840212969,200.0016000128,26227.4864057532,212490.873078304,1929440.55703009,37456.0342272039,0,
75.76813,34647.952766629,6101.48876325823,813646.125887989,4800.92177698118,100.0004000016,300.003600043201,22420.0883992057,204560.210669796,1837856.40673308,36653.6609596449,0,
75.89442,35249.6314811254,5201.0818250196,816738.333932282,5001.00020004001,300.003600043201,300.003600043201,29835.5639922788,229385.573635494,1945462.38413451,37957.5436361524,100.0004000016,
76.02069,29935.8032206519,4800.92177698118,864494.876760855,4500.81014582625,200.0016000128,500.010000200004,25926.8602271954,206694.898164953,1903590.4455665,36553.3679171591,100.0004000016,
76.14699,31940.756405173,5801.34591225164,835947.931263977,4900.9605882753,600.014400345608,100.0004000016,21919.201220269,202730.766283988,1771754.72789189,33544.9502333126,0,
76.27326,29234.1454819229,4200.70571856072,803628.196553461,5401.16665199683,100.0004000016,200.0016000128,24824.6260290208,209440.027750552,1857462.07726355,35349.9140786791,0,
76.39944,33645.2191745706,4800.92177698118,813219.672564471,5301.12383825371,100.0004000016,200.0016000128,28532.5270808722,210761.970069783,1745816.77949982,39261.5621294189,200.0016000128,
76.5257,32642.5659059413,4000.64010241639,829755.051266898,6601.74286011507,300.003600043201,300.003600043201,23522.1107841371,212185.755316746,1906022.64410866,35249.6314811254,0,
76.65199,28432.2990917683,5401.16665199683,816951.616967314,5701.29989637637,300.003600043201,300.003600043201,22219.7311212357,204153.644520617,1897917.02530556,37656.6355799122,200.0016000128,
76.77821,29835.5639922788,5101.04061228491,830502.310280127,5201.0818250196,400.006400102402,200.0016000128,25325.6295370915,222258.542274523,1888428.08098364,39863.462632511,0,
76.90455,31238.986254846,4500.81014582625,819297.962960668,4900.9605882753,700.019600548815,700.019600548815,24824.6260290208,204966.789935758,1860578.55537362,35851.3391176164,100.0004000016,
77.03079,25225.4272306485,4800.92177698118,774471.314044406,5301.12383825371,500.010000200004,500.010000200004,27229.6258329062,210050.137747714,1911699.48458713,37656.6355799122,0,
77.15703,29234.1454819229,4000.64010241639,818231.389186085,6501.69043951427,300.003600043201,100.0004000016,23922.8702639724,211168.749445354,1908107.73575808,36051.9147572504,0,
77.28335,29835.5639922788,5101.04061228491,812046.998575175,4800.92177698118,100.0004000016,200.0016000128,25425.8326459683,212389.166337225,1830252.50487237,38559.381447429,100.0004000016,
77.40958,29033.6790677186,4500.81014582625,798089.703053668,6601.74286011507,100.0004000016,0,25726.4467872973,212999.419092493,1879870.63255862,40967.0220480706,100.0004000016,
77.53587,28833.2158646761,5001.00020004001,816738.333932282,6401.6388195378,0,200.0016000128,27029.191526849,216254.599444839,1855384.82692242,45382.2326054811,0,
77.66219,25425.8326459683,4500.81014582625,832851.120112425,6701.7960813498,200.0016000128,400.006400102402,26728.5460872212,225312.491171141,1886577.36021131,47991.9525811455,100.0004000016,
77.7885,27029.191526849,4700.88376614804,826232.8410509,6101.48876325823,200.0016000128,200.0016000128,25726.4467872973,213609.701390178,1833132.2637289,45783.6925900546,0,
77.91476,27630.5040765005,4100.67251029169,797237.838150194,5901.39272868397,100.0004000016,100.0004000016,25726.4467872973,205373.382319136,1828985.6067858,43174.4327220127,0,
78.04097,27229.6258329062,3000.36004320518,814712.320845896,6801.85010322808,300.003600043201,600.014400345608,26528.1198069954,206593.238180124,1829561.45472029,47891.5686793148,100.0004000016,
78.16721,26227.4864057532,5101.04061228491,765121.03423257,5701.29989637637,300.003600043201,0,27329.8441898553,200393.529345354,1770493.34806781,45783.6925900546,0,
78.2935,24724.4277346018,3400.46246289495,794469.665703673,6501.69043951427,300.003600043201,500.010000200004,28432.2990917683,205068.43680182,1854000.1718656,44780.0667593657,300.003600043201,
78.41969,26027.0681508769,3000.36004320518,815885.237031132,5501.21026625858,400.006400102402,300.003600043201,28933.4470648069,207101.546304437,1805742.00438327,49999.7996000016,100.0004000016,
78.5459,24724.4277346018,3400.46246289495,792021.392934224,6101.48876325823,800.025600819226,100.0004000016,28933.4470648069,208423.243376235,1744832.89828405,46285.535669918,100.0004000016,
78.67217,22920.9956319989,3100.38444767151,820151.285430412,6901.90492575951,300.003600043201,300.003600043201,28732.9854673165,219408.857056391,1792642.09745663,50803.0285418829,100.0004000016,
78.7984,24023.0621396541,4200.70571856072,806718.004831018,7102.01697282028,100.0004000016,100.0004000016,28632.7558727184,198971.075613041,1854807.86996258,49799.0004128207,0,
78.92463,25726.4467872973,3500.49006860961,814179.212357764,6101.48876325823,500.010000200004,200.0016000128,27630.5040765005,205881.641245695,1817686.58801071,51003.8438260298,0,
79.05083,26027.0681508769,3900.60849492521,862675.400664567,7202.07419736884,300.003600043201,300.003600043201,28432.2990917683,228774.527414596,1814942.57311899,45984.4274087224,100.0004000016,
79.17707,29534.8511243267,3500.49006860961,817484.839972902,8703.02865397158,300.003600043201,300.003600043201,28632.7558727184,215135.536396535,1831404.33423773,52409.640968907,0,
79.30323,23722.4889194957,4800.92177698118,822284.838393813,6701.7960813498,500.010000200004,200.0016000128,31639.9929510902,207914.881946293,1860693.99437859,45382.2326054811,0,
79.42945,24724.4277346018,3900.60849492521,845456.57549768,7802.43435952017,200.0016000128,100.0004000016,29033.6790677186,211372.144055764,1847655.66270753,47389.6612390643,200.0016000128,
79.55569,24023.0621396541,5001.00020004001,845456.57549768,7402.19104855037,300.003600043201,900.032401166442,31740.2466327303,205170.08448773,1832556.20356469,53012.1737596755,0,
79.68197,24423.8376655616,3200.40965243551,826873.171457379,7502.25067520256,400.006400102402,500.010000200004,31539.7400724913,215542.456921767,1823573.84422585,45984.4274087224,0,
79.80823,23021.1794851263,5101.04061228491,808636.189076133,6801.85010322808,600.014400345608,200.0016000128,28432.2990917683,209745.079057761,1783915.9370728,46787.3988610725,0,
79.93459,27329.8441898553,4400.77453631839,795001.960420149,8002.56081946223,400.006400102402,400.006400102402,26828.7604311822,206593.238180124,1745519.59055819,45181.5074394207,100.0004000016,
80.06079,25425.8326459683,4600.84655576626,795853.677663267,8302.75651516303,600.014400345608,500.010000200004,31639.9929510902,201612.903225806,1737395.99152959,46887.7739127647,200.0016000128,
80.18711,24724.4277346018,4300.73972723308,853154.084798345,6201.53798141939,500.010000200004,200.0016000128,28732.9854673165,210863.663683045,1774736.64369037,48493.8841597332,0,
80.31342,24624.2302425587,3200.40965243551,829968.549430294,6001.44034568296,600.014400345608,100.0004000016,28732.9854673165,205779.987820567,1760062.85403563,47991.9525811455,0,
80.43975,23121.3641404658,4300.73972723308,841289.004841624,7802.43435952017,400.006400102402,400.006400102402,29334.3798932349,195110.939112487,1550033.50803913,48594.2728894055,0,
80.56606,23421.922919853,3500.49006860961,825272.404973328,7502.25067520256,0,300.003600043201,27830.9480141918,202425.884705958,1747122.00967176,49598.2044448007,100.0004000016,
80.69225,20817.3200102485,3300.43565750679,812153.600898676,8002.56081946223,300.003600043201,300.003600043201,27029.191526849,201816.143678578,1692633.26030229,44780.0667593657,100.0004000016,
80.81857,22219.7311212357,3200.40965243551,846097.85952956,7602.31110257518,100.0004000016,200.0016000128,25225.4272306485,205779.987820567,1760635.74707132,45382.2326054811,0,
80.9448,24023.0621396541,3000.36004320518,790212.0987043,6601.74286011507,0,300.003600043201,27931.1711870447,193384.418798699,1510381.19989519,45482.5963950534,100.0004000016,
81.07111,20516.8237955123,3400.46246289495,824418.74398291,6701.7960813498,100.0004000016,200.0016000128,31840.5011174214,219510.620440312,1734536.7439473,45582.960989,0,
81.19741,21819.0261908384,4400.77453631839,840541.121603519,9403.53572943427,600.014400345608,200.0016000128,26528.1198069954,198869.477919743,1624748.66237263,48393.4962347255,0,
81.32365,20116.1734034163,3700.5476810568,836161.531815683,7702.37233067785,0,200.0016000128,29033.6790677186,203035.655238602,1645407.18445443,46687.0246138803,100.0004000016,
81.44987,24123.2548176442,3200.40965243551,838084.095729068,9303.46088745013,1000.04000160006,300.003600043201,28833.2158646761,192775.115181368,1694799.42595503,49698.6020264204,0,
81.57608,22119.5536854579,5101.04061228491,865458.232458046,7001.96054895371,0,700.019600548815,25125.2257266295,193689.081659801,1680896.47812166,48895.4439065055,0,
81.70232,19415.0660912868,4400.77453631839,826019.40463794,7902.49718911176,200.0016000128,200.0016000128,25826.6531060054,188916.876574307,1625882.91427744,46285.535669918,0,
81.82855,24023.0621396541,2900.33643902693,847808.105872622,8302.75651516303,100.0004000016,0,28231.8455217485,189119.91230156,1677024.46603268,46687.0246138803,300.003600043201,
81.95478,23822.6791905894,2800.31363512713,817591.487217194,5601.25468104855,500.010000200004,200.0016000128,27329.8441898553,187191.205035826,1677593.80909087,47891.5686793148,100.0004000016,
82.08093,23121.3641404658,3200.40965243551,830075.299835514,8002.56081946223,500.010000200004,500.010000200004,32041.0124959949,190642.784593806,1599479.92696847,47891.5686793148,0,
82.20722,21117.8234429859,3900.60849492521,851122.352328049,7602.31110257518,300.003600043201,500.010000200004,25826.6531060054,193587.526554041,1655293.74133703,44177.9298682877,0,
82.33344,23722.4889194957,4000.64010241639,827406.804385287,6001.44034568296,200.0016000128,200.0016000128,29935.8032206519,191861.215013543,1598347.92341378,43475.4734218603,0,
82.45972,23121.3641404658,3800.57768780855,876381.281232792,5701.29989637637,400.006400102402,300.003600043201,28231.8455217485,194603.114456059,1659614.31002785,43776.5213593361,100.0004000016,
82.58603,22620.4488857928,3800.57768780855,843426.05265443,5701.29989637637,0,100.0004000016,25025.025025025,189830.5631237,1638252.53063399,42773.0563802976,0,
82.71236,21819.0261908384,3600.51847466035,869526.525577718,6201.53798141939,600.014400345608,0,25225.4272306485,196329.801815748,1665756.4755123,54317.7609056434,0,
82.83867,21819.0261908384,3800.57768780855,866421.659920704,4800.92177698118,700.019600548815,400.006400102402,26528.1198069954,192368.929142935,1706320.21091583,42773.0563802976,0,
82.96498,20316.4969955604,3500.49006860961,851977.779708059,7302.132222609,300.003600043201,300.003600043201,24724.4277346018,197142.442469884,1647224.85141507,44278.2840061228,0,
83.09135,19014.4509827469,3700.5476810568,858288.305433964,4900.9605882753,300.003600043201,200.0016000128,23822.6791905894,196228.225419568,1618285.27135745,43876.872280235,200.0016000128,
83.21759,17412.118834709,3000.36004320518,846525.399897441,4900.9605882753,500.010000200004,100.0004000016,26528.1198069954,178160.664864582,1581944.69254259,39562.5087638469,100.0004000016,
83.34389,22420.0883992057,4200.70571856072,823458.442824797,7802.43435952017,300.003600043201,200.0016000128,23622.2994506814,189932.087943091,1629172.79137641,42271.354045629,200.0016000128,
83.47009,18814.1482394761,3200.40965243551,886348.575215374,7402.19104855037,200.0016000128,100.0004000016,25926.8602271954,200393.529345354,1660751.53459286,41970.3422936842,0,
83.59634,18713.9980705568,2400.23042212052,850908.504328476,4800.92177698118,200.0016000128,300.003600043201,29334.3798932349,181102.489101619,1600159.17535251,40264.7457111035,0,
83.72265,19615.3784567101,2500.2500250025,844922.19644622,5601.25468104855,100.0004000016,300.003600043201,26027.0681508769,192572.020524892,1633371.40129886,40164.423735672,100.0004000016,
83.8489,16010.246557797,4200.70571856072,886884.668751424,6301.58800017604,400.006400102402,200.0016000128,27730.7256440136,191048.914971141,1674291.95759428,40264.7457111035,0,
83.97516,19715.5358422437,4200.70571856072,859572.179237867,5801.34591225164,400.006400102402,200.0016000128,30336.7681630136,183740.57120753,1633938.88256777,37155.1382251261,100.0004000016,
84.1014,18513.7001381022,4200.70571856072,836802.354662819,5701.29989637637,600.014400345608,300.003600043201,23622.2994506814,187800.238578844,1594160.34789417,36854.249455198,0,
84.22767,19214.7569333248,2500.2500250025,814285.832293878,5101.04061228491,200.0016000128,500.010000200004,24123.2548176442,193993.75188955,1655066.38177732,41870.0066511207,0,
84.35396,18113.1138944596,3300.43565750679,903407.230573481,5501.21026625858,0,600.014400345608,27129.408278574,189830.5631237,1675430.4347455,38559.381447429,200.0016000128,
84.48015,17612.3991289868,2900.33643902693,859420.34837754,5401.16665199683,800.025600819226,400.006400102402,27430.063349431,192978.213112441,1662798.78332317,39662.8259162513,100.0004000016,
84.6064,20817.3200102485,3400.46246289495,893641.350280894,4300.73972723308,0,400.006400102402,26528.1198069954,190236.667311537,1667349.35081005,36051.9147572504,200.0016000128,
84.7327,16611.0297237366,2800.31363512713,878738.442555411,3300.43565750679,600.014400345608,200.0016000128,25225.4272306485,194806.241862078,1722191.8183062,41268.0096799526,0,
84.85897,18313.4054127621,2400.23042212052,881953.445612698,5501.21026625858,300.003600043201,200.0016000128,26227.4864057532,194806.241862078,1670649.48365623,41067.3504547458,0,
84.98515,15509.6159618964,2800.31363512713,839045.484988548,5201.0818250196,400.006400102402,400.006400102402,26127.2768770597,182827.326389588,1581944.69254259,38057.8479288519,0,
85.11129,15209.2472223112,2400.23042212052,880024.347926907,4800.92177698118,700.019600548815,200.0016000128,28532.5270808722,200799.974194381,1673153.57761674,33946.0308177889,100.0004000016,
85.23753,18413.5523745477,2700.2916314962,847915.003784135,4700.88376614804,300.003600043201,400.006400102402,25325.6295370915,187089.702308749,1609898.88238425,32943.3534531443,0,
85.36382,18713.9980705568,2000.16001280102,838725.013952912,5801.34591225164,600.014400345608,100.0004000016,26327.6967369673,185161.305921132,1475685.43026925,36553.3679171591,100.0004000016,
85.49003,16410.7654621432,2400.23042212052,864601.912739041,3700.5476810568,100.0004000016,200.0016000128,22219.7311212357,197650.369498345,1643589.76545115,35149.3496869605,0,
85.6163,17011.567866149,2500.2500250025,852726.325107341,4100.67251029169,200.0016000128,400.006400102402,22520.2682414173,193892.194327545,1747236.47552735,39060.9350586916,0,
85.74259,17211.841747122,2400.23042212052,846952.95441011,6201.53798141939,300.003600043201,400.006400102402,24223.4482979524,190236.667311537,1713054.7767216,38459.0731363374,0,
85.86883,17111.7044058136,2700.2916314962,883346.86169596,4900.9605882753,700.019600548815,300.003600043201,27630.5040765005,197142.442469884,1742315.32826727,39562.5087638469,0,
85.9951,17812.6826300326,3200.40965243551,904802.957706783,6201.53798141939,500.010000200004,300.003600043201,23522.1107841371,197040.859521458,1714881.68513199,40264.7457111035,0,
86.12137,16510.8971921468,2800.31363512713,849518.578565993,4300.73972723308,100.0004000016,400.006400102402,21318.1630749398,183233.204798111,1635300.9362841,33845.7594667991,0,
86.2476,16010.246557797,2600.27042812453,834986.772486773,4600.84655576626,600.014400345608,500.010000200004,24123.2548176442,198666.284990868,1742200.9045282,38459.0731363374,0,
86.37388,14408.2991803279,3700.5476810568,869526.525577718,6101.48876325823,100.0004000016,100.0004000016,23421.922919853,186176.214578162,1663367.51932561,35249.6314811254,0,
86.50024,16611.0297237366,2500.2500250025,831890.191734622,4100.67251029169,400.006400102402,100.0004000016,24924.8251258253,184755.365360283,1717051.46345321,36453.0756781874,0,
86.62646,15209.2472223112,2500.2500250025,859037.216326362,4600.84655576626,300.003600043201,100.0004000016,23121.3641404658,189627.515939996,1697422.09692232,34347.1242544771,200.0016000128,
86.75266,18814.1482394761,2400.23042212052,835520.740756051,3200.40965243551,200.0016000128,100.0004000016,22620.4488857928,176537.883640084,1609445.71460199,29835.5639922788,0,
86.87887,14808.7667899396,2700.2916314962,829328.065527972,5301.12383825371,200.0016000128,0,22720.6303323418,196025.075084155,1724705.6006431,34246.8496903764,0,
87.00522,14408.2991803279,2300.21161946899,873596.098675686,5601.25468104855,500.010000200004,400.006400102402,25826.6531060054,188003.256305061,1714653.30791523,33745.4889190629,0,
87.13138,13507.2939387269,2200.1936170383,854009.646648079,4700.88376614804,600.014400345608,100.0004000016,24924.8251258253,199479.076368533,1654120.81691697,34246.8496903764,0,
87.25763,15209.2472223112,2500.2500250025,854758.309719321,3500.49006860961,500.010000200004,400.006400102402,24123.2548176442,199783.886653388,1766709.9216699,32943.3534531443,100.0004000016,
87.38393,12706.4548790786,2000.16001280102,849518.578565993,5901.39272868397,500.010000200004,400.006400102402,23221.549598027,197244.026237386,1719678.50882818,29234.1454819229,0,
87.51015,12806.5569571621,1300.06760351538,834986.772486773,5801.34591225164,400.006400102402,100.0004000016,23922.8702639724,191861.215013543,1695597.57561261,29935.8032206519,0,
87.63647,12706.4548790786,3400.46246289495,835413.945336398,4900.9605882753,300.003600043201,200.0016000128,23922.8702639724,183943.523495612,1810226.49279341,33745.4889190629,0,
87.76269,11505.2924345199,2000.16001280102,840113.779188992,4700.88376614804,0,200.0016000128,23622.2994506814,195517.21357736,1723220.12664668,33946.0308177889,100.0004000016,
87.88892,15910.1188355794,3700.5476810568,849090.939169851,4200.70571856072,200.0016000128,100.0004000016,24624.2302425587,207711.54311527,1766366.02684345,32742.827618525,100.0004000016,
88.0152,13307.0793662228,2000.16001280102,822284.838393813,6101.48876325823,100.0004000016,200.0016000128,24023.0621396541,188916.876574307,1751128.89763948,29434.6151073663,0,
88.14152,13006.7635170289,1700.11560786133,802136.829763694,4600.84655576626,200.0016000128,300.003600043201,22820.8125810739,192064.29820955,1724477.05543298,28031.3951625821,100.0004000016,
88.26783,12105.8592358702,3000.36004320518,819404.625184867,4000.64010241639,200.0016000128,200.0016000128,22420.0883992057,189018.394028792,1663936.27959164,28933.4470648069,100.0004000016,
88.39406,12306.0545788528,2100.17641481884,815671.971615152,3600.51847466035,300.003600043201,300.003600043201,25726.4467872973,192267.384679877,1736366.59194743,30938.239664225,0,
88.52034,12306.0545788528,3100.38444767151,802030.310161046,3900.60849492521,400.006400102402,100.0004000016,24023.0621396541,207203.210389401,1746091.86105726,29434.6151073663,0,
88.6465,13707.5117164206,2100.17641481884,801284.697567661,4800.92177698118,100.0004000016,500.010000200004,24624.2302425587,207609.874929923,1822537.79832027,28732.9854673165,0,
88.77282,13206.9732818928,1500.09000540032,836588.743515016,4600.84655576626,200.0016000128,200.0016000128,26928.9755777216,199479.076368533,1730947.16394585,29234.1454819229,0,
88.89912,10304.2453490838,2200.1936170383,777128.881520067,4500.81014582625,200.0016000128,200.0016000128,22620.4488857928,183334.676444516,1677593.80909087,26127.2768770597,0,
89.02536,11305.1099096792,1700.11560786133,789147.926552507,4700.88376614804,300.003600043201,100.0004000016,21718.8519635043,191251.985070656,1680554.78478397,24123.2548176442,100.0004000016,
89.15163,11905.6670975384,1900.14441097523,779467.994274896,4600.84655576626,300.003600043201,100.0004000016,22019.3770518056,193993.75188955,1655772.99642297,28231.8455217485,0,
89.27787,14308.184281409,1400.07840439065,831036.093190112,3800.57768780855,300.003600043201,300.003600043201,22620.4488857928,210456.894152384,1670642.61197694,29133.9118734207,0,
89.40415,11905.6670975384,2200.1936170383,820684.640617383,3700.5476810568,100.0004000016,300.003600043201,24123.2548176442,210660.277276926,1794020.43204822,27329.8441898553,0,
89.53047,10604.4963064339,1700.11560786133,809488.806940894,3700.5476810568,400.006400102402,400.006400102402,24824.6260290208,197751.957361372,1696623.83816293,27630.5040765005,0,
89.65662,12306.0545788528,2200.1936170383,767033.039520445,4400.77453631839,400.006400102402,100.0004000016,24323.6425805883,212084.051037326,1845695.23907702,30938.239664225,100.0004000016,
89.78281,11305.1099096792,1200.05760276493,826232.8410509,3000.36004320518,300.003600043201,0,23522.1107841371,202730.766283988,1814712.48192688,33143.8825004306,0,
89.90909,11505.2924345199,1800.12960933187,785636.781457445,4400.77453631839,200.0016000128,200.0016000128,22520.2682414173,197548.782454443,1695369.52798315,26327.6967369673,100.0004000016,
90.03528,11505.2924345199,1600.10240655402,794576.122889488,4100.67251029169,200.0016000128,700.019600548815,23722.4889194957,205170.08448773,1820235.76060043,29234.1454819229,100.0004000016,
90.1616,12806.5569571621,1000.04000160006,805759.019628893,4700.88376614804,400.006400102402,400.006400102402,26828.7604311822,201003.201535447,1769576.05557792,27229.6258329062,100.0004000016,
90.28775,9703.76506084361,1600.10240655402,802349.871607507,5301.12383825371,500.010000200004,300.003600043201,28231.8455217485,208321.569449934,1838663.1339829,28632.7558727184,0,
90.41395,11805.5722300926,1100.04840212969,828474.136399139,4200.70571856072,200.0016000128,200.0016000128,25526.0365572884,209033.304158079,1799765.01966031,26127.2768770597,0,
90.54027,10904.7544729502,1000.04000160006,802243.350245844,4400.77453631839,300.003600043201,100.0004000016,25626.2412710616,210050.137747714,1806201.88286762,23722.4889194957,0,
90.66651,10604.4963064339,900.032401166442,780956.741617064,4200.70571856072,100.0004000016,200.0016000128,23021.1794851263,195517.21357736,1726191.23979594,28031.3951625821,0,
90.79277,8803.09869073914,2400.23042212052,790744.217715146,4400.77453631839,200.0016000128,200.0016000128,29735.3255667733,223480.033093206,1850308.45634355,26628.3325458288,0,
90.91906,11905.6670975384,1700.11560786133,809915.13699903,4800.92177698118,400.006400102402,100.0004000016,28231.8455217485,190033.613580854,1745634.04269887,26528.1198069954,0,
91.04525,11305.1099096792,2000.16001280102,824845.567423507,4300.73972723308,300.003600043201,200.0016000128,24924.8251258253,204255.284828248,1795054.27606194,27129.408278574,0,
91.17157,12205.9565067753,1500.09000540032,814392.453110738,4800.92177698118,100.0004000016,300.003600043201,25926.8602271954,206898.220594641,1794135.29966561,26327.6967369673,100.0004000016,
91.29773,12105.8592358702,1700.11560786133,808955.914173866,4400.77453631839,500.010000200004,400.006400102402,29234.1454819229,214626.904208624,1788048.67281292,29334.3798932349,0,
91.42405,9503.61137232148,1300.06760351538,818444.696891459,3300.43565750679,600.014400345608,300.003600043201,27530.2833116428,205576.683430056,1794020.43204822,29133.9118734207,0,
91.5504,9803.84310649775,1300.06760351538,797344.318186509,5201.0818250196,600.014400345608,0,28833.2158646761,210050.137747714,1752961.01772544,26528.1198069954,0,
91.67671,10304.2453490838,1000.04000160006,829541.55663282,4400.77453631839,100.0004000016,100.0004000016,30236.5257230735,214220.013232423,1834975.63384212,26427.9078707115,100.0004000016,
91.80303,9303.46088745013,1500.09000540032,830182.051123096,4800.92177698118,400.006400102402,200.0016000128,28432.2990917683,203238.918639912,1814252.31138855,28131.6199408135,0,
91.92918,12606.3536022155,1900.14441097523,800219.611469333,5601.25468104855,100.0004000016,100.0004000016,24223.4482979524,209541.710699333,1738381.97172284,30136.2840860396,0,
92.05541,10404.3282005314,2300.21161946899,817911.434236616,3200.40965243551,400.006400102402,100.0004000016,28031.3951625821,212084.051037326,1764761.30115281,28833.2158646761,0,
92.1817,9303.46088745013,600.014400345608,821111.340632101,5401.16665199683,200.0016000128,200.0016000128,24423.8376655616,207101.546304437,1801259.01594353,28231.8455217485,0,
92.30794,10104.0820491479,1700.11560786133,835841.132312577,4800.92177698118,400.006400102402,200.0016000128,28532.5270808722,209643.394468399,1814137.27122178,30837.992406645,0,
92.43418,9003.24116682005,2100.17641481884,834452.826289139,5101.04061228491,500.010000200004,200.0016000128,28231.8455217485,212694.289022191,1834053.91712785,29033.6790677186,0,
92.56036,12105.8592358702,1100.04840212969,820471.29589847,4500.81014582625,300.003600043201,0,26327.6967369673,204255.284828248,1821501.83244501,33544.9502333126,0,
92.6866,11104.9305891816,2200.1936170383,806611.447399932,4700.88376614804,700.019600548815,100.0004000016,27129.408278574,195009.372543487,1743688.48951647,32843.0901342561,0,
92.81282,10604.4963064339,1700.11560786133,796918.403315214,4200.70571856072,200.0016000128,700.019600548815,27229.6258329062,201308.048692959,1769346.74227758,29234.1454819229,0,
92.93912,11205.0198488923,1100.04840212969,804054.333016804,4100.67251029169,400.006400102402,200.0016000128,28031.3951625821,199580.678977502,1770722.68101292,30938.239664225,0,
93.06527,13507.2939387269,2000.16001280102,817164.903526418,4100.67251029169,200.0016000128,200.0016000128,28332.0719053969,204052.005032745,1814597.43781159,30938.239664225,0,
93.19151,11104.9305891816,1600.10240655402,832851.120112425,5401.16665199683,500.010000200004,400.006400102402,23321.7358578195,206491.579015293,1729620.26832262,30236.5257230735,0,
93.31773,10504.4118529783,2800.31363512713,829434.810639248,5101.04061228491,400.006400102402,100.0004000016,29334.3798932349,209033.304158079,1664859.98370595,36051.9147572504,0,
93.44399,15009.0054032419,2100.17641481884,835520.740756051,4700.88376614804,400.006400102402,400.006400102402,29033.6790677186,203950.366364623,1759031.70838221,34447.3996218797,0,
93.57019,13307.0793662228,2200.1936170383,807890.194653431,4400.77453631839,200.0016000128,100.0004000016,30236.5257230735,199275.873608496,1727791.34361676,30036.0432519023,0,
93.69643,16010.246557797,2200.1936170383,867171.042012425,4900.9605882753,500.010000200004,300.003600043201,26928.9755777216,195923.501144903,1647452.07722218,33745.4889190629,100.0004000016,
93.82266,12105.8592358702,2400.23042212052,836161.531815683,5301.12383825371,300.003600043201,0,27830.9480141918,202527.511079031,1602077.16247805,36051.9147572504,100.0004000016,
93.94895,14908.8856958747,2200.1936170383,829114.577952268,4300.73972723308,600.014400345608,300.003600043201,36152.2037822616,203543.819889427,1663936.27959164,31339.2367243789,100.0004000016,
94.07516,12806.5569571621,2100.17641481884,841182.161728589,4700.88376614804,400.006400102402,400.006400102402,30837.992406645,194704.677749649,1759833.70368943,33344.4147604609,0,
94.20139,11305.1099096792,2500.2500250025,872739.240045205,6401.6388195378,400.006400102402,300.003600043201,32642.5659059413,240695.270095632,1725048.42578775,38258.4589252378,0,
94.3277,13707.5117164206,1700.11560786133,924574.00739991,4700.88376614804,100.0004000016,500.010000200004,30036.0432519023,212389.166337225,1735794.73754005,34848.5091247016,0,
94.45396,16711.163056922,2500.2500250025,822071.467230758,5701.29989637637,200.0016000128,100.0004000016,28031.3951625821,199682.282405783,1684086.03803229,36152.2037822616,100.0004000016,
94.58031,14608.5313823273,2200.1936170383,833812.119984624,5501.21026625858,400.006400102402,100.0004000016,27630.5040765005,199072.674125592,1668487.23539527,31539.7400724913,0,
94.70655,21318.1630749398,1900.14441097523,868884.078426178,5801.34591225164,200.0016000128,200.0016000128,28532.5270808722,192368.929142935,1688985.77583814,34146.5759295679,0,
94.83284,13307.0793662228,3700.5476810568,870597.341744382,5701.29989637637,0,200.0016000128,29735.3255667733,207406.541019509,1650179.08920348,32041.0124959949,0,
94.95904,17612.3991289868,2400.23042212052,870597.341744382,5701.29989637637,100.0004000016,100.0004000016,28131.6199408135,210965.358116721,1674519.64525023,32442.0448901777,0,
95.0853,13607.4024269202,2500.2500250025,872563.976678078,4900.9605882753,400.006400102402,100.0004000016,27630.5040765005,196634.535918306,1664505.0641228,34647.952766629,200.0016000128,
95.21161,18413.5523745477,1900.14441097523,871989.535297673,6601.74286011507,300.003600043201,500.010000200004,31038.4877247787,197142.442469884,1636776.65169325,31439.4879969241,0,
95.33784,12806.5569571621,2600.27042812453,874345.896535736,6001.44034568296,200.0016000128,300.003600043201,31339.2367243789,180899.582601409,1652338.36955919,36653.6609596449,0,
95.4641,16510.8971921468,4000.64010241639,896323.550738149,6801.85010322808,400.006400102402,200.0016000128,27329.8441898553,196939.277392097,1674773.06074194,34046.302972042,200.0016000128,
95.59036,12406.1534521122,1800.12960933187,851656.98780629,5601.25468104855,300.003600043201,0,26528.1198069954,189729.039122672,1589685.81618307,33745.4889190629,0,
95.71661,14308.184281409,3100.38444767151,864173.77414162,6501.69043951427,600.014400345608,400.006400102402,28031.3951625821,197142.442469884,1668487.23539527,35249.6314811254,0,
95.84291,41569.0045475489,2700.2916314962,874667.251779142,5601.25468104855,400.006400102402,200.0016000128,32241.5270868879,189627.515939996,1635982.01538494,33043.6175751993,100.0004000016,
95.96909,15109.1259120509,2900.33643902693,888814.789347892,4300.73972723308,200.0016000128,200.0016000128,30737.7459520291,188307.789030794,1690923.37783244,32742.827618525,200.0016000128,
96.09536,14208.0701838644,1500.09000540032,911246.724818414,6001.44034568296,200.0016000128,200.0016000128,30437.0114058695,187901.747032865,1646770.41142614,33043.6175751993,0,
96.22166,17812.6826300326,2700.2916314962,882382.173043395,5601.25468104855,300.003600043201,100.0004000016,28231.8455217485,188510.814939004,1660524.08191819,34146.5759295679,0,
96.34793,15409.4922472243,2300.21161946899,852940.203183428,3900.60849492521,200.0016000128,500.010000200004,31940.756405173,195314.07470713,1656203.21836335,34146.5759295679,100.0004000016,
96.47421,13307.0793662228,2300.21161946899,874560.132477748,4900.9605882753,400.006400102402,400.006400102402,29033.6790677186,184247.958061176,1658818.31055604,30938.239664225,0,
96.60043,15209.2472223112,1800.12960933187,887528.010305307,5201.0818250196,300.003600043201,300.003600043201,32241.5270868879,202832.395115893,1684769.61437306,33444.6820952793,0,
96.7268,15209.2472223112,2100.17641481884,906198.8352573,6101.48876325823,200.0016000128,200.0016000128,29835.5639922788,191962.756202261,1684199.96499033,33544.9502333126,100.0004000016,
96.85308,15409.4922472243,3600.51847466035,863210.514119244,5701.29989637637,500.010000200004,400.006400102402,29334.3798932349,196431.379030925,1676113.56768477,33544.9502333126,100.0004000016,
96.97932,16611.0297237366,2700.2916314962,877559.808216229,5201.0818250196,600.014400345608,0,27029.191526849,189525.993575663,1650292.72681531,35249.6314811254,100.0004000016,
97.10557,14708.648685427,2500.2500250025,862782.421584044,4500.81014582625,700.019600548815,200.0016000128,29735.3255667733,189525.993575663,1660296.63312446,36051.9147572504,0,
97.2318,15509.6159618964,3100.38444767151,865672.321247512,4700.88376614804,200.0016000128,0,29334.3798932349,189627.515939996,1643476.18499525,33946.0308177889,0,
97.35803,15209.2472223112,2400.23042212052,852405.514628325,3800.57768780855,500.010000200004,0,29434.6151073663,183436.148908651,1465772.35323326,32843.0901342561,0,
97.48423,17912.8255831175,3000.36004320518,849518.578565993,6101.48876325823,100.0004000016,100.0004000016,28833.2158646761,195415.643732792,1692291.2662823,37957.5436361524,0,
97.61055,17111.7044058136,2700.2916314962,888278.615867651,5601.25468104855,500.010000200004,0,29735.3255667733,198463.095338889,1713625.65875801,37957.5436361524,0,
97.73686,15009.0054032419,2600.27042812453,871668.246563208,5401.16665199683,300.003600043201,0,27029.191526849,195821.928024607,1678049.30103511,34748.2305439951,0,
97.86318,16010.246557797,2200.1936170383,934131.498717439,6001.44034568296,300.003600043201,700.019600548815,28031.3951625821,184552.399987106,1689441.65688054,35450.1974796312,0,
97.98944,14408.2991803279,2300.21161946899,862461.361482726,6201.53798141939,200.0016000128,300.003600043201,30437.0114058695,190744.315960453,1711570.59761263,32041.0124959949,0,
98.11564,17512.2585810067,2000.16001280102,870811.515615622,4400.77453631839,400.006400102402,0,29133.9118734207,184247.958061176,1689897.55349723,31639.9929510902,0,
98.24188,17211.841747122,2600.27042812453,893963.184998902,4800.92177698118,500.010000200004,200.0016000128,29635.0879441258,198564.689755272,1697194.01811992,29534.8511243267,0,
98.36817,14208.0701838644,1900.14441097523,860749.175559316,5001.00020004001,900.032401166442,0,27830.9480141918,190845.848145551,1718650.47302699,32141.2693898966,100.0004000016,
98.49436,13807.6218072376,2400.23042212052,873703.209995115,4800.92177698118,800.025600819226,100.0004000016,28933.4470648069,180392.330656825,1687960.10043213,29234.1454819229,0,
98.62056,14608.5313823273,2300.21161946899,845029.070488699,4800.92177698118,200.0016000128,0,31639.9929510902,203238.918639912,1723562.91368075,32442.0448901777,0,
98.74684,13907.7326993809,2300.21161946899,855720.940238121,3900.60849492521,700.019600548815,200.0016000128,27730.7256440136,189525.993575663,1644157.6822567,32341.7855869784,0,
98.87308,13106.8679988314,1800.12960933187,837977.2791163,3100.38444767151,500.010000200004,400.006400102402,30236.5257230735,192775.115181368,1787130.17688078,33645.2191745706,100.0004000016,
98.99935,12806.5569571621,2600.27042812453,836375.135899333,6001.44034568296,300.003600043201,100.0004000016,24824.6260290208,186074.720031593,1584884.47272604,31740.2466327303,0,
99.12551,12806.5569571621,2300.21161946899,823458.442824797,5501.21026625858,100.0004000016,100.0004000016,31038.4877247787,189830.5631237,1733964.96781231,32141.2693898966,0,
99.25166,13006.7635170289,1800.12960933187,863638.620826643,4800.92177698118,300.003600043201,300.003600043201,29635.0879441258,200190.311837235,1718193.59361841,33344.4147604609,0,
99.3779,12105.8592358702,1300.06760351538,879059.906918197,5201.0818250196,700.019600548815,400.006400102402,27931.1711870447,202425.884705958,1754106.22022268,27931.1711870447,0,
99.50412,12205.9565067753,2600.27042812453,874881.493042762,3800.57768780855,100.0004000016,300.003600043201,27530.2833116428,190033.613580854,1757313.30887358,29033.6790677186,100.0004000016,
99.63035,12906.6598364756,1900.14441097523,813539.511236117,4700.88376614804,300.003600043201,100.0004000016,28732.9854673165,203747.091487586,1811951.69558783,31840.5011174214,0,
99.75664,14007.84439286,2500.2500250025,849304.757099253,7102.01697282028,100.0004000016,0,33244.1482288479,208626.593689373,1835666.96293243,35149.3496869605,0,
99.88287,10704.5815609081,2300.21161946899,817378.193609683,3500.49006860961,200.0016000128,500.010000200004,29033.6790677186,203238.918639912,1766595.28907923,32742.827618525,0,
100.00916,12406.1534521122,1800.12960933187,842678.045714664,4400.77453631839,200.0016000128,900.032401166442,33444.6820952793,204255.284828248,1735337.27162675,32742.827618525,0,
100.13547,13106.8679988314,1600.10240655402,822498.213083124,5501.21026625858,200.0016000128,100.0004000016,35550.4816839913,195314.07470713,1795628.66832156,35550.4816839913,100.0004000016,
100.2618,12606.3536022155,2100.17641481884,845349.697919553,5301.12383825371,300.003600043201,100.0004000016,30036.0432519023,195923.501144903,1739569.42875723,31940.756405173,0,
100.3881,13006.7635170289,2300.21161946899,842571.191115117,3700.5476810568,500.010000200004,500.010000200004,30336.7681630136,186074.720031593,1756167.83180859,33645.2191745706,100.0004000016,
100.51439,13607.4024269202,2400.23042212052,836588.743515016,6501.69043951427,400.006400102402,500.010000200004,31740.2466327303,209948.450697408,1858154.56545655,33745.4889190629,0,
100.64068,15009.0054032419,2400.23042212052,860856.18053774,5901.39272868397,300.003600043201,100.0004000016,36854.249455198,196126.649842373,1758573.4469324,32843.0901342561,0,
100.76694,14608.5313823273,2000.16001280102,814712.320845896,4800.92177698118,200.0016000128,300.003600043201,31639.9929510902,197955.13554484,1738311.0799283,33946.0308177889,0,
100.89325,14808.7667899396,2600.27042812453,819404.625184867,6401.6388195378,100.0004000016,200.0016000128,33544.9502333126,210863.663683045,1577294.46988809,34848.5091247016,0,
101.01953,13006.7635170289,1900.14441097523,811087.617285582,7502.25067520256,200.0016000128,400.006400102402,32642.5659059413,200393.529345354,1817473.83687252,36753.9548056547,0,
101.14579,15009.0054032419,1500.09000540032,813646.125887989,6601.74286011507,400.006400102402,200.0016000128,31740.2466327303,185059.819554083,1747808.81950151,35450.1974796312,0,
101.27209,13807.6218072376,1800.12960933187,772664.481144719,5701.29989637637,500.010000200004,300.003600043201,30136.2840860396,199682.282405783,1750556.41157336,33845.7594667991,0,
101.39832,16811.2971917128,2700.2916314962,861498.229004601,6901.90492575951,300.003600043201,0,32141.2693898966,219001.81173309,1841544.69868756,34146.5759295679,0,
101.5246,15910.1188355794,1900.14441097523,846739.175385633,5101.04061228491,100.0004000016,100.0004000016,36954.5449082846,211473.842591659,1803557.79704775,30537.255451651,100.0004000016,
101.65087,15409.4922472243,1900.14441097523,826339.560580328,6601.74286011507,400.006400102402,0,34347.1242544771,201308.048692959,1761208.6646371,33946.0308177889,0,
101.777,14508.4148806308,2500.2500250025,809595.388135019,7802.43435952017,200.0016000128,400.006400102402,34246.8496903764,209134.983825819,1796662.63644861,34647.952766629,100.0004000016,
101.90329,17412.118834709,1900.14441097523,816631.693736266,5901.39272868397,500.010000200004,600.014400345608,37556.3345017526,217272.015687161,1781735.28504337,31639.9929510902,0,
102.02952,16310.634533716,3000.36004320518,816311.778434086,5401.16665199683,500.010000200004,200.0016000128,36753.9548056547,207406.541019509,1792527.2426417,27329.8441898553,0,
102.15578,14308.184281409,2900.33643902693,816098.505970747,6301.58800017604,100.0004000016,300.003600043201,30737.7459520291,187698.730942987,1738768.64761725,33645.2191745706,0,
102.28207,15509.6159618964,1600.10240655402,828901.093905619,6901.90492575951,300.003600043201,500.010000200004,36854.249455198,208219.8963438,1851923.45698107,31539.7400724913,0,
102.4083,19014.4509827469,2700.2916314962,845777.213535744,6201.53798141939,500.010000200004,200.0016000128,36553.3679171591,200291.920181603,1805627.03722765,31038.4877247787,0,
102.53457,18914.2992102029,2400.23042212052,803308.603442368,5901.39272868397,300.003600043201,200.0016000128,39161.2481921726,199377.474578868,1788163.4892333,28833.2158646761,100.0004000016,
102.66074,21618.6785382571,3000.36004320518,827193.348567934,7202.07419736884,600.014400345608,400.006400102402,38559.381447429,209134.983825819,1781620.52371995,34146.5759295679,100.0004000016,
102.78698,15809.9919148902,2300.21161946899,796279.557377117,7202.07419736884,300.003600043201,100.0004000016,35049.0686961746,205068.43680182,1752388.45324111,27630.5040765005,0,
102.91326,17311.9798900839,2800.31363512713,808742.763228529,7001.96054895371,100.0004000016,400.006400102402,36553.3679171591,201511.284228693,1812756.86621078,24724.4277346018,0,
103.03948,17712.5404786589,2500.2500250025,805226.280868212,7502.25067520256,400.006400102402,100.0004000016,37756.9374616922,203442.185319902,1780128.71601066,29635.0879441258,0,
103.16574,18213.259252736,2600.27042812453,817164.903526418,6301.58800017604,200.0016000128,300.003600043201,34547.6757925938,202934.024767427,1742887.4616507,26528.1198069954,0,
103.29203,17512.2585810067,2400.23042212052,813539.511236117,6201.53798141939,700.019600548815,200.0016000128,37355.7347562563,193485.972267011,1742887.4616507,25425.8326459683,0,
103.41826,18713.9980705568,2400.23042212052,805013.191522744,6601.74286011507,100.0004000016,100.0004000016,33544.9502333126,194399.99032535,1720021.20500883,25325.6295370915,200.0016000128,
103.54454,17011.567866149,2700.2916314962,831036.093190112,6401.6388195378,300.003600043201,100.0004000016,40465.3920735909,196532.957065108,1790115.51897812,27029.191526849,200.0016000128,
103.67077,18613.8487034354,2800.31363512713,800965.162504799,7502.25067520256,0,400.006400102402,37355.7347562563,197142.442469884,1702440.81671017,22520.2682414173,0,
103.79702,15809.9919148902,2200.1936170383,844387.839491879,5601.25468104855,500.010000200004,600.014400345608,37456.0342272039,200596.750131043,1659841.74717939,27329.8441898553,100.0004000016,
103.92333,18313.4054127621,3300.43565750679,809062.490966828,6201.53798141939,500.010000200004,100.0004000016,36152.2037822616,190033.613580854,1643362.60550772,23622.2994506814,0,
104.04952,14908.8856958747,2100.17641481884,791489.221220825,5301.12383825371,300.003600043201,0,35751.0525029742,202527.511079031,1735108.54454069,23121.3641404658,100.0004000016,
104.17586,16010.246557797,4100.67251029169,809595.388135019,7702.37233067785,200.0016000128,0,34347.1242544771,187495.718125728,1692063.27513752,25726.4467872973,0,
104.30208,16711.163056922,2200.1936170383,834879.981481558,6701.7960813498,500.010000200004,200.0016000128,37456.0342272039,203645.455278652,1713739.83809337,22219.7311212357,0,
104.42831,17612.3991289868,3300.43565750679,876809.824079096,7001.96054895371,400.006400102402,100.0004000016,39060.9350586916,190236.667311537,1741056.72099023,20116.1734034163,0,
104.55457,16410.7654621432,2600.27042812453,806078.673443687,6401.6388195378,100.0004000016,0,33244.1482288479,189830.5631237,1652224.71450137,23722.4889194957,0,
104.68087,19114.6035571176,2600.27042812453,843853.504633286,7902.49718911176,500.010000200004,300.003600043201,37656.6355799122,200698.361753001,1721163.58910119,21017.6548300572,100.0004000016,
104.80714,17512.2585810067,2100.17641481884,808423.043411832,7502.25067520256,100.0004000016,200.0016000128,36954.5449082846,182421.461063947,1633371.40129886,21518.505915087,0,
104.93339,17111.7044058136,3600.51847466035,822711.591298779,7302.132222609,300.003600043201,0,36152.2037822616,200495.139328498,1673836.59394312,19915.8530190031,0,
105.05968,19114.6035571176,2600.27042812453,818124.736655128,7001.96054895371,500.010000200004,200.0016000128,37456.0342272039,194399.99032535,1650860.92941146,21217.9928579435,100.0004000016,
105.18587,18513.7001381022,2500.2500250025,837229.587555137,7202.07419736884,200.0016000128,200.0016000128,37054.8411649241,201612.903225806,1678732.56811614,24924.8251258253,0,
105.31213,19515.221873061,3300.43565750679,856469.702423061,8602.95941803981,200.0016000128,300.003600043201,38358.7656289435,190541.254045601,1696851.9072231,18713.9980705568,0,
105.43836,21418.3340939844,2900.33643902693,860642.171466402,7402.19104855037,200.0016000128,300.003600043201,34647.952766629,188815.359938096,1634165.88184658,19114.6035571176,0,
105.56463,19114.6035571176,2600.27042812453,827513.533617092,7001.96054895371,1000.04000160006,300.003600043201,36653.6609596449,190236.667311537,1641659.02939108,19214.7569333248,0,
105.69096,19815.6940296715,2600.27042812453,829968.549430294,7202.07419736884,600.014400345608,100.0004000016,39863.462632511,184045.000866331,1632123.02762497,17812.6826300326,200.0016000128,
105.81727,19515.221873061,3600.51847466035,837229.587555137,7302.132222609,300.003600043201,500.010000200004,36352.7842427204,200698.361753001,1693659.29494572,18814.1482394761,0,
105.9435,21117.8234429859,4000.64010241639,875202.861590435,7702.37233067785,200.0016000128,300.003600043201,37054.8411649241,185770.241299828,1597895.14896949,15309.3693340324,0,
106.06977,20116.1734034163,2700.2916314962,821111.340632101,5701.29989637637,700.019600548815,100.0004000016,36453.0756781874,187597.224125285,1634052.3817235,18012.9693379233,0,
106.19601,23121.3641404658,3300.43565750679,824952.275488195,7802.43435952017,300.003600043201,100.0004000016,40064.1025641026,192572.020524892,1606727.03200896,16010.246557797,0,
106.32225,19314.911111378,4000.64010241639,828794.353205663,9103.31360615264,400.006400102402,500.010000200004,38860.311202987,197751.957361372,1640069.22155587,16410.7654621432,100.0004000016,
106.44856,22820.8125810739,3400.46246289495,881739.087223531,6001.44034568296,600.014400345608,500.010000200004,42371.6929043942,188815.359938096,1637003.69934707,15910.1188355794,0,
106.5748,19214.7569333248,4400.77453631839,798409.166897132,8502.8909829342,400.006400102402,500.010000200004,38960.6227289663,179783.655298834,1537475.16092325,12205.9565067753,100.0004000016,
106.70109,23121.3641404658,2900.33643902693,883239.670516712,8202.69048247825,300.003600043201,300.003600043201,38760.0004807442,191962.756202261,1589747.84410324,14408.2991803279,0,
106.82732,24524.0335528818,2800.31363512713,842571.191115117,7702.37233067785,200.0016000128,500.010000200004,47490.0411179596,202019.387409474,1581266.37406009,15209.2472223112,0,
106.95356,22820.8125810739,3400.46246289495,852940.203183428,7001.96054895371,500.010000200004,100.0004000016,45281.8696202735,182624.392091447,1609105.84889434,13507.2939387269,200.0016000128,
107.07981,23822.6791905894,3300.43565750679,857432.460386414,9903.92195309342,600.014400345608,100.0004000016,35650.7666917691,186480.703125944,1573242.23317276,12005.7627661277,0,
107.20607,25025.025025025,4300.73972723308,852298.579571307,7802.43435952017,800.025600819226,100.0004000016,39963.7821963854,190744.315960453,1600272.38678924,17111.7044058136,100.0004000016,
107.33226,25025.025025025,4000.64010241639,831676.661803423,6501.69043951427,300.003600043201,300.003600043201,40766.3676465285,171366.664250215,1581831.63705805,14808.7667899396,200.0016000128,
107.45854,24423.8376655616,3600.51847466035,852084.712111185,7902.49718911176,300.003600043201,700.019600548815,36954.5449082846,184653.882264765,1561610.18605877,16611.0297237366,100.0004000016,
107.58474,23822.6791905894,4600.84655576626,879274.220930329,8602.95941803981,300.003600043201,400.006400102402,41669.3377780627,185262.793106088,1596763.28029584,15409.4922472243,100.0004000016,
107.71105,24724.4277346018,4100.67251029169,847273.629577552,6601.74286011507,200.0016000128,300.003600043201,39562.5087638469,177856.377450309,1659955.46721039,15209.2472223112,100.0004000016,
107.83721,28031.3951625821,4200.70571856072,857646.416337068,8803.09869073914,700.019600548815,700.019600548815,40766.3676465285,188003.256305061,1598687.51436329,15109.1259120509,100.0004000016,
107.96345,27530.2833116428,4600.84655576626,896645.452134712,8102.62525058119,200.0016000128,300.003600043201,41167.6796653699,183639.096290148,1620779.54161147,16811.2971917128,300.003600043201,
108.08973,26528.1198069954,4900.9605882753,875095.73785423,6101.48876325823,600.014400345608,500.010000200004,42271.354045629,184958.334004932,1603669.17805304,17011.567866149,0,
108.21596,27730.7256440136,4000.64010241639,894008.843905271,9203.38684635946,500.010000200004,400.006400102402,41368.3404985035,190845.848145551,1579796.8027694,14908.8856958747,200.0016000128,
108.34222,30136.2840860396,4500.81014582625,870704.428236736,7702.37233067785,300.003600043201,300.003600043201,44177.9298682877,181305.398871878,1580588.09019538,16510.8971921468,200.0016000128,
108.46852,29935.8032206519,5201.0818250196,869526.525577718,8102.62525058119,500.010000200004,600.014400345608,43676.1712426472,187394.212944306,1628151.70803616,16711.163056922,0,
108.59467,25425.8326459683,5401.16665199683,915651.809741797,7402.19104855037,200.0016000128,400.006400102402,45081.1460629132,183740.57120753,1577988.32269505,15409.4922472243,0,
108.7209,28432.2990917683,5301.12383825371,878952.751243225,8402.82334864514,400.006400102402,200.0016000128,41769.6718125834,181914.147803734,1546605.22012445,15009.0054032419,0,
108.84719,28632.7558727184,4900.9605882753,863531.592821111,9203.38684635946,500.010000200004,500.010000200004,39763.1438724695,194399.99032535,1634506.38802001,13707.5117164206,0,
108.97348,31840.5011174214,5401.16665199683,856255.765945036,8502.8909829342,500.010000200004,700.019600548815,39763.1438724695,180290.882720277,1614884.74690309,17712.5404786589,100.0004000016,
109.09963,28732.9854673165,4900.9605882753,870490.25613855,6501.69043951427,200.0016000128,200.0016000128,40365.0684904065,190439.724315828,1562626.17247432,16310.634533716,0,
109.22594,31840.5011174214,5201.0818250196,870811.515615622,7302.132222609,300.003600043201,400.006400102402,39261.5621294189,218391.268384207,1578101.3454898,14408.2991803279,100.0004000016,
109.3522,30036.0432519023,4800.92177698118,861391.218712889,7302.132222609,200.0016000128,600.014400345608,39963.7821963854,173597.125779375,1575841.07221825,16310.634533716,200.0016000128,
109.47854,28933.4470648069,5701.29989637637,893748.627631323,6701.7960813498,0,200.0016000128,42773.0563802976,174509.701249058,1576858.14761425,15609.7404780583,0,
109.60473,26027.0681508769,4800.92177698118,877881.243297629,7502.25067520256,200.0016000128,100.0004000016,40365.0684904065,168427.114248551,1527000.24192624,15009.0054032419,300.003600043201,
109.73101,28532.5270808722,4500.81014582625,832317.262187687,7402.19104855037,200.0016000128,700.019600548815,44177.9298682877,173799.914610471,1539390.82543875,11305.1099096792,100.0004000016,
109.85728,27430.063349431,4500.81014582625,855079.178594477,9303.46088745013,300.003600043201,300.003600043201,40264.7457111035,178972.13392796,1595631.50795103,15709.8657957197,0,
109.98346,30437.0114058695,4700.88376614804,872846.344270303,8302.75651516303,100.0004000016,600.014400345608,45582.960989,175523.751596128,1591444.78765136,18213.259252736,0,
110.1098,28031.3951625821,5101.04061228491,864601.912739041,12005.7627661277,500.010000200004,100.0004000016,39361.8768704403,177653.523260123,1579005.56245428,15209.2472223112,100.0004000016,
110.23609,28833.2158646761,4200.70571856072,879810.021490594,10004.0016006403,600.014400345608,200.0016000128,40666.0416516423,194704.677749649,1644044.09695874,18113.1138944596,100.0004000016,
110.36238,29534.8511243267,5201.0818250196,857218.507976435,7402.19104855037,300.003600043201,200.0016000128,41368.3404985035,190033.613580854,1596876.46282821,17412.118834709,0,
110.4886,30737.7459520291,4100.67251029169,878524.137417033,10204.1632986258,500.010000200004,200.0016000128,40164.423735672,183334.676444516,1571095.74947496,16110.3750815525,0,
110.61476,27029.191526849,3700.5476810568,841930.08207397,9703.76506084361,300.003600043201,200.0016000128,42873.3992595323,178769.261758485,1599932.75536999,16611.0297237366,300.003600043201,
110.74105,25626.2412710616,5101.04061228491,891495.989925101,9103.31360615264,100.0004000016,300.003600043201,36553.3679171591,174813.907775594,1550439.46287399,14107.9568876847,0,
110.86733,23822.6791905894,3300.43565750679,859358.191417176,8903.16952835209,200.0016000128,100.0004000016,40565.7164606663,173495.732589003,1584319.07988482,18613.8487034354,100.0004000016,
110.9936,24423.8376655616,3800.57768780855,874774.371967476,8903.16952835209,0,600.014400345608,40565.7164606663,188409.301575787,1619078.85210014,17912.8255831175,0,
111.11992,27430.063349431,3800.57768780855,842678.045714664,9803.84310649775,500.010000200004,200.0016000128,39261.5621294189,177856.377450309,1571660.57998495,18213.259252736,100.0004000016,
111.24616,22620.4488857928,4400.77453631839,860321.164500606,10504.4118529783,200.0016000128,300.003600043201,40365.0684904065,179073.571238649,1608652.70812224,17512.2585810067,0,
111.37234,22520.2682414173,5001.00020004001,853367.969952182,10104.0820491479,100.0004000016,300.003600043201,39562.5087638469,179783.655298834,1460815.81471527,18012.9693379233,0,
111.4986,22319.9093591484,4100.67251029169,866956.928412679,8703.02865397158,100.0004000016,200.0016000128,41870.0066511207,173292.948658566,1557772.71645647,18914.2992102029,300.003600043201,
111.62488,23421.922919853,4000.64010241639,866207.558726638,8502.8909829342,600.014400345608,400.006400102402,42672.714305176,192267.384679877,1710200.73250054,16410.7654621432,0,
111.75111,26127.2768770597,4600.84655576626,871775.341921383,10604.4963064339,700.019600548815,300.003600043201,36854.249455198,185871.733392436,1664960.10921968,17412.118834709,0,
111.87743,21618.6785382571,3400.46246289495,848128.802259747,10604.4963064339,400.006400102402,600.014400345608,37355.7347562563,186886.699308872,1657794.95250647,19314.911111378,100.0004000016,
112.0038,23021.1794851263,3300.43565750679,874238.779895096,11004.8421305374,600.014400345608,1100.04840212969,39863.462632511,182117.070654977,1663140.02201309,20416.6599945556,0,
112.13003,21318.1630749398,3400.46246289495,857967.356902009,10404.3282005314,200.0016000128,400.006400102402,39763.1438724695,183943.523495612,1709972.43530845,17011.567866149,0,
112.25632,18513.7001381022,2300.21161946899,880238.677913183,10504.4118529783,200.0016000128,100.0004000016,37054.8411649241,185161.305921132,1681921.61064886,19515.221873061,0,
112.38257,18313.4054127621,2600.27042812453,864280.807462155,8502.8909829342,400.006400102402,300.003600043201,37054.8411649241,177146.402085071,1590426.59553196,18814.1482394761,100.0004000016,
112.50878,18113.1138944596,4000.64010241639,809062.490966828,8402.82334864514,500.010000200004,300.003600043201,37857.2401471024,183842.046942682,1622820.65590111,21217.9928579435,0,
112.6351,20717.1538033492,2200.1936170383,854009.646648079,10104.0820491479,500.010000200004,300.003600043201,37255.4360889003,190236.667311537,1659045.73412614,22119.5536854579,0,
112.76142,16310.634533716,2200.1936170383,855400.055433978,11405.2007715518,200.0016000128,200.0016000128,37556.3345017526,184552.399987106,1660524.08191819,19515.221873061,0,
112.88768,15709.8657957197,2900.33643902693,834773.191359198,10804.6676164103,500.010000200004,400.006400102402,33344.4147604609,169643.396492359,1591218.51599728,20516.8237955123,0,
113.01388,16010.246557797,2400.23042212052,826659.724460533,10404.3282005314,200.0016000128,200.0016000128,35550.4816839913,187292.708581008,1670421.86206485,19214.7569333248,0,
113.14011,17011.567866149,2600.27042812453,837015.96934283,12005.7627661277,200.0016000128,400.006400102402,36553.3679171591,196837.696081791,1660069.18821156,20917.487019148,0,
113.2664,14808.7667899396,2700.2916314962,840861.637690447,12806.5569571621,200.0016000128,200.0016000128,33645.2191745706,189525.993575663,1669966.63053775,19615.3784567101,100.0004000016,
113.39259,16711.163056922,2800.31363512713,830395.556345392,12606.3536022155,300.003600043201,300.003600043201,33143.8825004306,188815.359938096,1641772.5943545,18513.7001381022,0,
113.51879,15409.4922472243,2000.16001280102,824525.448520358,12706.4548790786,300.003600043201,300.003600043201,35450.1974796312,184653.882264765,1654270.65386124,20216.3347985172,100.0004000016,
113.64507,14408.2991803279,2000.16001280102,797237.838150194,11505.2924345199,100.0004000016,300.003600043201,36753.9548056547,189119.91230156,1703353.5139477,18914.2992102029,0,
113.7713,16611.0297237366,3200.40965243551,830075.299835514,10804.6676164103,300.003600043201,400.006400102402,37656.6355799122,187901.747032865,1619305.59814644,20116.1734034163,0,
113.89759,15009.0054032419,2500.2500250025,821218.017839363,12105.8592358702,300.003600043201,100.0004000016,33244.1482288479,179986.543815191,1636549.60790999,22219.7311212357,0,
114.02386,14107.9568876847,2200.1936170383,787871.035888464,12205.9565067753,200.0016000128,200.0016000128,35751.0525029742,187495.718125728,1645066.39950547,21117.8234429859,100.0004000016,
114.15014,13307.0793662228,2800.31363512713,837336.397985928,9803.84310649775,600.014400345608,200.0016000128,31539.7400724913,189119.91230156,1589295.36240146,21017.6548300572,100.0004000016,
114.27636,12105.8592358702,1300.06760351538,777447.826445599,12506.2531265633,300.003600043201,100.0004000016,35851.3391176164,185465.769929763,1612844.84924356,22219.7311212357,0,
114.40268,14508.4148806308,1900.14441097523,809701.97020941,13707.5117164206,300.003600043201,400.006400102402,33444.6820952793,194095.310270323,1670763.29590892,23522.1107841371,0,
114.52904,12806.5569571621,2000.16001280102,815138.823490537,13106.8679988314,300.003600043201,0,37255.4360889003,193993.75188955,1654270.65386124,21217.9928579435,0,
114.65535,14508.4148806308,2300.21161946899,826766.447517945,11805.5722300926,300.003600043201,400.006400102402,34046.302972042,194196.869469874,1725048.42578775,21217.9928579435,0,
114.78167,10704.5815609081,2100.17641481884,817804.78434904,12005.7627661277,200.0016000128,400.006400102402,34246.8496903764,191251.985070656,1714082.38195581,18814.1482394761,0,
114.90799,12706.4548790786,2600.27042812453,822818.281729013,12205.9565067753,300.003600043201,100.0004000016,36954.5449082846,201104.816435153,1711570.59761263,16510.8971921468,0,
115.03434,12205.9565067753,2300.21161946899,808529.615803905,10204.1632986258,500.010000200004,100.0004000016,37456.0342272039,191962.756202261,1742315.32826727,19715.5358422437,200.0016000128,
115.16065,11605.3848985929,1500.09000540032,808529.615803905,11104.9305891816,500.010000200004,500.010000200004,31840.5011174214,196736.115590531,1616131.50498254,19915.8530190031,0,
115.28698,12806.5569571621,1400.07840439065,809275.647193396,12706.4548790786,400.006400102402,400.006400102402,37255.4360889003,199377.474578868,1790000.68582402,21919.201220269,0,
115.41322,10204.1632986258,1500.09000540032,840861.637690447,12706.4548790786,100.0004000016,400.006400102402,35149.3496869605,191962.756202261,1660182.91018291,18513.7001381022,100.0004000016,
115.53949,11705.4781637807,700.019600548815,816844.975009294,10604.4963064339,300.003600043201,0,33444.6820952793,188104.766395441,1625202.35153787,18113.1138944596,0,
115.6658,11305.1099096792,2300.21161946899,803628.196553461,12005.7627661277,400.006400102402,400.006400102402,33344.4147604609,199479.076368533,1709401.70940171,21418.3340939844,0,
115.792,10104.0820491479,2400.23042212052,813113.061435209,8102.62525058119,400.006400102402,300.003600043201,35049.0686961746,183436.148908651,1624975.50502254,20016.0128102482,0,
115.91827,9103.31360615264,2300.21161946899,781913.88428252,10204.1632986258,400.006400102402,200.0016000128,34647.952766629,195923.501144903,1699931.22097717,19014.4509827469,0,
116.04448,10404.3282005314,1500.09000540032,824312.040327246,13106.8679988314,100.0004000016,300.003600043201,38158.1530252104,197142.442469884,1685795.0445546,19515.221873061,0,
116.17078,10204.1632986258,600.014400345608,784466.612209873,11405.2007715518,100.0004000016,400.006400102402,30637.5003003677,182421.461063947,1614091.41621032,19014.4509827469,0,
116.29706,9803.84310649775,2400.23042212052,782232.947631128,10904.7544729502,100.0004000016,100.0004000016,34146.5759295679,184247.958061176,1638366.06655756,21418.3340939844,0,
116.42341,9103.31360615264,2100.17641481884,805226.280868212,12406.1534521122,400.006400102402,100.0004000016,33645.2191745706,191048.914971141,1705179.09561309,19815.6940296715,0,
116.54961,11905.6670975384,2600.27042812453,777447.826445599,9003.24116682005,100.0004000016,200.0016000128,36954.5449082846,192876.663737575,1606387.23574536,16611.0297237366,0,
116.67593,10104.0820491479,1200.05760276493,824738.860240645,10404.3282005314,100.0004000016,200.0016000128,33745.4889190629,189424.472029663,1644725.62327342,16811.2971917128,0,
116.80224,10004.0016006403,1600.10240655402,840434.284674762,8803.09869073914,200.0016000128,200.0016000128,34046.302972042,190947.38114911,1622367.04789896,17512.2585810067,0,
116.92855,10504.4118529783,2000.16001280102,842250.632618295,11705.4781637807,500.010000200004,100.0004000016,36051.9147572504,199479.076368533,1663481.26943768,17412.118834709,0,
117.05481,10104.0820491479,1000.04000160006,799580.602017734,10504.4118529783,100.0004000016,200.0016000128,36352.7842427204,181812.687604505,1593141.94780936,18914.2992102029,0,
117.18101,12706.4548790786,2100.17641481884,769795.325977603,11004.8421305374,200.0016000128,400.006400102402,35450.1974796312,187191.205035826,1608992.5622544,19415.0660912868,100.0004000016,
117.30722,8002.56081946223,1800.12960933187,844387.839491879,10704.5815609081,200.0016000128,100.0004000016,38258.4589252378,193282.866149096,1643021.87285524,15409.4922472243,0,
117.43354,9503.61137232148,1400.07840439065,814818.945185846,12205.9565067753,200.0016000128,200.0016000128,32843.0901342561,186988.200399768,1558562.69308075,17712.5404786589,0,
117.55982,10604.4963064339,1400.07840439065,801817.273594214,11104.9305891816,200.0016000128,400.006400102402,32542.3049964954,179783.655298834,1469076.71224526,15809.9919148902,0,
117.68612,9803.84310649775,1400.07840439065,801497.725339961,13307.0793662228,300.003600043201,400.006400102402,33544.9502333126,187800.238578844,1600612.02688151,18012.9693379233,0,
117.81236,9703.76506084361,1200.05760276493,798835.130996165,10804.6676164103,100.0004000016,300.003600043201,35951.6265357053,191150.449611653,1583979.85572342,18814.1482394761,100.0004000016,
117.93868,10604.4963064339,900.032401166442,832744.346762227,10304.2453490838,200.0016000128,200.0016000128,34948.7885087582,178870.697434575,1595744.68085106,16611.0297237366,0,
118.06496,8202.69048247825,1400.07840439065,812793.233331131,12105.8592358702,200.0016000128,400.006400102402,37255.4360889003,183030.26395845,1626450.07647116,17011.567866149,0,
118.19122,10804.6676164103,1800.12960933187,836695.548647397,11205.0198488923,100.0004000016,100.0004000016,37255.4360889003,188916.876574307,1594612.99519169,18012.9693379233,100.0004000016,
118.31752,9003.24116682005,1100.04840212969,832317.262187687,11905.6670975384,300.003600043201,100.0004000016,33143.8825004306,183943.523495612,1560932.90495861,16510.8971921468,0,
118.44376,8402.82334864514,2000.16001280102,839579.621047061,13607.4024269202,300.003600043201,200.0016000128,32241.5270868879,182928.794765174,1574598.08577855,16711.163056922,0,
118.57003,9803.84310649775,1800.12960933187,846097.85952956,13407.186251831,200.0016000128,300.003600043201,32241.5270868879,180696.679371168,1526437.30847912,16510.8971921468,0,
118.69628,9603.68781612139,1900.14441097523,822711.591298779,10104.0820491479,400.006400102402,500.010000200004,33244.1482288479,183334.676444516,1547507.295255,15910.1188355794,0,
118.82244,9103.31360615264,1200.05760276493,852833.263703036,12706.4548790786,700.019600548815,700.019600548815,32341.7855869784,181812.687604505,1556305.74168575,20416.6599945556,0,
118.94873,8602.95941803981,1000.04000160006,804054.333016804,10704.5815609081,300.003600043201,200.0016000128,35650.7666917691,183436.148908651,1499669.28412733,18313.4054127621,0,
119.07494,10804.6676164103,900.032401166442,835841.132312577,9403.53572943427,500.010000200004,300.003600043201,35450.1974796312,183842.046942682,1570756.86269508,16711.163056922,0,
119.20121,10704.5815609081,1600.10240655402,823458.442824797,11505.2924345199,500.010000200004,300.003600043201,33645.2191745706,181406.8549833,1561045.78274339,17712.5404786589,0,
119.3275,10404.3282005314,1800.12960933187,858074.338860755,12406.1534521122,400.006400102402,0,35249.6314811254,176537.883640084,1547958.3558106,18213.259252736,0,
119.45373,9303.46088745013,1000.04000160006,838725.013952912,10904.7544729502,300.003600043201,100.0004000016,33143.8825004306,172988.778888522,1508098.75433142,16811.2971917128,0,
119.58001,7802.43435952017,1300.06760351538,835520.740756051,9803.84310649775,200.0016000128,0,36954.5449082846,182015.608820555,1537700.51886512,15309.3693340324,0,
119.70629,8302.75651516303,1800.12960933187,830715.820796826,10304.2453490838,600.014400345608,600.014400345608,36854.249455198,193282.866149096,1528914.39437672,14408.2991803279,0,
119.83257,10404.3282005314,1300.06760351538,825805.971752767,10404.3282005314,200.0016000128,300.003600043201,32642.5659059413,170454.316632233,1560368.53042543,18213.259252736,0,
119.9588,9003.24116682005,2200.1936170383,846739.175385633,7502.25067520256,400.006400102402,100.0004000016,37556.3345017526,179986.543815191,1550101.102785,18012.9693379233,0,
120.08503,10004.0016006403,2100.17641481884,896967.361534095,12606.3536022155,100.0004000016,200.0016000128,37255.4360889003,187698.730942987,1526437.30847912,15509.6159618964,0,
120.21139,7702.37233067785,1200.05760276493,821964.78297155,9903.92195309342,200.0016000128,200.0016000128,32341.7855869784,176740.719853371,1507649.04720906,15809.9919148902,0,
120.33762,8602.95941803981,1400.07840439065,912750.731776081,11004.8421305374,0,400.006400102402,31038.4877247787,175219.527914283,1568046.07961912,18814.1482394761,0,
120.46395,10204.1632986258,2100.17641481884,848770.218908065,8302.75651516303,100.0004000016,200.0016000128,34347.1242544771,178363.527226875,1524185.81359227,18613.8487034354,0,
120.59015,10204.1632986258,1200.05760276493,870383.171419229,9703.76506084361,400.006400102402,300.003600043201,33444.6820952793,182015.608820555,1489224.18360211,16310.634533716,0,
120.71647,9903.92195309342,1500.09000540032,848235.702823868,11805.5722300926,300.003600043201,0,31439.4879969241,171569.417147276,1506524.84615613,18513.7001381022,0,
120.84278,10704.5815609081,1700.11560786133,859037.216326362,9203.38684635946,500.010000200004,200.0016000128,31639.9929510902,165285.59579317,1505175.93075576,16911.4321281186,0,
120.96902,7902.49718911176,900.032401166442,845884.094649695,9103.31360615264,400.006400102402,200.0016000128,30637.5003003677,175422.342885224,1475422.3359371,15409.4922472243,0,
121.09529,8302.75651516303,1300.06760351538,821111.340632101,9803.84310649775,700.019600548815,200.0016000128,31038.4877247787,170150.215456486,1478675.13419393,19114.6035571176,0,
121.22154,8202.69048247825,1100.04840212969,880131.512476294,10504.4118529783,0,200.0016000128,33745.4889190629,174813.907775594,1524410.94588171,15809.9919148902,0,
121.34781,9003.24116682005,1400.07840439065,879810.021490594,10804.6676164103,200.0016000128,100.0004000016,34647.952766629,168629.819792611,1425497.01074778,17812.6826300326,0,
121.47413,8803.09869073914,600.014400345608,852191.64539893,9303.46088745013,900.032401166442,200.0016000128,30437.0114058695,162448.769254306,1500231.08201504,19014.4509827469,0,
121.60038,9403.53572943427,2300.21161946899,889779.957582184,10304.2453490838,300.003600043201,700.019600548815,31840.5011174214,171062.541028832,1463651.6451923,17712.5404786589,0,
121.72662,8703.02865397158,2300.21161946899,883882.830909912,8102.62525058119,500.010000200004,500.010000200004,32843.0901342561,167514.979704916,1500680.5374762,18814.1482394761,0,
121.85284,11004.8421305374,900.032401166442,856469.702423061,10104.0820491479,300.003600043201,300.003600043201,33946.0308177889,169643.396492359,1478002.07587536,17712.5404786589,100.0004000016,
121.97912,8402.82334864514,2300.21161946899,842571.191115117,9603.68781612139,200.0016000128,200.0016000128,34547.6757925938,170758.42515626,1516421.08925215,16510.8971921468,0,
122.10538,8803.09869073914,1600.10240655402,871989.535297673,9003.24116682005,300.003600043201,500.010000200004,34547.6757925938,173090.167995135,1487877.02844162,20817.3200102485,0,
122.23155,9203.38684635946,1600.10240655402,837443.209299826,8102.62525058119,800.025600819226,100.0004000016,31539.7400724913,166197.568743985,1447749.82544485,21017.6548300572,0,
122.35791,10404.3282005314,1300.06760351538,862782.421584044,10104.0820491479,200.0016000128,500.010000200004,32943.3534531443,167717.670556589,1462867.30459819,17211.841747122,0,
122.48411,10604.4963064339,500.010000200004,821218.017839363,9303.46088745013,100.0004000016,0,30837.992406645,167413.635503368,1448309.42406161,21618.6785382571,0,
122.61043,9503.61137232148,1000.04000160006,864815.98735314,10004.0016006403,300.003600043201,400.006400102402,29033.6790677186,167514.979704916,1500905.27092405,22920.9956319989,0,
122.73674,7802.43435952017,1200.05760276493,885598.081566555,7602.31110257518,100.0004000016,100.0004000016,33143.8825004306,175422.342885224,1511696.96069906,19314.911111378,0,
122.86306,10804.6676164103,800.025600819226,844494.709115043,10904.7544729502,300.003600043201,0,27730.7256440136,161739.662550877,1465108.40108401,19715.5358422437,0,
122.98936,8903.16952835209,1900.14441097523,820684.640617383,8602.95941803981,600.014400345608,300.003600043201,28833.2158646761,169339.314910719,1461298.76288136,22420.0883992057,100.0004000016,
123.11566,9503.61137232148,1100.04840212969,879381.37926751,9303.46088745013,400.006400102402,900.032401166442,26728.5460872212,177552.0973908,1525986.97892351,19314.911111378,0,
123.24181,9603.68781612139,2000.16001280102,866849.872942033,8903.16952835209,200.0016000128,100.0004000016,30938.239664225,173799.914610471,1502478.51179042,20416.6599945556,0,
123.36811,7602.31110257518,1700.11560786133,834879.981481558,10004.0016006403,500.010000200004,200.0016000128,28833.2158646761,167920.364673099,1471609.72799892,19815.6940296715,0,
123.4944,9003.24116682005,1300.06760351538,833918.902161782,7602.31110257518,100.0004000016,100.0004000016,27430.063349431,155966.995371302,1410087.38569714,19915.8530190031,0,
123.62072,10104.0820491479,2100.17641481884,810128.307309841,8602.95941803981,900.032401166442,100.0004000016,28933.4470648069,158903.63536094,1432537.81967511,18012.9693379233,0,
123.74686,10204.1632986258,1300.06760351538,845563.453959747,10104.0820491479,300.003600043201,500.010000200004,31539.7400724913,159815.145806161,1531166.69213659,22119.5536854579,0,
123.87317,10004.0016006403,2400.23042212052,856897.586000041,10504.4118529783,600.014400345608,600.014400345608,31940.756405173,172177.695436788,1498770.45705079,22420.0883992057,100.0004000016,
123.9995,11805.5722300926,1600.10240655402,823885.234522196,8302.75651516303,300.003600043201,100.0004000016,27730.7256440136,169846.121628751,1513721.38108914,22219.7311212357,0,
124.12571,9003.24116682005,1400.07840439065,813646.125887989,9803.84310649775,300.003600043201,200.0016000128,29033.6790677186,175118.121654227,1565900.43525571,22019.3770518056,0,
124.25202,9803.84310649775,1200.05760276493,858609.261933231,9103.31360615264,100.0004000016,300.003600043201,30637.5003003677,171772.173310672,1495737.36577259,24323.6425805883,200.0016000128,
124.37825,8602.95941803981,1600.10240655402,801284.697567661,8302.75651516303,200.0016000128,400.006400102402,30036.0432519023,171670.794820677,1494389.5480693,22319.9093591484,0,
124.50454,8002.56081946223,1600.10240655402,804800.105696461,8302.75651516303,800.025600819226,500.010000200004,30938.239664225,177247.824685788,1553823.53815891,22920.9956319989,0,
124.63084,7202.07419736884,1000.04000160006,830609.065097268,8602.95941803981,100.0004000016,300.003600043201,30236.5257230735,170657.054831759,1503265.20227292,23221.549598027,0,
124.75715,9703.76506084361,1400.07840439065,824952.275488195,8703.02865397158,700.019600548815,100.0004000016,28131.6199408135,182624.392091447,1547507.295255,21418.3340939844,0,
124.88338,9703.76506084361,1200.05760276493,830182.051123096,10104.0820491479,200.0016000128,0,28532.5270808722,163056.606812143,1509897.7354185,20717.1538033492,0,
125.00967,7602.31110257518,1000.04000160006,824098.635661221,9503.61137232148,600.014400345608,0,31840.5011174214,178667.82689968,1553485.09181133,21418.3340939844,0,
125.13599,7802.43435952017,1600.10240655402,850908.504328476,9103.31360615264,400.006400102402,100.0004000016,29735.3255667733,178667.82689968,1538827.36598954,20416.6599945556,0,
125.26222,8903.16952835209,1100.04840212969,811727.196887725,10504.4118529783,300.003600043201,400.006400102402,34948.7885087582,169643.396492359,1498433.41261665,21318.1630749398,0,
125.38845,8803.09869073914,1200.05760276493,813965.975127727,9303.46088745013,200.0016000128,400.006400102402,31840.5011174214,182421.461063947,1599479.92696847,20717.1538033492,100.0004000016,
125.51464,10204.1632986258,900.032401166442,833812.119984624,9803.84310649775,600.014400345608,200.0016000128,29133.9118734207,168832.528601861,1532743.5281332,18513.7001381022,0,
125.64089,9503.61137232148,1100.04840212969,801391.211014098,7502.25067520256,500.010000200004,200.0016000128,32642.5659059413,185161.305921132,1562287.50169999,22119.5536854579,0,
125.76711,10004.0016006403,1700.11560786133,831676.661803423,9203.38684635946,600.014400345608,200.0016000128,31840.5011174214,183030.26395845,1552808.22499788,19815.6940296715,0,
125.89334,8602.95941803981,1900.14441097523,826766.447517945,7602.31110257518,700.019600548815,500.010000200004,31038.4877247787,170150.215456486,1557208.47621112,22219.7311212357,0,
126.01964,7502.25067520256,1500.09000540032,807570.495959567,7602.31110257518,200.0016000128,300.003600043201,30737.7459520291,172583.230629194,1541870.33128501,21718.8519635043,0,
126.14595,10504.4118529783,1400.07840439065,821964.78297155,8703.02865397158,100.0004000016,900.032401166442,30537.255451651,183131.733969426,1654043.31175422,20917.487019148,0,
126.27219,8803.09869073914,900.032401166442,826659.724460533,7902.49718911176,400.006400102402,700.019600548815,30236.5257230735,179073.571238649,1599932.75536999,21017.6548300572,100.0004000016,
126.39848,9603.68781612139,1700.11560786133,820257.954705071,8002.56081946223,100.0004000016,100.0004000016,32742.827618525,185871.733392436,1579570.72930089,22520.2682414173,100.0004000016,
126.52473,9903.92195309342,1300.06760351538,818551.352065897,9703.76506084361,100.0004000016,200.0016000128,31238.986254846,166805.587433509,1545590.4588777,19014.4509827469,0,
126.65094,10504.4118529783,1300.06760351538,804160.869331858,6701.7960813498,100.0004000016,200.0016000128,33143.8825004306,181508.311912264,1548522.20306009,18613.8487034354,0,
126.77725,10404.3282005314,1100.04840212969,811194.211684831,6501.69043951427,500.010000200004,300.003600043201,35550.4816839913,182624.392091447,1563303.53993208,19815.6940296715,0,
126.90357,9103.31360615264,1300.06760351538,802882.491608903,8002.56081946223,300.003600043201,500.010000200004,29434.6151073663,172887.390598631,1531504.56978635,18213.259252736,0,
127.02983,6901.90492575951,1400.07840439065,794150.299418497,6201.53798141939,300.003600043201,300.003600043201,25726.4467872973,177146.402085071,1518446.23119842,19615.3784567101,0,
127.15603,7802.43435952017,1100.04840212969,781594.828830836,5501.21026625858,800.025600819226,300.003600043201,28332.0719053969,174509.701249058,1564093.84563074,20316.4969955604,0,
127.28225,9003.24116682005,1700.11560786133,818231.389186085,7402.19104855037,300.003600043201,300.003600043201,33043.6175751993,177653.523260123,1571434.64489935,20216.3347985172,0,
127.40856,8502.8909829342,1200.05760276493,823351.747104686,6501.69043951427,300.003600043201,200.0016000128,30737.7459520291,180798.130577547,1537249.80680882,19815.6940296715,0,
127.53476,7702.37233067785,1900.14441097523,777341.510593456,6501.69043951427,700.019600548815,300.003600043201,30637.5003003677,171062.541028832,1491694.32399554,16010.246557797,0,
127.66095,7502.25067520256,1300.06760351538,780637.709854391,6201.53798141939,100.0004000016,100.0004000016,29935.8032206519,187292.708581008,1582170.80639673,17812.6826300326,0,
127.78723,6601.74286011507,1900.14441097523,789999.257248021,6001.44034568296,400.006400102402,200.0016000128,30938.239664225,180493.779410817,1504951.12487013,17211.841747122,0,
127.91347,8202.69048247825,1100.04840212969,799900.102786802,7001.96054895371,200.0016000128,400.006400102402,33645.2191745706,177044.98030148,1564206.75028371,18713.9980705568,0,
128.03975,8803.09869073914,1500.09000540032,805439.373732953,7102.01697282028,400.006400102402,400.006400102402,35049.0686961746,186074.720031593,1527788.38889313,18613.8487034354,100.0004000016,
128.1659,8502.8909829342,700.019600548815,763740.317986388,8102.62525058119,500.010000200004,200.0016000128,31840.5011174214,176740.719853371,1566013.35526623,15509.6159618964,100.0004000016,
128.29214,7602.31110257518,1400.07840439065,818658.008121517,7202.07419736884,100.0004000016,400.006400102402,29635.0879441258,174509.701249058,1491469.74674155,16911.4321281186,0,
128.41843,8302.75651516303,1200.05760276493,777766.779263952,6901.90492575951,300.003600043201,200.0016000128,31439.4879969241,170859.796297266,1527900.98514013,15509.6159618964,100.0004000016,
128.54477,9103.31360615264,800.025600819226,808636.189076133,6701.7960813498,700.019600548815,100.0004000016,31339.2367243789,169947.485421566,1510347.51884356,15409.4922472243,100.0004000016,
128.67105,7302.132222609,1500.09000540032,780318.685987469,5901.39272868397,600.014400345608,300.003600043201,28532.5270808722,172177.695436788,1489785.53869628,14908.8856958747,100.0004000016,
128.79729,6801.85010322808,1900.14441097523,833064.669460771,6101.48876325823,400.006400102402,300.003600043201,33845.7594667991,185668.750025186,1609672.29656373,15409.4922472243,0,
128.92355,9003.24116682005,1700.11560786133,835841.132312577,6801.85010322808,300.003600043201,300.003600043201,31740.2466327303,188307.789030794,1535559.77294052,17912.8255831175,0,
129.04978,8602.95941803981,1500.09000540032,794576.122889488,6701.7960813498,0,200.0016000128,31038.4877247787,166096.235152003,1449876.42617734,14007.84439286,0,
129.17599,8202.69048247825,1200.05760276493,771176.691310784,3800.57768780855,200.0016000128,200.0016000128,30637.5003003677,170454.316632233,1497197.65637586,15509.6159618964,0,
129.3022,6301.58800017604,1200.05760276493,786487.880350696,5401.16665199683,600.014400345608,200.0016000128,29635.0879441258,168629.819792611,1463651.6451923,16210.5044068556,0,
129.42851,8402.82334864514,1700.11560786133,812046.998575175,4100.67251029169,600.014400345608,200.0016000128,29434.6151073663,172583.230629194,1516871.09406489,15009.0054032419,0,
129.5548,6901.90492575951,1000.04000160006,796492.502507419,4800.92177698118,300.003600043201,500.010000200004,31639.9929510902,158093.45929823,1432314.24426842,15809.9919148902,0,
129.68109,8202.69048247825,1000.04000160006,774577.606222189,6001.44034568296,500.010000200004,100.0004000016,28332.0719053969,173495.732589003,1489224.18360211,16310.634533716,0,
129.80734,7302.132222609,1100.04840212969,811087.617285582,6301.58800017604,300.003600043201,0,30336.7681630136,171974.932740483,1497871.69094578,15709.8657957197,0,
129.93365,7602.31110257518,1400.07840439065,796066.615762429,4600.84655576626,700.019600548815,700.019600548815,28833.2158646761,173191.557918479,1476431.73952275,14208.0701838644,100.0004000016,
130.05987,8602.95941803981,1000.04000160006,805972.121292198,6101.48876325823,800.025600819226,200.0016000128,34447.3996218797,174306.900982402,1480357.92970206,13807.6218072376,0,
130.1861,8703.02865397158,2100.17641481884,836054.731098342,5201.0818250196,300.003600043201,200.0016000128,28332.0719053969,175523.751596128,1490908.32026449,12806.5569571621,0,
130.31234,7102.01697282028,1200.05760276493,824845.567423507,3600.51847466035,400.006400102402,300.003600043201,31840.5011174214,168528.466612437,1439246.84103879,13106.8679988314,0,
130.43856,9403.53572943427,1300.06760351538,824312.040327246,6101.48876325823,200.0016000128,200.0016000128,32041.0124959949,176943.559335006,1475198.0344813,14007.84439286,0,
130.56476,7802.43435952017,900.032401166442,797557.280896186,5801.34591225164,200.0016000128,400.006400102402,27931.1711870447,156878.293035369,1375982.24157868,13507.2939387269,0,
130.69106,5501.21026625858,900.032401166442,782658.377713883,4100.67251029169,200.0016000128,200.0016000128,31038.4877247787,166096.235152003,1422145.56277056,12806.5569571621,0,
130.81727,7502.25067520256,1000.04000160006,812580.018998059,4500.81014582625,700.019600548815,400.006400102402,27730.7256440136,152524.911060672,1395364.5516589,14007.84439286,0,
130.94363,7202.07419736884,1100.04840212969,802669.440969685,4600.84655576626,400.006400102402,300.003600043201,26728.5460872212,163157.91592687,1450324.17517309,12706.4548790786,0,
131.06991,8102.62525058119,900.032401166442,846739.175385633,5501.21026625858,800.025600819226,0,27931.1711870447,173090.167995135,1468022.39406439,12906.6598364756,0,
131.19616,7502.25067520256,1400.07840439065,815991.87106048,5301.12383825371,500.010000200004,100.0004000016,31940.756405173,166501.574416339,1417119.9844456,13407.186251831,0,
131.32246,6401.6388195378,1100.04840212969,823351.747104686,5401.16665199683,400.006400102402,300.003600043201,28131.6199408135,165994.902376073,1426167.40237117,13407.186251831,0,
131.44877,7702.37233067785,1100.04840212969,879274.220930329,6601.74286011507,300.003600043201,600.014400345608,30837.992406645,162448.769254306,1415445.21647986,13807.6218072376,0,
131.57503,7302.132222609,900.032401166442,835413.945336398,5501.21026625858,400.006400102402,100.0004000016,28732.9854673165,169643.396492359,1411203.42120165,12706.4548790786,0,
131.70124,7102.01697282028,1300.06760351538,817591.487217194,4400.77453631839,100.0004000016,400.006400102402,27730.7256440136,163664.473737187,1383219.42818066,13006.7635170289,0,
131.82744,8202.69048247825,1200.05760276493,837656.834576986,3500.49006860961,200.0016000128,300.003600043201,29234.1454819229,159713.863606172,1393135.25109373,11104.9305891816,0,
131.95376,8502.8909829342,1600.10240655402,858716.249203552,4500.81014582625,400.006400102402,100.0004000016,26928.9755777216,160625.432762757,1381994.39435383,11205.0198488923,0,
132.07999,6601.74286011507,700.019600548815,823138.358309473,5401.16665199683,300.003600043201,400.006400102402,27730.7256440136,157485.861492946,1358962.67992628,10704.5815609081,0,
132.20627,8803.09869073914,2300.21161946899,856362.733741519,5801.34591225164,300.003600043201,500.010000200004,31840.5011174214,169136.597938144,1431978.88824982,11505.2924345199,0,
132.33251,7602.31110257518,1400.07840439065,888278.615867651,3700.5476810568,200.0016000128,300.003600043201,28432.2990917683,160929.303827279,1358851.51320895,11004.8421305374,0,
132.45877,8903.16952835209,800.025600819226,864708.949603132,5001.00020004001,400.006400102402,100.0004000016,26728.5460872212,162550.073474646,1352627.67321055,10504.4118529783,0,
132.585,8102.62525058119,1300.06760351538,834025.685221697,3400.46246289495,300.003600043201,0,30737.7459520291,159410.02189875,1354405.61327756,11004.8421305374,0,
132.71126,7001.96054895371,1900.14441097523,829434.810639248,5501.21026625858,200.0016000128,200.0016000128,26828.7604311822,164373.688936131,1356406.08263682,11305.1099096792,0,
132.8375,8202.69048247825,1000.04000160006,843639.776876352,4800.92177698118,300.003600043201,300.003600043201,26928.9755777216,164373.688936131,1380546.77376465,9103.31360615264,0,
132.96373,9403.53572943427,1400.07840439065,867385.159156847,5301.12383825371,500.010000200004,200.0016000128,27430.063349431,162144.861487425,1372865.90769075,10204.1632986258,0,
133.08992,9303.46088745013,1100.04840212969,910065.127539705,4100.67251029169,200.0016000128,0,29735.3255667733,158903.63536094,1361964.53577635,10404.3282005314,0,
133.21624,9103.31360615264,700.019600548815,860749.175559316,5001.00020004001,200.0016000128,100.0004000016,29935.8032206519,155865.744150758,1341854.04505511,9703.76506084361,100.0004000016,
133.34251,8703.02865397158,1500.09000540032,892461.358090669,4100.67251029169,400.006400102402,100.0004000016,28332.0719053969,153638.423490681,1286901.55239926,9303.46088745013,0,
133.46872,8703.02865397158,1300.06760351538,820897.988861897,3400.46246289495,500.010000200004,200.0016000128,24123.2548176442,153537.191013949,1364299.78528914,9603.68781612139,0,
133.59498,9403.53572943427,1400.07840439065,823778.535275282,4100.67251029169,300.003600043201,0,27931.1711870447,154752.034516345,1372754.62367134,9003.24116682005,0,
133.72128,6001.44034568296,800.025600819226,851229.277654611,6301.58800017604,400.006400102402,0,28432.2990917683,158498.540807085,1313573.59380263,8102.62525058119,100.0004000016,
133.84755,8202.69048247825,1100.04840212969,800752.143526488,4500.81014582625,500.010000200004,200.0016000128,24323.6425805883,149488.560000644,1326985.37062077,8102.62525058119,0,
133.97374,7702.37233067785,1000.04000160006,839793.281653747,5501.21026625858,100.0004000016,300.003600043201,26127.2768770597,158903.63536094,1355850.3662409,9003.24116682005,100.0004000016,
134.09998,7602.31110257518,1400.07840439065,851229.277654611,5201.0818250196,400.006400102402,100.0004000016,26127.2768770597,159410.02189875,1374090.09389176,9003.24116682005,0,
134.2262,8102.62525058119,1900.14441097523,875095.73785423,4900.9605882753,300.003600043201,600.014400345608,30236.5257230735,152626.135389544,1369861.56877471,7902.49718911176,0,
134.35248,7702.37233067785,1100.04840212969,878631.289542549,6701.7960813498,100.0004000016,100.0004000016,24023.0621396541,148476.605881122,1345962.5339336,9003.24116682005,0,
134.47873,7402.19104855037,1500.09000540032,840220.61346751,6501.69043951427,300.003600043201,100.0004000016,26327.6967369673,156979.55240702,1336082.11801093,8302.75651516303,0,
134.60506,9703.76506084361,1200.05760276493,896108.95425297,5501.21026625858,600.014400345608,100.0004000016,30236.5257230735,163056.606812143,1391017.76432188,7802.43435952017,0,
134.73128,8402.82334864514,900.032401166442,864173.77414162,4300.73972723308,700.019600548815,100.0004000016,25425.8326459683,149083.768580143,1362631.70770801,9203.38684635946,0,
134.85758,9403.53572943427,1500.09000540032,847380.52306827,4800.92177698118,0,100.0004000016,29935.8032206519,155764.493745271,1357517.58573573,9503.61137232148,100.0004000016,
134.98383,7702.37233067785,1000.04000160006,864601.912739041,5101.04061228491,400.006400102402,100.0004000016,24824.6260290208,146250.593451514,1299622.12702928,7102.01697282028,0,
135.11008,7902.49718911176,1000.04000160006,840861.637690447,3400.46246289495,100.0004000016,100.0004000016,25926.8602271954,154347.073643879,1339300.76531472,8502.8909829342,0,
135.23635,6301.58800017604,1300.06760351538,837443.209299826,4900.9605882753,500.010000200004,100.0004000016,25826.6531060054,152018.801637095,1348183.87238204,8703.02865397158,0,
135.36251,17912.8255831175,1500.09000540032,899972.235229764,4600.84655576626,100.0004000016,100.0004000016,25225.4272306485,161840.961061548,1366079.30072939,7602.31110257518,0,
135.48872,7102.01697282028,800.025600819226,822178.152371509,4800.92177698118,200.0016000128,800.025600819226,25125.2257266295,151917.582196467,1337857.82613643,9003.24116682005,0,
135.61503,7202.07419736884,1200.05760276493,846311.627945446,5201.0818250196,300.003600043201,200.0016000128,27029.191526849,151917.582196467,1326985.37062077,8202.69048247825,0,
135.74134,8803.09869073914,1300.06760351538,832317.262187687,4800.92177698118,100.0004000016,200.0016000128,29133.9118734207,148678.990190003,1327872.58152162,7602.31110257518,0,
135.86761,7802.43435952017,1400.07840439065,817271.548127525,5201.0818250196,400.006400102402,200.0016000128,25726.4467872973,159308.742960425,1380324.07700522,7001.96054895371,0,
135.99395,8202.69048247825,1100.04840212969,846204.743295494,4400.77453631839,700.019600548815,400.006400102402,25325.6295370915,160929.303827279,1393581.08108108,8903.16952835209,0,
136.12025,8102.62525058119,1200.05760276493,857218.507976435,4600.84655576626,100.0004000016,200.0016000128,26628.3325458288,150703.012450604,1372420.77724799,8402.82334864514,0,
136.2465,6801.85010322808,600.014400345608,859358.191417176,5001.00020004001,500.010000200004,300.003600043201,25926.8602271954,156270.753923372,1393469.6221722,9003.24116682005,0,
136.37268,8703.02865397158,1000.04000160006,853902.698320117,4800.92177698118,600.014400345608,100.0004000016,22920.9956319989,154752.034516345,1356850.67262683,8402.82334864514,0,
136.49901,8502.8909829342,1000.04000160006,833598.558278532,4500.81014582625,600.014400345608,200.0016000128,26127.2768770597,156675.776737521,1326430.89417196,7702.37233067785,0,
136.62524,9803.84310649775,1500.09000540032,853154.084798345,5001.00020004001,200.0016000128,600.014400345608,27029.191526849,164272.370031566,1423709.46602968,8002.56081946223,0,
136.75147,9003.24116682005,1500.09000540032,860642.171466402,5901.39272868397,700.019600548815,400.006400102402,24323.6425805883,155258.253943338,1378319.9753521,8703.02865397158,0,
136.87762,7202.07419736884,2200.1936170383,830395.556345392,5001.00020004001,200.0016000128,100.0004000016,26628.3325458288,161942.260387856,1423709.46602968,8703.02865397158,0,
137.00382,8302.75651516303,2300.21161946899,858502.2755482,4400.77453631839,300.003600043201,500.010000200004,26427.9078707115,158397.269206927,1409752.5934377,8302.75651516303,0,
137.13013,6101.48876325823,1100.04840212969,842891.757564731,5501.21026625858,300.003600043201,400.006400102402,24023.0621396541,152828.586491523,1394584.2536245,8402.82334864514,0,
137.25637,8102.62525058119,1100.04840212969,824952.275488195,4300.73972723308,300.003600043201,200.0016000128,24023.0621396541,165285.59579317,1424603.20815823,8502.8909829342,0,
137.38263,7202.07419736884,1300.06760351538,818444.696891459,4300.73972723308,500.010000200004,300.003600043201,24924.8251258253,161840.961061548,1439470.53373888,8502.8909829342,0,
137.50897,6401.6388195378,800.025600819226,858074.338860755,5701.29989637637,300.003600043201,500.010000200004,24023.0621396541,159815.145806161,1385669.83716875,9403.53572943427,0,
137.63528,6301.58800017604,2000.16001280102,836268.333416009,3600.51847466035,100.0004000016,300.003600043201,27229.6258329062,161840.961061548,1443050.13179216,9503.61137232148,0,
137.76167,8102.62525058119,700.019600548815,836054.731098342,4800.92177698118,400.006400102402,100.0004000016,24524.0335528818,163765.787746655,1435221.0195959,8402.82334864514,0,
137.88795,6201.53798141939,900.032401166442,803308.603442368,5901.39272868397,700.019600548815,200.0016000128,26327.6967369673,162651.378510693,1436898.29619478,8302.75651516303,100.0004000016,
138.01417,7402.19104855037,900.032401166442,807357.367897299,4000.64010241639,100.0004000016,200.0016000128,24724.4277346018,162651.378510693,1466677.39449324,8502.8909829342,4500.81014582625,
138.14045,7602.31110257518,1000.04000160006,845990.97664763,4600.84655576626,600.014400345608,200.0016000128,26427.9078707115,168021.712955692,1467349.8771915,9303.46088745013,0,
138.26673,8202.69048247825,900.032401166442,796386.029502811,3700.5476810568,300.003600043201,300.003600043201,25626.2412710616,158701.086453348,1366969.14853674,8903.16952835209,0,
138.39297,7402.19104855037,1300.06760351538,772451.929222662,4700.88376614804,500.010000200004,400.006400102402,23421.922919853,164069.734670049,1457714.22282052,10204.1632986258,0,
138.51928,6901.90492575951,1300.06760351538,836481.939265665,4200.70571856072,300.003600043201,100.0004000016,29234.1454819229,157890.923435481,1469255.43043244,7102.01697282028,0,
138.64556,8202.69048247825,1400.07840439065,837122.778007441,3700.5476810568,300.003600043201,200.0016000128,25826.6531060054,160524.144038969,1379990.03891576,8602.95941803981,100.0004000016,
138.7719,11004.8421305374,1700.11560786133,802136.829763694,3900.60849492521,400.006400102402,0,25425.8326459683,175016.7162111,1455586.36161612,10604.4963064339,0,
138.89819,8602.95941803981,900.032401166442,847915.003784135,4000.64010241639,300.003600043201,300.003600043201,25425.8326459683,165893.570416184,1485295.3640139,8202.69048247825,0,
139.02441,6601.74286011507,1200.05760276493,810661.248492657,4500.81014582625,100.0004000016,0,25425.8326459683,159713.863606172,1408190.34178536,8602.95941803981,0,
139.1507,7001.96054895371,1300.06760351538,775427.9752061,3700.5476810568,400.006400102402,400.006400102402,23421.922919853,160929.303827279,1465444.5982969,7402.19104855037,0,
139.27685,7802.43435952017,700.019600548815,794682.580954032,3800.57768780855,700.019600548815,100.0004000016,24023.0621396541,174813.907775594,1461970.97227632,8502.8909829342,100.0004000016,
139.40301,6701.7960813498,1000.04000160006,831356.373525546,5001.00020004001,200.0016000128,300.003600043201,24724.4277346018,176842.13918564,1584771.39223384,8703.02865397158,0,
139.52921,6901.90492575951,900.032401166442,828260.662939132,6101.48876325823,400.006400102402,200.0016000128,25325.6295370915,166805.587433509,1511696.96069906,7902.49718911176,0,
139.65552,5801.34591225164,1600.10240655402,800752.143526488,4800.92177698118,100.0004000016,200.0016000128,23822.6791905894,165893.570416184,1496074.34162554,6001.44034568296,0,
139.78184,6301.58800017604,1800.12960933187,816844.975009294,4000.64010241639,500.010000200004,100.0004000016,24924.8251258253,170657.054831759,1473403.75964691,7902.49718911176,0,
139.90816,6301.58800017604,1600.10240655402,780637.709854391,3200.40965243551,200.0016000128,300.003600043201,25325.6295370915,170961.168254787,1460514.56175037,7001.96054895371,0,
140.03444,7702.37233067785,1500.09000540032,799154.613301631,4000.64010241639,300.003600043201,100.0004000016,23021.1794851263,165488.250736846,1456818.23954215,9203.38684635946,0,
140.16067,8302.75651516303,1200.05760276493,783509.28000066,4000.64010241639,400.006400102402,200.0016000128,23722.4889194957,176537.883640084,1517883.6607408,9403.53572943427,100.0004000016,
140.28683,8102.62525058119,1000.04000160006,786913.450866647,4600.84655576626,100.0004000016,0,27129.408278574,167008.266858875,1443497.64970193,7602.31110257518,0,
140.41315,7001.96054895371,800.025600819226,773408.440481983,4500.81014582625,200.0016000128,0,28332.0719053969,172887.390598631,1490908.32026449,8002.56081946223,0,
140.53951,6501.69043951427,1000.04000160006,748562.200286736,3700.5476810568,0,200.0016000128,22420.0883992057,167717.670556589,1443497.64970193,6601.74286011507,0,
140.66582,7802.43435952017,900.032401166442,751957.148743305,3800.57768780855,400.006400102402,200.0016000128,24123.2548176442,171163.914619412,1463315.49353025,7802.43435952017,0,
140.79209,7202.07419736884,1300.06760351538,796066.615762429,5901.39272868397,300.003600043201,300.003600043201,26327.6967369673,178769.261758485,1524073.24888068,8903.16952835209,0,
140.91829,7402.19104855037,1100.04840212969,811727.196887725,4000.64010241639,400.006400102402,300.003600043201,26728.5460872212,175625.161124001,1521259.44156836,8602.95941803981,0,
141.04453,7001.96054895371,1200.05760276493,841289.004841624,4000.64010241639,200.0016000128,800.025600819226,24924.8251258253,168832.528601861,1527675.79360195,7602.31110257518,0,
141.1708,6201.53798141939,1300.06760351538,799580.602017734,3800.57768780855,400.006400102402,100.0004000016,24423.8376655616,171569.417147276,1495512.71996575,9403.53572943427,0,
141.29695,5401.16665199683,1100.04840212969,762784.524192285,4500.81014582625,200.0016000128,100.0004000016,24323.6425805883,168427.114248551,1509672.8494293,9103.31360615264,0,
141.42315,6701.7960813498,1400.07840439065,779893.333113345,4700.88376614804,200.0016000128,400.006400102402,26127.2768770597,172481.845606093,1512034.34262881,9403.53572943427,0,
141.54947,8002.56081946223,1400.07840439065,818444.696891459,3600.51847466035,400.006400102402,100.0004000016,24624.2302425587,177044.98030148,1533194.08713076,9003.24116682005,700.019600548815,
141.67571,7602.31110257518,1400.07840439065,810661.248492657,4000.64010241639,500.010000200004,300.003600043201,23822.6791905894,178160.664864582,1521822.15526936,7302.132222609,0,
141.80199,6401.6388195378,600.014400345608,810981.023766751,3300.43565750679,0,300.003600043201,25025.025025025,171974.932740483,1504613.92319175,8703.02865397158,100.0004000016,
141.92821,7202.07419736884,1500.09000540032,817804.78434904,4300.73972723308,400.006400102402,600.014400345608,25125.2257266295,178464.959633885,1530716.20199002,9103.31360615264,0,
142.05446,5601.25468104855,1600.10240655402,801391.211014098,3600.51847466035,300.003600043201,400.006400102402,24724.4277346018,183740.57120753,1502590.89328573,9403.53572943427,0,
142.18077,7001.96054895371,800.025600819226,785955.936958495,5501.21026625858,200.0016000128,300.003600043201,22219.7311212357,166602.911272625,1490234.63990235,9103.31360615264,0,
142.30696,6601.74286011507,1000.04000160006,821218.017839363,4000.64010241639,100.0004000016,300.003600043201,24423.8376655616,181508.311912264,1518333.71519734,8903.16952835209,100.0004000016,
142.43324,7302.132222609,1200.05760276493,822071.467230758,2700.2916314962,300.003600043201,100.0004000016,22019.3770518056,172481.845606093,1495962.01538885,9303.46088745013,0,
142.55944,7001.96054895371,1900.14441097523,795427.812011177,5001.00020004001,200.0016000128,500.010000200004,26528.1198069954,170454.316632233,1510909.76958838,7602.31110257518,0,
142.68567,8803.09869073914,1600.10240655402,833598.558278532,5001.00020004001,200.0016000128,200.0016000128,25726.4467872973,179479.32865465,1493603.38439887,7102.01697282028,0,
142.8119,6901.90492575951,1000.04000160006,780212.346453055,3300.43565750679,300.003600043201,500.010000200004,25325.6295370915,171062.541028832,1457602.22159194,9703.76506084361,0,
142.93805,6901.90492575951,1300.06760351538,800965.162504799,2700.2916314962,400.006400102402,300.003600043201,25726.4467872973,175219.527914283,1483387.50068857,9703.76506084361,0,
143.06426,5401.16665199683,1300.06760351538,805545.921485078,3300.43565750679,200.0016000128,400.006400102402,23121.3641404658,171670.794820677,1450659.99686824,8703.02865397158,0,
143.1905,6601.74286011507,1800.12960933187,815778.603882693,5001.00020004001,400.006400102402,0,27730.7256440136,177349.248103642,1475534.48809025,7202.07419736884,0,
143.31672,6301.58800017604,1100.04840212969,816525.054421235,2800.31363512713,500.010000200004,500.010000200004,28031.3951625821,173495.732589003,1542208.4816158,10004.0016006403,0,
143.44304,8202.69048247825,1100.04840212969,845029.070488699,4400.77453631839,300.003600043201,200.0016000128,29635.0879441258,182624.392091447,1497759.34946941,10204.1632986258,0,
143.56935,6901.90492575951,900.032401166442,821004.664306283,2600.27042812453,200.0016000128,300.003600043201,23221.549598027,173901.310251215,1485183.12915023,8502.8909829342,0,
143.69555,7702.37233067785,900.032401166442,849411.66739045,3000.36004320518,900.032401166442,700.019600548815,25726.4467872973,172887.390598631,1515746.11067036,9703.76506084361,0,
143.82187,6401.6388195378,1800.12960933187,809488.806940894,2600.27042812453,300.003600043201,0,27029.191526849,165792.239272326,1442043.27187497,9803.84310649775,0,
143.94813,7502.25067520256,1300.06760351538,817271.548127525,3200.40965243551,500.010000200004,100.0004000016,23722.4889194957,179377.888074644,1479236.0422651,8402.82334864514,0,
144.07441,7001.96054895371,1400.07840439065,824098.635661221,3000.36004320518,200.0016000128,200.0016000128,25726.4467872973,174205.502074355,1462867.30459819,7702.37233067785,200.0016000128,
144.2007,6901.90492575951,1500.09000540032,834559.613763,3600.51847466035,300.003600043201,200.0016000128,28231.8455217485,174611.102607687,1443497.64970193,9003.24116682005,0,
144.32693,6601.74286011507,1200.05760276493,809488.806940894,3600.51847466035,200.0016000128,300.003600043201,25826.6531060054,163461.848165684,1455250.41481833,11205.0198488923,0,
144.45323,8002.56081946223,1000.04000160006,814925.570406595,4200.70571856072,300.003600043201,400.006400102402,23522.1107841371,171873.552617271,1493154.16896274,10404.3282005314,0,
144.57945,7202.07419736884,1200.05760276493,883132.480225287,3500.49006860961,400.006400102402,200.0016000128,25926.8602271954,178769.261758485,1528238.77961613,8803.09869073914,0,
144.7057,6701.7960813498,1900.14441097523,858502.2755482,3100.38444767151,500.010000200004,400.006400102402,24524.0335528818,176740.719853371,1466789.47256982,9603.68781612139,0,
144.83201,7302.132222609,1400.07840439065,814392.453110738,3500.49006860961,800.025600819226,600.014400345608,25626.2412710616,157182.073595827,1433432.15912503,9103.31360615264,0,
144.95818,7102.01697282028,1700.11560786133,873167.662266158,3300.43565750679,700.019600548815,0,24524.0335528818,171062.541028832,1504164.33430021,9003.24116682005,0,
145.08445,6401.6388195378,600.014400345608,851443.130961343,4000.64010241639,100.0004000016,200.0016000128,23421.922919853,178059.234909278,1471833.96865735,9203.38684635946,0,
145.21075,9003.24116682005,1100.04840212969,870811.515615622,2200.1936170383,500.010000200004,200.0016000128,25626.2412710616,174915.311584892,1531955.08670643,9503.61137232148,0,
145.33701,8803.09869073914,1400.07840439065,898684.346835181,4800.92177698118,600.014400345608,100.0004000016,25626.2412710616,173495.732589003,1480021.35348922,6901.90492575951,0,
145.46329,7702.37233067785,1600.10240655402,847594.312702128,3900.60849492521,400.006400102402,100.0004000016,26127.2768770597,163259.225857363,1444504.62038385,9903.92195309342,100.0004000016,
145.58952,9803.84310649775,1500.09000540032,876488.415613666,3500.49006860961,0,0,26528.1198069954,180392.330656825,1427772.22459532,8002.56081946223,0,
145.71574,8703.02865397158,900.032401166442,846097.85952956,5101.04061228491,600.014400345608,200.0016000128,23922.8702639724,166602.911272625,1423150.90789947,8202.69048247825,0,
145.84198,7902.49718911176,2600.27042812453,840861.637690447,3100.38444767151,400.006400102402,400.006400102402,25125.2257266295,171772.173310672,1414998.64755207,8102.62525058119,100.0004000016,
145.9683,11605.3848985929,1900.14441097523,861391.218712889,3500.49006860961,300.003600043201,200.0016000128,25325.6295370915,168528.466612437,1444728.40206142,10504.4118529783,0,
146.09456,12105.8592358702,2700.2916314962,851763.917555623,4000.64010241639,200.0016000128,200.0016000128,26928.9755777216,168427.114248551,1456370.27065925,8002.56081946223,0,
146.22079,14007.84439286,1500.09000540032,861284.209306752,3000.36004320518,500.010000200004,200.0016000128,25225.4272306485,172279.0780099,1496074.34162554,9403.53572943427,100.0004000016,
146.34712,12606.3536022155,2200.1936170383,858716.249203552,3500.49006860961,200.0016000128,400.006400102402,26027.0681508769,171265.289026537,1424156.32953671,8402.82334864514,100.0004000016,
146.47331,14708.648685427,2500.2500250025,856790.613778153,4200.70571856072,500.010000200004,200.0016000128,26327.6967369673,169947.485421566,1507536.6228126,9903.92195309342,0,
146.59964,15209.2472223112,2400.23042212052,845990.97664763,3700.5476810568,200.0016000128,0,27329.8441898553,174104.103983147,1405467.80126436,9203.38684635946,0,
146.72596,14208.0701838644,4500.81014582625,848556.409821624,3000.36004320518,100.0004000016,300.003600043201,31539.7400724913,166704.248945012,1216293.24782765,7102.01697282028,0,
146.85226,15009.0054032419,2300.21161946899,833491.778749576,4300.73972723308,400.006400102402,200.0016000128,27229.6258329062,171873.552617271,1432426.03149899,9003.24116682005,0,
146.97852,12406.1534521122,2700.2916314962,875309.986213635,4100.67251029169,200.0016000128,0,25726.4467872973,180493.779410817,1486417.76497012,9303.46088745013,100.0004000016,
147.10472,16811.2971917128,3400.46246289495,855827.903609474,3000.36004320518,300.003600043201,200.0016000128,24123.2548176442,169846.121628751,1515971.09971278,7202.07419736884,0,
147.23096,17712.5404786589,2500.2500250025,889672.71311343,4200.70571856072,400.006400102402,700.019600548815,24724.4277346018,160726.722302066,1477777.73070617,8202.69048247825,0,
147.35725,17812.6826300326,1600.10240655402,848342.604272214,4100.67251029169,400.006400102402,100.0004000016,27129.408278574,165690.908944491,1439134.99610816,7202.07419736884,0,
147.48345,17512.2585810067,3000.36004320518,847915.003784135,3400.46246289495,300.003600043201,200.0016000128,22920.9956319989,159410.02189875,1447637.90856311,8903.16952835209,100.0004000016,
147.60969,15509.6159618964,3000.36004320518,829114.577952268,4200.70571856072,300.003600043201,200.0016000128,26127.2768770597,156777.034478872,1486193.27716848,9003.24116682005,0,
147.73592,16911.4321281186,2800.31363512713,866956.928412679,4000.64010241639,200.0016000128,200.0016000128,27129.408278574,170859.796297266,1497534.66937436,8002.56081946223,100.0004000016,
147.86215,18012.9693379233,2500.2500250025,853367.969952182,3400.46246289495,600.014400345608,200.0016000128,24223.4482979524,167920.364673099,1504164.33430021,7602.31110257518,0,
147.98843,17512.2585810067,2700.2916314962,852726.325107341,3800.57768780855,200.0016000128,300.003600043201,26127.2768770597,164778.972713327,1453682.77590133,7702.37233067785,0,
148.11458,15209.2472223112,3400.46246289495,817484.839972902,3800.57768780855,200.0016000128,100.0004000016,23622.2994506814,164880.295697409,1444057.06839068,6401.6388195378,0,
148.24074,17612.3991289868,3200.40965243551,824952.275488195,4900.9605882753,100.0004000016,200.0016000128,25926.8602271954,163056.606812143,1411203.42120165,7502.25067520256,100.0004000016,
148.36698,17712.5404786589,2600.27042812453,825912.687754385,2600.27042812453,400.006400102402,200.0016000128,24924.8251258253,153435.959352048,1455026.45502646,7001.96054895371,100.0004000016,
148.4932,15309.3693340324,2400.23042212052,828901.093905619,4200.70571856072,500.010000200004,600.014400345608,27931.1711870447,176943.559335006,1398932.21598973,6601.74286011507,0,
148.61944,16510.8971921468,3200.40965243551,836054.731098342,3500.49006860961,0,200.0016000128,26427.9078707115,163360.536603631,1422033.8624786,8703.02865397158,0,
148.74573,18713.9980705568,2400.23042212052,815032.196508156,3300.43565750679,700.019600548815,200.0016000128,22219.7311212357,165994.902376073,1448197.50244381,7602.31110257518,0,
148.87199,18012.9693379233,4100.67251029169,811194.211684831,2600.27042812453,600.014400345608,100.0004000016,28833.2158646761,161638.364855834,1511921.88103146,8002.56081946223,0,
148.99825,17412.118834709,2700.2916314962,830395.556345392,4300.73972723308,300.003600043201,200.0016000128,25025.025025025,167819.017206735,1438575.78564872,6001.44034568296,100.0004000016,
149.12456,20216.3347985172,3400.46246289495,796598.976390953,3900.60849492521,400.006400102402,100.0004000016,25425.8326459683,165893.570416184,1472282.46137165,8202.69048247825,0,
149.25089,19014.4509827469,3200.40965243551,790531.36747587,2600.27042812453,200.0016000128,400.006400102402,25325.6295370915,153638.423490681,1482489.77775895,5201.0818250196,100.0004000016,
149.37719,20016.0128102482,2800.31363512713,816844.975009294,3200.40965243551,300.003600043201,100.0004000016,25125.2257266295,166704.248945012,1465780.80405159,7802.43435952017,200.0016000128,
149.50348,17912.8255831175,3500.49006860961,786913.450866647,2800.31363512713,300.003600043201,200.0016000128,29534.8511243267,176842.13918564,1814382.22899872,6001.44034568296,0,
149.62976,16911.4321281186,3100.38444767151,797770.247122001,4000.64010241639,200.0016000128,100.0004000016,26027.0681508769,160220.28276062,1475646.64119356,9203.38684635946,0,
149.75602,16010.246557797,7602.31110257518,790531.36747587,2800.31363512713,200.0016000128,200.0016000128,25726.4467872973,163157.91592687,1425273.55443184,6501.69043951427,0,
149.88232,14908.8856958747,3600.51847466035,777554.143174722,3100.38444767151,400.006400102402,100.0004000016,24023.0621396541,174002.706708771,1520809.28779958,8803.09869073914,0,
150.00853,15509.6159618964,3800.57768780855,813539.511236117,3400.46246289495,400.006400102402,300.003600043201,24123.2548176442,172583.230629194,1512709.13224964,6401.6388195378,0,
150.13477,15910.1188355794,2600.27042812453,811300.806964508,3100.38444767151,500.010000200004,200.0016000128,24423.8376655616,167616.324722653,1461186.73130253,7602.31110257518,0,
150.26101,18814.1482394761,3200.40965243551,791489.221220825,3100.38444767151,400.006400102402,400.006400102402,23822.6791905894,162246.163260705,1415668.50660603,6101.48876325823,0,
150.38723,17812.6826300326,2400.23042212052,777660.460780836,3200.40965243551,100.0004000016,100.0004000016,26628.3325458288,176132.221018244,1443609.53154617,6501.69043951427,0,
150.51343,17011.567866149,2600.27042812453,755034.594162467,4900.9605882753,100.0004000016,400.006400102402,23321.7358578195,162651.378510693,1452115.32275813,7001.96054895371,0,
150.63973,18313.4054127621,3500.49006860961,748562.200286736,4000.64010241639,600.014400345608,200.0016000128,28231.8455217485,171974.932740483,1493378.77477661,7802.43435952017,0,
150.76594,20016.0128102482,3700.5476810568,788615.873408842,3500.49006860961,300.003600043201,100.0004000016,29635.0879441258,169237.956016253,1502028.99533988,8102.62525058119,100.0004000016,
150.89229,20216.3347985172,3000.36004320518,805865.570020603,2600.27042812453,300.003600043201,500.010000200004,25626.2412710616,172481.845606093,1463987.80539442,6401.6388195378,0,
151.01849,19715.5358422437,3500.49006860961,776597.324182985,2900.33643902693,400.006400102402,200.0016000128,28432.2990917683,175118.121654227,1514846.19268021,5801.34591225164,100.0004000016,
151.14467,17912.8255831175,2900.33643902693,742093.058696091,3400.46246289495,400.006400102402,200.0016000128,23622.2994506814,166400.238376143,1396256.37733554,7202.07419736884,0,
151.27098,19415.0660912868,2900.33643902693,757900.463230082,2100.17641481884,500.010000200004,200.0016000128,24524.0335528818,171873.552617271,1421989.59632433,6001.44034568296,0,
151.39721,20216.3347985172,4600.84655576626,766501.89847586,3400.46246289495,200.0016000128,300.003600043201,24824.6260290208,183233.204798111,1489336.45271759,6901.90492575951,0,
151.52339,20817.3200102485,2100.17641481884,794789.039897316,3300.43565750679,500.010000200004,0,26427.9078707115,175827.982630693,1470376.47228234,7602.31110257518,100.0004000016,
151.64968,18513.7001381022,3600.51847466035,774471.314044406,3500.49006860961,900.032401166442,100.0004000016,26928.9755777216,169035.240676383,1482489.77775895,8202.69048247825,200.0016000128,
151.77588,18113.1138944596,2900.33643902693,756626.664908348,3400.46246289495,400.006400102402,300.003600043201,25225.4272306485,175827.982630693,1567707.27062504,8202.69048247825,0,
151.90212,21017.6548300572,3800.57768780855,776491.015346292,4900.9605882753,700.019600548815,400.006400102402,27931.1711870447,169947.485421566,1480021.35348922,7602.31110257518,0,
152.02835,21017.6548300572,3400.46246289495,767457.968122562,3300.43565750679,400.006400102402,300.003600043201,26728.5460872212,167616.324722653,1475534.48809025,6701.7960813498,200.0016000128,
152.15464,21017.6548300572,3500.49006860961,803628.196553461,4200.70571856072,500.010000200004,100.0004000016,27329.8441898553,185770.241299828,1563190.64295672,7902.49718911176,100.0004000016,
152.28092,23421.922919853,5101.04061228491,800645.635356379,4100.67251029169,0,300.003600043201,28231.8455217485,171265.289026537,1538940.05596532,8502.8909829342,100.0004000016,
152.40715,21919.201220269,4100.67251029169,771176.691310784,3700.5476810568,200.0016000128,300.003600043201,41067.3504547458,171772.173310672,1497647.00894561,7802.43435952017,100.0004000016,
152.53336,26027.0681508769,3700.5476810568,773302.157947043,4200.70571856072,200.0016000128,200.0016000128,26928.9755777216,180087.98929947,1496411.32605,9603.68781612139,0,
152.65965,19415.0660912868,3500.49006860961,768732.83802393,4600.84655576626,300.003600043201,300.003600043201,27129.408278574,177653.523260123,1476768.2244891,7102.01697282028,200.0016000128,
152.78586,20717.1538033492,3200.40965243551,762996.916684529,3400.46246289495,100.0004000016,200.0016000128,29133.9118734207,173090.167995135,1488999.64822608,8302.75651516303,100.0004000016,
152.91211,32241.5270868879,2100.17641481884,774790.193207827,4400.77453631839,400.006400102402,300.003600043201,28732.9854673165,162347.465849662,1483387.50068857,7001.96054895371,0,
153.03838,16510.8971921468,3200.40965243551,743577.492287224,4100.67251029169,100.0004000016,100.0004000016,27730.7256440136,174611.102607687,1512821.60052601,9403.53572943427,0,
153.16466,18213.259252736,1900.14441097523,764802.394271557,3600.51847466035,600.014400345608,200.0016000128,25926.8602271954,172988.778888522,1464211.91694048,6401.6388195378,100.0004000016,
153.29095,17712.5404786589,1800.12960933187,784017.428127086,4200.70571856072,200.0016000128,200.0016000128,31339.2367243789,165184.269545295,1441707.66894136,7102.01697282028,0,
153.41716,15509.6159618964,2600.27042812453,790531.36747587,4300.73972723308,200.0016000128,400.006400102402,26628.3325458288,175118.121654227,1490571.47580033,7302.132222609,0,
153.54334,17211.841747122,3600.51847466035,818551.352065897,3800.57768780855,400.006400102402,200.0016000128,28632.7558727184,168224.411969605,1453682.77590133,6801.85010322808,0,
153.66963,15109.1259120509,2400.23042212052,761404.05834855,5301.12383825371,500.010000200004,600.014400345608,27530.2833116428,173597.125779375,1490010.08739584,6801.85010322808,300.003600043201,
153.79592,15309.3693340324,2400.23042212052,760342.262211433,3800.57768780855,100.0004000016,400.006400102402,28632.7558727184,172887.390598631,1443721.41433715,8102.62525058119,0,
153.92222,13707.5117164206,3300.43565750679,746122.63393133,3700.5476810568,400.006400102402,200.0016000128,29935.8032206519,173394.340215404,1429631.63436613,8703.02865397158,0,
154.04848,15309.3693340324,2200.1936170383,763209.312678797,4500.81014582625,200.0016000128,400.006400102402,29635.0879441258,185973.226303022,1466341.16595878,10104.0820491479,0,
154.17474,18313.4054127621,2100.17641481884,718577.042569389,4400.77453631839,200.0016000128,600.014400345608,31038.4877247787,168123.062054524,1413770.66085141,8803.09869073914,100.0004000016,
154.30101,14508.4148806308,3000.36004320518,760236.087411694,5301.12383825371,300.003600043201,800.025600819226,31740.2466327303,171772.173310672,1402277.7773084,9103.31360615264,200.0016000128,
154.42734,17311.9798900839,2200.1936170383,770857.901551199,4100.67251029169,300.003600043201,1500.09000540032,39161.2481921726,167920.364673099,1487091.25120781,7902.49718911176,300.003600043201,
154.55359,17712.5404786589,3000.36004320518,762359.749713523,4100.67251029169,200.0016000128,1000.04000160006,40766.3676465285,162853.991029946,1432090.67264384,9003.24116682005,300.003600043201,
154.67988,22219.7311212357,3000.36004320518,775427.9752061,6001.44034568296,500.010000200004,1300.06760351538,44679.7086001427,173799.914610471,1430414.00600499,9603.68781612139,200.0016000128,
154.80616,22820.8125810739,3000.36004320518,746334.751784736,3600.51847466035,300.003600043201,400.006400102402,42070.6787402837,168224.411969605,1346815.42880145,8202.69048247825,300.003600043201,
154.9324,20116.1734034163,3000.36004320518,790105.677537024,4800.92177698118,400.006400102402,900.032401166442,45984.4274087224,173901.310251215,1495625.042393,7802.43435952017,300.003600043201,
155.05861,23622.2994506814,3400.46246289495,740820.823294413,3800.57768780855,200.0016000128,2300.21161946899,51807.1371596461,167616.324722653,1447861.74327378,9603.68781612139,500.010000200004,
155.18489,25325.6295370915,4500.81014582625,780318.685987469,4700.88376614804,500.010000200004,1200.05760276493,56728.433172703,171163.914619412,1442602.62902932,9203.38684635946,600.014400345608,
155.31115,29434.6151073663,6701.7960813498,767989.14858441,3900.60849492521,100.0004000016,1000.04000160006,55924.8242076314,172887.390598631,1442043.27187497,11205.0198488923,400.006400102402,
155.43734,29935.8032206519,4100.67251029169,757582.001838061,4400.77453631839,400.006400102402,1300.06760351538,60043.8651007815,163664.473737187,1395253.07768651,9503.61137232148,500.010000200004,
155.56357,30437.0114058695,4300.73972723308,768839.08287671,5601.25468104855,300.003600043201,1900.14441097523,71101.6442631302,171468.040290459,1511696.96069906,12005.7627661277,900.032401166442,
155.68983,35349.9140786791,6801.85010322808,812580.018998059,5001.00020004001,700.019600548815,2400.23042212052,94556.2880935365,171670.794820677,1458498.25797247,11705.4781637807,300.003600043201,
155.81613,37155.1382251261,5801.34591225164,764647.870631556,6001.44034568296,400.006400102402,800.025600819226,72006.8035397662,172583.230629194,1456146.29190654,9603.68781612139,600.014400345608,
155.94238,35049.0686961746,6801.85010322808,767245.502069625,5701.29989637637,100.0004000016,1900.14441097523,73616.1369781679,163867.102571949,1415556.86107108,11705.4781637807,500.010000200004,
156.06858,34748.2305439951,6201.53798141939,760342.262211433,3200.40965243551,400.006400102402,2800.31363512713,73414.9589999519,161638.364855834,1441148.34964928,10504.4118529783,700.019600548815,
156.19481,33745.4889190629,7402.19104855037,772239.380806486,3500.49006860961,400.006400102402,1300.06760351538,73817.3181847359,158701.086453348,1360407.93258484,9003.24116682005,1100.04840212969,
156.32104,34948.7885087582,4300.73972723308,719635.398448592,4500.81014582625,800.025600819226,1900.14441097523,70799.9390278146,152524.911060672,1312133.47198074,10004.0016006403,1300.06760351538,
156.44731,33244.1482288479,7202.07419736884,734143.650048586,3800.57768780855,800.025600819226,1200.05760276493,65571.5351359155,159106.187529939,1335416.28919237,9803.84310649775,1100.04840212969,
156.5735,32141.2693898966,5901.39272868397,736898.888989549,4900.9605882753,100.0004000016,800.025600819226,62455.6394535182,152929.813264649,1296966.38195818,11705.4781637807,400.006400102402,
156.69974,32642.5659059413,6301.58800017604,758006.618777381,5001.00020004001,700.019600548815,900.032401166442,64968.3980878437,156675.776737521,1352627.67321055,11004.8421305374,1000.04000160006,
156.82599,34246.8496903764,4600.84655576626,706306.47675533,4900.9605882753,200.0016000128,1900.14441097523,59641.9478358493,155966.995371302,1288228.34165443,10104.0820491479,1100.04840212969,
156.95227,37756.9374616922,5501.21026625858,709373.020378277,4700.88376614804,600.014400345608,1000.04000160006,58335.8057557995,147565.916799781,1269775.88728795,9603.68781612139,700.019600548815,
157.07856,26928.9755777216,5901.39272868397,684755.583865864,4800.92177698118,500.010000200004,900.032401166442,54920.3854849831,141294.072688509,1249034.03554749,9903.92195309342,700.019600548815,
157.20479,32141.2693898966,4000.64010241639,673360.909946065,4200.70571856072,100.0004000016,1400.07840439065,49899.3996040112,137148.281021252,1221832.50752042,8903.16952835209,500.010000200004,
157.33102,28031.3951625821,5201.0818250196,660817.368883488,4400.77453631839,300.003600043201,1300.06760351538,48293.1091143725,133610.272207053,1162888.04795553,8102.62525058119,700.019600548815,
157.45728,27329.8441898553,5201.0818250196,658394.400312006,5901.39272868397,100.0004000016,1300.06760351538,51706.7226756024,130982.681737214,1168693.86815165,8002.56081946223,1200.05760276493,
157.58352,29133.9118734207,4600.84655576626,656603.804566465,5101.04061228491,300.003600043201,1900.14441097523,47289.282164727,137552.688310435,1141658.51046921,8602.95941803981,500.010000200004,
157.70972,26027.0681508769,4800.92177698118,613914.297891872,4000.64010241639,100.0004000016,1400.07840439065,41368.3404985035,133913.491080477,1073824.3834062,8803.09869073914,700.019600548815,
157.83596,26528.1198069954,4800.92177698118,612024.948161262,3300.43565750679,100.0004000016,1500.09000540032,43977.2240053534,126335.213453243,1093091.8017593,7202.07419736884,500.010000200004,
157.96228,26628.3325458288,4100.67251029169,608142.160016061,2800.31363512713,200.0016000128,1500.09000540032,40164.423735672,124719.105640399,1083726.67593161,8502.8909829342,1000.04000160006,
158.08861,28833.2158646761,5701.29989637637,620109.121168769,3400.46246289495,0,1100.04840212969,43475.4734218603,124719.105640399,1102463.65492961,7502.25067520256,600.014400345608,
158.21491,27830.9480141918,4800.92177698118,600380.114443939,2900.33643902693,300.003600043201,1400.07840439065,38659.6905622281,118660.552449773,1006557.81361828,9103.31360615264,300.003600043201,
158.34123,24524.0335528818,3400.46246289495,565822.789988015,2800.31363512713,200.0016000128,1300.06760351538,39361.8768704403,115632.371438101,981260.236616533,7001.96054895371,600.014400345608,
158.4676,25025.025025025,4900.9605882753,567182.373779934,4400.77453631839,100.0004000016,800.025600819226,40365.0684904065,120275.880917835,1027026.46428051,7702.37233067785,1300.06760351538,
158.59374,25325.6295370915,3400.46246289495,566554.855600098,3400.46246289495,500.010000200004,900.032401166442,39863.462632511,111797.723464866,956119.622411137,7001.96054895371,700.019600548815,
158.72007,29735.3255667733,4000.64010241639,549414.611812414,3400.46246289495,300.003600043201,500.010000200004,35550.4816839913,106451.353739857,890423.443053496,8302.75651516303,300.003600043201,
158.84638,23722.4889194957,4700.88376614804,522704.998366547,4600.84655576626,100.0004000016,400.006400102402,30336.7681630136,98688.0413787011,912320.997686548,8602.95941803981,800.025600819226,
158.9726,28833.2158646761,3900.60849492521,506143.919947437,3500.49006860961,200.0016000128,1100.04840212969,34547.6757925938,101712.13758148,825485.829039416,7502.25067520256,400.006400102402,
159.0989,26728.5460872212,4200.70571856072,481082.844096543,3700.5476810568,300.003600043201,800.025600819226,29434.6151073663,89720.8417300266,854758.309719321,7102.01697282028,500.010000200004,
159.22513,28131.6199408135,3900.60849492521,466339.610955823,2700.2916314962,200.0016000128,800.025600819226,32141.2693898966,103325.286880801,808423.043411832,8402.82334864514,800.025600819226,
159.35136,26928.9755777216,5201.0818250196,468518.873191226,4100.67251029169,200.0016000128,800.025600819226,26928.9755777216,91433.1825170923,786275.100360183,7902.49718911176,600.014400345608,
159.47756,30136.2840860396,5701.29989637637,432556.928235428,2200.1936170383,0,1000.04000160006,30437.0114058695,91634.6497408536,778617.358702242,8602.95941803981,500.010000200004,
159.60372,28532.5270808722,4900.9605882753,425935.267602884,4400.77453631839,500.010000200004,800.025600819226,26528.1198069954,83578.4835070455,832161.512683251,5901.39272868397,500.010000200004,
159.73004,22319.9093591484,4300.73972723308,396077.220328239,2100.17641481884,200.0016000128,800.025600819226,25425.8326459683,90023.0025330887,715402.49747989,6901.90492575951,1000.04000160006,
159.85639,28632.7558727184,5201.0818250196,401960.624928874,4000.64010241639,500.010000200004,500.010000200004,25526.0365572884,84182.5165254594,671673.669899244,6101.48876325823,800.025600819226,
159.98265,26027.0681508769,3800.57768780855,407846.756129389,2400.23042212052,200.0016000128,1100.04840212969,24824.6260290208,82269.8450919014,673149.992811518,5801.34591225164,1100.04840212969,
160.10888,25325.6295370915,5601.25468104855,360319.418295137,3000.36004320518,100.0004000016,600.014400345608,23221.549598027,81162.6423105168,675364.795583016,7202.07419736884,1200.05760276493,
160.23511,28131.6199408135,4900.9605882753,351884.152030179,2600.27042812453,400.006400102402,300.003600043201,21718.8519635043,75527.4887962543,634400.134529332,9103.31360615264,200.0016000128,
160.3614,28131.6199408135,4400.77453631839,339036.305771219,1400.07840439065,0,400.006400102402,20216.3347985172,67180.0425139374,598073.386604631,6201.53798141939,600.014400345608,
160.48765,50501.811652291,3000.36004320518,322302.263206087,1800.12960933187,200.0016000128,800.025600819226,17412.118834709,60847.7383086133,541374.984164348,5701.29989637637,400.006400102402,
160.61386,24824.6260290208,4800.92177698118,294017.661294892,1200.05760276493,700.019600548815,700.019600548815,16911.4321281186,69190.9670691107,538035.328296552,4700.88376614804,700.019600548815,
160.74025,25225.4272306485,4500.81014582625,291561.116551607,2700.2916314962,100.0004000016,800.025600819226,13307.0793662228,56326.6222468108,474747.392404857,5101.04061228491,1100.04840212969,
160.86656,23121.3641404658,4300.73972723308,250382.795803184,2000.16001280102,100.0004000016,700.019600548815,13006.7635170289,50501.811652291,431315.104166667,4700.88376614804,500.010000200004,
160.9928,20216.3347985172,4200.70571856072,230098.498304537,2200.1936170383,100.0004000016,200.0016000128,12706.4548790786,47791.1855820906,422005.2877771,4600.84655576626,500.010000200004,
161.11903,21718.8519635043,3900.60849492521,208728.270076231,1400.07840439065,500.010000200004,600.014400345608,11705.4781637807,44077.5765347011,363303.966009115,3900.60849492521,800.025600819226,
161.24531,20116.1734034163,3600.51847466035,186988.200399768,1900.14441097523,100.0004000016,1000.04000160006,11505.2924345199,40164.423735672,345612.775810958,4800.92177698118,500.010000200004,
161.37158,20416.6599945556,3900.60849492521,177247.824685788,1600.10240655402,100.0004000016,1400.07840439065,8502.8909829342,38258.4589252378,312456.968823153,1400.07840439065,400.006400102402,
161.49786,19515.221873061,3200.40965243551,161840.961061548,2000.16001280102,400.006400102402,800.025600819226,7702.37233067785,35349.9140786791,297089.013373053,2800.31363512713,400.006400102402,
161.62415,18914.2992102029,4100.67251029169,157080.812593836,1300.06760351538,300.003600043201,700.019600548815,8202.69048247825,31639.9929510902,260996.617047333,2700.2916314962,200.0016000128,
161.75038,18613.8487034354,2600.27042812453,133205.991756308,1900.14441097523,300.003600043201,1600.10240655402,6301.58800017604,27129.408278574,229385.573635494,3200.40965243551,900.032401166442,
161.87668,15509.6159618964,5001.00020004001,114421.303458557,1300.06760351538,200.0016000128,900.032401166442,6501.69043951427,26227.4864057532,213914.853618096,2100.17641481884,200.0016000128,
162.00293,16410.7654621432,3500.49006860961,120275.880917835,1300.06760351538,0,500.010000200004,8803.09869073914,25826.6531060054,205576.683430056,2600.27042812453,200.0016000128,
162.12913,17712.5404786589,3000.36004320518,113815.81326572,1800.12960933187,0,800.025600819226,7302.132222609,22720.6303323418,187495.718125728,2000.16001280102,600.014400345608,
162.25544,15309.3693340324,2300.21161946899,90325.1706142112,2100.17641481884,100.0004000016,1000.04000160006,7102.01697282028,18914.2992102029,146250.593451514,1500.09000540032,300.003600043201,
162.38163,12506.2531265633,2000.16001280102,77740.997090982,1300.06760351538,100.0004000016,1500.09000540032,7402.19104855037,15009.0054032419,132195.347527997,2400.23042212052,300.003600043201,
162.5079,14808.7667899396,3100.38444767151,72107.3808272592,1700.11560786133,100.0004000016,1100.04840212969,7202.07419736884,14007.84439286,112201.315477554,1900.14441097523,400.006400102402,
162.63419,14508.4148806308,2800.31363512713,57431.6333035317,1300.06760351538,0,1000.04000160006,6801.85010322808,12005.7627661277,89015.8281583057,1400.07840439065,200.0016000128,
162.76046,14808.7667899396,2400.23042212052,34647.952766629,1800.12960933187,600.014400345608,1300.06760351538,5301.12383825371,6501.69043951427,59340.5183474468,1200.05760276493,300.003600043201,
162.88664,9103.31360615264,1200.05760276493,32943.3534531443,1400.07840439065,100.0004000016,700.019600548815,5601.25468104855,6601.74286011507,46486.2785329572,1600.10240655402,400.006400102402,
163.0129,5601.25468104855,2000.16001280102,19915.8530190031,1800.12960933187,200.0016000128,600.014400345608,4600.84655576626,4800.92177698118,35349.9140786791,600.014400345608,300.003600043201,
163.13918,8002.56081946223,1300.06760351538,18313.4054127621,3200.40965243551,200.0016000128,700.019600548815,5601.25468104855,3200.40965243551,28332.0719053969,1300.06760351538,100.0004000016,
163.2655,6301.58800017604,1300.06760351538,11305.1099096792,1500.09000540032,200.0016000128,700.019600548815,4300.73972723308,2600.27042812453,15309.3693340324,500.010000200004,100.0004000016,
163.39176,4400.77453631839,800.025600819226,8202.69048247825,1500.09000540032,300.003600043201,900.032401166442,3500.49006860961,1800.12960933187,9203.38684635946,400.006400102402,100.0004000016,
163.5181,3200.40965243551,1400.07840439065,3800.57768780855,1200.05760276493,0,300.003600043201,2300.21161946899,2000.16001280102,7502.25067520256,400.006400102402,0,
163.64434,1600.10240655402,700.019600548815,2300.21161946899,1800.12960933187,200.0016000128,600.014400345608,1500.09000540032,1100.04840212969,3100.38444767151,300.003600043201,0,
163.77062,3300.43565750679,800.025600819226,1900.14441097523,1100.04840212969,0,400.006400102402,1900.14441097523,1100.04840212969,2100.17641481884,0,0,
163.89688,2300.21161946899,900.032401166442,1600.10240655402,1300.06760351538,0,500.010000200004,1700.11560786133,800.025600819226,2200.1936170383,200.0016000128,0,
164.02311,1700.11560786133,300.003600043201,800.025600819226,1300.06760351538,300.003600043201,500.010000200004,600.014400345608,1100.04840212969,800.025600819226,100.0004000016,0,
164.14939,1500.09000540032,1200.05760276493,600.014400345608,1000.04000160006,300.003600043201,600.014400345608,1000.04000160006,500.010000200004,400.006400102402,0,200.0016000128,
164.27563,1400.07840439065,900.032401166442,300.003600043201,1000.04000160006,200.0016000128,300.003600043201,600.014400345608,800.025600819226,400.006400102402,0,100.0004000016,
164.40191,1400.07840439065,1200.05760276493,600.014400345608,1400.07840439065,200.0016000128,600.014400345608,1100.04840212969,800.025600819226,700.019600548815,0,0,
164.52816,1600.10240655402,500.010000200004,0,1100.04840212969,200.0016000128,600.014400345608,300.003600043201,600.014400345608,200.0016000128,400.006400102402,0,
164.6544,2600.27042812453,500.010000200004,300.003600043201,800.025600819226,0,500.010000200004,400.006400102402,500.010000200004,600.014400345608,100.0004000016,100.0004000016,
164.78068,1800.12960933187,500.010000200004,100.0004000016,900.032401166442,100.0004000016,200.0016000128,500.010000200004,600.014400345608,100.0004000016,200.0016000128,0,
164.90687,1500.09000540032,600.014400345608,400.006400102402,700.019600548815,100.0004000016,200.0016000128,300.003600043201,800.025600819226,300.003600043201,0,0,
165.03307,1900.14441097523,700.019600548815,3200.40965243551,1600.10240655402,100.0004000016,300.003600043201,400.006400102402,600.014400345608,500.010000200004,100.0004000016,0,
165.15936,1900.14441097523,600.014400345608,200.0016000128,1100.04840212969,300.003600043201,500.010000200004,400.006400102402,1100.04840212969,500.010000200004,0,0,
165.28559,1500.09000540032,500.010000200004,900.032401166442,1400.07840439065,100.0004000016,900.032401166442,500.010000200004,700.019600548815,300.003600043201,100.0004000016,0,
165.41182,1200.05760276493,600.014400345608,500.010000200004,1700.11560786133,200.0016000128,800.025600819226,100.0004000016,1000.04000160006,200.0016000128,0,0,
165.53802,1500.09000540032,400.006400102402,400.006400102402,700.019600548815,300.003600043201,300.003600043201,200.0016000128,900.032401166442,1100.04840212969,0,100.0004000016,
165.66418,1900.14441097523,1000.04000160006,100.0004000016,1100.04840212969,200.0016000128,800.025600819226,0,1200.05760276493,700.019600548815,0,100.0004000016,
165.79041,1900.14441097523,800.025600819226,300.003600043201,900.032401166442,100.0004000016,600.014400345608,200.0016000128,1300.06760351538,400.006400102402,0,0,
165.91665,1200.05760276493,800.025600819226,100.0004000016,1100.04840212969,0,400.006400102402,100.0004000016,800.025600819226,200.0016000128,0,100.0004000016,
166.04288,900.032401166442,200.0016000128,0,1100.04840212969,0,500.010000200004,300.003600043201,600.014400345608,200.0016000128,0,0,
166.16916,700.019600548815,900.032401166442,200.0016000128,1400.07840439065,200.0016000128,200.0016000128,400.006400102402,600.014400345608,0,0,0,
166.2954,900.032401166442,800.025600819226,200.0016000128,1000.04000160006,0,600.014400345608,0,1300.06760351538,300.003600043201,100.0004000016,100.0004000016,
166.42166,1400.07840439065,800.025600819226,100.0004000016,2000.16001280102,100.0004000016,500.010000200004,400.006400102402,900.032401166442,300.003600043201,0,0,
166.54789,1600.10240655402,500.010000200004,100.0004000016,900.032401166442,200.0016000128,700.019600548815,100.0004000016,900.032401166442,200.0016000128,100.0004000016,100.0004000016,
166.6741,1600.10240655402,700.019600548815,400.006400102402,1100.04840212969,100.0004000016,1000.04000160006,200.0016000128,700.019600548815,600.014400345608,0,100.0004000016,
166.8003,1400.07840439065,300.003600043201,0,1000.04000160006,100.0004000016,400.006400102402,100.0004000016,1500.09000540032,0,0,0,
166.92662,1700.11560786133,400.006400102402,100.0004000016,1200.05760276493,0,500.010000200004,200.0016000128,900.032401166442,200.0016000128,100.0004000016,0,
167.05285,1900.14441097523,700.019600548815,300.003600043201,1000.04000160006,200.0016000128,800.025600819226,100.0004000016,500.010000200004,200.0016000128,100.0004000016,100.0004000016,
167.17912,2200.1936170383,600.014400345608,300.003600043201,1100.04840212969,200.0016000128,400.006400102402,200.0016000128,1000.04000160006,100.0004000016,100.0004000016,0,
167.30536,1700.11560786133,700.019600548815,600.014400345608,1600.10240655402,300.003600043201,700.019600548815,500.010000200004,800.025600819226,100.0004000016,0,0,
167.4316,1700.11560786133,500.010000200004,400.006400102402,1200.05760276493,200.0016000128,500.010000200004,500.010000200004,1000.04000160006,1000.04000160006,100.0004000016,0,
167.55785,1400.07840439065,800.025600819226,500.010000200004,1700.11560786133,200.0016000128,700.019600548815,300.003600043201,800.025600819226,200.0016000128,0,0,
167.68411,1600.10240655402,700.019600548815,100.0004000016,1700.11560786133,300.003600043201,1300.06760351538,100.0004000016,1300.06760351538,100.0004000016,300.003600043201,0,
167.8103,700.019600548815,900.032401166442,200.0016000128,1200.05760276493,300.003600043201,400.006400102402,100.0004000016,900.032401166442,0,0,0,
167.93658,1100.04840212969,700.019600548815,200.0016000128,1400.07840439065,200.0016000128,100.0004000016,200.0016000128,800.025600819226,100.0004000016,0,0,
168.06278,2000.16001280102,700.019600548815,200.0016000128,800.025600819226,0,300.003600043201,400.006400102402,900.032401166442,600.014400345608,0,0,
168.18909,800.025600819226,600.014400345608,0,1300.06760351538,300.003600043201,700.019600548815,100.0004000016,700.019600548815,100.0004000016,100.0004000016,0,
168.31525,500.010000200004,400.006400102402,100.0004000016,1200.05760276493,100.0004000016,300.003600043201,0,1100.04840212969,200.0016000128,0,0,
168.44149,900.032401166442,400.006400102402,300.003600043201,1400.07840439065,200.0016000128,600.014400345608,0,1000.04000160006,200.0016000128,0,0,
168.56776,1200.05760276493,1000.04000160006,200.0016000128,800.025600819226,500.010000200004,700.019600548815,200.0016000128,900.032401166442,0,0,0,
168.69411,1200.05760276493,600.014400345608,200.0016000128,1000.04000160006,0,400.006400102402,0,1100.04840212969,1000.04000160006,0,0,
168.8204,1500.09000540032,800.025600819226,100.0004000016,1300.06760351538,100.0004000016,600.014400345608,100.0004000016,900.032401166442,200.0016000128,0,0,
168.94663,700.019600548815,400.006400102402,100.0004000016,1900.14441097523,500.010000200004,400.006400102402,200.0016000128,500.010000200004,200.0016000128,100.0004000016,0,
169.0729,1600.10240655402,600.014400345608,200.0016000128,1100.04840212969,0,700.019600548815,0,1200.05760276493,100.0004000016,100.0004000016,0,
169.19921,1400.07840439065,1200.05760276493,100.0004000016,900.032401166442,100.0004000016,300.003600043201,400.006400102402,800.025600819226,0,0,0,
169.32553,2000.16001280102,1100.04840212969,200.0016000128,1000.04000160006,100.0004000016,200.0016000128,100.0004000016,1500.09000540032,100.0004000016,0,0,
169.45185,1400.07840439065,800.025600819226,0,2100.17641481884,300.003600043201,500.010000200004,0,800.025600819226,0,0,0,
169.57813,1800.12960933187,400.006400102402,300.003600043201,1400.07840439065,300.003600043201,900.032401166442,200.0016000128,700.019600548815,0,100.0004000016,0,
169.70448,1400.07840439065,300.003600043201,500.010000200004,1500.09000540032,100.0004000016,100.0004000016,0,1000.04000160006,100.0004000016,0,0,
169.83063,700.019600548815,700.019600548815,100.0004000016,1000.04000160006,300.003600043201,300.003600043201,300.003600043201,900.032401166442,0,100.0004000016,0,
169.95686,800.025600819226,300.003600043201,300.003600043201,900.032401166442,100.0004000016,100.0004000016,0,1400.07840439065,0,0,100.0004000016,
170.08314,1100.04840212969,800.025600819226,100.0004000016,1200.05760276493,0,600.014400345608,0,1200.05760276493,300.003600043201,0,0,
170.20944,800.025600819226,500.010000200004,200.0016000128,1100.04840212969,0,600.014400345608,100.0004000016,700.019600548815,0,0,0,
170.33569,500.010000200004,700.019600548815,100.0004000016,1000.04000160006,0,400.006400102402,0,1300.06760351538,0,0,0,
170.46188,700.019600548815,500.010000200004,200.0016000128,600.014400345608,200.0016000128,900.032401166442,100.0004000016,700.019600548815,600.014400345608,0,0,
170.5881,600.014400345608,500.010000200004,100.0004000016,1700.11560786133,100.0004000016,500.010000200004,0,600.014400345608,0,0,0,
170.71439,1300.06760351538,800.025600819226,100.0004000016,1500.09000540032,0,400.006400102402,200.0016000128,1500.09000540032,0,0,0,
170.84061,700.019600548815,400.006400102402,400.006400102402,1500.09000540032,200.0016000128,400.006400102402,100.0004000016,600.014400345608,100.0004000016,0,0,
170.96696,1000.04000160006,600.014400345608,100.0004000016,1100.04840212969,500.010000200004,1000.04000160006,0,1100.04840212969,100.0004000016,0,0,
171.09323,900.032401166442,600.014400345608,200.0016000128,400.006400102402,200.0016000128,600.014400345608,0,1200.05760276493,200.0016000128,200.0016000128,0,
171.2195,1200.05760276493,900.032401166442,300.003600043201,700.019600548815,300.003600043201,300.003600043201,200.0016000128,700.019600548815,100.0004000016,0,0,
171.34579,1700.11560786133,200.0016000128,300.003600043201,800.025600819226,300.003600043201,400.006400102402,300.003600043201,1100.04840212969,0,0,100.0004000016,
171.47207,1700.11560786133,500.010000200004,0,1400.07840439065,100.0004000016,700.019600548815,100.0004000016,800.025600819226,0,100.0004000016,100.0004000016,
171.5983,1400.07840439065,300.003600043201,200.0016000128,1400.07840439065,400.006400102402,500.010000200004,200.0016000128,1300.06760351538,100.0004000016,0,0,
171.72446,1300.06760351538,500.010000200004,300.003600043201,1500.09000540032,200.0016000128,600.014400345608,100.0004000016,1300.06760351538,0,0,0,
171.85078,1300.06760351538,300.003600043201,200.0016000128,1200.05760276493,100.0004000016,500.010000200004,0,700.019600548815,200.0016000128,0,0,
171.97714,1200.05760276493,1400.07840439065,100.0004000016,1200.05760276493,200.0016000128,1000.04000160006,100.0004000016,1300.06760351538,0,0,0,
172.10345,1200.05760276493,400.006400102402,100.0004000016,1500.09000540032,200.0016000128,500.010000200004,0,1000.04000160006,100.0004000016,0,0,
172.22977,200.0016000128,1000.04000160006,100.0004000016,900.032401166442,0,500.010000200004,200.0016000128,600.014400345608,0,0,200.0016000128,
172.35592,1100.04840212969,600.014400345608,300.003600043201,600.014400345608,200.0016000128,600.014400345608,0,1100.04840212969,0,0,0,
172.4822,1100.04840212969,500.010000200004,400.006400102402,1600.10240655402,400.006400102402,600.014400345608,100.0004000016,800.025600819226,100.0004000016,100.0004000016,0,
172.60844,1500.09000540032,700.019600548815,200.0016000128,1300.06760351538,100.0004000016,800.025600819226,100.0004000016,900.032401166442,0,100.0004000016,0,
172.7346,1000.04000160006,300.003600043201,0,1100.04840212969,200.0016000128,500.010000200004,0,1500.09000540032,100.0004000016,0,0,
172.86083,1300.06760351538,600.014400345608,100.0004000016,2000.16001280102,200.0016000128,1100.04840212969,300.003600043201,1200.05760276493,0,100.0004000016,0,
172.98711,1200.05760276493,500.010000200004,200.0016000128,1600.10240655402,100.0004000016,400.006400102402,100.0004000016,700.019600548815,200.0016000128,0,0,
173.11334,1400.07840439065,700.019600548815,0,1500.09000540032,300.003600043201,200.0016000128,0,1100.04840212969,100.0004000016,0,0,
173.23964,1800.12960933187,600.014400345608,100.0004000016,1900.14441097523,300.003600043201,400.006400102402,0,1500.09000540032,200.0016000128,0,0,
173.3659,1900.14441097523,200.0016000128,300.003600043201,1200.05760276493,100.0004000016,500.010000200004,0,1300.06760351538,100.0004000016,100.0004000016,100.0004000016,
173.49217,2000.16001280102,900.032401166442,0,1100.04840212969,0,100.0004000016,100.0004000016,1400.07840439065,0,0,0,
173.61849,1500.09000540032,600.014400345608,600.014400345608,1100.04840212969,300.003600043201,800.025600819226,0,1200.05760276493,0,0,0,
173.74475,900.032401166442,300.003600043201,100.0004000016,1400.07840439065,100.0004000016,700.019600548815,100.0004000016,1200.05760276493,300.003600043201,0,0,
173.87104,1100.04840212969,700.019600548815,100.0004000016,1100.04840212969,100.0004000016,500.010000200004,200.0016000128,1100.04840212969,0,0,0,
173.99723,1000.04000160006,500.010000200004,200.0016000128,1800.12960933187,100.0004000016,500.010000200004,100.0004000016,1400.07840439065,0,0,0,
174.12355,700.019600548815,700.019600548815,0,2100.17641481884,100.0004000016,500.010000200004,0,600.014400345608,0,0,0,
174.2497,600.014400345608,800.025600819226,100.0004000016,1300.06760351538,100.0004000016,600.014400345608,200.0016000128,1100.04840212969,0,0,100.0004000016,
174.37595,800.025600819226,500.010000200004,300.003600043201,1800.12960933187,100.0004000016,800.025600819226,100.0004000016,1000.04000160006,0,0,0,
174.50228,600.014400345608,700.019600548815,100.0004000016,1600.10240655402,0,500.010000200004,100.0004000016,700.019600548815,0,100.0004000016,0,
174.62856,700.019600548815,700.019600548815,0,1200.05760276493,400.006400102402,400.006400102402,0,800.025600819226,0,0,0,
174.75484,1300.06760351538,600.014400345608,300.003600043201,1000.04000160006,200.0016000128,800.025600819226,100.0004000016,2000.16001280102,100.0004000016,0,0,
174.88108,700.019600548815,1000.04000160006,0,1200.05760276493,100.0004000016,700.019600548815,100.0004000016,1300.06760351538,0,100.0004000016,0,
175.00739,900.032401166442,700.019600548815,100.0004000016,1500.09000540032,100.0004000016,400.006400102402,0,900.032401166442,100.0004000016,0,100.0004000016,
175.13368,100.0004000016,400.006400102402,100.0004000016,1500.09000540032,300.003600043201,100.0004000016,100.0004000016,400.006400102402,0,0,0,
175.26,100.0004000016,500.010000200004,200.0016000128,1400.07840439065,100.0004000016,100.0004000016,0,500.010000200004,0,0,0,
175.38631,100.0004000016,400.006400102402,100.0004000016,1700.11560786133,0,100.0004000016,0,1100.04840212969,0,0,0,
175.51259,0,400.006400102402,100.0004000016,1000.04000160006,400.006400102402,400.006400102402,100.0004000016,600.014400345608,0,0,0,
175.63888,0,200.0016000128,200.0016000128,1300.06760351538,100.0004000016,100.0004000016,300.003600043201,600.014400345608,0,0,0,
175.76509,100.0004000016,400.006400102402,300.003600043201,900.032401166442,100.0004000016,0,200.0016000128,900.032401166442,0,0,0,
175.8913,0,200.0016000128,100.0004000016,1500.09000540032,100.0004000016,0,0,800.025600819226,0,0,0,
176.01765,0,600.014400345608,100.0004000016,1900.14441097523,0,0,100.0004000016,1700.11560786133,0,0,0,
176.14382,0,600.014400345608,300.003600043201,1000.04000160006,100.0004000016,100.0004000016,100.0004000016,900.032401166442,0,0,0,
176.27006,0,600.014400345608,0,1100.04840212969,0,100.0004000016,0,1000.04000160006,0,0,0,
176.39627,0,200.0016000128,300.003600043201,1100.04840212969,0,0,100.0004000016,800.025600819226,0,0,0,
176.52247,0,400.006400102402,200.0016000128,1800.12960933187,0,100.0004000016,100.0004000016,1700.11560786133,0,0,0,
176.64878,100.0004000016,500.010000200004,300.003600043201,500.010000200004,0,0,0,1000.04000160006,0,0,0,
176.77494,0,1000.04000160006,200.0016000128,1200.05760276493,100.0004000016,0,0,500.010000200004,0,0,0,
176.90125,0,100.0004000016,200.0016000128,800.025600819226,200.0016000128,0,100.0004000016,1000.04000160006,0,0,0,
177.02751,100.0004000016,500.010000200004,200.0016000128,500.010000200004,100.0004000016,100.0004000016,100.0004000016,900.032401166442,0,0,0,
177.1538,0,500.010000200004,100.0004000016,800.025600819226,100.0004000016,0,0,1000.04000160006,0,0,0,
177.28009,0,700.019600548815,200.0016000128,1300.06760351538,100.0004000016,0,100.0004000016,200.0016000128,0,0,0,
177.40631,0,300.003600043201,100.0004000016,900.032401166442,100.0004000016,0,0,1000.04000160006,0,0,0,
177.53262,0,600.014400345608,500.010000200004,1500.09000540032,100.0004000016,200.0016000128,200.0016000128,1100.04840212969,0,0,0,
177.65891,0,200.0016000128,400.006400102402,1700.11560786133,300.003600043201,100.0004000016,100.0004000016,1200.05760276493,0,0,0,
177.78523,100.0004000016,700.019600548815,100.0004000016,1300.06760351538,300.003600043201,100.0004000016,0,900.032401166442,0,0,0,
177.91154,0,700.019600548815,200.0016000128,1300.06760351538,0,100.0004000016,0,1000.04000160006,0,0,0,
178.03777,0,300.003600043201,0,1300.06760351538,0,100.0004000016,0,800.025600819226,0,0,0,
178.16407,100.0004000016,500.010000200004,100.0004000016,900.032401166442,100.0004000016,200.0016000128,0,1000.04000160006,0,0,0,
178.29029,0,700.019600548815,0,1700.11560786133,100.0004000016,100.0004000016,0,1500.09000540032,0,0,0,
178.41655,0,400.006400102402,100.0004000016,800.025600819226,100.0004000016,0,0,600.014400345608,0,0,0,
178.54278,0,100.0004000016,100.0004000016,1000.04000160006,100.0004000016,100.0004000016,200.0016000128,1400.07840439065,0,0,0,
178.66904,0,300.003600043201,100.0004000016,1500.09000540032,100.0004000016,0,0,1100.04840212969,100.0004000016,0,0,
178.79523,0,600.014400345608,300.003600043201,1200.05760276493,300.003600043201,100.0004000016,100.0004000016,900.032401166442,0,0,0,
178.9215,0,200.0016000128,200.0016000128,1400.07840439065,200.0016000128,100.0004000016,100.0004000016,700.019600548815,0,0,0,
179.0477,0,0,100.0004000016,900.032401166442,0,0,100.0004000016,600.014400345608,0,0,0,
179.17401,0,300.003600043201,300.003600043201,1000.04000160006,200.0016000128,100.0004000016,0,1000.04000160006,0,0,0,
179.30016,0,500.010000200004,300.003600043201,1200.05760276493,200.0016000128,0,100.0004000016,1400.07840439065,100.0004000016,0,0,
179.42633,0,200.0016000128,100.0004000016,1300.06760351538,100.0004000016,100.0004000016,200.0016000128,1000.04000160006,0,0,0,
179.55268,100.0004000016,400.006400102402,0,1900.14441097523,100.0004000016,100.0004000016,100.0004000016,1200.05760276493,0,0,0,
179.67891,0,600.014400345608,100.0004000016,1100.04840212969,300.003600043201,0,200.0016000128,900.032401166442,0,0,0,
179.80518,0,500.010000200004,300.003600043201,1100.04840212969,100.0004000016,0,0,700.019600548815,0,0,0,
179.93147,0,300.003600043201,200.0016000128,1500.09000540032,0,0,0,1400.07840439065,0,0,0,
180.05766,0,500.010000200004,200.0016000128,900.032401166442,0,100.0004000016,0,1500.09000540032,0,0,0,
180.18398,100.0004000016,400.006400102402,100.0004000016,900.032401166442,200.0016000128,100.0004000016,0,1300.06760351538,0,0,0,
180.31013,0,100.0004000016,0,1000.04000160006,100.0004000016,0,0,900.032401166442,0,0,0,
180.43645,0,200.0016000128,100.0004000016,900.032401166442,100.0004000016,0,100.0004000016,1500.09000540032,0,0,0,
180.56271,0,400.006400102402,200.0016000128,1300.06760351538,400.006400102402,100.0004000016,0,1100.04840212969,0,0,0,
180.68901,0,200.0016000128,100.0004000016,700.019600548815,400.006400102402,0,0,600.014400345608,0,0,0,
180.81527,100.0004000016,300.003600043201,100.0004000016,1200.05760276493,300.003600043201,100.0004000016,0,1400.07840439065,0,0,0,
180.94152,0,300.003600043201,100.0004000016,1500.09000540032,200.0016000128,100.0004000016,0,900.032401166442,0,0,0,
181.0678,0,400.006400102402,500.010000200004,600.014400345608,500.010000200004,0,0,1700.11560786133,0,0,0,
181.19412,0,300.003600043201,300.003600043201,1200.05760276493,0,0,100.0004000016,1100.04840212969,0,0,0,
181.32036,0,700.019600548815,100.0004000016,1400.07840439065,200.0016000128,0,0,800.025600819226,0,0,0,
181.4466,0,300.003600043201,0,1100.04840212969,200.0016000128,0,0,900.032401166442,0,0,0,
181.57287,0,200.0016000128,0,800.025600819226,200.0016000128,0,0,400.006400102402,0,0,0,
181.69913,100.0004000016,300.003600043201,0,1200.05760276493,0,200.0016000128,100.0004000016,100.0004000016,0,0,0,
181.82536,0,300.003600043201,100.0004000016,1400.07840439065,100.0004000016,100.0004000016,100.0004000016,400.006400102402,0,0,0,
181.95157,0,500.010000200004,100.0004000016,1300.06760351538,100.0004000016,0,200.0016000128,1100.04840212969,0,0,0,
182.07778,0,600.014400345608,100.0004000016,1000.04000160006,0,100.0004000016,200.0016000128,500.010000200004,0,0,0,
182.20409,0,500.010000200004,300.003600043201,1400.07840439065,300.003600043201,100.0004000016,0,800.025600819226,0,0,0,
182.33029,0,0,0,900.032401166442,200.0016000128,100.0004000016,0,1500.09000540032,0,0,0,
182.45656,0,100.0004000016,100.0004000016,900.032401166442,0,0,0,800.025600819226,0,0,0,
182.58283,300.003600043201,100.0004000016,200.0016000128,1400.07840439065,100.0004000016,0,0,1400.07840439065,0,0,0,
182.7091,0,200.0016000128,200.0016000128,1300.06760351538,100.0004000016,400.006400102402,0,800.025600819226,0,0,0,
182.83538,200.0016000128,0,100.0004000016,1300.06760351538,200.0016000128,0,0,600.014400345608,0,0,0,
182.9617,0,400.006400102402,0,400.006400102402,300.003600043201,100.0004000016,100.0004000016,1100.04840212969,0,0,0,
183.08795,0,500.010000200004,200.0016000128,700.019600548815,0,100.0004000016,0,400.006400102402,0,0,0,
183.21425,0,500.010000200004,0,1200.05760276493,200.0016000128,100.0004000016,0,600.014400345608,0,0,0,
183.34051,0,700.019600548815,200.0016000128,1300.06760351538,0,0,300.003600043201,700.019600548815,0,0,0,
183.4668,200.0016000128,400.006400102402,0,1100.04840212969,100.0004000016,0,0,1100.04840212969,100.0004000016,0,0,
183.59306,0,600.014400345608,0,1100.04840212969,200.0016000128,0,100.0004000016,1000.04000160006,0,0,0,
183.71935,100.0004000016,500.010000200004,200.0016000128,1300.06760351538,100.0004000016,0,0,700.019600548815,0,0,0,
183.84551,0,700.019600548815,100.0004000016,1600.10240655402,100.0004000016,100.0004000016,0,700.019600548815,0,0,0,
183.97175,0,500.010000200004,200.0016000128,1200.05760276493,0,100.0004000016,0,1200.05760276493,0,0,0,
184.09801,0,800.025600819226,200.0016000128,1100.04840212969,300.003600043201,0,0,1100.04840212969,0,0,0,
184.22425,0,800.025600819226,400.006400102402,1100.04840212969,100.0004000016,0,100.0004000016,600.014400345608,0,0,0,
184.35054,0,500.010000200004,200.0016000128,800.025600819226,0,0,100.0004000016,1000.04000160006,0,0,0,
184.47677,0,300.003600043201,0,1400.07840439065,200.0016000128,0,0,1000.04000160006,0,0,0,
184.60292,200.0016000128,700.019600548815,100.0004000016,1100.04840212969,200.0016000128,100.0004000016,0,1000.04000160006,0,0,0,
184.72915,0,300.003600043201,100.0004000016,1600.10240655402,300.003600043201,100.0004000016,0,1700.11560786133,0,0,0,
184.85538,0,400.006400102402,0,1400.07840439065,0,0,0,800.025600819226,0,0,0,
184.98168,0,100.0004000016,100.0004000016,1600.10240655402,100.0004000016,100.0004000016,0,900.032401166442,0,0,0,
185.10799,0,600.014400345608,100.0004000016,600.014400345608,200.0016000128,200.0016000128,0,600.014400345608,0,0,0,
185.23423,0,500.010000200004,0,1300.06760351538,100.0004000016,0,200.0016000128,800.025600819226,0,0,0,
185.36045,0,600.014400345608,200.0016000128,1100.04840212969,100.0004000016,0,0,800.025600819226,0,0,0,
185.48665,0,0,500.010000200004,900.032401166442,100.0004000016,300.003600043201,0,900.032401166442,0,0,0,
185.61298,0,100.0004000016,200.0016000128,600.014400345608,0,100.0004000016,0,700.019600548815,0,0,0,
185.73929,0,300.003600043201,200.0016000128,1400.07840439065,200.0016000128,200.0016000128,0,900.032401166442,0,0,0,
185.86564,100.0004000016,100.0004000016,0,2000.16001280102,400.006400102402,0,100.0004000016,1000.04000160006,0,0,0,

