- 48:03/07/2023 09:56:38 PM;
Software:Name=Qtegra;Version=2.10.3324.83;File Version=1;
Configuration:Machine=iCAP RQ;
STDS:Additional Gas Flow 1=0;Additional Gas Flow 2=0;Additional Gas Flow 3=0;CCT Entry Lens=-108.333333333333;Angular Deflection=-370;Deflection Entry Lens=-35;Extraction Lens 1 Polarity=0;Extraction Lens 1 Negative=0;Extraction Lens 1 Positive=0;Spray Chamber Temperature=2.7;Peristaltic Pump Speed=0;Cool Flow=14;Sampling Depth=5;Plasma Power=1550;Auxilliary Flow=0.8;Nebulizer Flow=1.105;Torch Horizontal Position=-0.723333333333333;Torch Vertical Position=0.3;Extraction Lens 2=-130;CCT Focus Lens=-1.08;CCT Bias=-2;CCT Exit Lens=-160;Focus Lens=18.8;D1 Lens=-200;D2 Lens=-80;Quad Entry Lens=-29.4;Pole Bias=-1;CCT1 Flow=0;CCT2 Flow=0;CCT1 Shut-Off Valve=0;CCT2 Shut-Off Valve=0;Virtual CCT Mass to Dac Factor=130;Virtual CCT Mass to Dac Offset=35;Virtual CCT Mass parameter b=0.65;Virtual CCT Mass Maximum Dac Limit Set=4095;
RF Generator:RF Plasma Lit Readback=1;RF FET Temperature Ok Readback=1;Plasma Power Readback=1548.6077186126;
Ion Optics:Pole Bias Readback=-0.793743890518083;Torch Horizontal Position Readback=-0.72316715542522;Torch Vertical Position Readback=0.300879765395894;Sampling Depth Readback=5;Extraction Lens 1 Negative Readback=-200.39100684262;Extraction Lens 1 Positive Readback=0.00977517106549364;Extraction Lens 2 Readback=-137.82991202346;Angular Deflection Readback=-369.296187683284;Quad Entry Lens Readback=-29.8142717497556;Focus Lens Readback=18.3040078201369;D2 Lens Readback=-80.9384164222874;Deflection Exit Lens Readback=34.6578690127077;Deflection Entry Lens Readback=-35.425219941349;D1 Lens Readback=-200.58651026393;CCT Exit Lens Readback=-162.512218963832;CCT Bias Readback=-2.01857282502444;CCT Entry Lens Readback=-109.237536656891;CCT Focus Lens Readback=-1.47116324535679;
Vacuum:Analyzer Vacuum Ok Readback=1;Interface Pressure Readback=2.02512396424301;Analyzer Pressure Readback=2.19605002409792E-07;
Detector:Detector Voltage (Counting) Readback=1618.76832844575;Detector Voltage (Analog) Readback=-1978.49462365591;
Cooling System:Plasma Cooling Water Flow Readback=0.909803921568627;Interface Temperature Readback=31.3538974560148;Exhaust Flow Readback=0.550695014662757;Quad Board Temperature Readback=0;Inlet Fan Speed Readback=0;Outlet Fan Speed Readback=2447.05882352941;Peltier Temperature Hot Side Readback=20.7862437909878;Spray Chamber Temperature Readback=2.6293915694153;
Power Supply:Supply Voltage 500 V Readback=-539.467253176931;Supply Voltage 1 kV Readback=-1168.13294232649;
Gas Supply:Nebulizer Supply Pressure Readback=0.0564456989247311;Nebulizer Flow Readback=1.10117302052786;Cool Flow Readback=13.9589442815249;Auxilliary Flow Readback=0.796187683284457;CCT2 Flow Readback=0;CCT1 Flow Readback=0;Additional Gas Flow 1 Readback=0;
Pulse Counting:Threshold=2500000;

Time,24Mg,26Mg,43Ca,55Mn,59Co,63Cu,66Zn,86Sr,88Sr,138Ba,208Pb,
,dwell time=0.01;xcal factor=66096.21568,dwell time=0.01;xcal factor=66420.50783,dwell time=0.01;xcal factor=69176.99106,dwell time=0.01;xcal factor=80139.50903,dwell time=0.01;xcal factor=85118.72235,dwell time=0.01;xcal factor=86639.08057,dwell time=0.01;xcal factor=86821.65425,dwell time=0.01;xcal factor=85302.89892,dwell time=0.01;xcal factor=82608.9753,dwell time=0.01;xcal factor=93538.82005,dwell time=0.01;xcal factor=107923.33534,
0.01244,0,400.006400102402,0,1200.05760276493,0,100.0004000016,0,300.003600043201,0,0,0,
0.13873,0,500.010000200004,200.0016000128,900.032401166442,100.0004000016,0,0,1500.09000540032,0,0,0,
0.26506,100.0004000016,200.0016000128,0,700.019600548815,100.0004000016,200.0016000128,100.0004000016,800.025600819226,0,0,0,
0.39121,0,400.006400102402,200.0016000128,600.014400345608,0,0,0,900.032401166442,0,0,0,
0.5174,0,200.0016000128,100.0004000016,1200.05760276493,300.003600043201,100.0004000016,0,1000.04000160006,0,0,0,
0.64368,0,200.0016000128,200.0016000128,1100.04840212969,100.0004000016,100.0004000016,0,900.032401166442,0,0,0,
0.76988,0,500.010000200004,100.0004000016,1000.04000160006,400.006400102402,0,100.0004000016,600.014400345608,0,0,0,
0.89619,100.0004000016,600.014400345608,0,1000.04000160006,0,0,200.0016000128,400.006400102402,0,0,0,
1.02247,0,600.014400345608,300.003600043201,800.025600819226,400.006400102402,100.0004000016,0,1200.05760276493,0,0,0,
1.14883,100.0004000016,600.014400345608,200.0016000128,2300.21161946899,200.0016000128,100.0004000016,200.0016000128,1100.04840212969,0,0,0,
1.27511,0,400.006400102402,100.0004000016,600.014400345608,100.0004000016,0,400.006400102402,500.010000200004,0,0,0,
1.40137,0,300.003600043201,0,600.014400345608,100.0004000016,100.0004000016,0,900.032401166442,0,0,0,
1.52767,0,400.006400102402,100.0004000016,1200.05760276493,500.010000200004,0,0,600.014400345608,0,0,0,
1.65391,0,300.003600043201,0,900.032401166442,200.0016000128,0,100.0004000016,1300.06760351538,0,0,0,
1.78018,0,200.0016000128,100.0004000016,1000.04000160006,200.0016000128,0,100.0004000016,1200.05760276493,0,0,0,
1.90634,0,500.010000200004,0,1300.06760351538,200.0016000128,300.003600043201,200.0016000128,900.032401166442,0,0,0,
2.03258,0,200.0016000128,0,900.032401166442,0,0,0,700.019600548815,0,0,0,
2.15887,0,300.003600043201,100.0004000016,1500.09000540032,200.0016000128,100.0004000016,0,800.025600819226,0,0,0,
2.2852,100.0004000016,600.014400345608,0,1900.14441097523,100.0004000016,100.0004000016,200.0016000128,800.025600819226,0,0,0,
2.41148,0,500.010000200004,100.0004000016,900.032401166442,400.006400102402,0,100.0004000016,800.025600819226,0,0,0,
2.53772,100.0004000016,600.014400345608,300.003600043201,2200.1936170383,0,100.0004000016,200.0016000128,900.032401166442,0,0,0,
2.664,0,200.0016000128,400.006400102402,1500.09000540032,0,0,0,1200.05760276493,0,0,0,
2.79022,0,200.0016000128,0,600.014400345608,100.0004000016,100.0004000016,400.006400102402,700.019600548815,0,0,0,
2.91642,0,500.010000200004,200.0016000128,1200.05760276493,200.0016000128,0,100.0004000016,1200.05760276493,0,0,0,
3.04263,0,400.006400102402,200.0016000128,1300.06760351538,0,0,100.0004000016,700.019600548815,0,0,0,
3.16894,0,0,0,1000.04000160006,200.0016000128,0,100.0004000016,1000.04000160006,0,0,0,
3.29513,0,200.0016000128,300.003600043201,1400.07840439065,100.0004000016,0,0,500.010000200004,0,0,0,
3.42145,0,200.0016000128,400.006400102402,500.010000200004,100.0004000016,0,0,700.019600548815,0,0,0,
3.54769,100.0004000016,300.003600043201,0,900.032401166442,300.003600043201,0,0,400.006400102402,0,0,0,
3.67393,0,300.003600043201,200.0016000128,1500.09000540032,300.003600043201,100.0004000016,0,200.0016000128,0,0,0,
3.80018,0,500.010000200004,0,1100.04840212969,400.006400102402,100.0004000016,100.0004000016,800.025600819226,0,0,0,
3.92644,0,800.025600819226,200.0016000128,900.032401166442,0,100.0004000016,0,800.025600819226,0,0,0,
4.05268,0,400.006400102402,100.0004000016,1000.04000160006,200.0016000128,100.0004000016,0,500.010000200004,0,0,0,
4.17898,0,300.003600043201,300.003600043201,700.019600548815,100.0004000016,300.003600043201,0,1400.07840439065,0,0,0,
4.3053,0,300.003600043201,200.0016000128,700.019600548815,100.0004000016,100.0004000016,0,1200.05760276493,0,0,0,
4.43153,0,400.006400102402,0,500.010000200004,0,0,400.006400102402,1300.06760351538,0,0,0,
4.55774,0,300.003600043201,100.0004000016,1200.05760276493,300.003600043201,0,100.0004000016,900.032401166442,0,0,0,
4.68398,0,500.010000200004,300.003600043201,1500.09000540032,200.0016000128,100.0004000016,0,900.032401166442,0,0,0,
4.81034,0,200.0016000128,100.0004000016,900.032401166442,300.003600043201,0,0,1600.10240655402,0,0,0,
4.9366,0,400.006400102402,100.0004000016,1500.09000540032,100.0004000016,0,100.0004000016,800.025600819226,0,0,0,
5.06289,0,500.010000200004,400.006400102402,900.032401166442,300.003600043201,100.0004000016,0,1300.06760351538,0,0,0,
5.18912,0,500.010000200004,100.0004000016,1500.09000540032,200.0016000128,0,300.003600043201,700.019600548815,0,0,0,
5.31539,100.0004000016,300.003600043201,0,1900.14441097523,500.010000200004,100.0004000016,0,800.025600819226,0,0,0,
5.44166,100.0004000016,200.0016000128,100.0004000016,700.019600548815,200.0016000128,100.0004000016,0,800.025600819226,0,0,0,
5.5679,0,400.006400102402,100.0004000016,1300.06760351538,0,0,0,1400.07840439065,0,0,0,
5.69418,0,300.003600043201,400.006400102402,1400.07840439065,0,0,100.0004000016,900.032401166442,0,0,0,
5.82047,0,600.014400345608,0,2100.17641481884,300.003600043201,0,100.0004000016,1000.04000160006,0,0,100.0004000016,
5.94675,0,100.0004000016,0,1200.05760276493,500.010000200004,0,100.0004000016,500.010000200004,0,0,0,
6.07299,100.0004000016,100.0004000016,100.0004000016,1100.04840212969,200.0016000128,0,100.0004000016,500.010000200004,0,0,0,
6.19931,0,400.006400102402,300.003600043201,1000.04000160006,0,0,0,700.019600548815,0,0,0,
6.32566,100.0004000016,400.006400102402,0,1300.06760351538,300.003600043201,100.0004000016,0,900.032401166442,0,0,0,
6.45185,0,500.010000200004,100.0004000016,1300.06760351538,0,0,0,1100.04840212969,0,0,0,
6.57813,0,400.006400102402,0,1400.07840439065,200.0016000128,0,0,900.032401166442,0,0,0,
6.70442,0,200.0016000128,100.0004000016,900.032401166442,200.0016000128,0,100.0004000016,700.019600548815,0,0,0,
6.83071,0,500.010000200004,100.0004000016,300.003600043201,0,200.0016000128,200.0016000128,1100.04840212969,0,0,0,
6.95693,0,200.0016000128,100.0004000016,1100.04840212969,300.003600043201,0,0,1200.05760276493,0,0,0,
7.08329,0,300.003600043201,0,700.019600548815,100.0004000016,0,100.0004000016,900.032401166442,0,0,0,
7.20949,0,500.010000200004,400.006400102402,1000.04000160006,0,0,100.0004000016,1000.04000160006,0,0,0,
7.33567,0,300.003600043201,100.0004000016,800.025600819226,200.0016000128,0,0,900.032401166442,0,0,0,
7.46197,100.0004000016,600.014400345608,100.0004000016,1000.04000160006,100.0004000016,0,100.0004000016,1000.04000160006,0,0,0,
7.58819,0,100.0004000016,100.0004000016,1400.07840439065,0,0,0,1100.04840212969,0,0,0,
7.71439,0,300.003600043201,100.0004000016,800.025600819226,0,0,0,900.032401166442,0,0,0,
7.84067,0,400.006400102402,200.0016000128,1300.06760351538,200.0016000128,0,100.0004000016,600.014400345608,0,0,0,
7.96688,0,300.003600043201,0,1000.04000160006,100.0004000016,300.003600043201,0,600.014400345608,0,0,0,
8.09312,0,300.003600043201,800.025600819226,600.014400345608,100.0004000016,100.0004000016,100.0004000016,1100.04840212969,0,0,0,
8.21939,0,500.010000200004,0,500.010000200004,0,100.0004000016,0,1200.05760276493,0,0,0,
8.34567,0,500.010000200004,0,1200.05760276493,100.0004000016,0,100.0004000016,600.014400345608,0,0,0,
8.47197,100.0004000016,400.006400102402,200.0016000128,1900.14441097523,100.0004000016,0,100.0004000016,900.032401166442,0,0,0,
8.59817,0,300.003600043201,200.0016000128,1400.07840439065,500.010000200004,200.0016000128,0,1100.04840212969,0,0,0,
8.72436,0,700.019600548815,0,1300.06760351538,300.003600043201,0,0,800.025600819226,0,0,0,
8.85064,0,300.003600043201,0,1500.09000540032,100.0004000016,0,0,500.010000200004,0,0,0,
8.97689,0,300.003600043201,0,1000.04000160006,100.0004000016,0,0,400.006400102402,0,0,0,
9.10308,100.0004000016,400.006400102402,300.003600043201,1500.09000540032,0,100.0004000016,0,800.025600819226,0,0,0,
9.22937,0,1000.04000160006,100.0004000016,1200.05760276493,300.003600043201,100.0004000016,0,1500.09000540032,0,0,0,
9.35556,0,100.0004000016,200.0016000128,1200.05760276493,0,0,200.0016000128,400.006400102402,0,0,0,
9.48177,0,500.010000200004,200.0016000128,500.010000200004,100.0004000016,0,100.0004000016,600.014400345608,0,0,0,
9.60803,100.0004000016,700.019600548815,100.0004000016,900.032401166442,0,100.0004000016,0,1000.04000160006,0,0,0,
9.73423,0,400.006400102402,100.0004000016,1300.06760351538,100.0004000016,0,200.0016000128,900.032401166442,0,0,0,
9.86054,0,100.0004000016,0,1400.07840439065,100.0004000016,0,200.0016000128,400.006400102402,0,0,0,
9.98689,0,500.010000200004,400.006400102402,1200.05760276493,0,0,0,1300.06760351538,0,0,0,
10.11319,0,500.010000200004,500.010000200004,800.025600819226,100.0004000016,0,0,1000.04000160006,0,0,0,
10.23937,0,700.019600548815,200.0016000128,1300.06760351538,0,0,0,700.019600548815,0,0,0,
10.36571,0,400.006400102402,200.0016000128,1400.07840439065,100.0004000016,100.0004000016,100.0004000016,600.014400345608,0,0,0,
10.492,100.0004000016,200.0016000128,0,1500.09000540032,200.0016000128,100.0004000016,0,1300.06760351538,0,0,0,
10.61833,0,0,0,1500.09000540032,100.0004000016,0,0,1200.05760276493,0,0,0,
10.74457,0,400.006400102402,200.0016000128,1300.06760351538,0,200.0016000128,100.0004000016,500.010000200004,0,0,0,
10.87085,0,200.0016000128,300.003600043201,1300.06760351538,200.0016000128,0,0,1200.05760276493,0,0,0,
10.99713,0,400.006400102402,600.014400345608,1600.10240655402,0,0,0,1100.04840212969,0,0,0,
11.12337,100.0004000016,200.0016000128,500.010000200004,800.025600819226,300.003600043201,0,200.0016000128,600.014400345608,0,0,0,
11.24968,0,600.014400345608,200.0016000128,900.032401166442,300.003600043201,0,0,700.019600548815,0,0,0,
11.37604,100.0004000016,300.003600043201,0,1400.07840439065,500.010000200004,100.0004000016,0,700.019600548815,0,0,0,
11.5023,0,300.003600043201,0,1100.04840212969,100.0004000016,100.0004000016,200.0016000128,900.032401166442,0,0,0,
11.6286,0,300.003600043201,100.0004000016,1400.07840439065,100.0004000016,100.0004000016,0,1000.04000160006,0,0,0,
11.75488,0,400.006400102402,0,1000.04000160006,300.003600043201,0,100.0004000016,500.010000200004,0,0,0,
11.88118,0,300.003600043201,100.0004000016,1300.06760351538,100.0004000016,0,100.0004000016,400.006400102402,0,0,0,
12.00743,0,400.006400102402,100.0004000016,1800.12960933187,200.0016000128,0,0,1200.05760276493,0,0,0,
12.13374,0,500.010000200004,100.0004000016,900.032401166442,200.0016000128,0,0,800.025600819226,0,0,0,
12.25995,0,900.032401166442,200.0016000128,1500.09000540032,300.003600043201,0,0,700.019600548815,0,0,0,
12.38627,100.0004000016,300.003600043201,0,1300.06760351538,200.0016000128,100.0004000016,0,1000.04000160006,0,0,0,
12.51258,0,300.003600043201,0,700.019600548815,500.010000200004,0,100.0004000016,1100.04840212969,0,0,0,
12.63882,0,800.025600819226,200.0016000128,1500.09000540032,100.0004000016,0,0,600.014400345608,0,0,100.0004000016,
12.76509,0,300.003600043201,300.003600043201,1000.04000160006,300.003600043201,0,0,1300.06760351538,0,0,0,
12.89124,0,500.010000200004,300.003600043201,900.032401166442,500.010000200004,0,100.0004000016,1000.04000160006,0,0,0,
13.01749,0,200.0016000128,300.003600043201,1200.05760276493,100.0004000016,0,100.0004000016,700.019600548815,0,0,0,
13.14365,100.0004000016,500.010000200004,100.0004000016,1800.12960933187,0,100.0004000016,0,1000.04000160006,0,0,0,
13.26991,0,300.003600043201,500.010000200004,1100.04840212969,100.0004000016,100.0004000016,0,700.019600548815,0,0,0,
13.39624,0,400.006400102402,100.0004000016,2100.17641481884,100.0004000016,0,0,1000.04000160006,0,0,0,
13.52255,0,600.014400345608,100.0004000016,700.019600548815,100.0004000016,200.0016000128,100.0004000016,900.032401166442,0,0,0,
13.64879,0,300.003600043201,200.0016000128,800.025600819226,100.0004000016,100.0004000016,200.0016000128,1400.07840439065,0,0,0,
13.77506,0,300.003600043201,100.0004000016,1500.09000540032,200.0016000128,0,0,2000.16001280102,0,0,0,
13.90129,100.0004000016,500.010000200004,300.003600043201,800.025600819226,200.0016000128,0,0,800.025600819226,0,0,0,
14.02754,0,600.014400345608,300.003600043201,800.025600819226,300.003600043201,100.0004000016,300.003600043201,800.025600819226,0,0,0,
14.15385,0,300.003600043201,0,1200.05760276493,100.0004000016,0,0,1300.06760351538,0,0,0,
14.28008,0,1000.04000160006,0,1200.05760276493,100.0004000016,200.0016000128,0,1300.06760351538,0,0,0,
14.40642,0,100.0004000016,100.0004000016,1100.04840212969,0,0,0,1000.04000160006,0,0,0,
14.53263,0,300.003600043201,600.014400345608,1300.06760351538,0,200.0016000128,100.0004000016,600.014400345608,0,0,0,
14.65884,100.0004000016,200.0016000128,300.003600043201,1400.07840439065,0,100.0004000016,0,1100.04840212969,0,0,0,
14.7851,100.0004000016,400.006400102402,400.006400102402,800.025600819226,0,0,100.0004000016,900.032401166442,0,0,0,
14.91135,0,300.003600043201,300.003600043201,800.025600819226,200.0016000128,0,0,1200.05760276493,0,0,0,
15.0376,100.0004000016,100.0004000016,200.0016000128,1100.04840212969,400.006400102402,0,100.0004000016,1000.04000160006,0,0,0,
15.16382,100.0004000016,500.010000200004,200.0016000128,1800.12960933187,300.003600043201,300.003600043201,0,1200.05760276493,0,0,0,
15.29002,0,300.003600043201,200.0016000128,700.019600548815,300.003600043201,0,0,400.006400102402,0,0,0,
15.41633,0,300.003600043201,100.0004000016,1500.09000540032,100.0004000016,0,0,700.019600548815,0,0,0,
15.54248,0,400.006400102402,200.0016000128,700.019600548815,200.0016000128,0,0,800.025600819226,0,0,0,
15.66872,100.0004000016,500.010000200004,0,900.032401166442,300.003600043201,0,100.0004000016,500.010000200004,0,0,0,
15.79492,0,100.0004000016,400.006400102402,900.032401166442,300.003600043201,100.0004000016,100.0004000016,900.032401166442,0,0,0,
15.92115,0,500.010000200004,200.0016000128,1000.04000160006,100.0004000016,0,100.0004000016,1000.04000160006,0,0,0,
16.04747,0,300.003600043201,0,1500.09000540032,100.0004000016,0,0,1000.04000160006,0,0,0,
16.17378,0,100.0004000016,200.0016000128,1800.12960933187,100.0004000016,0,0,600.014400345608,100.0004000016,0,0,
16.29992,0,500.010000200004,100.0004000016,1500.09000540032,200.0016000128,0,100.0004000016,1300.06760351538,0,0,0,
16.42629,0,300.003600043201,200.0016000128,900.032401166442,200.0016000128,0,0,1300.06760351538,0,0,0,
16.55252,0,200.0016000128,200.0016000128,900.032401166442,200.0016000128,0,0,500.010000200004,0,0,0,
16.6788,0,200.0016000128,100.0004000016,1000.04000160006,100.0004000016,100.0004000016,0,800.025600819226,0,0,0,
16.80503,0,100.0004000016,100.0004000016,700.019600548815,0,100.0004000016,0,800.025600819226,0,0,0,
16.93131,0,300.003600043201,100.0004000016,600.014400345608,300.003600043201,100.0004000016,200.0016000128,400.006400102402,0,0,0,
17.0576,100.0004000016,500.010000200004,400.006400102402,600.014400345608,0,100.0004000016,0,1300.06760351538,0,0,0,
17.18383,0,600.014400345608,100.0004000016,1200.05760276493,100.0004000016,0,0,800.025600819226,0,0,0,
17.31015,0,100.0004000016,0,1400.07840439065,300.003600043201,0,100.0004000016,1000.04000160006,0,0,0,
17.43644,0,800.025600819226,300.003600043201,900.032401166442,300.003600043201,100.0004000016,100.0004000016,300.003600043201,0,0,0,
17.56277,0,300.003600043201,0,700.019600548815,100.0004000016,0,100.0004000016,1100.04840212969,100.0004000016,0,100.0004000016,
17.68907,0,700.019600548815,300.003600043201,1800.12960933187,0,0,0,200.0016000128,0,0,0,
17.81526,0,600.014400345608,200.0016000128,1100.04840212969,100.0004000016,0,0,1200.05760276493,100.0004000016,0,0,
17.94158,100.0004000016,200.0016000128,200.0016000128,700.019600548815,100.0004000016,100.0004000016,0,1300.06760351538,0,0,0,
18.06774,0,500.010000200004,0,1000.04000160006,100.0004000016,100.0004000016,0,900.032401166442,0,0,0,
18.19389,0,400.006400102402,200.0016000128,1100.04840212969,300.003600043201,100.0004000016,0,1200.05760276493,0,0,0,
18.32002,100.0004000016,500.010000200004,0,1300.06760351538,100.0004000016,100.0004000016,100.0004000016,700.019600548815,0,0,0,
18.44624,0,600.014400345608,0,1300.06760351538,300.003600043201,100.0004000016,100.0004000016,700.019600548815,0,0,0,
18.57248,100.0004000016,400.006400102402,0,1100.04840212969,400.006400102402,200.0016000128,0,1100.04840212969,0,0,0,
18.69875,0,500.010000200004,200.0016000128,800.025600819226,200.0016000128,100.0004000016,300.003600043201,900.032401166442,0,0,0,
18.82494,0,600.014400345608,300.003600043201,1300.06760351538,200.0016000128,0,0,900.032401166442,0,0,0,
18.95115,0,300.003600043201,200.0016000128,1100.04840212969,400.006400102402,200.0016000128,0,800.025600819226,0,0,0,
19.07741,0,700.019600548815,300.003600043201,600.014400345608,0,0,0,1600.10240655402,0,0,0,
19.20374,0,400.006400102402,500.010000200004,1300.06760351538,200.0016000128,100.0004000016,0,1800.12960933187,0,0,0,
19.33007,100.0004000016,200.0016000128,100.0004000016,1600.10240655402,300.003600043201,100.0004000016,100.0004000016,900.032401166442,0,0,0,
19.45638,0,600.014400345608,0,1600.10240655402,100.0004000016,0,0,1000.04000160006,0,0,0,
19.58271,0,300.003600043201,0,1000.04000160006,200.0016000128,0,0,400.006400102402,0,0,0,
19.70901,0,200.0016000128,200.0016000128,1500.09000540032,100.0004000016,0,0,1100.04840212969,0,0,0,
19.83521,0,500.010000200004,0,900.032401166442,0,100.0004000016,0,900.032401166442,0,0,0,
19.96153,100.0004000016,300.003600043201,0,1200.05760276493,0,0,100.0004000016,600.014400345608,0,0,0,
20.0878,0,300.003600043201,100.0004000016,1200.05760276493,300.003600043201,0,0,200.0016000128,0,0,0,
20.21399,0,400.006400102402,100.0004000016,2300.21161946899,300.003600043201,0,200.0016000128,600.014400345608,0,0,0,
20.34032,0,900.032401166442,500.010000200004,1300.06760351538,0,100.0004000016,0,600.014400345608,0,0,0,
20.46651,0,200.0016000128,200.0016000128,1400.07840439065,400.006400102402,300.003600043201,0,500.010000200004,0,0,0,
20.59283,0,400.006400102402,100.0004000016,1100.04840212969,0,0,0,900.032401166442,0,0,0,
20.71912,100.0004000016,200.0016000128,100.0004000016,1000.04000160006,100.0004000016,100.0004000016,800.025600819226,37756.9374616922,631561.679790026,5501.21026625858,300.003600043201,
20.84536,31138.7365883159,6901.90492575951,468934.013048244,6801.85010322808,300.003600043201,2300.21161946899,16711.163056922,320455.687176911,3042777.6917078,23822.6791905894,1100.04840212969,
20.97167,55221.7086458555,8703.02865397158,875738.493576607,9603.68781612139,600.014400345608,2100.17641481884,29334.3798932349,417249.568923447,3557431.607826,21718.8519635043,600.014400345608,
21.09785,65672.0607992942,9203.38684635946,1020602.73753677,8302.75651516303,600.014400345608,1700.11560786133,20416.6599945556,437525.437525438,4171216.29430404,21017.6548300572,200.0016000128,
21.22412,59842.904856798,9803.84310649775,988089.5517407,8803.09869073914,500.010000200004,2700.2916314962,25025.025025025,454619.504347649,4006824.4334573,27029.191526849,100.0004000016,
21.35034,59742.4259434492,11505.2924345199,1000174.72117413,8202.69048247825,300.003600043201,1500.09000540032,19615.3784567101,440321.077204251,3772214.94360566,20216.3347985172,200.0016000128,
21.47657,52811.3262757894,10204.1632986258,941898.448882008,8402.82334864514,500.010000200004,1100.04840212969,20416.6599945556,439596.222728753,3636736.22411387,24023.0621396541,300.003600043201,
21.6028,59943.3845759056,11905.6670975384,962804.647549734,8102.62525058119,400.006400102402,1400.07840439065,18814.1482394761,465405.755589147,3638388.40361987,20316.4969955604,100.0004000016,
21.72899,57733.0168708705,9403.53572943427,946206.249507022,8803.09869073914,500.010000200004,1500.09000540032,21618.6785382571,432970.896542744,3577257.76189797,19214.7569333248,100.0004000016,
21.85524,55121.2667869313,10004.0016006403,905768.9323847,8102.62525058119,100.0004000016,1500.09000540032,19014.4509827469,460633.78646472,3595431.73646394,24223.4482979524,500.010000200004,
21.98153,60546.2798120259,10104.0820491479,1013268.84817408,6901.90492575951,100.0004000016,1100.04840212969,20316.4969955604,430280.343410506,3635910.13436088,23822.6791905894,200.0016000128,
22.10782,61953.1481823067,9103.31360615264,911461.57226603,7402.19104855037,100.0004000016,2300.21161946899,21718.8519635043,452960.892034649,3587996.92868695,26027.0681508769,100.0004000016,
22.23415,59541.4705339888,10104.0820491479,925111.685381141,8602.95941803981,500.010000200004,800.025600819226,20817.3200102485,416009.239227679,3624344.87781889,21117.8234429859,400.006400102402,
22.36038,55121.2667869313,9203.38684635946,925219.223653755,8302.75651516303,400.006400102402,1500.09000540032,17211.841747122,438250.173997631,3786258.46940664,24624.2302425587,500.010000200004,
22.48665,55121.2667869313,7802.43435952017,951593.012585485,7602.31110257518,800.025600819226,1200.05760276493,18213.259252736,426452.460670363,3341822.18229333,19114.6035571176,300.003600043201,
22.61293,55623.4841347792,8302.75651516303,906306.21668449,7702.37233067785,200.0016000128,1100.04840212969,22319.9093591484,417146.203491706,3733388.72521472,20516.8237955123,200.0016000128,
22.73913,54116.8924877736,8803.09869073914,910602.203852181,5801.34591225164,600.014400345608,1300.06760351538,18513.7001381022,407330.319685193,3344300.45155233,18012.9693379233,200.0016000128,
22.86532,52309.2216548153,7702.37233067785,925111.685381141,7702.37233067785,200.0016000128,1400.07840439065,17111.7044058136,434005.876272718,3584692.56967496,21919.201220269,200.0016000128,
22.9916,57632.5548762153,9003.24116682005,879059.906918197,8803.09869073914,100.0004000016,2300.21161946899,19314.911111378,412702.285110189,3296387.2458784,16711.163056922,100.0004000016,
23.11784,53715.1653144341,8002.56081946223,862140.309352578,7202.07419736884,0,1200.05760276493,16310.634533716,418800.151292699,3307952.50242039,15309.3693340324,500.010000200004,
23.24411,52208.8031457558,8002.56081946223,904588.220665644,7202.07419736884,200.0016000128,1300.06760351538,17512.2585810067,420247.53220237,3388083.20846126,17812.6826300326,100.0004000016,
23.37035,49096.2286080718,7001.96054895371,874238.779895096,8502.8909829342,500.010000200004,900.032401166442,17211.841747122,406090.957870604,3170821.6034226,15209.2472223112,500.010000200004,
23.49661,46586.6511711784,8202.69048247825,798515.656603182,6001.44034568296,300.003600043201,1200.05760276493,18213.259252736,394013.513678231,3237734.8734155,15309.3693340324,0,
23.6229,48694.6624237518,7102.01697282028,865779.366971262,7001.96054895371,500.010000200004,2400.23042212052,17412.118834709,417146.203491706,3421126.79858121,12706.4548790786,0,
23.74919,50100.2004008016,10304.2453490838,827598.932492027,6101.48876325823,800.025600819226,1500.09000540032,16110.3750815525,450697.866446961,3413691.99080422,16611.0297237366,0,
23.87548,48895.4439065055,7102.01697282028,844280.970752544,6401.6388195378,400.006400102402,1500.09000540032,19715.5358422437,430280.343410506,3296387.2458784,11605.3848985929,200.0016000128,
24.00167,43876.872280235,6701.7960813498,867385.159156847,5701.29989637637,400.006400102402,1700.11560786133,20416.6599945556,409706.101175351,3279039.36106543,14107.9568876847,300.003600043201,
24.12791,46486.2785329572,9703.76506084361,863210.514119244,6801.85010322808,300.003600043201,700.019600548815,20917.487019148,413632.278972557,3348430.90031732,13907.7326993809,100.0004000016,
24.25418,41769.6718125834,6101.48876325823,837229.587555137,6301.58800017604,300.003600043201,1100.04840212969,15409.4922472243,385865.150284322,3212126.09107254,14608.5313823273,200.0016000128,
24.38039,37456.0342272039,7001.96054895371,804906.64816971,5801.34591225164,400.006400102402,800.025600819226,17311.9798900839,404645.188563438,3207995.64230754,11805.5722300926,100.0004000016,
24.5067,40866.6944453348,6801.85010322808,836481.939265665,6901.90492575951,400.006400102402,1300.06760351538,15609.7404780583,423763.286458694,3344300.45155233,12806.5569571621,100.0004000016,
24.63293,36653.6609596449,6901.90492575951,826659.724460533,5101.04061228491,400.006400102402,1400.07840439065,14308.184281409,391640.665626625,3430213.7858642,10304.2453490838,100.0004000016,
24.75923,36252.4936107484,4700.88376614804,829114.577952268,5601.25468104855,100.0004000016,1000.04000160006,14608.5313823273,401857.383811904,3225343.52712052,10404.3282005314,100.0004000016,
24.88554,36152.2037822616,5001.00020004001,810981.023766751,7402.19104855037,400.006400102402,1700.11560786133,17311.9798900839,403096.332605789,3071690.83306276,8302.75651516303,100.0004000016,
25.01177,37556.3345017526,7001.96054895371,838404.550866517,6201.53798141939,100.0004000016,900.032401166442,16611.0297237366,402476.84310211,3439300.77314718,10004.0016006403,200.0016000128,
25.138,34748.2305439951,5301.12383825371,833064.669460771,6201.53798141939,0,1500.09000540032,15709.8657957197,400412.09628585,3032864.61467182,13106.8679988314,100.0004000016,
25.26428,32442.0448901777,5401.16665199683,800006.604801691,4900.9605882753,400.006400102402,400.006400102402,16711.163056922,384112.388665283,3157604.16737462,9703.76506084361,200.0016000128,
25.39056,35450.1974796312,7001.96054895371,840541.121603519,5201.0818250196,200.0016000128,800.025600819226,19615.3784567101,381432.162538631,2994038.39628088,8302.75651516303,200.0016000128,
25.51684,35149.3496869605,5301.12383825371,808636.189076133,7202.07419736884,500.010000200004,600.014400345608,16310.634533716,393291.295586037,3182386.85996458,10204.1632986258,100.0004000016,
25.64317,34246.8496903764,6601.74286011507,807890.194653431,5101.04061228491,0,600.014400345608,11805.5722300926,416112.595412087,3246821.86069848,8502.8909829342,300.003600043201,
25.76941,38057.8479288519,5401.16665199683,788722.282281291,6801.85010322808,500.010000200004,600.014400345608,16310.634533716,388133.789371918,3215430.45008453,9203.38684635946,300.003600043201,
25.89567,31940.756405173,5201.0818250196,812473.413152384,5501.21026625858,500.010000200004,800.025600819226,17111.7044058136,417042.838900682,3250126.21971048,8302.75651516303,0,
26.02199,29334.3798932349,4800.92177698118,776916.255954468,6001.44034568296,100.0004000016,400.006400102402,14107.9568876847,384318.583351949,3006429.74257586,8302.75651516303,100.0004000016,
26.14822,27329.8441898553,5101.04061228491,768414.108722093,5601.25468104855,300.003600043201,600.014400345608,11305.1099096792,385349.607034788,3065082.11503877,6401.6388195378,200.0016000128,
26.27452,29434.6151073663,4600.84655576626,736580.946694394,6701.7960813498,300.003600043201,500.010000200004,12306.0545788528,361451.405430191,2868472.75382507,6601.74286011507,200.0016000128,
26.40082,24724.4277346018,3600.51847466035,760554.614436627,5301.12383825371,700.019600548815,400.006400102402,14708.648685427,398657.325379151,2983299.22949189,7102.01697282028,300.003600043201,
26.52706,25826.6531060054,5101.04061228491,828260.662939132,6001.44034568296,300.003600043201,1000.04000160006,13206.9732818928,395251.697418623,2996516.66553987,7102.01697282028,0,
26.65331,28532.5270808722,2900.33643902693,788083.842218188,5401.16665199683,300.003600043201,300.003600043201,13707.5117164206,362068.895552913,3006429.74257586,6401.6388195378,100.0004000016,
26.77948,24023.0621396541,3800.57768780855,784253.86557534,5501.21026625858,100.0004000016,1000.04000160006,13407.186251831,394838.956089276,3176604.23169359,6301.58800017604,0,
26.90563,22720.6303323418,3700.5476810568,806078.673443687,5701.29989637637,400.006400102402,900.032401166442,11805.5722300926,381947.546682478,3029560.25565982,7202.07419736884,200.0016000128,
27.03195,23622.2994506814,2700.2916314962,815671.971615152,6001.44034568296,300.003600043201,500.010000200004,11104.9305891816,386380.714474299,3149343.26984463,5901.39272868397,100.0004000016,
27.15818,24123.2548176442,4100.67251029169,793618.039850108,6301.58800017604,200.0016000128,300.003600043201,12105.8592358702,389990.250243744,2986603.58850389,6801.85010322808,0,
27.28447,22319.9093591484,3500.49006860961,804800.105696461,5501.21026625858,600.014400345608,300.003600043201,13106.8679988314,406607.343932292,3122908.39774868,6801.85010322808,100.0004000016,
27.41078,19815.6940296715,4300.73972723308,815778.603882693,6101.48876325823,100.0004000016,600.014400345608,11205.0198488923,391537.508379207,2960168.71640793,5001.00020004001,200.0016000128,
27.53709,21418.3340939844,2600.27042812453,798835.130996165,6801.85010322808,700.019600548815,600.014400345608,12005.7627661277,378546.398073667,3063429.93553277,6001.44034568296,200.0016000128,
27.66348,22219.7311212357,3200.40965243551,796811.926794839,7102.01697282028,400.006400102402,300.003600043201,12306.0545788528,398038.052356532,3089864.80762873,6801.85010322808,100.0004000016,
27.78977,21618.6785382571,3200.40965243551,812899.84181855,5101.04061228491,300.003600043201,100.0004000016,12606.3536022155,386690.063040229,3169995.5136696,6301.58800017604,100.0004000016,
27.91608,19815.6940296715,4000.64010241639,801817.273594214,6001.44034568296,100.0004000016,500.010000200004,13006.7635170289,393394.467084066,3101430.06417071,5001.00020004001,100.0004000016,
28.0424,21518.505915087,2600.27042812453,794469.665703673,6001.44034568296,300.003600043201,700.019600548815,9703.76506084361,407123.750985796,3184865.12922358,5201.0818250196,100.0004000016,
28.16872,20316.4969955604,2600.27042812453,807570.495959567,6001.44034568296,400.006400102402,600.014400345608,13006.7635170289,394426.22817603,3034516.79417781,5301.12383825371,0,
28.29495,18213.259252736,2400.23042212052,810341.481141932,4900.9605882753,400.006400102402,300.003600043201,12005.7627661277,410119.325920355,3183212.94971758,6201.53798141939,0,
28.42122,20616.9883984403,4400.77453631839,854009.646648079,6701.7960813498,400.006400102402,700.019600548815,12506.2531265633,415079.071394007,3151821.53910363,5101.04061228491,100.0004000016,
28.54754,18012.9693379233,2900.33643902693,811194.211684831,4600.84655576626,300.003600043201,200.0016000128,10704.5815609081,389061.985871495,3043603.7814608,6301.58800017604,0,
28.67374,19615.3784567101,3200.40965243551,823991.934650839,5201.0818250196,400.006400102402,200.0016000128,10504.4118529783,368657.32829478,3000647.11430487,4500.81014582625,100.0004000016,
28.8,16210.5044068556,3300.43565750679,810554.658495389,4900.9605882753,300.003600043201,300.003600043201,10904.7544729502,377618.970277733,3071690.83306276,5401.16665199683,100.0004000016,
28.9262,18713.9980705568,3500.49006860961,838190.91322502,5001.00020004001,400.006400102402,300.003600043201,10604.4963064339,390712.280573464,3117951.85923068,5401.16665199683,0,
29.05251,20616.9883984403,3300.43565750679,831890.191734622,5901.39272868397,300.003600043201,200.0016000128,12806.5569571621,377618.970277733,2973386.15245591,4700.88376614804,0,
29.17866,16911.4321281186,3800.57768780855,818124.736655128,6501.69043951427,400.006400102402,600.014400345608,12105.8592358702,367936.551746532,3059299.48676778,4900.9605882753,100.0004000016,
29.30486,20216.3347985172,2500.2500250025,828260.662939132,5601.25468104855,100.0004000016,800.025600819226,11205.0198488923,384009.292578122,2986603.58850389,6301.58800017604,200.0016000128,
29.43117,16611.0297237366,3000.36004320518,813646.125887989,5501.21026625858,100.0004000016,600.014400345608,11705.4781637807,369481.123076486,2970907.88319691,5901.39272868397,100.0004000016,
29.5574,18413.5523745477,3600.51847466035,826766.447517945,5401.16665199683,400.006400102402,200.0016000128,12506.2531265633,376279.472010979,3152647.62885663,6201.53798141939,0,
29.68366,20717.1538033492,2700.2916314962,820151.285430412,5501.21026625858,200.0016000128,500.010000200004,11104.9305891816,399792.73769126,3028734.16590682,5901.39272868397,0,
29.8099,16711.163056922,3100.38444767151,882167.807552624,6801.85010322808,100.0004000016,1100.04840212969,9803.84310649775,383596.916603715,3104734.4231827,6701.7960813498,100.0004000016,
29.93609,21618.6785382571,4200.70571856072,871561.152091664,6401.6388195378,100.0004000016,600.014400345608,12806.5569571621,381226.014741416,3168343.33416361,5901.39272868397,0,
30.06233,17912.8255831175,3700.5476810568,867706.341519945,5501.21026625858,200.0016000128,300.003600043201,14208.0701838644,398347.685092999,3038647.24294281,5501.21026625858,100.0004000016,
30.18869,18513.7001381022,3500.49006860961,812473.413152384,7302.132222609,500.010000200004,100.0004000016,10904.7544729502,394116.691045019,2994864.48603388,6001.44034568296,0,
30.31498,18713.9980705568,3700.5476810568,857111.533099171,5001.00020004001,700.019600548815,300.003600043201,13307.0793662228,375352.209888673,3128691.02601967,5401.16665199683,100.0004000016,
30.44129,19415.0660912868,3400.46246289495,871239.873996713,6501.69043951427,500.010000200004,500.010000200004,12806.5569571621,407020.467895689,2960994.80616093,6201.53798141939,100.0004000016,
30.56761,21217.9928579435,2800.31363512713,854865.26512613,5301.12383825371,300.003600043201,400.006400102402,12606.3536022155,374631.052864491,2984951.40899789,5701.29989637637,100.0004000016,
30.69393,25225.4272306485,2800.31363512713,853261.026932893,4700.88376614804,500.010000200004,200.0016000128,12506.2531265633,367936.551746532,2985777.49875089,4800.92177698118,0,
30.82016,19014.4509827469,3600.51847466035,844387.839491879,5601.25468104855,300.003600043201,200.0016000128,12306.0545788528,361245.58207102,2846994.42024711,3800.57768780855,200.0016000128,
30.94644,21318.1630749398,2400.23042212052,798835.130996165,5301.12383825371,400.006400102402,300.003600043201,10904.7544729502,360525.226621653,2885820.63863805,5201.0818250196,100.0004000016,
31.0727,17712.5404786589,2800.31363512713,833385.000103334,4600.84655576626,200.0016000128,300.003600043201,11104.9305891816,366289.216283128,3002299.29381086,4700.88376614804,100.0004000016,
31.19895,19014.4509827469,2900.33643902693,850053.147709272,5901.39272868397,200.0016000128,200.0016000128,12105.8592358702,365465.628779454,3161734.61613962,6001.44034568296,0,
31.32522,19915.8530190031,4000.64010241639,855827.903609474,5701.29989637637,300.003600043201,0,11905.6670975384,364024.479327306,2900690.25419202,5901.39272868397,200.0016000128,
31.45151,20616.9883984403,5701.29989637637,848128.802259747,5701.29989637637,400.006400102402,700.019600548815,12506.2531265633,366598.075385471,3074995.19207475,5501.21026625858,0,
31.5778,23221.549598027,2700.2916314962,833705.33869021,7802.43435952017,300.003600043201,200.0016000128,12005.7627661277,384524.781388473,2990734.03726888,6901.90492575951,100.0004000016,
31.70402,21618.6785382571,3800.57768780855,833705.33869021,5401.16665199683,600.014400345608,400.006400102402,16811.2971917128,363098.112579691,3028734.16590682,6601.74286011507,200.0016000128,
31.83018,24123.2548176442,3400.46246289495,817378.193609683,6201.53798141939,100.0004000016,600.014400345608,12606.3536022155,359393.322161675,2931255.57505297,6301.58800017604,0,
31.95642,21217.9928579435,3700.5476810568,841609.539481845,6201.53798141939,600.014400345608,500.010000200004,13407.186251831,376382.50531889,3005603.65282286,6601.74286011507,100.0004000016,
32.08264,23421.922919853,3800.57768780855,880774.518410548,4500.81014582625,500.010000200004,400.006400102402,14308.184281409,382875.290887751,3027908.07615382,8102.62525058119,100.0004000016,
32.20893,28231.8455217485,4500.81014582625,877559.808216229,6801.85010322808,300.003600043201,200.0016000128,15709.8657957197,366495.121515658,2985777.49875089,5801.34591225164,100.0004000016,
32.33525,24423.8376655616,4300.73972723308,850053.147709272,4400.77453631839,300.003600043201,400.006400102402,13307.0793662228,366289.216283128,3005603.65282286,6201.53798141939,0,
32.46148,22119.5536854579,2700.2916314962,860214.16394962,5501.21026625858,200.0016000128,900.032401166442,15109.1259120509,358673.071929369,2734646.21383928,6101.48876325823,0,
32.5877,22119.5536854579,3900.60849492521,831783.426327754,5601.25468104855,300.003600043201,700.019600548815,12506.2531265633,372879.842160389,3239387.05292149,6901.90492575951,300.003600043201,
32.7139,21418.3340939844,4500.81014582625,832957.894345269,4800.92177698118,200.0016000128,300.003600043201,12005.7627661277,363303.966009115,2952733.90863094,8302.75651516303,100.0004000016,
32.84014,22219.7311212357,3300.43565750679,824418.74398291,5601.25468104855,400.006400102402,300.003600043201,12706.4548790786,372158.825654703,3031212.43516582,6001.44034568296,300.003600043201,
32.9663,23622.2994506814,3700.5476810568,840754.798111351,5201.0818250196,600.014400345608,200.0016000128,11705.4781637807,359084.638480889,2993212.30652788,7402.19104855037,100.0004000016,
33.0926,23021.1794851263,3400.46246289495,850480.818943232,5601.25468104855,300.003600043201,200.0016000128,17211.841747122,374321.99811621,3078299.55108675,6401.6388195378,400.006400102402,
33.2189,25926.8602271954,3800.57768780855,858074.338860755,7802.43435952017,200.0016000128,500.010000200004,14708.648685427,386174.486285373,3064256.02528577,9503.61137232148,200.0016000128,
33.34521,24624.2302425587,3000.36004320518,863852.679495138,5101.04061228491,600.014400345608,700.019600548815,12906.6598364756,472876.620166316,2755298.45766425,9603.68781612139,100.0004000016,
33.47144,20416.6599945556,3900.60849492521,843639.776876352,4900.9605882753,500.010000200004,400.006400102402,14508.4148806308,349930.439790873,3026255.89664783,18513.7001381022,100.0004000016,
33.59773,23722.4889194957,2500.2500250025,815352.080097809,5701.29989637637,400.006400102402,700.019600548815,12906.6598364756,379370.835245246,3048560.31997879,7602.31110257518,100.0004000016,
33.72399,22920.9956319989,5001.00020004001,847059.845248483,6101.48876325823,400.006400102402,200.0016000128,15609.7404780583,460081.185328226,3036168.97368381,6601.74286011507,100.0004000016,
33.8502,21819.0261908384,3600.51847466035,862247.325843627,3500.49006860961,100.0004000016,400.006400102402,14408.2991803279,370201.987400143,3035342.88393081,8102.62525058119,0,
33.97652,23121.3641404658,3100.38444767151,820257.954705071,4700.88376614804,200.0016000128,700.019600548815,16711.163056922,380916.799324258,2943646.92134796,8502.8909829342,300.003600043201,
34.10275,23321.7358578195,4200.70571856072,852940.203183428,5901.39272868397,200.0016000128,600.014400345608,16510.8971921468,360319.418295137,3021299.35812983,5401.16665199683,100.0004000016,
34.22902,23121.3641404658,3200.40965243551,789573.584874518,5701.29989637637,600.014400345608,1100.04840212969,18513.7001381022,357644.213994174,3032864.61467182,8202.69048247825,100.0004000016,
34.35526,22520.2682414173,3400.46246289495,839472.792068729,6801.85010322808,300.003600043201,600.014400345608,14107.9568876847,353426.76916212,3054342.94824978,7402.19104855037,0,
34.4815,18313.4054127621,3500.49006860961,828687.613387939,6501.69043951427,300.003600043201,500.010000200004,14808.7667899396,376485.53946348,3122908.39774868,7502.25067520256,0,
34.60781,18914.2992102029,4300.73972723308,838725.013952912,5501.21026625858,200.0016000128,600.014400345608,16210.5044068556,358261.518736712,2886646.72839104,6901.90492575951,300.003600043201,
34.73402,19214.7569333248,3200.40965243551,802775.96584951,6301.58800017604,400.006400102402,300.003600043201,16510.8971921468,379164.720930705,2985777.49875089,7302.132222609,0,
34.86021,23321.7358578195,2900.33643902693,811194.211684831,6801.85010322808,300.003600043201,800.025600819226,16510.8971921468,387102.539522641,2922168.58776999,6301.58800017604,0,
34.98649,23722.4889194957,3500.49006860961,803202.074164596,7202.07419736884,500.010000200004,400.006400102402,16911.4321281186,364539.156760969,2904820.70295702,7202.07419736884,0,
35.11272,20516.8237955123,4600.84655576626,782126.592304138,6201.53798141939,500.010000200004,500.010000200004,17512.2585810067,364024.479327306,3033690.70442482,6001.44034568296,300.003600043201,
35.239,21017.6548300572,2500.2500250025,786062.323881194,6001.44034568296,100.0004000016,100.0004000016,18012.9693379233,371128.873156534,2953559.99838394,6501.69043951427,0,
35.36516,21017.6548300572,4000.64010241639,785849.550913644,5701.29989637637,200.0016000128,500.010000200004,15409.4922472243,360010.712068525,2930429.48529998,5001.00020004001,300.003600043201,
35.49131,19615.3784567101,3700.5476810568,777660.460780836,5701.29989637637,1000.04000160006,1200.05760276493,16410.7654621432,376794.64691743,3173299.8726816,8803.09869073914,0,
35.61754,20817.3200102485,4600.84655576626,790957.071467774,5001.00020004001,400.006400102402,1000.04000160006,15809.9919148902,369584.101186079,3060125.57652077,6301.58800017604,200.0016000128,
35.74382,20717.1538033492,4600.84655576626,786275.100360183,5101.04061228491,800.025600819226,1900.14441097523,17011.567866149,369893.040530941,2905646.79271002,7602.31110257518,100.0004000016,
35.87015,24423.8376655616,3800.57768780855,764483.762191754,7001.96054895371,300.003600043201,700.019600548815,16911.4321281186,380504.523821126,2898211.98493303,9403.53572943427,100.0004000016,
35.99645,22019.3770518056,4200.70571856072,815671.971615152,6401.6388195378,200.0016000128,1200.05760276493,18814.1482394761,393910.337149869,3036995.06343681,8903.16952835209,0,
36.12269,22820.8125810739,3900.60849492521,774365.0227433,4600.84655576626,300.003600043201,300.003600043201,18914.2992102029,384524.781388473,3091516.98713472,7102.01697282028,0,
36.24896,23522.1107841371,4000.64010241639,790850.644152286,6601.74286011507,400.006400102402,600.014400345608,18814.1482394761,393703.986608376,3057647.30726178,9403.53572943427,100.0004000016,
36.37511,26928.9755777216,3300.43565750679,805759.019628893,5301.12383825371,300.003600043201,1300.06760351538,19014.4509827469,387102.539522641,3108038.7821947,9103.31360615264,200.0016000128,
36.50144,19715.5358422437,3300.43565750679,817484.839972902,5201.0818250196,500.010000200004,1100.04840212969,16510.8971921468,364642.094754186,2936212.11357097,10204.1632986258,100.0004000016,
36.62775,24423.8376655616,3600.51847466035,788403.058298295,5201.0818250196,100.0004000016,1000.04000160006,16210.5044068556,391228.04166599,3240213.14267449,8703.02865397158,0,
36.75398,19815.6940296715,4200.70571856072,800858.652575958,4900.9605882753,100.0004000016,700.019600548815,18012.9693379233,364539.156760969,3156778.07762162,9203.38684635946,0,
36.88026,20516.8237955123,5301.12383825371,825379.116565431,5801.34591225164,300.003600043201,1100.04840212969,20116.1734034163,396180.414465664,3031212.43516582,8502.8909829342,100.0004000016,
37.0065,20016.0128102482,3300.43565750679,781275.781275781,5701.29989637637,500.010000200004,1200.05760276493,21518.505915087,371334.856966563,2935386.02381797,9603.68781612139,200.0016000128,
37.13276,20016.0128102482,4100.67251029169,777235.195618282,5301.12383825371,100.0004000016,600.014400345608,16210.5044068556,381122.942098552,3030386.34541282,9303.46088745013,0,
37.25904,22920.9956319989,2900.33643902693,795214.884458073,6501.69043951427,400.006400102402,600.014400345608,18313.4054127621,436283.128215146,3266648.01477045,10104.0820491479,200.0016000128,
37.38533,25125.2257266295,3000.36004320518,829755.051266898,7302.132222609,400.006400102402,1100.04840212969,21618.6785382571,413632.278972557,3174952.05218759,9703.76506084361,0,
37.51157,24423.8376655616,2400.23042212052,815671.971615152,6901.90492575951,300.003600043201,600.014400345608,19415.0660912868,403715.852325151,3130343.20552566,9303.46088745013,0,
37.63779,26828.7604311822,3200.40965243551,826215.392670918,6301.58800017604,400.006400102402,800.025600819226,19014.4509827469,450991.570631592,3265821.92501745,10904.7544729502,0,
37.764,22319.9093591484,3600.51847466035,849625.490625892,7001.96054895371,700.019600548815,600.014400345608,21318.1630749398,401754.143534136,3371561.41340129,13106.8679988314,100.0004000016,
37.89022,24524.0335528818,4800.92177698118,812899.84181855,6701.7960813498,300.003600043201,700.019600548815,17712.5404786589,415905.883883876,3120430.12848968,10204.1632986258,0,
38.01638,24524.0335528818,3300.43565750679,751504.242331018,7502.25067520256,300.003600043201,400.006400102402,19815.6940296715,422212.098532427,3174125.9624346,9803.84310649775,100.0004000016,
38.14254,28031.3951625821,4300.73972723308,844601.579622049,7001.96054895371,200.0016000128,1000.04000160006,19915.8530190031,393291.295586037,3198082.56527156,9403.53572943427,0,
38.26874,21318.1630749398,3400.46246289495,832637.574294666,6501.69043951427,100.0004000016,500.010000200004,19915.8530190031,401444.427735939,3145212.82107964,11004.8421305374,100.0004000016,
38.39505,21819.0261908384,4900.9605882753,816098.505970747,5501.21026625858,200.0016000128,400.006400102402,20116.1734034163,402476.84310211,3294735.06637241,10504.4118529783,200.0016000128,
38.52137,23321.7358578195,2600.27042812453,824205.337553353,5801.34591225164,200.0016000128,700.019600548815,20316.4969955604,417456.302309125,3355865.70809431,12406.1534521122,300.003600043201,
38.64768,23221.549598027,3200.40965243551,821004.664306283,7102.01697282028,700.019600548815,1200.05760276493,18914.2992102029,410739.18823869,3218734.80909653,10004.0016006403,0,
38.77387,22019.3770518056,4200.70571856072,993623.711025137,6601.74286011507,300.003600043201,600.014400345608,20917.487019148,397831.634726354,3075821.28182775,10404.3282005314,200.0016000128,
38.90018,19515.221873061,3800.57768780855,823351.747104686,6601.74286011507,400.006400102402,100.0004000016,20817.3200102485,408673.098110001,3184865.12922358,7802.43435952017,0,
39.02645,21618.6785382571,2900.33643902693,841823.233659698,5601.25468104855,300.003600043201,700.019600548815,28933.4470648069,434109.378878702,3111343.14120669,11505.2924345199,100.0004000016,
39.15266,22319.9093591484,4000.64010241639,818124.736655128,5601.25468104855,200.0016000128,500.010000200004,23121.3641404658,407020.467895689,3204691.28329555,11104.9305891816,100.0004000016,
39.27902,19415.0660912868,2900.33643902693,827406.804385287,6101.48876325823,100.0004000016,800.025600819226,23321.7358578195,421798.480386574,3278213.27131243,9903.92195309342,0,
39.40533,20416.6599945556,3400.46246289495,805652.470117054,10404.3282005314,100.0004000016,500.010000200004,21718.8519635043,404025.623516405,3400474.55475624,10304.2453490838,100.0004000016,
39.53165,20917.487019148,4100.67251029169,841395.848838171,5601.25468104855,700.019600548815,900.032401166442,22620.4488857928,429969.931603553,3330256.92575135,11505.2924345199,0,
39.65788,19915.8530190031,2700.2916314962,858288.305433964,5701.29989637637,400.006400102402,400.006400102402,25425.8326459683,437628.968778872,3298865.5151374,11205.0198488923,200.0016000128,
39.78415,19214.7569333248,4700.88376614804,840647.959415712,7402.19104855037,700.019600548815,1200.05760276493,26027.0681508769,454204.831004443,3466561.73499614,10804.6676164103,300.003600043201,
39.91039,25425.8326459683,4600.84655576626,839152.310433643,6101.48876325823,500.010000200004,800.025600819226,26628.3325458288,420557.706699639,3397996.28549725,11505.2924345199,200.0016000128,
40.03666,21718.8519635043,4000.64010241639,920987.870416902,4900.9605882753,300.003600043201,600.014400345608,23021.1794851263,444567.483064096,3425257.2473462,13707.5117164206,0,
40.16295,23221.549598027,3700.5476810568,814499.074808353,5301.12383825371,300.003600043201,900.032401166442,22920.9956319989,434937.430053922,3279865.45081843,10804.6676164103,400.006400102402,
40.28923,26227.4864057532,3500.49006860961,877988.390099289,6001.44034568296,200.0016000128,500.010000200004,21819.0261908384,447882.736156352,3270778.46353545,10804.6676164103,100.0004000016,
40.41552,24323.6425805883,3800.57768780855,855507.016150384,6201.53798141939,500.010000200004,1000.04000160006,20917.487019148,446121.400391667,3175778.14194059,11705.4781637807,100.0004000016,
40.54174,24824.6260290208,3200.40965243551,846632.287199507,5601.25468104855,500.010000200004,900.032401166442,22219.7311212357,407950.045937574,3174125.9624346,12105.8592358702,300.003600043201,
40.66809,24323.6425805883,4200.70571856072,824845.567423507,5501.21026625858,700.019600548815,900.032401166442,21017.6548300572,403819.108549503,3230300.06563851,13307.0793662228,100.0004000016,
40.79437,24624.2302425587,4400.77453631839,804800.105696461,5501.21026625858,100.0004000016,800.025600819226,21217.9928579435,415079.071394007,3109690.9617007,10604.4963064339,300.003600043201,
40.92062,23021.1794851263,3700.5476810568,830075.299835514,6001.44034568296,500.010000200004,200.0016000128,22720.6303323418,429245.666856538,3203039.10378955,10004.0016006403,0,
41.04691,24624.2302425587,4600.84655576626,913717.685594046,5401.16665199683,400.006400102402,800.025600819226,26728.5460872212,431625.548814479,3613605.71102991,11104.9305891816,300.003600043201,
41.17323,22920.9956319989,5801.34591225164,850694.6598669,6701.7960813498,0,1300.06760351538,24023.0621396541,411255.763272807,3602866.54424093,9703.76506084361,300.003600043201,
41.29948,26828.7604311822,5201.0818250196,863424.565701375,5201.0818250196,500.010000200004,800.025600819226,21217.9928579435,428935.280308239,3246821.86069848,9903.92195309342,0,
41.42569,24924.8251258253,5901.39272868397,864173.77414162,6601.74286011507,200.0016000128,700.019600548815,25526.0365572884,416629.388943563,3353387.43883532,13307.0793662228,0,
41.55193,27229.6258329062,4300.73972723308,828474.136399139,4300.73972723308,100.0004000016,500.010000200004,23021.1794851263,449851.576465606,3144386.73132664,11004.8421305374,100.0004000016,
41.6782,23922.8702639724,4700.88376614804,813859.357833783,4800.92177698118,600.014400345608,800.025600819226,26628.3325458288,430280.343410506,3187343.39848258,10204.1632986258,0,
41.80449,25726.4467872973,5001.00020004001,909227.781937473,4600.84655576626,200.0016000128,900.032401166442,21618.6785382571,427280.013344237,3354213.52858832,10704.5815609081,200.0016000128,
41.93079,28833.2158646761,3100.38444767151,863745.649717982,4900.9605882753,700.019600548815,1700.11560786133,26227.4864057532,461671.018914966,3279039.36106543,11505.2924345199,0,
42.05703,32642.5659059413,4400.77453631839,972870.613708498,5601.25468104855,200.0016000128,700.019600548815,24924.8251258253,404748.452342724,3250126.21971048,11505.2924345199,200.0016000128,
42.18335,29133.9118734207,3800.57768780855,851336.203865705,5101.04061228491,200.0016000128,700.019600548815,23021.1794851263,409706.101175351,3238560.9631685,12506.2531265633,200.0016000128,
42.30963,26628.3325458288,3700.5476810568,809808.553164076,5801.34591225164,400.006400102402,700.019600548815,24123.2548176442,383390.733640912,3147691.09033864,9503.61137232148,200.0016000128,
42.43589,31940.756405173,4600.84655576626,879381.37926751,5501.21026625858,400.006400102402,700.019600548815,22620.4488857928,410635.875752155,3200560.83453055,9403.53572943427,100.0004000016,
42.56219,25726.4467872973,6001.44034568296,836481.939265665,5101.04061228491,600.014400345608,600.014400345608,23722.4889194957,430073.401363866,3621866.6085599,10204.1632986258,100.0004000016,
42.68842,30136.2840860396,4700.88376614804,851656.98780629,5401.16665199683,200.0016000128,400.006400102402,25626.2412710616,399173.409300568,3155125.89811563,9103.31360615264,200.0016000128,
42.81472,28732.9854673165,5201.0818250196,828901.093905619,4100.67251029169,400.006400102402,1200.05760276493,27430.063349431,413218.939963812,3222039.16810852,8302.75651516303,100.0004000016,
42.94097,27029.191526849,5001.00020004001,852512.450569996,5301.12383825371,200.0016000128,300.003600043201,24123.2548176442,410842.501565308,3312909.04093838,10404.3282005314,200.0016000128,
43.06709,27530.2833116428,3700.5476810568,886884.668751424,5301.12383825371,300.003600043201,700.019600548815,27931.1711870447,413735.615825641,3150995.44935063,10104.0820491479,0,
43.19332,28432.2990917683,5601.25468104855,812366.80818727,4400.77453631839,0,1200.05760276493,25526.0365572884,399999.187200026,3298039.4253844,9803.84310649775,0,
43.3196,28131.6199408135,4100.67251029169,879274.220930329,5101.04061228491,400.006400102402,500.010000200004,21718.8519635043,401341.190814875,3506214.04314008,9703.76506084361,100.0004000016,
43.44587,27530.2833116428,5301.12383825371,843746.640312937,5101.04061228491,600.014400345608,500.010000200004,25125.2257266295,481406.910058375,3160908.52638662,12205.9565067753,100.0004000016,
43.57218,25926.8602271954,4000.64010241639,909919.551848028,4500.81014582625,600.014400345608,900.032401166442,27029.191526849,386896.299605995,3205517.37304855,11104.9305891816,0,
43.6984,28732.9854673165,4800.92177698118,849411.66739045,4900.9605882753,500.010000200004,300.003600043201,28332.0719053969,395664.452164726,3245169.68119249,11305.1099096792,100.0004000016,
43.82467,24524.0335528818,5101.04061228491,879059.906918197,5201.0818250196,400.006400102402,900.032401166442,26127.2768770597,396490.001909816,3393865.83673225,12005.7627661277,200.0016000128,
43.95082,26728.5460872212,4400.77453631839,860000.165504001,5301.12383825371,300.003600043201,400.006400102402,27029.191526849,427176.566314076,3264169.74551146,11705.4781637807,0,
44.07706,25225.4272306485,4500.81014582625,833824.861687019,4500.81014582625,300.003600043201,300.003600043201,26227.4864057532,396490.001909816,3410387.63179223,11605.3848985929,0,
44.20322,28532.5270808722,4300.73972723308,915329.435667786,4500.81014582625,400.006400102402,700.019600548815,36553.3679171591,413218.939963812,3214604.36033153,10004.0016006403,0,
44.32949,27630.5040765005,3900.60849492521,820897.988861897,5301.12383825371,300.003600043201,1000.04000160006,28031.3951625821,431108.145278766,3572301.22337997,12205.9565067753,200.0016000128,
44.45584,29635.0879441258,5101.04061228491,1183168.6665171,4100.67251029169,300.003600043201,800.025600819226,27730.7256440136,414562.34090484,3459126.92721915,11405.2007715518,100.0004000016,
44.58213,32141.2693898966,4200.70571856072,836268.333416009,4000.64010241639,400.006400102402,300.003600043201,26928.9755777216,422212.098532427,3052690.76874379,10604.4963064339,0,
44.70841,29835.5639922788,6401.6388195378,837122.778007441,4300.73972723308,300.003600043201,1000.04000160006,24824.6260290208,407950.045937574,4174520.65331603,11905.6670975384,0,
44.8347,29133.9118734207,4200.70571856072,896084.153636935,5201.0818250196,200.0016000128,500.010000200004,27830.9480141918,396283.609441729,3360822.2466123,13106.8679988314,0,
44.96092,26628.3325458288,5801.34591225164,873703.209995115,5801.34591225164,200.0016000128,800.025600819226,26928.9755777216,404232.141840974,3193952.11650656,9903.92195309342,200.0016000128,
45.08712,25225.4272306485,4500.81014582625,824525.448520358,4100.67251029169,200.0016000128,700.019600548815,28031.3951625821,394219.869250241,3302995.96390239,13607.4024269202,0,
45.21348,29935.8032206519,4300.73972723308,856897.586000041,3100.38444767151,500.010000200004,500.010000200004,28231.8455217485,405884.40932335,3188169.48823557,13607.4024269202,200.0016000128,
45.3398,27830.9480141918,6201.53798141939,819297.693565371,4200.70571856072,200.0016000128,700.019600548815,26828.7604311822,400618.555863072,3217082.62959053,13907.7326993809,200.0016000128,
45.46605,25926.8602271954,5701.29989637637,866528.71184687,4700.88376614804,400.006400102402,900.032401166442,28332.0719053969,382462.951757076,3043603.7814608,11405.2007715518,200.0016000128,
45.59226,25025.025025025,4800.92177698118,802669.440969685,3400.46246289495,500.010000200004,500.010000200004,29735.3255667733,431729.032048048,3250126.21971048,14508.4148806308,0,
45.71851,22319.9093591484,3400.46246289495,865351.189392309,4200.70571856072,500.010000200004,800.025600819226,25726.4467872973,387515.029408897,3069212.56380376,10904.7544729502,0,
45.84478,23121.3641404658,3800.57768780855,759805.481257674,4100.67251029169,200.0016000128,900.032401166442,25425.8326459683,388958.849575497,3244343.59143949,12205.9565067753,200.0016000128,
45.9711,25025.025025025,3700.5476810568,840050.79088201,3600.51847466035,700.019600548815,1200.05760276493,28031.3951625821,398347.685092999,3160908.52638662,15409.4922472243,100.0004000016,
46.09741,27229.6258329062,4000.64010241639,992931.941114583,5201.0818250196,700.019600548815,1300.06760351538,25025.025025025,399689.514195378,3705301.67361277,14608.5313823273,200.0016000128,
46.22369,23722.4889194957,3800.57768780855,864262.737751422,3900.60849492521,600.014400345608,400.006400102402,25425.8326459683,363818.614202115,3064256.02528577,11505.2924345199,100.0004000016,
46.34992,22920.9956319989,4300.73972723308,811940.39713219,3400.46246289495,500.010000200004,500.010000200004,27830.9480141918,386174.486285373,3721823.46867274,14007.84439286,100.0004000016,
46.47609,28031.3951625821,4700.88376614804,851119.109450884,3500.49006860961,100.0004000016,500.010000200004,28231.8455217485,392259.62671347,3277387.18155944,14608.5313823273,100.0004000016,
46.60224,21819.0261908384,5101.04061228491,831057.7820448,4200.70571856072,700.019600548815,1000.04000160006,28632.7558727184,423400.938792371,3188169.48823557,13106.8679988314,0,
46.72859,22920.9956319989,2700.2916314962,828367.399228042,4300.73972723308,400.006400102402,700.019600548815,28833.2158646761,458375.127349815,3139430.19280865,13206.9732818928,0,
46.85494,20416.6599945556,2700.2916314962,801710.756630008,4300.73972723308,100.0004000016,600.014400345608,27229.6258329062,370613.928264082,3029560.25565982,12205.9565067753,100.0004000016,
46.98122,21718.8519635043,3100.38444767151,812366.80818727,3600.51847466035,400.006400102402,1300.06760351538,26928.9755777216,367524.697822046,2886646.72839104,11905.6670975384,300.003600043201,
47.10748,18012.9693379233,4800.92177698118,1621059.01989818,3800.57768780855,300.003600043201,700.019600548815,29434.6151073663,376691.61026274,3602866.54424093,13607.4024269202,100.0004000016,
47.23373,21718.8519635043,3200.40965243551,817164.903526418,3300.43565750679,100.0004000016,600.014400345608,26227.4864057532,399792.73769126,3289778.52785442,14007.84439286,100.0004000016,
47.36012,23021.1794851263,2400.23042212052,814072.593302384,4700.88376614804,100.0004000016,600.014400345608,27229.6258329062,373909.936829114,3178256.41119959,12906.6598364756,0,
47.4864,20616.9883984403,4000.64010241639,822178.152371509,2900.33643902693,400.006400102402,500.010000200004,26828.7604311822,424900.94458592,3143560.64157364,12205.9565067753,300.003600043201,
47.61267,17412.118834709,3500.49006860961,800752.143526488,2800.31363512713,300.003600043201,600.014400345608,26828.7604311822,411462.399167317,3283995.89958342,16310.634533716,0,
47.73895,24223.4482979524,4200.70571856072,906460.702295254,3400.46246289495,200.0016000128,900.032401166442,27229.6258329062,392465.953781649,3212126.09107254,11905.6670975384,300.003600043201,
47.86524,27229.6258329062,4200.70571856072,811688.224549271,4400.77453631839,400.006400102402,800.025600819226,28732.9854673165,423763.286458694,3432692.05512319,21819.0261908384,0,
47.99145,20416.6599945556,3100.38444767151,869205.298013245,2600.27042812453,200.0016000128,1200.05760276493,27931.1711870447,399516.127094604,3228647.88613251,20717.1538033492,200.0016000128,
48.11768,20316.4969955604,3300.43565750679,843319.191869072,3200.40965243551,400.006400102402,1100.04840212969,27129.408278574,393703.986608376,3153473.71860963,13907.7326993809,0,
48.24396,21618.6785382571,3700.5476810568,821373.003297035,4800.92177698118,400.006400102402,1500.09000540032,24924.8251258253,389887.10640597,3133647.56453766,17512.2585810067,200.0016000128,
48.37025,23221.549598027,3700.5476810568,836054.731098342,4000.64010241639,300.003600043201,600.014400345608,31038.4877247787,400721.786910297,3133647.56453766,14808.7667899396,100.0004000016,
48.4965,20917.487019148,3100.38444767151,837283.711239792,4100.67251029169,400.006400102402,1400.07840439065,36252.4936107484,438664.327666277,3338517.82328134,13707.5117164206,0,
48.6227,20917.487019148,2200.1936170383,841930.08207397,3900.60849492521,0,800.025600819226,30938.239664225,422522.320974598,3137778.01330265,15809.9919148902,100.0004000016,
48.74891,19114.6035571176,2700.2916314962,819404.625184867,3400.46246289495,100.0004000016,800.025600819226,30236.5257230735,388855.714117422,3264169.74551146,15409.4922472243,0,
48.87513,21718.8519635043,3500.49006860961,714148.667161068,2900.33643902693,500.010000200004,500.010000200004,26327.6967369673,368245.450966226,3144386.73132664,14308.184281409,300.003600043201,
49.00129,19014.4509827469,3300.43565750679,843319.191869072,3200.40965243551,400.006400102402,700.019600548815,28632.7558727184,432556.928235428,3166691.15465761,12105.8592358702,100.0004000016,
49.12745,20516.8237955123,3900.60849492521,828901.093905619,3300.43565750679,400.006400102402,400.006400102402,27830.9480141918,383906.197328395,3147691.09033864,14308.184281409,0,
49.25364,17311.9798900839,2500.2500250025,818977.981575577,3400.46246289495,400.006400102402,600.014400345608,29534.8511243267,385658.930471726,3224517.43736752,15409.4922472243,100.0004000016,
49.37996,19314.911111378,5001.00020004001,853367.969952182,3100.38444767151,100.0004000016,1200.05760276493,28031.3951625821,394942.140163828,3150995.44935063,15409.4922472243,100.0004000016,
49.50627,21518.505915087,4200.70571856072,896084.153636935,4100.67251029169,600.014400345608,1000.04000160006,27730.7256440136,380092.26171139,3267474.10452345,13507.2939387269,100.0004000016,
49.63259,17812.6826300326,4700.88376614804,812793.233331131,3400.46246289495,400.006400102402,1200.05760276493,26427.9078707115,382875.290887751,2986603.58850389,14408.2991803279,200.0016000128,
49.75886,17612.3991289868,2900.33643902693,771920.564755559,3800.57768780855,800.025600819226,900.032401166442,25926.8602271954,366906.942009221,3055169.03800278,13307.0793662228,300.003600043201,
49.88516,18413.5523745477,3300.43565750679,784709.19803764,3500.49006860961,300.003600043201,400.006400102402,32041.0124959949,409292.889870026,3600388.27498193,16811.2971917128,0,
50.01136,18313.4054127621,2800.31363512713,840647.959415712,3000.36004320518,300.003600043201,1400.07840439065,29133.9118734207,406813.904234605,3602866.54424093,13006.7635170289,300.003600043201,
50.13765,22420.0883992057,3700.5476810568,823671.836910084,2900.33643902693,600.014400345608,700.019600548815,27129.408278574,388649.445715005,3245995.77094548,15209.2472223112,100.0004000016,
50.26393,20416.6599945556,2500.2500250025,965952.914602952,3400.46246289495,100.0004000016,800.025600819226,27530.2833116428,433637.286662842,3245995.77094548,13106.8679988314,0,
50.39025,20216.3347985172,3900.60849492521,773640.879468766,4200.70571856072,400.006400102402,1000.04000160006,28131.6199408135,401650.904095559,3255908.84798147,14608.5313823273,100.0004000016,
50.51657,20516.8237955123,3400.46246289495,839365.963973722,4100.67251029169,200.0016000128,900.032401166442,31439.4879969241,396902.796910111,3926693.72741642,12105.8592358702,300.003600043201,
50.6428,18313.4054127621,4000.64010241639,882810.914677831,2800.31363512713,200.0016000128,900.032401166442,26928.9755777216,442167.576554902,3041125.5122018,14007.84439286,0,
50.76908,20316.4969955604,2900.33643902693,909919.551848028,3200.40965243551,600.014400345608,900.032401166442,29033.6790677186,372570.830068729,4292651.48799485,10804.6676164103,200.0016000128,
50.89535,17712.5404786589,3400.46246289495,795777.516606514,4400.77453631839,200.0016000128,800.025600819226,26528.1198069954,406710.623663607,4469434.69513657,14608.5313823273,100.0004000016,
51.0216,20016.0128102482,2400.23042212052,884324.065157506,2400.23042212052,700.019600548815,600.014400345608,28332.0719053969,380710.659898477,3027908.07615382,11805.5722300926,100.0004000016,
51.14787,19314.911111378,2500.2500250025,977021.233171826,3100.38444767151,300.003600043201,700.019600548815,29334.3798932349,398141.26242985,3064256.02528577,13507.2939387269,0,
51.27416,22219.7311212357,3100.38444767151,919604.330595792,3900.60849492521,300.003600043201,600.014400345608,28833.2158646761,360010.712068525,3323648.20772736,14208.0701838644,100.0004000016,
51.40045,20216.3347985172,2200.1936170383,842998.614815274,4000.64010241639,300.003600043201,1000.04000160006,30938.239664225,404645.188563438,3037821.15318981,12406.1534521122,100.0004000016,
51.52666,25526.0365572884,2100.17641481884,894700.613815826,4100.67251029169,300.003600043201,1600.10240655402,24023.0621396541,392878.617977345,4079520.33172118,11505.2924345199,100.0004000016,
51.65279,20316.4969955604,4600.84655576626,825523.622760363,3200.40965243551,500.010000200004,800.025600819226,26327.6967369673,411462.399167317,2991560.12702188,12105.8592358702,0,
51.77907,17712.5404786589,3500.49006860961,829221.321298983,2400.23042212052,300.003600043201,700.019600548815,29835.5639922788,405884.40932335,3245169.68119249,15109.1259120509,0,
51.90529,20616.9883984403,3500.49006860961,892246.825610539,3000.36004320518,500.010000200004,1200.05760276493,27029.191526849,401134.719490189,2992386.21677488,15809.9919148902,100.0004000016,
52.03156,19214.7569333248,3100.38444767151,956959.905765742,3600.51847466035,300.003600043201,700.019600548815,31238.986254846,379370.835245246,2927951.21604098,14208.0701838644,100.0004000016,
52.15785,18814.1482394761,2700.2916314962,847701.20884529,2800.31363512713,200.0016000128,600.014400345608,25826.6531060054,400205.640064862,3062603.84577977,10904.7544729502,300.003600043201,
52.28404,17512.2585810067,3200.40965243551,903729.308101029,3700.5476810568,100.0004000016,400.006400102402,29835.5639922788,372776.837293516,2941168.65208896,11805.5722300926,100.0004000016,
52.41036,18213.259252736,3200.40965243551,889994.44918519,3600.51847466035,400.006400102402,700.019600548815,26928.9755777216,365156.797253258,3060125.57652077,13607.4024269202,100.0004000016,
52.53651,19214.7569333248,3000.36004320518,1440507.07324343,3900.60849492521,100.0004000016,600.014400345608,25626.2412710616,390196.54043338,3159256.34688062,15509.6159618964,200.0016000128,
52.66286,18113.1138944596,3200.40965243551,860214.16394962,2600.27042812453,100.0004000016,600.014400345608,28632.7558727184,399792.73769126,2984125.31924489,10904.7544729502,0,
52.78909,19214.7569333248,2700.2916314962,831057.7820448,3300.43565750679,400.006400102402,700.019600548815,28031.3951625821,368348.419044527,2913081.600487,10204.1632986258,0,
52.91537,16410.7654621432,3400.46246289495,800326.116122108,3200.40965243551,700.019600548815,700.019600548815,25025.025025025,373291.869991312,2837081.34321112,10804.6676164103,100.0004000016,
53.04165,16911.4321281186,3700.5476810568,872203.732220622,3400.46246289495,300.003600043201,700.019600548815,25325.6295370915,404025.623516405,2793298.58630219,15309.3693340324,100.0004000016,
53.16789,19415.0660912868,4000.64010241639,819831.282894465,3600.51847466035,400.006400102402,400.006400102402,26628.3325458288,356101.083618336,2975038.33196191,12606.3536022155,0,
53.29409,19014.4509827469,2900.33643902693,888474.684620834,3200.40965243551,0,1000.04000160006,29835.5639922788,416215.95243711,3264995.83526445,14708.648685427,0,
53.42039,19615.3784567101,3200.40965243551,917801.175216776,3400.46246289495,100.0004000016,600.014400345608,25726.4467872973,372879.842160389,3140256.28256165,20917.487019148,0,
53.54664,19415.0660912868,2300.21161946899,879167.063480562,2500.2500250025,200.0016000128,600.014400345608,26528.1198069954,396490.001909816,2840385.70222312,12005.7627661277,200.0016000128,
53.67283,19314.911111378,2400.23042212052,862187.428019758,3600.51847466035,100.0004000016,700.019600548815,24924.8251258253,356409.694668257,2912255.510734,14107.9568876847,0,
53.7991,26327.6967369673,3200.40965243551,877406.36605196,2400.23042212052,500.010000200004,700.019600548815,29534.8511243267,371540.844121312,3530170.64597704,10404.3282005314,100.0004000016,
53.92529,17311.9798900839,2500.2500250025,857218.507976435,2700.2916314962,200.0016000128,700.019600548815,31639.9929510902,397810.069116193,2836255.25345812,10104.0820491479,100.0004000016,
54.05161,21418.3340939844,2300.21161946899,943124.507554649,4000.64010241639,700.019600548815,700.019600548815,39462.1924152464,375249.184946996,3901911.03482646,11405.2007715518,100.0004000016,
54.17788,21518.505915087,3700.5476810568,914577.260684062,2000.16001280102,700.019600548815,1000.04000160006,28231.8455217485,410605.503954282,3524388.01770605,14508.4148806308,100.0004000016,
54.30406,18213.259252736,3300.43565750679,875952.75258035,2400.23042212052,700.019600548815,300.003600043201,27129.408278574,343351.729227575,3075821.28182775,13507.2939387269,200.0016000128,
54.43035,15409.4922472243,2700.2916314962,893963.184998902,2600.27042812453,300.003600043201,800.025600819226,36453.0756781874,370099.004274354,3806910.71323161,10204.1632986258,200.0016000128,
54.55663,18513.7001381022,2600.27042812453,897289.278936595,3900.60849492521,400.006400102402,800.025600819226,26828.7604311822,359393.322161675,2780081.15025421,11004.8421305374,0,
54.68292,18713.9980705568,3200.40965243551,909919.551848028,2400.23042212052,400.006400102402,300.003600043201,30236.5257230735,361142.671644214,2763559.35519424,9903.92195309342,0,
54.80921,17512.2585810067,1900.14441097523,920296.100506347,2900.33643902693,300.003600043201,900.032401166442,27029.191526849,361554.318362577,2875907.56160206,13307.0793662228,400.006400102402,
54.93546,18012.9693379233,2100.17641481884,845456.57549768,2800.31363512713,500.010000200004,1000.04000160006,26928.9755777216,432039.486801789,2827994.35592814,9803.84310649775,100.0004000016,
55.06165,19114.6035571176,3200.40965243551,849839.317398803,3100.38444767151,600.014400345608,600.014400345608,30236.5257230735,385968.261447041,3089864.80762873,11405.2007715518,0,
55.18791,17412.118834709,3000.36004320518,911246.724818414,3500.49006860961,300.003600043201,300.003600043201,29735.3255667733,367112.857270418,2870951.02308407,10104.0820491479,100.0004000016,
55.31419,18313.4054127621,3700.5476810568,862879.197930313,3000.36004320518,600.014400345608,500.010000200004,27129.408278574,368142.4837238,4363695.20675274,11605.3848985929,200.0016000128,
55.44042,21117.8234429859,2500.2500250025,912213.566391237,3300.43565750679,300.003600043201,400.006400102402,25926.8602271954,370099.004274354,2891603.26690904,10604.4963064339,100.0004000016,
55.56676,18814.1482394761,3000.36004320518,788168.047590413,3700.5476810568,200.0016000128,600.014400345608,26227.4864057532,351678.483929064,2808168.20185617,8803.09869073914,200.0016000128,
55.69305,18012.9693379233,3500.49006860961,847660.259898111,2600.27042812453,200.0016000128,300.003600043201,27730.7256440136,334516.961965796,3104734.4231827,9803.84310649775,0,
55.81924,25425.8326459683,2700.2916314962,881203.206784602,3100.38444767151,500.010000200004,200.0016000128,30537.255451651,364539.156760969,3130343.20552566,11905.6670975384,200.0016000128,
55.94555,17111.7044058136,2700.2916314962,946583.357107423,3000.36004320518,200.0016000128,600.014400345608,43375.1257177431,356615.439541715,2753646.27815825,10204.1632986258,0,
56.07182,20216.3347985172,3200.40965243551,884418.822321066,3500.49006860961,600.014400345608,300.003600043201,30136.2840860396,355381.02038167,2805689.93259717,11004.8421305374,0,
56.19804,19915.8530190031,3200.40965243551,843212.331967433,3400.46246289495,100.0004000016,500.010000200004,27630.5040765005,345098.866161657,2800733.39407918,12606.3536022155,0,
56.32429,18012.9693379233,3600.51847466035,872953.449382154,2300.21161946899,100.0004000016,800.025600819226,33143.8825004306,357129.816333237,2868472.75382507,11305.1099096792,0,
56.45054,17512.2585810067,3700.5476810568,882596.542085102,3100.38444767151,200.0016000128,0,30437.0114058695,339241.768800704,3291430.70736041,10504.4118529783,100.0004000016,
56.57685,17211.841747122,3000.36004320518,833918.902161782,2500.2500250025,500.010000200004,200.0016000128,27129.408278574,397212.40196676,2670211.21310538,10104.0820491479,0,
56.70306,17612.3991289868,3900.60849492521,1061417.16225949,3100.38444767151,100.0004000016,500.010000200004,27329.8441898553,356101.083618336,2741254.93186327,11905.6670975384,100.0004000016,
56.8293,16611.0297237366,2000.16001280102,841434.33070312,3800.57768780855,600.014400345608,300.003600043201,27730.7256440136,333592.749323086,2852777.0485181,15509.6159618964,100.0004000016,
56.95553,17412.118834709,2800.31363512713,852619.387396331,3600.51847466035,300.003600043201,400.006400102402,28632.7558727184,347977.028649298,2960168.71640793,9103.31360615264,100.0004000016,
57.08176,17111.7044058136,2500.2500250025,873703.209995115,2800.31363512713,500.010000200004,800.025600819226,30737.7459520291,338009.040601626,2699124.35446034,10304.2453490838,0,
57.20807,16310.634533716,3300.43565750679,853261.026932893,1800.12960933187,600.014400345608,800.025600819226,28031.3951625821,335030.44257258,2681776.46964736,11004.8421305374,200.0016000128,
57.33437,18113.1138944596,2000.16001280102,882382.173043395,3100.38444767151,500.010000200004,800.025600819226,23321.7358578195,347154.629809876,2842863.97148211,13006.7635170289,100.0004000016,
57.46061,19314.911111378,3000.36004320518,869740.681719406,4600.84655576626,200.0016000128,1000.04000160006,24123.2548176442,321481.529498513,2711515.70075532,11104.9305891816,0,
57.58683,18113.1138944596,2900.33643902693,867721.587304195,2900.33643902693,300.003600043201,100.0004000016,24423.8376655616,343557.262247021,3136951.92354965,9603.68781612139,0,
57.71312,18513.7001381022,2500.2500250025,887782.914710279,3100.38444767151,500.010000200004,900.032401166442,23922.8702639724,330717.852279359,2751994.09865225,10204.1632986258,0,
57.83936,18012.9693379233,2300.21161946899,871561.152091664,2500.2500250025,300.003600043201,300.003600043201,26628.3325458288,410325.94333294,2868472.75382507,11305.1099096792,100.0004000016,
57.96566,14908.8856958747,3300.43565750679,824140.082939254,3000.36004320518,600.014400345608,800.025600819226,27029.191526849,354969.574036511,2793298.58630219,10404.3282005314,0,
58.09199,16310.634533716,3500.49006860961,831249.612531256,2900.33643902693,300.003600043201,200.0016000128,22319.9093591484,345715.560241697,2867646.66407207,8803.09869073914,300.003600043201,
58.21825,18012.9693379233,2100.17641481884,840113.779188992,3700.5476810568,100.0004000016,500.010000200004,26928.9755777216,339755.440952288,2824689.99691614,9003.24116682005,100.0004000016,
58.34444,18213.259252736,3000.36004320518,823885.234522196,3200.40965243551,0,800.025600819226,24624.2302425587,333592.749323086,2865994.48456608,9403.53572943427,300.003600043201,
58.47067,19014.4509827469,2200.1936170383,820681.233386481,2800.31363512713,600.014400345608,700.019600548815,28933.4470648069,326817.249791307,2715646.14952031,13006.7635170289,100.0004000016,
58.59696,18012.9693379233,2900.33643902693,810304.684728161,2600.27042812453,200.0016000128,400.006400102402,23221.549598027,339652.704855888,2915559.869746,11205.0198488923,100.0004000016,
58.72325,20016.0128102482,3500.49006860961,874131.664141351,2900.33643902693,200.0016000128,300.003600043201,24824.6260290208,336673.72039663,2768515.89371223,9603.68781612139,100.0004000016,
58.84939,16310.634533716,1900.14441097523,850480.818943232,1800.12960933187,300.003600043201,100.0004000016,24423.8376655616,338522.66277467,2717298.32902631,10904.7544729502,100.0004000016,
58.9757,17812.6826300326,2700.2916314962,808229.374996497,2500.2500250025,300.003600043201,400.006400102402,31038.4877247787,325688.352209413,2452949.60806672,8602.95941803981,0,
59.10194,14508.4148806308,2700.2916314962,772770.75842048,2300.21161946899,500.010000200004,300.003600043201,21919.201220269,466052.388252668,2633863.26397344,8903.16952835209,0,
59.2282,17311.9798900839,2600.27042812453,823138.358309473,2800.31363512713,500.010000200004,300.003600043201,22720.6303323418,335133.141191684,2737950.57285128,9703.76506084361,300.003600043201,
59.35441,14908.8856958747,2700.2916314962,881096.033359698,2500.2500250025,200.0016000128,700.019600548815,24724.4277346018,359084.638480889,2761907.17568824,10304.2453490838,100.0004000016,
59.48064,20917.487019148,2300.21161946899,956959.905765742,2300.21161946899,600.014400345608,300.003600043201,22720.6303323418,322712.65001175,2653689.41804541,9303.46088745013,0,
59.60693,17512.2585810067,2800.31363512713,925830.259790784,1800.12960933187,300.003600043201,200.0016000128,29635.0879441258,365156.797253258,3706953.85311876,11104.9305891816,100.0004000016,
59.73312,18513.7001381022,3000.36004320518,873274.770038334,3100.38444767151,400.006400102402,600.014400345608,24924.8251258253,344893.30813713,2839559.61247012,9603.68781612139,100.0004000016,
59.85932,24824.6260290208,3000.36004320518,814818.945185846,3000.36004320518,500.010000200004,800.025600819226,25425.8326459683,335235.840643393,2964299.16517292,9303.46088745013,0,
59.9856,16410.7654621432,3200.40965243551,827300.076035571,2800.31363512713,200.0016000128,500.010000200004,25025.025025025,360010.712068525,3189821.66774157,8202.69048247825,0,
60.11183,17612.3991289868,2600.27042812453,794789.039897316,2000.16001280102,400.006400102402,400.006400102402,26828.7604311822,349930.439790873,2690037.36717735,10704.5815609081,0,
60.23811,18213.259252736,1400.07840439065,1047581.7640484,2300.21161946899,300.003600043201,300.003600043201,23522.1107841371,329793.916796693,2832950.89444613,8302.75651516303,100.0004000016,
60.36439,20516.8237955123,3400.46246289495,828047.193007831,2600.27042812453,600.014400345608,100.0004000016,26127.2768770597,350444.545395548,2737950.57285128,7902.49718911176,400.006400102402,
60.49074,18613.8487034354,2000.16001280102,825592.542395293,3300.43565750679,200.0016000128,400.006400102402,26528.1198069954,332668.604109162,2761907.17568824,12406.1534521122,0,
60.61697,21017.6548300572,2500.2500250025,918220.790774683,3400.46246289495,300.003600043201,400.006400102402,27129.408278574,334003.502172644,2780081.15025421,7102.01697282028,200.0016000128,
60.74326,17612.3991289868,3100.38444767151,798089.703053668,2100.17641481884,500.010000200004,600.014400345608,24123.2548176442,337700.877292555,2813950.83012716,7202.07419736884,100.0004000016,
60.86958,16110.3750815525,3300.43565750679,820681.233386481,2600.27042812453,700.019600548815,500.010000200004,26528.1198069954,311124.3403921,2601645.76360649,9003.24116682005,0,
60.99589,17111.7044058136,2900.33643902693,796598.976390953,2400.23042212052,300.003600043201,300.003600043201,26928.9755777216,339241.768800704,2869298.84357807,9803.84310649775,100.0004000016,
61.12221,15809.9919148902,2800.31363512713,804373.944601106,3000.36004320518,100.0004000016,200.0016000128,30537.255451651,351164.328275269,2840385.70222312,8703.02865397158,0,
61.2485,17812.6826300326,2900.33643902693,830822.577378812,3000.36004320518,400.006400102402,300.003600043201,24423.8376655616,335133.141191684,2566123.90422755,8202.69048247825,0,
61.37479,18814.1482394761,3300.43565750679,793298.69465274,2400.23042212052,400.006400102402,800.025600819226,27229.6258329062,367318.775874665,3347604.81056433,7602.31110257518,200.0016000128,
61.50107,17311.9798900839,3900.60849492521,806154.065264834,2100.17641481884,500.010000200004,0,23321.7358578195,328151.531238729,2760254.99618224,8202.69048247825,200.0016000128,
61.62741,19615.3784567101,3800.57768780855,816530.613923153,2900.33643902693,400.006400102402,500.010000200004,24824.6260290208,335133.141191684,2974212.24220891,11405.2007715518,300.003600043201,
61.75371,17912.8255831175,2500.2500250025,818551.352065897,1700.11560786133,200.0016000128,500.010000200004,22119.5536854579,337290.004540442,3033690.70442482,8102.62525058119,0,
61.88003,18313.4054127621,3100.38444767151,818658.008121517,3500.49006860961,100.0004000016,200.0016000128,21418.3340939844,317891.444983209,2615689.28940747,10404.3282005314,200.0016000128,
62.00629,18613.8487034354,2800.31363512713,825058.98443472,2200.1936170383,100.0004000016,100.0004000016,25425.8326459683,354455.28488266,2833776.98419913,7902.49718911176,200.0016000128,
62.13252,17111.7044058136,2600.27042812453,821004.664306283,2800.31363512713,200.0016000128,600.014400345608,22420.0883992057,325996.223387443,2489297.55719866,6801.85010322808,100.0004000016,
62.25886,15309.3693340324,2100.17641481884,793618.039850108,3700.5476810568,300.003600043201,500.010000200004,27530.2833116428,346435.074599628,3691258.14781179,7702.37233067785,0,
62.38518,20516.8237955123,2200.1936170383,835627.537058624,2800.31363512713,300.003600043201,200.0016000128,27931.1711870447,323430.858930257,2728863.58556829,6401.6388195378,0,
62.51144,19314.911111378,3000.36004320518,835900.171418683,3500.49006860961,500.010000200004,700.019600548815,25425.8326459683,342118.601115053,2558689.09645056,7102.01697282028,100.0004000016,
62.63765,21017.6548300572,3900.60849492521,793724.490006479,2100.17641481884,300.003600043201,400.006400102402,22820.8125810739,337290.004540442,2623950.18693745,6501.69043951427,0,
62.76386,21418.3340939844,3300.43565750679,832424.032007407,3100.38444767151,300.003600043201,200.0016000128,28933.4470648069,326714.618579678,2584297.87879352,8302.75651516303,200.0016000128,
62.89017,20616.9883984403,2200.1936170383,788859.817500968,2100.17641481884,300.003600043201,500.010000200004,25826.6531060054,324662.169006665,3288126.34834842,8302.75651516303,200.0016000128,
63.01637,22219.7311212357,3400.46246289495,817271.548127525,2500.2500250025,400.006400102402,500.010000200004,24524.0335528818,369893.040530941,2526471.59608361,7902.49718911176,100.0004000016,
63.14265,22620.4488857928,2900.33643902693,810304.684728161,2200.1936170383,200.0016000128,500.010000200004,23421.922919853,319840.221680265,2406688.58189879,8302.75651516303,0,
63.26883,19014.4509827469,6801.85010322808,721758.136177169,2400.23042212052,200.0016000128,300.003600043201,25225.4272306485,322815.248791595,2571906.53249854,5101.04061228491,0,
63.39507,21217.9928579435,3500.49006860961,794682.580954032,3100.38444767151,800.025600819226,0,25726.4467872973,369893.040530941,2783385.50926621,6401.6388195378,0,
63.5213,20516.8237955123,3500.49006860961,829968.549430294,3100.38444767151,0,300.003600043201,24924.8251258253,323123.050119525,2570254.35299254,6501.69043951427,0,
63.64745,24023.0621396541,4100.67251029169,801391.211014098,2500.2500250025,300.003600043201,100.0004000016,27830.9480141918,316763.342946952,2581819.60953452,6901.90492575951,100.0004000016,
63.77366,22820.8125810739,4000.64010241639,823885.234522196,3100.38444767151,1000.04000160006,400.006400102402,27029.191526849,335441.242044671,2695819.99544834,7202.07419736884,0,
63.89989,24323.6425805883,2800.31363512713,821644.735483071,2000.16001280102,300.003600043201,700.019600548815,28732.9854673165,319840.221680265,2915559.869746,6901.90492575951,200.0016000128,
64.02612,28532.5270808722,4800.92177698118,869526.525577718,3600.51847466035,300.003600043201,100.0004000016,28833.2158646761,323943.890244001,2564471.72472155,7302.132222609,200.0016000128,
64.15244,29735.3255667733,5401.16665199683,942432.737644095,3000.36004320518,500.010000200004,400.006400102402,33043.6175751993,314097.319540863,2730515.76507429,10704.5815609081,100.0004000016,
64.27872,29635.0879441258,4100.67251029169,832424.032007407,3100.38444767151,200.0016000128,300.003600043201,25425.8326459683,321994.481830963,2501688.90349365,7001.96054895371,200.0016000128,
64.4049,26828.7604311822,3000.36004320518,808921.144907052,3600.51847466035,200.0016000128,500.010000200004,27430.063349431,405058.248717553,2436427.81300675,9103.31360615264,100.0004000016,
64.53114,28532.5270808722,3100.38444767151,856255.765945036,3100.38444767151,600.014400345608,700.019600548815,24023.0621396541,313379.639942488,2545471.66040258,7602.31110257518,100.0004000016,
64.65742,24524.0335528818,3400.46246289495,792979.357362761,3300.43565750679,1000.04000160006,300.003600043201,28933.4470648069,326098.848776851,2362079.73523686,7502.25067520256,300.003600043201,
64.78363,28833.2158646761,3700.5476810568,914761.94122191,3100.38444767151,200.0016000128,300.003600043201,28031.3951625821,321891.88970189,2705733.07248433,9503.61137232148,0,
64.90986,30036.0432519023,4600.84655576626,828794.353205663,1800.12960933187,400.006400102402,700.019600548815,28833.2158646761,340474.616953386,2500862.81374065,6901.90492575951,100.0004000016,
65.03616,28532.5270808722,5401.16665199683,817271.548127525,3500.49006860961,200.0016000128,200.0016000128,28632.7558727184,299546.632124352,2452123.51831372,6701.7960813498,0,
65.16243,31940.756405173,6301.58800017604,839152.310433643,2700.2916314962,700.019600548815,100.0004000016,28732.9854673165,339549.96959254,2497558.45472865,8903.16952835209,300.003600043201,
65.28866,34146.5759295679,5101.04061228491,868777.007003195,5001.00020004001,100.0004000016,500.010000200004,34146.5759295679,298727.372818238,2452123.51831372,9203.38684635946,100.0004000016,
65.41487,33745.4889190629,6001.44034568296,837283.711239792,3400.46246289495,600.014400345608,400.006400102402,33043.6175751993,317686.3280443,2425688.64621776,9803.84310649775,200.0016000128,
65.54108,36252.4936107484,7102.01697282028,848128.802259747,3000.36004320518,200.0016000128,700.019600548815,32642.5659059413,308561.987754705,2400905.9536278,8102.62525058119,300.003600043201,
65.66739,34948.7885087582,7001.96054895371,834346.039698089,3200.40965243551,400.006400102402,300.003600043201,26628.3325458288,298829.77732982,2545471.66040258,8102.62525058119,100.0004000016,
65.79359,38760.0004807442,5501.21026625858,839365.963973722,3200.40965243551,200.0016000128,400.006400102402,33344.4147604609,297293.796698804,2363731.91474286,10204.1632986258,0,
65.91984,33946.0308177889,7302.132222609,803386.985622615,3400.46246289495,400.006400102402,300.003600043201,30136.2840860396,302516.891960277,2265427.23413601,10904.7544729502,100.0004000016,
66.04613,33946.0308177889,5801.34591225164,837283.711239792,4200.70571856072,300.003600043201,400.006400102402,26728.5460872212,320147.950688505,2237340.18253406,9403.53572943427,0,
66.1724,37155.1382251261,5801.34591225164,793724.490006479,2500.2500250025,500.010000200004,600.014400345608,28732.9854673165,277138.547029633,2288557.74721998,8102.62525058119,100.0004000016,
66.29869,37857.2401471024,6601.74286011507,860803.888198649,4000.64010241639,300.003600043201,400.006400102402,28732.9854673165,282455.593894995,2246427.16981704,8903.16952835209,0,
66.42497,36653.6609596449,6401.6388195378,809612.914817607,3400.46246289495,500.010000200004,200.0016000128,31138.7365883159,277547.471234151,2526471.59608361,10004.0016006403,100.0004000016,
66.55126,42472.032567234,7502.25067520256,819989.463475926,4700.88376614804,400.006400102402,500.010000200004,27430.063349431,396104.011137781,2274514.221419,11405.2007715518,200.0016000128,
66.67755,44378.6389482162,7001.96054895371,818018.085005308,4400.77453631839,200.0016000128,600.014400345608,27329.8441898553,250076.760233351,2055600.43687434,11305.1099096792,200.0016000128,
66.80388,43174.4327220127,7001.96054895371,992931.941114583,5501.21026625858,300.003600043201,800.025600819226,34647.952766629,272028.110582308,1965556.65379748,12205.9565067753,400.006400102402,
66.93011,51706.7226756024,8803.09869073914,715719.916722213,4100.67251029169,200.0016000128,300.003600043201,27129.408278574,355158.619655895,1873860.69121463,11605.3848985929,200.0016000128,
67.05638,50903.435781508,9903.92195309342,696266.024191493,3500.49006860961,500.010000200004,600.014400345608,29434.6151073663,246200.951680791,1860643.25516665,12506.2531265633,300.003600043201,
67.18266,53614.7355340429,8102.62525058119,796705.451153422,5301.12383825371,300.003600043201,400.006400102402,31038.4877247787,256198.881453464,2242296.72105205,10204.1632986258,100.0004000016,
67.30887,48192.7227986646,6601.74286011507,797237.838150194,3600.51847466035,100.0004000016,1000.04000160006,29735.3255667733,347977.028649298,2112600.62983125,16410.7654621432,100.0004000016,
67.43506,49196.6221659339,6901.90492575951,875845.622634948,3700.5476810568,200.0016000128,600.014400345608,30737.7459520291,268452.03441361,2245601.08006404,14208.0701838644,100.0004000016,
67.56134,45081.1460629132,7102.01697282028,833918.902161782,4500.81014582625,200.0016000128,300.003600043201,26427.9078707115,262834.530454852,2090296.20650029,12706.4548790786,100.0004000016,
67.68765,39763.1438724695,6301.58800017604,816631.693736266,3700.5476810568,100.0004000016,200.0016000128,27630.5040765005,265285.497726124,2160513.83550518,12306.0545788528,200.0016000128,
67.81391,39662.8259162513,9303.46088745013,806185.226475082,4300.73972723308,400.006400102402,600.014400345608,26928.9755777216,295962.764342811,2048991.71885035,14208.0701838644,200.0016000128,
67.94012,36553.3679171591,6901.90492575951,732826.454746043,4000.64010241639,800.025600819226,700.019600548815,34948.7885087582,268656.354359551,2055600.43687434,14107.9568876847,400.006400102402,
68.06648,37255.4360889003,5901.39272868397,856255.765945036,4800.92177698118,600.014400345608,400.006400102402,26127.2768770597,275400.766754558,2162992.10476417,14408.2991803279,100.0004000016,
68.1928,35951.6265357053,6901.90492575951,821111.340632101,5301.12383825371,400.006400102402,500.010000200004,28933.4470648069,255892.704885904,2298470.82425596,16310.634533716,0,
68.31904,34447.3996218797,5601.25468104855,803734.729349787,4900.9605882753,100.0004000016,100.0004000016,25826.6531060054,260792.420953928,2191905.24611913,14908.8856958747,100.0004000016,
68.44531,35349.9140786791,6501.69043951427,828153.927532399,6401.6388195378,200.0016000128,300.003600043201,26227.4864057532,253137.449796763,2140687.68143321,20616.9883984403,0,
68.57165,32141.2693898966,6701.7960813498,787658.233070918,4900.9605882753,600.014400345608,100.0004000016,20917.487019148,260384.038670617,2222470.56698008,20717.1538033492,0,
68.69789,35751.0525029742,6701.7960813498,827086.621982363,5301.12383825371,500.010000200004,200.0016000128,26828.7604311822,264366.329269476,2039904.73156737,19915.8530190031,100.0004000016,
68.82409,30136.2840860396,4900.9605882753,813752.741420541,4900.9605882753,100.0004000016,300.003600043201,20616.9883984403,255892.704885904,2224337.25073397,21718.8519635043,0,
68.95032,35249.6314811254,6301.58800017604,826873.171457379,4400.77453631839,400.006400102402,300.003600043201,21318.1630749398,260996.617047333,2048165.62909735,24323.6425805883,0,
69.07669,41769.6718125834,4900.9605882753,853886.189093103,5301.12383825371,300.003600043201,200.0016000128,24924.8251258253,250994.889198634,1967208.83330348,22420.0883992057,0,
69.20299,34948.7885087582,6301.58800017604,793511.590572368,4900.9605882753,300.003600043201,500.010000200004,21819.0261908384,248138.707214504,2205731.92124702,23321.7358578195,0,
69.3293,35249.6314811254,6001.44034568296,813326.284574369,5301.12383825371,300.003600043201,200.0016000128,22319.9093591484,241816.603057289,2224811.6043037,22420.0883992057,100.0004000016,
69.45553,34848.5091247016,5601.25468104855,805972.121292198,4400.77453631839,500.010000200004,400.006400102402,19815.6940296715,243447.810686258,2341427.4914119,27329.8441898553,0,
69.58183,35851.3391176164,7001.96054895371,829861.799907426,7202.07419736884,0,500.010000200004,21919.201220269,244467.422519681,2042383.00082636,30537.255451651,0,
69.70804,32141.2693898966,6001.44034568296,837015.96934283,5601.25468104855,300.003600043201,800.025600819226,24323.6425805883,254361.933393136,2007687.23120042,28933.4470648069,200.0016000128,
69.83429,39562.5087638469,5001.00020004001,808742.763228529,5101.04061228491,800.025600819226,500.010000200004,23421.922919853,256300.941959,2286079.47796098,28532.5270808722,100.0004000016,
69.96059,35450.1974796312,4700.88376614804,836375.135899333,5501.21026625858,400.006400102402,400.006400102402,28031.3951625821,271312.814375131,1991991.52589344,43274.7788177972,100.0004000016,
70.0869,37255.4360889003,5901.39272868397,826126.122403441,6301.58800017604,100.0004000016,300.003600043201,21117.8234429859,296781.844600857,2066339.60366332,31840.5011174214,300.003600043201,
70.21322,35049.0686961746,6901.90492575951,794682.580954032,6201.53798141939,800.025600819226,200.0016000128,24724.4277346018,256709.192229824,2200640.62948811,30437.0114058695,0,
70.33946,49598.2044448007,5701.29989637637,769051.575210585,5001.00020004001,200.0016000128,400.006400102402,24924.8251258253,289412.031286037,2367036.27375486,35751.0525029742,100.0004000016,
70.46573,33143.8825004306,3800.57768780855,808921.144907052,6101.48876325823,300.003600043201,400.006400102402,23822.6791905894,253953.759000509,2153079.02772819,32542.3049964954,0,
70.59205,36252.4936107484,3800.57768780855,781594.828830836,5901.39272868397,600.014400345608,200.0016000128,25926.8602271954,240491.402079009,2160332.87703974,34246.8496903764,0,
70.71826,31740.2466327303,5001.00020004001,721758.136177169,4500.81014582625,200.0016000128,300.003600043201,24624.2302425587,237943.32971253,2154731.20723419,34748.2305439951,0,
70.84456,35751.0525029742,6101.48876325823,772239.380806486,6901.90492575951,800.025600819226,200.0016000128,23221.549598027,249872.740641387,1936643.51244253,34948.7885087582,200.0016000128,
70.9708,34848.5091247016,5601.25468104855,802989.018247874,6001.44034568296,300.003600043201,200.0016000128,20116.1734034163,252321.193364094,2162457.57224127,36854.249455198,200.0016000128,
71.09709,31840.5011174214,5101.04061228491,783402.914143331,5601.25468104855,300.003600043201,200.0016000128,23021.1794851263,245793.04104764,2044035.18033236,36152.2037822616,0,
71.22331,30837.992406645,5301.12383825371,768626.594047241,4700.88376614804,100.0004000016,400.006400102402,22420.0883992057,243651.726463829,1976295.82058647,37556.3345017526,0,
71.34947,35951.6265357053,5101.04061228491,793085.802247506,5901.39272868397,300.003600043201,300.003600043201,20817.3200102485,246302.931398726,2136557.23266821,38559.381447429,100.0004000016,
71.4757,30437.0114058695,4800.92177698118,761191.692118724,6401.6388195378,100.0004000016,400.006400102402,21117.8234429859,259261.055473379,2048991.71885035,45281.8696202735,200.0016000128,
71.60193,31439.4879969241,6101.48876325823,795640.743079545,7001.96054895371,500.010000200004,800.025600819226,23622.2994506814,244263.493563723,2279470.75993699,43274.7788177972,0,
71.72823,28732.9854673165,4300.73972723308,785104.87317854,4400.77453631839,600.014400345608,500.010000200004,30737.7459520291,286956.381011721,2636341.53323243,52309.2216548153,100.0004000016,
71.85456,30336.7681630136,4600.84655576626,768798.490094884,8602.95941803981,100.0004000016,300.003600043201,22119.5536854579,245793.04104764,2036600.37255537,45582.960989,0,
71.98077,33344.4147604609,5001.00020004001,851119.109450884,5601.25468104855,400.006400102402,400.006400102402,22319.9093591484,246812.842346782,1965556.65379748,48995.8358549322,0,
72.107,29935.8032206519,5401.16665199683,782020.237854606,5601.25468104855,400.006400102402,200.0016000128,24223.4482979524,248954.693275698,2277818.58043099,46887.7739127647,200.0016000128,
72.23319,28732.9854673165,5601.25468104855,773514.723893492,6101.48876325823,100.0004000016,800.025600819226,31940.756405173,258750.641572266,2240644.54154605,50602.2164772841,0,
72.35944,28732.9854673165,5601.25468104855,763264.330810447,5801.34591225164,100.0004000016,400.006400102402,25726.4467872973,281126.122482,2018426.3979894,52108.3854417188,100.0004000016,
72.48573,29334.3798932349,4200.70571856072,756202.093464106,4500.81014582625,500.010000200004,700.019600548815,25125.2257266295,263447.227690355,2085339.66798229,66576.8280553149,0,
72.61201,31439.4879969241,4300.73972723308,820681.233386481,5201.0818250196,500.010000200004,800.025600819226,26928.9755777216,272947.836635665,2432297.36424175,51706.7226756024,100.0004000016,
72.73821,31038.4877247787,5801.34591225164,733518.224656598,4800.92177698118,500.010000200004,600.014400345608,25325.6295370915,251811.059889215,2221644.47722708,44478.9946945776,500.010000200004,
72.8645,26628.3325458288,5201.0818250196,736580.946694394,6101.48876325823,400.006400102402,500.010000200004,29234.1454819229,274991.912002588,2226946.39994424,47991.9525811455,0,
72.99084,24223.4482979524,5801.34591225164,753336.602290193,3700.5476810568,500.010000200004,400.006400102402,23822.6791905894,271619.364934314,2177861.72031815,52409.640968907,100.0004000016,
73.11713,25826.6531060054,4000.64010241639,757688.154760433,6201.53798141939,500.010000200004,500.010000200004,24423.8376655616,254501.198929594,2027513.38527239,43876.872280235,100.0004000016,
73.24328,29534.8511243267,5201.0818250196,771389.222198856,5601.25468104855,700.019600548815,300.003600043201,27430.063349431,289719.021105788,2156383.38674018,55924.8242076314,0,
73.36949,25125.2257266295,3700.5476810568,767245.502069625,4800.92177698118,400.006400102402,800.025600819226,23922.8702639724,254361.933393136,2169187.96731003,46988.1497689666,0,
73.4958,25425.8326459683,5401.16665199683,781594.828830836,6501.69043951427,300.003600043201,700.019600548815,26027.0681508769,286035.6351043,2156383.38674018,45582.960989,200.0016000128,
73.62204,24824.6260290208,3500.49006860961,768106.720184329,5901.39272868397,700.019600548815,200.0016000128,25726.4467872973,253443.559563782,1967208.83330348,46285.535669918,200.0016000128,
73.74831,24624.2302425587,5101.04061228491,914070.171311355,5701.29989637637,500.010000200004,1100.04840212969,37957.5436361524,276116.294400026,2342253.58116489,51003.8438260298,200.0016000128,
73.87455,24624.2302425587,3900.60849492521,968028.224334616,4200.70571856072,600.014400345608,1600.10240655402,29935.8032206519,298727.372818238,2157209.47649318,43174.4327220127,300.003600043201,
74.00079,24023.0621396541,5601.25468104855,786168.711681753,4700.88376614804,600.014400345608,0,27229.6258329062,266204.7330676,2218340.11821509,45382.2326054811,0,
74.1271,24724.4277346018,3500.49006860961,953501.056212969,4800.92177698118,200.0016000128,500.010000200004,27029.191526849,252321.193364094,1978774.08984546,53614.7355340429,100.0004000016,
74.2533,24123.2548176442,3800.57768780855,782977.459489786,4800.92177698118,300.003600043201,600.014400345608,29434.6151073663,314712.505873013,2085339.66798229,50401.4076321559,400.006400102402,
74.37955,24123.2548176442,3500.49006860961,810874.431128328,5701.29989637637,200.0016000128,800.025600819226,26628.3325458288,290640.035285501,2057252.61638034,38559.381447429,200.0016000128,
74.50577,24423.8376655616,4200.70571856072,922371.410238011,6301.58800017604,100.0004000016,200.0016000128,30136.2840860396,262528.192981463,2416601.65893478,41468.6721210324,0,
74.632,25826.6531060054,3800.57768780855,1049657.07378006,5801.34591225164,300.003600043201,700.019600548815,23321.7358578195,466905.417241874,1954817.4870085,44780.0667593657,0,
74.75829,22520.2682414173,4100.67251029169,775002.783700301,5101.04061228491,300.003600043201,900.032401166442,30737.7459520291,266511.159712649,2285253.38820798,43475.4734218603,0,
74.88455,26327.6967369673,3200.40965243551,804770.525443724,5401.16665199683,300.003600043201,500.010000200004,25626.2412710616,267532.635545152,2175685.37078505,43676.1712426472,200.0016000128,
75.01083,21518.505915087,4000.64010241639,797450.799101836,5201.0818250196,0,300.003600043201,23622.2994506814,260077.760623378,2068817.87292232,39662.8259162513,400.006400102402,
75.13707,20016.0128102482,3100.38444767151,852502.649271994,3900.60849492521,600.014400345608,200.0016000128,27730.7256440136,249872.740641387,2149774.66871619,41368.3404985035,0,
75.26329,22820.8125810739,3500.49006860961,755246.858890093,6101.48876325823,100.0004000016,500.010000200004,26828.7604311822,250994.889198634,2174557.36130616,37456.0342272039,200.0016000128,
75.38958,20817.3200102485,4400.77453631839,760236.087411694,6501.69043951427,500.010000200004,300.003600043201,24724.4277346018,268554.193973551,2105165.82205426,40967.0220480706,100.0004000016,
75.51581,19415.0660912868,3000.36004320518,764647.870631556,5401.16665199683,300.003600043201,500.010000200004,25125.2257266295,256607.128424796,2062209.15489833,42572.3730341581,200.0016000128,
75.64209,21318.1630749398,3600.51847466035,889166.454531389,6201.53798141939,200.0016000128,1200.05760276493,29133.9118734207,247526.752279347,2091948.38600628,38760.0004807442,200.0016000128,
75.76831,22319.9093591484,3200.40965243551,835841.132312577,5001.00020004001,200.0016000128,400.006400102402,26127.2768770597,275298.551826494,1964730.56404448,53313.4510237786,100.0004000016,
75.89452,18012.9693379233,2200.1936170383,848556.409821624,3800.57768780855,400.006400102402,500.010000200004,28833.2158646761,257934.022235064,2153079.02772819,40465.3920735909,200.0016000128,
76.02072,18713.9980705568,3800.57768780855,859572.179237867,4900.9605882753,400.006400102402,400.006400102402,28532.5270808722,263549.346785668,2551254.28867357,38760.0004807442,0,
76.14703,17311.9798900839,3900.60849492521,833705.33869021,4500.81014582625,400.006400102402,900.032401166442,27229.6258329062,243651.726463829,2181992.16908314,43375.1257177431,0,
76.27326,16911.4321281186,3400.46246289495,856790.613778153,6301.58800017604,300.003600043201,800.025600819226,25425.8326459683,255586.535741706,2239818.45179305,39763.1438724695,100.0004000016,
76.39953,19815.6940296715,2400.23042212052,780850.396818849,8502.8909829342,600.014400345608,800.025600819226,25826.6531060054,255688.591298304,2144818.1301982,37355.7347562563,100.0004000016,
76.52578,22119.5536854579,2700.2916314962,717607.516713841,5801.34591225164,200.0016000128,600.014400345608,24524.0335528818,257934.022235064,2035774.28280237,43174.4327220127,100.0004000016,
76.65203,20216.3347985172,2700.2916314962,792766.470228957,7102.01697282028,400.006400102402,700.019600548815,24724.4277346018,274378.654675153,2005208.96194142,42873.3992595323,100.0004000016,
76.77827,22520.2682414173,2800.31363512713,858728.578466985,3600.51847466035,200.0016000128,1000.04000160006,27329.8441898553,259975.669591435,2109086.96595099,43676.1712426472,100.0004000016,
76.90453,16611.0297237366,2500.2500250025,746661.852957136,5301.12383825371,300.003600043201,1800.12960933187,25526.0365572884,236210.934345474,1881295.49899161,37756.9374616922,0,
77.03078,18113.1138944596,3300.43565750679,781807.531587871,6501.69043951427,300.003600043201,700.019600548815,26728.5460872212,250280.783122308,1963078.38453849,41268.0096799526,0,
77.15707,19014.4509827469,4200.70571856072,813763.534280934,5801.34591225164,0,1300.06760351538,28432.2990917683,260690.324145178,2173731.27155316,43274.7788177972,0,
77.28328,17211.841747122,2200.1936170383,761510.242776473,5401.16665199683,200.0016000128,1900.14441097523,23722.4889194957,252933.380741507,1980426.26935146,43676.1712426472,0,
77.40951,23021.1794851263,3200.40965243551,748774.358340543,5401.16665199683,600.014400345608,800.025600819226,25225.4272306485,242428.281212767,1941600.05096052,37656.6355799122,100.0004000016,
77.53567,16310.634533716,2700.2916314962,821004.664306283,5301.12383825371,400.006400102402,4900.9605882753,22920.9956319989,248240.702587844,1937469.60219553,42070.6787402837,0,
77.66191,17311.9798900839,2800.31363512713,844922.19644622,6101.48876325823,600.014400345608,2900.33643902693,25325.6295370915,253647.636864669,1911860.81985257,53715.1653144341,0,
77.78819,17111.7044058136,3900.60849492521,860749.175559316,5801.34591225164,500.010000200004,5401.16665199683,26728.5460872212,260792.420953928,1917643.44812356,45683.3263873305,100.0004000016,
77.91442,15709.8657957197,2000.16001280102,883632.295246952,6501.69043951427,400.006400102402,2000.16001280102,24624.2302425587,257117.455699016,2077904.86020531,58938.6236428079,0,
78.04068,16811.2971917128,2400.23042212052,845777.213535744,5601.25468104855,300.003600043201,2800.31363512713,25125.2257266295,232848.728062561,2063861.33440433,53614.7355340429,0,
78.16697,14908.8856958747,3100.38444767151,810448.069378484,4500.81014582625,200.0016000128,1800.12960933187,21117.8234429859,234886.321884097,2880038.01036706,39963.7821963854,0,
78.29326,15409.4922472243,2200.1936170383,835734.334244129,5201.0818250196,200.0016000128,2000.16001280102,30437.0114058695,240083.675925402,1898643.38380459,48594.2728894055,100.0004000016,
78.41955,20116.1734034163,2600.27042812453,827598.932492027,4500.81014582625,500.010000200004,700.019600548815,21518.505915087,226941.566330711,1892034.6657806,44579.3512452165,0,
78.54576,15709.8657957197,2400.23042212052,838190.91322502,5201.0818250196,700.019600548815,2100.17641481884,24223.4482979524,233663.72610372,2034948.19304937,43475.4734218603,0,
78.672,13707.5117164206,2300.21161946899,827513.533617092,6301.58800017604,600.014400345608,2300.21161946899,24524.0335528818,329567.749979717,2647906.78977442,43174.4327220127,0,
78.79823,15910.1188355794,3400.46246289495,900234.773100263,5201.0818250196,200.0016000128,1800.12960933187,30036.0432519023,253137.449796763,2107644.09131326,50200.6020064209,0,
78.92451,16310.634533716,3400.46246289495,776407.959110985,5101.04061228491,100.0004000016,1500.09000540032,37756.9374616922,246098.972786725,1944184.58275314,41468.6721210324,0,
79.05079,17211.841747122,3800.57768780855,827086.621982363,5201.0818250196,300.003600043201,1400.07840439065,20316.4969955604,346628.329763836,1895339.02479259,44679.7086001427,0,
79.17703,13307.0793662228,2900.33643902693,836161.531815683,6401.6388195378,200.0016000128,3500.49006860961,24824.6260290208,257525.732367216,2112600.62983125,57632.5548762153,0,
79.30333,14508.4148806308,2900.33643902693,822391.525297681,6601.74286011507,300.003600043201,1900.14441097523,26127.2768770597,215949.390580935,1778860.36961977,55121.2667869313,100.0004000016,
79.42962,15809.9919148902,2300.21161946899,852502.649271994,5801.34591225164,500.010000200004,2300.21161946899,28231.8455217485,244671.354770435,1784642.99789076,48594.2728894055,0,
79.55587,16010.246557797,2800.31363512713,852191.64539893,5601.25468104855,800.025600819226,2400.23042212052,25926.8602271954,230200.347974923,1722686.26641586,55523.0390545449,0,
79.68211,19114.6035571176,2900.33643902693,900938.235586646,4000.64010241639,600.014400345608,10504.4118529783,31439.4879969241,225516.114059694,1752425.49752381,49096.2286080718,100.0004000016,
79.80839,18713.9980705568,2100.17641481884,864262.737751422,5601.25468104855,300.003600043201,1900.14441097523,27830.9480141918,223989.022519977,1932225.59293988,42672.714305176,200.0016000128,
79.93464,15609.7404780583,3000.36004320518,864815.98735314,5901.39272868397,100.0004000016,1900.14441097523,24824.6260290208,226025.185663545,1855686.71664865,55422.5947796526,100.0004000016,
80.06087,20316.4969955604,2600.27042812453,857218.507976435,7001.96054895371,700.019600548815,1200.05760276493,25626.2412710616,215745.922109569,1921784.67741241,51003.8438260298,100.0004000016,
80.18704,15609.7404780583,2400.23042212052,900926.543010817,5401.16665199683,500.010000200004,1200.05760276493,25125.2257266295,206999.883039521,1859308.79180383,48192.7227986646,200.0016000128,
80.31321,16811.2971917128,1200.05760276493,869847.761119895,5701.29989637637,300.003600043201,600.014400345608,25125.2257266295,217475.508787786,2168774.73303516,51104.2526754579,200.0016000128,
80.43943,13707.5117164206,2400.23042212052,881203.206784602,4600.84655576626,400.006400102402,600.014400345608,25425.8326459683,214016.572668813,1803442.84862702,44780.0667593657,200.0016000128,
80.56566,17011.567866149,2800.31363512713,857218.507976435,4700.88376614804,600.014400345608,500.010000200004,30637.5003003677,205779.987820567,2032469.92379038,50301.0044168691,0,
80.69192,17211.841747122,2500.2500250025,837550.021496842,6101.48876325823,500.010000200004,300.003600043201,26828.7604311822,254361.933393136,1776801.43609341,63561.1911808346,0,
80.81811,14508.4148806308,2500.2500250025,804078.75553317,5701.29989637637,100.0004000016,100.0004000016,21318.1630749398,214220.013232423,1811077.86998672,45181.5074394207,100.0004000016,
80.94432,14408.2991803279,2300.21161946899,901618.312921372,4800.92177698118,200.0016000128,700.019600548815,24824.6260290208,204052.005032745,1737555.88196984,62355.1395872932,0,
81.07058,19815.6940296715,2300.21161946899,926522.029701339,6001.44034568296,500.010000200004,300.003600043201,25225.4272306485,227552.523764355,1678077.41975393,46988.1497689666,0,
81.19691,15910.1188355794,1600.10240655402,815778.603882693,4600.84655576626,300.003600043201,500.010000200004,25025.025025025,199885.491720326,1696509.80509412,44880.4257228954,0,
81.32324,16010.246557797,2800.31363512713,929289.109343557,5301.12383825371,300.003600043201,900.032401166442,23321.7358578195,209440.027750552,1733425.43320484,47490.0411179596,100.0004000016,
81.44955,18313.4054127621,3200.40965243551,841716.386128994,5101.04061228491,200.0016000128,800.025600819226,26127.2768770597,204255.284828248,1850730.17813066,48594.2728894055,200.0016000128,
81.57586,17111.7044058136,2900.33643902693,863852.679495138,5301.12383825371,200.0016000128,900.032401166442,24123.2548176442,191150.449611653,1623555.49605602,48694.6624237518,100.0004000016,
81.70218,14007.84439286,2300.21161946899,819617.952277084,5501.21026625858,100.0004000016,900.032401166442,24824.6260290208,205373.382319136,2171253.00229416,45482.5963950534,200.0016000128,
81.82841,16210.5044068556,2800.31363512713,881203.206784602,6201.53798141939,200.0016000128,900.032401166442,29735.3255667733,191759.674643385,1727448.44809743,40064.1025641026,0,
81.95469,18613.8487034354,2500.2500250025,873947.516499187,5601.25468104855,500.010000200004,1400.07840439065,26928.9755777216,199275.873608496,1545076.96952114,40264.7457111035,300.003600043201,
82.08096,18313.4054127621,2400.23042212052,843426.05265443,5501.21026625858,300.003600043201,600.014400345608,39763.1438724695,232746.857009051,1692120.94555491,48694.6624237518,100.0004000016,
82.20721,23421.922919853,1900.14441097523,903621.948035262,5301.12383825371,100.0004000016,1700.11560786133,29735.3255667733,196431.379030925,1786295.17739676,44980.7854907414,0,
82.33352,19715.5358422437,2600.27042812453,841182.161728589,4800.92177698118,400.006400102402,400.006400102402,32442.0448901777,194704.677749649,1696053.68256043,43074.0874303803,100.0004000016,
82.45976,18814.1482394761,2700.2916314962,840968.478153012,4500.81014582625,300.003600043201,400.006400102402,26127.2768770597,223683.626398906,1616120.68827903,36753.9548056547,500.010000200004,
82.58605,20416.6599945556,2400.23042212052,882940.525336397,5701.29989637637,300.003600043201,300.003600043201,30336.7681630136,184755.365360283,1683033.95827192,38860.311202987,0,
82.71227,20116.1734034163,2600.27042812453,841502.693718241,5701.29989637637,500.010000200004,200.0016000128,26728.5460872212,211067.053370821,1610338.06000804,37957.5436361524,100.0004000016,
82.83843,17612.3991289868,2700.2916314962,866956.928412679,5201.0818250196,200.0016000128,500.010000200004,27129.408278574,199377.474578868,1718422.03136957,36352.7842427204,100.0004000016,
82.96472,18012.9693379233,2700.2916314962,926522.029701339,5701.29989637637,0,300.003600043201,28632.7558727184,197142.442469884,1514511.64866019,38960.6227289663,0,
83.09101,19214.7569333248,3700.5476810568,841434.33070312,5501.21026625858,400.006400102402,600.014400345608,21217.9928579435,191962.756202261,1668990.43247094,31940.756405173,200.0016000128,
83.21728,18113.1138944596,2900.33643902693,802030.310161046,5101.04061228491,300.003600043201,700.019600548815,24524.0335528818,207914.881946293,1675771.99684159,36352.7842427204,100.0004000016,
83.34358,19014.4509827469,2600.27042812453,822711.591298779,3600.51847466035,600.014400345608,400.006400102402,25025.025025025,209541.710699333,1710885.64749324,32742.827618525,0,
83.46984,16711.163056922,3100.38444767151,925138.489880229,5101.04061228491,100.0004000016,300.003600043201,27630.5040765005,195110.939112487,1555816.13631012,32041.0124959949,0,
83.59603,27029.191526849,3700.5476810568,815147.074102044,5801.34591225164,900.032401166442,300.003600043201,29735.3255667733,205983.29549075,1541772.61050914,30938.239664225,0,
83.72229,22019.3770518056,4300.73972723308,814179.212357764,5101.04061228491,100.0004000016,600.014400345608,28732.9854673165,197142.442469884,1765642.93357179,31339.2367243789,100.0004000016,
83.84857,19515.221873061,2400.23042212052,831783.426327754,5901.39272868397,100.0004000016,500.010000200004,32542.3049964954,244977.259324485,1700273.41079973,33645.2191745706,100.0004000016,
83.9748,22319.9093591484,5001.00020004001,833064.669460771,6901.90492575951,500.010000200004,300.003600043201,29835.5639922788,211982.34757844,1673950.43339835,34246.8496903764,200.0016000128,
84.10114,20516.8237955123,2200.1936170383,870488.666946414,5301.12383825371,500.010000200004,300.003600043201,29334.3798932349,190541.254045601,1662571.29571564,29133.9118734207,100.0004000016,
84.22747,22219.7311212357,4100.67251029169,788296.652060175,6201.53798141939,600.014400345608,1000.04000160006,38760.0004807442,200901.587455193,1555816.13631012,33745.4889190629,0,
84.35371,25325.6295370915,2600.27042812453,808229.374996497,5701.29989637637,400.006400102402,300.003600043201,30938.239664225,190439.724315828,1683860.04802492,27530.2833116428,100.0004000016,
84.47994,19715.5358422437,3300.43565750679,834025.685221697,4700.88376614804,200.0016000128,300.003600043201,32141.2693898966,192876.663737575,1661206.45158538,27830.9480141918,400.006400102402,
84.60621,23522.1107841371,2700.2916314962,815147.074102044,5001.00020004001,500.010000200004,500.010000200004,32943.3534531443,221342.50179576,1641729.47062199,23522.1107841371,0,
84.73239,19415.0660912868,2600.27042812453,819511.288290335,5701.29989637637,100.0004000016,600.014400345608,31439.4879969241,198463.095338889,1684883.5471682,26327.6967369673,0,
84.85867,23922.8702639724,4200.70571856072,834559.613763,5501.21026625858,100.0004000016,300.003600043201,31339.2367243789,195110.939112487,1835551.73894375,21217.9928579435,100.0004000016,
84.98492,21017.6548300572,3200.40965243551,847594.312702128,5501.21026625858,400.006400102402,200.0016000128,33444.6820952793,188612.329120454,1588859.72643007,21718.8519635043,100.0004000016,
85.11123,23121.3641404658,3800.57768780855,873947.516499187,6401.6388195378,100.0004000016,200.0016000128,33544.9502333126,201816.143678578,1604555.43173705,23922.8702639724,0,
85.23745,22119.5536854579,5101.04061228491,788828.692031871,5101.04061228491,300.003600043201,300.003600043201,28532.5270808722,188409.301575787,1669966.63053775,29534.8511243267,100.0004000016,
85.36368,17812.6826300326,5301.12383825371,773408.440481983,5501.21026625858,400.006400102402,300.003600043201,27530.2833116428,181203.943577987,1636663.1293178,20016.0128102482,100.0004000016,
85.4899,17311.9798900839,3700.5476810568,784998.494156088,5301.12383825371,900.032401166442,600.014400345608,27329.8441898553,198158.317004927,1731678.1078249,21418.3340939844,0,
85.61614,22019.3770518056,2800.31363512713,791169.928733839,5601.25468104855,700.019600548815,300.003600043201,29133.9118734207,194907.806793353,1678732.56811614,21418.3340939844,300.003600043201,
85.74244,22620.4488857928,3100.38444767151,792447.146117308,4300.73972723308,200.0016000128,100.0004000016,31038.4877247787,193485.972267011,1794939.40056505,20817.3200102485,200.0016000128,
85.86874,25125.2257266295,3100.38444767151,844494.709115043,4600.84655576626,400.006400102402,300.003600043201,31940.756405173,199275.873608496,1743001.89126509,17812.6826300326,100.0004000016,
85.99498,19114.6035571176,3900.60849492521,779893.333113345,5301.12383825371,500.010000200004,400.006400102402,27931.1711870447,193079.763305977,1654946.90666997,20016.0128102482,300.003600043201,
86.12121,19314.911111378,3600.51847466035,792872.913356581,6101.48876325823,200.0016000128,300.003600043201,31138.7365883159,221953.188054883,1749525.99839931,17111.7044058136,100.0004000016,
86.2474,17912.8255831175,3600.51847466035,763264.330810447,4800.92177698118,600.014400345608,700.019600548815,30336.7681630136,188815.359938096,1696851.9072231,18313.4054127621,200.0016000128,
86.37357,22720.6303323418,2400.23042212052,772451.929222662,5201.0818250196,100.0004000016,300.003600043201,26828.7604311822,179276.448311981,1632803.94421173,15309.3693340324,500.010000200004,
86.4998,23021.1794851263,3500.49006860961,805972.121292198,6101.48876325823,400.006400102402,500.010000200004,30837.992406645,194603.114456059,1688757.84115705,17111.7044058136,0,
86.62603,19815.6940296715,2800.31363512713,791276.358684439,5001.00020004001,300.003600043201,600.014400345608,28732.9854673165,192064.29820955,1705407.31087231,22019.3770518056,100.0004000016,
86.75227,18613.8487034354,2400.23042212052,779361.661758276,5001.00020004001,600.014400345608,500.010000200004,32442.0448901777,189018.394028792,1546729.14902714,13206.9732818928,100.0004000016,
86.87856,27730.7256440136,3300.43565750679,773621.008181578,4800.92177698118,300.003600043201,400.006400102402,28632.7558727184,188206.277304016,1616584.90051785,15709.8657957197,0,
87.00478,19214.7569333248,2800.31363512713,785849.550913644,6301.58800017604,100.0004000016,200.0016000128,31740.2466327303,217475.508787786,1714995.87520464,15309.3693340324,200.0016000128,
87.13105,21418.3340939844,3700.5476810568,804906.64816971,4900.9605882753,500.010000200004,300.003600043201,32642.5659059413,192165.841035418,1580598.82890008,17311.9798900839,0,
87.25727,18713.9980705568,2600.27042812453,763740.317986388,5801.34591225164,200.0016000128,200.0016000128,26027.0681508769,190744.315960453,1728934.3922268,14208.0701838644,300.003600043201,
87.38348,18713.9980705568,2900.33643902693,772664.481144719,5701.29989637637,100.0004000016,600.014400345608,30336.7681630136,214220.013232423,1657453.85061589,14708.648685427,0,
87.50969,22620.4488857928,3200.40965243551,801178.18500064,5101.04061228491,200.0016000128,400.006400102402,29133.9118734207,216254.599444839,1600424.98297205,17011.567866149,100.0004000016,
87.63601,17412.118834709,3100.38444767151,765545.899774088,5701.29989637637,600.014400345608,600.014400345608,30036.0432519023,187597.224125285,1541772.61050914,14708.648685427,0,
87.76226,17011.567866149,3100.38444767151,760129.91348718,5701.29989637637,400.006400102402,1000.04000160006,23421.922919853,177552.0973908,1641431.90236874,12506.2531265633,0,
87.88851,17512.2585810067,2700.2916314962,764589.97200935,4300.73972723308,600.014400345608,400.006400102402,30637.5003003677,214423.457079,1768773.47621434,14308.184281409,200.0016000128,
88.01475,21318.1630749398,3700.5476810568,825165.694263094,5301.12383825371,400.006400102402,1500.09000540032,31339.2367243789,199174.273457407,1741285.54986501,13307.0793662228,0,
88.14101,33244.1482288479,7302.132222609,825058.98443472,6001.44034568296,600.014400345608,2100.17641481884,27530.2833116428,233867.483840231,1611164.14976104,15309.3693340324,100.0004000016,
88.26735,38659.6905622281,5801.34591225164,783402.914143331,5101.04061228491,200.0016000128,2600.27042812453,30737.7459520291,209440.027750552,1708642.74061488,17812.6826300326,0,
88.39359,60043.8651007815,7702.37233067785,822924.973040866,5701.29989637637,100.0004000016,4000.64010241639,31138.7365883159,201104.816435153,1557468.31581612,12506.2531265633,300.003600043201,
88.51987,37255.4360889003,5301.12383825371,775746.878041538,3500.49006860961,100.0004000016,2000.16001280102,28833.2158646761,192978.213112441,1695141.48424987,13307.0793662228,100.0004000016,
88.64607,38258.4589252378,4700.88376614804,807570.495959567,4200.70571856072,400.006400102402,2000.16001280102,28031.3951625821,196228.225419568,1700957.8167588,19214.7569333248,100.0004000016,
88.77225,28031.3951625821,4700.88376614804,835413.945336398,6301.58800017604,300.003600043201,1200.05760276493,30036.0432519023,193689.081659801,1480641.96878724,12005.7627661277,0,
88.89858,27430.063349431,5201.0818250196,801071.673313023,4400.77453631839,600.014400345608,1400.07840439065,31339.2367243789,202832.395115893,1549207.41828613,13907.7326993809,0,
89.02479,26528.1198069954,3600.51847466035,789041.514167468,4800.92177698118,500.010000200004,1000.04000160006,27730.7256440136,191150.449611653,1559120.49532212,15309.3693340324,300.003600043201,
89.15103,21718.8519635043,3400.46246289495,896775.92354749,5801.34591225164,200.0016000128,1100.04840212969,32442.0448901777,204255.284828248,1717394.09224982,12906.6598364756,0,
89.27731,26427.9078707115,4800.92177698118,824098.635661221,5501.21026625858,300.003600043201,1400.07840439065,30737.7459520291,208423.243376235,1692747.26025642,14308.184281409,200.0016000128,
89.40363,22319.9093591484,4300.73972723308,868884.078426178,3300.43565750679,0,600.014400345608,34046.302972042,205373.382319136,1737967.9144385,13407.186251831,100.0004000016,
89.52993,17011.567866149,2800.31363512713,828367.399228042,5401.16665199683,400.006400102402,1000.04000160006,29033.6790677186,206084.950555744,1618398.63713799,11505.2924345199,100.0004000016,
89.65616,19715.5358422437,3200.40965243551,789254.33981572,5001.00020004001,300.003600043201,500.010000200004,24423.8376655616,183639.096290148,1625996.34478322,13807.6218072376,0,
89.78243,19715.5358422437,3100.38444767151,837283.711239792,4800.92177698118,700.019600548815,1100.04840212969,26027.0681508769,206084.950555744,1664960.10921968,15509.6159618964,0,
89.90868,21117.8234429859,3400.46246289495,813326.284574369,5601.25468104855,100.0004000016,900.032401166442,30336.7681630136,195314.07470713,1741056.72099023,14007.84439286,200.0016000128,
90.03491,16911.4321281186,3800.57768780855,840434.284674762,5501.21026625858,600.014400345608,200.0016000128,28632.7558727184,197040.859521458,1621233.09551698,14007.84439286,0,
90.16122,20817.3200102485,2600.27042812453,780558.578574312,5101.04061228491,100.0004000016,800.025600819226,26928.9755777216,182725.858831683,1654270.65386124,15609.7404780583,100.0004000016,
90.28751,21819.0261908384,3100.38444767151,805332.826860668,4300.73972723308,300.003600043201,400.006400102402,27029.191526849,181711.228222856,1577988.32269505,12906.6598364756,300.003600043201,
90.4138,19915.8530190031,3200.40965243551,820257.954705071,4200.70571856072,600.014400345608,300.003600043201,27029.191526849,184450.918527294,1466598.44298626,13106.8679988314,200.0016000128,
90.54001,24023.0621396541,4400.77453631839,857218.507976435,4400.77453631839,500.010000200004,3200.40965243551,33043.6175751993,194196.869469874,1845773.63961267,14708.648685427,500.010000200004,
90.66624,49397.4116958642,6501.69043951427,757688.154760433,5001.00020004001,0,2900.33643902693,29434.6151073663,191759.674643385,1566555.3030991,15309.3693340324,200.0016000128,
90.79243,50100.2004008016,6601.74286011507,861177.20078618,4900.9605882753,100.0004000016,1600.10240655402,31740.2466327303,189018.394028792,1604122.14910227,17612.3991289868,100.0004000016,
90.91864,36954.5449082846,6401.6388195378,824418.74398291,5001.00020004001,500.010000200004,1700.11560786133,28732.9854673165,194298.429488213,1625769.48473811,16110.3750815525,300.003600043201,
91.04491,28031.3951625821,5101.04061228491,825523.622760363,3900.60849492521,300.003600043201,1500.09000540032,26828.7604311822,181102.489101619,1529381.26421416,17512.2585810067,0,
91.17119,31038.4877247787,4200.70571856072,795321.347795222,5101.04061228491,500.010000200004,1500.09000540032,27530.2833116428,178972.13392796,1727642.80493385,12506.2531265633,300.003600043201,
91.29739,28131.6199408135,4600.84655576626,791489.221220825,4600.84655576626,400.006400102402,500.010000200004,28933.4470648069,177044.98030148,1519233.86994119,12606.3536022155,0,
91.4237,20016.0128102482,6001.44034568296,785530.398046076,4500.81014582625,800.025600819226,500.010000200004,29635.0879441258,170454.316632233,1510347.51884356,12406.1534521122,200.0016000128,
91.54986,47490.0411179596,2400.23042212052,790637.792156345,3600.51847466035,500.010000200004,500.010000200004,26828.7604311822,179175.009366653,1524185.81359227,15109.1259120509,200.0016000128,
91.67601,16210.5044068556,2800.31363512713,801604.24054526,4500.81014582625,200.0016000128,600.014400345608,30737.7459520291,178566.39285815,1523960.68512451,14308.184281409,100.0004000016,
91.80214,18513.7001381022,3000.36004320518,815671.971615152,5401.16665199683,0,300.003600043201,27630.5040765005,177552.0973908,1567933.14232761,13407.186251831,100.0004000016,
91.92836,19615.3784567101,3400.46246289495,818231.389186085,5001.00020004001,400.006400102402,700.019600548815,31639.9929510902,180189.435601162,1556757.10127685,16110.3750815525,100.0004000016,
92.05471,18613.8487034354,2500.2500250025,817804.78434904,5701.29989637637,300.003600043201,500.010000200004,29334.3798932349,179682.212266735,1404641.71151136,15309.3693340324,200.0016000128,
92.181,20016.0128102482,3800.57768780855,807037.682404142,5301.12383825371,300.003600043201,300.003600043201,29033.6790677186,184653.882264765,1490796.03782462,12506.2531265633,100.0004000016,
92.30727,18914.2992102029,3600.51847466035,827620.263730996,5801.34591225164,400.006400102402,500.010000200004,29835.5639922788,182624.392091447,1538827.36598954,12606.3536022155,0,
92.43354,24924.8251258253,4200.70571856072,830715.820796826,6801.85010322808,400.006400102402,400.006400102402,29635.0879441258,176436.466759047,1523960.68512451,14808.7667899396,200.0016000128,
92.55982,18213.259252736,3100.38444767151,845349.697919553,5701.29989637637,500.010000200004,700.019600548815,30837.992406645,195009.372543487,1562287.50169999,16911.4321281186,0,
92.68614,20917.487019148,2600.27042812453,863638.620826643,6601.74286011507,400.006400102402,100.0004000016,38960.6227289663,176233.635448137,1560707.15226722,16210.5044068556,0,
92.8124,16611.0297237366,2800.31363512713,828047.193007831,6601.74286011507,300.003600043201,0,29635.0879441258,191353.521348161,1487877.02844162,14808.7667899396,200.0016000128,
92.93868,16210.5044068556,2600.27042812453,812153.600898676,6101.48876325823,700.019600548815,300.003600043201,29835.5639922788,167109.607795764,1511134.67656416,16711.163056922,200.0016000128,
93.06496,15709.8657957197,2900.33643902693,807463.931488409,5701.29989637637,500.010000200004,200.0016000128,30537.255451651,166501.574416339,1519796.4976896,15809.9919148902,200.0016000128,
93.1912,18213.259252736,2800.31363512713,847059.845248483,4000.64010241639,300.003600043201,200.0016000128,30136.2840860396,171772.173310672,1563868.03920402,16510.8971921468,0,
93.31751,15209.2472223112,2400.23042212052,834239.25398984,4800.92177698118,300.003600043201,300.003600043201,29635.0879441258,176132.221018244,1512484.19855942,16510.8971921468,0,
93.44379,17912.8255831175,2400.23042212052,812899.84181855,6701.7960813498,200.0016000128,100.0004000016,35049.0686961746,176740.719853371,1546041.45429833,16210.5044068556,100.0004000016,
93.57013,17712.5404786589,3200.40965243551,851336.203865705,5201.0818250196,200.0016000128,700.019600548815,27129.408278574,171772.173310672,1510459.96708461,18914.2992102029,200.0016000128,
93.69643,17111.7044058136,2100.17641481884,860428.165937058,7302.132222609,400.006400102402,400.006400102402,30637.5003003677,171974.932740483,1536911.78281342,16410.7654621432,200.0016000128,
93.82263,19815.6940296715,7202.07419736884,837443.209299826,4400.77453631839,400.006400102402,400.006400102402,31639.9929510902,169339.314910719,1511247.13148306,15809.9919148902,300.003600043201,
93.94894,18213.259252736,3000.36004320518,818658.008121517,6201.53798141939,700.019600548815,200.0016000128,27730.7256440136,169744.758652351,1482938.63161597,18113.1138944596,0,
94.07521,14208.0701838644,2400.23042212052,787339.035429741,6701.7960813498,100.0004000016,200.0016000128,30837.992406645,174915.311584892,1467686.13135595,16010.246557797,100.0004000016,
94.20142,15809.9919148902,2400.23042212052,806931.122333112,6701.7960813498,200.0016000128,300.003600043201,28432.2990917683,183436.148908651,1511921.88103146,15709.8657957197,100.0004000016,
94.32768,15109.1259120509,3000.36004320518,815138.823490537,7102.01697282028,600.014400345608,300.003600043201,28532.5270808722,172076.313680319,1531842.45604204,16010.246557797,100.0004000016,
94.45396,14608.5313823273,3400.46246289495,818977.981575577,6801.85010322808,400.006400102402,400.006400102402,29635.0879441258,181203.943577987,1517883.6607408,15009.0054032419,100.0004000016,
94.58025,15809.9919148902,3600.51847466035,830822.577378812,6001.44034568296,600.014400345608,600.014400345608,32041.0124959949,170352.948757189,1498321.06637723,16911.4321281186,0,
94.70645,14208.0701838644,2200.1936170383,839045.484988548,6701.7960813498,600.014400345608,100.0004000016,26628.3325458288,179682.212266735,1561497.30347679,16911.4321281186,0,
94.83268,15809.9919148902,2300.21161946899,812153.600898676,8002.56081946223,200.0016000128,500.010000200004,30336.7681630136,180798.130577547,1603669.17805304,18513.7001381022,0,
94.95891,15409.4922472243,3000.36004320518,859037.216326362,5001.00020004001,500.010000200004,100.0004000016,31339.2367243789,174509.701249058,1510572.41627961,16611.0297237366,0,
95.08507,15910.1188355794,2000.16001280102,823885.234522196,7502.25067520256,300.003600043201,500.010000200004,27129.408278574,165893.570416184,1530716.20199002,20717.1538033492,0,
95.21143,19815.6940296715,2400.23042212052,843532.91432352,6201.53798141939,400.006400102402,800.025600819226,29835.5639922788,181305.398871878,1567933.14232761,16711.163056922,0,
95.33774,21117.8234429859,4100.67251029169,823448.313028699,6101.48876325823,300.003600043201,500.010000200004,25425.8326459683,172380.461399665,1561497.30347679,19815.6940296715,0,
95.46405,18413.5523745477,3000.36004320518,820257.954705071,6201.53798141939,100.0004000016,500.010000200004,29133.9118734207,166400.238376143,1472618.8408805,18213.259252736,100.0004000016,
95.59037,19314.911111378,4900.9605882753,802349.871607507,7202.07419736884,600.014400345608,800.025600819226,28131.6199408135,176639.301338189,1559239.85330801,22119.5536854579,0,
95.71665,21718.8519635043,3800.57768780855,852084.712111185,5601.25468104855,500.010000200004,600.014400345608,33344.4147604609,183233.204798111,1621119.70559171,25726.4467872973,0,
95.84295,20717.1538033492,3300.43565750679,836375.135899333,6201.53798141939,300.003600043201,700.019600548815,30837.992406645,174104.103983147,1605481.15480559,20817.3200102485,100.0004000016,
95.9692,20416.6599945556,3700.5476810568,829968.549430294,7902.49718911176,400.006400102402,1000.04000160006,28532.5270808722,176233.635448137,1529702.65509264,18814.1482394761,200.0016000128,
96.09539,24023.0621396541,3300.43565750679,813646.125887989,7402.19104855037,700.019600548815,400.006400102402,34447.3996218797,179276.448311981,1624294.9886687,20717.1538033492,200.0016000128,
96.22166,22019.3770518056,4100.67251029169,848877.1247777,7302.132222609,0,600.014400345608,32041.0124959949,173901.310251215,1596536.91812097,20616.9883984403,200.0016000128,
96.34786,25926.8602271954,3500.49006860961,841823.233659698,7702.37233067785,100.0004000016,800.025600819226,30637.5003003677,173495.732589003,1579909.84094582,21217.9928579435,0,
96.47419,18012.9693379233,4400.77453631839,844174.102897029,7502.25067520256,500.010000200004,300.003600043201,28833.2158646761,170961.168254787,1553259.46570593,22620.4488857928,0,
96.60042,16410.7654621432,2300.21161946899,827193.348567934,5701.29989637637,200.0016000128,500.010000200004,27730.7256440136,191861.215013543,1581944.69254259,19014.4509827469,100.0004000016,
96.72662,19014.4509827469,2000.16001280102,813326.284574369,10304.2453490838,100.0004000016,300.003600043201,32843.0901342561,174813.907775594,1597946.71371306,22420.0883992057,0,
96.85285,17712.5404786589,2400.23042212052,860749.175559316,7402.19104855037,500.010000200004,400.006400102402,32542.3049964954,175929.394609531,1606727.03200896,20717.1538033492,0,
96.97908,18814.1482394761,2900.33643902693,822924.973040866,6201.53798141939,300.003600043201,300.003600043201,31840.5011174214,184349.437885321,1580022.8800837,19915.8530190031,0,
97.10534,17812.6826300326,3600.51847466035,814499.074808353,8002.56081946223,300.003600043201,100.0004000016,34046.302972042,167008.266858875,1582396.92409769,20116.1734034163,100.0004000016,
97.23168,18914.2992102029,3700.5476810568,828580.874452434,7602.31110257518,100.0004000016,500.010000200004,36051.9147572504,186480.703125944,1633825.38437937,21718.8519635043,0,
97.35792,19715.5358422437,2100.17641481884,840861.637690447,9203.38684635946,400.006400102402,900.032401166442,32542.3049964954,180290.882720277,1493491.07911168,17712.5404786589,0,
97.48421,18914.2992102029,3500.49006860961,772239.380806486,7802.43435952017,200.0016000128,100.0004000016,30938.239664225,168528.466612437,1534545.85594077,19515.221873061,0,
97.6105,22720.6303323418,2700.2916314962,819404.625184867,7902.49718911176,500.010000200004,500.010000200004,36854.249455198,185364.281108962,1570079.11506757,20817.3200102485,0,
97.73675,19114.6035571176,3700.5476810568,777341.510593456,7702.37233067785,400.006400102402,600.014400345608,30236.5257230735,171163.914619412,1606840.29935888,22420.0883992057,200.0016000128,
97.86298,19214.7569333248,2300.21161946899,782764.737428324,7702.37233067785,400.006400102402,400.006400102402,37054.8411649241,189018.394028792,1637798.39661764,24724.4277346018,0,
97.9893,18814.1482394761,3400.46246289495,799580.602017734,8302.75651516303,200.0016000128,500.010000200004,34848.5091247016,186176.214578162,1649610.91568063,19915.8530190031,0,
98.11561,23321.7358578195,3300.43565750679,770007.834082382,7902.49718911176,700.019600548815,700.019600548815,36051.9147572504,172684.616468977,1587372.48696155,24924.8251258253,200.0016000128,
98.24189,24423.8376655616,2800.31363512713,782445.660917525,8002.56081946223,300.003600043201,600.014400345608,32542.3049964954,185364.281108962,1652468.63741097,21017.6548300572,0,
98.36812,23622.2994506814,2900.33643902693,793511.590572368,6201.53798141939,300.003600043201,700.019600548815,34748.2305439951,166805.587433509,1670642.61197694,21919.201220269,200.0016000128,
98.49435,20616.9883984403,5101.04061228491,936898.578359658,12205.9565067753,300.003600043201,600.014400345608,41569.0045475489,185161.305921132,1653020.32026269,24624.2302425587,100.0004000016,
98.6206,21919.201220269,3900.60849492521,835093.564374853,7302.132222609,300.003600043201,800.025600819226,39763.1438724695,179682.212266735,1581944.69254259,22319.9093591484,300.003600043201,
98.74685,21919.201220269,4000.64010241639,835900.171418683,7702.37233067785,300.003600043201,800.025600819226,37155.1382251261,194603.114456059,1569859.6621111,22920.9956319989,100.0004000016,
98.8731,20817.3200102485,2300.21161946899,807783.627542067,7502.25067520256,400.006400102402,600.014400345608,34647.952766629,192064.29820955,1645747.97812064,20817.3200102485,200.0016000128,
98.99942,20216.3347985172,4200.70571856072,827086.621982363,7302.132222609,100.0004000016,800.025600819226,42773.0563802976,178769.261758485,1582849.17104043,22019.3770518056,400.006400102402,
99.12565,18313.4054127621,3900.60849492521,771495.48895743,8102.62525058119,500.010000200004,300.003600043201,40766.3676465285,174408.3007073,1602650.04958734,23622.2994506814,100.0004000016,
99.25197,19915.8530190031,3400.46246289495,820684.640617383,6301.58800017604,500.010000200004,1300.06760351538,33544.9502333126,191251.985070656,1630647.82779132,23421.922919853,300.003600043201,
99.37827,20016.0128102482,3100.38444767151,829648.303508699,8903.16952835209,200.0016000128,1000.04000160006,37756.9374616922,193079.763305977,1628378.60867787,23421.922919853,400.006400102402,
99.5044,22920.9956319989,4900.9605882753,849735.569629775,8402.82334864514,100.0004000016,800.025600819226,34948.7885087582,182522.926168872,1568159.01787081,22920.9956319989,200.0016000128,
99.63066,21318.1630749398,4800.92177698118,770007.834082382,8302.75651516303,400.006400102402,900.032401166442,37155.1382251261,182624.392091447,1602876.5158319,31940.756405173,200.0016000128,
99.75692,24223.4482979524,3500.49006860961,796492.502507419,10304.2453490838,300.003600043201,300.003600043201,39863.462632511,189525.993575663,1563190.64295672,19615.3784567101,100.0004000016,
99.88316,22620.4488857928,3800.57768780855,780106.007795904,7502.25067520256,400.006400102402,500.010000200004,37656.6355799122,179377.888074644,1490346.91758323,21117.8234429859,600.014400345608,
100.00945,21618.6785382571,1900.14441097523,800006.604801691,10104.0820491479,200.0016000128,1200.05760276493,54116.8924877736,196431.379030925,1598121.53426476,21618.6785382571,400.006400102402,
100.13567,25325.6295370915,3600.51847466035,830182.051123096,9703.76506084361,100.0004000016,900.032401166442,43475.4734218603,191150.449611653,1527729.08470817,22420.0883992057,100.0004000016,
100.26194,22920.9956319989,3900.60849492521,728675.835282715,11805.5722300926,400.006400102402,600.014400345608,44579.3512452165,190947.38114911,1636776.65169325,27430.063349431,200.0016000128,
100.38831,22219.7311212357,5001.00020004001,828047.193007831,8602.95941803981,0,500.010000200004,39562.5087638469,177146.402085071,1544250.87976814,23421.922919853,200.0016000128,
100.51457,21017.6548300572,4800.92177698118,847701.20884529,9103.31360615264,500.010000200004,800.025600819226,41167.6796653699,188003.256305061,1482294.14829324,21718.8519635043,100.0004000016,
100.64086,21518.505915087,3700.5476810568,779255.330118832,8302.75651516303,400.006400102402,300.003600043201,42773.0563802976,183131.733969426,1562626.17247432,24223.4482979524,400.006400102402,
100.76716,36854.249455198,3200.40965243551,797131.35899288,8002.56081946223,400.006400102402,1100.04840212969,43776.5213593361,242558.793080711,1552469.80453134,18814.1482394761,500.010000200004,
100.89344,25726.4467872973,3600.51847466035,811727.196887725,9103.31360615264,700.019600548815,700.019600548815,43375.1257177431,178870.697434575,1575163.06520057,21418.3340939844,300.003600043201,
101.01969,23722.4889194957,3600.51847466035,840968.478153012,7902.49718911176,600.014400345608,600.014400345608,44880.4257228954,190135.140036999,1594047.18847733,18012.9693379233,100.0004000016,
101.14593,38358.7656289435,3700.5476810568,687169.640649438,10404.3282005314,300.003600043201,600.014400345608,41870.0066511207,175219.527914283,1597946.71371306,23021.1794851263,100.0004000016,
101.27221,22319.9093591484,4000.64010241639,797876.731553486,9803.84310649775,300.003600043201,200.0016000128,43074.0874303803,183639.096290148,1524861.22192609,22219.7311212357,600.014400345608,
101.39852,23121.3641404658,2900.33643902693,795853.677663267,9603.68781612139,200.0016000128,1000.04000160006,48393.4962347255,185973.226303022,1556757.10127685,23321.7358578195,0,
101.52484,21518.505915087,4800.92177698118,867706.341519945,10004.0016006403,400.006400102402,800.025600819226,44579.3512452165,183131.733969426,1562739.06465158,20116.1734034163,200.0016000128,
101.65108,28131.6199408135,4200.70571856072,806185.226475082,9903.92195309342,400.006400102402,1100.04840212969,41569.0045475489,177653.523260123,1550552.25148683,23021.1794851263,200.0016000128,
101.77736,23321.7358578195,4900.9605882753,797876.731553486,8903.16952835209,300.003600043201,800.025600819226,50301.0044168691,179682.212266735,1503602.36963408,21919.201220269,200.0016000128,
101.90363,24323.6425805883,3800.57768780855,777873.09862408,8002.56081946223,100.0004000016,900.032401166442,43375.1257177431,181102.489101619,1463987.80539442,21919.201220269,200.0016000128,
102.02984,23522.1107841371,4800.92177698118,800006.604801691,9303.46088745013,200.0016000128,700.019600548815,42873.3992595323,177247.824685788,1521371.9823983,23021.1794851263,500.010000200004,
102.15614,22620.4488857928,4700.88376614804,828474.136399139,7802.43435952017,500.010000200004,600.014400345608,51305.072789072,189525.993575663,1600045.96487943,23421.922919853,100.0004000016,
102.28234,23822.6791905894,4500.81014582625,815352.080097809,10404.3282005314,300.003600043201,1200.05760276493,50602.2164772841,169542.035148762,1539278.13163482,21718.8519635043,300.003600043201,
102.40865,22820.8125810739,5801.34591225164,805972.121292198,10104.0820491479,200.0016000128,800.025600819226,43876.872280235,172786.003125453,1571660.57998495,20717.1538033492,800.025600819226,
102.53491,31639.9929510902,3600.51847466035,809808.553164076,8803.09869073914,200.0016000128,600.014400345608,45382.2326054811,168123.062054524,1922599.98664155,17612.3991289868,300.003600043201,
102.66104,28332.0719053969,3400.46246289495,784785.738744425,8402.82334864514,400.006400102402,600.014400345608,46385.9066992069,183740.57120753,1532968.80571923,18413.5523745477,400.006400102402,
102.78732,24524.0335528818,3700.5476810568,823565.139426593,9003.24116682005,200.0016000128,200.0016000128,48293.1091143725,180290.882720277,1538038.5629546,22119.5536854579,100.0004000016,
102.91355,26628.3325458288,4000.64010241639,812899.84181855,8703.02865397158,200.0016000128,300.003600043201,49196.6221659339,182725.858831683,1497534.66937436,18914.2992102029,300.003600043201,
103.03982,23221.549598027,4300.73972723308,829221.321298983,8903.16952835209,100.0004000016,600.014400345608,45482.5963950534,163360.536603631,1426946.13484232,22720.6303323418,400.006400102402,
103.16611,25025.025025025,4100.67251029169,815885.237031132,9403.53572943427,300.003600043201,600.014400345608,45482.5963950534,167717.670556589,1504726.32279788,21718.8519635043,0,
103.2923,26628.3325458288,4600.84655576626,827833.726605148,9303.46088745013,100.0004000016,500.010000200004,46887.7739127647,168629.819792611,1500905.27092405,20516.8237955123,0,
103.41861,23321.7358578195,4600.84655576626,829114.577952268,8202.69048247825,200.0016000128,600.014400345608,48694.6624237518,177247.824685788,1535447.11166965,22420.0883992057,600.014400345608,
103.54477,32542.3049964954,5101.04061228491,851122.352328049,9303.46088745013,300.003600043201,800.025600819226,46285.535669918,169846.121628751,1535221.79199783,20817.3200102485,0,
103.67109,27530.2833116428,3500.49006860961,842891.757564731,9603.68781612139,100.0004000016,500.010000200004,48694.6624237518,178363.527226875,1460738.61447339,20616.9883984403,300.003600043201,
103.79734,34547.6757925938,4400.77453631839,827193.348567934,11205.0198488923,300.003600043201,1000.04000160006,49096.2286080718,172076.313680319,1491582.03489259,18012.9693379233,300.003600043201,
103.92363,26127.2768770597,4900.9605882753,853902.698320117,12306.0545788528,500.010000200004,500.010000200004,48795.0527627819,180798.130577547,1489111.91543828,20016.0128102482,300.003600043201,
104.0499,25626.2412710616,4400.77453631839,860963.186401685,11605.3848985929,300.003600043201,600.014400345608,52409.640968907,173799.914610471,1482265.35653604,20316.4969955604,300.003600043201,
104.17615,30437.0114058695,4400.77453631839,889565.469533159,12205.9565067753,500.010000200004,700.019600548815,47088.5264296878,178059.234909278,1520696.75174506,24423.8376655616,200.0016000128,
104.30235,28131.6199408135,4000.64010241639,881524.732385034,13106.8679988314,300.003600043201,1100.04840212969,51606.3089965329,177754.949946623,1450076.64792629,18914.2992102029,100.0004000016,
104.42864,22119.5536854579,3400.46246289495,861819.265193302,12506.2531265633,500.010000200004,1400.07840439065,46486.2785329572,173090.167995135,1452003.36892715,23321.7358578195,100.0004000016,
104.55489,23622.2994506814,4600.84655576626,868562.866816222,16210.5044068556,0,600.014400345608,44980.7854907414,175625.161124001,1477777.73070617,20016.0128102482,200.0016000128,
104.68108,25826.6531060054,2500.2500250025,825058.98443472,15109.1259120509,300.003600043201,400.006400102402,39361.8768704403,169136.597938144,1443609.53154617,21618.6785382571,300.003600043201,
104.80736,22720.6303323418,3900.60849492521,853795.750876961,14308.184281409,300.003600043201,400.006400102402,40365.0684904065,174611.102607687,1457378.22197952,17712.5404786589,400.006400102402,
104.9336,21819.0261908384,4100.67251029169,802456.393848694,12906.6598364756,300.003600043201,500.010000200004,40365.0684904065,168832.528601861,1376761.44012897,21318.1630749398,2000.16001280102,
105.05988,22219.7311212357,4500.81014582625,822924.973040866,14308.184281409,800.025600819226,500.010000200004,41468.6721210324,171772.173310672,1455810.33088811,18613.8487034354,0,
105.18615,31639.9929510902,2900.33643902693,887635.237006478,14608.5313823273,100.0004000016,700.019600548815,45884.059597182,170961.168254787,1431076.58360732,22119.5536854579,300.003600043201,
105.31244,25726.4467872973,4800.92177698118,845242.821225354,14708.648685427,200.0016000128,500.010000200004,42572.3730341581,172887.390598631,1423262.61763637,20116.1734034163,500.010000200004,
105.43872,24924.8251258253,3500.49006860961,827598.932492027,15409.4922472243,500.010000200004,400.006400102402,39863.462632511,160625.432762757,1412207.93380467,22820.8125810739,700.019600548815,
105.56492,25325.6295370915,3100.38444767151,900234.773100263,14408.2991803279,600.014400345608,700.019600548815,40967.0220480706,159207.464837492,1401608.59720861,23121.3641404658,0,
105.6912,26327.6967369673,3000.36004320518,826659.724460533,14308.184281409,400.006400102402,900.032401166442,40465.3920735909,164981.619497425,1408413.50927675,22219.7311212357,100.0004000016,
105.81748,25325.6295370915,3400.46246289495,834879.981481558,14308.184281409,600.014400345608,1200.05760276493,43074.0874303803,159106.187529939,1433432.15912503,20917.487019148,500.010000200004,
105.94374,28532.5270808722,3200.40965243551,851763.917555623,15709.8657957197,500.010000200004,700.019600548815,42472.032567234,167413.635503368,1453346.87744693,21919.201220269,400.006400102402,
106.06993,22119.5536854579,2800.31363512713,888385.848786974,12706.4548790786,300.003600043201,400.006400102402,43174.4327220127,160828.012656903,1445847.367263,21117.8234429859,300.003600043201,
106.19622,24023.0621396541,4400.77453631839,816844.975009294,16310.634533716,200.0016000128,700.019600548815,44478.9946945776,162347.465849662,1454354.59840173,22119.5536854579,500.010000200004,
106.32246,19415.0660912868,3300.43565750679,890549.994352498,16010.246557797,300.003600043201,600.014400345608,42371.6929043942,159106.187529939,1378542.63827632,24924.8251258253,400.006400102402,
106.44869,21017.6548300572,4500.81014582625,843509.640434783,16811.2971917128,400.006400102402,700.019600548815,38459.0731363374,152727.360533157,1384333.19402405,20917.487019148,600.014400345608,
106.57501,44679.7086001427,3600.51847466035,818444.696891459,17512.2585810067,500.010000200004,600.014400345608,36653.6609596449,157992.190959224,1366079.30072939,20116.1734034163,300.003600043201,
106.70132,20416.6599945556,3900.60849492521,817378.193609683,14308.184281409,200.0016000128,400.006400102402,34246.8496903764,158194.728452509,1374869.18064886,22720.6303323418,300.003600043201,
106.82747,20917.487019148,2700.2916314962,828901.093905619,16711.163056922,300.003600043201,200.0016000128,37957.5436361524,164880.295697409,1425832.20230772,23822.6791905894,100.0004000016,
106.9537,23121.3641404658,3000.36004320518,825272.404973328,18413.5523745477,200.0016000128,600.014400345608,39361.8768704403,155764.493745271,1403950.87597747,22820.8125810739,500.010000200004,
107.07999,21518.505915087,2000.16001280102,838511.371012084,13106.8679988314,100.0004000016,900.032401166442,38760.0004807442,157587.125755734,1407520.86194148,23522.1107841371,400.006400102402,
107.20617,21718.8519635043,3400.46246289495,819511.288290335,16911.4321281186,900.032401166442,600.014400345608,37857.2401471024,158093.45929823,1359852.04742243,23922.8702639724,200.0016000128,
107.33238,24223.4482979524,3500.49006860961,825165.694263094,14408.2991803279,500.010000200004,200.0016000128,41468.6721210324,145238.89988574,1416003.44887341,22720.6303323418,0,
107.45865,22420.0883992057,3200.40965243551,809275.647193396,14208.0701838644,400.006400102402,200.0016000128,36453.0756781874,156777.034478872,1390126.29258839,23221.549598027,200.0016000128,
107.58489,20116.1734034163,3400.46246289495,800965.162504799,13006.7635170289,300.003600043201,800.025600819226,36152.2037822616,160524.144038969,1407520.86194148,23221.549598027,200.0016000128,
107.71116,22620.4488857928,3700.5476810568,811194.211684831,13807.6218072376,300.003600043201,800.025600819226,40866.6944453348,157080.812593836,1373533.63153009,20016.0128102482,500.010000200004,
107.8374,22520.2682414173,4700.88376614804,817271.548127525,14908.8856958747,400.006400102402,900.032401166442,41368.3404985035,154347.073643879,1293119.59485653,26828.7604311822,100.0004000016,
107.96367,24524.0335528818,4900.9605882753,851015.427886007,18012.9693379233,200.0016000128,800.025600819226,35049.0686961746,158903.63536094,1426167.40237117,25325.6295370915,300.003600043201,
108.08995,25726.4467872973,4200.70571856072,834025.685221697,12506.2531265633,600.014400345608,700.019600548815,36252.4936107484,163968.418213076,1484958.66227652,26027.0681508769,300.003600043201,
108.21615,24223.4482979524,3200.40965243551,792021.392934224,14708.648685427,600.014400345608,700.019600548815,33845.7594667991,154650.79307583,1458337.54545627,23321.7358578195,200.0016000128,
108.34239,25626.2412710616,3600.51847466035,799474.103519874,14808.7667899396,400.006400102402,700.019600548815,33344.4147604609,160321.56903791,1360858.95460243,25125.2257266295,400.006400102402,
108.46862,23822.6791905894,4200.70571856072,768626.594047241,17011.567866149,300.003600043201,800.025600819226,45984.4274087224,168021.712955692,1433879.35154522,28031.3951625821,100.0004000016,
108.59486,19214.7569333248,3500.49006860961,832530.802709729,18213.259252736,400.006400102402,400.006400102402,45081.1460629132,170150.215456486,1530040.49545381,27730.7256440136,200.0016000128,
108.72113,24323.6425805883,3100.38444767151,874453.014063283,15309.3693340324,300.003600043201,600.014400345608,44980.7854907414,172786.003125453,1498208.72109045,27931.1711870447,700.019600548815,
108.84728,22420.0883992057,3900.60849492521,812153.600898676,15009.0054032419,300.003600043201,1000.04000160006,40666.0416516423,165285.59579317,1424467.86558333,30036.0432519023,400.006400102402,
108.97352,28532.5270808722,4800.92177698118,829541.55663282,12906.6598364756,400.006400102402,700.019600548815,37656.6355799122,174915.311584892,1471609.72799892,29835.5639922788,300.003600043201,
109.09981,25926.8602271954,3300.43565750679,817058.259806351,17011.567866149,400.006400102402,800.025600819226,41167.6796653699,165082.944113384,1506524.84615613,28432.2990917683,400.006400102402,
109.22602,33344.4147604609,4000.64010241639,848449.506604796,16010.246557797,400.006400102402,400.006400102402,37556.3345017526,162853.991029946,1438463.94639549,32442.0448901777,1000.04000160006,
109.35229,21618.6785382571,3200.40965243551,826446.280991736,13307.0793662228,200.0016000128,700.019600548815,49598.2044448007,174712.504783195,1345163.24929545,28833.2158646761,0,
109.47858,21819.0261908384,3500.49006860961,782126.592304138,14408.2991803279,400.006400102402,400.006400102402,41569.0045475489,167616.324722653,1508323.61361467,26828.7604311822,100.0004000016,
109.60482,24524.0335528818,5201.0818250196,811727.196887725,12906.6598364756,800.025600819226,400.006400102402,39361.8768704403,169237.956016253,1442641.8401493,28031.3951625821,300.003600043201,
109.73109,23622.2994506814,3800.57768780855,808229.374996497,15409.4922472243,100.0004000016,700.019600548815,41669.3377780627,184450.918527294,1581040.27559223,30637.5003003677,400.006400102402,
109.85733,51606.3089965329,3500.49006860961,813539.511236117,11705.4781637807,200.0016000128,500.010000200004,41870.0066511207,169136.597938144,1525649.24179084,28933.4470648069,300.003600043201,
109.98361,24524.0335528818,3800.57768780855,858395.290048448,12005.7627661277,400.006400102402,800.025600819226,41167.6796653699,173292.948658566,1521146.90169353,32241.5270868879,300.003600043201,
110.10989,24524.0335528818,4800.92177698118,803415.133599762,11305.1099096792,0,900.032401166442,49096.2286080718,179276.448311981,1542997.53256295,31639.9929510902,400.006400102402,
110.23617,27129.408278574,3400.46246289495,848449.506604796,10204.1632986258,100.0004000016,600.014400345608,43274.7788177972,163360.536603631,1521146.90169353,29434.6151073663,400.006400102402,
110.36246,22620.4488857928,3600.51847466035,789041.514167468,9803.84310649775,500.010000200004,900.032401166442,39261.5621294189,169643.396492359,1466901.55159564,32341.7855869784,200.0016000128,
110.48867,20216.3347985172,3700.5476810568,786062.323881194,9603.68781612139,200.0016000128,300.003600043201,39060.9350586916,178566.39285815,1541757.61642277,28732.9854673165,200.0016000128,
110.61491,21819.0261908384,3500.49006860961,796705.451153422,8903.16952835209,500.010000200004,700.019600548815,36553.3679171591,158802.360499473,1454914.47655248,24924.8251258253,300.003600043201,
110.74114,20216.3347985172,3200.40965243551,769795.325977603,11405.2007715518,400.006400102402,500.010000200004,36553.3679171591,169744.758652351,1447598.37866729,24624.2302425587,200.0016000128,
110.86739,19314.911111378,3000.36004320518,809169.068640001,10204.1632986258,400.006400102402,100.0004000016,41167.6796653699,171670.794820677,1540292.41032566,29033.6790677186,100.0004000016,
110.99359,23321.7358578195,2600.27042812453,796918.403315214,10504.4118529783,300.003600043201,900.032401166442,37656.6355799122,166501.574416339,1483611.94093095,29334.3798932349,400.006400102402,
111.11986,21117.8234429859,3600.51847466035,786700.663852822,7802.43435952017,300.003600043201,800.025600819226,37756.9374616922,189627.515939996,1588616.66872285,28031.3951625821,200.0016000128,
111.24606,24023.0621396541,2400.23042212052,818444.696891459,12005.7627661277,400.006400102402,800.025600819226,36954.5449082846,169643.396492359,1520809.28779958,28532.5270808722,200.0016000128,
111.37237,19314.911111378,3900.60849492521,782020.237854606,8102.62525058119,100.0004000016,800.025600819226,36954.5449082846,178363.527226875,1543786.63042555,31238.986254846,400.006400102402,
111.49865,21117.8234429859,3600.51847466035,807537.605085943,8302.75651516303,200.0016000128,200.0016000128,43375.1257177431,171163.914619412,1516083.59566579,26327.6967369673,200.0016000128,
111.62501,19715.5358422437,3600.51847466035,758112.775199677,9703.76506084361,100.0004000016,500.010000200004,37857.2401471024,159004.911037759,1414998.64755207,24423.8376655616,200.0016000128,
111.75121,20416.6599945556,3000.36004320518,780212.346453055,9703.76506084361,100.0004000016,400.006400102402,39462.1924152464,162752.684362456,1469703.83577772,27029.191526849,300.003600043201,
111.87753,25425.8326459683,3500.49006860961,784785.738744425,7802.43435952017,400.006400102402,900.032401166442,39261.5621294189,165488.250736846,1475310.18473412,29534.8511243267,100.0004000016,
112.00383,19314.911111378,3900.60849492521,780531.367688126,11305.1099096792,200.0016000128,700.019600548815,43375.1257177431,173495.732589003,1552511.77729813,30036.0432519023,800.025600819226,
112.13015,24023.0621396541,5401.16665199683,799687.101394834,9903.92195309342,200.0016000128,600.014400345608,47289.282164727,177044.98030148,1531955.08670643,32843.0901342561,700.019600548815,
112.25641,25526.0365572884,4300.73972723308,793511.590572368,9203.38684635946,500.010000200004,900.032401166442,44679.7086001427,174002.706708771,1420337.41681833,26528.1198069954,800.025600819226,
112.38268,24223.4482979524,4200.70571856072,784041.122451505,9703.76506084361,200.0016000128,800.025600819226,46084.7960246854,172177.695436788,1315424.0181875,26528.1198069954,400.006400102402,
112.50891,22620.4488857928,3200.40965243551,786381.489916493,11805.5722300926,300.003600043201,700.019600548815,45181.5074394207,169846.121628751,1431076.58360732,26528.1198069954,200.0016000128,
112.63522,25325.6295370915,3300.43565750679,810234.893785721,11705.4781637807,200.0016000128,300.003600043201,46887.7739127647,171265.289026537,1502366.1312482,24323.6425805883,800.025600819226,
112.76153,23822.6791905894,3500.49006860961,773833.579387531,14007.84439286,400.006400102402,1700.11560786133,46887.7739127647,187800.238578844,1577649.26007824,28432.2990917683,400.006400102402,
112.88782,30236.5257230735,4500.81014582625,751426.629035249,18313.4054127621,200.0016000128,1000.04000160006,44478.9946945776,182117.070654977,1425832.20230772,25325.6295370915,200.0016000128,
113.01406,22620.4488857928,3500.49006860961,755246.858890093,14808.7667899396,300.003600043201,600.014400345608,44679.7086001427,164677.650545168,1430861.09630983,21718.8519635043,400.006400102402,
113.14035,24423.8376655616,3700.5476810568,785104.87317854,15409.4922472243,400.006400102402,900.032401166442,43776.5213593361,168933.884230958,1477553.38933865,24924.8251258253,300.003600043201,
113.2666,21518.505915087,2900.33643902693,799048.118320626,16611.0297237366,100.0004000016,300.003600043201,42973.74294289,176740.719853371,1451331.66584139,21819.0261908384,300.003600043201,
113.39281,18012.9693379233,2900.33643902693,899543.003189708,17111.7044058136,700.019600548815,700.019600548815,41167.6796653699,160422.856130689,1430861.09630983,22119.5536854579,600.014400345608,
113.51912,19915.8530190031,3400.46246289495,808529.615803905,20016.0128102482,600.014400345608,500.010000200004,45582.960989,168933.884230958,1457490.22131161,19815.6940296715,400.006400102402,
113.64536,23922.8702639724,3000.36004320518,799687.101394834,18914.2992102029,500.010000200004,800.025600819226,44980.7854907414,173698.519786527,1462643.21582508,21819.0261908384,0,
113.77164,21819.0261908384,2500.2500250025,779893.333113345,18513.7001381022,100.0004000016,700.019600548815,41870.0066511207,160220.28276062,1381660.31396286,23321.7358578195,400.006400102402,
113.89789,18914.2992102029,3300.43565750679,806718.004831018,22119.5536854579,200.0016000128,400.006400102402,43977.2240053534,170758.42515626,1530716.20199002,24323.6425805883,300.003600043201,
114.02412,19014.4509827469,3200.40965243551,781382.129583414,22820.8125810739,300.003600043201,700.019600548815,38960.6227289663,168528.466612437,1440924.62855789,24724.4277346018,0,
114.15051,21117.8234429859,3200.40965243551,790637.792156345,23522.1107841371,400.006400102402,700.019600548815,44278.2840061228,169440.674621552,1469928.0441476,21318.1630749398,0,
114.2768,23622.2994506814,3400.46246289495,826553.002285133,26728.5460872212,100.0004000016,800.025600819226,43074.0874303803,175726.571468853,1428067.03003497,22420.0883992057,200.0016000128,
114.40311,23421.922919853,4200.70571856072,756346.631704901,25325.6295370915,100.0004000016,900.032401166442,44478.9946945776,182624.392091447,1404954.83696525,23021.1794851263,700.019600548815,
114.52935,25325.6295370915,3800.57768780855,812260.204102704,27630.5040765005,700.019600548815,1000.04000160006,44177.9298682877,176335.050695068,1470376.47228234,23722.4889194957,800.025600819226,
114.65564,25626.2412710616,3700.5476810568,771070.427181263,21718.8519635043,100.0004000016,1300.06760351538,42171.0159909287,170251.581698609,1443833.29807489,19314.911111378,300.003600043201,
114.78194,20216.3347985172,3400.46246289495,800645.635356379,26427.9078707115,600.014400345608,900.032401166442,46385.9066992069,180290.882720277,1456482.26145777,23922.8702639724,400.006400102402,
114.90818,22019.3770518056,4400.77453631839,797344.318186509,28432.2990917683,100.0004000016,800.025600819226,40766.3676465285,175523.751596128,1684686.13777792,21618.6785382571,600.014400345608,
115.0344,25025.025025025,3600.51847466035,821964.78297155,30437.0114058695,400.006400102402,600.014400345608,47188.9038949381,165488.250736846,1479348.22673101,20316.4969955604,400.006400102402,
115.16073,25025.025025025,3800.57768780855,819831.282894465,28131.6199408135,400.006400102402,700.019600548815,44980.7854907414,166096.235152003,1419911.73635887,19915.8530190031,300.003600043201,
115.28699,23121.3641404658,3400.46246289495,783722.014348126,27029.191526849,300.003600043201,1100.04840212969,43174.4327220127,164373.688936131,1396590.82750145,20116.1734034163,200.0016000128,
115.41318,23722.4889194957,3500.49006860961,854577.959003657,25425.8326459683,500.010000200004,1200.05760276493,36854.249455198,156473.263700215,1356628.37575696,17011.567866149,0,
115.53942,20016.0128102482,3400.46246289495,779467.994274896,22219.7311212357,300.003600043201,600.014400345608,36051.9147572504,164576.329192922,1379767.35155577,19615.3784567101,200.0016000128,
115.6657,20416.6599945556,4000.64010241639,778617.358702242,29635.0879441258,300.003600043201,400.006400102402,39361.8768704403,157485.861492946,1364163.31361442,18814.1482394761,500.010000200004,
115.79201,19515.221873061,3900.60849492521,789360.75395712,35049.0686961746,400.006400102402,1000.04000160006,44780.0667593657,163461.848165684,1380685.10867439,19415.0660912868,400.006400102402,
115.91815,22420.0883992057,4900.9605882753,820151.285430412,27029.191526849,400.006400102402,1100.04840212969,41468.6721210324,163259.225857363,1412542.78831932,18814.1482394761,300.003600043201,
116.04445,28332.0719053969,3700.5476810568,815565.340228499,27129.408278574,100.0004000016,900.032401166442,38559.381447429,192876.663737575,1383219.42818066,21418.3340939844,200.0016000128,
116.17069,21919.201220269,3800.57768780855,788828.692031871,27530.2833116428,200.0016000128,900.032401166442,37255.4360889003,175625.161124001,1406739.84502413,19014.4509827469,400.006400102402,
116.29695,19415.0660912868,2400.23042212052,756520.520735029,28432.2990917683,500.010000200004,1000.04000160006,35049.0686961746,164475.008656579,1263380.36374858,18313.4054127621,100.0004000016,
116.42315,18513.7001381022,3200.40965243551,791595.653806633,27730.7256440136,200.0016000128,700.019600548815,39963.7821963854,173090.167995135,1378097.31618687,17211.841747122,200.0016000128,
116.54939,19715.5358422437,3200.40965243551,867385.159156847,26127.2768770597,400.006400102402,800.025600819226,37556.3345017526,157587.125755734,1405177.94977524,16811.2971917128,200.0016000128,
116.67567,18814.1482394761,2400.23042212052,796811.926794839,28732.9854673165,400.006400102402,100.0004000016,33946.0308177889,162448.769254306,1360074.39867398,18313.4054127621,0,
116.80198,19014.4509827469,2400.23042212052,805545.921485078,28432.2990917683,100.0004000016,1100.04840212969,33043.6175751993,161638.364855834,1365300.73316628,17412.118834709,200.0016000128,
116.9282,19715.5358422437,3000.36004320518,796811.926794839,28532.5270808722,500.010000200004,700.019600548815,33946.0308177889,193485.972267011,1360519.11243078,21217.9928579435,100.0004000016,
117.05441,17612.3991289868,3600.51847466035,847594.312702128,29434.6151073663,500.010000200004,1900.14441097523,37656.6355799122,155865.744150758,1351294.37557973,19515.221873061,100.0004000016,
117.18067,18814.1482394761,3000.36004320518,790105.677537024,27329.8441898553,100.0004000016,300.003600043201,31740.2466327303,153334.728504966,1347961.72168121,19214.7569333248,0,
117.30685,19114.6035571176,2500.2500250025,809062.490966828,28833.2158646761,200.0016000128,600.014400345608,34347.1242544771,169947.485421566,1399155.22703274,21318.1630749398,200.0016000128,
117.43315,17412.118834709,2100.17641481884,846632.287199507,28231.8455217485,300.003600043201,200.0016000128,33946.0308177889,155460.74741905,1436003.72218932,18513.7001381022,400.006400102402,
117.5594,15809.9919148902,3700.5476810568,844708.451012906,27029.191526849,400.006400102402,300.003600043201,31940.756405173,162853.991029946,1385781.23021066,15809.9919148902,100.0004000016,
117.68563,18513.7001381022,2800.31363512713,836054.731098342,25926.8602271954,200.0016000128,200.0016000128,30837.992406645,163867.102571949,1381214.88660299,19515.221873061,0,
117.81188,16010.246557797,1700.11560786133,792021.392934224,27730.7256440136,300.003600043201,600.014400345608,31439.4879969241,152322.464847114,1364522.21158267,17211.841747122,100.0004000016,
117.93816,18113.1138944596,2300.21161946899,833171.445458942,26127.2768770597,200.0016000128,400.006400102402,33244.1482288479,157182.073595827,1351627.68733899,19214.7569333248,200.0016000128,
118.06442,15109.1259120509,2600.27042812453,873274.770038334,23121.3641404658,200.0016000128,300.003600043201,30236.5257230735,151512.712580585,1381214.88660299,16510.8971921468,100.0004000016,
118.19065,15009.0054032419,2900.33643902693,786487.880350696,19515.221873061,900.032401166442,400.006400102402,32341.7855869784,147161.187267892,1351183.27353371,18213.259252736,300.003600043201,
118.3169,14908.8856958747,3000.36004320518,865565.276409777,21518.505915087,500.010000200004,700.019600548815,33244.1482288479,165386.922857016,1429408.10811954,15409.4922472243,400.006400102402,
118.4431,14508.4148806308,2200.1936170383,831569.898161619,19615.3784567101,600.014400345608,400.006400102402,30537.255451651,161942.260387856,1365411.9542887,20016.0128102482,300.003600043201,
118.56933,14208.0701838644,2300.21161946899,840541.121603519,20216.3347985172,200.0016000128,400.006400102402,29334.3798932349,157587.125755734,1427731.78177882,16510.8971921468,300.003600043201,
118.6956,13707.5117164206,2600.27042812453,871346.965808428,16611.0297237366,100.0004000016,200.0016000128,28131.6199408135,158194.728452509,1455138.4344484,18313.4054127621,200.0016000128,
118.82189,16510.8971921468,2600.27042812453,856041.833007202,15409.4922472243,100.0004000016,200.0016000128,28231.8455217485,154853.276771807,1385224.27440633,16010.246557797,300.003600043201,
118.94818,11004.8421305374,2400.23042212052,774896.488015704,13707.5117164206,100.0004000016,700.019600548815,28833.2158646761,152727.360533157,1355072.4026549,14608.5313823273,300.003600043201,
119.07443,13407.186251831,2600.27042812453,805865.570020603,11805.5722300926,200.0016000128,400.006400102402,31539.7400724913,157080.812593836,1359852.04742243,14608.5313823273,100.0004000016,
119.20075,14908.8856958747,1500.09000540032,803521.66463679,12005.7627661277,400.006400102402,0,33143.8825004306,155561.995379426,1436859.21187831,16410.7654621432,300.003600043201,
119.32706,14908.8856958747,2400.23042212052,833598.558278532,10904.7544729502,600.014400345608,100.0004000016,30236.5257230735,162752.684362456,1336526.02259463,15809.9919148902,200.0016000128,
119.45331,17412.118834709,1300.06760351538,828260.662939132,8903.16952835209,200.0016000128,900.032401166442,30336.7681630136,166805.587433509,1348961.4293363,12906.6598364756,300.003600043201,
119.57958,13607.4024269202,3300.43565750679,795214.884458073,10504.4118529783,600.014400345608,400.006400102402,27830.9480141918,166096.235152003,1476319.57976786,17311.9798900839,200.0016000128,
119.70586,16310.634533716,3100.38444767151,869633.603205351,9503.61137232148,400.006400102402,300.003600043201,30737.7459520291,160625.432762757,1433096.77473926,15109.1259120509,200.0016000128,
119.83215,15209.2472223112,2700.2916314962,811514.000165194,7602.31110257518,200.0016000128,600.014400345608,30036.0432519023,153233.498472696,1438240.27072758,12706.4548790786,100.0004000016,
119.95836,13607.4024269202,2400.23042212052,814925.570406595,8202.69048247825,0,300.003600043201,30737.7459520291,173090.167995135,1432761.39886403,15209.2472223112,300.003600043201,
120.0846,17011.567866149,2300.21161946899,828580.874452434,8102.62525058119,200.0016000128,700.019600548815,27029.191526849,156068.247406912,1382662.58051989,14007.84439286,400.006400102402,
120.21092,17812.6826300326,2600.27042812453,814285.832293878,7802.43435952017,400.006400102402,300.003600043201,32542.3049964954,150196.976342719,1351627.68733899,12606.3536022155,100.0004000016,
120.33725,16010.246557797,3100.38444767151,825379.116565431,8602.95941803981,200.0016000128,400.006400102402,32642.5659059413,164272.370031566,1411538.25024616,14007.84439286,0,
120.46356,16410.7654621432,2800.31363512713,813859.357833783,8703.02865397158,700.019600548815,700.019600548815,32241.5270868879,155764.493745271,1379099.31203309,13407.186251831,100.0004000016,
120.58979,17712.5404786589,3800.57768780855,794393.976785405,8002.56081946223,300.003600043201,500.010000200004,35249.6314811254,163360.536603631,1448197.50244381,13307.0793662228,600.014400345608,
120.71606,18113.1138944596,2000.16001280102,829541.55663282,6501.69043951427,200.0016000128,200.0016000128,34948.7885087582,163259.225857363,1403058.53030015,12606.3536022155,0,
120.84234,16711.163056922,3100.38444767151,819724.617145123,6301.58800017604,200.0016000128,600.014400345608,32843.0901342561,155865.744150758,1376427.49225588,11905.6670975384,200.0016000128,
120.96855,16510.8971921468,2300.21161946899,804906.64816971,5601.25468104855,500.010000200004,200.0016000128,31238.986254846,161537.067976409,1449988.36200512,14708.648685427,200.0016000128,
121.09485,16110.3750815525,1800.12960933187,792660.027979878,6601.74286011507,700.019600548815,100.0004000016,31038.4877247787,154954.519842228,1429408.10811954,14408.2991803279,0,
121.22113,14608.5313823273,1900.14441097523,797983.216864038,6201.53798141939,200.0016000128,100.0004000016,32642.5659059413,162550.073474646,1448645.19459855,12906.6598364756,200.0016000128,
121.34743,16410.7654621432,2500.2500250025,808529.615803905,7001.96054895371,100.0004000016,0,31138.7365883159,158093.45929823,1445946.19916129,14308.184281409,300.003600043201,
121.47371,15309.3693340324,3500.49006860961,843105.472949505,8002.56081946223,600.014400345608,100.0004000016,40666.0416516423,163157.91592687,1366641.58287342,11705.4781637807,200.0016000128,
121.59999,16911.4321281186,2400.23042212052,769795.325977603,6701.7960813498,500.010000200004,100.0004000016,34146.5759295679,158599.813222555,1421587.0707549,12706.4548790786,300.003600043201,
121.72631,15509.6159618964,1100.04840212969,793724.490006479,6201.53798141939,500.010000200004,500.010000200004,35349.9140786791,162043.560529812,1404641.71151136,12906.6598364756,200.0016000128,
121.85252,14208.0701838644,2100.17641481884,825165.694263094,6101.48876325823,200.0016000128,400.006400102402,32943.3534531443,164475.008656579,1514621.22272706,11505.2924345199,100.0004000016,
121.97883,14808.7667899396,2400.23042212052,804693.564102988,8002.56081946223,300.003600043201,300.003600043201,31138.7365883159,156270.753923372,1431308.20174066,10904.7544729502,200.0016000128,
122.10507,15409.4922472243,2500.2500250025,805332.826860668,6601.74286011507,600.014400345608,300.003600043201,29133.9118734207,171772.173310672,1424938.3770437,12506.2531265633,0,
122.23134,15409.4922472243,2900.33643902693,806291.780386392,6301.58800017604,300.003600043201,200.0016000128,33745.4889190629,173090.167995135,1477665.55954721,12105.8592358702,0,
122.35757,14708.648685427,2800.31363512713,846739.175385633,6801.85010322808,300.003600043201,300.003600043201,36553.3679171591,172076.313680319,1504051.9394605,15109.1259120509,400.006400102402,
122.48383,16811.2971917128,2100.17641481884,830822.577378812,6601.74286011507,700.019600548815,200.0016000128,34046.302972042,169947.485421566,1507649.04720906,12806.5569571621,700.019600548815,
122.61012,18012.9693379233,2400.23042212052,759113.711347119,7202.07419736884,200.0016000128,0,31840.5011174214,166298.903152029,1499669.28412733,13607.4024269202,0,
122.73636,16410.7654621432,2700.2916314962,824140.082939254,4900.9605882753,200.0016000128,300.003600043201,33544.9502333126,157182.073595827,1442155.14141265,14007.84439286,100.0004000016,
122.86264,16711.163056922,2300.21161946899,769051.575210585,6101.48876325823,300.003600043201,200.0016000128,33444.6820952793,165285.59579317,1431755.32229825,14608.5313823273,200.0016000128,
122.98887,13607.4024269202,2300.21161946899,761934.989241816,7001.96054895371,400.006400102402,500.010000200004,33544.9502333126,160017.71265247,1411873.08778039,12706.4548790786,0,
123.11513,13707.5117164206,2400.23042212052,771176.691310784,6001.44034568296,100.0004000016,200.0016000128,33544.9502333126,208437.633512473,1480582.31859742,12105.8592358702,100.0004000016,
123.24146,14007.84439286,3500.49006860961,766926.809559736,6801.85010322808,200.0016000128,200.0016000128,32742.827618525,164171.051942875,1499107.51005906,14308.184281409,100.0004000016,
123.36763,16911.4321281186,2800.31363512713,797131.35899288,5901.39272868397,300.003600043201,500.010000200004,34848.5091247016,166805.587433509,1498882.80710085,13106.8679988314,100.0004000016,
123.49386,10304.2453490838,1800.12960933187,751532.731228163,5901.39272868397,300.003600043201,300.003600043201,28332.0719053969,161942.260387856,1402835.453305,13407.186251831,300.003600043201,
123.62008,16711.163056922,2700.2916314962,727984.065372161,6201.53798141939,300.003600043201,200.0016000128,32041.0124959949,156068.247406912,1414552.09372306,13407.186251831,0,
123.74637,15209.2472223112,2500.2500250025,756095.952790106,5601.25468104855,200.0016000128,400.006400102402,31539.7400724913,163056.606812143,1461746.89868326,12706.4548790786,800.025600819226,
123.87267,14107.9568876847,2800.31363512713,762678.329259395,6701.7960813498,500.010000200004,500.010000200004,34447.3996218797,173495.732589003,1473403.75964691,18613.8487034354,300.003600043201,
123.99891,15809.9919148902,2800.31363512713,864262.737751422,4900.9605882753,400.006400102402,300.003600043201,36753.9548056547,170251.581698609,1456818.23954215,14908.8856958747,200.0016000128,
124.12523,14708.648685427,3000.36004320518,777660.460780836,6001.44034568296,400.006400102402,300.003600043201,34948.7885087582,160828.012656903,1443721.41433715,14408.2991803279,300.003600043201,
124.25143,15409.4922472243,2000.16001280102,775640.5762196,5801.34591225164,200.0016000128,500.010000200004,31038.4877247787,159308.742960425,1447749.82544485,15009.0054032419,300.003600043201,
124.37776,14208.0701838644,2100.17641481884,775215.377699696,5601.25468104855,200.0016000128,500.010000200004,35550.4816839913,176030.807405378,1524410.94588171,14608.5313823273,100.0004000016,
124.50407,18313.4054127621,2100.17641481884,820257.954705071,5301.12383825371,200.0016000128,0,32241.5270868879,168224.411969605,1473067.36019044,14708.648685427,400.006400102402,
124.63031,12306.0545788528,1900.14441097523,786487.880350696,6201.53798141939,600.014400345608,200.0016000128,35349.9140786791,172684.616468977,1426390.87380447,13106.8679988314,100.0004000016,
124.75659,13106.8679988314,2200.1936170383,802562.916969417,6101.48876325823,600.014400345608,300.003600043201,33444.6820952793,175625.161124001,1496298.99695611,13407.186251831,0,
124.88276,15009.0054032419,2500.2500250025,777873.09862408,6901.90492575951,300.003600043201,700.019600548815,32341.7855869784,172583.230629194,1530207.35396716,14107.9568876847,0,
125.00899,15109.1259120509,2600.27042812453,826232.8410509,5701.29989637637,300.003600043201,400.006400102402,39261.5621294189,189221.431392621,1422815.68607733,15509.6159618964,200.0016000128,
125.13521,12806.5569571621,2200.1936170383,782126.592304138,6801.85010322808,300.003600043201,300.003600043201,41268.0096799526,165488.250736846,1460290.5128216,15910.1188355794,0,
125.26148,16510.8971921468,2000.16001280102,797131.35899288,6401.6388195378,300.003600043201,300.003600043201,39361.8768704403,165285.59579317,1445511.66775975,13807.6218072376,100.0004000016,
125.38776,13106.8679988314,2900.33643902693,782232.947631128,5701.29989637637,300.003600043201,100.0004000016,36252.4936107484,164981.619497425,1466229.09167902,14608.5313823273,400.006400102402,
125.51405,15309.3693340324,4300.73972723308,790637.792156345,6001.44034568296,500.010000200004,300.003600043201,37957.5436361524,163360.536603631,1423486.03994386,15910.1188355794,100.0004000016,
125.64028,13807.6218072376,2200.1936170383,784360.238453764,5001.00020004001,300.003600043201,300.003600043201,33745.4889190629,163056.606812143,1448645.19459855,14808.7667899396,200.0016000128,
125.76656,16110.3750815525,2800.31363512713,798409.166897132,5501.21026625858,600.014400345608,200.0016000128,34146.5759295679,164880.295697409,1450212.23650299,12105.8592358702,300.003600043201,
125.89286,14708.648685427,3300.43565750679,782020.237854606,5701.29989637637,300.003600043201,400.006400102402,32843.0901342561,172481.845606093,1409306.21696196,12506.2531265633,200.0016000128,
126.0191,15209.2472223112,11605.3848985929,770539.119678384,7202.07419736884,300.003600043201,100.0004000016,33946.0308177889,167920.364673099,1420246.78624118,13106.8679988314,100.0004000016,
126.14533,17011.567866149,2200.1936170383,767882.910740054,6001.44034568296,300.003600043201,0,33244.1482288479,176335.050695068,1451219.71864367,12205.9565067753,100.0004000016,
126.27156,15910.1188355794,2200.1936170383,787764.634040675,5001.00020004001,400.006400102402,600.014400345608,31539.7400724913,167109.607795764,1370772.03163841,13006.7635170289,200.0016000128,
126.39784,15009.0054032419,3000.36004320518,791808.521613535,6001.44034568296,300.003600043201,300.003600043201,35049.0686961746,164171.051942875,1450883.88273583,15309.3693340324,300.003600043201,
126.52407,40064.1025641026,2000.16001280102,789573.584874518,4800.92177698118,300.003600043201,400.006400102402,35751.0525029742,166805.587433509,1432761.39886403,13307.0793662228,200.0016000128,
126.65034,15209.2472223112,2100.17641481884,822924.973040866,6301.58800017604,200.0016000128,700.019600548815,32642.5659059413,174002.706708771,1426614.34901735,14007.84439286,200.0016000128,
126.77656,13106.8679988314,2800.31363512713,799687.101394834,5501.21026625858,200.0016000128,300.003600043201,41368.3404985035,162043.560529812,1396590.82750145,11805.5722300926,300.003600043201,
126.90277,14208.0701838644,1200.05760276493,800539.12806562,5901.39272868397,500.010000200004,500.010000200004,38960.6227289663,169237.956016253,1408413.50927675,12506.2531265633,100.0004000016,
127.02901,13507.2939387269,2400.23042212052,801497.725339961,5001.00020004001,300.003600043201,1800.12960933187,31740.2466327303,164373.688936131,1451667.51312003,15009.0054032419,200.0016000128,
127.15529,15509.6159618964,3100.38444767151,820364.624861086,5101.04061228491,100.0004000016,100.0004000016,38459.0731363374,168933.884230958,1469143.33146991,10504.4118529783,300.003600043201,
127.28152,13507.2939387269,2300.21161946899,799048.118320626,4200.70571856072,400.006400102402,200.0016000128,38057.8479288519,165589.579432667,1422815.68607733,11505.2924345199,200.0016000128,
127.4078,15509.6159618964,2700.2916314962,812153.600898676,5201.0818250196,500.010000200004,200.0016000128,37556.3345017526,167616.324722653,1413435.77520264,13807.6218072376,300.003600043201,
127.53404,13807.6218072376,2200.1936170383,782871.098020288,6401.6388195378,500.010000200004,400.006400102402,33845.7594667991,154752.034516345,1346851.02436557,12506.2531265633,400.006400102402,
127.66031,13307.0793662228,3100.38444767151,815032.196508156,6601.74286011507,300.003600043201,600.014400345608,43074.0874303803,159916.42882159,1384890.11220966,13507.2939387269,600.014400345608,
127.78654,14708.648685427,2900.33643902693,818444.696891459,6001.44034568296,500.010000200004,100.0004000016,32742.827618525,196228.225419568,1309641.38991651,12506.2531265633,100.0004000016,
127.9128,14508.4148806308,2300.21161946899,791914.956834651,5801.34591225164,500.010000200004,100.0004000016,33444.6820952793,164880.295697409,1366190.52842064,13006.7635170289,400.006400102402,
128.03898,14408.2991803279,2100.17641481884,810234.893785721,5501.21026625858,400.006400102402,500.010000200004,35550.4816839913,170454.316632233,1391129.20252341,11605.3848985929,500.010000200004,
128.16527,13707.5117164206,2600.27042812453,861926.279027426,5901.39272868397,100.0004000016,500.010000200004,38057.8479288519,163461.848165684,1408748.26758611,10804.6676164103,100.0004000016,
128.29146,16010.246557797,3000.36004320518,812793.233331131,4300.73972723308,200.0016000128,400.006400102402,36152.2037822616,160524.144038969,1403393.15286086,12205.9565067753,300.003600043201,
128.41778,19214.7569333248,1800.12960933187,802349.871607507,6001.44034568296,500.010000200004,100.0004000016,38760.0004807442,162347.465849662,1405512.62605992,11205.0198488923,200.0016000128,
128.54405,15509.6159618964,3300.43565750679,812260.204102704,6901.90492575951,500.010000200004,400.006400102402,34647.952766629,157789.656726992,1349183.59689543,9803.84310649775,100.0004000016,
128.67034,13206.9732818928,2500.2500250025,792660.027979878,4400.77453631839,400.006400102402,400.006400102402,33344.4147604609,157587.125755734,1328759.85222194,9503.61137232148,400.006400102402,
128.79661,15609.7404780583,1400.07840439065,827726.994727011,4900.9605882753,200.0016000128,0,32041.0124959949,167413.635503368,1420023.41870876,12606.3536022155,100.0004000016,
128.92292,13507.2939387269,2600.27042812453,890208.944342264,6501.69043951427,200.0016000128,100.0004000016,32542.3049964954,160828.012656903,1395810.45696427,12205.9565067753,300.003600043201,
129.04923,15409.4922472243,2700.2916314962,825912.687754385,6701.7960813498,200.0016000128,200.0016000128,33946.0308177889,157688.390833746,1375759.62187711,11305.1099096792,200.0016000128,
129.17556,13407.186251831,3100.38444767151,837656.834576986,4800.92177698118,600.014400345608,300.003600043201,32742.827618525,166400.238376143,1393902.54472237,10804.6676164103,100.0004000016,
129.3018,14408.2991803279,2100.17641481884,827406.804385287,5501.21026625858,500.010000200004,200.0016000128,31639.9929510902,158802.360499473,1338301.79058311,11805.5722300926,0,
129.42802,14508.4148806308,2000.16001280102,867920.467526447,5301.12383825371,300.003600043201,300.003600043201,39060.9350586916,158295.998422072,1392132.18868897,9603.68781612139,200.0016000128,
129.55425,11805.5722300926,2500.2500250025,827598.932492027,5001.00020004001,200.0016000128,600.014400345608,31940.756405173,161131.888614688,1310361.23073555,9703.76506084361,200.0016000128,
129.68054,13407.186251831,1800.12960933187,810341.481141932,4600.84655576626,400.006400102402,700.019600548815,29534.8511243267,167819.017206735,1422145.56277056,11004.8421305374,0,
129.80683,17512.2585810067,1700.11560786133,845563.453959747,5301.12383825371,600.014400345608,700.019600548815,32542.3049964954,158194.728452509,1349739.03218463,11605.3848985929,300.003600043201,
129.93313,13907.7326993809,2400.23042212052,814818.945185846,5401.16665199683,100.0004000016,600.014400345608,25926.8602271954,154853.276771807,1355183.53749816,10604.4963064339,200.0016000128,
130.05938,13707.5117164206,2200.1936170383,836161.531815683,5101.04061228491,300.003600043201,100.0004000016,33544.9502333126,164272.370031566,1460738.61447339,11004.8421305374,100.0004000016,
130.18569,13006.7635170289,1500.09000540032,840754.798111351,6001.44034568296,100.0004000016,300.003600043201,28732.9854673165,152423.687546532,1308035.52637117,8703.02865397158,200.0016000128,
130.31196,14808.7667899396,1300.06760351538,844280.970752544,4600.84655576626,400.006400102402,400.006400102402,26227.4864057532,204052.005032745,1308810.71547337,8602.95941803981,200.0016000128,
130.43822,13907.7326993809,3500.49006860961,848663.31392271,5001.00020004001,700.019600548815,200.0016000128,29635.0879441258,166906.926738127,1310250.47358451,10204.1632986258,0,
130.56454,13206.9732818928,2400.23042212052,835520.740756051,5301.12383825371,300.003600043201,300.003600043201,28231.8455217485,148678.990190003,1346184.65092359,9303.46088745013,100.0004000016,
130.69076,14508.4148806308,1700.11560786133,819404.625184867,6001.44034568296,300.003600043201,100.0004000016,26327.6967369673,154954.519842228,1369750.31010826,12005.7627661277,200.0016000128,
130.81703,12706.4548790786,1700.11560786133,874667.251779142,4400.77453631839,400.006400102402,500.010000200004,29234.1454819229,167616.324722653,1356850.67262683,11004.8421305374,100.0004000016,
130.9433,14908.8856958747,1800.12960933187,858716.249203552,4700.88376614804,200.0016000128,400.006400102402,29133.9118734207,177044.98030148,1327539.87042638,12406.1534521122,100.0004000016,
131.06944,14107.9568876847,2900.33643902693,847380.52306827,5501.21026625858,800.025600819226,400.006400102402,30837.992406645,168224.411969605,1348467.60830745,10804.6676164103,800.025600819226,
131.19566,16010.246557797,2500.2500250025,834452.826289139,5201.0818250196,300.003600043201,300.003600043201,28332.0719053969,148982.572761036,1303385.3509082,8302.75651516303,100.0004000016,
131.32206,14608.5313823273,2000.16001280102,871180.436856968,4700.88376614804,100.0004000016,300.003600043201,30036.0432519023,156675.776737521,1313771.8386815,10104.0820491479,300.003600043201,
131.44834,15109.1259120509,2500.2500250025,847487.417443125,4600.84655576626,500.010000200004,200.0016000128,26828.7604311822,155663.24415483,1361964.53577635,11305.1099096792,400.006400102402,
131.57457,15409.4922472243,2100.17641481884,849625.490625892,5101.04061228491,700.019600548815,200.0016000128,28432.2990917683,150804.222115806,1299843.46333171,7402.19104855037,500.010000200004,
131.70083,14308.184281409,2400.23042212052,805865.570020603,3600.51847466035,200.0016000128,100.0004000016,26628.3325458288,168933.884230958,1312798.12400274,12706.4548790786,300.003600043201,
131.82715,15009.0054032419,1900.14441097523,843105.472949505,4400.77453631839,400.006400102402,200.0016000128,25626.2412710616,163461.848165684,1364522.21158267,10704.5815609081,100.0004000016,
131.9534,15609.7404780583,1500.09000540032,852298.579571307,6401.6388195378,300.003600043201,400.006400102402,29133.9118734207,160017.71265247,1292293.50510353,7802.43435952017,300.003600043201,
132.07956,12005.7627661277,2100.17641481884,803947.797581448,5001.00020004001,200.0016000128,400.006400102402,23822.6791905894,150804.222115806,1347739.57472641,8502.8909829342,200.0016000128,
132.20582,12406.1534521122,2400.23042212052,856362.733741519,4700.88376614804,300.003600043201,300.003600043201,25726.4467872973,155055.763727617,1304713.8047138,11305.1099096792,200.0016000128,
132.33216,14508.4148806308,2300.21161946899,792872.913356581,3800.57768780855,300.003600043201,600.014400345608,25726.4467872973,160929.303827279,1393358.16420469,10904.7544729502,500.010000200004,
132.45845,15809.9919148902,2400.23042212052,840754.798111351,3800.57768780855,400.006400102402,400.006400102402,28632.7558727184,145947.076833944,1310693.50778376,11205.0198488923,100.0004000016,
132.5847,12306.0545788528,2300.21161946899,785211.253078754,5201.0818250196,300.003600043201,400.006400102402,25926.8602271954,152626.135389544,1348294.94913725,9503.61137232148,200.0016000128,
132.71096,14608.5313823273,1900.14441097523,842126.100613674,4200.70571856072,300.003600043201,0,29133.9118734207,163056.606812143,1507902.9306362,9603.68781612139,300.003600043201,
132.83719,14308.184281409,1800.12960933187,848663.31392271,4600.84655576626,500.010000200004,200.0016000128,26327.6967369673,157182.073595827,1326874.47346251,9403.53572943427,200.0016000128,
132.96345,14408.2991803279,2600.27042812453,818605.923654817,4200.70571856072,300.003600043201,500.010000200004,26227.4864057532,141395.206642155,1241902.03017061,9103.31360615264,200.0016000128,
133.08976,13907.7326993809,2500.2500250025,780637.709854391,4500.81014582625,100.0004000016,300.003600043201,26427.9078707115,142811.167431008,1321441.65694528,9403.53572943427,100.0004000016,
133.21604,13307.0793662228,1600.10240655402,839152.310433643,4200.70571856072,300.003600043201,300.003600043201,27129.408278574,156574.519811306,1366857.91427607,10804.6676164103,200.0016000128,
133.34232,14908.8856958747,2400.23042212052,811087.617285582,4600.84655576626,300.003600043201,100.0004000016,27830.9480141918,152322.464847114,1406405.13763018,11004.8421305374,200.0016000128,
133.46858,13006.7635170289,1000.04000160006,781594.828830836,4100.67251029169,400.006400102402,500.010000200004,28732.9854673165,155966.995371302,1301380.49238652,10104.0820491479,200.0016000128,
133.59489,12906.6598364756,2600.27042812453,773621.008181578,5001.00020004001,300.003600043201,200.0016000128,26327.6967369673,150095.771564698,1293204.99444688,11605.3848985929,300.003600043201,
133.72117,13607.4024269202,1700.11560786133,712765.127339959,4100.67251029169,300.003600043201,1100.04840212969,25626.2412710616,142204.30756358,1321995.92324927,8803.09869073914,200.0016000128,
133.84744,11405.2007715518,1700.11560786133,804906.64816971,3700.5476810568,400.006400102402,200.0016000128,24524.0335528818,146048.248225695,1412902.60904134,10004.0016006403,200.0016000128,
133.97373,15409.4922472243,2000.16001280102,784360.238453764,3700.5476810568,500.010000200004,200.0016000128,28131.6199408135,151512.712580585,1382885.31676347,12105.8592358702,100.0004000016,
134.09997,12806.5569571621,2400.23042212052,786381.489916493,4100.67251029169,100.0004000016,400.006400102402,28332.0719053969,156878.293035369,1444168.95496875,9403.53572943427,700.019600548815,
134.22624,14107.9568876847,2300.21161946899,794789.039897316,3300.43565750679,100.0004000016,200.0016000128,25425.8326459683,161739.662550877,1355183.53749816,11104.9305891816,200.0016000128,
134.35252,14808.7667899396,1700.11560786133,785849.550913644,5801.34591225164,300.003600043201,700.019600548815,25926.8602271954,168224.411969605,1355902.41608443,11104.9305891816,400.006400102402,
134.4788,15609.7404780583,2300.21161946899,769051.575210585,4400.77453631839,0,500.010000200004,25826.6531060054,146149.420431548,1334750.49403992,10704.5815609081,200.0016000128,
134.60502,13507.2939387269,2500.2500250025,761722.614258392,3700.5476810568,400.006400102402,100.0004000016,29835.5639922788,158903.63536094,1429631.63436613,11605.3848985929,400.006400102402,
134.7313,14608.5313823273,2000.16001280102,818124.736655128,4800.92177698118,900.032401166442,500.010000200004,25926.8602271954,160828.012656903,1450212.23650299,11705.4781637807,300.003600043201,
134.8576,14308.184281409,2900.33643902693,782232.947631128,4900.9605882753,100.0004000016,800.025600819226,33244.1482288479,156270.753923372,1444280.84249363,12105.8592358702,200.0016000128,
134.98383,13807.6218072376,2500.2500250025,759280.55359785,5101.04061228491,400.006400102402,200.0016000128,40666.0416516423,151816.363570512,1363966.15288569,12506.2531265633,500.010000200004,
135.11016,12906.6598364756,2500.2500250025,777235.195618282,5001.00020004001,400.006400102402,400.006400102402,32241.5270868879,150196.976342719,1409864.18991439,10804.6676164103,500.010000200004,
135.23636,25025.025025025,3100.38444767151,766723.18036322,5701.29989637637,300.003600043201,200.0016000128,28833.2158646761,174306.900982402,1424938.3770437,9503.61137232148,0,
135.36268,13907.7326993809,2300.21161946899,846276.720077002,3400.46246289495,100.0004000016,400.006400102402,24724.4277346018,156270.753923372,1424156.32953671,11104.9305891816,100.0004000016,
135.48899,11805.5722300926,1600.10240655402,777660.460780836,4800.92177698118,200.0016000128,0,27430.063349431,158701.086453348,1450324.17517309,10504.4118529783,200.0016000128,
135.61531,13206.9732818928,2500.2500250025,763846.521674609,3400.46246289495,400.006400102402,100.0004000016,31439.4879969241,166400.238376143,1457826.22499735,10904.7544729502,100.0004000016,
135.74157,15409.4922472243,1900.14441097523,764589.97200935,4200.70571856072,500.010000200004,500.010000200004,27730.7256440136,163056.606812143,1418459.95172819,18613.8487034354,400.006400102402,
135.86782,12205.9565067753,1900.14441097523,772770.75842048,4900.9605882753,400.006400102402,0,26227.4864057532,160220.28276062,1433879.35154522,14808.7667899396,300.003600043201,
135.99414,12806.5569571621,2300.21161946899,755671.398842025,4300.73972723308,200.0016000128,200.0016000128,30837.992406645,161233.182231741,1386115.41497971,11705.4781637807,300.003600043201,
136.12037,12406.1534521122,1900.14441097523,809169.068640001,3800.57768780855,600.014400345608,700.019600548815,32943.3534531443,180290.882720277,1446772.28891429,13707.5117164206,400.006400102402,
136.24667,15609.7404780583,2300.21161946899,813965.975127727,4700.88376614804,400.006400102402,0,30036.0432519023,178160.664864582,1505850.37129395,12105.8592358702,0,
136.37296,12606.3536022155,2100.17641481884,885707.604978616,5001.00020004001,400.006400102402,400.006400102402,32341.7855869784,180696.679371168,1274119.53053756,13607.4024269202,200.0016000128,
136.4992,15209.2472223112,1600.10240655402,775746.878041538,4400.77453631839,300.003600043201,500.010000200004,32442.0448901777,169846.121628751,1610338.06000804,11805.5722300926,200.0016000128,
136.62543,16110.3750815525,1800.12960933187,760236.087411694,3600.51847466035,100.0004000016,300.003600043201,33745.4889190629,162448.769254306,1479460.41214751,11905.6670975384,100.0004000016,
136.75163,11705.4781637807,2000.16001280102,768732.83802393,4700.88376614804,1100.04840212969,200.0016000128,29033.6790677186,159511.301652477,1449540.62437844,11405.2007715518,200.0016000128,
136.87788,15609.7404780583,2800.31363512713,777766.779263952,4100.67251029169,400.006400102402,100.0004000016,32943.3534531443,172786.003125453,1396380.81398137,13407.186251831,0,
137.00403,15809.9919148902,2900.33643902693,766077.001405797,3000.36004320518,300.003600043201,100.0004000016,32642.5659059413,158498.540807085,1414998.64755207,13607.4024269202,100.0004000016,
137.13026,13106.8679988314,2600.27042812453,746016.576315313,4600.84655576626,300.003600043201,400.006400102402,31138.7365883159,169846.121628751,1532292.98443722,11205.0198488923,0,
137.25649,13206.9732818928,2900.33643902693,779893.333113345,4900.9605882753,400.006400102402,300.003600043201,31439.4879969241,166400.238376143,1481143.30747361,12806.5569571621,200.0016000128,
137.38279,12906.6598364756,2000.16001280102,766395.672894576,5501.21026625858,100.0004000016,100.0004000016,27530.2833116428,164880.295697409,1479460.41214751,12306.0545788528,200.0016000128,
137.50904,11605.3848985929,1700.11560786133,756838.955879565,5001.00020004001,0,100.0004000016,25025.025025025,169237.956016253,1432314.24426842,11605.3848985929,0,
137.63528,13607.4024269202,2700.2916314962,774683.899276659,4900.9605882753,400.006400102402,200.0016000128,28131.6199408135,177754.949946623,1505400.74045487,20717.1538033492,100.0004000016,
137.76151,13206.9732818928,3200.40965243551,793618.039850108,5201.0818250196,200.0016000128,200.0016000128,29133.9118734207,196431.379030925,1521146.90169353,11505.2924345199,300.003600043201,
137.88772,13106.8679988314,1700.11560786133,806078.673443687,5501.21026625858,100.0004000016,500.010000200004,30737.7459520291,184146.479054849,1511921.88103146,14107.9568876847,100.0004000016,
138.01395,13707.5117164206,2200.1936170383,824312.040327246,5101.04061228491,300.003600043201,600.014400345608,27830.9480141918,172583.230629194,1496186.66881462,14208.0701838644,200.0016000128,
138.14023,12906.6598364756,2500.2500250025,793405.142173249,5001.00020004001,0,0,27830.9480141918,173495.732589003,1452787.06564524,16510.8971921468,200.0016000128,
138.26651,12906.6598364756,2100.17641481884,763740.317986388,5901.39272868397,500.010000200004,300.003600043201,32642.5659059413,169744.758652351,1480641.96878724,12105.8592358702,300.003600043201,
138.39281,11805.5722300926,2600.27042812453,749623.025518906,5901.39272868397,200.0016000128,100.0004000016,27329.8441898553,185364.281108962,1412989.27421332,11405.2007715518,200.0016000128,
138.51906,13507.2939387269,1700.11560786133,773727.293346255,4500.81014582625,200.0016000128,400.006400102402,27129.408278574,165792.239272326,1456818.23954215,12506.2531265633,300.003600043201,
138.64537,11905.6670975384,1500.09000540032,772770.75842048,4800.92177698118,300.003600043201,300.003600043201,28833.2158646761,180087.98929947,1426120.04508932,13907.7326993809,100.0004000016,
138.77165,13006.7635170289,2500.2500250025,813219.672564471,6301.58800017604,600.014400345608,400.006400102402,28031.3951625821,174306.900982402,1474525.15291686,13407.186251831,200.0016000128,
138.89794,11104.9305891816,1400.07840439065,725216.985729942,5901.39272868397,100.0004000016,100.0004000016,29534.8511243267,168224.411969605,1512821.60052601,13206.9732818928,0,
139.02421,15309.3693340324,2900.33643902693,761934.989241816,7001.96054895371,200.0016000128,0,30938.239664225,173292.948658566,1474300.86666271,12005.7627661277,100.0004000016,
139.15044,12406.1534521122,2700.2916314962,792872.913356581,5801.34591225164,400.006400102402,100.0004000016,31138.7365883159,167210.949548802,1478114.24988561,14208.0701838644,0,
139.27674,12105.8592358702,2200.1936170383,760342.262211433,4700.88376614804,100.0004000016,100.0004000016,23722.4889194957,172481.845606093,1466341.16595878,10904.7544729502,200.0016000128,
139.40296,13006.7635170289,1500.09000540032,806824.563142074,4200.70571856072,500.010000200004,300.003600043201,28933.4470648069,174408.3007073,1498433.41261665,14107.9568876847,0,
139.5292,11905.6670975384,2100.17641481884,787871.035888464,5501.21026625858,200.0016000128,0,29635.0879441258,167616.324722653,1430302.23579213,13707.5117164206,0,
139.65558,14308.184281409,2800.31363512713,779893.333113345,3900.60849492521,100.0004000016,100.0004000016,29133.9118734207,168832.528601861,1443273.88885363,14308.184281409,500.010000200004,
139.78188,14308.184281409,2600.27042812453,786807.056920766,7001.96054895371,200.0016000128,100.0004000016,29234.1454819229,175625.161124001,1785469.08764376,11004.8421305374,200.0016000128,
139.9082,13206.9732818928,2100.17641481884,786275.100360183,5301.12383825371,300.003600043201,400.006400102402,32542.3049964954,174104.103983147,1506974.51513442,15910.1188355794,0,
140.03443,13407.186251831,2700.2916314962,781594.828830836,3900.60849492521,300.003600043201,200.0016000128,31238.986254846,181508.311912264,1508211.1834962,16310.634533716,100.0004000016,
140.16066,13507.2939387269,3500.49006860961,816951.616967314,3900.60849492521,300.003600043201,300.003600043201,33845.7594667991,168731.173789082,1426946.13484232,15109.1259120509,200.0016000128,
140.28685,15309.3693340324,2400.23042212052,803521.66463679,3900.60849492521,200.0016000128,300.003600043201,29935.8032206519,212287.460416709,1439134.99610816,16611.0297237366,100.0004000016,
140.41309,17912.8255831175,4400.77453631839,813006.451186572,5101.04061228491,200.0016000128,700.019600548815,29835.5639922788,172076.313680319,1433767.55202165,14508.4148806308,200.0016000128,
140.53939,20016.0128102482,5701.29989637637,775002.783700301,5101.04061228491,100.0004000016,200.0016000128,31339.2367243789,175929.394609531,1412076.51928835,15209.2472223112,300.003600043201,
140.66567,17912.8255831175,3300.43565750679,787232.637972009,5001.00020004001,500.010000200004,200.0016000128,28131.6199408135,172583.230629194,1435891.90469544,13507.2939387269,100.0004000016,
140.792,14608.5313823273,1800.12960933187,809382.226627024,4400.77453631839,700.019600548815,300.003600043201,29133.9118734207,172887.390598631,1495625.042393,14808.7667899396,400.006400102402,
140.91816,14808.7667899396,2500.2500250025,819724.617145123,4900.9605882753,400.006400102402,100.0004000016,33645.2191745706,169440.674621552,1350945.87756644,16410.7654621432,200.0016000128,
141.04439,17311.9798900839,2700.2916314962,802882.491608903,4700.88376614804,300.003600043201,600.014400345608,33444.6820952793,172177.695436788,1463203.44487397,16510.8971921468,700.019600548815,
141.17069,19915.8530190031,3000.36004320518,817591.487217194,4500.81014582625,600.014400345608,1000.04000160006,36352.7842427204,170454.316632233,1436033.12212531,16110.3750815525,200.0016000128,
141.29694,17512.2585810067,2500.2500250025,820684.640617383,4300.73972723308,700.019600548815,200.0016000128,38358.7656289435,192673.56744381,1625207.67556201,28432.2990917683,700.019600548815,
141.42317,16510.8971921468,3900.60849492521,828474.136399139,4400.77453631839,200.0016000128,600.014400345608,42773.0563802976,172076.313680319,1465780.80405159,16110.3750815525,200.0016000128,
141.54946,18313.4054127621,3000.36004320518,789147.926552507,4200.70571856072,100.0004000016,100.0004000016,36152.2037822616,166096.235152003,1423486.03994386,16410.7654621432,400.006400102402,
141.67569,19915.8530190031,3600.51847466035,789999.257248021,5101.04061228491,200.0016000128,200.0016000128,40264.7457111035,160929.303827279,1438128.43431288,19815.6940296715,700.019600548815,
141.80196,20016.0128102482,2400.23042212052,840754.798111351,5601.25468104855,300.003600043201,200.0016000128,37355.7347562563,169440.674621552,1443833.29807489,16811.2971917128,200.0016000128,
141.9282,21919.201220269,3100.38444767151,827086.621982363,4400.77453631839,400.006400102402,300.003600043201,42973.74294289,161334.476664372,1430302.23579213,17612.3991289868,300.003600043201,
142.05436,20917.487019148,4100.67251029169,808316.471899905,3100.38444767151,300.003600043201,200.0016000128,44579.3512452165,164069.734670049,1477553.38933865,17812.6826300326,500.010000200004,
142.18061,20516.8237955123,2500.2500250025,829541.55663282,3800.57768780855,300.003600043201,300.003600043201,41569.0045475489,163056.606812143,1475310.18473412,15109.1259120509,300.003600043201,
142.30687,24223.4482979524,2800.31363512713,800965.162504799,5201.0818250196,400.006400102402,100.0004000016,41669.3377780627,170352.948757189,1464996.33724451,17011.567866149,600.014400345608,
142.43313,23021.1794851263,3300.43565750679,854223.545958468,5701.29989637637,100.0004000016,100.0004000016,41569.0045475489,174712.504783195,1488101.54478608,18513.7001381022,100.0004000016,
142.55942,19815.6940296715,3000.36004320518,864280.807462155,3900.60849492521,400.006400102402,200.0016000128,44579.3512452165,159004.911037759,1438128.43431288,14608.5313823273,300.003600043201,
142.68566,23321.7358578195,3700.5476810568,829648.303508699,4700.88376614804,400.006400102402,400.006400102402,40064.1025641026,172583.230629194,1412207.93380467,19615.3784567101,500.010000200004,
142.81194,25425.8326459683,3500.49006860961,810554.658495389,4300.73972723308,500.010000200004,100.0004000016,42672.714305176,168933.884230958,1408971.44450736,13307.0793662228,200.0016000128,
142.93809,23522.1107841371,3600.51847466035,838084.095729068,3700.5476810568,400.006400102402,300.003600043201,40967.0220480706,173191.557918479,1432426.03149899,17512.2585810067,300.003600043201,
143.06433,23321.7358578195,3500.49006860961,865565.276409777,4200.70571856072,300.003600043201,400.006400102402,50702.6221071449,173799.914610471,1444952.18752644,18814.1482394761,500.010000200004,
143.19049,21518.505915087,3400.46246289495,835093.564374853,3200.40965243551,1100.04840212969,200.0016000128,53514.3065588096,160118.99729881,1409306.21696196,15209.2472223112,300.003600043201,
143.31676,24323.6425805883,3500.49006860961,838667.251060901,4600.84655576626,500.010000200004,0,43776.5213593361,165285.59579317,1416561.70486149,15709.8657957197,200.0016000128,
143.44308,25225.4272306485,4600.84655576626,839686.45090873,4100.67251029169,200.0016000128,100.0004000016,41268.0096799526,167312.292118,1428961.06696887,14508.4148806308,600.014400345608,
143.56938,22219.7311212357,4400.77453631839,823031.665234349,4700.88376614804,200.0016000128,700.019600548815,43876.872280235,162144.861487425,1412207.93380467,15910.1188355794,700.019600548815,
143.69562,21718.8519635043,3500.49006860961,849090.939169851,4300.73972723308,100.0004000016,200.0016000128,39060.9350586916,163259.225857363,1433096.77473926,16811.2971917128,400.006400102402,
143.82189,22420.0883992057,3000.36004320518,812473.413152384,5301.12383825371,100.0004000016,300.003600043201,37456.0342272039,154043.361546108,1409529.40331366,13907.7326993809,100.0004000016,
143.94811,21919.201220269,3600.51847466035,810128.307309841,4800.92177698118,300.003600043201,200.0016000128,37155.1382251261,170555.685323754,1291467.41535053,16210.5044068556,300.003600043201,
144.07437,20917.487019148,3800.57768780855,828260.662939132,5801.34591225164,400.006400102402,100.0004000016,40565.7164606663,164576.329192922,1488550.58889346,13607.4024269202,500.010000200004,
144.20067,23822.6791905894,3200.40965243551,830075.299835514,5801.34591225164,200.0016000128,200.0016000128,42973.74294289,165386.922857016,1425050.10189499,12406.1534521122,800.025600819226,
144.32687,25025.025025025,4800.92177698118,799687.101394834,4900.9605882753,600.014400345608,100.0004000016,35751.0525029742,155966.995371302,1413435.77520264,11705.4781637807,500.010000200004,
144.45318,22820.8125810739,4800.92177698118,826232.8410509,4300.73972723308,200.0016000128,300.003600043201,39261.5621294189,168832.528601861,1447414.07764114,20717.1538033492,400.006400102402,
144.57942,22319.9093591484,3700.5476810568,828153.927532399,3900.60849492521,600.014400345608,500.010000200004,38559.381447429,151917.582196467,1452451.18993706,10904.7544729502,200.0016000128,
144.70563,19615.3784567101,3300.43565750679,822284.838393813,4000.64010241639,300.003600043201,300.003600043201,42472.032567234,163867.102571949,1434438.36334876,12105.8592358702,500.010000200004,
144.83186,23021.1794851263,3000.36004320518,826873.171457379,4400.77453631839,200.0016000128,400.006400102402,32742.827618525,167616.324722653,1487764.77169666,12105.8592358702,200.0016000128,
144.95809,19515.221873061,3700.5476810568,844174.102897029,4400.77453631839,500.010000200004,200.0016000128,38459.0731363374,167616.324722653,1423821.1804895,10104.0820491479,300.003600043201,
145.08436,20817.3200102485,3000.36004320518,823031.665234349,4500.81014582625,200.0016000128,200.0016000128,35751.0525029742,161435.771912591,1491357.4595424,10704.5815609081,400.006400102402,
145.21059,20216.3347985172,3600.51847466035,840327.448629429,5801.34591225164,100.0004000016,400.006400102402,35349.9140786791,164981.619497425,1430637.54926671,9803.84310649775,400.006400102402,
145.33679,21017.6548300572,3000.36004320518,819297.962960668,3900.60849492521,500.010000200004,200.0016000128,35349.9140786791,167109.607795764,1475085.88517861,12506.2531265633,200.0016000128,
145.46304,19014.4509827469,2700.2916314962,842784.901197865,3900.60849492521,600.014400345608,600.014400345608,36252.4936107484,171873.552617271,1489728.95607022,13307.0793662228,700.019600548815,
145.58931,27229.6258329062,3300.43565750679,860107.164284089,5601.25468104855,400.006400102402,100.0004000016,37155.1382251261,175422.342885224,1501804.24283285,12606.3536022155,700.019600548815,
145.71561,20316.4969955604,3600.51847466035,833064.669460771,5101.04061228491,200.0016000128,300.003600043201,36453.0756781874,167210.949548802,1437685.30163131,12606.3536022155,300.003600043201,
145.8419,23021.1794851263,3500.49006860961,859465.184884832,4500.81014582625,300.003600043201,600.014400345608,32141.2693898966,173597.125779375,1553337.86705113,11405.2007715518,300.003600043201,
145.96819,20316.4969955604,4200.70571856072,825272.404973328,5301.12383825371,100.0004000016,500.010000200004,33745.4889190629,170657.054831759,1533644.66143069,12806.5569571621,300.003600043201,
146.09446,22219.7311212357,2400.23042212052,802349.871607507,4500.81014582625,100.0004000016,300.003600043201,29033.6790677186,168123.062054524,1445511.66775975,11104.9305891816,400.006400102402,
146.22067,19815.6940296715,3500.49006860961,799261.109161834,4100.67251029169,500.010000200004,200.0016000128,32041.0124959949,172380.461399665,1485744.31298098,12406.1534521122,0,
146.34698,18814.1482394761,3300.43565750679,803415.133599762,3600.51847466035,700.019600548815,300.003600043201,32442.0448901777,173090.167995135,1526099.55987896,13907.7326993809,0,
146.47337,21217.9928579435,4800.92177698118,806504.890848807,3700.5476810568,0,100.0004000016,39763.1438724695,160625.432762757,1523960.68512451,11805.5722300926,200.0016000128,
146.59962,15409.4922472243,3100.38444767151,802562.916969417,4700.88376614804,100.0004000016,200.0016000128,31439.4879969241,176639.301338189,1515183.65476807,12205.9565067753,200.0016000128,
146.72593,16010.246557797,2500.2500250025,840050.79088201,5101.04061228491,300.003600043201,0,32843.0901342561,181305.398871878,1513833.85795373,9403.53572943427,200.0016000128,
146.85222,15509.6159618964,3200.40965243551,742511.233493808,4800.92177698118,100.0004000016,100.0004000016,36252.4936107484,166805.587433509,1468470.75763351,10504.4118529783,400.006400102402,
146.9785,18713.9980705568,2100.17641481884,774896.488015704,3700.5476810568,600.014400345608,500.010000200004,36152.2037822616,163259.225857363,1499669.28412733,11805.5722300926,300.003600043201,
147.10471,17412.118834709,3400.46246289495,785400.967948195,3900.60849492521,300.003600043201,300.003600043201,35650.7666917691,167413.635503368,1406293.89101735,15609.7404780583,0,
147.23089,18914.2992102029,3400.46246289495,768945.328605591,3700.5476810568,200.0016000128,100.0004000016,36954.5449082846,174813.907775594,1526437.30847912,11205.0198488923,600.014400345608,
147.35717,17011.567866149,2800.31363512713,804587.023389278,4800.92177698118,100.0004000016,0,33745.4889190629,183334.676444516,1533757.30739676,10904.7544729502,200.0016000128,
147.48343,19415.0660912868,2100.17641481884,809808.553164076,3300.43565750679,0,600.014400345608,33244.1482288479,170048.850030808,1558449.83639995,11705.4781637807,300.003600043201,
147.60962,16711.163056922,3000.36004320518,826979.896278849,2600.27042812453,200.0016000128,300.003600043201,32742.827618525,173191.557918479,1536816.07199115,12005.7627661277,300.003600043201,
147.7359,16010.246557797,2600.27042812453,782871.098020288,5501.21026625858,400.006400102402,300.003600043201,29334.3798932349,173495.732589003,1497984.03337474,14107.9568876847,300.003600043201,
147.8621,17011.567866149,3000.36004320518,794895.499719352,4600.84655576626,300.003600043201,700.019600548815,31840.5011174214,180087.98929947,1583075.30028242,12306.0545788528,200.0016000128,
147.98841,17111.7044058136,2600.27042812453,781807.531587871,5901.39272868397,100.0004000016,500.010000200004,30236.5257230735,180595.228982261,1550552.25148683,12105.8592358702,400.006400102402,
148.11469,18413.5523745477,1700.11560786133,785636.781457445,4300.73972723308,200.0016000128,300.003600043201,28532.5270808722,170352.948757189,1518671.26606501,14107.9568876847,100.0004000016,
148.24109,13407.186251831,2800.31363512713,773302.157947043,3300.43565750679,300.003600043201,0,31238.986254846,185465.769929763,1523960.68512451,18613.8487034354,100.0004000016,
148.36744,16711.163056922,3500.49006860961,775109.080261628,4000.64010241639,300.003600043201,100.0004000016,30236.5257230735,177856.377450309,1586693.89144121,12706.4548790786,400.006400102402,
148.49374,14107.9568876847,2300.21161946899,770645.379426366,2700.2916314962,0,500.010000200004,30938.239664225,175726.571468853,1566239.19816714,13707.5117164206,200.0016000128,
148.61996,16010.246557797,3100.38444767151,779255.330118832,4400.77453631839,200.0016000128,100.0004000016,25626.2412710616,182319.996776663,1483946.32779923,13307.0793662228,200.0016000128,
148.74618,14508.4148806308,2900.33643902693,767670.437679343,4600.84655576626,200.0016000128,500.010000200004,29835.5639922788,183740.57120753,1559804.17987574,14408.2991803279,200.0016000128,
148.8724,15910.1188355794,2300.21161946899,774365.0227433,3500.49006860961,100.0004000016,500.010000200004,26227.4864057532,181102.489101619,1654120.81691697,13607.4024269202,0,
148.99855,13707.5117164206,1400.07840439065,815838.844012598,3700.5476810568,300.003600043201,300.003600043201,26027.0681508769,188510.814939004,1566126.27623671,12506.2531265633,200.0016000128,
149.12487,12806.5569571621,2600.27042812453,773939.866305419,3300.43565750679,500.010000200004,200.0016000128,28432.2990917683,178160.664864582,1548634.97538411,13507.2939387269,0,
149.25113,13707.5117164206,1300.06760351538,793511.590572368,4600.84655576626,500.010000200004,400.006400102402,31639.9929510902,185567.259568501,1603895.66164953,11705.4781637807,200.0016000128,
149.37742,13807.6218072376,2300.21161946899,833918.902161782,3600.51847466035,500.010000200004,200.0016000128,26728.5460872212,184552.399987106,1616244.85241825,12806.5569571621,0,
149.50369,11705.4781637807,1700.11560786133,765227.249304339,3900.60849492521,100.0004000016,100.0004000016,25225.4272306485,174611.102607687,1489673.26577407,11405.2007715518,0,
149.63001,13907.7326993809,1700.11560786133,747501.462458083,4100.67251029169,600.014400345608,300.003600043201,26127.2768770597,174205.502074355,1605367.89902731,14107.9568876847,200.0016000128,
149.75624,12306.0545788528,1500.09000540032,742411.137196754,3800.57768780855,300.003600043201,100.0004000016,22820.8125810739,182218.53330701,1494838.80540071,11705.4781637807,30136.2840860396,
149.8826,12706.4548790786,1800.12960933187,734037.691100964,3600.51847466035,200.0016000128,200.0016000128,26027.0681508769,178160.664864582,1634392.88499482,11104.9305891816,300.003600043201,
150.00886,13707.5117164206,1900.14441097523,758855.894656583,5101.04061228491,200.0016000128,100.0004000016,25526.0365572884,174509.701249058,1533194.08713076,12706.4548790786,400.006400102402,
150.13516,12906.6598364756,2000.16001280102,755246.858890093,3400.46246289495,200.0016000128,300.003600043201,25325.6295370915,175827.982630693,1561610.18605877,12906.6598364756,0,
150.26135,11805.5722300926,2700.2916314962,745804.463704595,5101.04061228491,0,500.010000200004,25726.4467872973,170048.850030808,1496523.65609632,14508.4148806308,200.0016000128,
150.38767,12506.2531265633,2500.2500250025,737216.839140336,3800.57768780855,100.0004000016,500.010000200004,32843.0901342561,185161.305921132,1715251.45863887,16110.3750815525,0,
150.51391,13807.6218072376,2400.23042212052,795001.960420149,7302.132222609,300.003600043201,500.010000200004,30938.239664225,180798.130577547,1639251.20136299,21919.201220269,200.0016000128,
150.64007,23522.1107841371,1300.06760351538,1292468.31238474,5701.29989637637,200.0016000128,500.010000200004,27530.2833116428,185465.769929763,1579909.84094582,14007.84439286,900.032401166442,
150.76635,12906.6598364756,2000.16001280102,772239.380806486,4100.67251029169,400.006400102402,0,28732.9854673165,179986.543815191,1539728.912593,13407.186251831,300.003600043201,
150.89257,9603.68781612139,1000.04000160006,746122.63393133,5201.0818250196,700.019600548815,400.006400102402,26327.6967369673,193790.637584298,1546605.22012445,13907.7326993809,0,
151.01884,11905.6670975384,2200.1936170383,735627.166939807,5801.34591225164,500.010000200004,200.0016000128,24924.8251258253,184247.958061176,1519008.82552614,15609.7404780583,200.0016000128,
151.14513,13407.186251831,1500.09000540032,758749.732109003,4300.73972723308,500.010000200004,200.0016000128,26628.3325458288,177247.824685788,1546154.20554793,11305.1099096792,0,
151.27133,11705.4781637807,2300.21161946899,768414.108722093,5101.04061228491,500.010000200004,300.003600043201,25626.2412710616,187800.238578844,1567368.47027218,15309.3693340324,100.0004000016,
151.39763,13807.6218072376,3000.36004320518,748880.438678526,5301.12383825371,200.0016000128,200.0016000128,25726.4467872973,188206.277304016,1545703.20629622,11505.2924345199,0,
151.52391,11705.4781637807,2400.23042212052,774471.314044406,4700.88376614804,400.006400102402,300.003600043201,28732.9854673165,196228.225419568,1579457.69400878,13507.2939387269,400.006400102402,
151.65004,14007.84439286,2300.21161946899,745698.408709873,4200.70571856072,100.0004000016,300.003600043201,25726.4467872973,176436.466759047,1534771.16413348,14708.648685427,0,
151.77624,14208.0701838644,1600.10240655402,799367.605901244,4600.84655576626,300.003600043201,0,29234.1454819229,189830.5631237,1595468.44445406,13206.9732818928,200.0016000128,
151.90254,13307.0793662228,2400.23042212052,794363.209396577,5301.12383825371,300.003600043201,0,29735.3255667733,188815.359938096,1643816.92926813,14107.9568876847,0,
152.02881,13907.7326993809,3000.36004320518,777341.510593456,5501.21026625858,400.006400102402,200.0016000128,34246.8496903764,185668.750025186,1531054.06816571,14708.648685427,300.003600043201,
152.1551,15409.4922472243,2600.27042812453,787445.433765462,4400.77453631839,800.025600819226,300.003600043201,37054.8411649241,178566.39285815,1570192.07060444,21117.8234429859,400.006400102402,
152.28138,14007.84439286,3900.60849492521,764483.762191754,4700.88376614804,200.0016000128,500.010000200004,29434.6151073663,177653.523260123,1585562.97588158,13707.5117164206,100.0004000016,
152.4076,14308.184281409,2400.23042212052,756520.520735029,5301.12383825371,300.003600043201,400.006400102402,26427.9078707115,189322.951301986,1556080.06764365,10904.7544729502,0,
152.53384,13307.0793662228,2600.27042812453,829221.321298983,5201.0818250196,300.003600043201,800.025600819226,34246.8496903764,182421.461063947,1578327.39396311,13206.9732818928,400.006400102402,
152.66009,16510.8971921468,1700.11560786133,815671.971615152,4800.92177698118,100.0004000016,200.0016000128,33244.1482288479,184247.958061176,1547056.25002655,13206.9732818928,400.006400102402,
152.78635,14608.5313823273,2600.27042812453,809488.806940894,4500.81014582625,300.003600043201,300.003600043201,35249.6314811254,187292.708581008,1576067.08224549,12906.6598364756,400.006400102402,
152.91259,14508.4148806308,2000.16001280102,781275.781275781,6201.53798141939,200.0016000128,300.003600043201,34246.8496903764,172279.0780099,1514283.77495524,11104.9305891816,300.003600043201,
153.0389,38559.381447429,1900.14441097523,808742.763228529,5401.16665199683,100.0004000016,200.0016000128,41669.3377780627,180189.435601162,1554951.75496365,14007.84439286,600.014400345608,
153.16514,15209.2472223112,2600.27042812453,792127.829912265,6301.58800017604,300.003600043201,1100.04840212969,48293.1091143725,180595.228982261,1541194.05647117,12506.2531265633,600.014400345608,
153.29134,19214.7569333248,2900.33643902693,788190.246700143,6201.53798141939,300.003600043201,800.025600819226,60043.8651007815,182928.794765174,1522384.89284957,13307.0793662228,200.0016000128,
153.41758,21618.6785382571,2200.1936170383,828794.353205663,5301.12383825371,300.003600043201,1000.04000160006,54317.7609056434,185567.259568501,1506412.43129538,12906.6598364756,900.032401166442,
153.54381,22119.5536854579,2200.1936170383,777341.510593456,8102.62525058119,300.003600043201,800.025600819226,61651.6630912044,179885.099148316,1534095.25103377,12005.7627661277,600.014400345608,
153.67007,22019.3770518056,3200.40965243551,759280.55359785,5301.12383825371,500.010000200004,600.014400345608,56125.7216164208,179682.212266735,1520696.75174506,11405.2007715518,800.025600819226,
153.79626,22420.0883992057,3200.40965243551,789254.33981572,4300.73972723308,300.003600043201,1500.09000540032,64666.8404483568,181001.035442763,1556757.10127685,14308.184281409,1100.04840212969,
153.92247,39161.2481921726,4900.9605882753,823991.934650839,5601.25468104855,400.006400102402,700.019600548815,71503.9292060958,186480.703125944,1489336.45271759,15910.1188355794,1300.06760351538,
154.04873,33544.9502333126,4200.70571856072,755140.726088927,5101.04061228491,400.006400102402,700.019600548815,68989.8600949814,171163.914619412,1471497.60909434,12406.1534521122,1200.05760276493,
154.17492,27730.7256440136,5101.04061228491,758749.732109003,4100.67251029169,0,1600.10240655402,69392.077269883,176436.466759047,1482714.20278556,12406.1534521122,1100.04840212969,
154.30118,25526.0365572884,4200.70571856072,746652.935118435,5501.21026625858,100.0004000016,500.010000200004,69794.307351667,167109.607795764,1406070.43872102,13707.5117164206,1300.06760351538,
154.4276,27029.191526849,73959.2354648286,752381.580248541,5201.0818250196,300.003600043201,1100.04840212969,80760.047352475,162347.465849662,1449540.62437844,13607.4024269202,1500.09000540032,
154.55388,29735.3255667733,5201.0818250196,739442.710177993,5601.25468104855,100.0004000016,700.019600548815,71001.0750445261,152221.242962408,1366524.21712516,11205.0198488923,1800.12960933187,
154.68016,28732.9854673165,6301.58800017604,703980.62125493,6101.48876325823,200.0016000128,1100.04840212969,71705.0765188439,164981.619497425,1311468.85353563,13307.0793662228,1500.09000540032,
154.80647,32141.2693898966,4900.9605882753,693625.103288373,5601.25468104855,300.003600043201,1400.07840439065,85592.0400406186,155055.763727617,1290882.32201073,13507.2939387269,1800.12960933187,
154.93271,162167.065175633,4100.67251029169,652496.911439372,5801.34591225164,300.003600043201,1400.07840439065,75527.4887962543,150804.222115806,1290882.32201073,11605.3848985929,1600.10240655402,
155.05899,27029.191526849,4800.92177698118,674626.485533888,4500.81014582625,500.010000200004,1300.06760351538,75125.0747238727,139574.919955593,1202484.41476227,13006.7635170289,1500.09000540032,
155.18515,29133.9118734207,5401.16665199683,659658.500736945,4100.67251029169,200.0016000128,2000.16001280102,76936.0397700144,141900.888615345,1253775.29288712,9903.92195309342,2100.17641481884,
155.31139,31740.2466327303,6001.44034568296,653233.949284583,4700.88376614804,100.0004000016,2400.23042212052,70397.6766761065,155055.763727617,1222382.58665973,14007.84439286,2300.21161946899,
155.43767,31840.5011174214,3400.46246289495,608876.651260366,5001.00020004001,100.0004000016,2000.16001280102,79451.7029950884,136642.790207568,1189747.86605934,12906.6598364756,2000.16001280102,
155.56398,34748.2305439951,5401.16665199683,651338.794674372,4400.77453631839,0,3600.51847466035,73817.3181847359,134014.565664121,1171323.76649317,11205.0198488923,1900.14441097523,
155.69024,35450.1974796312,5501.21026625858,601428.764536491,3500.49006860961,100.0004000016,2500.2500250025,67984.3736212609,127345.386418368,1164969.08347253,12806.5569571621,2200.1936170383,
155.81644,33244.1482288479,4700.88376614804,592937.168315534,4300.73972723308,300.003600043201,2400.23042212052,71403.3567600526,126436.227094741,1155990.14023796,10204.1632986258,1700.11560786133,
155.94269,35149.3496869605,6401.6388195378,562058.543248958,4100.67251029169,300.003600043201,2200.1936170383,65169.4405454181,116137.01756924,1033205.87475737,10604.4963064339,1600.10240655402,
156.06896,69794.307351667,6301.58800017604,530732.875005617,2800.31363512713,500.010000200004,3000.36004320518,62556.1401257539,112604.920463358,961726.184789336,11905.6670975384,3300.43565750679,
156.19515,34647.952766629,4500.81014582625,495947.164238773,3600.51847466035,0,3100.38444767151,74018.5026197335,103627.775457087,937807.363017252,12205.9565067753,2300.21161946899,
156.32134,36051.9147572504,6801.85010322808,479836.27676402,3200.40965243551,0,2600.27042812453,52409.640968907,103224.458975306,859893.167609346,9503.61137232148,2200.1936170383,
156.44762,32341.7855869784,5401.16665199683,454412.165987204,2900.33643902693,500.010000200004,2100.17641481884,54217.3262941004,93448.0003533157,829114.577952268,7902.49718911176,1400.07840439065,
156.57386,31339.2367243789,5801.34591225164,419523.821144163,3900.60849492521,400.006400102402,2700.2916314962,50702.6221071449,88713.6916135455,787126.241392257,9903.92195309342,1800.12960933187,
156.70008,33645.2191745706,9803.84310649775,396593.199401859,3100.38444767151,500.010000200004,2800.31363512713,49698.6020264204,92944.2655596329,732236.522483799,7902.49718911176,1700.11560786133,
156.82628,30938.239664225,5601.25468104855,389887.10640597,2600.27042812453,100.0004000016,1800.12960933187,40064.1025641026,80961.3432159009,715296.692807123,8102.62525058119,2400.23042212052,
156.95244,29635.0879441258,4800.92177698118,354043.868580863,3100.38444767151,200.0016000128,1900.14441097523,81162.6423105168,76936.0397700144,669775.789910341,7602.31110257518,2000.16001280102,
157.07867,27430.063349431,5201.0818250196,354455.28488266,3400.46246289495,300.003600043201,2900.33643902693,42572.3730341581,71101.6442631302,638921.934610493,7502.25067520256,3000.36004320518,
157.20494,30336.7681630136,4100.67251029169,326201.474997974,2300.21161946899,300.003600043201,2200.1936170383,39161.2481921726,75426.8840672744,625256.252562526,8002.56081946223,1600.10240655402,
157.33127,29133.9118734207,4800.92177698118,321481.529498513,2900.33643902693,100.0004000016,2400.23042212052,37957.5436361524,73314.3712214515,608981.582020446,7502.25067520256,3300.43565750679,
157.45758,29434.6151073663,4100.67251029169,302209.591359194,2900.33643902693,400.006400102402,1600.10240655402,39060.9350586916,71302.7851208838,568960.509251873,6401.6388195378,2000.16001280102,
157.58382,30236.5257230735,5901.39272868397,289821.352701965,2000.16001280102,100.0004000016,3000.36004320518,35349.9140786791,61149.2040579013,531045.751633987,7702.37233067785,1500.09000540032,
157.71009,25425.8326459683,5401.16665199683,262630.304647111,2300.21161946899,100.0004000016,2400.23042212052,28632.7558727184,55623.4841347792,476408.845409151,5601.25468104855,2000.16001280102,
157.83635,243465.410464415,4800.92177698118,224701.642228976,1700.11560786133,0,3100.38444767151,29334.3798932349,50803.0285418829,444567.483064096,7102.01697282028,1500.09000540032,
157.96258,27129.408278574,4800.92177698118,216356.337374675,2200.1936170383,300.003600043201,2800.31363512713,24023.0621396541,44579.3512452165,408259.920401003,4600.84655576626,2800.31363512713,
158.08888,175386.30831202,4400.77453631839,181609.769658779,2000.16001280102,200.0016000128,3600.51847466035,27029.191526849,42973.74294289,331436.515367063,5901.39272868397,1700.11560786133,
158.21511,18313.4054127621,4400.77453631839,163056.606812143,1600.10240655402,200.0016000128,2700.2916314962,21418.3340939844,35149.3496869605,292379.911780179,4700.88376614804,1500.09000540032,
158.34139,690275.82847431,2800.31363512713,139777.161015245,1600.10240655402,500.010000200004,2100.17641481884,20016.0128102482,29334.3798932349,252729.314984364,4500.81014582625,1300.06760351538,
158.46763,19615.3784567101,4600.84655576626,124012.12384329,2500.2500250025,400.006400102402,1500.09000540032,15910.1188355794,27830.9480141918,210965.358116721,3800.57768780855,1200.05760276493,
158.59389,17812.6826300326,3200.40965243551,90929.5286116888,1600.10240655402,0,1700.11560786133,12906.6598364756,16310.634533716,157080.812593836,2700.2916314962,1000.04000160006,
158.72017,15009.0054032419,2600.27042812453,67883.8294100424,1700.11560786133,100.0004000016,900.032401166442,10604.4963064339,14808.7667899396,126739.27289247,2000.16001280102,1000.04000160006,
158.84647,13907.7326993809,2000.16001280102,63159.1610859366,1500.09000540032,100.0004000016,1800.12960933187,12606.3536022155,13807.6218072376,118761.504392769,2600.27042812453,700.019600548815,
158.97271,11605.3848985929,2800.31363512713,56427.0737701303,1200.05760276493,100.0004000016,1200.05760276493,12205.9565067753,14708.648685427,99595.1937287155,1300.06760351538,1300.06760351538,
159.09893,10304.2453490838,1500.09000540032,43375.1257177431,1600.10240655402,0,1000.04000160006,9103.31360615264,10504.4118529783,71202.2142885796,2000.16001280102,600.014400345608,
159.22521,9003.24116682005,1600.10240655402,30336.7681630136,1800.12960933187,600.014400345608,1100.04840212969,9003.24116682005,5901.39272868397,53815.5958999932,2700.2916314962,600.014400345608,
159.35148,8302.75651516303,1900.14441097523,24423.8376655616,1500.09000540032,100.0004000016,700.019600548815,7202.07419736884,6001.44034568296,40866.6944453348,1000.04000160006,400.006400102402,
159.47765,6701.7960813498,1100.04840212969,16911.4321281186,1100.04840212969,100.0004000016,1000.04000160006,7202.07419736884,5101.04061228491,31439.4879969241,1100.04840212969,600.014400345608,
159.604,4700.88376614804,1000.04000160006,14508.4148806308,1600.10240655402,500.010000200004,800.025600819226,6301.58800017604,4000.64010241639,21718.8519635043,500.010000200004,700.019600548815,
159.7302,4200.70571856072,900.032401166442,7502.25067520256,1400.07840439065,200.0016000128,900.032401166442,5701.29989637637,2100.17641481884,11205.0198488923,400.006400102402,400.006400102402,
159.85652,4200.70571856072,1300.06760351538,4600.84655576626,900.032401166442,500.010000200004,700.019600548815,3800.57768780855,800.025600819226,6101.48876325823,200.0016000128,0,
159.98283,3600.51847466035,400.006400102402,3500.49006860961,2100.17641481884,100.0004000016,600.014400345608,3000.36004320518,1300.06760351538,2300.21161946899,0,100.0004000016,
160.10914,1900.14441097523,900.032401166442,800.025600819226,1900.14441097523,200.0016000128,1000.04000160006,2200.1936170383,800.025600819226,1300.06760351538,400.006400102402,300.003600043201,
160.2355,1500.09000540032,700.019600548815,600.014400345608,2000.16001280102,0,800.025600819226,1900.14441097523,1300.06760351538,1200.05760276493,200.0016000128,200.0016000128,
160.36182,218348.848505279,600.014400345608,700.019600548815,1300.06760351538,100.0004000016,800.025600819226,800.025600819226,1500.09000540032,2700.2916314962,500.010000200004,0,
160.48813,1000.04000160006,500.010000200004,300.003600043201,900.032401166442,100.0004000016,1100.04840212969,800.025600819226,700.019600548815,1000.04000160006,200.0016000128,100.0004000016,
160.61444,2300.21161946899,700.019600548815,900.032401166442,1500.09000540032,100.0004000016,500.010000200004,1100.04840212969,900.032401166442,500.010000200004,100.0004000016,700.019600548815,
160.74081,2200.1936170383,1200.05760276493,200.0016000128,1500.09000540032,400.006400102402,600.014400345608,500.010000200004,1000.04000160006,500.010000200004,0,0,
160.86704,2200.1936170383,400.006400102402,100.0004000016,1100.04840212969,100.0004000016,900.032401166442,300.003600043201,1300.06760351538,500.010000200004,200.0016000128,0,
160.99333,2100.17641481884,1000.04000160006,200.0016000128,1300.06760351538,200.0016000128,500.010000200004,400.006400102402,1100.04840212969,200.0016000128,100.0004000016,0,
161.11954,3000.36004320518,600.014400345608,500.010000200004,1000.04000160006,0,800.025600819226,400.006400102402,700.019600548815,300.003600043201,0,0,
161.2458,113255.865570999,500.010000200004,200.0016000128,700.019600548815,100.0004000016,900.032401166442,600.014400345608,1600.10240655402,300.003600043201,0,100.0004000016,
161.3721,800.025600819226,1500.09000540032,0,1100.04840212969,0,600.014400345608,300.003600043201,900.032401166442,200.0016000128,100.0004000016,0,
161.49834,1300.06760351538,300.003600043201,300.003600043201,2200.1936170383,300.003600043201,600.014400345608,600.014400345608,1000.04000160006,200.0016000128,0,0,
161.62463,1800.12960933187,300.003600043201,900.032401166442,1000.04000160006,100.0004000016,600.014400345608,600.014400345608,2000.16001280102,100.0004000016,100.0004000016,200.0016000128,
161.7509,1100.04840212969,300.003600043201,600.014400345608,1200.05760276493,300.003600043201,900.032401166442,800.025600819226,500.010000200004,900.032401166442,1000.04000160006,0,
161.87725,2000.16001280102,600.014400345608,300.003600043201,1600.10240655402,300.003600043201,800.025600819226,500.010000200004,1200.05760276493,200.0016000128,600.014400345608,0,
162.00348,1700.11560786133,900.032401166442,400.006400102402,1600.10240655402,100.0004000016,700.019600548815,400.006400102402,1400.07840439065,200.0016000128,300.003600043201,0,
162.12976,2000.16001280102,800.025600819226,700.019600548815,1500.09000540032,300.003600043201,600.014400345608,600.014400345608,800.025600819226,300.003600043201,0,100.0004000016,
162.25608,3500.49006860961,700.019600548815,600.014400345608,1500.09000540032,0,1000.04000160006,500.010000200004,1000.04000160006,400.006400102402,300.003600043201,0,
162.38232,4300.73972723308,900.032401166442,400.006400102402,1300.06760351538,100.0004000016,700.019600548815,700.019600548815,900.032401166442,400.006400102402,200.0016000128,0,
162.50854,1600.10240655402,500.010000200004,800.025600819226,1400.07840439065,500.010000200004,700.019600548815,200.0016000128,1100.04840212969,300.003600043201,100.0004000016,0,
162.6347,1300.06760351538,4700.88376614804,200.0016000128,1700.11560786133,300.003600043201,500.010000200004,300.003600043201,500.010000200004,200.0016000128,100.0004000016,0,
162.76099,1400.07840439065,800.025600819226,200.0016000128,1300.06760351538,0,1000.04000160006,400.006400102402,400.006400102402,300.003600043201,100.0004000016,100.0004000016,
162.88728,1200.05760276493,1200.05760276493,200.0016000128,1600.10240655402,100.0004000016,600.014400345608,200.0016000128,1100.04840212969,400.006400102402,0,0,
163.01356,1400.07840439065,300.003600043201,200.0016000128,1500.09000540032,100.0004000016,700.019600548815,300.003600043201,1300.06760351538,100.0004000016,0,0,
163.13984,800.025600819226,900.032401166442,300.003600043201,2000.16001280102,200.0016000128,1000.04000160006,100.0004000016,1000.04000160006,300.003600043201,100.0004000016,0,
163.26605,1300.06760351538,500.010000200004,200.0016000128,2300.21161946899,300.003600043201,300.003600043201,400.006400102402,500.010000200004,200.0016000128,0,0,
163.39228,1900.14441097523,400.006400102402,100.0004000016,1200.05760276493,200.0016000128,400.006400102402,100.0004000016,700.019600548815,1100.04840212969,0,1100.04840212969,
163.51858,2200.1936170383,11104.9305891816,0,1200.05760276493,200.0016000128,500.010000200004,100.0004000016,1100.04840212969,600.014400345608,100.0004000016,0,
163.64483,1000.04000160006,400.006400102402,100.0004000016,1600.10240655402,0,700.019600548815,300.003600043201,2100.17641481884,2100.17641481884,400.006400102402,0,
163.77103,900.032401166442,900.032401166442,1900.14441097523,1500.09000540032,0,800.025600819226,100.0004000016,800.025600819226,100.0004000016,200.0016000128,0,
163.89734,1700.11560786133,400.006400102402,200.0016000128,1900.14441097523,300.003600043201,1000.04000160006,200.0016000128,1100.04840212969,200.0016000128,100.0004000016,0,
164.02349,1700.11560786133,600.014400345608,100.0004000016,1200.05760276493,300.003600043201,700.019600548815,400.006400102402,800.025600819226,0,700.019600548815,0,
164.1498,1400.07840439065,900.032401166442,400.006400102402,800.025600819226,200.0016000128,1400.07840439065,200.0016000128,1000.04000160006,200.0016000128,100.0004000016,0,
164.27609,8602.95941803981,800.025600819226,300.003600043201,1500.09000540032,300.003600043201,600.014400345608,0,1000.04000160006,300.003600043201,0,100.0004000016,
164.40233,1600.10240655402,700.019600548815,100.0004000016,1300.06760351538,100.0004000016,500.010000200004,500.010000200004,800.025600819226,400.006400102402,300.003600043201,100.0004000016,
164.52865,1500.09000540032,700.019600548815,200.0016000128,1100.04840212969,100.0004000016,700.019600548815,800.025600819226,1300.06760351538,200.0016000128,200.0016000128,200.0016000128,
164.65486,1400.07840439065,900.032401166442,200.0016000128,900.032401166442,300.003600043201,700.019600548815,100.0004000016,1500.09000540032,400.006400102402,2800.31363512713,0,
164.78109,2000.16001280102,700.019600548815,100.0004000016,1200.05760276493,0,300.003600043201,600.014400345608,700.019600548815,100.0004000016,0,0,
164.90732,1000.04000160006,400.006400102402,500.010000200004,500.010000200004,0,900.032401166442,100.0004000016,700.019600548815,200.0016000128,100.0004000016,0,
165.03356,800.025600819226,600.014400345608,400.006400102402,1000.04000160006,300.003600043201,900.032401166442,200.0016000128,800.025600819226,0,0,100.0004000016,
165.15978,1000.04000160006,500.010000200004,200.0016000128,1300.06760351538,100.0004000016,1200.05760276493,500.010000200004,900.032401166442,300.003600043201,100.0004000016,1000.04000160006,
165.28598,1000.04000160006,1000.04000160006,300.003600043201,700.019600548815,200.0016000128,600.014400345608,200.0016000128,900.032401166442,100.0004000016,0,0,
165.41215,1000.04000160006,4600.84655576626,0,2000.16001280102,200.0016000128,700.019600548815,500.010000200004,700.019600548815,0,100.0004000016,0,
165.53838,1000.04000160006,900.032401166442,900.032401166442,2100.17641481884,300.003600043201,800.025600819226,0,700.019600548815,100.0004000016,0,0,
165.66461,1300.06760351538,1000.04000160006,200.0016000128,900.032401166442,300.003600043201,1000.04000160006,200.0016000128,1500.09000540032,100.0004000016,100.0004000016,0,
165.7909,1600.10240655402,500.010000200004,100.0004000016,4500.81014582625,100.0004000016,800.025600819226,100.0004000016,1300.06760351538,100.0004000016,300.003600043201,100.0004000016,
165.9172,2000.16001280102,1000.04000160006,200.0016000128,900.032401166442,200.0016000128,1000.04000160006,400.006400102402,1400.07840439065,500.010000200004,100.0004000016,0,
166.04344,1600.10240655402,400.006400102402,200.0016000128,1600.10240655402,0,600.014400345608,100.0004000016,800.025600819226,0,0,0,
166.16976,1200.05760276493,200.0016000128,200.0016000128,800.025600819226,0,1000.04000160006,2600.27042812453,700.019600548815,100.0004000016,0,0,
166.29603,2000.16001280102,600.014400345608,300.003600043201,2700.2916314962,300.003600043201,700.019600548815,0,1200.05760276493,100.0004000016,1700.11560786133,0,
166.42228,2200.1936170383,1000.04000160006,0,1200.05760276493,100.0004000016,600.014400345608,300.003600043201,800.025600819226,0,200.0016000128,0,
166.54859,1900.14441097523,700.019600548815,0,1400.07840439065,200.0016000128,1100.04840212969,400.006400102402,1200.05760276493,0,1300.06760351538,0,
166.67491,1200.05760276493,800.025600819226,400.006400102402,1700.11560786133,400.006400102402,1300.06760351538,900.032401166442,500.010000200004,300.003600043201,800.025600819226,0,
166.80117,1900.14441097523,11905.6670975384,300.003600043201,1700.11560786133,100.0004000016,1200.05760276493,400.006400102402,900.032401166442,0,500.010000200004,100.0004000016,
166.92737,4700.88376614804,1200.05760276493,1000.04000160006,1400.07840439065,200.0016000128,1700.11560786133,300.003600043201,1200.05760276493,100.0004000016,100.0004000016,0,
167.0536,1700.11560786133,300.003600043201,100.0004000016,900.032401166442,0,900.032401166442,300.003600043201,700.019600548815,100.0004000016,300.003600043201,0,
167.17989,1500.09000540032,600.014400345608,200.0016000128,1500.09000540032,100.0004000016,600.014400345608,100.0004000016,800.025600819226,600.014400345608,100.0004000016,0,
167.30618,1700.11560786133,600.014400345608,100.0004000016,1000.04000160006,200.0016000128,800.025600819226,500.010000200004,1200.05760276493,100.0004000016,0,0,
167.43242,1200.05760276493,1000.04000160006,200.0016000128,1500.09000540032,100.0004000016,1100.04840212969,300.003600043201,1200.05760276493,0,0,0,
167.55865,1400.07840439065,1000.04000160006,200.0016000128,1200.05760276493,100.0004000016,1200.05760276493,200.0016000128,600.014400345608,300.003600043201,100.0004000016,0,
167.68491,700.019600548815,800.025600819226,900.032401166442,1100.04840212969,100.0004000016,1000.04000160006,300.003600043201,1600.10240655402,100.0004000016,0,100.0004000016,
167.81114,900.032401166442,200.0016000128,0,1100.04840212969,200.0016000128,1100.04840212969,0,700.019600548815,0,300.003600043201,0,
167.93736,700.019600548815,400.006400102402,200.0016000128,1300.06760351538,0,600.014400345608,100.0004000016,1000.04000160006,300.003600043201,300.003600043201,100.0004000016,
168.06372,1800.12960933187,1000.04000160006,700.019600548815,1300.06760351538,0,4300.73972723308,100.0004000016,600.014400345608,4300.73972723308,0,100.0004000016,
168.18995,1100.04840212969,500.010000200004,300.003600043201,1100.04840212969,100.0004000016,900.032401166442,0,1300.06760351538,100.0004000016,100.0004000016,0,
168.31611,1500.09000540032,600.014400345608,100.0004000016,1000.04000160006,300.003600043201,1200.05760276493,100.0004000016,700.019600548815,100.0004000016,0,100.0004000016,
168.4424,4600.84655576626,300.003600043201,200.0016000128,1000.04000160006,100.0004000016,1300.06760351538,700.019600548815,700.019600548815,0,100.0004000016,100.0004000016,
168.56862,2300.21161946899,900.032401166442,0,1300.06760351538,0,1100.04840212969,100.0004000016,900.032401166442,200.0016000128,200.0016000128,0,
168.69489,1700.11560786133,600.014400345608,500.010000200004,1200.05760276493,100.0004000016,1200.05760276493,300.003600043201,1400.07840439065,100.0004000016,200.0016000128,0,
168.82111,1600.10240655402,700.019600548815,300.003600043201,1300.06760351538,400.006400102402,1400.07840439065,300.003600043201,1000.04000160006,100.0004000016,0,0,
168.94732,1800.12960933187,700.019600548815,300.003600043201,1200.05760276493,0,1200.05760276493,200.0016000128,1100.04840212969,100.0004000016,0,0,
169.07353,900.032401166442,11905.6670975384,0,1800.12960933187,100.0004000016,1300.06760351538,0,600.014400345608,100.0004000016,200.0016000128,0,
169.19983,17111.7044058136,700.019600548815,200.0016000128,1300.06760351538,0,1000.04000160006,0,900.032401166442,100.0004000016,600.014400345608,0,
169.32612,700.019600548815,200.0016000128,0,800.025600819226,200.0016000128,114666.823128476,0,600.014400345608,0,0,0,
169.45241,300.003600043201,500.010000200004,100.0004000016,1300.06760351538,800.025600819226,100.0004000016,0,1400.07840439065,0,0,0,
169.57866,0,200.0016000128,300.003600043201,900.032401166442,400.006400102402,0,0,800.025600819226,0,0,0,
169.70495,100.0004000016,100.0004000016,0,700.019600548815,100.0004000016,0,0,1000.04000160006,0,0,0,
169.83117,0,600.014400345608,0,1700.11560786133,200.0016000128,100.0004000016,0,800.025600819226,0,0,100.0004000016,
169.9575,0,500.010000200004,400.006400102402,900.032401166442,100.0004000016,100.0004000016,0,700.019600548815,0,0,0,
170.08381,0,0,300.003600043201,800.025600819226,200.0016000128,100.0004000016,0,1700.11560786133,0,0,0,
170.2101,0,400.006400102402,200.0016000128,1400.07840439065,0,0,0,700.019600548815,0,0,0,
170.33643,0,300.003600043201,300.003600043201,1200.05760276493,100.0004000016,300.003600043201,0,1700.11560786133,0,0,0,
170.46259,0,100.0004000016,0,1600.10240655402,100.0004000016,0,0,800.025600819226,0,0,0,
170.58871,0,500.010000200004,0,1300.06760351538,400.006400102402,100.0004000016,0,800.025600819226,0,100.0004000016,0,
170.71491,0,200.0016000128,100.0004000016,700.019600548815,0,0,100.0004000016,800.025600819226,0,0,0,
170.84114,0,700.019600548815,100.0004000016,1100.04840212969,300.003600043201,300.003600043201,100.0004000016,500.010000200004,0,0,0,
170.96733,0,200.0016000128,0,1300.06760351538,200.0016000128,0,0,700.019600548815,0,0,0,
171.09362,0,400.006400102402,300.003600043201,1700.11560786133,300.003600043201,100.0004000016,0,500.010000200004,0,0,0,
171.2198,0,200.0016000128,300.003600043201,1800.12960933187,200.0016000128,0,200.0016000128,900.032401166442,0,0,0,
171.34604,0,500.010000200004,0,600.014400345608,200.0016000128,0,0,700.019600548815,0,0,0,
171.47232,0,300.003600043201,100.0004000016,2100.17641481884,200.0016000128,0,200.0016000128,800.025600819226,0,0,0,
171.59853,100.0004000016,400.006400102402,400.006400102402,1100.04840212969,200.0016000128,100.0004000016,0,1000.04000160006,0,0,0,
171.72479,0,200.0016000128,0,1500.09000540032,100.0004000016,100.0004000016,100.0004000016,800.025600819226,0,0,100.0004000016,
171.85109,0,500.010000200004,0,600.014400345608,100.0004000016,200.0016000128,200.0016000128,1900.14441097523,0,0,0,
171.97741,100.0004000016,400.006400102402,0,1300.06760351538,200.0016000128,0,100.0004000016,1100.04840212969,0,0,0,
172.10368,0,600.014400345608,200.0016000128,1200.05760276493,300.003600043201,100.0004000016,100.0004000016,1300.06760351538,0,0,0,
172.22993,0,100.0004000016,200.0016000128,1200.05760276493,100.0004000016,0,0,400.006400102402,0,0,0,
172.35624,0,400.006400102402,300.003600043201,700.019600548815,200.0016000128,300.003600043201,100.0004000016,900.032401166442,0,0,0,
172.48251,0,400.006400102402,600.014400345608,1400.07840439065,100.0004000016,0,0,900.032401166442,0,100.0004000016,0,
172.60873,0,300.003600043201,0,1300.06760351538,200.0016000128,200.0016000128,0,1100.04840212969,0,0,0,
172.73503,100.0004000016,100.0004000016,100.0004000016,1900.14441097523,200.0016000128,200.0016000128,0,1300.06760351538,0,0,100.0004000016,
172.86123,0,500.010000200004,100.0004000016,1200.05760276493,0,0,0,800.025600819226,0,0,0,
172.98755,0,200.0016000128,100.0004000016,600.014400345608,100.0004000016,0,0,600.014400345608,0,0,0,
173.11381,100.0004000016,300.003600043201,200.0016000128,1200.05760276493,100.0004000016,0,0,400.006400102402,0,0,0,
173.23999,0,400.006400102402,200.0016000128,1900.14441097523,200.0016000128,100.0004000016,0,1300.06760351538,0,0,0,
173.36623,0,400.006400102402,200.0016000128,900.032401166442,200.0016000128,0,100.0004000016,600.014400345608,0,0,0,
173.49245,0,400.006400102402,100.0004000016,1500.09000540032,200.0016000128,0,0,700.019600548815,0,0,0,
173.61872,300.003600043201,300.003600043201,100.0004000016,1400.07840439065,100.0004000016,100.0004000016,0,400.006400102402,0,0,0,
173.74496,0,500.010000200004,200.0016000128,1000.04000160006,0,0,0,1200.05760276493,0,0,0,
173.87116,100.0004000016,200.0016000128,200.0016000128,1600.10240655402,0,200.0016000128,0,900.032401166442,0,0,0,
173.9974,0,200.0016000128,200.0016000128,1300.06760351538,200.0016000128,0,100.0004000016,1000.04000160006,0,0,0,
174.12358,100.0004000016,400.006400102402,200.0016000128,2000.16001280102,200.0016000128,200.0016000128,0,700.019600548815,0,0,0,
174.24984,0,300.003600043201,0,1600.10240655402,100.0004000016,200.0016000128,0,1100.04840212969,100.0004000016,0,0,
174.37612,0,100.0004000016,200.0016000128,1300.06760351538,0,100.0004000016,0,700.019600548815,0,0,0,
174.50234,0,200.0016000128,0,700.019600548815,200.0016000128,200.0016000128,0,500.010000200004,0,0,0,
174.62868,0,200.0016000128,0,1300.06760351538,200.0016000128,100.0004000016,0,800.025600819226,0,0,0,
174.75502,0,400.006400102402,100.0004000016,1300.06760351538,100.0004000016,100.0004000016,200.0016000128,1000.04000160006,0,0,0,
174.88126,0,400.006400102402,100.0004000016,1300.06760351538,200.0016000128,100.0004000016,0,700.019600548815,0,0,0,
175.0075,0,400.006400102402,100.0004000016,1900.14441097523,200.0016000128,200.0016000128,100.0004000016,600.014400345608,0,0,0,
175.13372,0,200.0016000128,200.0016000128,2100.17641481884,0,100.0004000016,200.0016000128,500.010000200004,0,0,0,
175.26001,0,400.006400102402,100.0004000016,1300.06760351538,200.0016000128,0,0,800.025600819226,0,0,0,
175.38633,0,100.0004000016,300.003600043201,800.025600819226,300.003600043201,0,100.0004000016,1200.05760276493,0,0,0,
175.51264,0,100.0004000016,100.0004000016,1700.11560786133,200.0016000128,200.0016000128,100.0004000016,1400.07840439065,0,0,0,
175.6389,0,200.0016000128,0,1300.06760351538,100.0004000016,100.0004000016,0,800.025600819226,0,0,0,
175.76511,0,600.014400345608,200.0016000128,1000.04000160006,0,400.006400102402,100.0004000016,700.019600548815,100.0004000016,0,0,
175.89134,0,300.003600043201,0,1800.12960933187,0,0,200.0016000128,600.014400345608,0,0,0,
176.01763,0,700.019600548815,100.0004000016,1400.07840439065,200.0016000128,0,0,800.025600819226,0,0,0,
176.14382,0,100.0004000016,100.0004000016,1500.09000540032,100.0004000016,200.0016000128,0,800.025600819226,0,0,0,
176.27001,0,400.006400102402,100.0004000016,700.019600548815,300.003600043201,0,100.0004000016,800.025600819226,0,0,0,
176.3963,0,300.003600043201,200.0016000128,1100.04840212969,300.003600043201,100.0004000016,100.0004000016,800.025600819226,0,0,0,
176.52253,0,400.006400102402,100.0004000016,1100.04840212969,0,0,0,800.025600819226,0,0,0,
176.64876,0,300.003600043201,0,1400.07840439065,400.006400102402,200.0016000128,200.0016000128,1200.05760276493,0,0,0,
176.77497,0,600.014400345608,0,1200.05760276493,200.0016000128,0,100.0004000016,900.032401166442,0,0,0,
176.90121,0,700.019600548815,100.0004000016,700.019600548815,100.0004000016,100.0004000016,0,800.025600819226,0,0,0,
177.02737,100.0004000016,500.010000200004,100.0004000016,1900.14441097523,100.0004000016,0,0,300.003600043201,0,0,0,
177.15359,0,500.010000200004,0,900.032401166442,100.0004000016,0,200.0016000128,1400.07840439065,0,0,0,
177.27983,0,400.006400102402,100.0004000016,400.006400102402,0,0,100.0004000016,800.025600819226,0,0,0,
177.40617,0,0,0,800.025600819226,0,0,0,700.019600548815,0,0,0,
177.53236,100.0004000016,600.014400345608,300.003600043201,1000.04000160006,200.0016000128,100.0004000016,0,1500.09000540032,0,0,0,
177.65862,0,400.006400102402,0,600.014400345608,400.006400102402,0,100.0004000016,400.006400102402,0,0,0,
177.78493,100.0004000016,100.0004000016,300.003600043201,1800.12960933187,100.0004000016,100.0004000016,200.0016000128,1100.04840212969,0,0,0,
177.91125,0,300.003600043201,200.0016000128,1100.04840212969,100.0004000016,100.0004000016,100.0004000016,700.019600548815,0,0,0,
178.03756,0,300.003600043201,200.0016000128,2700.2916314962,200.0016000128,0,0,800.025600819226,0,0,0,
178.16387,0,0,200.0016000128,1600.10240655402,0,100.0004000016,0,1700.11560786133,0,0,100.0004000016,
178.29013,100.0004000016,600.014400345608,0,1200.05760276493,100.0004000016,100.0004000016,0,400.006400102402,0,0,0,
178.4164,0,400.006400102402,100.0004000016,900.032401166442,0,200.0016000128,0,1000.04000160006,0,0,0,
178.5427,0,100.0004000016,100.0004000016,1000.04000160006,100.0004000016,100.0004000016,0,1900.14441097523,0,0,0,
178.66893,0,300.003600043201,0,500.010000200004,100.0004000016,0,0,500.010000200004,0,0,0,
178.79524,0,400.006400102402,0,1100.04840212969,200.0016000128,100.0004000016,0,900.032401166442,0,0,0,
178.92154,0,200.0016000128,200.0016000128,1500.09000540032,0,100.0004000016,100.0004000016,1300.06760351538,0,0,0,
179.04777,0,400.006400102402,100.0004000016,1500.09000540032,100.0004000016,100.0004000016,100.0004000016,1200.05760276493,0,0,0,
179.17399,0,500.010000200004,0,800.025600819226,100.0004000016,0,100.0004000016,900.032401166442,0,0,0,
179.30031,0,200.0016000128,100.0004000016,900.032401166442,200.0016000128,100.0004000016,0,800.025600819226,0,0,0,
179.42651,0,0,0,900.032401166442,400.006400102402,0,100.0004000016,500.010000200004,0,0,0,
179.5529,0,300.003600043201,0,1400.07840439065,200.0016000128,0,0,1100.04840212969,0,0,0,
179.67917,0,600.014400345608,200.0016000128,600.014400345608,300.003600043201,0,0,1900.14441097523,0,0,0,
179.80536,0,600.014400345608,0,1200.05760276493,200.0016000128,100.0004000016,0,700.019600548815,0,0,0,
179.93157,0,200.0016000128,200.0016000128,1000.04000160006,200.0016000128,0,0,1300.06760351538,0,0,0,
180.05783,0,200.0016000128,100.0004000016,1800.12960933187,0,0,300.003600043201,900.032401166442,0,0,0,

