- 35:03/07/2023 09:18:55 PM;
Software:Name=Qtegra;Version=2.10.3324.83;File Version=1;
Configuration:Machine=iCAP RQ;
STDS:Additional Gas Flow 1=0;Additional Gas Flow 2=0;Additional Gas Flow 3=0;CCT Entry Lens=-108.333333333333;Angular Deflection=-370;Deflection Entry Lens=-35;Extraction Lens 1 Polarity=0;Extraction Lens 1 Negative=0;Extraction Lens 1 Positive=0;Spray Chamber Temperature=2.7;Peristaltic Pump Speed=0;Cool Flow=14;Sampling Depth=5;Plasma Power=1550;Auxilliary Flow=0.8;Nebulizer Flow=1.105;Torch Horizontal Position=-0.723333333333333;Torch Vertical Position=0.3;Extraction Lens 2=-130;CCT Focus Lens=-1.08;CCT Bias=-2;CCT Exit Lens=-160;Focus Lens=18.8;D1 Lens=-200;D2 Lens=-80;Quad Entry Lens=-29.4;Pole Bias=-1;CCT1 Flow=0;CCT2 Flow=0;CCT1 Shut-Off Valve=0;CCT2 Shut-Off Valve=0;Virtual CCT Mass to Dac Factor=130;Virtual CCT Mass to Dac Offset=35;Virtual CCT Mass parameter b=0.65;Virtual CCT Mass Maximum Dac Limit Set=4095;
RF Generator:RF Plasma Lit Readback=1;RF FET Temperature Ok Readback=1;Plasma Power Readback=1548.6077186126;
Ion Optics:Pole Bias Readback=-0.793743890518083;Torch Horizontal Position Readback=-0.72316715542522;Torch Vertical Position Readback=0.300879765395894;Sampling Depth Readback=5;Extraction Lens 1 Negative Readback=-200.39100684262;Extraction Lens 1 Positive Readback=0.00977517106549364;Extraction Lens 2 Readback=-137.82991202346;Angular Deflection Readback=-369.560117302053;Quad Entry Lens Readback=-29.8142717497556;Focus Lens Readback=18.4408602150538;D2 Lens Readback=-80.9384164222874;Deflection Exit Lens Readback=34.6578690127077;Deflection Entry Lens Readback=-35.425219941349;D1 Lens Readback=-200.58651026393;CCT Exit Lens Readback=-162.267839687195;CCT Bias Readback=-2.01857282502444;CCT Entry Lens Readback=-109.237536656891;CCT Focus Lens Readback=-1.53958944281525;
Vacuum:Analyzer Vacuum Ok Readback=1;Interface Pressure Readback=2.02512396424301;Analyzer Pressure Readback=2.19605002409792E-07;
Detector:Detector Voltage (Counting) Readback=1618.76832844575;Detector Voltage (Analog) Readback=-1978.49462365591;
Cooling System:Plasma Cooling Water Flow Readback=0.909803921568627;Interface Temperature Readback=31.2178705615847;Exhaust Flow Readback=0.550695014662757;Quad Board Temperature Readback=0;Inlet Fan Speed Readback=0;Outlet Fan Speed Readback=2447.05882352941;Peltier Temperature Hot Side Readback=20.7862437909878;Spray Chamber Temperature Readback=2.6293915694153;
Power Supply:Supply Voltage 500 V Readback=-539.467253176931;Supply Voltage 1 kV Readback=-1169.35483870968;
Gas Supply:Nebulizer Supply Pressure Readback=0.0564456989247311;Nebulizer Flow Readback=1.10263929618768;Cool Flow Readback=14.0175953079179;Auxilliary Flow Readback=0.797653958944281;CCT2 Flow Readback=0;CCT1 Flow Readback=0;Additional Gas Flow 1 Readback=0;
Pulse Counting:Threshold=2500000;

Time,24Mg,26Mg,43Ca,55Mn,59Co,63Cu,66Zn,86Sr,88Sr,138Ba,208Pb,
,dwell time=0.01;xcal factor=66096.21568,dwell time=0.01;xcal factor=66420.50783,dwell time=0.01;xcal factor=69176.99106,dwell time=0.01;xcal factor=80139.50903,dwell time=0.01;xcal factor=85118.72235,dwell time=0.01;xcal factor=86639.08057,dwell time=0.01;xcal factor=86821.65425,dwell time=0.01;xcal factor=85302.89892,dwell time=0.01;xcal factor=82608.9753,dwell time=0.01;xcal factor=93538.82005,dwell time=0.01;xcal factor=107923.33534,
0.01244,0,0,500.010000200004,2200.1936170383,100.0004000016,100.0004000016,0,600.014400345608,100.0004000016,0,0,
0.13865,0,300.003600043201,0,700.019600548815,200.0016000128,0,0,1000.04000160006,0,0,0,
0.26486,0,400.006400102402,300.003600043201,1400.07840439065,100.0004000016,0,0,900.032401166442,0,0,0,
0.39116,0,500.010000200004,0,900.032401166442,200.0016000128,100.0004000016,100.0004000016,500.010000200004,0,0,0,
0.51739,0,300.003600043201,300.003600043201,1400.07840439065,200.0016000128,0,100.0004000016,700.019600548815,0,0,0,
0.64367,0,300.003600043201,200.0016000128,1600.10240655402,100.0004000016,0,0,1200.05760276493,0,0,0,
0.76999,0,400.006400102402,500.010000200004,1500.09000540032,100.0004000016,0,0,1300.06760351538,0,0,0,
0.89631,0,600.014400345608,0,1600.10240655402,100.0004000016,0,0,500.010000200004,0,0,0,
1.02259,0,300.003600043201,200.0016000128,1500.09000540032,200.0016000128,0,100.0004000016,900.032401166442,0,0,100.0004000016,
1.14883,0,300.003600043201,100.0004000016,1600.10240655402,200.0016000128,0,0,1500.09000540032,0,0,0,
1.27514,0,300.003600043201,300.003600043201,1500.09000540032,0,100.0004000016,0,1000.04000160006,0,0,0,
1.40138,0,0,200.0016000128,800.025600819226,100.0004000016,100.0004000016,0,1100.04840212969,0,0,0,
1.52765,0,600.014400345608,200.0016000128,1800.12960933187,300.003600043201,0,200.0016000128,1500.09000540032,0,0,0,
1.65389,0,700.019600548815,0,1800.12960933187,100.0004000016,0,100.0004000016,1000.04000160006,0,0,0,
1.78013,0,600.014400345608,100.0004000016,1100.04840212969,200.0016000128,0,100.0004000016,800.025600819226,0,0,0,
1.90644,0,300.003600043201,100.0004000016,1400.07840439065,100.0004000016,0,0,1500.09000540032,0,0,0,
2.03267,0,300.003600043201,300.003600043201,1200.05760276493,400.006400102402,300.003600043201,0,800.025600819226,0,0,0,
2.15889,0,500.010000200004,0,1600.10240655402,100.0004000016,300.003600043201,100.0004000016,1500.09000540032,0,0,0,
2.28519,0,400.006400102402,200.0016000128,600.014400345608,0,0,0,1200.05760276493,0,0,0,
2.41146,0,400.006400102402,100.0004000016,1800.12960933187,400.006400102402,100.0004000016,100.0004000016,1500.09000540032,0,0,0,
2.53774,0,200.0016000128,0,1800.12960933187,500.010000200004,0,0,600.014400345608,0,0,0,
2.66395,100.0004000016,300.003600043201,100.0004000016,800.025600819226,200.0016000128,100.0004000016,0,500.010000200004,0,0,0,
2.7902,0,600.014400345608,200.0016000128,1200.05760276493,300.003600043201,0,0,800.025600819226,0,0,0,
2.91641,0,700.019600548815,200.0016000128,1600.10240655402,0,0,0,1300.06760351538,0,0,0,
3.04264,0,600.014400345608,100.0004000016,1800.12960933187,100.0004000016,0,0,1000.04000160006,0,0,0,
3.16892,0,800.025600819226,200.0016000128,700.019600548815,0,0,0,1000.04000160006,0,0,100.0004000016,
3.29516,0,400.006400102402,100.0004000016,1300.06760351538,0,0,0,1000.04000160006,0,0,0,
3.42142,0,300.003600043201,200.0016000128,1300.06760351538,200.0016000128,0,0,700.019600548815,0,0,0,
3.54775,0,200.0016000128,200.0016000128,1300.06760351538,100.0004000016,200.0016000128,0,1000.04000160006,0,0,0,
3.67408,0,600.014400345608,300.003600043201,1300.06760351538,100.0004000016,200.0016000128,0,1000.04000160006,0,0,0,
3.80039,0,200.0016000128,300.003600043201,1300.06760351538,0,0,0,700.019600548815,0,0,100.0004000016,
3.92671,0,500.010000200004,100.0004000016,1400.07840439065,100.0004000016,0,0,600.014400345608,0,0,0,
4.05296,100.0004000016,400.006400102402,100.0004000016,800.025600819226,300.003600043201,100.0004000016,0,1100.04840212969,0,0,0,
4.17917,0,100.0004000016,300.003600043201,700.019600548815,200.0016000128,0,0,1100.04840212969,0,0,0,
4.3054,0,200.0016000128,100.0004000016,1300.06760351538,300.003600043201,200.0016000128,0,1100.04840212969,0,0,0,
4.43169,0,300.003600043201,200.0016000128,1500.09000540032,0,0,0,900.032401166442,0,0,0,
4.55798,0,500.010000200004,100.0004000016,600.014400345608,300.003600043201,200.0016000128,200.0016000128,700.019600548815,0,0,0,
4.68422,0,300.003600043201,0,1300.06760351538,300.003600043201,0,0,1200.05760276493,0,0,0,
4.81044,0,700.019600548815,100.0004000016,1600.10240655402,200.0016000128,100.0004000016,0,900.032401166442,0,0,0,
4.9367,0,700.019600548815,100.0004000016,1100.04840212969,200.0016000128,0,0,1900.14441097523,0,0,0,
5.06294,0,300.003600043201,0,700.019600548815,200.0016000128,200.0016000128,0,700.019600548815,0,0,0,
5.18919,0,100.0004000016,100.0004000016,1200.05760276493,400.006400102402,0,100.0004000016,800.025600819226,0,0,0,
5.31551,0,300.003600043201,300.003600043201,1200.05760276493,400.006400102402,100.0004000016,100.0004000016,900.032401166442,0,0,0,
5.44186,0,400.006400102402,200.0016000128,1100.04840212969,100.0004000016,0,0,900.032401166442,0,0,0,
5.56819,0,500.010000200004,100.0004000016,800.025600819226,100.0004000016,0,300.003600043201,500.010000200004,0,0,0,
5.69442,0,100.0004000016,300.003600043201,1300.06760351538,300.003600043201,0,200.0016000128,1200.05760276493,0,0,0,
5.82068,0,500.010000200004,100.0004000016,1100.04840212969,300.003600043201,0,0,600.014400345608,0,0,0,
5.94697,0,100.0004000016,300.003600043201,1300.06760351538,200.0016000128,100.0004000016,100.0004000016,900.032401166442,0,0,0,
6.07318,0,300.003600043201,100.0004000016,1200.05760276493,0,100.0004000016,100.0004000016,1200.05760276493,0,0,0,
6.19941,100.0004000016,300.003600043201,100.0004000016,900.032401166442,200.0016000128,300.003600043201,100.0004000016,1000.04000160006,0,0,0,
6.32572,0,300.003600043201,300.003600043201,1400.07840439065,400.006400102402,0,100.0004000016,900.032401166442,0,0,0,
6.45204,200.0016000128,200.0016000128,100.0004000016,1400.07840439065,100.0004000016,0,0,200.0016000128,0,100.0004000016,0,
6.57833,0,400.006400102402,100.0004000016,600.014400345608,100.0004000016,0,100.0004000016,1400.07840439065,0,0,0,
6.70457,0,200.0016000128,200.0016000128,1000.04000160006,0,0,100.0004000016,800.025600819226,0,0,0,
6.83086,0,200.0016000128,0,700.019600548815,300.003600043201,200.0016000128,0,1100.04840212969,0,0,0,
6.95707,0,400.006400102402,100.0004000016,1000.04000160006,0,0,100.0004000016,1000.04000160006,0,0,100.0004000016,
7.08332,0,500.010000200004,100.0004000016,1200.05760276493,300.003600043201,0,0,700.019600548815,0,0,0,
7.20964,0,200.0016000128,100.0004000016,1300.06760351538,0,300.003600043201,100.0004000016,700.019600548815,0,0,0,
7.33587,0,600.014400345608,100.0004000016,900.032401166442,0,100.0004000016,100.0004000016,1000.04000160006,0,0,0,
7.46214,0,600.014400345608,100.0004000016,1100.04840212969,100.0004000016,0,100.0004000016,600.014400345608,0,0,0,
7.58845,0,700.019600548815,200.0016000128,1300.06760351538,100.0004000016,0,0,800.025600819226,0,0,0,
7.71477,0,700.019600548815,0,900.032401166442,100.0004000016,0,0,800.025600819226,100.0004000016,0,0,
7.841,0,400.006400102402,300.003600043201,1600.10240655402,200.0016000128,0,0,700.019600548815,0,0,0,
7.9673,0,600.014400345608,200.0016000128,1000.04000160006,200.0016000128,100.0004000016,0,600.014400345608,0,0,0,
8.09361,0,800.025600819226,200.0016000128,1200.05760276493,100.0004000016,0,0,1300.06760351538,0,0,0,
8.21984,0,300.003600043201,100.0004000016,600.014400345608,200.0016000128,0,0,1200.05760276493,0,0,100.0004000016,
8.34607,0,400.006400102402,200.0016000128,1100.04840212969,500.010000200004,100.0004000016,100.0004000016,900.032401166442,0,0,0,
8.47234,0,200.0016000128,100.0004000016,700.019600548815,500.010000200004,0,0,1300.06760351538,0,0,0,
8.59859,0,500.010000200004,0,2000.16001280102,700.019600548815,100.0004000016,0,1100.04840212969,0,0,0,
8.72489,0,400.006400102402,200.0016000128,1700.11560786133,0,100.0004000016,0,800.025600819226,0,0,0,
8.8512,100.0004000016,400.006400102402,200.0016000128,800.025600819226,0,0,0,300.003600043201,0,0,0,
8.97757,0,700.019600548815,0,1300.06760351538,100.0004000016,0,0,1200.05760276493,0,0,0,
9.10381,0,300.003600043201,0,1000.04000160006,100.0004000016,0,0,1100.04840212969,0,0,0,
9.2301,100.0004000016,200.0016000128,100.0004000016,1400.07840439065,100.0004000016,0,0,800.025600819226,100.0004000016,0,0,
9.35637,0,400.006400102402,100.0004000016,1200.05760276493,300.003600043201,0,200.0016000128,1300.06760351538,0,0,0,
9.48264,0,400.006400102402,0,1500.09000540032,300.003600043201,100.0004000016,0,800.025600819226,0,0,0,
9.60895,0,900.032401166442,200.0016000128,1500.09000540032,0,100.0004000016,100.0004000016,1000.04000160006,0,0,0,
9.73519,0,600.014400345608,200.0016000128,1700.11560786133,500.010000200004,200.0016000128,100.0004000016,800.025600819226,0,0,0,
9.86144,0,300.003600043201,300.003600043201,1900.14441097523,200.0016000128,0,0,800.025600819226,0,0,0,
9.98765,0,600.014400345608,100.0004000016,900.032401166442,100.0004000016,0,100.0004000016,800.025600819226,0,0,0,
10.11388,0,300.003600043201,200.0016000128,900.032401166442,100.0004000016,0,100.0004000016,900.032401166442,0,0,0,
10.24017,100.0004000016,300.003600043201,300.003600043201,1300.06760351538,0,0,0,1200.05760276493,0,0,0,
10.36636,100.0004000016,300.003600043201,300.003600043201,1500.09000540032,100.0004000016,0,0,1400.07840439065,0,0,0,
10.49255,100.0004000016,300.003600043201,100.0004000016,1100.04840212969,300.003600043201,0,0,600.014400345608,0,0,0,
10.61883,0,800.025600819226,200.0016000128,800.025600819226,100.0004000016,0,0,600.014400345608,0,0,0,
10.74515,0,300.003600043201,100.0004000016,1400.07840439065,200.0016000128,200.0016000128,0,1000.04000160006,0,0,0,
10.87136,0,500.010000200004,400.006400102402,1300.06760351538,0,0,0,1000.04000160006,0,0,0,
10.99763,0,500.010000200004,100.0004000016,1000.04000160006,100.0004000016,0,100.0004000016,700.019600548815,0,0,0,
11.12391,0,100.0004000016,200.0016000128,1200.05760276493,300.003600043201,0,200.0016000128,900.032401166442,0,0,0,
11.25014,0,400.006400102402,0,1700.11560786133,0,0,0,800.025600819226,0,0,0,
11.37646,100.0004000016,500.010000200004,100.0004000016,1700.11560786133,100.0004000016,0,100.0004000016,1200.05760276493,0,0,0,
11.50282,0,300.003600043201,0,1400.07840439065,100.0004000016,0,0,1200.05760276493,0,0,0,
11.62913,0,700.019600548815,0,1600.10240655402,0,0,0,700.019600548815,0,0,0,
11.75552,0,500.010000200004,0,1400.07840439065,100.0004000016,0,0,800.025600819226,0,0,0,
11.8818,0,300.003600043201,0,2000.16001280102,300.003600043201,100.0004000016,0,1200.05760276493,0,0,0,
12.00802,0,300.003600043201,0,1500.09000540032,200.0016000128,300.003600043201,0,600.014400345608,0,0,0,
12.1343,0,400.006400102402,100.0004000016,1700.11560786133,300.003600043201,100.0004000016,0,1200.05760276493,0,0,0,
12.2606,0,500.010000200004,100.0004000016,1100.04840212969,200.0016000128,200.0016000128,0,1300.06760351538,0,0,0,
12.38683,0,500.010000200004,500.010000200004,2000.16001280102,300.003600043201,0,0,1100.04840212969,0,0,0,
12.51313,0,400.006400102402,200.0016000128,800.025600819226,100.0004000016,0,200.0016000128,600.014400345608,0,0,0,
12.63942,0,700.019600548815,0,1400.07840439065,400.006400102402,100.0004000016,0,1300.06760351538,0,0,0,
12.76566,0,200.0016000128,300.003600043201,1200.05760276493,200.0016000128,100.0004000016,0,1300.06760351538,0,0,0,
12.8919,0,300.003600043201,200.0016000128,1300.06760351538,300.003600043201,100.0004000016,0,700.019600548815,100.0004000016,0,0,
13.01817,0,400.006400102402,300.003600043201,2100.17641481884,300.003600043201,0,0,600.014400345608,0,0,0,
13.14443,0,700.019600548815,300.003600043201,900.032401166442,300.003600043201,0,200.0016000128,800.025600819226,0,0,0,
13.27067,0,400.006400102402,200.0016000128,1600.10240655402,200.0016000128,200.0016000128,0,1200.05760276493,0,0,0,
13.39684,100.0004000016,600.014400345608,300.003600043201,900.032401166442,100.0004000016,0,0,1400.07840439065,0,0,0,
13.52308,0,200.0016000128,0,1600.10240655402,100.0004000016,0,0,1100.04840212969,0,0,0,
13.6494,200.0016000128,300.003600043201,100.0004000016,1400.07840439065,200.0016000128,0,100.0004000016,500.010000200004,0,0,0,
13.77557,0,300.003600043201,0,1200.05760276493,200.0016000128,100.0004000016,100.0004000016,1000.04000160006,0,0,0,
13.90187,0,800.025600819226,100.0004000016,1100.04840212969,500.010000200004,100.0004000016,100.0004000016,600.014400345608,0,0,0,
14.02806,0,400.006400102402,300.003600043201,1000.04000160006,0,300.003600043201,0,1500.09000540032,0,0,0,
14.1543,300.003600043201,400.006400102402,100.0004000016,700.019600548815,100.0004000016,200.0016000128,0,1100.04840212969,0,0,0,
14.28052,0,100.0004000016,100.0004000016,1100.04840212969,200.0016000128,200.0016000128,100.0004000016,900.032401166442,0,0,0,
14.40669,0,600.014400345608,200.0016000128,1400.07840439065,0,0,100.0004000016,700.019600548815,0,0,0,
14.53289,100.0004000016,300.003600043201,100.0004000016,2200.1936170383,200.0016000128,0,100.0004000016,1500.09000540032,0,0,0,
14.65912,0,200.0016000128,200.0016000128,2400.23042212052,100.0004000016,0,100.0004000016,800.025600819226,0,0,0,
14.78542,0,200.0016000128,0,1500.09000540032,0,0,0,1100.04840212969,0,0,0,
14.91174,0,300.003600043201,200.0016000128,1300.06760351538,100.0004000016,300.003600043201,0,800.025600819226,0,0,0,
15.03803,0,300.003600043201,100.0004000016,1300.06760351538,200.0016000128,100.0004000016,100.0004000016,1600.10240655402,0,0,0,
15.16427,0,200.0016000128,200.0016000128,1000.04000160006,100.0004000016,100.0004000016,100.0004000016,1300.06760351538,0,0,0,
15.29056,0,500.010000200004,0,1400.07840439065,400.006400102402,0,0,1100.04840212969,0,0,0,
15.41676,200.0016000128,300.003600043201,100.0004000016,1200.05760276493,200.0016000128,200.0016000128,200.0016000128,400.006400102402,0,0,0,
15.54302,0,300.003600043201,300.003600043201,1300.06760351538,300.003600043201,300.003600043201,0,900.032401166442,0,0,0,
15.66934,0,500.010000200004,200.0016000128,1200.05760276493,0,0,100.0004000016,700.019600548815,0,0,0,
15.79557,0,600.014400345608,100.0004000016,900.032401166442,0,0,0,400.006400102402,0,0,0,
15.92187,0,200.0016000128,200.0016000128,1000.04000160006,300.003600043201,100.0004000016,0,1200.05760276493,0,0,0,
16.04812,0,200.0016000128,600.014400345608,1200.05760276493,0,200.0016000128,0,900.032401166442,0,0,0,
16.17441,0,300.003600043201,300.003600043201,1200.05760276493,100.0004000016,0,0,1500.09000540032,0,0,0,
16.30064,0,700.019600548815,300.003600043201,1700.11560786133,400.006400102402,400.006400102402,0,900.032401166442,0,0,100.0004000016,
16.42682,0,300.003600043201,0,1100.04840212969,200.0016000128,0,0,1300.06760351538,0,0,0,
16.55309,0,400.006400102402,0,1500.09000540032,100.0004000016,0,0,1600.10240655402,0,0,0,
16.67939,0,200.0016000128,400.006400102402,1300.06760351538,600.014400345608,100.0004000016,0,500.010000200004,0,0,0,
16.80565,0,700.019600548815,100.0004000016,1800.12960933187,400.006400102402,0,0,700.019600548815,0,0,0,
16.93183,100.0004000016,300.003600043201,100.0004000016,1200.05760276493,300.003600043201,0,100.0004000016,900.032401166442,0,0,0,
17.05797,0,500.010000200004,400.006400102402,1600.10240655402,100.0004000016,0,0,1200.05760276493,0,0,0,
17.18422,0,400.006400102402,0,1400.07840439065,100.0004000016,200.0016000128,100.0004000016,600.014400345608,0,0,0,
17.31051,0,200.0016000128,0,1000.04000160006,300.003600043201,0,100.0004000016,1200.05760276493,0,0,0,
17.4368,0,800.025600819226,200.0016000128,700.019600548815,200.0016000128,0,100.0004000016,600.014400345608,0,100.0004000016,0,
17.56313,0,300.003600043201,100.0004000016,1400.07840439065,100.0004000016,200.0016000128,0,700.019600548815,0,0,0,
17.68936,0,300.003600043201,100.0004000016,700.019600548815,0,0,100.0004000016,800.025600819226,0,0,0,
17.81563,0,500.010000200004,100.0004000016,1100.04840212969,100.0004000016,100.0004000016,0,900.032401166442,0,0,0,
17.94191,0,100.0004000016,100.0004000016,600.014400345608,200.0016000128,0,0,900.032401166442,0,0,0,
18.06821,0,500.010000200004,100.0004000016,1600.10240655402,0,0,0,1400.07840439065,0,0,0,
18.19435,0,400.006400102402,200.0016000128,1300.06760351538,100.0004000016,100.0004000016,100.0004000016,900.032401166442,0,0,0,
18.32066,0,400.006400102402,100.0004000016,1500.09000540032,300.003600043201,0,100.0004000016,900.032401166442,0,0,0,
18.4469,0,600.014400345608,300.003600043201,900.032401166442,400.006400102402,0,200.0016000128,1000.04000160006,0,0,0,
18.57317,0,500.010000200004,400.006400102402,1800.12960933187,100.0004000016,0,100.0004000016,1400.07840439065,0,0,0,
18.69942,0,600.014400345608,100.0004000016,1400.07840439065,200.0016000128,100.0004000016,100.0004000016,700.019600548815,0,0,0,
18.82574,100.0004000016,100.0004000016,0,1200.05760276493,0,0,0,900.032401166442,0,0,0,
18.95194,0,300.003600043201,200.0016000128,1300.06760351538,300.003600043201,0,0,1300.06760351538,0,0,0,
19.07818,0,400.006400102402,100.0004000016,1300.06760351538,200.0016000128,200.0016000128,300.003600043201,1700.11560786133,0,0,0,
19.20443,0,400.006400102402,100.0004000016,1400.07840439065,0,0,0,1400.07840439065,0,0,0,
19.33064,0,400.006400102402,0,1200.05760276493,300.003600043201,100.0004000016,0,500.010000200004,0,0,0,
19.45692,0,0,300.003600043201,800.025600819226,200.0016000128,300.003600043201,0,400.006400102402,0,0,0,
19.58318,0,300.003600043201,400.006400102402,600.014400345608,0,0,100.0004000016,1100.04840212969,0,0,0,
19.70948,100.0004000016,700.019600548815,500.010000200004,1700.11560786133,100.0004000016,0,0,1000.04000160006,0,0,0,
19.83577,0,600.014400345608,100.0004000016,1500.09000540032,200.0016000128,0,0,400.006400102402,0,0,0,
19.96205,200.0016000128,200.0016000128,400.006400102402,1200.05760276493,200.0016000128,300.003600043201,0,900.032401166442,0,0,0,
20.0884,0,400.006400102402,0,1700.11560786133,100.0004000016,0,100.0004000016,800.025600819226,0,0,0,
20.21462,0,500.010000200004,400.006400102402,1900.14441097523,200.0016000128,100.0004000016,200.0016000128,600.014400345608,0,100.0004000016,0,
20.34088,0,800.025600819226,100.0004000016,1600.10240655402,100.0004000016,100.0004000016,0,1300.06760351538,0,0,0,
20.46716,0,500.010000200004,0,1000.04000160006,200.0016000128,0,100.0004000016,1200.05760276493,0,100.0004000016,0,
20.59338,0,700.019600548815,100.0004000016,1700.11560786133,100.0004000016,0,0,900.032401166442,0,0,0,
20.71961,0,300.003600043201,0,1300.06760351538,400.006400102402,100.0004000016,1600.10240655402,37355.7347562563,354969.574036511,2400.23042212052,0,
20.84591,42873.3992595323,5901.39272868397,497611.383765569,5601.25468104855,100.0004000016,1500.09000540032,18413.5523745477,267226.184123288,2367036.27375486,9203.38684635946,400.006400102402,
20.97212,65772.5872689938,12005.7627661277,777554.143174722,8202.69048247825,500.010000200004,600.014400345608,18814.1482394761,315225.183991057,2718950.50853231,9303.46088745013,300.003600043201,
21.09841,79351.066775277,12406.1534521122,1021986.27735788,9803.84310649775,300.003600043201,1200.05760276493,22019.3770518056,393703.986608376,3185691.21897658,8202.69048247825,100.0004000016,
21.22467,73213.78425001,12105.8592358702,1068386.76309884,9303.46088745013,200.0016000128,800.025600819226,20917.487019148,399586.291538483,3318691.66920937,9803.84310649775,200.0016000128,
21.35098,70900.5066327574,12306.0545788528,1106715.90045196,9803.84310649775,500.010000200004,1400.07840439065,18513.7001381022,389887.10640597,3093995.25639372,9503.61137232148,0,
21.4773,66375.7630204782,9603.68781612139,1055671.59014637,10904.7544729502,400.006400102402,1100.04840212969,17712.5404786589,416112.595412087,3353387.43883532,8903.16952835209,0,
21.60352,72509.6980467512,10704.5815609081,1091022.1836307,10504.4118529783,100.0004000016,600.014400345608,18413.5523745477,419627.205915249,3602866.54424093,9703.76506084361,100.0004000016,
21.72983,72207.9589216945,10004.0016006403,1126796.47852586,8602.95941803981,500.010000200004,1300.06760351538,16010.246557797,417456.302309125,3317865.57945637,8703.02865397158,100.0004000016,
21.85606,67682.7434071994,10304.2453490838,1068930.42306746,9803.84310649775,200.0016000128,1400.07840439065,17211.841747122,406400.786988671,3353387.43883532,11205.0198488923,0,
21.98233,64666.8404483568,10104.0820491479,1046198.22422729,11905.6670975384,200.0016000128,900.032401166442,17311.9798900839,415285.769473192,3541735.90251902,11004.8421305374,0,
22.10857,70297.1131051468,11905.6670975384,1076652.84256377,8703.02865397158,500.010000200004,800.025600819226,16811.2971917128,416526.028555975,3459953.01697215,9903.92195309342,0,
22.23473,68587.6558263409,10704.5815609081,1053716.5105528,10404.3282005314,300.003600043201,500.010000200004,15709.8657957197,432763.910704549,3405431.09327423,11605.3848985929,200.0016000128,
22.36096,72308.5378230818,10204.1632986258,1067951.85145021,8903.16952835209,300.003600043201,700.019600548815,14908.8856958747,454930.518221657,3825910.77755058,8402.82334864514,100.0004000016,
22.48717,69291.5217661617,11805.5722300926,1068821.68925965,9303.46088745013,100.0004000016,800.025600819226,15509.6159618964,429452.59543165,3394691.92648525,7502.25067520256,0,
22.61348,68084.9186390236,10204.1632986258,1029519.55753981,8703.02865397158,200.0016000128,800.025600819226,14107.9568876847,422212.098532427,3535127.18449503,7502.25067520256,100.0004000016,
22.7398,64365.2900648866,11505.2924345199,988714.660545805,9503.61137232148,400.006400102402,300.003600043201,12606.3536022155,454930.518221657,3387257.11870826,7702.37233067785,0,
22.86603,63862.7222162069,10704.5815609081,1009371.69680979,9803.84310649775,200.0016000128,1100.04840212969,15509.6159618964,427693.809882219,3405431.09327423,8202.69048247825,0,
22.99231,64968.3980878437,8202.69048247825,1038303.38581267,10304.2453490838,300.003600043201,500.010000200004,13307.0793662228,435454.989418851,3391387.56747326,8602.95941803981,200.0016000128,
23.11846,64465.8060531688,9703.76506084361,1027893.5729843,10104.0820491479,500.010000200004,1100.04840212969,15009.0054032419,440424.631215605,3663171.09620983,6801.85010322808,100.0004000016,
23.2447,70900.5066327574,10304.2453490838,1052413.28714762,9003.24116682005,1000.04000160006,700.019600548815,12706.4548790786,474582.678144728,3644171.03189086,7102.01697282028,0,
23.37085,65169.4405454181,10804.6676164103,995524.610483059,9903.92195309342,100.0004000016,1000.04000160006,13407.186251831,453893.834863282,3652431.92942085,8903.16952835209,0,
23.49713,58838.151980851,10604.4963064339,951161.98922923,9903.92195309342,400.006400102402,800.025600819226,14508.4148806308,435247.963145343,3568170.77461498,7502.25067520256,0,
23.62347,57833.4796710809,9503.61137232148,997579.105433702,10204.1632986258,300.003600043201,500.010000200004,12906.6598364756,459389.219068879,3623518.78806589,8002.56081946223,0,
23.74976,62656.64160401,11505.2924345199,978236.472612704,9303.46088745013,300.003600043201,1100.04840212969,11505.2924345199,417146.203491706,3589649.10819295,7502.25067520256,0,
23.876,58737.681124556,8302.75651516303,970140.571176884,9103.31360615264,100.0004000016,900.032401166442,9303.46088745013,444567.483064096,3552475.06930801,6801.85010322808,100.0004000016,
24.00227,60847.7383086133,8703.02865397158,974673.654200209,12706.4548790786,200.0016000128,700.019600548815,13307.0793662228,450784.291368723,3835823.85458656,7802.43435952017,0,
24.1285,62958.150874998,9403.53572943427,973378.326150828,9903.92195309342,300.003600043201,900.032401166442,12906.6598364756,465509.513914354,3768910.58459367,8803.09869073914,0,
24.25475,55020.8257333103,8602.95941803981,954071.674764337,9503.61137232148,300.003600043201,600.014400345608,12406.1534521122,438146.63768753,3431039.87561719,8002.56081946223,0,
24.38106,58838.151980851,10104.0820491479,926832.404807042,8803.09869073914,200.0016000128,1000.04000160006,11505.2924345199,445292.62086514,3659866.73719784,6901.90492575951,0,
24.50726,56527.5260988791,12005.7627661277,971543.499218776,9703.76506084361,400.006400102402,1000.04000160006,12306.0545788528,472982.336015129,3500431.41486909,6601.74286011507,100.0004000016,
24.63359,61350.1852535006,8002.56081946223,956982.012849744,9703.76506084361,500.010000200004,1100.04840212969,12005.7627661277,443635.223761506,3484735.70956211,7902.49718911176,0,
24.75982,63762.2110649492,7902.49718911176,980828.227234559,10404.3282005314,0,1300.06760351538,12506.2531265633,469141.588051916,3726780.00719073,7102.01697282028,100.0004000016,
24.88606,62455.6394535182,9903.92195309342,955365.077783038,9803.84310649775,200.0016000128,1200.05760276493,11905.6670975384,454930.518221657,3785432.37965364,7402.19104855037,0,
25.01242,57733.0168708705,9303.46088745013,966364.210456343,9903.92195309342,400.006400102402,1400.07840439065,10704.5815609081,448608.06293339,3364126.6056243,9003.24116682005,100.0004000016,
25.13874,57532.0936871056,8602.95941803981,947498.868689049,12306.0545788528,0,1200.05760276493,11705.4781637807,434109.378878702,3681345.0707758,9403.53572943427,100.0004000016,
25.26506,61852.6523459899,8703.02865397158,965177.581042512,7802.43435952017,600.014400345608,900.032401166442,11705.4781637807,441253.093656376,3546692.44103701,7202.07419736884,0,
25.39129,57632.5548762153,9703.76506084361,955580.657486005,10404.3282005314,400.006400102402,800.025600819226,11705.4781637807,462500.865725029,3587996.92868695,7902.49718911176,100.0004000016,
25.51756,61149.2040579013,10204.1632986258,947498.868689049,9503.61137232148,0,1000.04000160006,10204.1632986258,467688.634076175,3585518.65942795,6601.74286011507,0,
25.64372,55422.5947796526,9303.46088745013,946206.249507022,8703.02865397158,300.003600043201,1000.04000160006,11605.3848985929,460322.633208408,3630953.59584288,7202.07419736884,0,
25.76997,55723.9300203653,7702.37233067785,895250.603877244,8703.02865397158,200.0016000128,800.025600819226,13106.8679988314,438871.409557689,3612779.62127691,7001.96054895371,0,
25.89612,58034.4076882059,7602.31110257518,947606.592767883,9803.84310649775,400.006400102402,500.010000200004,13106.8679988314,448400.822492315,3621866.6085599,8803.09869073914,100.0004000016,
26.02241,55924.8242076314,10104.0820491479,935654.678169648,9103.31360615264,500.010000200004,900.032401166442,11905.6670975384,448089.96815935,3540909.81276602,7302.132222609,0,
26.14873,56326.6222468108,9603.68781612139,948791.616671995,11205.0198488923,400.006400102402,1100.04840212969,12906.6598364756,489604.319774223,3720997.37891974,6801.85010322808,0,
26.27503,56125.7216164208,9503.61137232148,954071.674764337,9903.92195309342,200.0016000128,1700.11560786133,11104.9305891816,443013.755510957,3445083.40141817,6901.90492575951,100.0004000016,
26.40135,56627.9792330667,8502.8909829342,947714.317741179,8302.75651516303,500.010000200004,1300.06760351538,15109.1259120509,464679.470986563,3563214.23609699,7602.31110257518,0,
26.52761,58637.211073913,6901.90492575951,933179.53228992,10704.5815609081,200.0016000128,900.032401166442,12005.7627661277,427073.12012563,3564040.32584999,6101.48876325823,0,
26.65386,57230.7149529525,7702.37233067785,943298.327176124,9303.46088745013,500.010000200004,800.025600819226,13607.4024269202,448400.822492315,3464909.55549014,6201.53798141939,100.0004000016,
26.78005,56326.6222468108,10204.1632986258,968845.695196387,9103.31360615264,500.010000200004,1300.06760351538,12706.4548790786,455552.568770721,3832519.49557457,6901.90492575951,100.0004000016,
26.90633,53313.4510237786,10204.1632986258,958491.334017253,9603.68781612139,200.0016000128,1300.06760351538,12506.2531265633,452546.272729124,3571475.13362698,6301.58800017604,0,
27.03261,57833.4796710809,6601.74286011507,971435.576295767,10204.1632986258,0,500.010000200004,13206.9732818928,466339.610955823,3564040.32584999,7702.37233067785,200.0016000128,
27.1589,55121.2667869313,7702.37233067785,979748.266631196,10504.4118529783,500.010000200004,600.014400345608,12005.7627661277,453582.846321448,3686301.6092938,6401.6388195378,0,
27.28516,53815.5958999932,7702.37233067785,965501.196490295,9903.92195309342,400.006400102402,700.019600548815,11605.3848985929,447571.894480116,3553301.159061,6501.69043951427,0,
27.41147,55523.0390545449,7802.43435952017,934255.62462136,9403.53572943427,200.0016000128,600.014400345608,9303.46088745013,450784.291368723,3330256.92575135,5801.34591225164,100.0004000016,
27.53775,51706.7226756024,8402.82334864514,926402.203536776,8703.02865397158,400.006400102402,900.032401166442,12406.1534521122,452131.666931369,3494648.7865981,7001.96054895371,100.0004000016,
27.66401,60244.8285678772,10304.2453490838,984932.896509288,9203.38684635946,300.003600043201,1300.06760351538,12606.3536022155,469349.166439141,3580562.12090996,7102.01697282028,0,
27.79031,59541.4705339888,8703.02865397158,1001905.41962915,10204.1632986258,200.0016000128,1400.07840439065,13407.186251831,459492.928371244,3525214.10745905,6801.85010322808,0,
27.91654,55523.0390545449,8602.95941803981,960863.479088005,10204.1632986258,100.0004000016,600.014400345608,12706.4548790786,426555.901808743,3451692.11944216,6001.44034568296,300.003600043201,
28.04282,58637.211073913,9203.38684635946,941037.060403186,10104.0820491479,100.0004000016,1000.04000160006,11505.2924345199,439182.0387164,3528518.46647104,7302.132222609,100.0004000016,
28.16909,56929.3434683601,9103.31360615264,952455.102252673,9603.68781612139,300.003600043201,1200.05760276493,10904.7544729502,439803.319792574,3422778.97808721,6301.58800017604,100.0004000016,
28.29522,62556.1401257539,8602.95941803981,997146.553194321,8102.62525058119,300.003600043201,1200.05760276493,12005.7627661277,448193.585426532,3526866.28696505,7302.132222609,0,
28.42151,55623.4841347792,8202.69048247825,995092.126606497,8703.02865397158,700.019600548815,400.006400102402,12005.7627661277,442495.888492664,3245169.68119249,6701.7960813498,0,
28.54773,53815.5958999932,9503.61137232148,981260.236616533,9103.31360615264,400.006400102402,600.014400345608,10204.1632986258,452442.620013357,3568170.77461498,7802.43435952017,100.0004000016,
28.67399,59340.5183474468,7602.31110257518,1058496.11207238,9603.68781612139,300.003600043201,900.032401166442,12906.6598364756,458559.57506609,3448387.76043017,7502.25067520256,0,
28.80028,54317.7609056434,8202.69048247825,955257.289274457,8402.82334864514,300.003600043201,800.025600819226,12606.3536022155,433177.885750096,3516953.20992906,6401.6388195378,100.0004000016,
28.92652,52811.3262757894,8703.02865397158,967119.394737607,10204.1632986258,500.010000200004,600.014400345608,11405.2007715518,432660.419048859,3326952.56673936,7302.132222609,0,
29.05279,54418.1963224123,9703.76506084361,987417.931734172,8903.16952835209,500.010000200004,900.032401166442,11104.9305891816,444878.251346543,3465735.64524314,7202.07419736884,0,
29.17906,55824.3767113128,8102.62525058119,1010345.87517531,11805.5722300926,300.003600043201,700.019600548815,11705.4781637807,449229.804509196,3544214.17177802,6401.6388195378,0,
29.30527,53313.4510237786,10504.4118529783,934255.62462136,7102.01697282028,400.006400102402,700.019600548815,11104.9305891816,423970.125818143,3435996.41413519,6901.90492575951,100.0004000016,
29.43159,57933.9432768561,9003.24116682005,988390.466210934,10104.0820491479,600.014400345608,1400.07840439065,12005.7627661277,423659.868041036,3583040.39016896,6201.53798141939,0,
29.55782,51204.6623298021,7802.43435952017,1003852.7308206,8703.02865397158,500.010000200004,400.006400102402,9003.24116682005,417249.568923447,3093995.25639372,5501.21026625858,100.0004000016,
29.6841,53715.1653144341,10404.3282005314,955472.867186883,9403.53572943427,300.003600043201,1800.12960933187,10204.1632986258,422418.912652636,3273256.73279444,4700.88376614804,100.0004000016,
29.81034,49598.2044448007,8402.82334864514,981692.260365656,9203.38684635946,300.003600043201,1100.04840212969,13206.9732818928,430694.237608131,3364952.6953773,7402.19104855037,100.0004000016,
29.93661,50501.811652291,7802.43435952017,993254.230662059,8202.69048247825,100.0004000016,300.003600043201,11505.2924345199,391537.508379207,3159256.34688062,5901.39272868397,100.0004000016,
30.06277,52007.9685426946,6801.85010322808,938883.839452835,8002.56081946223,100.0004000016,600.014400345608,11905.6670975384,388236.91896481,3157604.16737462,7202.07419736884,0,
30.189,47891.5686793148,7702.37233067785,1003744.53921365,8502.8909829342,400.006400102402,500.010000200004,11605.3848985929,409706.101175351,3222865.25786152,7001.96054895371,100.0004000016,
30.31525,49799.0004128207,6101.48876325823,940175.729126459,9703.76506084361,300.003600043201,600.014400345608,9703.76506084361,401134.719490189,3043603.7814608,6801.85010322808,0,
30.44155,44780.0667593657,6901.90492575951,944590.656626456,10504.4118529783,300.003600043201,700.019600548815,11205.0198488923,401754.143534136,3023777.62738883,5301.12383825371,0,
30.56779,54619.0695716662,8002.56081946223,977588.614750283,7802.43435952017,600.014400345608,500.010000200004,13407.186251831,416526.028555975,3387257.11870826,6801.85010322808,0,
30.69407,48192.7227986646,7502.25067520256,1028977.54011586,8102.62525058119,400.006400102402,900.032401166442,9203.38684635946,410842.501565308,3161734.61613962,7001.96054895371,0,
30.82031,48995.8358549322,7502.25067520256,999850.240862613,9003.24116682005,300.003600043201,800.025600819226,10804.6676164103,407846.756129389,3279039.36106543,6801.85010322808,0,
30.94647,48895.4439065055,7802.43435952017,1014459.87737824,9003.24116682005,700.019600548815,500.010000200004,10904.7544729502,394632.590455681,3252604.48896947,5901.39272868397,100.0004000016,
31.07275,46084.7960246854,7502.25067520256,956766.409867724,8502.8909829342,500.010000200004,900.032401166442,9903.92195309342,405781.136309129,3194778.20625956,5401.16665199683,0,
31.19898,44478.9946945776,6701.7960813498,980072.2453849,10504.4118529783,100.0004000016,400.006400102402,11205.0198488923,397831.634726354,2992386.21677488,7102.01697282028,0,
31.32524,47088.5264296878,7502.25067520256,967874.622946461,6901.90492575951,700.019600548815,500.010000200004,9803.84310649775,385143.395598013,3198908.65502456,6101.48876325823,0,
31.45154,42672.714305176,7602.31110257518,908883.638021805,8102.62525058119,400.006400102402,500.010000200004,11004.8421305374,399586.291538483,2958516.53690193,6501.69043951427,100.0004000016,
31.57773,45984.4274087224,6301.58800017604,982556.350968214,8903.16952835209,300.003600043201,400.006400102402,10704.5815609081,372776.837293516,3080777.82034574,5601.25468104855,0,
31.70405,45281.8696202735,7202.07419736884,957844.460595992,7402.19104855037,200.0016000128,500.010000200004,10704.5815609081,381019.870292836,3171647.6931756,5401.16665199683,0,
31.83021,47188.9038949381,7802.43435952017,964098.921139762,8803.09869073914,200.0016000128,900.032401166442,10304.2453490838,396283.609441729,3066734.29454476,8002.56081946223,100.0004000016,
31.95649,46185.1654450807,7702.37233067785,986985.71755265,10404.3282005314,500.010000200004,500.010000200004,11505.2924345199,395561.262220344,3270778.46353545,4700.88376614804,100.0004000016,
32.08264,40365.0684904065,5801.34591225164,992713.722489312,9803.84310649775,200.0016000128,500.010000200004,11405.2007715518,376794.64691743,3111343.14120669,5001.00020004001,0,
32.20887,42472.032567234,6901.90492575951,955688.448680413,7202.07419736884,500.010000200004,600.014400345608,11004.8421305374,392775.450670979,3198082.56527156,7202.07419736884,0,
32.33519,46586.6511711784,5401.16665199683,1008397.59141432,8302.75651516303,300.003600043201,200.0016000128,11605.3848985929,387102.539522641,3156778.07762162,5501.21026625858,0,
32.46145,40766.3676465285,6301.58800017604,960647.811621232,6501.69043951427,400.006400102402,1100.04840212969,12706.4548790786,387102.539522641,3031212.43516582,6701.7960813498,0,
32.58765,39361.8768704403,6501.69043951427,936192.81588208,9003.24116682005,300.003600043201,700.019600548815,10604.4963064339,396696.397732583,3016342.81961184,6001.44034568296,0,
32.71388,43475.4734218603,7001.96054895371,973378.326150828,5401.16665199683,500.010000200004,700.019600548815,8903.16952835209,390402.833975203,3122908.39774868,6701.7960813498,0,
32.84017,38659.6905622281,8002.56081946223,924143.881072472,7202.07419736884,600.014400345608,100.0004000016,9303.46088745013,393600.812595226,3290604.61760741,7001.96054895371,0,
32.96632,42472.032567234,6401.6388195378,969493.117045544,9303.46088745013,600.014400345608,1200.05760276493,11205.0198488923,402167.109680461,3065082.11503877,6801.85010322808,0,
33.09252,41569.0045475489,6001.44034568296,995632.733700738,8002.56081946223,200.0016000128,400.006400102402,12205.9565067753,374837.093545859,3193952.11650656,5501.21026625858,0,
33.21883,42973.74294289,5901.39272868397,950515.481039515,6101.48876325823,500.010000200004,300.003600043201,9903.92195309342,387515.029408897,3046082.0507198,7702.37233067785,0,
33.34507,40465.3920735909,5101.04061228491,980612.227931029,7602.31110257518,400.006400102402,700.019600548815,12506.2531265633,413322.27345548,3391387.56747326,6201.53798141939,0,
33.47134,40967.0220480706,7802.43435952017,996497.751822874,8903.16952835209,400.006400102402,600.014400345608,12306.0545788528,382050.626022897,3161734.61613962,5501.21026625858,100.0004000016,
33.59758,35550.4816839913,5701.29989637637,946637.108257673,87632.5531234037,100.0004000016,500.010000200004,9703.76506084361,383184.554027601,3214604.36033153,6201.53798141939,100.0004000016,
33.72384,37957.5436361524,6201.53798141939,976940.789200243,8602.95941803981,500.010000200004,600.014400345608,10404.3282005314,377103.761901862,3150995.44935063,5801.34591225164,0,
33.85013,38559.381447429,7702.37233067785,961834.027033539,9203.38684635946,200.0016000128,200.0016000128,11605.3848985929,374218.981539748,3030386.34541282,5901.39272868397,0,
33.97633,38860.311202987,7001.96054895371,978668.395806835,8903.16952835209,200.0016000128,300.003600043201,10804.6676164103,396593.199401859,3435996.41413519,6401.6388195378,0,
34.10251,38158.1530252104,6601.74286011507,965716.944603701,8202.69048247825,400.006400102402,400.006400102402,8202.69048247825,381432.162538631,3388083.20846126,5501.21026625858,0,
34.2288,40565.7164606663,5801.34591225164,1019910.96762621,7102.01697282028,200.0016000128,300.003600043201,12806.5569571621,401547.665496163,3098125.70515871,7502.25067520256,100.0004000016,
34.35503,33143.8825004306,4900.9605882753,940714.054471349,6401.6388195378,700.019600548815,500.010000200004,11905.6670975384,517234.127605025,3204691.28329555,5001.00020004001,0,
34.4813,34948.7885087582,5801.34591225164,923713.769017636,7902.49718911176,200.0016000128,200.0016000128,10504.4118529783,359290.426766427,2903994.61320402,4700.88376614804,200.0016000128,
34.60746,33745.4889190629,5901.39272868397,895250.603877244,7602.31110257518,600.014400345608,600.014400345608,11805.5722300926,375043.137573334,3186517.30872958,5401.16665199683,0,
34.73362,37456.0342272039,6301.58800017604,955365.077783038,6201.53798141939,100.0004000016,800.025600819226,10904.7544729502,393807.16145992,3196430.38576556,5201.0818250196,0,
34.85986,34046.302972042,4800.92177698118,927155.065129014,7402.19104855037,400.006400102402,500.010000200004,9903.92195309342,357644.213994174,2927125.12628798,6201.53798141939,0,
34.98609,32141.2693898966,4100.67251029169,924896.611512313,6901.90492575951,300.003600043201,700.019600548815,9303.46088745013,375970.377107221,3143560.64157364,8002.56081946223,0,
35.11232,35149.3496869605,6101.48876325823,937915.006640106,8002.56081946223,300.003600043201,400.006400102402,9703.76506084361,388443.180664162,2996516.66553987,6101.48876325823,0,
35.23861,32241.5270868879,4400.77453631839,944052.170375628,7902.49718911176,200.0016000128,500.010000200004,10604.4963064339,390505.982003209,3153473.71860963,6201.53798141939,0,
35.36487,30437.0114058695,5101.04061228491,935008.942391083,8803.09869073914,300.003600043201,500.010000200004,13607.4024269202,379783.073918111,3163386.79564561,7001.96054895371,0,
35.49113,31539.7400724913,6001.44034568296,948791.616671995,6901.90492575951,100.0004000016,200.0016000128,10104.0820491479,386277.599961007,3047734.23022579,5801.34591225164,0,
35.61744,32241.5270868879,4500.81014582625,917478.747667427,7102.01697282028,300.003600043201,200.0016000128,11104.9305891816,387515.029408897,3003951.47331686,6401.6388195378,0,
35.74376,30336.7681630136,6101.48876325823,933932.787545073,8302.75651516303,200.0016000128,500.010000200004,12005.7627661277,378340.297149911,3199734.74477756,7802.43435952017,0,
35.87007,30938.239664225,4300.73972723308,926187.108255313,6801.85010322808,300.003600043201,800.025600819226,10204.1632986258,403199.583793978,3348430.90031732,5301.12383825371,0,
35.99636,32542.3049964954,4800.92177698118,951593.012585485,7001.96054895371,700.019600548815,600.014400345608,12406.1534521122,377722.014463271,3023777.62738883,5601.25468104855,0,
36.12265,30036.0432519023,5601.25468104855,968719.994245171,7001.96054895371,400.006400102402,600.014400345608,12506.2531265633,381122.942098552,3174125.9624346,7402.19104855037,0,
36.2489,33845.7594667991,5401.16665199683,934578.469735384,8102.62525058119,200.0016000128,400.006400102402,13307.0793662228,394942.140163828,3256734.93773447,5601.25468104855,0,
36.37522,32241.5270868879,5101.04061228491,926939.957355369,7902.49718911176,400.006400102402,900.032401166442,11905.6670975384,377000.722736981,3003125.38356386,5701.29989637637,0,
36.50149,28933.4470648069,4300.73972723308,919735.90899477,8903.16952835209,600.014400345608,500.010000200004,12906.6598364756,366495.121515658,2913907.69024,5501.21026625858,100.0004000016,
36.62778,34046.302972042,4200.70571856072,958814.782818172,6501.69043951427,300.003600043201,400.006400102402,13206.9732818928,384937.187511423,3279039.36106543,7802.43435952017,0,
36.75405,28131.6199408135,5501.21026625858,904051.393637965,7102.01697282028,0,400.006400102402,11004.8421305374,370922.892691145,2959342.62665493,4400.77453631839,0,
36.88029,30036.0432519023,3500.49006860961,885919.716373155,6701.7960813498,200.0016000128,1000.04000160006,12205.9565067753,369893.040530941,2882516.27962605,6201.53798141939,100.0004000016,
37.00656,25025.025025025,3600.51847466035,922853.587722937,7602.31110257518,300.003600043201,500.010000200004,14208.0701838644,389268.260977304,3228647.88613251,6501.69043951427,100.0004000016,
37.13283,28131.6199408135,4300.73972723308,949653.520226198,4800.92177698118,500.010000200004,400.006400102402,12706.4548790786,394838.956089276,3158430.25712762,5401.16665199683,0,
37.25897,28532.5270808722,3400.46246289495,912106.135986733,7202.07419736884,300.003600043201,600.014400345608,14808.7667899396,367833.587011669,3017994.99911784,5701.29989637637,0,
37.38519,26027.0681508769,4900.9605882753,892354.091406224,7202.07419736884,100.0004000016,600.014400345608,12506.2531265633,362068.895552913,2995690.57578687,6401.6388195378,0,
37.51147,26628.3325458288,5901.39272868397,871239.873996713,5901.39272868397,200.0016000128,500.010000200004,12506.2531265633,361451.405430191,2929603.39554698,4900.9605882753,0,
37.63773,31238.986254846,3900.60849492521,870918.603881052,7102.01697282028,300.003600043201,300.003600043201,13807.6218072376,368039.517317239,3002299.29381086,5601.25468104855,0,
37.76403,29033.6790677186,3500.49006860961,913180.480119408,6801.85010322808,300.003600043201,500.010000200004,13106.8679988314,365671.520641569,3165865.06490461,5001.00020004001,100.0004000016,
37.89026,27430.063349431,3200.40965243551,937807.363017252,7202.07419736884,300.003600043201,700.019600548815,13507.2939387269,354043.868580863,2938690.38282996,5001.00020004001,0,
38.01654,28332.0719053969,3900.60849492521,893212.249767997,7102.01697282028,700.019600548815,200.0016000128,14808.7667899396,357335.572893211,2871777.11283707,6201.53798141939,0,
38.14281,32141.2693898966,4900.9605882753,926832.404807042,6801.85010322808,400.006400102402,100.0004000016,18413.5523745477,371540.844121312,2827994.35592814,4700.88376614804,0,
38.26902,28632.7558727184,4600.84655576626,908776.235226816,4700.88376614804,300.003600043201,600.014400345608,13707.5117164206,352192.660438816,2875907.56160206,6301.58800017604,0,
38.39533,27530.2833116428,4500.81014582625,884954.835930802,7202.07419736884,300.003600043201,500.010000200004,16210.5044068556,368039.517317239,2868472.75382507,5001.00020004001,0,
38.52156,29133.9118734207,4400.77453631839,938130.296566207,7902.49718911176,100.0004000016,400.006400102402,16711.163056922,358673.071929369,2954386.08813694,4300.73972723308,0,
38.64791,29735.3255667733,4900.9605882753,921670.931645591,7202.07419736884,300.003600043201,700.019600548815,16711.163056922,363715.682892681,2892429.35666204,4800.92177698118,0,
38.77415,29835.5639922788,5501.21026625858,939852.744643939,6301.58800017604,300.003600043201,300.003600043201,17612.3991289868,369069.218997983,2947777.37011295,4800.92177698118,0,
38.90046,29935.8032206519,4900.9605882753,907487.471139059,8502.8909829342,300.003600043201,300.003600043201,12906.6598364756,335338.540927719,2769341.98346523,6201.53798141939,0,
39.02674,30938.239664225,4600.84655576626,930059.369463932,6301.58800017604,400.006400102402,300.003600043201,15309.3693340324,365568.574292707,2975038.33196191,5701.29989637637,0,
39.153,32241.5270868879,4600.84655576626,942867.579302158,6801.85010322808,100.0004000016,500.010000200004,15609.7404780583,361554.318362577,2827168.26617514,5201.0818250196,0,
39.2793,31138.7365883159,5601.25468104855,912643.296917432,8102.62525058119,200.0016000128,200.0016000128,14508.4148806308,351678.483929064,2558689.09645056,5601.25468104855,100.0004000016,
39.40554,28231.8455217485,5401.16665199683,933825.176972423,6701.7960813498,300.003600043201,400.006400102402,19515.221873061,345407.20945039,2721428.7777913,5301.12383825371,0,
39.53181,29735.3255667733,5301.12383825371,912965.604165976,7602.31110257518,400.006400102402,500.010000200004,17211.841747122,340577.359714564,2876733.65135506,5701.29989637637,0,
39.65806,31439.4879969241,5101.04061228491,942006.126464167,7502.25067520256,400.006400102402,500.010000200004,18012.9693379233,339549.96959254,2853603.1382711,5201.0818250196,0,
39.78438,30236.5257230735,4500.81014582625,905339.815885569,7702.37233067785,0,1000.04000160006,16410.7654621432,354455.28488266,2618993.64841946,4600.84655576626,0,
39.91061,30136.2840860396,4100.67251029169,918123.610788574,8803.09869073914,500.010000200004,400.006400102402,18213.259252736,365774.467826052,2945299.10085395,4600.84655576626,0,
40.03681,33143.8825004306,4800.92177698118,964314.645950605,8703.02865397158,300.003600043201,700.019600548815,19214.7569333248,347463.023120942,2763559.35519424,6701.7960813498,0,
40.16299,33043.6175751993,5601.25468104855,989903.442310731,8602.95941803981,300.003600043201,600.014400345608,19214.7569333248,368348.419044527,2769341.98346523,6401.6388195378,0,
40.28928,31539.7400724913,4100.67251029169,913825.129361815,6801.85010322808,400.006400102402,400.006400102402,19515.221873061,350136.079530475,2704906.98273133,5901.39272868397,0,
40.41551,31238.986254846,4900.9605882753,980720.227133848,8703.02865397158,500.010000200004,700.019600548815,20416.6599945556,351369.988034153,2884994.54888505,6701.7960813498,0,
40.54178,35851.3391176164,7001.96054895371,955257.289274457,7202.07419736884,600.014400345608,800.025600819226,20717.1538033492,349621.986436938,2670211.21310538,6201.53798141939,0,
40.66794,33645.2191745706,6601.74286011507,931565.561221314,7202.07419736884,500.010000200004,1000.04000160006,20817.3200102485,353323.922179493,2865994.48456608,7502.25067520256,100.0004000016,
40.79418,36854.249455198,7602.31110257518,1011211.87276564,9103.31360615264,800.025600819226,400.006400102402,19815.6940296715,354146.721404579,2764385.44494724,7802.43435952017,0,
40.92047,35149.3496869605,4800.92177698118,931780.745756523,7102.01697282028,100.0004000016,300.003600043201,28031.3951625821,344584.977352079,2854429.22802409,7302.132222609,0,
41.04669,40164.423735672,5601.25468104855,937269.158304491,9703.76506084361,500.010000200004,300.003600043201,21518.505915087,347051.833707118,2756124.54741725,8302.75651516303,0,
41.17295,38358.7656289435,6201.53798141939,994010.979870238,8002.56081946223,100.0004000016,200.0016000128,22420.0883992057,350650.193476162,2778428.97074821,6601.74286011507,100.0004000016,
41.29925,38559.381447429,5801.34591225164,982232.310256954,8703.02865397158,700.019600548815,700.019600548815,23722.4889194957,358570.182378837,2734646.21383928,7702.37233067785,100.0004000016,
41.42556,34246.8496903764,6201.53798141939,959461.704602093,8703.02865397158,500.010000200004,200.0016000128,27329.8441898553,349313.540589321,2865994.48456608,5601.25468104855,0,
41.55182,39261.5621294189,6201.53798141939,1002121.77313669,9803.84310649775,200.0016000128,400.006400102402,23822.6791905894,347154.629809876,2704906.98273133,5301.12383825371,0,
41.67802,39963.7821963854,4800.92177698118,911568.997325926,7802.43435952017,600.014400345608,600.014400345608,21919.201220269,335749.350391387,2609080.57138348,6601.74286011507,200.0016000128,
41.80423,36252.4936107484,7402.19104855037,1023883.67948568,9903.92195309342,300.003600043201,700.019600548815,27129.408278574,367936.551746532,2893255.44641503,6501.69043951427,0,
41.93053,37456.0342272039,6401.6388195378,1000282.88307777,6401.6388195378,0,300.003600043201,25425.8326459683,362068.895552913,2793298.58630219,7502.25067520256,0,
42.05673,34647.952766629,5001.00020004001,934148.011369531,8202.69048247825,500.010000200004,300.003600043201,21418.3340939844,340269.133930418,2799907.30432618,8402.82334864514,0,
42.18304,40465.3920735909,5101.04061228491,982232.310256954,9803.84310649775,100.0004000016,400.006400102402,26327.6967369673,364436.21960326,2942820.83159496,6501.69043951427,0,
42.30928,41468.6721210324,7702.37233067785,1011609.72869956,9303.46088745013,400.006400102402,400.006400102402,28231.8455217485,373085.854403144,2875907.56160206,7802.43435952017,0,
42.43552,42171.0159909287,6601.74286011507,1027243.23604003,9603.68781612139,0,600.014400345608,24223.4482979524,344584.977352079,2660298.1360694,8903.16952835209,0,
42.56178,41167.6796653699,8102.62525058119,926187.108255313,8502.8909829342,600.014400345608,300.003600043201,27129.408278574,340782.847736359,2804037.75309117,8703.02865397158,100.0004000016,
42.68803,46988.1497689666,8402.82334864514,976077.072059716,8302.75651516303,400.006400102402,500.010000200004,25025.025025025,361451.405430191,2821385.63790415,7302.132222609,100.0004000016,
42.81429,44980.7854907414,7802.43435952017,1006882.46137458,8602.95941803981,200.0016000128,500.010000200004,26828.7604311822,363201.038876715,3214604.36033153,7502.25067520256,100.0004000016,
42.9405,42472.032567234,6601.74286011507,974457.75721986,9203.38684635946,300.003600043201,200.0016000128,26227.4864057532,360731.038288617,2730515.76507429,8703.02865397158,0,
43.0667,45582.960989,8502.8909829342,982448.336499728,10504.4118529783,100.0004000016,400.006400102402,27630.5040765005,358775.96231483,2751168.00889926,8502.8909829342,0,
43.19302,45783.6925900546,7702.37233067785,1002554.49095319,9003.24116682005,500.010000200004,300.003600043201,21718.8519635043,345304.42752054,2796602.94531419,9203.38684635946,0,
43.31918,43776.5213593361,7402.19104855037,1012402.71361385,7802.43435952017,300.003600043201,700.019600548815,25726.4467872973,359907.811663123,2887472.81814404,9503.61137232148,100.0004000016,
43.44534,43475.4734218603,7402.19104855037,1023883.67948568,7702.37233067785,500.010000200004,400.006400102402,30537.255451651,368245.450966226,2894081.53616803,9003.24116682005,0,
43.57169,49196.6221659339,6901.90492575951,1009696.41482345,9003.24116682005,900.032401166442,600.014400345608,26027.0681508769,384730.982774937,2831298.71494013,9103.31360615264,100.0004000016,
43.69792,46787.3988610725,7802.43435952017,996065.235565945,9203.38684635946,300.003600043201,400.006400102402,27029.191526849,353632.465630616,2859385.76654209,7702.37233067785,0,
43.8242,45984.4274087224,6901.90492575951,952993.937380616,8803.09869073914,500.010000200004,500.010000200004,26828.7604311822,355175.295539923,2876733.65135506,9903.92195309342,100.0004000016,
43.95048,48493.8841597332,8202.69048247825,1015542.72584613,8903.16952835209,500.010000200004,600.014400345608,28833.2158646761,359702.013357462,2903168.52345102,10504.4118529783,0,
44.07662,49999.7996000016,6701.7960813498,967550.948334961,8703.02865397158,0,400.006400102402,27830.9480141918,351061.499647113,3032864.61467182,8402.82334864514,100.0004000016,
44.20286,44980.7854907414,8002.56081946223,1015975.89047482,11004.8421305374,0,500.010000200004,28833.2158646761,364127.413143082,2827168.26617514,9303.46088745013,0,
44.32915,41669.3377780627,6901.90492575951,962912.49875378,7502.25067520256,400.006400102402,500.010000200004,28632.7558727184,352604.01666376,3036168.97368381,9803.84310649775,0,
44.45543,45482.5963950534,7402.19104855037,998984.999625615,8202.69048247825,100.0004000016,500.010000200004,31238.986254846,356821.187754075,2864342.30506008,9803.84310649775,100.0004000016,
44.58159,47389.6612390643,9103.31360615264,995957.108750447,11205.0198488923,400.006400102402,400.006400102402,27830.9480141918,351472.819164902,2939516.47258296,8602.95941803981,100.0004000016,
44.70789,52108.3854417188,8402.82334864514,991308.506435448,10004.0016006403,100.0004000016,300.003600043201,28131.6199408135,366083.314393324,2936212.11357097,10904.7544729502,0,
44.83415,48694.6624237518,8602.95941803981,1002879.03876717,8903.16952835209,500.010000200004,800.025600819226,29434.6151073663,370716.915570313,3227821.79637951,11104.9305891816,0,
44.96039,54819.9460419398,7602.31110257518,1014351.5974893,7802.43435952017,600.014400345608,400.006400102402,29735.3255667733,360113.613308988,2960168.71640793,9103.31360615264,100.0004000016,
45.08664,61450.6770601515,9203.38684635946,989903.442310731,11004.8421305374,100.0004000016,300.003600043201,29033.6790677186,360628.132037574,2930429.48529998,11605.3848985929,0,
45.21296,52007.9685426946,7802.43435952017,1036676.30370846,9303.46088745013,400.006400102402,400.006400102402,29835.5639922788,359290.426766427,2956864.35739593,10704.5815609081,100.0004000016,
45.33919,52710.9037414721,7502.25067520256,967874.622946461,8502.8909829342,100.0004000016,600.014400345608,27830.9480141918,363303.966009115,3307952.50242039,10104.0820491479,0,
45.4655,51907.5524486736,9003.24116682005,977264.697936366,8402.82334864514,200.0016000128,300.003600043201,31940.756405173,364847.973247188,2908951.15172201,9803.84310649775,0,
45.5918,49196.6221659339,7202.07419736884,983528.521599588,8202.69048247825,100.0004000016,500.010000200004,33444.6820952793,402063.866885057,3121256.21824268,11505.2924345199,0,
45.71803,52007.9685426946,8102.62525058119,994335.314448275,10004.0016006403,300.003600043201,700.019600548815,33544.9502333126,375455.235666928,3055995.12775578,10904.7544729502,100.0004000016,
45.84427,55723.9300203653,8202.69048247825,951593.012585485,8402.82334864514,200.0016000128,200.0016000128,30737.7459520291,380607.591441253,3024603.71714183,9903.92195309342,0,
45.97046,45984.4274087224,8402.82334864514,989471.145449555,10104.0820491479,600.014400345608,900.032401166442,35550.4816839913,376588.57444476,3060951.66627377,11705.4781637807,0,
46.09671,50501.811652291,8903.16952835209,994119.090496966,9703.76506084361,100.0004000016,500.010000200004,33745.4889190629,387927.532699651,3055995.12775578,15709.8657957197,0,
46.22294,54116.8924877736,9303.46088745013,971759.347755624,8002.56081946223,500.010000200004,400.006400102402,35349.9140786791,361554.318362577,3186517.30872958,10804.6676164103,200.0016000128,
46.34917,56828.8879177976,9503.61137232148,998011.67206732,11104.9305891816,200.0016000128,500.010000200004,37255.4360889003,383596.916603715,3101430.06417071,12406.1534521122,0,
46.47547,57029.7998244003,8803.09869073914,1012510.97727963,10504.4118529783,300.003600043201,600.014400345608,33143.8825004306,390505.982003209,3119604.03873668,12806.5569571621,100.0004000016,
46.60178,60847.7383086133,9703.76506084361,984068.647830642,9503.61137232148,400.006400102402,400.006400102402,37054.8411649241,392569.118573141,3137778.01330265,13407.186251831,0,
46.72801,56627.9792330667,8602.95941803981,987309.876840941,8202.69048247825,0,700.019600548815,38057.8479288519,407330.319685193,3109690.9617007,13407.186251831,0,
46.85424,53916.0272907297,9403.53572943427,940714.054471349,9203.38684635946,200.0016000128,400.006400102402,36653.6609596449,377412.88441705,3081603.91009874,12806.5569571621,0,
46.98044,56326.6222468108,8903.16952835209,946852.542999124,8803.09869073914,500.010000200004,500.010000200004,35951.6265357053,379680.012994396,3120430.12848968,12205.9565067753,100.0004000016,
47.10669,53514.3065588096,10304.2453490838,977804.563780706,7402.19104855037,600.014400345608,400.006400102402,36051.9147572504,363098.112579691,3069212.56380376,12506.2531265633,0,
47.23284,55020.8257333103,10304.2453490838,979316.307528598,7902.49718911176,100.0004000016,600.014400345608,41167.6796653699,381226.014741416,3307126.41266739,14908.8856958747,100.0004000016,
47.35915,60345.3115101164,11305.1099096792,967874.622946461,9603.68781612139,600.014400345608,200.0016000128,39963.7821963854,381638.313684561,3188995.57798857,11205.0198488923,0,
47.48545,59842.904856798,7602.31110257518,955365.077783038,7802.43435952017,300.003600043201,400.006400102402,38860.311202987,379886.135678841,3091516.98713472,9503.61137232148,200.0016000128,
47.61175,56527.5260988791,8803.09869073914,938022.651156421,8402.82334864514,500.010000200004,500.010000200004,38760.0004807442,396077.220328239,3240213.14267449,13907.7326993809,0,
47.73798,57130.2569859279,10004.0016006403,995308.36674597,8803.09869073914,400.006400102402,400.006400102402,43074.0874303803,399070.190838454,3285648.07908942,12005.7627661277,100.0004000016,
47.86427,56226.1715289109,7702.37233067785,979640.275508889,8803.09869073914,100.0004000016,300.003600043201,35851.3391176164,393084.955105026,3191473.84724757,13707.5117164206,0,
47.99052,56025.2725093309,9703.76506084361,959677.352362123,7702.37233067785,200.0016000128,400.006400102402,39562.5087638469,382772.204849125,3174125.9624346,13006.7635170289,100.0004000016,
48.11673,51706.7226756024,7001.96054895371,980072.2453849,8703.02865397158,100.0004000016,500.010000200004,39361.8768704403,385246.500897622,3250126.21971048,13507.2939387269,0,
48.24304,56326.6222468108,9903.92195309342,986877.666253649,8703.02865397158,200.0016000128,900.032401166442,43074.0874303803,386690.063040229,3206343.46280155,12606.3536022155,0,
48.36928,59641.9478358493,8703.02865397158,973486.265220463,7502.25067520256,100.0004000016,500.010000200004,37957.5436361524,384834.084724422,3345952.63105833,13307.0793662228,0,
48.49563,57331.1737254839,9703.76506084361,951161.98922923,9503.61137232148,300.003600043201,600.014400345608,43575.8219301585,398347.685092999,3430213.7858642,15309.3693340324,0,
48.62187,62154.1422728366,8703.02865397158,994659.657120041,8903.16952835209,200.0016000128,800.025600819226,41970.3422936842,400412.09628585,3341822.18229333,16410.7654621432,0,
48.74819,66476.2951346972,10504.4118529783,978776.378849535,9703.76506084361,200.0016000128,800.025600819226,37556.3345017526,368245.450966226,2945299.10085395,13407.186251831,0,
48.87455,53514.3065588096,8703.02865397158,906843.137173626,9403.53572943427,300.003600043201,500.010000200004,61249.6942527537,374734.072786917,3217908.71934353,11505.2924345199,100.0004000016,
49.00075,55723.9300203653,9803.84310649775,953209.47769685,8302.75651516303,400.006400102402,600.014400345608,41268.0096799526,401134.719490189,3224517.43736752,12906.6598364756,0,
49.12703,63963.2341736111,10404.3282005314,918123.610788574,7001.96054895371,200.0016000128,600.014400345608,45482.5963950534,429659.52737452,3405431.09327423,14908.8856958747,0,
49.25327,82974.4795784455,11605.3848985929,998011.67206732,9203.38684635946,500.010000200004,900.032401166442,45683.3263873305,413838.953519105,3388909.29821426,14908.8856958747,0,
49.37949,68487.1067757112,9603.68781612139,958599.149388623,8703.02865397158,600.014400345608,500.010000200004,46385.9066992069,396077.220328239,3178256.41119959,14208.0701838644,0,
49.5057,61651.6630912044,8502.8909829342,963559.624795407,7001.96054895371,400.006400102402,600.014400345608,48493.8841597332,388443.180664162,3123734.48750167,15209.2472223112,100.0004000016,
49.63186,62757.1438882963,10004.0016006403,962588.947829735,9603.68781612139,200.0016000128,700.019600548815,41368.3404985035,389371.399787136,3705301.67361277,15509.6159618964,400.006400102402,
49.75809,62154.1422728366,11104.9305891816,966364.210456343,8703.02865397158,100.0004000016,300.003600043201,49598.2044448007,402167.109680461,3346778.72081133,15309.3693340324,0,
49.88432,60546.2798120259,9103.31360615264,959677.352362123,7001.96054895371,300.003600043201,700.019600548815,48192.7227986646,389371.399787136,3176604.23169359,12506.2531265633,0,
50.01055,56527.5260988791,9703.76506084361,980828.227234559,5801.34591225164,400.006400102402,700.019600548815,46887.7739127647,382359.869067635,2946951.28035995,14808.7667899396,100.0004000016,
50.13684,62556.1401257539,8002.56081946223,961941.870173675,7802.43435952017,200.0016000128,600.014400345608,43274.7788177972,390918.58249611,3131995.38503166,13206.9732818928,0,
50.26299,58938.6236428079,8803.09869073914,923821.295693327,6901.90492575951,300.003600043201,400.006400102402,46385.9066992069,369893.040530941,2852777.0485181,12606.3536022155,200.0016000128,
50.38923,60546.2798120259,6401.6388195378,921563.422807658,7001.96054895371,400.006400102402,100.0004000016,41569.0045475489,407227.034915628,3494648.7865981,14808.7667899396,100.0004000016,
50.5155,62053.6448245857,12306.0545788528,955580.657486005,9103.31360615264,400.006400102402,600.014400345608,49497.8076679519,421281.476630724,3064256.02528577,14208.0701838644,0,
50.64173,58536.7418289123,9503.61137232148,949222.561292064,8202.69048247825,400.006400102402,600.014400345608,43575.8219301585,391640.665626625,3045255.9609668,13407.186251831,200.0016000128,
50.76798,53313.4510237786,8803.09869073914,952993.937380616,8402.82334864514,300.003600043201,300.003600043201,46486.2785329572,383906.197328395,2876733.65135506,14608.5313823273,0,
50.8943,57130.2569859279,10904.7544729502,967443.058590861,7802.43435952017,300.003600043201,600.014400345608,46185.1654450807,360010.712068525,2956864.35739593,14508.4148806308,0,
51.02053,59742.4259434492,9203.38684635946,943406.016379629,6001.44034568296,0,800.025600819226,45181.5074394207,371437.850125842,2989081.85776288,16310.634533716,0,
51.14681,60445.7952581627,8002.56081946223,960000.830720027,7102.01697282028,400.006400102402,500.010000200004,45081.1460629132,364950.913746992,3509518.40215207,12506.2531265633,0,
51.27298,56929.3434683601,9103.31360615264,941037.060403186,6401.6388195378,400.006400102402,400.006400102402,46988.1497689666,361245.58207102,2909777.24147501,19515.221873061,0,
51.39921,58235.3389276679,11104.9305891816,984068.647830642,7302.132222609,200.0016000128,600.014400345608,46486.2785329572,384009.292578122,2984125.31924489,16410.7654621432,0,
51.52548,62154.1422728366,8502.8909829342,985905.244995115,7902.49718911176,400.006400102402,900.032401166442,48393.4962347255,370819.903712664,2884168.45913205,14007.84439286,100.0004000016,
51.65171,64566.3228476556,9603.68781612139,881556.985515288,8002.56081946223,200.0016000128,500.010000200004,45884.059597182,359599.115457183,2890777.17715604,14908.8856958747,100.0004000016,
51.77799,61350.1852535006,10004.0016006403,953748.344150856,7302.132222609,400.006400102402,700.019600548815,51305.072789072,364333.283281049,3041951.6019548,14007.84439286,0,
51.90427,65973.6426273953,10804.6676164103,979208.31999734,6901.90492575951,100.0004000016,500.010000200004,54016.4594866532,377515.926928996,2908125.06196901,14208.0701838644,0,
52.03047,61048.7146689335,8502.8909829342,942436.845731743,7902.49718911176,300.003600043201,600.014400345608,45281.8696202735,396799.596901997,2937038.20332397,13507.2939387269,100.0004000016,
52.15678,55723.9300203653,9203.38684635946,945452.281124165,6401.6388195378,500.010000200004,1000.04000160006,50602.2164772841,361348.493333009,2984951.40899789,12506.2531265633,0,
52.28309,57331.1737254839,11405.2007715518,945452.281124165,6301.58800017604,400.006400102402,1000.04000160006,48293.1091143725,371746.834620865,2998994.93479887,14208.0701838644,0,
52.40934,60345.3115101164,9203.38684635946,969924.749546046,5701.29989637637,200.0016000128,600.014400345608,44478.9946945776,363303.966009115,2693341.72618935,14908.8856958747,200.0016000128,
52.53561,61551.1696727162,10104.0820491479,1001797.24422552,7702.37233067785,200.0016000128,700.019600548815,51104.2526754579,371025.882505764,2937864.29307697,13206.9732818928,100.0004000016,
52.66195,58034.4076882059,10204.1632986258,986553.517747777,7602.31110257518,100.0004000016,400.006400102402,51405.4840532773,364847.973247188,2851124.8690121,14007.84439286,0,
52.78824,60144.3464314354,11004.8421305374,994315.480935692,7001.96054895371,600.014400345608,800.025600819226,50602.2164772841,354249.575062777,2748689.73964026,15309.3693340324,100.0004000016,
52.91456,59440.9940378578,10604.4963064339,984608.796517647,6401.6388195378,400.006400102402,500.010000200004,48895.4439065055,351472.819164902,2946951.28035995,12205.9565067753,0,
53.04081,60244.8285678772,11805.5722300926,956443.012110238,6201.53798141939,400.006400102402,300.003600043201,48995.8358549322,339652.704855888,2812298.65062116,11705.4781637807,200.0016000128,
53.16701,60948.2260858408,9103.31360615264,982664.366334781,7502.25067520256,900.032401166442,500.010000200004,47289.282164727,346949.038438141,2710689.61100232,12806.5569571621,0,
53.29325,60043.8651007815,10304.2453490838,998876.848520144,7702.37233067785,600.014400345608,500.010000200004,50100.2004008016,366289.216283128,2849472.6895061,14508.4148806308,100.0004000016,
53.41953,58737.681124556,9303.46088745013,1021825.02508504,8302.75651516303,700.019600548815,800.025600819226,53815.5958999932,354249.575062777,2725559.2265563,12205.9565067753,200.0016000128,
53.54582,63360.1745211896,11305.1099096792,1018791.81219844,7001.96054895371,100.0004000016,400.006400102402,49497.8076679519,341604.833150874,2808168.20185617,13607.4024269202,100.0004000016,
53.6721,62556.1401257539,11104.9305891816,1039496.70860762,6901.90492575951,100.0004000016,1300.06760351538,53313.4510237786,355278.1575435,2905646.79271002,16110.3750815525,100.0004000016,
53.79831,67984.3736212609,10004.0016006403,1056866.50546152,6201.53798141939,200.0016000128,300.003600043201,53112.5987092636,350855.844893324,2718950.50853231,24824.6260290208,0,
53.92454,58938.6236428079,11205.0198488923,968953.596596197,5901.39272868397,100.0004000016,200.0016000128,60546.2798120259,333284.693426722,2620645.82792546,14808.7667899396,0,
54.05077,59240.0434627459,9803.84310649775,997903.529059417,6901.90492575951,600.014400345608,400.006400102402,52811.3262757894,343351.729227575,2989907.94751588,15509.6159618964,0,
54.17702,60144.3464314354,10104.0820491479,1020091.67398699,5701.29989637637,500.010000200004,800.025600819226,58134.8729051399,348593.862801243,2804037.75309117,14408.2991803279,0,
54.30321,62053.6448245857,12005.7627661277,1004718.29608764,7402.19104855037,700.019600548815,400.006400102402,49598.2044448007,350341.722606421,2941168.65208896,13407.186251831,100.0004000016,
54.42949,64666.8404483568,8602.95941803981,1049915.80667211,6901.90492575951,200.0016000128,600.014400345608,46486.2785329572,345304.42752054,2889951.08740304,13507.2939387269,300.003600043201,
54.55569,62857.6469786224,10404.3282005314,964569.374781843,8002.56081946223,800.025600819226,400.006400102402,48795.0527627819,325996.223387443,2718950.50853231,13907.7326993809,0,
54.682,61249.6942527537,11705.4781637807,1057518.32364689,5601.25468104855,100.0004000016,900.032401166442,60445.7952581627,328151.531238729,2489297.55719866,14107.9568876847,200.0016000128,
54.80816,61149.2040579013,9503.61137232148,1228133.71070316,4400.77453631839,200.0016000128,600.014400345608,48895.4439065055,329177.997252291,2858559.67678909,10504.4118529783,0,
54.9344,63159.1610859366,9503.61137232148,987397.781830146,5101.04061228491,500.010000200004,300.003600043201,51104.2526754579,352912.542592893,2754472.36791125,12706.4548790786,0,
55.06069,61249.6942527537,10104.0820491479,1030928.90849191,6601.74286011507,400.006400102402,600.014400345608,49196.6221659339,324867.398994299,2499210.63423465,13307.0793662228,200.0016000128,
55.18691,65672.0607992942,10204.1632986258,986013.288207755,5501.21026625858,400.006400102402,500.010000200004,47590.4218014227,325688.352209413,2605776.21237148,12306.0545788528,100.0004000016,
55.31318,54116.8924877736,9603.68781612139,1017383.7751432,6001.44034568296,300.003600043201,700.019600548815,49799.0004128207,345407.20945039,2960994.80616093,12306.0545788528,200.0016000128,
55.43948,57532.0936871056,8002.56081946223,1003311.78178853,6101.48876325823,300.003600043201,300.003600043201,49999.7996000016,327125.148416953,2570254.35299254,11805.5722300926,0,
55.56562,56025.2725093309,9403.53572943427,1051040.61360117,5001.00020004001,300.003600043201,700.019600548815,53916.0272907297,333387.377893073,2653689.41804541,12806.5569571621,0,
55.69186,56929.3434683601,9203.38684635946,999309.458340787,5601.25468104855,500.010000200004,500.010000200004,48092.3372875922,327535.691563297,2614863.19965447,12406.1534521122,100.0004000016,
55.81814,53916.0272907297,7702.37233067785,1019219.19771566,4600.84655576626,300.003600043201,700.019600548815,44579.3512452165,340782.847736359,2510775.89077663,13707.5117164206,0,
55.94446,58235.3389276679,10304.2453490838,1029627.96373344,6101.48876325823,400.006400102402,100.0004000016,51305.072789072,379370.835245246,2607428.39187748,13006.7635170289,100.0004000016,
56.07071,60244.8285678772,11405.2007715518,1007964.67910333,5701.29989637637,600.014400345608,500.010000200004,46285.535669918,306922.354313109,2540515.12188458,13507.2939387269,100.0004000016,
56.197,55221.7086458555,7802.43435952017,985365.042408116,6601.74286011507,500.010000200004,500.010000200004,45081.1460629132,322815.248791595,2580167.43002852,10904.7544729502,0,
56.32328,51907.5524486736,8703.02865397158,1002616.71986235,7702.37233067785,0,300.003600043201,51305.072789072,323328.255161907,2708211.34174332,11104.9305891816,0,
56.44957,59541.4705339888,10904.7544729502,1017143.88798399,5601.25468104855,300.003600043201,300.003600043201,47590.4218014227,315020.110251976,2628080.63570245,12506.2531265633,100.0004000016,
56.57583,65370.4862280828,10004.0016006403,973378.326150828,5001.00020004001,400.006400102402,800.025600819226,45783.6925900546,321994.481830963,2632211.08446744,12706.4548790786,0,
56.70212,55623.4841347792,10404.3282005314,1035591.6952711,4700.88376614804,300.003600043201,100.0004000016,49899.3996040112,325175.250212731,2584297.87879352,13006.7635170289,0,
56.82827,56025.2725093309,8402.82334864514,984500.764983703,5201.0818250196,600.014400345608,400.006400102402,47490.0411179596,318404.251871536,2641298.07175043,12506.2531265633,100.0004000016,
56.95448,58637.211073913,9503.61137232148,1002446.31014886,5701.29989637637,300.003600043201,200.0016000128,49096.2286080718,323533.46353006,2661950.3155754,12606.3536022155,100.0004000016,
57.08079,64968.3980878437,11305.1099096792,1098772.73742944,5501.21026625858,500.010000200004,300.003600043201,44880.4257228954,323738.675224064,2642124.16150343,11605.3848985929,0,
57.20702,53614.7355340429,9003.24116682005,984284.704610651,5401.16665199683,400.006400102402,600.014400345608,41468.6721210324,304463.30245514,2462862.68510271,10304.2453490838,100.0004000016,
57.33331,57431.6333035317,7602.31110257518,954718.36016013,5401.16665199683,100.0004000016,700.019600548815,43676.1712426472,324559.555260215,2827994.35592814,12205.9565067753,0,
57.45954,54920.3854849831,8803.09869073914,962494.065050179,6301.58800017604,200.0016000128,600.014400345608,41468.6721210324,316865.893523338,2606602.30212448,13006.7635170289,0,
57.58578,54317.7609056434,9003.24116682005,990768.079178276,5901.39272868397,300.003600043201,400.006400102402,45482.5963950534,302926.637706624,2500862.81374065,11505.2924345199,200.0016000128,
57.71209,49799.0004128207,8402.82334864514,959030.419830207,4400.77453631839,0,100.0004000016,42472.032567234,324456.942345328,2630558.90496144,14908.8856958747,100.0004000016,
57.83828,51104.2526754579,9203.38684635946,1093238.578145,4700.88376614804,100.0004000016,200.0016000128,41569.0045475489,316865.893523338,2552080.37842657,12306.0545788528,100.0004000016,
57.96454,49799.0004128207,10304.2453490838,979424.295957602,5401.16665199683,400.006400102402,100.0004000016,39060.9350586916,312764.518389217,2545471.66040258,11205.0198488923,100.0004000016,
58.09076,57029.7998244003,7902.49718911176,940929.390865472,4500.81014582625,100.0004000016,500.010000200004,42873.3992595323,325072.632308309,2436427.81300675,14408.2991803279,0,
58.21701,52911.7496151873,8602.95941803981,978668.395806835,4700.88376614804,300.003600043201,400.006400102402,42973.74294289,303438.838551915,2483514.92892767,12005.7627661277,100.0004000016,
58.34323,49698.6020264204,8002.56081946223,971219.733140523,4200.70571856072,200.0016000128,200.0016000128,42070.6787402837,327535.691563297,2731341.85482729,12406.1534521122,100.0004000016,
58.4695,48192.7227986646,8302.75651516303,981800.268547888,5301.12383825371,500.010000200004,0,43074.0874303803,306922.354313109,2563645.63496855,12205.9565067753,0,
58.59569,53614.7355340429,7602.31110257518,931364.419075221,4900.9605882753,100.0004000016,400.006400102402,43375.1257177431,303541.281209388,2506645.44201164,11104.9305891816,0,
58.72197,48192.7227986646,8202.69048247825,944806.05738576,4500.81014582625,200.0016000128,700.019600548815,41368.3404985035,313379.639942488,2907298.97221601,11104.9305891816,0,
58.84826,48293.1091143725,8803.09869073914,1009155.22263837,4900.9605882753,300.003600043201,200.0016000128,46787.3988610725,327227.782955789,2534732.49361359,11205.0198488923,200.0016000128,
58.9745,51003.8438260298,6801.85010322808,974457.75721986,4000.64010241639,500.010000200004,200.0016000128,49799.0004128207,328254.174096288,2661950.3155754,13106.8679988314,0,
59.10074,51606.3089965329,9503.61137232148,1009479.9352468,5501.21026625858,800.025600819226,300.003600043201,42572.3730341581,317583.770821181,2477732.30065668,11505.2924345199,100.0004000016,
59.22698,48393.4962347255,5701.29989637637,983204.456639228,5001.00020004001,400.006400102402,300.003600043201,47991.9525811455,314199.848519828,2692515.63643635,11505.2924345199,200.0016000128,
59.35327,48795.0527627819,8402.82334864514,1038954.27559629,5201.0818250196,100.0004000016,400.006400102402,41569.0045475489,307537.191956657,2467819.2236207,9203.38684635946,200.0016000128,
59.47952,48995.8358549322,7802.43435952017,936192.81588208,4500.81014582625,600.014400345608,600.014400345608,40365.0684904065,305692.768645234,2564471.72472155,13907.7326993809,100.0004000016,
59.60573,44077.5765347011,5901.39272868397,915759.269548776,4900.9605882753,200.0016000128,600.014400345608,42171.0159909287,306819.884276974,2552080.37842657,13407.186251831,300.003600043201,
59.73205,45582.960989,5701.29989637637,952886.168565034,3800.57768780855,200.0016000128,200.0016000128,40264.7457111035,309279.394197088,2637993.71273843,9703.76506084361,0,
59.85837,38960.6227289663,8002.56081946223,909313.258106506,3500.49006860961,100.0004000016,500.010000200004,38760.0004807442,311124.3403921,2566123.90422755,12005.7627661277,0,
59.98463,45281.8696202735,6201.53798141939,934901.322887447,4700.88376614804,300.003600043201,200.0016000128,34848.5091247016,324970.015235502,2661124.2258224,12406.1534521122,200.0016000128,
60.11083,44980.7854907414,7102.01697282028,962494.065050179,3600.51847466035,700.019600548815,500.010000200004,36653.6609596449,311739.382231564,2436427.81300675,10404.3282005314,0,
60.23706,39963.7821963854,7402.19104855037,949761.262196388,5301.12383825371,100.0004000016,800.025600819226,41870.0066511207,315020.110251976,2444688.71053673,9703.76506084361,0,
60.36336,44980.7854907414,6901.90492575951,938237.942869475,4400.77453631839,600.014400345608,300.003600043201,43776.5213593361,311021.836324759,2371992.81227285,9303.46088745013,0,
60.48956,44378.6389482162,7802.43435952017,926724.85315103,4200.70571856072,100.0004000016,300.003600043201,38258.4589252378,300058.696136175,2585123.96854651,9203.38684635946,0,
60.61574,42973.74294289,5401.16665199683,904588.220665644,3100.38444767151,300.003600043201,200.0016000128,34647.952766629,295962.764342811,2424862.55646477,7602.31110257518,100.0004000016,
60.74202,37957.5436361524,7802.43435952017,896216.25205098,4300.73972723308,500.010000200004,400.006400102402,38559.381447429,317173.550237374,2699124.35446034,12706.4548790786,0,
60.86825,43475.4734218603,4800.92177698118,972870.613708498,5701.29989637637,400.006400102402,500.010000200004,42271.354045629,331949.871111039,2542167.30139058,13106.8679988314,100.0004000016,
60.99453,43876.872280235,7502.25067520256,943513.706477161,4700.88376614804,400.006400102402,500.010000200004,35249.6314811254,289616.690337748,2476906.21090368,11004.8421305374,200.0016000128,
61.12069,39161.2481921726,6201.53798141939,931242.791114504,3800.57768780855,900.032401166442,400.006400102402,40465.3920735909,319737.647006397,2612384.93039547,10804.6676164103,0,
61.24684,51104.2526754579,5701.29989637637,924446.719969675,3800.57768780855,200.0016000128,200.0016000128,36152.2037822616,316558.244286559,2510775.89077663,9803.84310649775,0,
61.37308,38659.6905622281,5901.39272868397,917263.800424628,2700.2916314962,200.0016000128,900.032401166442,35149.3496869605,312559.484514789,2466167.0441147,11605.3848985929,0,
61.49936,40866.6944453348,6001.44034568296,1040664.06494285,4200.70571856072,300.003600043201,200.0016000128,38960.6227289663,304463.30245514,2584297.87879352,9003.24116682005,0,
61.62568,36051.9147572504,4900.9605882753,833133.091776464,3900.60849492521,400.006400102402,600.014400345608,36854.249455198,308049.579481448,2485993.19818667,10904.7544729502,100.0004000016,
61.75199,34046.302972042,6401.6388195378,897718.514589739,3100.38444767151,600.014400345608,400.006400102402,34046.302972042,310509.328441318,2431471.27448875,10504.4118529783,0,
61.8783,37456.0342272039,6701.7960813498,909227.781937473,3400.46246289495,100.0004000016,300.003600043201,31439.4879969241,296269.913223676,2390166.78683882,11505.2924345199,0,
62.00456,42672.714305176,7602.31110257518,914362.361565476,3500.49006860961,0,200.0016000128,33544.9502333126,322507.454946195,2339775.3119059,10104.0820491479,0,
62.13076,34146.5759295679,6601.74286011507,934131.498717439,3900.60849492521,500.010000200004,500.010000200004,35550.4816839913,293301.119785027,2471123.58263269,8703.02865397158,0,
62.257,32141.2693898966,6301.58800017604,933502.350612653,5001.00020004001,400.006400102402,300.003600043201,41067.3504547458,304873.111244271,2884168.45913205,10504.4118529783,0,
62.38328,35049.0686961746,5501.21026625858,886670.22867249,4600.84655576626,100.0004000016,300.003600043201,35450.1974796312,300570.780876817,2426514.73597076,8703.02865397158,0,
62.50964,38760.0004807442,5801.34591225164,913395.359636466,3200.40965243551,500.010000200004,300.003600043201,36152.2037822616,311329.351017515,2389340.69708582,10204.1632986258,0,
62.63598,31038.4877247787,5601.25468104855,891066.960513016,3900.60849492521,600.014400345608,200.0016000128,37857.2401471024,292482.264911436,2475254.03139769,10104.0820491479,0,
62.76211,33946.0308177889,5701.29989637637,1051732.38351173,3400.46246289495,200.0016000128,400.006400102402,33244.1482288479,299853.868044058,2443036.53103074,10104.0820491479,0,
62.88843,35249.6314811254,4200.70571856072,914684.711579925,3100.38444767151,200.0016000128,300.003600043201,32642.5659059413,291356.426027841,2619819.73817246,7702.37233067785,200.0016000128,
63.01463,39161.2481921726,5301.12383825371,959677.352362123,4400.77453631839,300.003600043201,400.006400102402,36854.249455198,297191.404621493,2264601.14438302,8703.02865397158,0,
63.14087,34146.5759295679,5901.39272868397,918338.572293503,2600.27042812453,300.003600043201,400.006400102402,33544.9502333126,295246.112626577,2342253.58116489,10804.6676164103,0,
63.26711,33444.6820952793,6701.7960813498,896108.95425297,3900.60849492521,0,200.0016000128,34547.6757925938,329280.648429585,2400905.9536278,11705.4781637807,100.0004000016,
63.39332,34447.3996218797,6301.58800017604,965609.070098836,3400.46246289495,200.0016000128,400.006400102402,32442.0448901777,308664.471899284,2350514.47869488,10504.4118529783,100.0004000016,
63.51953,33645.2191745706,5401.16665199683,928768.487211931,3600.51847466035,200.0016000128,700.019600548815,38760.0004807442,309176.905072364,2207600.9514261,8302.75651516303,0,
63.64582,32642.5659059413,4600.84655576626,908239.234608433,3000.36004320518,300.003600043201,400.006400102402,36352.7842427204,288184.1465339,2217514.02846209,9803.84310649775,0,
63.77204,32742.827618525,4500.81014582625,886884.668751424,3200.40965243551,500.010000200004,200.0016000128,36352.7842427204,285933.334142483,2146470.3097042,8402.82334864514,0,
63.89839,35450.1974796312,4500.81014582625,899435.599499416,2600.27042812453,400.006400102402,400.006400102402,33745.4889190629,289923.685126288,2250557.61858204,7001.96054895371,0,
64.02459,32943.3534531443,5301.12383825371,1019910.96762621,3900.60849492521,600.014400345608,200.0016000128,36252.4936107484,289412.031286037,2316644.79882193,8302.75651516303,100.0004000016,
64.15077,32041.0124959949,5101.04061228491,933825.176972423,4000.64010241639,400.006400102402,200.0016000128,33043.6175751993,282660.140369329,2140687.68143321,8502.8909829342,0,
64.27706,30236.5257230735,5801.34591225164,886991.890123181,4000.64010241639,100.0004000016,200.0016000128,30737.7459520291,268962.840474005,2336984.09643613,7202.07419736884,0,
64.40331,32041.0124959949,4300.73972723308,887099.112383146,3400.46246289495,300.003600043201,100.0004000016,34146.5759295679,294427.131814319,2200992.23340211,9003.24116682005,0,
64.52948,31238.986254846,4900.9605882753,883561.246717964,2100.17641481884,400.006400102402,500.010000200004,30036.0432519023,265694.03850896,2485167.10843367,7702.37233067785,100.0004000016,
64.65577,27630.5040765005,4500.81014582625,898851.233279153,3700.5476810568,500.010000200004,500.010000200004,33845.7594667991,262528.192981463,2093600.56551228,10604.4963064339,0,
64.78202,31940.756405173,5201.0818250196,925138.489880229,3900.60849492521,300.003600043201,200.0016000128,36453.0756781874,273458.824480883,2144818.1301982,7802.43435952017,0,
64.90826,27830.9480141918,5601.25468104855,939206.799807427,3400.46246289495,700.019600548815,200.0016000128,30336.7681630136,258852.722702253,2201818.32315511,8703.02865397158,0,
65.03453,26528.1198069954,4600.84655576626,912750.731776081,4000.64010241639,300.003600043201,0,33444.6820952793,331949.871111039,2287731.65746698,8202.69048247825,0,
65.16084,32642.5659059413,4900.9605882753,939314.45504613,4000.64010241639,100.0004000016,300.003600043201,43475.4734218603,278672.081021177,2067991.78316932,7402.19104855037,0,
65.28717,31439.4879969241,6301.58800017604,965177.581042512,1900.14441097523,700.019600548815,0,33745.4889190629,276422.961507041,2152252.93797519,10104.0820491479,0,
65.41341,29835.5639922788,4800.92177698118,924896.611512313,3400.46246289495,200.0016000128,400.006400102402,32041.0124959949,273356.625258799,2272925.62127725,10304.2453490838,0,
65.53968,27229.6258329062,6001.44034568296,949114.823795131,3500.49006860961,200.0016000128,300.003600043201,32843.0901342561,276934.089888822,2076252.68069931,10104.0820491479,0,
65.66595,32041.0124959949,5801.34591225164,950733.97657075,4100.67251029169,600.014400345608,200.0016000128,36152.2037822616,260486.133003532,2367036.27375486,9503.61137232148,0,
65.7922,30737.7459520291,2700.2916314962,941683.096399294,3800.57768780855,300.003600043201,600.014400345608,34547.6757925938,252321.193364094,2096904.92452428,8302.75651516303,100.0004000016,
65.91848,30336.7681630136,3700.5476810568,968737.794693236,3300.43565750679,200.0016000128,100.0004000016,29635.0879441258,286854.07259957,2068817.87292232,9403.53572943427,100.0004000016,
66.04466,31038.4877247787,4600.84655576626,915007.069613929,3800.57768780855,300.003600043201,600.014400345608,32141.2693898966,248750.691815769,1900295.56331058,8703.02865397158,0,
66.17099,29033.6790677186,5701.29989637637,965609.070098836,4200.70571856072,500.010000200004,400.006400102402,35349.9140786791,253647.636864669,2123086.73746154,9703.76506084361,0,
66.29725,29635.0879441258,4100.67251029169,953317.249197523,3800.57768780855,300.003600043201,300.003600043201,32241.5270868879,253443.559563782,2106853.04615972,10604.4963064339,0,
66.42346,28432.2990917683,4200.70571856072,918875.991656195,4400.77453631839,500.010000200004,400.006400102402,32141.2693898966,240797.205338933,2089229.75567682,9103.31360615264,200.0016000128,
66.54972,32041.0124959949,5701.29989637637,966364.210456343,3700.5476810568,200.0016000128,100.0004000016,31639.9929510902,247424.762674207,2002730.69268242,9503.61137232148,0,
66.676,31940.756405173,5201.0818250196,935224.184077847,4100.67251029169,200.0016000128,300.003600043201,29635.0879441258,246608.875495843,2058078.70613334,8703.02865397158,100.0004000016,
66.80229,25025.025025025,5601.25468104855,974025.974025974,4800.92177698118,100.0004000016,100.0004000016,31940.756405173,245181.19981258,2042814.18341518,10104.0820491479,100.0004000016,
66.92851,29334.3798932349,4300.73972723308,968737.794693236,3600.51847466035,200.0016000128,800.025600819226,31639.9929510902,251811.059889215,2024572.90364983,9003.24116682005,100.0004000016,
67.05472,29334.3798932349,3600.51847466035,936085.186553074,3500.49006860961,300.003600043201,100.0004000016,30938.239664225,234682.54769355,2010207.69769311,11004.8421305374,0,
67.18094,32341.7855869784,5101.04061228491,959246.060424818,4900.9605882753,400.006400102402,100.0004000016,32843.0901342561,224294.426036315,1788773.44665576,6601.74286011507,100.0004000016,
67.3071,33143.8825004306,4800.92177698118,997579.105433702,5601.25468104855,100.0004000016,200.0016000128,29133.9118734207,228672.689255411,1927932.23639709,8602.95941803981,200.0016000128,
67.43342,29033.6790677186,3400.46246289495,938130.296566207,4300.73972723308,400.006400102402,300.003600043201,32742.827618525,216966.782193997,1880679.88766026,10304.2453490838,100.0004000016,
67.55968,30837.992406645,5201.0818250196,929521.486238684,4700.88376614804,300.003600043201,300.003600043201,31639.9929510902,199987.097606606,1860578.55537362,9803.84310649775,100.0004000016,
67.68596,30036.0432519023,5801.34591225164,963775.340644732,3600.51847466035,100.0004000016,0,34146.5759295679,225516.114059694,1852038.82160365,10804.6676164103,0,
67.81223,28231.8455217485,3200.40965243551,933502.350612653,5001.00020004001,300.003600043201,100.0004000016,31439.4879969241,222767.482404597,1767856.30158166,10504.4118529783,0,
67.93847,27630.5040765005,4800.92177698118,998227.960782193,4900.9605882753,500.010000200004,300.003600043201,32442.0448901777,211982.34757844,1803643.06220973,10804.6676164103,0,
68.06479,30737.7459520291,5101.04061228491,974673.654200209,5201.0818250196,500.010000200004,500.010000200004,28933.4470648069,209745.079057761,1855846.41034015,12906.6598364756,0,
68.19107,37857.2401471024,4400.77453631839,998227.960782193,4800.92177698118,200.0016000128,300.003600043201,37255.4360889003,210965.358116721,1849616.37268127,9803.84310649775,0,
68.31731,28332.0719053969,4600.84655576626,1010021.14094518,6601.74286011507,700.019600548815,600.014400345608,36252.4936107484,212592.580639956,1990339.34638744,11305.1099096792,100.0004000016,
68.44355,25626.2412710616,4800.92177698118,1013052.30912663,6201.53798141939,300.003600043201,600.014400345608,32442.0448901777,205170.08448773,1742315.32826727,11605.3848985929,100.0004000016,
68.56985,27530.2833116428,4100.67251029169,943190.638866636,4500.81014582625,300.003600043201,800.025600819226,32041.0124959949,195720.355723258,1684686.13777792,14708.648685427,0,
68.69608,30236.5257230735,4300.73972723308,994010.979870238,6301.58800017604,300.003600043201,300.003600043201,32843.0901342561,208118.224057821,2025861.20576639,10904.7544729502,100.0004000016,
68.82232,25926.8602271954,4700.88376614804,961186.987006945,5201.0818250196,400.006400102402,300.003600043201,31038.4877247787,198767.881045688,1722877.34840646,13807.6218072376,100.0004000016,
68.94849,29334.3798932349,4400.77453631839,1007531.78120384,5101.04061228491,300.003600043201,600.014400345608,26728.5460872212,195314.07470713,1694343.36186425,12205.9565067753,100.0004000016,
69.07473,30136.2840860396,4600.84655576626,937590.348270213,5701.29989637637,300.003600043201,100.0004000016,33244.1482288479,207304.875294421,1618512.00388417,12706.4548790786,100.0004000016,
69.20104,29234.1454819229,3600.51847466035,946960.26171142,4800.92177698118,300.003600043201,400.006400102402,30737.7459520291,183842.046942682,1580701.13510226,14508.4148806308,0,
69.32722,31138.7365883159,5401.16665199683,923754.95005912,5701.29989637637,400.006400102402,0,33544.9502333126,180696.679371168,1550101.102785,14508.4148806308,0,
69.4535,26427.9078707115,4000.64010241639,971543.499218776,5101.04061228491,200.0016000128,200.0016000128,29334.3798932349,177653.523260123,1523735.56047836,14208.0701838644,0,
69.57972,28332.0719053969,6101.48876325823,951425.746481305,5001.00020004001,100.0004000016,100.0004000016,33344.4147604609,178160.664864582,1509555.11014219,12406.1534521122,0,
69.70595,23822.6791905894,3700.5476810568,977480.641581426,5601.25468104855,200.0016000128,300.003600043201,33043.6175751993,177450.672338643,1511207.28964819,14308.184281409,0,
69.83218,29033.6790677186,4800.92177698118,954826.144192556,5001.00020004001,600.014400345608,500.010000200004,34547.6757925938,165792.239272326,1587146.28460583,15709.8657957197,0,
69.95838,24123.2548176442,4700.88376614804,975537.278013058,7001.96054895371,300.003600043201,400.006400102402,29635.0879441258,181609.769658779,1554951.75496365,14608.5313823273,0,
70.08462,27730.7256440136,4900.9605882753,989473.09156181,5501.21026625858,400.006400102402,0,28833.2158646761,166906.926738127,1452899.02611007,13507.2939387269,0,
70.21093,27430.063349431,4100.67251029169,927585.291384575,6301.58800017604,500.010000200004,100.0004000016,25926.8602271954,171163.914619412,1465220.46587257,15009.0054032419,0,
70.3372,27029.191526849,4100.67251029169,934131.498717439,5601.25468104855,0,300.003600043201,30437.0114058695,155561.995379426,1381214.88660299,15009.0054032419,100.0004000016,
70.46344,26127.2768770597,3800.57768780855,944913.759106665,7302.132222609,300.003600043201,300.003600043201,30236.5257230735,172076.313680319,1383163.37793339,14708.648685427,0,
70.58969,29935.8032206519,4900.9605882753,978668.395806835,6201.53798141939,300.003600043201,0,29334.3798932349,175929.394609531,1436451.00162426,16811.2971917128,0,
70.71592,26828.7604311822,6901.90492575951,984630.702187927,6001.44034568296,500.010000200004,400.006400102402,38760.0004807442,155764.493745271,1329647.18272775,17912.8255831175,100.0004000016,
70.84221,25826.6531060054,3400.46246289495,931888.339363362,5001.00020004001,200.0016000128,600.014400345608,32041.0124959949,171468.040290459,1422480.66931314,14208.0701838644,0,
70.96846,27329.8441898553,3900.60849492521,963991.060078598,5901.39272868397,400.006400102402,700.019600548815,32542.3049964954,158701.086453348,1416003.44887341,13807.6218072376,0,
71.09467,26528.1198069954,5301.12383825371,957305.424038541,6601.74286011507,200.0016000128,400.006400102402,29133.9118734207,162347.465849662,1376761.44012897,11705.4781637807,0,
71.22098,24824.6260290208,4400.77453631839,948658.666839087,6601.74286011507,100.0004000016,600.014400345608,30437.0114058695,155258.253943338,1334639.53145409,15309.3693340324,0,
71.34732,28933.4470648069,2700.2916314962,988781.321651255,5601.25468104855,500.010000200004,300.003600043201,30938.239664225,149387.360923888,1287336.96658554,16410.7654621432,100.0004000016,
71.47355,27730.7256440136,4100.67251029169,979640.275508889,6401.6388195378,400.006400102402,400.006400102402,30737.7459520291,145947.076833944,1279606.60480097,19214.7569333248,100.0004000016,
71.59976,25826.6531060054,4100.67251029169,937484.437509337,6301.58800017604,200.0016000128,200.0016000128,27329.8441898553,146655.293672699,1259621.52532688,13106.8679988314,0,
71.72596,25325.6295370915,5201.0818250196,958922.600876373,6001.44034568296,400.006400102402,200.0016000128,27430.063349431,161942.260387856,1236119.40189962,15309.3693340324,0,
71.85227,23321.7358578195,2700.2916314962,949761.262196388,5901.39272868397,600.014400345608,200.0016000128,30336.7681630136,144733.083629371,1271653.09648212,15109.1259120509,0,
71.97847,22520.2682414173,3600.51847466035,957628.843286527,4600.84655576626,200.0016000128,500.010000200004,28632.7558727184,151006.643889915,1290661.13651373,16510.8971921468,0,
72.10472,24123.2548176442,3700.5476810568,928123.094282953,7702.37233067785,700.019600548815,200.0016000128,27229.6258329062,129871.174228412,1154786.11662105,12105.8592358702,0,
72.23094,25325.6295370915,3500.49006860961,910611.321758582,4900.9605882753,300.003600043201,300.003600043201,29935.8032206519,138968.216299705,1240658.32563607,14808.7667899396,0,
72.35717,25626.2412710616,4400.77453631839,937592.078451879,6801.85010322808,300.003600043201,400.006400102402,29534.8511243267,133509.200875048,1135336.45203378,12906.6598364756,0,
72.48344,23221.549598027,2600.27042812453,906520.982209474,6101.48876325823,400.006400102402,400.006400102402,25626.2412710616,137754.896834654,1180422.90807949,14007.84439286,0,
72.60967,21318.1630749398,5001.00020004001,951808.529632813,5601.25468104855,300.003600043201,200.0016000128,32943.3534531443,129264.938845421,1237243.45223352,15609.7404780583,0,
72.73592,25325.6295370915,4000.64010241639,955365.077783038,4600.84655576626,300.003600043201,100.0004000016,31940.756405173,138867.101870734,1128544.07571843,13407.186251831,0,
72.86223,20817.3200102485,4300.73972723308,915974.191836261,6201.53798141939,800.025600819226,100.0004000016,33043.6175751993,134418.872128141,1214793.53228614,14408.2991803279,0,
72.98851,25225.4272306485,3200.40965243551,934255.62462136,5801.34591225164,200.0016000128,200.0016000128,32341.7855869784,130881.631537045,1123738.74589335,13707.5117164206,100.0004000016,
73.11481,22620.4488857928,4600.84655576626,891066.960513016,4700.88376614804,300.003600043201,300.003600043201,33043.6175751993,126133.188606806,1143408.09650891,13907.7326993809,200.0016000128,
73.24105,24423.8376655616,3700.5476810568,878789.905873069,5701.29989637637,400.006400102402,100.0004000016,31539.7400724913,123305.181832434,1102136.61649488,11004.8421305374,100.0004000016,
73.36737,21217.9928579435,3400.46246289495,922638.551318529,7102.01697282028,300.003600043201,300.003600043201,27029.191526849,127951.529186618,1130182.66042887,12306.0545788528,100.0004000016,
73.49357,21618.6785382571,4200.70571856072,908346.632951272,6101.48876325823,600.014400345608,300.003600043201,28532.5270808722,127749.478347921,1072627.91231254,12806.5569571621,0,
73.61989,20516.8237955123,2900.33643902693,869633.603205351,4100.67251029169,400.006400102402,700.019600548815,28732.9854673165,135227.524079548,1087537.2530032,14208.0701838644,0,
73.7462,24824.6260290208,3600.51847466035,902441.046044179,5301.12383825371,200.0016000128,200.0016000128,36352.7842427204,122295.333684376,1087210.58848573,18513.7001381022,0,
73.87245,23021.1794851263,2900.33643902693,945891.587196868,5201.0818250196,200.0016000128,0,29635.0879441258,128153.583274701,1068169.30546055,12406.1534521122,0,
73.99871,25926.8602271954,2800.31363512713,883668.440560744,4600.84655576626,400.006400102402,0,27830.9480141918,120073.953497719,1068060.57800189,9703.76506084361,0,
74.12495,22420.0883992057,3200.40965243551,893855.905870655,4800.92177698118,100.0004000016,200.0016000128,38158.1530252104,114724.059503813,1010778.86676239,11505.2924345199,0,
74.25122,23922.8702639724,3400.46246289495,864494.876760855,7302.132222609,200.0016000128,200.0016000128,27329.8441898553,126032.177401848,992422.924765001,10004.0016006403,0,
74.3775,24824.6260290208,3800.57768780855,923391.194342479,5701.29989637637,100.0004000016,100.0004000016,30136.2840860396,124618.105804792,1076979.24272452,9903.92195309342,0,
74.5037,24724.4277346018,3700.5476810568,873596.098675686,4700.88376614804,400.006400102402,400.006400102402,26528.1198069954,110284.368948421,992929.923060927,10804.6676164103,0,
74.62988,23221.549598027,3800.57768780855,885490.871740499,4800.92177698118,300.003600043201,400.006400102402,25926.8602271954,123507.161204481,1066755.91923893,9903.92195309342,100.0004000016,
74.75617,21919.201220269,3200.40965243551,878416.986178855,5701.29989637637,300.003600043201,400.006400102402,25025.025025025,114522.221329261,1031796.27724488,10204.1632986258,100.0004000016,
74.8824,22420.0883992057,3200.40965243551,921993.463510128,5001.00020004001,600.014400345608,400.006400102402,31038.4877247787,124618.105804792,1050249.20747491,11104.9305891816,0,
75.00867,23321.7358578195,3100.38444767151,909850.303248888,5901.39272868397,500.010000200004,400.006400102402,24824.6260290208,116641.683980405,1039822.1792623,10004.0016006403,0,
75.13484,20616.9883984403,2300.21161946899,911354.148096863,5201.0818250196,600.014400345608,200.0016000128,29935.8032206519,120073.953497719,1006990.67909454,11004.8421305374,0,
75.26099,23822.6791905894,3400.46246289495,882810.914677831,5901.39272868397,800.025600819226,400.006400102402,32542.3049964954,115026.822848647,989471.145449555,9403.53572943427,0,
75.3873,20416.6599945556,2400.23042212052,892246.825610539,6101.48876325823,300.003600043201,500.010000200004,28833.2158646761,128456.670499594,1023775.32113339,8803.09869073914,100.0004000016,
75.51351,21117.8234429859,2800.31363512713,921778.441375306,3800.57768780855,300.003600043201,300.003600043201,31439.4879969241,108468.584284107,993038.024695466,9803.84310649775,100.0004000016,
75.63982,19615.3784567101,3100.38444767151,863570.967840868,5901.39272868397,700.019600548815,300.003600043201,27029.191526849,115834.227457032,978452.432414458,9403.53572943427,0,
75.76613,19415.0660912868,2200.1936170383,894285.027717243,6501.69043951427,600.014400345608,900.032401166442,26828.7604311822,120578.778135048,981260.236616533,9403.53572943427,100.0004000016,
75.89236,22620.4488857928,3900.60849492521,912320.997686548,5801.34591225164,100.0004000016,500.010000200004,32943.3534531443,122295.333684376,998444.253095895,6701.7960813498,100.0004000016,
76.01864,19815.6940296715,4000.64010241639,869105.127125305,6701.7960813498,300.003600043201,200.0016000128,31238.986254846,115531.444645369,969292.411681037,6901.90492575951,0,
76.14487,21117.8234429859,3500.49006860961,869419.448836497,5201.0818250196,200.0016000128,200.0016000128,32742.827618525,117247.310445158,975861.151748903,7802.43435952017,0,
76.27112,22119.5536854579,3800.57768780855,915453.711132465,6201.53798141939,500.010000200004,100.0004000016,28732.9854673165,114824.979807681,979316.307528598,6201.53798141939,0,
76.39744,20216.3347985172,3400.46246289495,869796.897035859,4800.92177698118,400.006400102402,100.0004000016,32943.3534531443,120780.713671332,983852.594643585,6801.85010322808,0,
76.52372,21017.6548300572,3000.36004320518,882060.626138811,5701.29989637637,0,400.006400102402,28131.6199408135,113109.44494001,934148.011369531,5601.25468104855,100.0004000016,
76.65007,21217.9928579435,3100.38444767151,928445.786731273,5801.34591225164,200.0016000128,100.0004000016,31439.4879969241,112705.823736931,1048597.02796891,10704.5815609081,100.0004000016,
76.77626,20616.9883984403,3900.60849492521,939422.111178438,5801.34591225164,200.0016000128,400.006400102402,32742.827618525,120679.745497369,1015109.57564153,7802.43435952017,100.0004000016,
76.90259,20416.6599945556,3300.43565750679,914684.711579925,4700.88376614804,400.006400102402,400.006400102402,32041.0124959949,107560.790426186,872639.910580188,8502.8909829342,0,
77.0289,22920.9956319989,4700.88376614804,938560.887140284,5601.25468104855,500.010000200004,400.006400102402,36553.3679171591,119468.190715041,1035379.59192093,7402.19104855037,0,
77.15515,27630.5040765005,3500.49006860961,963559.624795407,5401.16665199683,500.010000200004,500.010000200004,36453.0756781874,113008.538422903,1006466.45056598,7001.96054895371,0,
77.28142,27931.1711870447,4100.67251029169,933825.176972423,6901.90492575951,100.0004000016,200.0016000128,35349.9140786791,110687.912317496,947498.868689049,10504.4118529783,200.0016000128,
77.40766,24824.6260290208,3900.60849492521,964206.783097094,6301.58800017604,200.0016000128,400.006400102402,36954.5449082846,111898.620251842,950623.230167496,9703.76506084361,0,
77.53393,24824.6260290208,4900.9605882753,939206.799807427,5001.00020004001,300.003600043201,300.003600043201,35851.3391176164,101510.508496359,898684.346835181,8102.62525058119,200.0016000128,
77.6602,24023.0621396541,3700.5476810568,874988.615005009,6301.58800017604,300.003600043201,300.003600043201,34246.8496903764,106148.797114199,914899.616044847,6401.6388195378,300.003600043201,
77.78633,25325.6295370915,4400.77453631839,903836.669056727,6101.48876325823,900.032401166442,200.0016000128,37656.6355799122,112100.416258177,920553.116254113,5501.21026625858,0,
77.91263,25626.2412710616,3300.43565750679,956227.418082146,6001.44034568296,100.0004000016,500.010000200004,38258.4589252378,115329.593493321,930466.193290098,7102.01697282028,100.0004000016,
78.03895,26127.2768770597,4400.77453631839,972514.845889486,5001.00020004001,100.0004000016,400.006400102402,35249.6314811254,112604.920463358,938560.887140284,6201.53798141939,0,
78.16524,24023.0621396541,4200.70571856072,939314.45504613,5301.12383825371,200.0016000128,300.003600043201,36252.4936107484,112100.416258177,931242.791114504,5801.34591225164,100.0004000016,
78.29147,26227.4864057532,3300.43565750679,924036.351720734,5701.29989637637,100.0004000016,100.0004000016,35249.6314811254,108670.325167324,929736.636850927,5801.34591225164,200.0016000128,
78.41774,23522.1107841371,4200.70571856072,923068.627694962,4200.70571856072,300.003600043201,300.003600043201,35349.9140786791,114017.64008599,960863.479088005,7902.49718911176,100.0004000016,
78.5439,28632.7558727184,3700.5476810568,951808.529632813,6601.74286011507,100.0004000016,700.019600548815,39662.8259162513,108367.715058191,926509.752515908,6501.69043951427,0,
78.67006,24624.2302425587,4100.67251029169,909919.551848028,3900.60849492521,600.014400345608,500.010000200004,44278.2840061228,105342.01509534,894499.593974246,4800.92177698118,0,
78.79638,25626.2412710616,3400.46246289495,919604.330595792,6101.48876325823,400.006400102402,400.006400102402,39662.8259162513,117651.077647702,930597.275005394,6101.48876325823,0,
78.92269,26327.6967369673,4300.73972723308,1009804.65596311,6201.53798141939,500.010000200004,600.014400345608,41368.3404985035,124618.105804792,947067.981318111,7302.132222609,0,
79.04893,23822.6791905894,4800.92177698118,951485.255404137,5401.16665199683,500.010000200004,400.006400102402,43074.0874303803,104837.802663925,911246.724818414,6501.69043951427,100.0004000016,
79.1752,27931.1711870447,4100.67251029169,1012301.49861011,6601.74286011507,500.010000200004,400.006400102402,42572.3730341581,110385.253574714,980936.228233172,5701.29989637637,200.0016000128,
79.30144,27730.7256440136,4700.88376614804,972730.710572356,6001.44034568296,700.019600548815,100.0004000016,39662.8259162513,107661.653168788,895357.894562389,7001.96054895371,100.0004000016,
79.4277,27530.2833116428,5401.16665199683,937484.437509337,5601.25468104855,100.0004000016,200.0016000128,44378.6389482162,107157.347559383,913932.574020557,6001.44034568296,200.0016000128,
79.55393,36854.249455198,4600.84655576626,979208.31999734,6101.48876325823,200.0016000128,100.0004000016,42672.714305176,110889.688866032,910817.040611578,6901.90492575951,100.0004000016,
79.68018,24824.6260290208,4500.81014582625,967658.838975586,7202.07419736884,500.010000200004,200.0016000128,47590.4218014227,120679.745497369,899113.62873517,7302.132222609,0,
79.8065,25025.025025025,3600.51847466035,952455.102252673,6601.74286011507,700.019600548815,400.006400102402,44679.7086001427,107359.067372083,1082466.70784186,6401.6388195378,100.0004000016,
79.93273,24824.6260290208,4300.73972723308,948791.616671995,6701.7960813498,200.0016000128,500.010000200004,41769.6718125834,115531.444645369,934901.322887447,5501.21026625858,0,
80.05894,34046.302972042,3800.57768780855,1001905.41962915,6201.53798141939,200.0016000128,800.025600819226,43876.872280235,114724.059503813,977048.757881437,6201.53798141939,0,
80.18523,33645.2191745706,4300.73972723308,1015001.29034406,6901.90492575951,500.010000200004,500.010000200004,44378.6389482162,122295.333684376,939553.180573083,8202.69048247825,0,
80.31148,35550.4816839913,5201.0818250196,1026267.79155666,6401.6388195378,500.010000200004,800.025600819226,49698.6020264204,107863.381085142,965501.196490295,5501.21026625858,0,
80.4378,28933.4470648069,4300.73972723308,945559.988210338,6301.58800017604,100.0004000016,400.006400102402,41468.6721210324,110385.253574714,967640.23217504,5601.25468104855,0,
80.56408,33244.1482288479,4100.67251029169,991632.77357753,5301.12383825371,400.006400102402,500.010000200004,41067.3504547458,110486.139011651,877596.44909818,7202.07419736884,100.0004000016,
80.69034,28732.9854673165,4800.92177698118,997903.529059417,6301.58800017604,0,400.006400102402,46486.2785329572,106552.207568923,936730.975926564,5001.00020004001,100.0004000016,
80.81664,27730.7256440136,5101.04061228491,953101.707091218,6501.69043951427,200.0016000128,100.0004000016,42271.354045629,105947.096748278,891639.974899158,6301.58800017604,100.0004000016,
80.94287,29835.5639922788,5001.00020004001,956658.609719834,6001.44034568296,200.0016000128,200.0016000128,44177.9298682877,108670.325167324,967640.23217504,7502.25067520256,0,
81.06915,33043.6175751993,3700.5476810568,1158956.71964769,6601.74286011507,100.0004000016,500.010000200004,45181.5074394207,138159.32364274,1370772.03163841,6301.58800017604,0,
81.19542,27430.063349431,5101.04061228491,1017492.08027541,7102.01697282028,400.006400102402,100.0004000016,44980.7854907414,111394.144424668,1118814.6569738,4600.84655576626,200.0016000128,
81.3217,33043.6175751993,5501.21026625858,990768.079178276,6101.48876325823,500.010000200004,100.0004000016,46887.7739127647,117852.966117021,949438.038969828,5701.29989637637,100.0004000016,
81.44806,32241.5270868879,5001.00020004001,1030061.59753776,7802.43435952017,200.0016000128,100.0004000016,50401.4076321559,108367.715058191,926294.655449915,7102.01697282028,0,
81.57432,28833.2158646761,3800.57768780855,978560.413661813,5301.12383825371,200.0016000128,200.0016000128,48092.3372875922,110788.800186422,950838.731107789,8803.09869073914,0,
81.70061,29033.6790677186,4300.73972723308,947275.127017977,6801.85010322808,400.006400102402,100.0004000016,51003.8438260298,138462.652288807,959246.060424818,6501.69043951427,100.0004000016,
81.82685,29935.8032206519,4000.64010241639,1007423.55898068,5801.34591225164,300.003600043201,300.003600043201,52409.640968907,120578.778135048,952239.574466318,6601.74286011507,0,
81.95312,29534.8511243267,3600.51847466035,945775.405065446,5901.39272868397,400.006400102402,300.003600043201,36352.7842427204,106854.773917794,915114.524074105,5801.34591225164,0,
82.07929,26928.9755777216,3900.60849492521,948252.956024977,5701.29989637637,400.006400102402,200.0016000128,42572.3730341581,115531.444645369,976616.88854161,5401.16665199683,200.0016000128,
82.20561,30637.5003003677,4200.70571856072,982772.382599441,6301.58800017604,200.0016000128,500.010000200004,40766.3676465285,107359.067372083,974889.554769613,7502.25067520256,0,
82.33192,26728.5460872212,5001.00020004001,974241.863828479,7402.19104855037,500.010000200004,0,42371.6929043942,101308.882650377,922100.975915258,5601.25468104855,0,
82.45821,29133.9118734207,4100.67251029169,965824.820004902,5301.12383825371,700.019600548815,100.0004000016,53614.7355340429,134924.273500149,947283.423214723,5801.34591225164,100.0004000016,
82.5845,26127.2768770597,4300.73972723308,973162.450702938,6201.53798141939,200.0016000128,200.0016000128,42973.74294289,125729.148659894,977553.309211024,5701.29989637637,200.0016000128,
82.7107,29935.8032206519,4000.64010241639,979424.295957602,6101.48876325823,500.010000200004,300.003600043201,44478.9946945776,112907.632716694,916941.386245361,5501.21026625858,0,
82.83694,29735.3255667733,4300.73972723308,975429.321895832,5801.34591225164,400.006400102402,100.0004000016,42271.354045629,115935.15668325,969816.84007579,4800.92177698118,0,
82.96326,27430.063349431,4800.92177698118,956982.012849744,6901.90492575951,400.006400102402,0,44077.5765347011,113109.44494001,943621.397468733,4500.81014582625,0,
83.08951,29935.8032206519,4500.81014582625,964638.239888331,6801.85010322808,700.019600548815,0,40666.0416516423,106854.773917794,923606.243233939,7302.132222609,0,
83.21575,29835.5639922788,3500.49006860961,931673.153042511,5201.0818250196,300.003600043201,300.003600043201,44378.6389482162,111797.723464866,966903.623317864,4200.70571856072,0,
83.34188,30938.239664225,4300.73972723308,983096.436782087,6401.6388195378,200.0016000128,100.0004000016,43475.4734218603,103829.438557875,916833.916634875,7302.132222609,100.0004000016,
83.46816,26027.0681508769,3800.57768780855,926939.957355369,6201.53798141939,100.0004000016,300.003600043201,43575.8219301585,104636.123362174,910065.127539705,5101.04061228491,100.0004000016,
83.5944,29234.1454819229,5001.00020004001,970680.140948075,7702.37233067785,700.019600548815,400.006400102402,44378.6389482162,107258.207060563,935439.429337339,5601.25468104855,0,
83.72055,26628.3325458288,4400.77453631839,979748.266631196,6301.58800017604,500.010000200004,500.010000200004,42973.74294289,108771.196824644,1204727.99128567,5601.25468104855,0,
83.84671,31138.7365883159,3800.57768780855,978560.413661813,5301.12383825371,200.0016000128,100.0004000016,41067.3504547458,111999.517849609,963236.057742237,7302.132222609,0,
83.97294,28031.3951625821,3800.57768780855,1018527.4278051,7802.43435952017,600.014400345608,0,38057.8479288519,103123.631879762,973594.205187238,5901.39272868397,0,
84.09922,22620.4488857928,3100.38444767151,972406.914893617,7102.01697282028,100.0004000016,100.0004000016,39662.8259162513,106552.207568923,979640.275508889,4600.84655576626,100.0004000016,
84.22554,25425.8326459683,3800.57768780855,931565.561221314,7602.31110257518,200.0016000128,900.032401166442,41468.6721210324,112201.315477554,964206.783097094,5201.0818250196,100.0004000016,
84.35185,25325.6295370915,4000.64010241639,947822.043608948,6001.44034568296,200.0016000128,0,41368.3404985035,110284.368948421,1168380.04215373,6201.53798141939,0,
84.47813,22219.7311212357,4100.67251029169,944267.562193598,6201.53798141939,300.003600043201,200.0016000128,39963.7821963854,113613.989689355,913118.308477125,6201.53798141939,100.0004000016,
84.60442,21217.9928579435,2400.23042212052,953425.02159325,6401.6388195378,500.010000200004,100.0004000016,42271.354045629,113613.989689355,986229.377328366,5001.00020004001,0,
84.73062,25125.2257266295,4000.64010241639,936898.578359658,6101.48876325823,400.006400102402,300.003600043201,37355.7347562563,109779.957976272,963451.768214919,6401.6388195378,0,
84.85683,19815.6940296715,4100.67251029169,930597.275005394,5801.34591225164,300.003600043201,300.003600043201,41468.6721210324,105846.247780643,953317.249197523,4800.92177698118,0,
84.98314,26528.1198069954,4300.73972723308,935654.678169648,4900.9605882753,500.010000200004,400.006400102402,35049.0686961746,106653.062208261,984716.828949885,5701.29989637637,0,
85.10937,25826.6531060054,3800.57768780855,993623.711025137,6701.7960813498,300.003600043201,700.019600548815,42070.6787402837,125325.121707075,985040.931636476,6201.53798141939,0,
85.23565,26027.0681508769,4400.77453631839,1109841.05599831,5801.34591225164,200.0016000128,0,42171.0159909287,109679.078213637,969061.498892679,4500.81014582625,100.0004000016,
85.3619,23321.7358578195,3700.5476810568,927800.409866669,6901.90492575951,100.0004000016,300.003600043201,38358.7656289435,108367.715058191,935008.942391083,5701.29989637637,100.0004000016,
85.48811,22019.3770518056,4200.70571856072,896775.92354749,6501.69043951427,400.006400102402,100.0004000016,38659.6905622281,104031.1048987,963343.912530533,5801.34591225164,100.0004000016,
85.61444,27430.063349431,3900.60849492521,921563.422807658,7102.01697282028,0,100.0004000016,39963.7821963854,111293.251691497,963667.482272008,5101.04061228491,200.0016000128,
85.74074,20717.1538033492,4200.70571856072,916941.386245361,7202.07419736884,500.010000200004,0,36152.2037822616,121285.566716105,973594.205187238,6001.44034568296,0,
85.86698,22620.4488857928,3200.40965243551,944482.957588035,6401.6388195378,300.003600043201,200.0016000128,42171.0159909287,105644.552275977,960216.487437332,7102.01697282028,0,
85.99325,20917.487019148,3400.46246289495,891174.216533068,6001.44034568296,200.0016000128,300.003600043201,44579.3512452165,110889.688866032,986985.71755265,4200.70571856072,0,
86.11951,19415.0660912868,2700.2916314962,895036.025174118,6301.58800017604,400.006400102402,200.0016000128,37155.1382251261,108468.584284107,1070075.36154688,4200.70571856072,0,
86.24574,19515.221873061,4500.81014582625,913180.480119408,8803.09869073914,300.003600043201,400.006400102402,40967.0220480706,116036.086720649,1004069.11673539,3900.60849492521,0,
86.37191,23121.3641404658,2900.33643902693,920165.88906169,7001.96054895371,400.006400102402,200.0016000128,39261.5621294189,106148.797114199,945883.114834403,3700.5476810568,0,
86.49832,19214.7569333248,3100.38444767151,953501.056212969,4800.92177698118,400.006400102402,400.006400102402,37556.3345017526,111595.932323245,971759.347755624,5801.34591225164,0,
86.62454,19214.7569333248,3500.49006860961,968737.794693236,10304.2453490838,300.003600043201,200.0016000128,50702.6221071449,115935.15668325,959353.882065617,6001.44034568296,0,
86.75081,18513.7001381022,3300.43565750679,931995.933863038,8402.82334864514,400.006400102402,200.0016000128,37355.7347562563,122295.333684376,969924.749546046,5401.16665199683,0,
86.87711,19915.8530190031,5001.00020004001,962494.065050179,7202.07419736884,200.0016000128,300.003600043201,39963.7821963854,110385.253574714,990770.745259004,6001.44034568296,100.0004000016,
87.00339,21017.6548300572,2700.2916314962,928553.352665663,8703.02865397158,300.003600043201,200.0016000128,37957.5436361524,121588.488283291,1012510.97727963,5801.34591225164,0,
87.12961,22119.5536854579,2300.21161946899,896084.153636935,8803.09869073914,500.010000200004,100.0004000016,37556.3345017526,108367.715058191,974565.705261408,4900.9605882753,0,
87.25577,20616.9883984403,4000.64010241639,931457.970292922,7102.01697282028,200.0016000128,100.0004000016,44177.9298682877,112302.215507751,972514.845889486,5401.16665199683,0,
87.38209,19314.911111378,2200.1936170383,929306.339196814,7202.07419736884,300.003600043201,400.006400102402,39261.5621294189,118963.410713137,968845.695196387,4100.67251029169,100.0004000016,
87.50835,18713.9980705568,2800.31363512713,914577.260684062,9703.76506084361,400.006400102402,500.010000200004,35049.0686961746,105442.860012051,918875.991656195,5901.39272868397,0,
87.63464,18713.9980705568,3000.36004320518,892354.091406224,8602.95941803981,100.0004000016,200.0016000128,39361.8768704403,111696.82748867,942006.126464167,4200.70571856072,0,
87.76098,15509.6159618964,2000.16001280102,995007.250846246,6401.6388195378,100.0004000016,100.0004000016,38760.0004807442,102216.224466026,940283.392408005,5201.0818250196,0,
87.88727,17912.8255831175,3100.38444767151,876022.826230851,8002.56081946223,100.0004000016,400.006400102402,43074.0874303803,109477.321120084,965161.962916044,5701.29989637637,0,
88.01346,18814.1482394761,3000.36004320518,1146504.86125771,9303.46088745013,200.0016000128,0,35249.6314811254,105241.170988785,921885.951996815,6401.6388195378,100.0004000016,
88.13975,15409.4922472243,2300.21161946899,896752.754378623,9803.84310649775,400.006400102402,300.003600043201,32141.2693898966,113815.81326572,938668.537017593,5601.25468104855,100.0004000016,
88.26591,18914.2992102029,1500.09000540032,938991.492010791,7502.25067520256,600.014400345608,500.010000200004,33043.6175751993,112403.116348777,962912.49875378,4500.81014582625,0,
88.39209,17111.7044058136,1700.11560786133,908454.032184518,11805.5722300926,200.0016000128,100.0004000016,32642.5659059413,104031.1048987,1031687.85298969,5101.04061228491,0,
88.51832,16510.8971921468,1800.12960933187,877774.097383239,8703.02865397158,500.010000200004,300.003600043201,32141.2693898966,105140.327692376,891603.249499774,5001.00020004001,0,
88.64457,13307.0793662228,2200.1936170383,877024.100825167,7702.37233067785,300.003600043201,300.003600043201,33344.4147604609,109376.443789146,949869.005061262,5301.12383825371,0,
88.77088,14908.8856958747,1900.14441097523,893641.350280894,8302.75651516303,200.0016000128,100.0004000016,34948.7885087582,105745.399623213,1021336.06611996,4000.64010241639,0,
88.89715,14908.8856958747,3000.36004320518,835208.401508128,8903.16952835209,400.006400102402,200.0016000128,34146.5759295679,106854.773917794,917156.328140226,5301.12383825371,0,
89.0234,15509.6159618964,2500.2500250025,904910.32756241,8302.75651516303,100.0004000016,100.0004000016,36051.9147572504,102014.587282717,900186.89574864,5101.04061228491,0,
89.14972,15409.4922472243,3100.38444767151,925138.489880229,7602.31110257518,200.0016000128,300.003600043201,36753.9548056547,111696.82748867,956874.210911024,4100.67251029169,0,
89.2759,15309.3693340324,2200.1936170383,906950.523942167,8502.8909829342,500.010000200004,300.003600043201,34547.6757925938,128153.583274701,892139.560703603,5001.00020004001,0,
89.40218,13707.5117164206,2000.16001280102,939529.768204362,8602.95941803981,100.0004000016,400.006400102402,39261.5621294189,116036.086720649,919520.924310852,4000.64010241639,0,
89.52838,15709.8657957197,2300.21161946899,952670.633618882,9803.84310649775,400.006400102402,100.0004000016,38057.8479288519,110183.485132763,917156.328140226,4800.92177698118,100.0004000016,
89.65461,14208.0701838644,2300.21161946899,913180.480119408,9703.76506084361,100.0004000016,100.0004000016,34948.7885087582,108972.942570757,853639.846261218,4000.64010241639,0,
89.78083,16110.3750815525,2300.21161946899,894008.843905271,8002.56081946223,600.014400345608,400.006400102402,34246.8496903764,112201.315477554,893855.905870655,5301.12383825371,0,
89.90699,16510.8971921468,1500.09000540032,822756.543118145,9903.92195309342,500.010000200004,400.006400102402,33143.8825004306,100905.640675516,911031.880933626,3800.57768780855,0,
90.03321,16010.246557797,2000.16001280102,907272.689589422,6001.44034568296,1100.04840212969,0,42973.74294289,106753.917657881,909205.851749597,3900.60849492521,0,
90.15944,18713.9980705568,2400.23042212052,1170716.80812712,7202.07419736884,300.003600043201,200.0016000128,37556.3345017526,101510.508496359,910279.955392862,5001.00020004001,0,
90.28567,16911.4321281186,2200.1936170383,922316.003401008,8903.16952835209,500.010000200004,200.0016000128,45482.5963950534,102619.508550956,869526.525577718,3900.60849492521,0,
90.41199,12906.6598364756,2700.2916314962,908131.837155992,8703.02865397158,500.010000200004,300.003600043201,33043.6175751993,99494.3957848913,937901.001067086,4700.88376614804,0,
90.53826,18613.8487034354,2300.21161946899,895465.186136604,7402.19104855037,100.0004000016,100.0004000016,29935.8032206519,99494.3957848913,826659.724460533,4600.84655576626,0,
90.66445,16611.0297237366,3900.60849492521,957736.651493504,7702.37233067785,200.0016000128,300.003600043201,38258.4589252378,108670.325167324,888493.082594648,5001.00020004001,0,
90.79068,14808.7667899396,2300.21161946899,903001.852742481,6101.48876325823,200.0016000128,300.003600043201,32442.0448901777,98385.6718335877,849411.66739045,4100.67251029169,0,
90.91697,15309.3693340324,3200.40965243551,886399.37488917,8903.16952835209,0,100.0004000016,44077.5765347011,103022.805594158,855827.903609474,4000.64010241639,200.0016000128,
91.04318,12506.2531265633,3000.36004320518,968719.994245171,7001.96054895371,100.0004000016,100.0004000016,35851.3391176164,119468.190715041,846418.513479424,4000.64010241639,0,
91.16941,13106.8679988314,3300.43565750679,944806.05738576,7802.43435952017,300.003600043201,100.0004000016,39462.1924152464,103930.271323278,885031.256875169,3000.36004320518,0,
91.29571,16010.246557797,3300.43565750679,913180.480119408,6301.58800017604,100.0004000016,200.0016000128,34447.3996218797,107056.488868535,858502.2755482,5301.12383825371,0,
91.42198,16711.163056922,3300.43565750679,927905.569522448,7102.01697282028,400.006400102402,500.010000200004,33143.8825004306,94858.5653771255,858502.2755482,5401.16665199683,100.0004000016,
91.54821,15609.7404780583,2600.27042812453,980288.235709802,7902.49718911176,400.006400102402,0,37355.7347562563,97478.6069092355,837763.64854027,4300.73972723308,0,
91.67442,16510.8971921468,2900.33643902693,914254.913342732,6401.6388195378,200.0016000128,300.003600043201,39161.2481921726,112302.215507751,800326.116122108,3900.60849492521,0,
91.80077,16811.2971917128,1900.14441097523,970248.483337488,7602.31110257518,300.003600043201,100.0004000016,34246.8496903764,97478.6069092355,812260.204102704,4200.70571856072,0,
91.92701,14508.4148806308,1800.12960933187,950042.206660196,7001.96054895371,300.003600043201,400.006400102402,36954.5449082846,94354.7739500522,797983.216864038,5301.12383825371,0,
92.05333,14608.5313823273,3500.49006860961,917478.747667427,6101.48876325823,200.0016000128,0,31940.756405173,93548.7497390271,810981.023766751,3700.5476810568,0,
92.17961,17211.841747122,1500.09000540032,1015760.34816289,7202.07419736884,400.006400102402,100.0004000016,41870.0066511207,95866.208918067,814392.453110738,4400.77453631839,0,
92.30585,17912.8255831175,2700.2916314962,926509.752515908,6301.58800017604,300.003600043201,300.003600043201,41167.6796653699,98385.6718335877,806398.335177631,4000.64010241639,0,
92.43206,17311.9798900839,2200.1936170383,1000391.04588133,6601.74286011507,400.006400102402,400.006400102402,33645.2191745706,97680.1712264132,844552.858978232,3300.43565750679,0,
92.55827,15009.0054032419,3300.43565750679,934901.322887447,6301.58800017604,100.0004000016,500.010000200004,38960.6227289663,93851.0027502861,747183.258151558,4100.67251029169,0,
92.68452,15209.2472223112,2200.1936170383,880173.445694179,6001.44034568296,300.003600043201,400.006400102402,35550.4816839913,101812.953338742,816951.616967314,3100.38444767151,300.003600043201,
92.81081,17211.841747122,3200.40965243551,962049.714209757,6801.85010322808,300.003600043201,200.0016000128,34246.8496903764,95160.8499429838,794576.122889488,3800.57768780855,100.0004000016,
92.9371,18413.5523745477,2700.2916314962,945344.574932231,4600.84655576626,300.003600043201,100.0004000016,34647.952766629,90526.6200451228,813539.511236117,4800.92177698118,100.0004000016,
93.06343,20516.8237955123,2900.33643902693,978776.378849535,6101.48876325823,300.003600043201,200.0016000128,39361.8768704403,91735.3845659732,801178.18500064,3500.49006860961,0,
93.18966,17812.6826300326,2800.31363512713,942006.126464167,7702.37233067785,200.0016000128,100.0004000016,36453.0756781874,90828.8002569301,788403.058298295,3000.36004320518,0,
93.31593,21518.505915087,2700.2916314962,936515.709228835,7102.01697282028,200.0016000128,200.0016000128,32341.7855869784,90123.7244181099,812260.204102704,5301.12383825371,100.0004000016,
93.44221,18213.259252736,2200.1936170383,897467.693458044,6001.44034568296,100.0004000016,100.0004000016,36252.4936107484,96470.8338854557,832317.262187687,4000.64010241639,100.0004000016,
93.56841,18814.1482394761,2500.2500250025,963877.604871288,6401.6388195378,300.003600043201,300.003600043201,34347.1242544771,86699.6339348789,784147.49357459,4300.73972723308,0,
93.6946,18213.259252736,2900.33643902693,849043.79971922,5301.12383825371,800.025600819226,200.0016000128,33946.0308177889,92541.2922859506,931292.283043096,4700.88376614804,0,
93.82088,18513.7001381022,2700.2916314962,1000823.70609501,6001.44034568296,400.006400102402,300.003600043201,36854.249455198,95463.1417913744,788190.246700143,4400.77453631839,0,
93.94719,14107.9568876847,2500.2500250025,1025075.68092008,6101.48876325823,300.003600043201,500.010000200004,36553.3679171591,94657.0463789414,786700.663852822,3600.51847466035,0,
94.07345,17412.118834709,3500.49006860961,936623.342131036,5801.34591225164,300.003600043201,200.0016000128,37456.0342272039,93548.7497390271,786700.663852822,3700.5476810568,0,
94.19971,16310.634533716,2500.2500250025,966579.972911664,6901.90492575951,500.010000200004,400.006400102402,31138.7365883159,87001.7219717982,768732.83802393,3400.46246289495,0,
94.32602,15809.9919148902,2500.2500250025,939206.799807427,5201.0818250196,700.019600548815,100.0004000016,37456.0342272039,91030.2577752084,769157.822691702,4600.84655576626,0,
94.45222,16510.8971921468,2400.23042212052,938668.537017593,6001.44034568296,300.003600043201,200.0016000128,32442.0448901777,85289.9859522376,780744.052897962,3600.51847466035,100.0004000016,
94.57856,16010.246557797,2000.16001280102,925830.259790784,4900.9605882753,200.0016000128,400.006400102402,33845.7594667991,90123.7244181099,850908.504328476,3000.36004320518,0,
94.70486,15409.4922472243,2700.2916314962,971487.073887389,4900.9605882753,300.003600043201,0,31439.4879969241,95060.0876118738,751002.229006753,3500.49006860961,100.0004000016,
94.83111,13607.4024269202,3000.36004320518,920595.883394644,5501.21026625858,200.0016000128,300.003600043201,32642.5659059413,88814.4029865725,774896.488015704,2600.27042812453,0,
94.9573,17912.8255831175,2700.2916314962,1004069.11673539,5001.00020004001,400.006400102402,100.0004000016,34447.3996218797,88310.854206808,760236.087411694,3500.49006860961,0,
95.08353,17011.567866149,3300.43565750679,869796.897035859,3900.60849492521,100.0004000016,400.006400102402,32041.0124959949,78042.8694096027,745592.354588894,4200.70571856072,0,
95.20969,15109.1259120509,2300.21161946899,959569.528034258,4800.92177698118,100.0004000016,0,31038.4877247787,86397.5531731283,765014.820036525,2700.2916314962,100.0004000016,
95.336,14808.7667899396,1700.11560786133,947822.043608948,4600.84655576626,100.0004000016,300.003600043201,31539.7400724913,90828.8002569301,806078.673443687,3800.57768780855,0,
95.4622,17712.5404786589,3600.51847466035,962804.647549734,5201.0818250196,300.003600043201,300.003600043201,35249.6314811254,87908.0297361956,763740.317986388,3600.51847466035,0,
95.58839,13707.5117164206,1900.14441097523,929980.879254112,4900.9605882753,100.0004000016,200.0016000128,32642.5659059413,91433.1825170923,767139.270357071,4200.70571856072,0,
95.71469,15009.0054032419,3900.60849492521,929951.79103363,6501.69043951427,200.0016000128,200.0016000128,31539.7400724913,94052.5088029936,778723.685078862,3500.49006860961,0,
95.84091,16510.8971921468,2500.2500250025,965932.696302451,5301.12383825371,700.019600548815,100.0004000016,34848.5091247016,85491.3545362596,806078.673443687,3000.36004320518,0,
95.96719,18613.8487034354,3000.36004320518,928338.221689366,4400.77453631839,700.019600548815,200.0016000128,30737.7459520291,90828.8002569301,743789.568204566,2800.31363512713,0,
96.0935,15709.8657957197,3100.38444767151,893855.905870655,5001.00020004001,200.0016000128,400.006400102402,29434.6151073663,91533.9157245632,730541.535269368,3300.43565750679,0,
96.21983,16110.3750815525,2600.27042812453,995699.020756801,4000.64010241639,500.010000200004,200.0016000128,30737.7459520291,96269.2889925755,767776.673771702,3600.51847466035,100.0004000016,
96.34615,17912.8255831175,3100.38444767151,972191.055592956,5101.04061228491,400.006400102402,400.006400102402,31840.5011174214,92541.2922859506,772451.929222662,3300.43565750679,0,
96.47243,15809.9919148902,2600.27042812453,973702.146051166,4700.88376614804,200.0016000128,200.0016000128,32341.7855869784,103325.286880801,797770.247122001,4300.73972723308,100.0004000016,
96.59873,17111.7044058136,2700.2916314962,1021986.27735788,5501.21026625858,200.0016000128,400.006400102402,32843.0901342561,83779.8246142115,778404.70858029,2800.31363512713,0,
96.72498,16611.0297237366,2900.33643902693,991548.401293473,6001.44034568296,400.006400102402,0,33745.4889190629,92642.0343909715,784892.116011387,4600.84655576626,0,
96.85129,15409.4922472243,2400.23042212052,917693.698475625,4600.84655576626,500.010000200004,300.003600043201,31439.4879969241,82773.1513996187,811407.403124626,3000.36004320518,0,
96.97761,14908.8856958747,1400.07840439065,873488.988243087,4700.88376614804,800.025600819226,200.0016000128,28231.8455217485,85592.0400406186,779467.994274896,3500.49006860961,0,
97.10382,15309.3693340324,2200.1936170383,903192.516671295,3600.51847466035,500.010000200004,0,32843.0901342561,90728.0727109227,772345.654576344,2800.31363512713,0,
97.23013,16611.0297237366,3000.36004320518,912965.604165976,5401.16665199683,100.0004000016,500.010000200004,35951.6265357053,91130.9877474989,803628.196553461,3100.38444767151,0,
97.35637,15609.7404780583,2700.2916314962,956268.135855187,4900.9605882753,200.0016000128,400.006400102402,35650.7666917691,97982.523772809,779255.330118832,2600.27042812453,0,
97.48265,16711.163056922,2500.2500250025,898040.450667341,5601.25468104855,300.003600043201,600.014400345608,30336.7681630136,91634.6497408536,743577.492287224,2900.33643902693,0,
97.60888,15409.4922472243,1300.06760351538,870276.087586407,4900.9605882753,500.010000200004,300.003600043201,32742.827618525,88713.6916135455,751214.42727239,3700.5476810568,100.0004000016,
97.73512,15109.1259120509,3200.40965243551,915329.435667786,4900.9605882753,100.0004000016,500.010000200004,35049.0686961746,96974.7102805239,809382.226627024,2600.27042812453,0,
97.86144,17011.567866149,3300.43565750679,896323.550738149,5301.12383825371,300.003600043201,200.0016000128,36753.9548056547,92138.3319549385,824418.74398291,3500.49006860961,0,
97.98764,16210.5044068556,2800.31363512713,944806.05738576,4900.9605882753,300.003600043201,300.003600043201,32642.5659059413,93951.7553721132,779680.661939704,2900.33643902693,100.0004000016,
98.11389,18113.1138944596,3200.40965243551,1000541.41013068,3100.38444767151,500.010000200004,200.0016000128,32742.827618525,90526.6200451228,733856.832076405,3400.46246289495,0,
98.2401,15509.6159618964,2800.31363512713,855961.498824767,4900.9605882753,300.003600043201,100.0004000016,33845.7594667991,91936.856642739,849625.490625892,4600.84655576626,0,
98.36634,16811.2971917128,2800.31363512713,927213.799611893,6601.74286011507,400.006400102402,300.003600043201,34547.6757925938,90023.0025330887,797024.880714557,3200.40965243551,0,
98.49261,16711.163056922,2400.23042212052,926522.029701339,5501.21026625858,600.014400345608,200.0016000128,42672.714305176,113513.079117612,797465.743057305,3800.57768780855,0,
98.61888,14608.5313823273,2900.33643902693,872739.240045205,5501.21026625858,0,200.0016000128,31539.7400724913,107359.067372083,806291.780386392,3300.43565750679,0,
98.74516,15309.3693340324,3400.46246289495,851119.109450884,4300.73972723308,0,200.0016000128,32642.5659059413,95563.9073592239,798302.678070204,2500.2500250025,0,
98.87139,13106.8679988314,2800.31363512713,898577.028583741,4700.88376614804,600.014400345608,200.0016000128,31439.4879969241,95463.1417913744,775161.31972634,3400.46246289495,0,
98.99768,18012.9693379233,2700.2916314962,938973.888091322,4900.9605882753,300.003600043201,0,32241.5270868879,90929.5286116888,791382.78951343,3100.38444767151,0,
99.12398,15809.9919148902,2700.2916314962,936300.446104368,5001.00020004001,100.0004000016,500.010000200004,34647.952766629,94052.5088029936,834025.685221697,3200.40965243551,0,
99.25021,16911.4321281186,3400.46246289495,911994.861579691,6501.69043951427,400.006400102402,100.0004000016,34647.952766629,95463.1417913744,828047.193007831,3600.51847466035,0,
99.37654,13307.0793662228,2700.2916314962,837283.711239792,3700.5476810568,300.003600043201,100.0004000016,35751.0525029742,113613.989689355,786913.450866647,3300.43565750679,0,
99.50282,12906.6598364756,2200.1936170383,951425.746481305,5601.25468104855,300.003600043201,500.010000200004,33444.6820952793,98284.883604194,868455.798052209,3100.38444767151,0,
99.6291,15409.4922472243,2200.1936170383,900926.543010817,4600.84655576626,300.003600043201,200.0016000128,32642.5659059413,101510.508496359,819404.625184867,2700.2916314962,0,
99.75538,13807.6218072376,2100.17641481884,880881.689172681,6301.58800017604,300.003600043201,200.0016000128,32742.827618525,89922.281456741,792447.146117308,3700.5476810568,0,
99.8817,14007.84439286,2200.1936170383,866314.60888063,4500.81014582625,500.010000200004,200.0016000128,32341.7855869784,134722.110512346,865886.413581039,2700.2916314962,0,
100.00796,14708.648685427,1500.09000540032,890549.994352498,5201.0818250196,200.0016000128,200.0016000128,38158.1530252104,92944.2655596329,760291.704172363,3900.60849492521,0,
100.13417,13807.6218072376,1900.14441097523,886884.668751424,5001.00020004001,900.032401166442,100.0004000016,37756.9374616922,101107.260043455,823778.535275282,3700.5476810568,0,
100.2604,14408.2991803279,2400.23042212052,929289.109343557,5701.29989637637,300.003600043201,200.0016000128,36152.2037822616,88109.4403545251,801817.273594214,2900.33643902693,0,
100.38668,15709.8657957197,2100.17641481884,889029.264958681,5501.21026625858,200.0016000128,200.0016000128,30236.5257230735,89720.8417300266,785424.015512511,3000.36004320518,0,
100.51289,14107.9568876847,1900.14441097523,897467.693458044,4200.70571856072,300.003600043201,400.006400102402,38358.7656289435,89720.8417300266,803521.66463679,4200.70571856072,0,
100.63907,14508.4148806308,2400.23042212052,894008.843905271,3500.49006860961,300.003600043201,200.0016000128,34748.2305439951,95866.208918067,805545.921485078,3100.38444767151,0,
100.76536,12706.4548790786,1700.11560786133,934131.498717439,5801.34591225164,200.0016000128,100.0004000016,30837.992406645,93750.2509375025,800539.12806562,2600.27042812453,200.0016000128,
100.8916,13006.7635170289,2200.1936170383,889779.957582184,4500.81014582625,100.0004000016,0,33244.1482288479,101107.260043455,837118.051201244,1100.04840212969,100.0004000016,
101.01793,14408.2991803279,1300.06760351538,882060.626138811,4200.70571856072,300.003600043201,300.003600043201,31539.7400724913,90929.5286116888,821111.340632101,3600.51847466035,0,
101.14415,14208.0701838644,1700.11560786133,913378.401400801,4900.9605882753,100.0004000016,200.0016000128,33645.2191745706,92843.5210278029,784892.116011387,2700.2916314962,0,
101.2705,10604.4963064339,2600.27042812453,903729.308101029,4700.88376614804,600.014400345608,200.0016000128,35851.3391176164,92239.0708243503,886683.436381166,2600.27042812453,0,
101.39674,11605.3848985929,2000.16001280102,886348.575215374,4700.88376614804,600.014400345608,400.006400102402,27129.408278574,96370.061034372,817911.434236616,2900.33643902693,0,
101.52304,12706.4548790786,1800.12960933187,884418.822321066,5501.21026625858,600.014400345608,300.003600043201,32241.5270868879,93145.7570501702,799367.605901244,2600.27042812453,0,
101.64935,11805.5722300926,1700.11560786133,889166.454531389,4000.64010241639,300.003600043201,100.0004000016,34547.6757925938,107258.207060563,794043.845747491,3300.43565750679,0,
101.77558,14208.0701838644,1600.10240655402,860642.171466402,3200.40965243551,400.006400102402,0,29935.8032206519,92541.2922859506,794789.039897316,2300.21161946899,0,
101.90187,9803.84310649775,2300.21161946899,906735.751295337,4600.84655576626,500.010000200004,500.010000200004,32542.3049964954,109578.199261578,824098.635661221,3300.43565750679,0,
102.02812,13006.7635170289,2100.17641481884,903944.030902369,4200.70571856072,500.010000200004,300.003600043201,33244.1482288479,98587.2507208314,790744.217715146,2800.31363512713,0,
102.15433,10804.6676164103,2400.23042212052,928338.221689366,4100.67251029169,500.010000200004,300.003600043201,34146.5759295679,98889.6251229846,827833.726605148,3200.40965243551,0,
102.28065,14408.2991803279,1300.06760351538,888474.684620834,4800.92177698118,100.0004000016,500.010000200004,36152.2037822616,85289.9859522376,967640.23217504,2000.16001280102,0,
102.40695,13807.6218072376,2500.2500250025,907487.471139059,4800.92177698118,800.025600819226,300.003600043201,38057.8479288519,102115.40546945,828031.063918258,2300.21161946899,0,
102.53322,10304.2453490838,2100.17641481884,889994.44918519,5001.00020004001,400.006400102402,100.0004000016,31238.986254846,92944.2655596329,790850.644152286,2600.27042812453,0,
102.6595,11905.6670975384,1600.10240655402,870704.428236736,4400.77453631839,700.019600548815,0,32642.5659059413,93145.7570501702,811727.196887725,3800.57768780855,0,
102.78578,10704.5815609081,1600.10240655402,878952.751243225,5101.04061228491,500.010000200004,300.003600043201,34948.7885087582,97176.2665039031,838618.192040879,2300.21161946899,0,
102.91204,14107.9568876847,2100.17641481884,923928.823261023,6201.53798141939,400.006400102402,100.0004000016,33745.4889190629,91836.1201999318,844067.235925321,2900.33643902693,0,
103.03833,14007.84439286,1500.09000540032,929198.76701474,5001.00020004001,600.014400345608,500.010000200004,35149.3496869605,103526.945121682,789680.001650539,2300.21161946899,0,
103.16461,13907.7326993809,2600.27042812453,1163799.10902158,5101.04061228491,300.003600043201,400.006400102402,29434.6151073663,89720.8417300266,780318.685987469,2500.2500250025,0,
103.29084,13006.7635170289,2400.23042212052,876809.824079096,5501.21026625858,300.003600043201,100.0004000016,33946.0308177889,128254.611537286,818764.66505833,3200.40965243551,0,
103.41714,14508.4148806308,3400.46246289495,935515.038538549,6001.44034568296,200.0016000128,300.003600043201,32843.0901342561,110183.485132763,797131.35899288,2800.31363512713,0,
103.54344,12205.9565067753,1700.11560786133,933502.350612653,6001.44034568296,300.003600043201,400.006400102402,38158.1530252104,98184.0961842729,792447.146117308,2300.21161946899,0,
103.66975,14608.5313823273,1600.10240655402,1084937.33921835,6501.69043951427,300.003600043201,100.0004000016,36051.9147572504,93347.251776609,841502.693718241,2400.23042212052,100.0004000016,
103.7961,16210.5044068556,2400.23042212052,947714.317741179,5701.29989637637,800.025600819226,200.0016000128,34447.3996218797,92944.2655596329,779574.327668702,2900.33643902693,100.0004000016,
103.92239,12205.9565067753,1700.11560786133,954933.92912019,6301.58800017604,500.010000200004,200.0016000128,32542.3049964954,97680.1712264132,770220.345692044,2800.31363512713,0,
104.04867,13807.6218072376,2700.2916314962,943621.397468733,5001.00020004001,500.010000200004,100.0004000016,36152.2037822616,98486.4608724635,778936.340463443,2600.27042812453,100.0004000016,
104.17494,11505.2924345199,2300.21161946899,910817.040611578,4900.9605882753,200.0016000128,100.0004000016,35349.9140786791,87303.8172841488,782977.459489786,3100.38444767151,200.0016000128,
104.30112,19515.221873061,2600.27042812453,959569.528034258,4500.81014582625,300.003600043201,100.0004000016,36653.6609596449,113412.169356815,826126.122403441,3100.38444767151,100.0004000016,
104.42732,16310.634533716,2800.31363512713,1118834.06483552,5301.12383825371,800.025600819226,300.003600043201,35349.9140786791,86095.4796862833,766074.332443354,2500.2500250025,0,
104.55349,19415.0660912868,2400.23042212052,894700.613815826,5401.16665199683,100.0004000016,300.003600043201,35450.1974796312,92944.2655596329,791063.499661621,3500.49006860961,0,
104.67978,16811.2971917128,2900.33643902693,904373.487184588,4600.84655576626,700.019600548815,300.003600043201,33344.4147604609,87807.3256397391,806718.004831018,4200.70571856072,0,
104.80607,13707.5117164206,2700.2916314962,916726.447915673,4300.73972723308,300.003600043201,500.010000200004,39863.462632511,96470.8338854557,793937.39295516,2900.33643902693,200.0016000128,
104.93234,16010.246557797,3900.60849492521,956982.012849744,6101.48876325823,300.003600043201,400.006400102402,44378.6389482162,97176.2665039031,774790.193207827,3300.43565750679,300.003600043201,
105.05855,17812.6826300326,2800.31363512713,952809.286302414,4500.81014582625,400.006400102402,200.0016000128,39261.5621294189,96571.6075458364,792553.586609332,2700.2916314962,0,
105.18478,17211.841747122,2200.1936170383,951161.98922923,3900.60849492521,200.0016000128,100.0004000016,50903.435781508,88713.6916135455,779361.661758276,2600.27042812453,300.003600043201,
105.31108,18914.2992102029,2700.2916314962,927585.291384575,5501.21026625858,600.014400345608,500.010000200004,40064.1025641026,88310.854206808,738170.736729399,3100.38444767151,0,
105.43729,19515.221873061,4100.67251029169,927585.291384575,4400.77453631839,100.0004000016,400.006400102402,37857.2401471024,92440.5509898466,760873.149338873,1900.14441097523,100.0004000016,
105.56354,19114.6035571176,2800.31363512713,992605.623552212,4600.84655576626,300.003600043201,200.0016000128,46084.7960246854,93145.7570501702,741562.945329039,2100.17641481884,0,
105.68985,16611.0297237366,2100.17641481884,943082.951451152,5301.12383825371,400.006400102402,400.006400102402,37155.1382251261,94354.7739500522,771601.756592376,3700.5476810568,0,
105.81609,19214.7569333248,3300.43565750679,936192.81588208,5601.25468104855,500.010000200004,700.019600548815,36252.4936107484,94556.2880935365,777235.195618282,4200.70571856072,200.0016000128,
105.94234,19415.0660912868,2900.33643902693,947283.423214723,5101.04061228491,500.010000200004,600.014400345608,37255.4360889003,86498.2459520426,773727.293346255,6101.48876325823,100.0004000016,
106.0686,18012.9693379233,3800.57768780855,925111.685381141,4500.81014582625,300.003600043201,200.0016000128,37456.0342272039,87102.4196008542,744956.048211035,3200.40965243551,300.003600043201,
106.19487,20416.6599945556,2500.2500250025,969708.931502296,5501.21026625858,400.006400102402,300.003600043201,39562.5087638469,98184.0961842729,805726.640587293,4600.84655576626,100.0004000016,
106.32115,19014.4509827469,2200.1936170383,953209.47769685,6001.44034568296,600.014400345608,100.0004000016,43977.2240053534,89720.8417300266,768626.594047241,3000.36004320518,0,
106.44735,19415.0660912868,3000.36004320518,953101.707091218,4500.81014582625,100.0004000016,300.003600043201,40967.0220480706,94354.7739500522,817164.903526418,3100.38444767151,0,
106.57355,18213.259252736,3800.57768780855,998660.549008515,5901.39272868397,600.014400345608,300.003600043201,45783.6925900546,94858.5653771255,826378.88441226,2900.33643902693,100.0004000016,
106.69984,20817.3200102485,4500.81014582625,997687.245742619,4500.81014582625,600.014400345608,200.0016000128,36553.3679171591,94757.8054734678,769370.32028235,3400.46246289495,0,
106.82606,19415.0660912868,3700.5476810568,979208.31999734,5601.25468104855,500.010000200004,200.0016000128,41067.3504547458,88310.854206808,783296.54916359,3000.36004320518,100.0004000016,
106.95231,22520.2682414173,3900.60849492521,979856.258651292,5701.29989637637,300.003600043201,400.006400102402,37556.3345017526,87505.2182010854,781169.433845519,3000.36004320518,200.0016000128,
107.07861,21418.3340939844,3300.43565750679,986553.517747777,4400.77453631839,900.032401166442,300.003600043201,45081.1460629132,87203.1180383011,745804.463704595,3900.60849492521,0,
107.20488,20917.487019148,4300.73972723308,954071.674764337,4600.84655576626,400.006400102402,300.003600043201,39462.1924152464,90425.8949253108,774335.229973341,3900.60849492521,0,
107.3311,22119.5536854579,2400.23042212052,1109841.05599831,3100.38444767151,800.025600819226,200.0016000128,41669.3377780627,95160.8499429838,763527.913236682,2700.2916314962,0,
107.45747,19615.3784567101,3600.51847466035,949869.005061262,3900.60849492521,400.006400102402,400.006400102402,41268.0096799526,89720.8417300266,765014.820036525,3200.40965243551,0,
107.58378,18413.5523745477,2900.33643902693,903192.516671295,6201.53798141939,400.006400102402,200.0016000128,36252.4936107484,87102.4196008542,751638.834295415,2300.21161946899,0,
107.71001,19114.6035571176,2200.1936170383,971543.499218776,4800.92177698118,700.019600548815,700.019600548815,37255.4360889003,95362.3770327244,777022.568298799,3100.38444767151,0,
107.83631,20216.3347985172,3300.43565750679,925434.302875442,4700.88376614804,800.025600819226,500.010000200004,40064.1025641026,87203.1180383011,722069.947568133,3300.43565750679,0,
107.96256,17211.841747122,3500.49006860961,1071793.71091781,4800.92177698118,400.006400102402,100.0004000016,34848.5091247016,92642.0343909715,795813.563551308,2500.2500250025,100.0004000016,
108.08876,20516.8237955123,2300.21161946899,901367.592208869,5301.12383825371,400.006400102402,200.0016000128,39462.1924152464,85491.3545362596,765864.558125729,3100.38444767151,200.0016000128,
108.21508,17512.2585810067,4900.9605882753,962373.251693785,5101.04061228491,600.014400345608,500.010000200004,40365.0684904065,90828.8002569301,753336.602290193,2700.2916314962,100.0004000016,
108.34139,19915.8530190031,3100.38444767151,1043431.14458507,3700.5476810568,300.003600043201,300.003600043201,39462.1924152464,90224.4471118141,761616.42807975,3300.43565750679,0,
108.46776,25926.8602271954,4200.70571856072,974254.153529608,4800.92177698118,200.0016000128,500.010000200004,36753.9548056547,86296.8612025367,765014.820036525,3500.49006860961,100.0004000016,
108.59399,18513.7001381022,2700.2916314962,914254.913342732,4400.77453631839,100.0004000016,200.0016000128,34748.2305439951,87505.2182010854,763421.712175175,3900.60849492521,0,
108.72022,23221.549598027,3100.38444767151,926079.56195296,4700.88376614804,100.0004000016,200.0016000128,39060.9350586916,91332.4501184311,767989.14858441,2700.2916314962,0,
108.84645,17612.3991289868,3200.40965243551,949653.520226198,5101.04061228491,600.014400345608,200.0016000128,38659.6905622281,91634.6497408536,791276.358684439,2700.2916314962,0,
108.97276,22019.3770518056,2900.33643902693,947391.145504666,4000.64010241639,200.0016000128,600.014400345608,38258.4589252378,88713.6916135455,775534.275274458,3200.40965243551,100.0004000016,
109.09906,18113.1138944596,2400.23042212052,917156.328140226,5301.12383825371,100.0004000016,400.006400102402,39462.1924152464,199907.343620413,727046.32926503,2000.16001280102,200.0016000128,
109.22529,19114.6035571176,3000.36004320518,943124.507554649,4100.67251029169,100.0004000016,200.0016000128,37556.3345017526,87203.1180383011,728423.115238636,3000.36004320518,0,
109.35152,18413.5523745477,3800.57768780855,968028.224334616,5201.0818250196,600.014400345608,300.003600043201,44278.2840061228,80357.4653188817,774896.488015704,4100.67251029169,100.0004000016,
109.47773,28231.8455217485,3600.51847466035,918875.991656195,5401.16665199683,300.003600043201,100.0004000016,38358.7656289435,91836.1201999318,775534.275274458,4200.70571856072,100.0004000016,
109.60388,19815.6940296715,3000.36004320518,940714.054471349,3900.60849492521,400.006400102402,600.014400345608,39963.7821963854,87001.7219717982,810448.069378484,3800.57768780855,0,
109.7302,20516.8237955123,2800.31363512713,955904.033755134,4400.77453631839,400.006400102402,500.010000200004,37556.3345017526,84685.8995970396,781169.433845519,2200.1936170383,0,
109.85643,18113.1138944596,3300.43565750679,901618.312921372,3800.57768780855,500.010000200004,200.0016000128,37355.7347562563,87605.9198721937,789892.83783728,2900.33643902693,0,
109.98272,21718.8519635043,3200.40965243551,904695.588741198,3900.60849492521,0,300.003600043201,39562.5087638469,90425.8949253108,708209.762538408,2600.27042812453,300.003600043201,
110.10903,20116.1734034163,2500.2500250025,912106.135986733,5501.21026625858,300.003600043201,200.0016000128,40666.0416516423,101006.449954617,809857.089352286,3600.51847466035,0,
110.23535,19515.221873061,2300.21161946899,970356.396394899,4400.77453631839,200.0016000128,200.0016000128,47088.5264296878,92239.0708243503,742411.137196754,2900.33643902693,0,
110.36166,21618.6785382571,3000.36004320518,882918.102305857,4800.92177698118,300.003600043201,0,36753.9548056547,88008.734641121,751532.731228163,2600.27042812453,0,
110.48795,16911.4321281186,3600.51847466035,831783.426327754,4500.81014582625,700.019600548815,0,35450.1974796312,85994.790140602,726199.149594761,2400.23042212052,0,
110.61424,17812.6826300326,4000.64010241639,893104.976861921,4500.81014582625,400.006400102402,100.0004000016,38057.8479288519,90224.4471118141,795001.960420149,3400.46246289495,0,
110.74053,15709.8657957197,2100.17641481884,891710.50996313,4300.73972723308,600.014400345608,400.006400102402,35951.6265357053,86397.5531731283,780425.026399155,2700.2916314962,100.0004000016,
110.8668,15109.1259120509,3500.49006860961,904373.487184588,4100.67251029169,500.010000200004,0,39562.5087638469,84484.5439440034,756626.664908348,2900.33643902693,100.0004000016,
110.99302,16811.2971917128,2600.27042812453,869419.448836497,4600.84655576626,400.006400102402,0,33043.6175751993,83779.8246142115,761085.5103168,2800.31363512713,0,
111.11915,16510.8971921468,2600.27042812453,898040.450667341,4200.70571856072,100.0004000016,300.003600043201,40666.0416516423,96873.9333828578,776384.707386481,3600.51847466035,100.0004000016,
111.24547,14007.84439286,2700.2916314962,874131.664141351,4100.67251029169,300.003600043201,400.006400102402,34647.952766629,77640.3745997609,747395.393481995,2200.1936170383,200.0016000128,
111.37178,15209.2472223112,2300.21161946899,871025.693033036,4300.73972723308,200.0016000128,300.003600043201,36954.5449082846,86800.3291388203,727999.473090571,2600.27042812453,0,
111.498,17412.118834709,2000.16001280102,888064.152694016,5501.21026625858,500.010000200004,200.0016000128,36152.2037822616,88814.4029865725,749410.853479672,3300.43565750679,0,
111.6243,14408.2991803279,2400.23042212052,899328.275021859,4000.64010241639,100.0004000016,100.0004000016,36051.9147572504,83779.8246142115,764165.137992869,3600.51847466035,100.0004000016,
111.75053,14808.7667899396,1500.09000540032,895392.38372638,3700.5476810568,500.010000200004,300.003600043201,35751.0525029742,93246.5040088971,754397.820971909,3000.36004320518,0,
111.87676,16010.246557797,3200.40965243551,891388.7312391,4300.73972723308,400.006400102402,400.006400102402,36954.5449082846,86095.4796862833,768414.108722093,2600.27042812453,0,
112.00306,17412.118834709,1900.14441097523,908239.234608433,3400.46246289495,300.003600043201,500.010000200004,37556.3345017526,91533.9157245632,752912.139304713,3800.57768780855,0,
112.12921,14908.8856958747,1900.14441097523,889565.469533159,5501.21026625858,100.0004000016,500.010000200004,35751.0525029742,90929.5286116888,817911.434236616,2600.27042812453,0,
112.25544,14007.84439286,2600.27042812453,937590.348270213,3800.57768780855,100.0004000016,700.019600548815,27830.9480141918,83377.145632081,716508.947263432,2500.2500250025,100.0004000016,
112.38178,13006.7635170289,2400.23042212052,843319.191869072,5001.00020004001,400.006400102402,200.0016000128,37155.1382251261,84283.191523519,766183.224359556,2600.27042812453,0,
112.50812,14408.2991803279,2000.16001280102,863852.679495138,6101.48876325823,400.006400102402,200.0016000128,34347.1242544771,88814.4029865725,739230.705872663,1700.11560786133,0,
112.63434,14107.9568876847,2600.27042812453,890637.945318973,4600.84655576626,300.003600043201,200.0016000128,38760.0004807442,90123.7244181099,736686.926586615,2100.17641481884,0,
112.76061,12306.0545788528,1300.06760351538,896645.452134712,5101.04061228491,200.0016000128,100.0004000016,31940.756405173,84887.2584827055,731812.754744946,1800.12960933187,200.0016000128,
112.88689,13307.0793662228,1900.14441097523,871668.246563208,3600.51847466035,800.025600819226,200.0016000128,36152.2037822616,93045.0109004188,805652.470117054,3200.40965243551,0,
113.01313,12005.7627661277,1600.10240655402,883990.027416322,3800.57768780855,400.006400102402,0,35650.7666917691,85994.790140602,717201.310137104,2900.33643902693,0,
113.13934,13507.2939387269,1900.14441097523,918661.021236714,5401.16665199683,700.019600548815,200.0016000128,33544.9502333126,88915.1151681559,918074.846995117,3000.36004320518,0,
113.26556,13407.186251831,2200.1936170383,916189.117688525,4300.73972723308,600.014400345608,300.003600043201,33344.4147604609,94455.5306172433,778404.70858029,2500.2500250025,0,
113.39187,12005.7627661277,1600.10240655402,828687.613387939,6001.44034568296,300.003600043201,100.0004000016,34347.1242544771,85592.0400406186,741774.988055816,2600.27042812453,0,
113.51819,12806.5569571621,2400.23042212052,906306.21668449,5201.0818250196,100.0004000016,100.0004000016,35650.7666917691,89922.281456741,731071.194786267,2900.33643902693,0,
113.64439,13507.2939387269,3000.36004320518,897825.825726279,4100.67251029169,300.003600043201,100.0004000016,34547.6757925938,84283.191523519,712757.641831571,2200.1936170383,100.0004000016,
113.77071,12005.7627661277,2000.16001280102,832424.032007407,5301.12383825371,400.006400102402,500.010000200004,28332.0719053969,84585.2213664477,706623.671481689,2900.33643902693,0,
113.89698,13507.2939387269,1600.10240655402,888600.317290685,5401.16665199683,200.0016000128,200.0016000128,35249.6314811254,84987.9391377989,707363.822952357,2600.27042812453,0,
114.02323,11205.0198488923,1400.07840439065,842571.191115117,5101.04061228491,400.006400102402,100.0004000016,34246.8496903764,94354.7739500522,744319.773285222,3100.38444767151,100.0004000016,
114.14955,12706.4548790786,2300.21161946899,880774.518410548,5601.25468104855,500.010000200004,200.0016000128,35951.6265357053,91735.3845659732,765970.779327859,2500.2500250025,0,
114.27578,14107.9568876847,1800.12960933187,919950.89724502,4200.70571856072,400.006400102402,100.0004000016,32843.0901342561,82471.1651911485,745380.248968125,2400.23042212052,0,
114.40207,19314.911111378,2400.23042212052,871346.965808428,4600.84655576626,100.0004000016,200.0016000128,33344.4147604609,84081.8423355086,734673.457875428,3000.36004320518,300.003600043201,
114.52833,10104.0820491479,1500.09000540032,849946.232111837,5701.29989637637,300.003600043201,0,36152.2037822616,83075.144879842,701549.495015956,2200.1936170383,0,
114.65453,11305.1099096792,1300.06760351538,863638.620826643,4900.9605882753,300.003600043201,500.010000200004,31840.5011174214,81766.5589822822,710536.383494247,2700.2916314962,0,
114.78085,11104.9305891816,2000.16001280102,865351.189392309,5401.16665199683,800.025600819226,100.0004000016,32943.3534531443,92138.3319549385,725881.471602743,2800.31363512713,0,
114.90705,11305.1099096792,2300.21161946899,875845.622634948,5701.29989637637,300.003600043201,0,33645.2191745706,80256.8218298555,729058.604620527,2800.31363512713,0,
115.03324,10604.4963064339,1400.07840439065,848352.029808666,5301.12383825371,100.0004000016,100.0004000016,31740.2466327303,84685.8995970396,727787.657248238,3300.43565750679,0,
115.15953,10004.0016006403,1500.09000540032,887099.112383146,5601.25468104855,600.014400345608,100.0004000016,31138.7365883159,92339.8105026498,753230.485232068,2700.2916314962,0,
115.28576,13206.9732818928,1200.05760276493,887099.112383146,5201.0818250196,200.0016000128,400.006400102402,37054.8411649241,81967.871002436,757813.434913367,2300.21161946899,0,
115.41198,13006.7635170289,1600.10240655402,864280.807462155,6601.74286011507,400.006400102402,100.0004000016,27730.7256440136,87807.3256397391,721646.514614011,2600.27042812453,0,
115.5382,12706.4548790786,2100.17641481884,899006.306926016,4700.88376614804,300.003600043201,500.010000200004,35049.0686961746,86296.8612025367,727469.940024122,2500.2500250025,0,
115.66435,12105.8592358702,1600.10240655402,945891.587196868,5501.21026625858,300.003600043201,200.0016000128,33244.1482288479,81967.871002436,896596.513417151,3200.40965243551,0,
115.79058,13307.0793662228,2200.1936170383,879381.37926751,6401.6388195378,400.006400102402,300.003600043201,29133.9118734207,81766.5589822822,745592.354588894,3000.36004320518,0,
115.91681,12306.0545788528,1400.07840439065,923821.295693327,5701.29989637637,400.006400102402,400.006400102402,29835.5639922788,85994.790140602,741244.887788765,2700.2916314962,0,
116.04305,17912.8255831175,1700.11560786133,890208.944342264,6401.6388195378,300.003600043201,200.0016000128,31439.4879969241,87404.517338407,704614.903741358,2900.33643902693,0,
116.16933,11205.0198488923,2600.27042812453,885383.662802497,5801.34591225164,300.003600043201,100.0004000016,32041.0124959949,88008.734641121,707363.822952357,2000.16001280102,100.0004000016,
116.29556,12906.6598364756,1100.04840212969,902441.046044179,7202.07419736884,100.0004000016,200.0016000128,31639.9929510902,82773.1513996187,726516.835432617,3100.38444767151,0,
116.42182,13206.9732818928,1900.14441097523,898362.394749055,7102.01697282028,200.0016000128,200.0016000128,30537.255451651,83779.8246142115,752806.025744565,2900.33643902693,0,
116.54805,9703.76506084361,2800.31363512713,901689.619017228,6101.48876325823,200.0016000128,400.006400102402,33645.2191745706,82370.5047375581,728900.293558412,2700.2916314962,0,
116.67431,11305.1099096792,1800.12960933187,940175.729126459,5901.39272868397,700.019600548815,100.0004000016,30036.0432519023,85491.3545362596,779574.327668702,2800.31363512713,0,
116.80049,12606.3536022155,1800.12960933187,929629.061098504,6101.48876325823,200.0016000128,200.0016000128,31038.4877247787,83779.8246142115,756414.377436557,3000.36004320518,0,
116.92677,13106.8679988314,1400.07840439065,893319.523562921,6001.44034568296,200.0016000128,200.0016000128,33143.8825004306,87001.7219717982,709901.808743012,3700.5476810568,0,
117.05297,12306.0545788528,1400.07840439065,931888.339363362,5901.39272868397,200.0016000128,0,30938.239664225,84383.8673296971,746016.576315313,2100.17641481884,0,
117.17929,12906.6598364756,2200.1936170383,920380.884444868,5301.12383825371,600.014400345608,100.0004000016,29935.8032206519,77439.1320397387,693378.434179468,2700.2916314962,0,
117.30553,12906.6598364756,2300.21161946899,949114.823795131,5601.25468104855,400.006400102402,200.0016000128,31038.4877247787,90023.0025330887,749198.684936925,2900.33643902693,0,
117.43176,10104.0820491479,2100.17641481884,941790.772193721,4800.92177698118,600.014400345608,300.003600043201,31840.5011174214,89015.8281583057,692552.344426469,1900.14441097523,0,
117.55802,13307.0793662228,1500.09000540032,921670.931645591,5901.39272868397,700.019600548815,200.0016000128,33344.4147604609,82068.5282243501,714027.104641691,3400.46246289495,0,
117.68427,12005.7627661277,1400.07840439065,929844.213495965,6901.90492575951,300.003600043201,300.003600043201,32141.2693898966,84786.578635789,701655.186594017,3600.51847466035,0,
117.81053,11104.9305891816,1500.09000540032,888493.082594648,5701.29989637637,100.0004000016,700.019600548815,31339.2367243789,78747.266416548,696688.621917425,2200.1936170383,0,
117.93674,12506.2531265633,1800.12960933187,924251.411316247,5901.39272868397,100.0004000016,200.0016000128,31138.7365883159,78344.7489958631,712017.179741399,3400.46246289495,0,
118.06295,10304.2453490838,2000.16001280102,896001.657344106,5401.16665199683,500.010000200004,0,28432.2990917683,83981.1689536568,698062.160528599,1400.07840439065,0,
118.18924,11705.4781637807,2400.23042212052,933394.743612086,6501.69043951427,400.006400102402,200.0016000128,28332.0719053969,93347.251776609,706200.746919369,2100.17641481884,0,
118.3154,12406.1534521122,1600.10240655402,959461.704602093,6301.58800017604,400.006400102402,200.0016000128,33444.6820952793,82873.815085041,734355.570561544,3500.49006860961,100.0004000016,
118.44164,12706.4548790786,1100.04840212969,967982.516276731,6601.74286011507,100.0004000016,100.0004000016,28933.4470648069,80156.1791485588,700492.627042675,2600.27042812453,0,
118.56784,11305.1099096792,1600.10240655402,929736.636850927,7602.31110257518,500.010000200004,100.0004000016,28231.8455217485,87807.3256397391,705883.562629815,2700.2916314962,100.0004000016,
118.69407,10804.6676164103,2100.17641481884,898898.986006307,6701.7960813498,600.014400345608,400.006400102402,28432.2990917683,86598.9395392896,740502.784092781,2400.23042212052,0,
118.82039,12105.8592358702,1800.12960933187,943298.327176124,6501.69043951427,600.014400345608,0,25526.0365572884,77539.7529160163,710853.682616995,2800.31363512713,0,
118.94669,10704.5815609081,2000.16001280102,912750.731776081,6301.58800017604,100.0004000016,200.0016000128,31840.5011174214,80558.7547201612,697005.579333851,2300.21161946899,0,
119.07284,13106.8679988314,1800.12960933187,973810.087812257,5101.04061228491,300.003600043201,400.006400102402,31339.2367243789,81162.6423105168,723869.693165682,2300.21161946899,0,
119.19908,10604.4963064339,2400.23042212052,930704.858791754,5201.0818250196,300.003600043201,100.0004000016,28131.6199408135,80961.3432159009,725457.913150854,3300.43565750679,0,
119.32537,11505.2924345199,1800.12960933187,947966.896928532,6301.58800017604,300.003600043201,200.0016000128,25425.8326459683,94556.2880935365,718788.706777004,1700.11560786133,0,
119.45151,15109.1259120509,1200.05760276493,925219.223653755,6201.53798141939,100.0004000016,200.0016000128,28332.0719053969,83276.4779066501,790030.935280317,2700.2916314962,0,
119.57772,11505.2924345199,1900.14441097523,928983.625328261,5101.04061228491,300.003600043201,200.0016000128,23622.2994506814,83880.4963798944,720270.453787876,1300.06760351538,0,
119.70403,11405.2007715518,2000.16001280102,936515.709228835,5101.04061228491,500.010000200004,300.003600043201,28332.0719053969,87706.6223517417,723446.200955678,2700.2916314962,0,
119.83027,10304.2453490838,1300.06760351538,917693.698475625,5601.25468104855,300.003600043201,300.003600043201,29735.3255667733,84786.578635789,755671.398842025,2000.16001280102,0,
119.95654,10304.2453490838,1800.12960933187,946529.392228495,5601.25468104855,200.0016000128,300.003600043201,31138.7365883159,82169.1862541687,713392.357568377,1500.09000540032,0,
120.08278,11004.8421305374,2200.1936170383,917156.328140226,6101.48876325823,200.0016000128,200.0016000128,27931.1711870447,92541.2922859506,621508.62566858,3500.49006860961,0,
120.20904,10204.1632986258,2400.23042212052,910611.321758582,6201.53798141939,100.0004000016,100.0004000016,28031.3951625821,88612.9810490653,722916.85530139,2200.1936170383,0,
120.33533,11205.0198488923,2300.21161946899,925756.928399281,5701.29989637637,700.019600548815,100.0004000016,25125.2257266295,91735.3845659732,749516.939062223,2600.27042812453,0,
120.46162,14408.2991803279,2600.27042812453,1140278.93206272,6101.48876325823,100.0004000016,300.003600043201,29635.0879441258,79149.7967585701,737746.773516065,3500.49006860961,0,
120.58785,11805.5722300926,1900.14441097523,924681.541211948,4200.70571856072,100.0004000016,400.006400102402,33544.9502333126,82068.5282243501,719741.238827344,1100.04840212969,0,
120.71406,12105.8592358702,1100.04840212969,904910.32756241,5101.04061228491,200.0016000128,500.010000200004,28933.4470648069,79854.2559509478,718153.724605895,2500.2500250025,0,
120.84033,11305.1099096792,1000.04000160006,923821.295693327,7302.132222609,200.0016000128,300.003600043201,28532.5270808722,84887.2584827055,737216.839140336,2600.27042812453,0,
120.96663,12005.7627661277,2000.16001280102,940498.721652223,5901.39272868397,200.0016000128,100.0004000016,29133.9118734207,80458.109615647,814813.627870278,3100.38444767151,0,
121.09282,11805.5722300926,1500.09000540032,911246.724818414,5801.34591225164,500.010000200004,200.0016000128,27830.9480141918,85692.7263532226,732554.357447825,2700.2916314962,0,
121.21906,11705.4781637807,1300.06760351538,916296.581951476,6701.7960813498,500.010000200004,100.0004000016,30637.5003003677,95160.8499429838,792766.470228957,2000.16001280102,0,
121.34528,11805.5722300926,2200.1936170383,918016.13137324,4100.67251029169,400.006400102402,400.006400102402,31138.7365883159,83075.144879842,757157.398898006,3100.38444767151,0,
121.47157,10304.2453490838,1800.12960933187,907152.472205809,4800.92177698118,100.0004000016,100.0004000016,31038.4877247787,88210.1468764175,740608.796286763,2300.21161946899,100.0004000016,
121.59787,10804.6676164103,1500.09000540032,927047.510796023,4700.88376614804,700.019600548815,100.0004000016,29635.0879441258,83276.4779066501,746546.873133375,2500.2500250025,0,
121.72411,12105.8592358702,1800.12960933187,936408.077219949,5401.16665199683,200.0016000128,400.006400102402,26628.3325458288,84383.8673296971,728740.8560055,2600.27042812453,0,
121.85043,10904.7544729502,1600.10240655402,907594.863249351,4400.77453631839,100.0004000016,400.006400102402,31840.5011174214,89418.6882047618,795534.277105947,2600.27042812453,0,
121.97663,13106.8679988314,1900.14441097523,949976.748820833,6501.69043951427,300.003600043201,200.0016000128,29434.6151073663,84585.2213664477,714450.28676755,2200.1936170383,0,
122.10295,9903.92195309342,2100.17641481884,939206.799807427,6301.58800017604,500.010000200004,600.014400345608,30036.0432519023,82672.4885221691,748350.04572907,3000.36004320518,0,
122.22926,11205.0198488923,1600.10240655402,931350.380257322,6101.48876325823,600.014400345608,400.006400102402,28231.8455217485,86901.0251511235,763740.317986388,1300.06760351538,0,
122.35558,10804.6676164103,1800.12960933187,924681.541211948,6001.44034568296,600.014400345608,500.010000200004,28432.2990917683,84887.2584827055,756732.809956523,3200.40965243551,0,
122.48184,12205.9565067753,1200.05760276493,869205.298013245,4700.88376614804,100.0004000016,0,26227.4864057532,90123.7244181099,741668.966255761,2400.23042212052,0,
122.60809,11705.4781637807,2500.2500250025,893641.350280894,4900.9605882753,300.003600043201,0,28732.9854673165,79250.4313631074,759068.222377006,2100.17641481884,0,
122.7344,12706.4548790786,1700.11560786133,893104.976861921,4500.81014582625,300.003600043201,100.0004000016,27229.6258329062,84484.5439440034,749198.684936925,3200.40965243551,0,
122.86063,10304.2453490838,1500.09000540032,860535.168258986,3600.51847466035,300.003600043201,600.014400345608,29935.8032206519,77539.7529160163,702465.421462454,2900.33643902693,0,
122.98696,10204.1632986258,1200.05760276493,887849.693073654,5101.04061228491,500.010000200004,400.006400102402,30136.2840860396,82370.5047375581,757369.698618169,2500.2500250025,0,
123.11332,12506.2531265633,1000.04000160006,875738.493576607,5101.04061228491,600.014400345608,500.010000200004,30336.7681630136,87807.3256397391,808636.189076133,2800.31363512713,0,
123.23958,10104.0820491479,1900.14441097523,874774.371967476,4900.9605882753,200.0016000128,100.0004000016,28532.5270808722,82873.815085041,756520.520735029,2400.23042212052,0,
123.36586,10604.4963064339,2200.1936170383,832851.120112425,4300.73972723308,300.003600043201,0,33043.6175751993,88915.1151681559,732766.251785854,2700.2916314962,0,
123.49202,11805.5722300926,1500.09000540032,889029.264958681,3600.51847466035,700.019600548815,200.0016000128,28933.4470648069,88915.1151681559,752063.255308015,2500.2500250025,200.0016000128,
123.61814,9903.92195309342,1700.11560786133,849946.232111837,4400.77453631839,100.0004000016,100.0004000016,28632.7558727184,83276.4779066501,742093.058696091,2300.21161946899,0,
123.74444,11305.1099096792,1500.09000540032,858395.290048448,5401.16665199683,300.003600043201,200.0016000128,27630.5040765005,82269.8450919014,725987.363395007,1800.12960933187,0,
123.87075,14708.648685427,1000.04000160006,857218.507976435,4300.73972723308,200.0016000128,700.019600548815,28231.8455217485,85491.3545362596,754716.203631209,2600.27042812453,0,
123.99706,10104.0820491479,2900.33643902693,891817.77131518,4200.70571856072,300.003600043201,200.0016000128,37255.4360889003,90828.8002569301,777447.826445599,2200.1936170383,0,
124.12332,16310.634533716,1400.07840439065,866314.60888063,3800.57768780855,300.003600043201,0,26027.0681508769,89015.8281583057,774152.442771072,2800.31363512713,0,
124.24957,9903.92195309342,1500.09000540032,864494.876760855,4300.73972723308,500.010000200004,700.019600548815,27530.2833116428,93045.0109004188,769582.821377621,900.032401166442,0,
124.37584,9303.46088745013,1300.06760351538,865137.105918771,3800.57768780855,200.0016000128,200.0016000128,29133.9118734207,91735.3845659732,753230.485232068,3600.51847466035,0,
124.50213,11004.8421305374,1300.06760351538,885169.247590608,4100.67251029169,500.010000200004,100.0004000016,30637.5003003677,84887.2584827055,746016.576315313,3100.38444767151,0,
124.62828,9003.24116682005,1500.09000540032,843319.191869072,5301.12383825371,400.006400102402,200.0016000128,28632.7558727184,80055.5372749817,725457.913150854,2000.16001280102,0,
124.7546,10504.4118529783,1800.12960933187,851443.130961343,6301.58800017604,300.003600043201,200.0016000128,30938.239664225,88612.9810490653,749516.939062223,2400.23042212052,0,
124.88085,13707.5117164206,1200.05760276493,859144.207137951,5101.04061228491,500.010000200004,100.0004000016,27630.5040765005,89922.281456741,761510.242776473,2600.27042812453,0,
125.0072,8502.8909829342,2000.16001280102,1067643.09145448,5001.00020004001,700.019600548815,400.006400102402,29334.3798932349,84182.5165254594,779574.327668702,1600.10240655402,0,
125.13343,10604.4963064339,1900.14441097523,860321.164500606,5201.0818250196,300.003600043201,300.003600043201,29935.8032206519,92642.0343909715,788083.842218188,2300.21161946899,0,
125.25972,9203.38684635946,1600.10240655402,839686.45090873,5301.12383825371,600.014400345608,500.010000200004,31038.4877247787,87001.7219717982,728740.8560055,2100.17641481884,0,
125.38593,9703.76506084361,1500.09000540032,831996.958024038,6301.58800017604,900.032401166442,200.0016000128,32442.0448901777,93548.7497390271,732660.304180631,1000.04000160006,0,
125.51218,10704.5815609081,2200.1936170383,832103.725196014,5501.21026625858,200.0016000128,100.0004000016,33043.6175751993,88612.9810490653,767139.270357071,2500.2500250025,0,
125.63849,10004.0016006403,1600.10240655402,843105.472949505,4800.92177698118,200.0016000128,300.003600043201,29735.3255667733,87807.3256397391,761085.5103168,2500.2500250025,0,
125.76472,12406.1534521122,1800.12960933187,850801.581655444,5101.04061228491,200.0016000128,100.0004000016,33043.6175751993,91030.2577752084,794682.580954032,2400.23042212052,0,
125.89101,11805.5722300926,1500.09000540032,897825.825726279,5401.16665199683,200.0016000128,300.003600043201,30637.5003003677,92843.5210278029,788296.652060175,1500.09000540032,0,
126.01732,10304.2453490838,1300.06760351538,845135.945415073,6001.44034568296,0,300.003600043201,30537.255451651,82471.1651911485,693413.85306656,1400.07840439065,0,
126.14363,9203.38684635946,800.025600819226,823351.747104686,3900.60849492521,100.0004000016,0,28432.2990917683,87605.9198721937,712017.179741399,1800.12960933187,0,
126.26986,11104.9305891816,2000.16001280102,854865.26512613,5501.21026625858,300.003600043201,0,27730.7256440136,85088.6206010789,727152.230647007,1700.11560786133,0,
126.39612,11705.4781637807,1600.10240655402,859358.191417176,4000.64010241639,200.0016000128,200.0016000128,27931.1711870447,93347.251776609,755671.398842025,3100.38444767151,0,
126.52246,8502.8909829342,2200.1936170383,860000.165504001,5501.21026625858,800.025600819226,100.0004000016,32341.7855869784,90728.0727109227,750047.380087179,2000.16001280102,0,
126.6487,8402.82334864514,1700.11560786133,874667.251779142,4300.73972723308,100.0004000016,100.0004000016,30637.5003003677,85592.0400406186,751744.938237015,3200.40965243551,0,
126.77492,10304.2453490838,1300.06760351538,905768.9323847,5301.12383825371,400.006400102402,100.0004000016,29534.8511243267,86498.2459520426,722810.988784854,2400.23042212052,0,
126.9012,8903.16952835209,2000.16001280102,850053.147709272,5001.00020004001,300.003600043201,200.0016000128,32542.3049964954,86800.3291388203,739124.705029631,2900.33643902693,0,
127.02738,10804.6676164103,2100.17641481884,901260.251718808,5501.21026625858,300.003600043201,200.0016000128,30036.0432519023,89519.4052378888,730753.396459448,2500.2500250025,0,
127.15367,9003.24116682005,1800.12960933187,850587.738962833,5901.39272868397,200.0016000128,200.0016000128,27029.191526849,85592.0400406186,691407.14919925,1800.12960933187,100.0004000016,
127.27995,9403.53572943427,1500.09000540032,818871.322876346,4800.92177698118,600.014400345608,300.003600043201,27630.5040765005,85592.0400406186,702817.851326677,2700.2916314962,0,
127.40625,9903.92195309342,1400.07840439065,844922.19644622,4800.92177698118,200.0016000128,200.0016000128,31339.2367243789,85390.6698401358,757900.463230082,2700.2916314962,0,
127.53252,9503.61137232148,1000.04000160006,878738.442555411,5001.00020004001,500.010000200004,0,31238.986254846,86699.6339348789,733825.77582338,2500.2500250025,0,
127.65878,7802.43435952017,1300.06760351538,871882.438166201,5401.16665199683,100.0004000016,300.003600043201,28732.9854673165,92138.3319549385,743365.419863993,2500.2500250025,0,
127.78507,11104.9305891816,1200.05760276493,1430130.52458511,5401.16665199683,100.0004000016,100.0004000016,32041.0124959949,88109.4403545251,739442.710177993,2800.31363512713,0,
127.91122,9503.61137232148,1600.10240655402,858288.305433964,5301.12383825371,500.010000200004,600.014400345608,29635.0879441258,86296.8612025367,728740.8560055,2600.27042812453,0,
128.03747,10504.4118529783,1800.12960933187,885276.454752537,5601.25468104855,100.0004000016,100.0004000016,28632.7558727184,86196.1700402583,714873.482822465,2300.21161946899,0,
128.16375,9503.61137232148,2300.21161946899,896323.550738149,6101.48876325823,300.003600043201,0,28632.7558727184,91836.1201999318,735097.319844025,2700.2916314962,0,
128.28997,7802.43435952017,1800.12960933187,885812.503882872,4200.70571856072,200.0016000128,100.0004000016,29534.8511243267,78948.529972353,713921.31128656,2700.2916314962,0,
128.41626,6701.7960813498,1500.09000540032,851122.352328049,5301.12383825371,800.025600819226,100.0004000016,27830.9480141918,82773.1513996187,657341.07842936,2400.23042212052,0,
128.54256,9703.76506084361,1600.10240655402,869526.525577718,5101.04061228491,700.019600548815,100.0004000016,32442.0448901777,82773.1513996187,680534.155110426,2800.31363512713,0,
128.66888,8502.8909829342,1500.09000540032,876916.962008546,5501.21026625858,500.010000200004,100.0004000016,27931.1711870447,81363.9446364005,708421.256134029,1800.12960933187,0,
128.79511,8502.8909829342,1100.04840212969,865993.461076853,4000.64010241639,200.0016000128,100.0004000016,27931.1711870447,83880.4963798944,696582.971182824,2900.33643902693,0,
128.92137,8102.62525058119,1400.07840439065,859251.198834886,4900.9605882753,600.014400345608,300.003600043201,29434.6151073663,84585.2213664477,728211.292420675,2200.1936170383,0,
129.04756,10304.2453490838,1400.07840439065,920380.884444868,5501.21026625858,800.025600819226,100.0004000016,28632.7558727184,83477.8141655429,697428.201385605,1700.11560786133,0,
129.17379,8402.82334864514,1000.04000160006,928597.339433002,5501.21026625858,300.003600043201,300.003600043201,29935.8032206519,82169.1862541687,719317.882538846,3500.49006860961,100.0004000016,
129.30004,11104.9305891816,2200.1936170383,905447.190191576,4700.88376614804,300.003600043201,300.003600043201,27430.063349431,89519.4052378888,733507.909450991,2500.2500250025,0,
129.42622,7602.31110257518,1400.07840439065,901260.251718808,5701.29989637637,300.003600043201,300.003600043201,29935.8032206519,85491.3545362596,719212.0456444,2900.33643902693,0,
129.55251,10304.2453490838,1900.14441097523,902226.348159077,5501.21026625858,0,0,30837.992406645,87102.4196008542,739972.736220878,2600.27042812453,0,
129.67876,12005.7627661277,1600.10240655402,931995.933863038,4800.92177698118,400.006400102402,300.003600043201,28432.2990917683,88109.4403545251,744637.906816768,2400.23042212052,0,
129.80499,10304.2453490838,1200.05760276493,902655.747488478,4400.77453631839,400.006400102402,0,25025.025025025,78948.529972353,697745.177047185,2200.1936170383,100.0004000016,
129.93133,9703.76506084361,1800.12960933187,870811.515615622,4200.70571856072,100.0004000016,500.010000200004,27931.1711870447,79049.1629616551,723763.818805923,2400.23042212052,0,
130.05757,10504.4118529783,2200.1936170383,900079.565044424,6101.48876325823,100.0004000016,300.003600043201,28231.8455217485,78546.0060910773,688239.307527271,3400.46246289495,100.0004000016,
130.18377,8803.09869073914,2400.23042212052,880667.348535982,4000.64010241639,200.0016000128,200.0016000128,27931.1711870447,87908.0297361956,693941.985134513,2600.27042812453,100.0004000016,
130.31,9103.31360615264,800.025600819226,890852.451138783,4800.92177698118,300.003600043201,500.010000200004,26027.0681508769,82571.8264526822,717412.951700641,2000.16001280102,0,
130.43628,9003.24116682005,1700.11560786133,907809.650140938,4400.77453631839,200.0016000128,100.0004000016,27830.9480141918,82471.1651911485,728952.687543482,3000.36004320518,100.0004000016,
130.56249,10204.1632986258,1400.07840439065,918231.091095325,4800.92177698118,600.014400345608,400.006400102402,27830.9480141918,89922.281456741,709478.776311081,2500.2500250025,0,
130.68868,8703.02865397158,1200.05760276493,887099.112383146,4800.92177698118,600.014400345608,300.003600043201,29835.5639922788,89519.4052378888,704192.045272279,3700.5476810568,0,
130.81496,8202.69048247825,1300.06760351538,903299.873177444,4300.73972723308,400.006400102402,200.0016000128,33043.6175751993,88411.5623457063,734779.422058618,3200.40965243551,0,
130.94128,10704.5815609081,1000.04000160006,911461.57226603,5901.39272868397,400.006400102402,200.0016000128,26728.5460872212,85994.790140602,727152.230647007,4200.70571856072,0,
131.06754,9103.31360615264,2100.17641481884,931673.153042511,4700.88376614804,200.0016000128,500.010000200004,27830.9480141918,86699.6339348789,707575.302629576,3100.38444767151,200.0016000128,
131.19375,8703.02865397158,1400.07840439065,921025.891994343,5301.12383825371,500.010000200004,100.0004000016,26528.1198069954,90224.4471118141,740078.744048894,2600.27042812453,0,
131.31998,9603.68781612139,2000.16001280102,920273.38630746,6901.90492575951,200.0016000128,200.0016000128,28933.4470648069,80760.047352475,719000.374468645,2900.33643902693,0,
131.44626,8102.62525058119,900.032401166442,878095.53778823,4100.67251029169,200.0016000128,300.003600043201,25726.4467872973,87102.4196008542,717942.070849844,2300.21161946899,0,
131.57255,9003.24116682005,2400.23042212052,912858.167525592,4900.9605882753,500.010000200004,300.003600043201,27229.6258329062,82672.4885221691,754185.570238875,2400.23042212052,0,
131.69879,7802.43435952017,2100.17641481884,932426.320790337,4800.92177698118,900.032401166442,300.003600043201,29234.1454819229,87303.8172841488,754185.570238875,2800.31363512713,0,
131.82503,8402.82334864514,1700.11560786133,918016.13137324,5401.16665199683,700.019600548815,0,28632.7558727184,90526.6200451228,769051.575210585,3000.36004320518,0,
131.95127,7902.49718911176,1500.09000540032,914577.260684062,5301.12383825371,300.003600043201,400.006400102402,27029.191526849,88612.9810490653,746971.1263167,2500.2500250025,0,
132.07755,8502.8909829342,1500.09000540032,915974.191836261,4300.73972723308,200.0016000128,100.0004000016,27129.408278574,95060.0876118738,721646.514614011,3300.43565750679,0,
132.20372,7702.37233067785,1600.10240655402,889029.264958681,3100.38444767151,100.0004000016,200.0016000128,24924.8251258253,81766.5589822822,766183.224359556,3300.43565750679,0,
132.33008,9103.31360615264,1300.06760351538,898147.764471885,3700.5476810568,400.006400102402,100.0004000016,23822.6791905894,74018.5026197335,749835.201054713,3000.36004320518,0,
132.45627,7302.132222609,1000.04000160006,895250.603877244,5201.0818250196,400.006400102402,500.010000200004,28532.5270808722,83377.145632081,796173.086130326,2400.23042212052,0,
132.5826,10104.0820491479,2000.16001280102,950299.985467832,5401.16665199683,500.010000200004,100.0004000016,27129.408278574,89015.8281583057,761616.42807975,2900.33643902693,0,
132.70892,10504.4118529783,1000.04000160006,883882.830909912,4700.88376614804,100.0004000016,0,26528.1198069954,92138.3319549385,763527.913236682,3000.36004320518,0,
132.83523,8803.09869073914,1700.11560786133,916296.581951476,5701.29989637637,300.003600043201,300.003600043201,26728.5460872212,91433.1825170923,810234.893785721,2600.27042812453,0,
132.96158,9403.53572943427,1400.07840439065,917263.800424628,4400.77453631839,300.003600043201,200.0016000128,28833.2158646761,85793.4134740814,762572.135201979,3400.46246289495,0,
133.08791,9103.31360615264,1800.12960933187,884324.065157506,4200.70571856072,300.003600043201,300.003600043201,25526.0365572884,89720.8417300266,781488.478768429,3100.38444767151,0,
133.21422,9703.76506084361,1800.12960933187,936623.342131036,3500.49006860961,200.0016000128,100.0004000016,30036.0432519023,85289.9859522376,766501.89847586,4000.64010241639,0,
133.34054,9003.24116682005,2000.16001280102,885705.292280676,3100.38444767151,100.0004000016,0,29133.9118734207,87102.4196008542,795214.884458073,3100.38444767151,0,
133.46686,9203.38684635946,1700.11560786133,922961.107262991,4500.81014582625,300.003600043201,400.006400102402,27630.5040765005,89620.1230796405,788509.465414514,4500.81014582625,0,
133.59306,10004.0016006403,900.032401166442,883990.027416322,4400.77453631839,600.014400345608,200.0016000128,25726.4467872973,87706.6223517417,772558.20474545,3200.40965243551,0,
133.71937,9603.68781612139,1500.09000540032,875631.365405316,2600.27042812453,100.0004000016,500.010000200004,27931.1711870447,92843.5210278029,786913.450866647,3300.43565750679,100.0004000016,
133.84561,10304.2453490838,1200.05760276493,908131.837155992,4300.73972723308,200.0016000128,400.006400102402,28432.2990917683,92642.0343909715,826339.560580328,3300.43565750679,0,
133.97183,9403.53572943427,1600.10240655402,907057.911600973,5401.16665199683,800.025600819226,200.0016000128,25526.0365572884,91433.1825170923,799944.012316301,3200.40965243551,0,
134.09811,8202.69048247825,1200.05760276493,894499.593974246,5501.21026625858,200.0016000128,0,28031.3951625821,93145.7570501702,810874.431128328,4000.64010241639,0,
134.22436,8202.69048247825,800.025600819226,871882.438166201,3500.49006860961,100.0004000016,100.0004000016,32341.7855869784,91030.2577752084,802669.440969685,3000.36004320518,0,
134.35067,8903.16952835209,1400.07840439065,887956.922439681,4100.67251029169,200.0016000128,200.0016000128,32943.3534531443,88814.4029865725,840861.637690447,2900.33643902693,0,
134.47696,18313.4054127621,1400.07840439065,894499.593974246,4900.9605882753,400.006400102402,100.0004000016,29935.8032206519,85692.7263532226,795640.743079545,3500.49006860961,0,
134.6032,7502.25067520256,1400.07840439065,854009.646648079,4600.84655576626,0,600.014400345608,26327.6967369673,93246.5040088971,844174.102897029,2500.2500250025,0,
134.72951,7902.49718911176,1300.06760351538,924446.719969675,3300.43565750679,700.019600548815,700.019600548815,28532.5270808722,97075.4879875358,835200.35714581,2900.33643902693,0,
134.85583,10004.0016006403,1400.07840439065,893641.350280894,4200.70571856072,0,200.0016000128,24423.8376655616,92037.5938944047,832317.262187687,3500.49006860961,100.0004000016,
134.98219,9703.76506084361,2300.21161946899,877988.390099289,4300.73972723308,500.010000200004,400.006400102402,32542.3049964954,86598.9395392896,771920.564755559,2300.21161946899,100.0004000016,
135.10842,8302.75651516303,1200.05760276493,865779.366971262,4000.64010241639,500.010000200004,400.006400102402,36352.7842427204,96672.3820155238,821751.417097718,3500.49006860961,0,
135.23464,10704.5815609081,1600.10240655402,988822.72712152,3800.57768780855,100.0004000016,200.0016000128,28131.6199408135,93145.7570501702,840434.284674762,3800.57768780855,0,
135.3608,7502.25067520256,1600.10240655402,874345.896535736,5001.00020004001,500.010000200004,300.003600043201,27931.1711870447,94757.8054734678,805726.640587293,2200.1936170383,0,
135.48709,9103.31360615264,1800.12960933187,844174.102897029,4000.64010241639,300.003600043201,200.0016000128,34146.5759295679,93649.4999337528,831783.426327754,3100.38444767151,100.0004000016,
135.61338,12105.8592358702,1300.06760351538,901260.251718808,3900.60849492521,200.0016000128,0,29735.3255667733,103022.805594158,831142.852419448,5001.00020004001,100.0004000016,
135.73966,9603.68781612139,1300.06760351538,886563.009965291,5401.16665199683,800.025600819226,100.0004000016,28632.7558727184,86498.2459520426,813432.897464914,2900.33643902693,0,
135.86593,9403.53572943427,1700.11560786133,916081.65431679,4600.84655576626,600.014400345608,300.003600043201,31740.2466327303,94455.5306172433,835413.945336398,2800.31363512713,0,
135.99214,8903.16952835209,2100.17641481884,891066.960513016,4600.84655576626,700.019600548815,400.006400102402,32241.5270868879,90929.5286116888,814179.212357764,2300.21161946899,0,
136.11838,9403.53572943427,2100.17641481884,845349.697919553,4300.73972723308,200.0016000128,500.010000200004,28833.2158646761,95866.208918067,824632.153939599,4200.70571856072,100.0004000016,
136.24467,9303.46088745013,1800.12960933187,862675.400664567,4800.92177698118,300.003600043201,300.003600043201,27430.063349431,90425.8949253108,842678.045714664,3400.46246289495,0,
136.37092,9703.76506084361,1100.04840212969,824140.082939254,4500.81014582625,200.0016000128,300.003600043201,28632.7558727184,93045.0109004188,837122.778007441,3300.43565750679,0,
136.49713,8302.75651516303,1900.14441097523,824140.082939254,3800.57768780855,300.003600043201,300.003600043201,25726.4467872973,91634.6497408536,819937.94952512,3300.43565750679,0,
136.62344,8703.02865397158,2000.16001280102,851443.130961343,4700.88376614804,300.003600043201,300.003600043201,28632.7558727184,102518.68631491,844601.579622049,3100.38444767151,0,
136.74968,9803.84310649775,1500.09000540032,884847.631432902,3600.51847466035,200.0016000128,100.0004000016,28231.8455217485,97176.2665039031,826873.171457379,3600.51847466035,0,
136.87596,8903.16952835209,1000.04000160006,836588.743515016,4400.77453631839,100.0004000016,100.0004000016,27430.063349431,96470.8338854557,841823.233659698,2200.1936170383,0,
137.00222,8602.95941803981,1700.11560786133,829968.549430294,4100.67251029169,300.003600043201,400.006400102402,28131.6199408135,91130.9877474989,794043.845747491,2700.2916314962,100.0004000016,
137.12845,8803.09869073914,900.032401166442,823351.747104686,3800.57768780855,600.014400345608,0,31840.5011174214,88210.1468764175,797450.799101836,3100.38444767151,100.0004000016,
137.25474,8402.82334864514,2100.17641481884,873167.662266158,3600.51847466035,400.006400102402,100.0004000016,26528.1198069954,94153.2630429371,767139.270357071,2900.33643902693,0,
137.38094,8903.16952835209,2000.16001280102,820577.967817232,4400.77453631839,200.0016000128,100.0004000016,29133.9118734207,98184.0961842729,826126.122403441,2500.2500250025,0,
137.50714,9203.38684635946,2000.16001280102,842464.337399214,4300.73972723308,500.010000200004,300.003600043201,29534.8511243267,99897.5924178229,823138.358309473,2900.33643902693,0,
137.63341,7602.31110257518,1500.09000540032,841609.539481845,5101.04061228491,400.006400102402,300.003600043201,26828.7604311822,87001.7219717982,777128.881520067,2800.31363512713,0,
137.75964,8502.8909829342,2100.17641481884,796279.557377117,3700.5476810568,500.010000200004,300.003600043201,25125.2257266295,93649.4999337528,781807.531587871,2300.21161946899,0,
137.88587,8502.8909829342,1800.12960933187,834346.039698089,4600.84655576626,100.0004000016,100.0004000016,29635.0879441258,102014.587282717,845884.094649695,3200.40965243551,100.0004000016,
138.01208,11205.0198488923,1500.09000540032,878416.986178855,3400.46246289495,200.0016000128,200.0016000128,26628.3325458288,93951.7553721132,817271.548127525,2900.33643902693,0,
138.13822,7902.49718911176,1500.09000540032,857325.483738845,4700.88376614804,100.0004000016,300.003600043201,30837.992406645,94858.5653771255,813432.897464914,3100.38444767151,0,
138.26447,11205.0198488923,1800.12960933187,862033.293747181,5101.04061228491,200.0016000128,0,30437.0114058695,96873.9333828578,811514.000165194,2500.2500250025,100.0004000016,
138.3907,10004.0016006403,1400.07840439065,832957.894345269,4300.73972723308,400.006400102402,200.0016000128,31038.4877247787,92239.0708243503,829755.051266898,3200.40965243551,0,
138.51693,9903.92195309342,6101.48876325823,929289.109343557,4600.84655576626,300.003600043201,400.006400102402,34447.3996218797,106955.630988009,856362.733741519,4100.67251029169,100.0004000016,
138.64321,13407.186251831,1200.05760276493,889166.454531389,4600.84655576626,200.0016000128,600.014400345608,31038.4877247787,90325.1706142112,799793.601651187,2600.27042812453,0,
138.76945,10604.4963064339,1200.05760276493,900926.543010817,5501.21026625858,300.003600043201,100.0004000016,33645.2191745706,94657.0463789414,812335.358611282,2400.23042212052,0,
138.89571,14808.7667899396,1700.11560786133,872310.832012121,5401.16665199683,100.0004000016,400.006400102402,35751.0525029742,95563.9073592239,781807.531587871,2200.1936170383,100.0004000016,
139.02194,9903.92195309342,1900.14441097523,855079.178594477,4700.88376614804,300.003600043201,100.0004000016,38057.8479288519,96269.2889925755,747900.357877383,3300.43565750679,0,
139.14815,13307.0793662228,3100.38444767151,843426.05265443,4300.73972723308,300.003600043201,100.0004000016,40565.7164606663,89922.281456741,759917.568263781,3500.49006860961,200.0016000128,
139.27436,12406.1534521122,2600.27042812453,825165.694263094,2700.2916314962,1100.04840212969,500.010000200004,44278.2840061228,95664.6737362827,777235.195618282,3000.36004320518,100.0004000016,
139.40067,12906.6598364756,2500.2500250025,842571.191115117,4400.77453631839,100.0004000016,200.0016000128,44077.5765347011,94657.0463789414,793830.941041493,3000.36004320518,100.0004000016,
139.52691,15209.2472223112,2900.33643902693,844601.579622049,3600.51847466035,300.003600043201,500.010000200004,49297.0165285281,90526.6200451228,762147.367726831,3300.43565750679,500.010000200004,
139.65318,17812.6826300326,2300.21161946899,816525.054421235,3400.46246289495,200.0016000128,300.003600043201,47791.1855820906,88814.4029865725,758643.570436496,3900.60849492521,400.006400102402,
139.77942,16811.2971917128,3800.57768780855,850266.981557386,4600.84655576626,600.014400345608,500.010000200004,56728.433172703,88210.1468764175,753442.720222839,3400.46246289495,200.0016000128,
139.90569,19415.0660912868,3000.36004320518,809488.806940894,4700.88376614804,600.014400345608,700.019600548815,61752.1573156257,89418.6882047618,760342.262211433,2700.2916314962,400.006400102402,
140.03192,19715.5358422437,2900.33643902693,821431.374898263,4400.77453631839,500.010000200004,400.006400102402,59340.5183474468,92339.8105026498,711488.3043582,3600.51847466035,400.006400102402,
140.15817,19815.6940296715,2800.31363512713,821324.69592808,3300.43565750679,100.0004000016,600.014400345608,59139.5693837456,84585.2213664477,735733.138977077,3300.43565750679,500.010000200004,
140.28441,16510.8971921468,3600.51847466035,750471.748642435,4500.81014582625,100.0004000016,300.003600043201,59440.9940378578,84283.191523519,684966.691735194,3500.49006860961,400.006400102402,
140.41065,21117.8234429859,3100.38444767151,775321.676014517,4400.77453631839,500.010000200004,600.014400345608,61953.1481823067,88512.2712931221,707363.822952357,2700.2916314962,400.006400102402,
140.53686,19915.8530190031,3200.40965243551,768626.594047241,3100.38444767151,600.014400345608,1000.04000160006,59742.4259434492,80458.109615647,690667.916260754,3400.46246289495,500.010000200004,
140.66315,20316.4969955604,2100.17641481884,749729.112849733,4900.9605882753,100.0004000016,800.025600819226,59440.9940378578,82068.5282243501,675892.185901676,2900.33643902693,500.010000200004,
140.78931,23321.7358578195,3900.60849492521,806078.673443687,2800.31363512713,300.003600043201,500.010000200004,65772.5872689938,89418.6882047618,707469.562356038,3300.43565750679,200.0016000128,
140.91555,28833.2158646761,2600.27042812453,780425.026399155,4100.67251029169,200.0016000128,800.025600819226,67381.1204517744,77338.5119709183,652286.336976642,3700.5476810568,0,
141.04183,22520.2682414173,4000.64010241639,739654.717975751,3100.38444767151,300.003600043201,600.014400345608,63561.1911808346,77942.2444958932,617588.831551032,3000.36004320518,1100.04840212969,
141.16806,22319.9093591484,5401.16665199683,719106.209621003,3800.57768780855,0,700.019600548815,60546.2798120259,72811.4444346382,623995.539374857,3000.36004320518,200.0016000128,
141.29432,48895.4439065055,4400.77453631839,693096.984247048,3100.38444767151,100.0004000016,800.025600819226,66576.8280553149,73917.9099986761,600275.254159533,3000.36004320518,100.0004000016,
141.42061,25125.2257266295,3600.51847466035,690667.916260754,3400.46246289495,600.014400345608,500.010000200004,64264.7748827995,68587.6558263409,580262.678601394,2900.33643902693,200.0016000128,
141.54675,25526.0365572884,3600.51847466035,700386.945025844,4800.92177698118,400.006400102402,900.032401166442,61953.1481823067,67481.6606304171,596186.372999914,3800.57768780855,600.014400345608,
141.67299,24924.8251258253,7302.132222609,686233.411830463,3800.57768780855,300.003600043201,400.006400102402,57331.1737254839,67381.1204517744,548056.916983122,2900.33643902693,200.0016000128,
141.79928,26327.6967369673,4100.67251029169,614964.057082435,3800.57768780855,100.0004000016,1100.04840212969,57029.7998244003,64666.8404483568,557250.285218913,2700.2916314962,1000.04000160006,
141.92559,29534.8511243267,4600.84655576626,689083.988918757,4100.67251029169,400.006400102402,1300.06760351538,55422.5947796526,63963.2341736111,541896.88429725,2700.2916314962,100.0004000016,
142.05185,25826.6531060054,4900.9605882753,605099.716500336,3500.49006860961,100.0004000016,5301.12383825371,50803.0285418829,60244.8285678772,493867.195307497,2800.31363512713,300.003600043201,
142.17813,24323.6425805883,5101.04061228491,620214.143997901,3300.43565750679,500.010000200004,600.014400345608,47690.8032894631,61149.2040579013,498963.722114333,2900.33643902693,600.014400345608,
142.30441,26928.9755777216,4200.70571856072,580262.678601394,3000.36004320518,400.006400102402,1200.05760276493,51807.1371596461,55824.3767113128,480251.785656045,2000.16001280102,1100.04840212969,
142.43064,25225.4272306485,4300.73972723308,557981.859966795,3000.36004320518,400.006400102402,900.032401166442,50401.4076321559,53413.8783887248,462915.809415168,2600.27042812453,400.006400102402,
142.55696,26528.1198069954,4300.73972723308,551921.504497138,3800.57768780855,100.0004000016,1000.04000160006,47590.4218014227,53413.8783887248,421488.275609607,3000.36004320518,300.003600043201,
142.68332,25225.4272306485,4600.84655576626,546803.78828444,2500.2500250025,300.003600043201,1200.05760276493,42973.74294289,55422.5947796526,445914.200448662,2200.1936170383,900.032401166442,
142.8096,51786.3849867977,3800.57768780855,537409.240047561,3700.5476810568,100.0004000016,1400.07840439065,51305.072789072,55523.0390545449,436490.171340198,2600.27042812453,300.003600043201,
142.93588,23722.4889194957,3400.46246289495,494803.139328079,3700.5476810568,200.0016000128,1000.04000160006,43174.4327220127,42672.714305176,399483.069720565,2700.2916314962,600.014400345608,
143.06216,34246.8496903764,5001.00020004001,485550.712168229,4800.92177698118,400.006400102402,500.010000200004,40565.7164606663,50803.0285418829,424487.238941365,2000.16001280102,500.010000200004,
143.18845,23522.1107841371,4400.77453631839,515411.308430292,3100.38444767151,200.0016000128,900.032401166442,36051.9147572504,49497.8076679519,397212.40196676,2300.21161946899,600.014400345608,
143.31466,26728.5460872212,6401.6388195378,485031.112125982,2200.1936170383,100.0004000016,1700.11560786133,37255.4360889003,40465.3920735909,373497.888924976,1900.14441097523,700.019600548815,
143.44079,26427.9078707115,5401.16665199683,455552.568770721,2700.2916314962,300.003600043201,600.014400345608,33645.2191745706,40164.423735672,343043.435949006,2200.1936170383,700.019600548815,
143.56713,20516.8237955123,4600.84655576626,404128.882258976,3300.43565750679,300.003600043201,500.010000200004,29334.3798932349,33143.8825004306,321891.88970189,2500.2500250025,300.003600043201,
143.69342,25726.4467872973,5001.00020004001,381844.468179289,2400.23042212052,200.0016000128,1300.06760351538,25025.025025025,37355.7347562563,307844.621981786,2800.31363512713,800.025600819226,
143.8197,22019.3770518056,4800.92177698118,359084.638480889,3300.43565750679,300.003600043201,900.032401166442,24323.6425805883,30036.0432519023,268758.51557162,1000.04000160006,700.019600548815,
143.94597,20917.487019148,3800.57768780855,311841.892110805,2400.23042212052,100.0004000016,900.032401166442,21819.0261908384,28933.4470648069,264774.840326623,2400.23042212052,300.003600043201,
144.07223,22119.5536854579,3200.40965243551,311636.873182624,2700.2916314962,200.0016000128,1000.04000160006,21418.3340939844,30236.5257230735,265591.902074608,1900.14441097523,400.006400102402,
144.19842,22019.3770518056,2800.31363512713,308869.442678448,3200.40965243551,400.006400102402,1300.06760351538,22019.3770518056,30136.2840860396,244773.322131386,1300.06760351538,500.010000200004,
144.32463,22119.5536854579,2700.2916314962,285933.334142483,2500.2500250025,200.0016000128,1200.05760276493,19314.911111378,27730.7256440136,230098.498304537,1100.04840212969,600.014400345608,
144.45082,19515.221873061,3900.60849492521,287161.00031963,2200.1936170383,700.019600548815,800.025600819226,14708.648685427,25526.0365572884,221240.723627662,2200.1936170383,500.010000200004,
144.57709,16110.3750815525,2700.2916314962,255790.6476797,1700.11560786133,100.0004000016,600.014400345608,18012.9693379233,21518.505915087,190135.140036999,1200.05760276493,400.006400102402,
144.70337,18113.1138944596,3900.60849492521,247730.733961632,1800.12960933187,0,1300.06760351538,16010.246557797,23922.8702639724,200799.974194381,1200.05760276493,300.003600043201,
144.82966,18914.2992102029,3100.38444767151,252117.137500808,2700.2916314962,100.0004000016,1400.07840439065,13807.6218072376,22219.7311212357,184856.849273669,1700.11560786133,100.0004000016,
144.95586,15809.9919148902,3100.38444767151,229792.9542271,2200.1936170383,300.003600043201,1100.04840212969,15209.2472223112,20717.1538033492,167819.017206735,1700.11560786133,300.003600043201,
145.08209,13807.6218072376,3300.43565750679,208728.270076231,2100.17641481884,300.003600043201,1100.04840212969,11905.6670975384,20116.1734034163,162246.163260705,1300.06760351538,200.0016000128,
145.20838,15910.1188355794,2800.31363512713,177957.805771191,2200.1936170383,200.0016000128,1000.04000160006,12306.0545788528,15809.9919148902,137754.896834654,700.019600548815,200.0016000128,
145.33468,15009.0054032419,2600.27042812453,166400.238376143,2100.17641481884,200.0016000128,1700.11560786133,10904.7544729502,15609.7404780583,131589.000004021,600.014400345608,100.0004000016,
145.46088,14608.5313823273,2300.21161946899,151310.282660485,2200.1936170383,300.003600043201,1600.10240655402,10004.0016006403,14308.184281409,120174.916801981,1100.04840212969,300.003600043201,
145.58715,13407.186251831,2700.2916314962,144126.130982793,1600.10240655402,200.0016000128,1900.14441097523,11004.8421305374,12005.7627661277,100099.195592021,800.025600819226,400.006400102402,
145.71338,12506.2531265633,2900.33643902693,118256.752792145,1800.12960933187,200.0016000128,800.025600819226,10604.4963064339,12105.8592358702,88310.854206808,400.006400102402,200.0016000128,
145.83972,12706.4548790786,2600.27042812453,114824.979807681,1400.07840439065,100.0004000016,1000.04000160006,10004.0016006403,10904.7544729502,83175.8109892403,700.019600548815,400.006400102402,
145.9659,14308.184281409,2200.1936170383,98385.6718335877,1900.14441097523,100.0004000016,800.025600819226,8102.62525058119,7902.49718911176,71001.0750445261,400.006400102402,0,
146.09213,7802.43435952017,1900.14441097523,75024.4732238859,2100.17641481884,100.0004000016,1800.12960933187,6301.58800017604,9503.61137232148,58737.681124556,600.014400345608,200.0016000128,
146.21844,9303.46088745013,2300.21161946899,67481.6606304171,1400.07840439065,200.0016000128,1100.04840212969,7702.37233067785,7402.19104855037,53715.1653144341,1100.04840212969,100.0004000016,
146.34477,11305.1099096792,2900.33643902693,65370.4862280828,2000.16001280102,0,500.010000200004,7702.37233067785,6501.69043951427,54819.9460419398,600.014400345608,100.0004000016,
146.47103,9503.61137232148,2900.33643902693,68788.7563474173,1600.10240655402,400.006400102402,1400.07840439065,8302.75651516303,6601.74286011507,50602.2164772841,600.014400345608,200.0016000128,
146.59723,10304.2453490838,2200.1936170383,60345.3115101164,1000.04000160006,100.0004000016,900.032401166442,6301.58800017604,6901.90492575951,46988.1497689666,300.003600043201,200.0016000128,
146.72346,9503.61137232148,2000.16001280102,59139.5693837456,2100.17641481884,200.0016000128,700.019600548815,9203.38684635946,5001.00020004001,42973.74294289,200.0016000128,0,
146.84965,8602.95941803981,1400.07840439065,52108.3854417188,1800.12960933187,200.0016000128,1300.06760351538,7102.01697282028,5601.25468104855,35349.9140786791,300.003600043201,100.0004000016,
146.97591,7302.132222609,2100.17641481884,42572.3730341581,1800.12960933187,100.0004000016,1600.10240655402,6501.69043951427,4400.77453631839,34547.6757925938,300.003600043201,300.003600043201,
147.10219,7702.37233067785,1700.11560786133,38760.0004807442,1400.07840439065,300.003600043201,1700.11560786133,7302.132222609,6101.48876325823,29835.5639922788,400.006400102402,200.0016000128,
147.22842,21217.9928579435,2200.1936170383,33344.4147604609,1900.14441097523,200.0016000128,1000.04000160006,6001.44034568296,3800.57768780855,25826.6531060054,800.025600819226,100.0004000016,
147.35473,8703.02865397158,1200.05760276493,32341.7855869784,1700.11560786133,0,1700.11560786133,7202.07419736884,3500.49006860961,25726.4467872973,500.010000200004,200.0016000128,
147.481,8002.56081946223,9403.53572943427,24624.2302425587,1600.10240655402,100.0004000016,1100.04840212969,4900.9605882753,3400.46246289495,17712.5404786589,100.0004000016,400.006400102402,
147.60724,7102.01697282028,1600.10240655402,21618.6785382571,1400.07840439065,100.0004000016,900.032401166442,4100.67251029169,2500.2500250025,14808.7667899396,200.0016000128,600.014400345608,
147.73357,8102.62525058119,1900.14441097523,17211.841747122,1300.06760351538,100.0004000016,1200.05760276493,6201.53798141939,2400.23042212052,14208.0701838644,300.003600043201,100.0004000016,
147.85979,7502.25067520256,1700.11560786133,13707.5117164206,1700.11560786133,0,1600.10240655402,4800.92177698118,1900.14441097523,8402.82334864514,100.0004000016,300.003600043201,
147.98602,5801.34591225164,1800.12960933187,8602.95941803981,1000.04000160006,200.0016000128,1500.09000540032,4200.70571856072,1400.07840439065,6701.7960813498,300.003600043201,100.0004000016,
148.1123,7402.19104855037,1500.09000540032,5601.25468104855,800.025600819226,300.003600043201,900.032401166442,3700.5476810568,1600.10240655402,4700.88376614804,300.003600043201,100.0004000016,
148.23859,8402.82334864514,1100.04840212969,4500.81014582625,3100.38444767151,100.0004000016,1600.10240655402,2900.33643902693,1100.04840212969,3400.46246289495,100.0004000016,100.0004000016,
148.36485,3600.51847466035,1500.09000540032,3700.5476810568,1200.05760276493,0,1300.06760351538,2500.2500250025,1200.05760276493,2800.31363512713,100.0004000016,0,
148.49107,2900.33643902693,1000.04000160006,2600.27042812453,1100.04840212969,100.0004000016,1600.10240655402,3300.43565750679,1600.10240655402,1800.12960933187,200.0016000128,100.0004000016,
148.6173,3300.43565750679,1300.06760351538,1100.04840212969,1200.05760276493,0,1300.06760351538,2200.1936170383,1100.04840212969,1200.05760276493,0,100.0004000016,
148.74353,3700.5476810568,900.032401166442,900.032401166442,1500.09000540032,0,1100.04840212969,1600.10240655402,1000.04000160006,800.025600819226,0,0,
148.86976,4500.81014582625,800.025600819226,1000.04000160006,1000.04000160006,200.0016000128,1100.04840212969,1200.05760276493,1200.05760276493,400.006400102402,100.0004000016,0,
148.99607,3200.40965243551,800.025600819226,800.025600819226,1300.06760351538,0,1300.06760351538,600.014400345608,700.019600548815,600.014400345608,0,100.0004000016,
149.12237,2600.27042812453,1200.05760276493,500.010000200004,1000.04000160006,300.003600043201,1300.06760351538,1200.05760276493,800.025600819226,1000.04000160006,0,0,
149.2486,4900.9605882753,1000.04000160006,600.014400345608,1100.04840212969,100.0004000016,800.025600819226,1200.05760276493,900.032401166442,200.0016000128,0,0,
149.37482,2400.23042212052,1000.04000160006,700.019600548815,1000.04000160006,0,800.025600819226,900.032401166442,1100.04840212969,500.010000200004,300.003600043201,0,
149.50102,4300.73972723308,1200.05760276493,600.014400345608,1000.04000160006,300.003600043201,1500.09000540032,700.019600548815,1400.07840439065,300.003600043201,0,0,
149.62718,3200.40965243551,1500.09000540032,300.003600043201,400.006400102402,100.0004000016,1000.04000160006,1000.04000160006,1200.05760276493,0,100.0004000016,0,
149.75341,3800.57768780855,1200.05760276493,700.019600548815,1700.11560786133,0,1600.10240655402,1000.04000160006,1200.05760276493,0,100.0004000016,0,
149.87965,4900.9605882753,900.032401166442,1500.09000540032,1000.04000160006,300.003600043201,1600.10240655402,200.0016000128,700.019600548815,100.0004000016,0,0,
150.00588,3500.49006860961,1900.14441097523,200.0016000128,1800.12960933187,200.0016000128,1200.05760276493,600.014400345608,700.019600548815,200.0016000128,0,0,
150.13215,2300.21161946899,1100.04840212969,600.014400345608,1100.04840212969,100.0004000016,900.032401166442,1000.04000160006,400.006400102402,100.0004000016,200.0016000128,0,
150.25846,2900.33643902693,800.025600819226,300.003600043201,1300.06760351538,0,1000.04000160006,800.025600819226,1300.06760351538,100.0004000016,100.0004000016,0,
150.38478,2900.33643902693,800.025600819226,300.003600043201,1200.05760276493,100.0004000016,1200.05760276493,400.006400102402,1600.10240655402,400.006400102402,100.0004000016,0,
150.51099,2000.16001280102,600.014400345608,0,1400.07840439065,500.010000200004,700.019600548815,800.025600819226,700.019600548815,100.0004000016,0,0,
150.63731,1900.14441097523,1200.05760276493,100.0004000016,1100.04840212969,400.006400102402,1200.05760276493,300.003600043201,1000.04000160006,300.003600043201,0,100.0004000016,
150.76362,2600.27042812453,700.019600548815,600.014400345608,1600.10240655402,100.0004000016,1000.04000160006,500.010000200004,1100.04840212969,300.003600043201,100.0004000016,0,
150.88985,2600.27042812453,1200.05760276493,300.003600043201,800.025600819226,200.0016000128,900.032401166442,300.003600043201,1600.10240655402,300.003600043201,0,0,
151.01618,2600.27042812453,700.019600548815,200.0016000128,1900.14441097523,300.003600043201,1600.10240655402,700.019600548815,1700.11560786133,400.006400102402,100.0004000016,0,
151.14244,1900.14441097523,600.014400345608,300.003600043201,1100.04840212969,100.0004000016,700.019600548815,200.0016000128,1000.04000160006,100.0004000016,0,0,
151.26875,1200.05760276493,100.0004000016,300.003600043201,1300.06760351538,300.003600043201,200.0016000128,200.0016000128,1100.04840212969,200.0016000128,0,0,
151.39499,200.0016000128,0,100.0004000016,1000.04000160006,200.0016000128,0,500.010000200004,600.014400345608,0,0,0,
151.5213,200.0016000128,500.010000200004,0,1400.07840439065,200.0016000128,0,200.0016000128,1200.05760276493,0,0,0,
151.6476,300.003600043201,500.010000200004,100.0004000016,1000.04000160006,100.0004000016,0,200.0016000128,1100.04840212969,0,0,0,
151.77383,0,400.006400102402,400.006400102402,1800.12960933187,100.0004000016,200.0016000128,300.003600043201,1000.04000160006,0,0,0,
151.90006,0,200.0016000128,0,1800.12960933187,200.0016000128,0,0,800.025600819226,0,0,0,
152.02626,0,1100.04840212969,100.0004000016,800.025600819226,0,0,100.0004000016,1100.04840212969,0,0,0,
152.15242,100.0004000016,200.0016000128,100.0004000016,1400.07840439065,0,200.0016000128,0,1200.05760276493,0,0,0,
152.27873,0,300.003600043201,300.003600043201,1300.06760351538,100.0004000016,100.0004000016,0,1200.05760276493,0,0,0,
152.40497,0,400.006400102402,200.0016000128,1400.07840439065,100.0004000016,0,0,900.032401166442,0,0,0,
152.53126,0,500.010000200004,200.0016000128,1300.06760351538,300.003600043201,0,0,1000.04000160006,0,0,0,
152.65757,0,200.0016000128,300.003600043201,1600.10240655402,300.003600043201,200.0016000128,0,800.025600819226,0,0,0,
152.78389,0,200.0016000128,100.0004000016,1200.05760276493,300.003600043201,100.0004000016,100.0004000016,300.003600043201,0,0,0,
152.9102,0,400.006400102402,100.0004000016,1100.04840212969,100.0004000016,0,0,1900.14441097523,0,0,100.0004000016,
153.03641,100.0004000016,500.010000200004,200.0016000128,1000.04000160006,200.0016000128,0,100.0004000016,1600.10240655402,0,0,0,
153.16264,0,500.010000200004,100.0004000016,1500.09000540032,0,0,0,900.032401166442,0,0,0,
153.28895,0,400.006400102402,200.0016000128,2000.16001280102,0,100.0004000016,200.0016000128,1200.05760276493,0,0,0,
153.41521,0,100.0004000016,200.0016000128,1400.07840439065,400.006400102402,100.0004000016,0,600.014400345608,0,0,0,
153.54145,0,500.010000200004,400.006400102402,900.032401166442,100.0004000016,100.0004000016,200.0016000128,1000.04000160006,0,0,100.0004000016,
153.66765,0,400.006400102402,100.0004000016,1300.06760351538,200.0016000128,300.003600043201,0,500.010000200004,0,0,0,
153.79388,200.0016000128,500.010000200004,0,1300.06760351538,100.0004000016,100.0004000016,100.0004000016,1000.04000160006,0,0,0,
153.92017,0,200.0016000128,100.0004000016,2000.16001280102,100.0004000016,100.0004000016,0,800.025600819226,0,0,0,
154.04646,0,300.003600043201,200.0016000128,1800.12960933187,200.0016000128,0,0,1000.04000160006,0,0,0,
154.1728,0,400.006400102402,100.0004000016,1000.04000160006,400.006400102402,0,400.006400102402,500.010000200004,0,0,0,
154.29901,0,100.0004000016,200.0016000128,800.025600819226,200.0016000128,0,100.0004000016,500.010000200004,0,0,0,
154.42531,100.0004000016,300.003600043201,200.0016000128,900.032401166442,100.0004000016,0,0,700.019600548815,0,0,0,
154.5516,0,200.0016000128,200.0016000128,1500.09000540032,300.003600043201,0,100.0004000016,800.025600819226,0,0,0,
154.67776,0,200.0016000128,100.0004000016,1100.04840212969,100.0004000016,100.0004000016,200.0016000128,1500.09000540032,0,0,0,
154.80406,0,200.0016000128,200.0016000128,1500.09000540032,200.0016000128,100.0004000016,100.0004000016,1000.04000160006,0,0,0,
154.93034,0,300.003600043201,100.0004000016,1300.06760351538,200.0016000128,0,200.0016000128,900.032401166442,0,0,0,
155.05667,0,200.0016000128,100.0004000016,600.014400345608,300.003600043201,100.0004000016,0,500.010000200004,0,0,0,
155.1829,0,700.019600548815,200.0016000128,1400.07840439065,200.0016000128,0,100.0004000016,1200.05760276493,0,100.0004000016,0,
155.30921,0,500.010000200004,300.003600043201,700.019600548815,100.0004000016,0,0,500.010000200004,0,0,0,
155.43544,0,300.003600043201,100.0004000016,1600.10240655402,200.0016000128,0,300.003600043201,1200.05760276493,0,0,0,
155.56173,100.0004000016,200.0016000128,200.0016000128,1900.14441097523,200.0016000128,0,0,700.019600548815,0,0,0,
155.68788,100.0004000016,600.014400345608,100.0004000016,1300.06760351538,100.0004000016,0,100.0004000016,1000.04000160006,0,0,0,
155.81411,0,800.025600819226,0,700.019600548815,200.0016000128,100.0004000016,0,900.032401166442,0,0,0,
155.94042,0,300.003600043201,0,1200.05760276493,0,0,100.0004000016,500.010000200004,0,0,0,
156.06673,0,200.0016000128,300.003600043201,1400.07840439065,300.003600043201,0,100.0004000016,600.014400345608,0,0,0,
156.19293,0,400.006400102402,200.0016000128,1700.11560786133,100.0004000016,100.0004000016,200.0016000128,1200.05760276493,0,0,0,
156.31925,0,400.006400102402,100.0004000016,2000.16001280102,200.0016000128,300.003600043201,0,900.032401166442,0,0,0,
156.44552,0,700.019600548815,100.0004000016,1200.05760276493,0,200.0016000128,200.0016000128,1400.07840439065,0,0,0,
156.57177,0,200.0016000128,100.0004000016,1200.05760276493,200.0016000128,200.0016000128,100.0004000016,1100.04840212969,0,0,0,
156.69809,0,900.032401166442,300.003600043201,2100.17641481884,0,100.0004000016,100.0004000016,500.010000200004,0,0,0,
156.82433,0,400.006400102402,100.0004000016,1200.05760276493,100.0004000016,0,0,500.010000200004,0,0,0,
156.95058,0,200.0016000128,0,1400.07840439065,300.003600043201,0,0,700.019600548815,0,100.0004000016,0,
157.07684,0,600.014400345608,200.0016000128,1500.09000540032,100.0004000016,100.0004000016,200.0016000128,700.019600548815,0,0,0,
157.20309,100.0004000016,300.003600043201,100.0004000016,1100.04840212969,300.003600043201,200.0016000128,0,1100.04840212969,0,0,0,
157.32939,0,500.010000200004,300.003600043201,800.025600819226,100.0004000016,0,400.006400102402,800.025600819226,0,0,0,
157.45557,0,300.003600043201,100.0004000016,1700.11560786133,300.003600043201,100.0004000016,0,1000.04000160006,0,0,0,
157.58178,0,300.003600043201,100.0004000016,1600.10240655402,300.003600043201,0,0,1700.11560786133,0,0,0,
157.70806,0,400.006400102402,100.0004000016,800.025600819226,200.0016000128,0,100.0004000016,1000.04000160006,0,0,0,
157.8343,0,500.010000200004,800.025600819226,1800.12960933187,300.003600043201,100.0004000016,100.0004000016,900.032401166442,0,0,0,
157.96049,0,300.003600043201,0,1000.04000160006,200.0016000128,0,200.0016000128,1100.04840212969,0,0,0,
158.08673,0,400.006400102402,300.003600043201,1100.04840212969,100.0004000016,0,100.0004000016,1000.04000160006,0,0,0,
158.21289,0,200.0016000128,100.0004000016,1000.04000160006,200.0016000128,0,0,500.010000200004,0,0,0,
158.33926,0,400.006400102402,100.0004000016,1000.04000160006,0,0,0,600.014400345608,0,0,0,
158.46547,0,100.0004000016,100.0004000016,1000.04000160006,100.0004000016,100.0004000016,0,700.019600548815,0,0,0,
158.59174,0,0,200.0016000128,1500.09000540032,100.0004000016,200.0016000128,0,800.025600819226,0,0,0,
158.71804,0,400.006400102402,0,1600.10240655402,100.0004000016,200.0016000128,200.0016000128,500.010000200004,0,0,0,
158.84434,0,300.003600043201,0,1000.04000160006,200.0016000128,0,0,200.0016000128,0,0,0,
158.97061,0,600.014400345608,200.0016000128,1800.12960933187,200.0016000128,0,0,300.003600043201,0,0,0,
159.0968,100.0004000016,800.025600819226,100.0004000016,1600.10240655402,100.0004000016,0,0,800.025600819226,0,0,0,
159.22301,0,300.003600043201,300.003600043201,1300.06760351538,200.0016000128,100.0004000016,0,1100.04840212969,0,0,0,
159.34932,100.0004000016,300.003600043201,100.0004000016,900.032401166442,300.003600043201,0,100.0004000016,900.032401166442,0,0,0,
159.4756,0,200.0016000128,0,900.032401166442,300.003600043201,100.0004000016,100.0004000016,400.006400102402,0,0,100.0004000016,
159.60189,0,800.025600819226,100.0004000016,1700.11560786133,200.0016000128,0,0,1100.04840212969,0,0,0,
159.7281,0,400.006400102402,100.0004000016,900.032401166442,100.0004000016,0,0,400.006400102402,0,0,0,
159.85433,0,200.0016000128,100.0004000016,1500.09000540032,200.0016000128,100.0004000016,0,1100.04840212969,0,0,0,
159.98066,100.0004000016,500.010000200004,0,1700.11560786133,100.0004000016,100.0004000016,100.0004000016,700.019600548815,0,0,0,
160.10701,0,400.006400102402,0,1200.05760276493,0,100.0004000016,0,1200.05760276493,0,0,0,
160.2333,0,100.0004000016,100.0004000016,1700.11560786133,100.0004000016,200.0016000128,0,1200.05760276493,0,0,0,
160.35953,0,300.003600043201,200.0016000128,1500.09000540032,200.0016000128,100.0004000016,0,1000.04000160006,0,0,0,
160.48581,0,200.0016000128,0,1000.04000160006,300.003600043201,200.0016000128,100.0004000016,1400.07840439065,0,0,0,
160.61211,0,300.003600043201,200.0016000128,1300.06760351538,100.0004000016,0,100.0004000016,1200.05760276493,0,0,0,
160.73845,0,400.006400102402,100.0004000016,1800.12960933187,0,0,0,400.006400102402,0,0,0,
160.8648,0,1100.04840212969,0,2500.2500250025,200.0016000128,0,0,900.032401166442,100.0004000016,0,0,
160.99098,0,100.0004000016,100.0004000016,1300.06760351538,500.010000200004,100.0004000016,100.0004000016,700.019600548815,0,0,0,
161.11728,100.0004000016,300.003600043201,100.0004000016,1300.06760351538,200.0016000128,0,100.0004000016,1100.04840212969,0,0,0,
161.24359,0,800.025600819226,100.0004000016,600.014400345608,200.0016000128,0,0,1200.05760276493,0,0,0,
161.36991,0,200.0016000128,100.0004000016,1900.14441097523,100.0004000016,100.0004000016,0,1100.04840212969,0,0,100.0004000016,
161.49619,0,400.006400102402,100.0004000016,1000.04000160006,0,100.0004000016,100.0004000016,1200.05760276493,0,0,0,
161.62236,0,500.010000200004,100.0004000016,1600.10240655402,300.003600043201,100.0004000016,0,600.014400345608,0,0,0,
161.74865,0,500.010000200004,200.0016000128,1100.04840212969,300.003600043201,0,0,600.014400345608,0,0,0,
161.87497,0,400.006400102402,300.003600043201,1100.04840212969,0,100.0004000016,200.0016000128,1200.05760276493,0,0,0,

