- 46:03/07/2023 09:50:33 PM;
Software:Name=Qtegra;Version=2.10.3324.83;File Version=1;
Configuration:Machine=iCAP RQ;
STDS:Additional Gas Flow 1=0;Additional Gas Flow 2=0;Additional Gas Flow 3=0;CCT Entry Lens=-108.333333333333;Angular Deflection=-370;Deflection Entry Lens=-35;Extraction Lens 1 Polarity=0;Extraction Lens 1 Negative=0;Extraction Lens 1 Positive=0;Spray Chamber Temperature=2.7;Peristaltic Pump Speed=0;Cool Flow=14;Sampling Depth=5;Plasma Power=1550;Auxilliary Flow=0.8;Nebulizer Flow=1.105;Torch Horizontal Position=-0.723333333333333;Torch Vertical Position=0.3;Extraction Lens 2=-130;CCT Focus Lens=-1.08;CCT Bias=-2;CCT Exit Lens=-160;Focus Lens=18.8;D1 Lens=-200;D2 Lens=-80;Quad Entry Lens=-29.4;Pole Bias=-1;CCT1 Flow=0;CCT2 Flow=0;CCT1 Shut-Off Valve=0;CCT2 Shut-Off Valve=0;Virtual CCT Mass to Dac Factor=130;Virtual CCT Mass to Dac Offset=35;Virtual CCT Mass parameter b=0.65;Virtual CCT Mass Maximum Dac Limit Set=4095;
RF Generator:RF Plasma Lit Readback=1;RF FET Temperature Ok Readback=1;Plasma Power Readback=1548.6077186126;
Ion Optics:Pole Bias Readback=-0.793743890518083;Torch Horizontal Position Readback=-0.72316715542522;Torch Vertical Position Readback=0.300879765395894;Sampling Depth Readback=5;Extraction Lens 1 Negative Readback=-200.39100684262;Extraction Lens 1 Positive Readback=0.00977517106549364;Extraction Lens 2 Readback=-137.82991202346;Angular Deflection Readback=-369.560117302053;Quad Entry Lens Readback=-29.8142717497556;Focus Lens Readback=18.3040078201369;D2 Lens Readback=-80.9384164222874;Deflection Exit Lens Readback=34.6578690127077;Deflection Entry Lens Readback=-35.425219941349;D1 Lens Readback=-200.58651026393;CCT Exit Lens Readback=-162.267839687195;CCT Bias Readback=-2.01857282502444;CCT Entry Lens Readback=-109.237536656891;CCT Focus Lens Readback=-1.53958944281525;
Vacuum:Analyzer Vacuum Ok Readback=1;Interface Pressure Readback=2.02512396424301;Analyzer Pressure Readback=2.19605002409792E-07;
Detector:Detector Voltage (Counting) Readback=1618.76832844575;Detector Voltage (Analog) Readback=-1978.49462365591;
Cooling System:Plasma Cooling Water Flow Readback=0.909803921568627;Interface Temperature Readback=31.3538974560148;Exhaust Flow Readback=0.550695014662757;Quad Board Temperature Readback=0;Inlet Fan Speed Readback=0;Outlet Fan Speed Readback=2447.05882352941;Peltier Temperature Hot Side Readback=20.7862437909878;Spray Chamber Temperature Readback=2.6293915694153;
Power Supply:Supply Voltage 500 V Readback=-539.467253176931;Supply Voltage 1 kV Readback=-1168.13294232649;
Gas Supply:Nebulizer Supply Pressure Readback=0.0564456989247311;Nebulizer Flow Readback=1.10263929618768;Cool Flow Readback=13.919843597263;Auxilliary Flow Readback=0.797653958944281;CCT2 Flow Readback=0;CCT1 Flow Readback=0;Additional Gas Flow 1 Readback=0;
Pulse Counting:Threshold=2500000;

Time,24Mg,26Mg,43Ca,55Mn,59Co,63Cu,66Zn,86Sr,88Sr,138Ba,208Pb,
,dwell time=0.01;xcal factor=66096.21568,dwell time=0.01;xcal factor=66420.50783,dwell time=0.01;xcal factor=69176.99106,dwell time=0.01;xcal factor=80139.50903,dwell time=0.01;xcal factor=85118.72235,dwell time=0.01;xcal factor=86639.08057,dwell time=0.01;xcal factor=86821.65425,dwell time=0.01;xcal factor=85302.89892,dwell time=0.01;xcal factor=82608.9753,dwell time=0.01;xcal factor=93538.82005,dwell time=0.01;xcal factor=107923.33534,
0.01244,0,500.010000200004,100.0004000016,1000.04000160006,0,100.0004000016,0,1100.04840212969,0,0,0,
0.13867,0,300.003600043201,200.0016000128,1800.12960933187,100.0004000016,0,100.0004000016,1900.14441097523,0,0,0,
0.26498,0,100.0004000016,200.0016000128,1200.05760276493,200.0016000128,0,300.003600043201,1000.04000160006,0,0,0,
0.39116,0,700.019600548815,0,1300.06760351538,500.010000200004,0,0,1000.04000160006,0,0,0,
0.51747,0,500.010000200004,400.006400102402,1400.07840439065,400.006400102402,0,100.0004000016,700.019600548815,0,0,0,
0.64386,0,500.010000200004,0,700.019600548815,200.0016000128,100.0004000016,0,900.032401166442,0,0,0,
0.77014,0,400.006400102402,400.006400102402,1000.04000160006,100.0004000016,100.0004000016,100.0004000016,1000.04000160006,0,0,0,
0.89636,0,400.006400102402,100.0004000016,800.025600819226,300.003600043201,0,200.0016000128,1200.05760276493,0,0,0,
1.02266,0,500.010000200004,700.019600548815,1100.04840212969,300.003600043201,0,200.0016000128,1200.05760276493,0,0,0,
1.14892,100.0004000016,600.014400345608,200.0016000128,800.025600819226,100.0004000016,0,0,600.014400345608,0,0,0,
1.27516,0,500.010000200004,0,900.032401166442,200.0016000128,0,100.0004000016,500.010000200004,0,0,0,
1.40137,0,400.006400102402,0,900.032401166442,200.0016000128,100.0004000016,0,1500.09000540032,0,0,0,
1.52766,100.0004000016,400.006400102402,200.0016000128,1500.09000540032,300.003600043201,0,100.0004000016,1600.10240655402,0,0,0,
1.65392,0,200.0016000128,0,1100.04840212969,200.0016000128,100.0004000016,100.0004000016,500.010000200004,0,0,0,
1.7801,0,300.003600043201,300.003600043201,1200.05760276493,500.010000200004,200.0016000128,0,900.032401166442,0,0,0,
1.90629,0,0,100.0004000016,1100.04840212969,300.003600043201,0,0,700.019600548815,0,0,0,
2.0325,0,300.003600043201,300.003600043201,1300.06760351538,100.0004000016,100.0004000016,0,1400.07840439065,0,0,0,
2.15877,0,400.006400102402,100.0004000016,900.032401166442,0,0,0,800.025600819226,0,0,100.0004000016,
2.285,0,0,200.0016000128,1100.04840212969,100.0004000016,0,100.0004000016,900.032401166442,0,0,0,
2.41126,0,400.006400102402,100.0004000016,1700.11560786133,200.0016000128,200.0016000128,100.0004000016,600.014400345608,0,0,0,
2.53757,0,500.010000200004,0,800.025600819226,200.0016000128,0,0,800.025600819226,0,0,0,
2.6638,0,600.014400345608,0,1700.11560786133,0,100.0004000016,0,600.014400345608,0,0,0,
2.79007,0,500.010000200004,400.006400102402,1200.05760276493,300.003600043201,100.0004000016,100.0004000016,300.003600043201,0,0,0,
2.91626,0,900.032401166442,100.0004000016,1300.06760351538,100.0004000016,100.0004000016,200.0016000128,900.032401166442,0,0,0,
3.04248,0,500.010000200004,100.0004000016,1100.04840212969,100.0004000016,0,0,700.019600548815,0,0,0,
3.16874,0,300.003600043201,0,1500.09000540032,400.006400102402,100.0004000016,0,1200.05760276493,0,0,0,
3.29503,0,100.0004000016,0,1300.06760351538,100.0004000016,300.003600043201,0,600.014400345608,0,0,0,
3.42132,0,200.0016000128,200.0016000128,1300.06760351538,0,100.0004000016,100.0004000016,900.032401166442,0,0,0,
3.54748,0,100.0004000016,400.006400102402,1000.04000160006,100.0004000016,100.0004000016,0,1200.05760276493,0,0,0,
3.6737,100.0004000016,500.010000200004,100.0004000016,1100.04840212969,200.0016000128,0,100.0004000016,200.0016000128,0,0,0,
3.80002,0,200.0016000128,400.006400102402,800.025600819226,200.0016000128,0,0,600.014400345608,0,0,0,
3.92634,0,400.006400102402,0,1100.04840212969,300.003600043201,100.0004000016,100.0004000016,900.032401166442,0,0,0,
4.05257,0,200.0016000128,0,1300.06760351538,600.014400345608,0,200.0016000128,1100.04840212969,0,0,0,
4.17885,0,400.006400102402,200.0016000128,800.025600819226,300.003600043201,0,0,600.014400345608,0,0,0,
4.30512,0,400.006400102402,600.014400345608,500.010000200004,100.0004000016,0,0,1100.04840212969,0,0,0,
4.43136,100.0004000016,600.014400345608,0,600.014400345608,100.0004000016,0,100.0004000016,1200.05760276493,0,0,100.0004000016,
4.55767,0,300.003600043201,200.0016000128,500.010000200004,100.0004000016,0,100.0004000016,700.019600548815,0,0,0,
4.6839,0,500.010000200004,100.0004000016,900.032401166442,100.0004000016,100.0004000016,0,400.006400102402,0,0,0,
4.81016,0,600.014400345608,0,1200.05760276493,100.0004000016,0,100.0004000016,1100.04840212969,0,0,0,
4.93642,0,600.014400345608,100.0004000016,1700.11560786133,100.0004000016,0,100.0004000016,1300.06760351538,0,0,0,
5.06266,0,200.0016000128,200.0016000128,1400.07840439065,200.0016000128,0,0,800.025600819226,0,0,0,
5.18897,100.0004000016,700.019600548815,200.0016000128,1300.06760351538,100.0004000016,100.0004000016,100.0004000016,700.019600548815,0,0,0,
5.31515,0,500.010000200004,100.0004000016,1100.04840212969,500.010000200004,100.0004000016,0,700.019600548815,0,0,0,
5.44142,0,400.006400102402,100.0004000016,1000.04000160006,100.0004000016,0,100.0004000016,1100.04840212969,0,0,0,
5.56772,0,200.0016000128,100.0004000016,1600.10240655402,200.0016000128,0,100.0004000016,1100.04840212969,100.0004000016,0,0,
5.69399,0,400.006400102402,200.0016000128,1300.06760351538,100.0004000016,0,0,400.006400102402,0,0,0,
5.82015,200.0016000128,800.025600819226,100.0004000016,1300.06760351538,200.0016000128,100.0004000016,0,900.032401166442,0,0,0,
5.94631,0,600.014400345608,0,600.014400345608,200.0016000128,100.0004000016,100.0004000016,1100.04840212969,0,0,0,
6.07257,0,600.014400345608,200.0016000128,700.019600548815,0,100.0004000016,0,1200.05760276493,0,0,0,
6.19883,0,200.0016000128,200.0016000128,900.032401166442,0,0,200.0016000128,800.025600819226,0,0,0,
6.32505,0,200.0016000128,200.0016000128,1800.12960933187,100.0004000016,100.0004000016,100.0004000016,1500.09000540032,0,0,0,
6.45131,0,300.003600043201,200.0016000128,1500.09000540032,100.0004000016,0,0,900.032401166442,0,0,0,
6.5776,0,300.003600043201,0,1200.05760276493,300.003600043201,0,0,800.025600819226,0,0,0,
6.70384,100.0004000016,600.014400345608,200.0016000128,1500.09000540032,300.003600043201,0,0,500.010000200004,0,0,0,
6.83013,0,500.010000200004,200.0016000128,1800.12960933187,0,0,200.0016000128,700.019600548815,0,0,0,
6.95634,100.0004000016,800.025600819226,300.003600043201,1100.04840212969,200.0016000128,0,0,1800.12960933187,0,0,0,
7.0826,100.0004000016,400.006400102402,0,1300.06760351538,100.0004000016,0,0,800.025600819226,0,0,0,
7.2089,0,400.006400102402,100.0004000016,800.025600819226,400.006400102402,0,100.0004000016,1000.04000160006,0,0,0,
7.33518,0,900.032401166442,200.0016000128,1200.05760276493,300.003600043201,0,0,1100.04840212969,0,0,0,
7.46149,0,300.003600043201,0,1500.09000540032,100.0004000016,0,0,1000.04000160006,0,0,0,
7.58769,100.0004000016,200.0016000128,100.0004000016,1400.07840439065,200.0016000128,100.0004000016,100.0004000016,1200.05760276493,0,0,0,
7.71389,0,600.014400345608,100.0004000016,1400.07840439065,200.0016000128,0,0,800.025600819226,0,0,0,
7.84025,0,500.010000200004,300.003600043201,1600.10240655402,200.0016000128,0,0,900.032401166442,0,0,0,
7.9664,0,400.006400102402,100.0004000016,1600.10240655402,100.0004000016,200.0016000128,0,900.032401166442,0,0,0,
8.09265,0,500.010000200004,0,1300.06760351538,100.0004000016,0,100.0004000016,1000.04000160006,0,0,0,
8.21887,0,700.019600548815,100.0004000016,1300.06760351538,0,0,0,800.025600819226,0,0,0,
8.34515,0,600.014400345608,0,1200.05760276493,400.006400102402,0,100.0004000016,700.019600548815,0,0,0,
8.47137,0,300.003600043201,0,1500.09000540032,400.006400102402,0,0,800.025600819226,0,0,0,
8.59753,100.0004000016,300.003600043201,0,1200.05760276493,300.003600043201,0,0,700.019600548815,0,0,0,
8.72377,0,500.010000200004,100.0004000016,900.032401166442,0,200.0016000128,0,1000.04000160006,0,0,100.0004000016,
8.84997,0,700.019600548815,0,600.014400345608,300.003600043201,100.0004000016,0,1200.05760276493,0,0,0,
8.97621,0,500.010000200004,100.0004000016,1000.04000160006,100.0004000016,0,0,1000.04000160006,0,0,0,
9.10252,100.0004000016,500.010000200004,0,1500.09000540032,0,0,200.0016000128,700.019600548815,0,0,0,
9.22883,0,500.010000200004,100.0004000016,1500.09000540032,0,0,0,1200.05760276493,0,0,0,
9.35511,0,0,200.0016000128,1400.07840439065,100.0004000016,0,0,800.025600819226,0,0,0,
9.4815,0,200.0016000128,100.0004000016,1500.09000540032,100.0004000016,100.0004000016,300.003600043201,900.032401166442,0,0,0,
9.60783,0,500.010000200004,200.0016000128,1500.09000540032,200.0016000128,0,200.0016000128,1200.05760276493,0,0,0,
9.73413,0,100.0004000016,600.014400345608,700.019600548815,300.003600043201,0,0,1100.04840212969,0,0,0,
9.86037,0,200.0016000128,200.0016000128,1000.04000160006,0,0,200.0016000128,1200.05760276493,0,0,0,
9.98665,0,400.006400102402,300.003600043201,1100.04840212969,200.0016000128,100.0004000016,0,500.010000200004,0,0,0,
10.11289,0,400.006400102402,100.0004000016,900.032401166442,100.0004000016,0,0,600.014400345608,0,0,0,
10.23915,0,300.003600043201,0,1500.09000540032,100.0004000016,100.0004000016,0,900.032401166442,0,0,0,
10.36548,0,600.014400345608,200.0016000128,1200.05760276493,100.0004000016,0,100.0004000016,800.025600819226,0,0,0,
10.49173,0,500.010000200004,200.0016000128,1400.07840439065,100.0004000016,200.0016000128,0,900.032401166442,0,0,0,
10.61797,0,100.0004000016,0,1300.06760351538,0,0,0,700.019600548815,0,0,0,
10.74419,0,300.003600043201,400.006400102402,1400.07840439065,200.0016000128,200.0016000128,0,1200.05760276493,0,0,0,
10.8705,0,400.006400102402,100.0004000016,1100.04840212969,0,200.0016000128,0,800.025600819226,0,0,0,
10.99674,200.0016000128,500.010000200004,0,1700.11560786133,0,0,0,700.019600548815,0,0,0,
11.12291,0,900.032401166442,200.0016000128,800.025600819226,200.0016000128,0,0,1200.05760276493,0,0,0,
11.24926,0,300.003600043201,200.0016000128,400.006400102402,0,100.0004000016,0,1400.07840439065,0,0,0,
11.37546,0,300.003600043201,200.0016000128,1300.06760351538,100.0004000016,0,0,800.025600819226,0,0,0,
11.50165,0,400.006400102402,400.006400102402,700.019600548815,200.0016000128,200.0016000128,0,600.014400345608,0,0,0,
11.62795,0,700.019600548815,0,1200.05760276493,100.0004000016,100.0004000016,0,700.019600548815,0,0,0,
11.75416,0,300.003600043201,0,1400.07840439065,300.003600043201,0,100.0004000016,1500.09000540032,0,0,0,
11.88047,0,200.0016000128,100.0004000016,1300.06760351538,200.0016000128,0,0,1700.11560786133,0,0,0,
12.00675,0,600.014400345608,0,1600.10240655402,100.0004000016,0,0,1100.04840212969,0,0,0,
12.13308,0,700.019600548815,100.0004000016,1600.10240655402,200.0016000128,100.0004000016,0,600.014400345608,0,0,0,
12.25939,100.0004000016,800.025600819226,200.0016000128,1200.05760276493,100.0004000016,0,0,1000.04000160006,0,0,0,
12.38566,0,300.003600043201,100.0004000016,1300.06760351538,100.0004000016,0,100.0004000016,1200.05760276493,0,0,0,
12.51195,0,900.032401166442,100.0004000016,1400.07840439065,100.0004000016,0,0,700.019600548815,0,0,0,
12.6382,0,700.019600548815,200.0016000128,1400.07840439065,0,0,0,600.014400345608,0,0,0,
12.76451,0,600.014400345608,300.003600043201,1400.07840439065,100.0004000016,100.0004000016,0,800.025600819226,0,0,0,
12.89082,0,700.019600548815,200.0016000128,1300.06760351538,300.003600043201,200.0016000128,200.0016000128,1000.04000160006,0,0,0,
13.01707,0,300.003600043201,0,800.025600819226,100.0004000016,100.0004000016,100.0004000016,1300.06760351538,0,0,0,
13.14335,0,200.0016000128,0,1400.07840439065,400.006400102402,0,0,1300.06760351538,0,0,0,
13.26958,0,400.006400102402,100.0004000016,1100.04840212969,200.0016000128,0,0,1200.05760276493,0,0,0,
13.39586,0,200.0016000128,300.003600043201,1500.09000540032,100.0004000016,100.0004000016,0,900.032401166442,0,0,0,
13.52201,0,200.0016000128,500.010000200004,1200.05760276493,0,0,100.0004000016,800.025600819226,0,0,0,
13.64817,100.0004000016,200.0016000128,200.0016000128,1300.06760351538,200.0016000128,200.0016000128,0,800.025600819226,0,0,0,
13.77448,0,100.0004000016,0,1500.09000540032,200.0016000128,0,0,1600.10240655402,0,0,0,
13.90068,0,100.0004000016,0,2000.16001280102,100.0004000016,100.0004000016,0,900.032401166442,0,0,0,
14.02686,0,200.0016000128,100.0004000016,1500.09000540032,200.0016000128,0,0,1400.07840439065,0,0,0,
14.15315,0,300.003600043201,100.0004000016,1000.04000160006,0,0,0,1400.07840439065,0,0,0,
14.27937,100.0004000016,400.006400102402,100.0004000016,1300.06760351538,200.0016000128,0,0,700.019600548815,0,0,0,
14.40558,100.0004000016,100.0004000016,300.003600043201,1100.04840212969,300.003600043201,0,0,1100.04840212969,0,0,0,
14.5318,0,400.006400102402,200.0016000128,1000.04000160006,0,0,0,1200.05760276493,0,0,0,
14.65807,0,500.010000200004,100.0004000016,900.032401166442,500.010000200004,0,0,900.032401166442,0,0,0,
14.78431,100.0004000016,700.019600548815,0,1400.07840439065,0,200.0016000128,100.0004000016,600.014400345608,0,100.0004000016,0,
14.91054,100.0004000016,200.0016000128,100.0004000016,1100.04840212969,400.006400102402,100.0004000016,0,1700.11560786133,0,0,0,
15.03682,0,200.0016000128,0,1100.04840212969,100.0004000016,100.0004000016,0,700.019600548815,0,0,0,
15.1631,0,200.0016000128,200.0016000128,800.025600819226,100.0004000016,300.003600043201,0,700.019600548815,0,0,0,
15.28934,0,400.006400102402,200.0016000128,1100.04840212969,0,0,0,400.006400102402,0,0,0,
15.41565,0,200.0016000128,100.0004000016,1200.05760276493,0,200.0016000128,0,1000.04000160006,0,0,0,
15.54194,0,600.014400345608,100.0004000016,1100.04840212969,200.0016000128,0,0,1400.07840439065,0,0,0,
15.66818,0,300.003600043201,0,1000.04000160006,0,100.0004000016,100.0004000016,1300.06760351538,0,0,0,
15.79442,0,500.010000200004,200.0016000128,1300.06760351538,100.0004000016,0,0,1500.09000540032,0,0,0,
15.92068,100.0004000016,1000.04000160006,100.0004000016,1200.05760276493,400.006400102402,0,100.0004000016,1100.04840212969,0,0,0,
16.04695,0,300.003600043201,300.003600043201,1400.07840439065,100.0004000016,0,0,600.014400345608,0,0,0,
16.17318,0,600.014400345608,200.0016000128,1200.05760276493,200.0016000128,100.0004000016,100.0004000016,800.025600819226,0,0,0,
16.29935,0,0,0,2000.16001280102,300.003600043201,100.0004000016,100.0004000016,1100.04840212969,0,0,0,
16.42559,100.0004000016,500.010000200004,100.0004000016,1100.04840212969,200.0016000128,0,0,900.032401166442,0,0,0,
16.55191,0,500.010000200004,100.0004000016,1400.07840439065,100.0004000016,100.0004000016,200.0016000128,1100.04840212969,0,0,0,
16.67809,0,500.010000200004,100.0004000016,700.019600548815,0,0,100.0004000016,900.032401166442,0,0,0,
16.80439,0,600.014400345608,0,1600.10240655402,600.014400345608,100.0004000016,200.0016000128,1200.05760276493,0,0,0,
16.93065,0,300.003600043201,0,1100.04840212969,100.0004000016,0,0,1400.07840439065,0,0,0,
17.05692,0,400.006400102402,100.0004000016,1300.06760351538,100.0004000016,0,0,1000.04000160006,0,0,0,
17.1832,0,300.003600043201,100.0004000016,1200.05760276493,100.0004000016,0,100.0004000016,1000.04000160006,0,0,0,
17.30952,0,700.019600548815,0,1600.10240655402,100.0004000016,0,0,700.019600548815,0,0,0,
17.43578,0,300.003600043201,0,900.032401166442,100.0004000016,0,0,1100.04840212969,0,0,0,
17.56206,0,0,0,1800.12960933187,600.014400345608,100.0004000016,100.0004000016,700.019600548815,0,0,0,
17.68836,100.0004000016,300.003600043201,0,1300.06760351538,0,100.0004000016,0,1100.04840212969,0,0,0,
17.81454,0,400.006400102402,100.0004000016,2000.16001280102,400.006400102402,0,0,700.019600548815,0,0,0,
17.94078,0,600.014400345608,200.0016000128,1100.04840212969,0,0,200.0016000128,1500.09000540032,0,200.0016000128,0,
18.06707,100.0004000016,400.006400102402,100.0004000016,1100.04840212969,100.0004000016,0,0,1100.04840212969,0,0,0,
18.19332,0,200.0016000128,0,700.019600548815,200.0016000128,0,200.0016000128,1000.04000160006,0,0,0,
18.31953,0,0,100.0004000016,1200.05760276493,300.003600043201,0,0,700.019600548815,0,0,0,
18.44584,0,300.003600043201,0,1500.09000540032,100.0004000016,0,0,1300.06760351538,0,0,0,
18.57208,0,400.006400102402,100.0004000016,1200.05760276493,200.0016000128,0,0,1100.04840212969,0,0,0,
18.69837,0,600.014400345608,200.0016000128,900.032401166442,100.0004000016,200.0016000128,0,500.010000200004,0,0,0,
18.82462,0,500.010000200004,0,1300.06760351538,300.003600043201,0,0,900.032401166442,0,0,0,
18.95083,0,100.0004000016,100.0004000016,1300.06760351538,0,0,100.0004000016,600.014400345608,0,0,0,
19.07714,0,800.025600819226,0,1200.05760276493,0,0,100.0004000016,1200.05760276493,0,0,0,
19.20332,0,200.0016000128,400.006400102402,1500.09000540032,200.0016000128,0,100.0004000016,1300.06760351538,0,0,0,
19.32959,0,400.006400102402,100.0004000016,2100.17641481884,200.0016000128,0,0,600.014400345608,0,0,0,
19.45581,100.0004000016,700.019600548815,0,1700.11560786133,300.003600043201,0,0,1000.04000160006,0,0,0,
19.58204,0,100.0004000016,100.0004000016,1600.10240655402,100.0004000016,100.0004000016,0,1000.04000160006,0,0,0,
19.70827,0,800.025600819226,0,700.019600548815,0,200.0016000128,0,1100.04840212969,0,0,0,
19.83455,100.0004000016,200.0016000128,200.0016000128,1000.04000160006,0,100.0004000016,100.0004000016,1100.04840212969,0,0,0,
19.96072,0,500.010000200004,100.0004000016,1700.11560786133,0,100.0004000016,200.0016000128,300.003600043201,0,0,0,
20.08701,0,400.006400102402,200.0016000128,1300.06760351538,100.0004000016,0,0,700.019600548815,0,0,0,
20.21329,0,200.0016000128,0,1500.09000540032,0,100.0004000016,0,500.010000200004,0,0,0,
20.33963,100.0004000016,100.0004000016,0,700.019600548815,100.0004000016,0,100.0004000016,1000.04000160006,0,0,0,
20.46586,0,300.003600043201,200.0016000128,1000.04000160006,200.0016000128,100.0004000016,0,1100.04840212969,0,0,0,
20.59212,0,500.010000200004,100.0004000016,1600.10240655402,200.0016000128,100.0004000016,100.0004000016,1500.09000540032,0,0,0,
20.71841,0,500.010000200004,1000.04000160006,1400.07840439065,200.0016000128,100.0004000016,12806.5569571621,78646.6358500257,825552.794659261,4200.70571856072,100.0004000016,
20.84456,29635.0879441258,4400.77453631839,372158.825654703,6301.58800017604,500.010000200004,600.014400345608,53916.0272907297,301287.734340527,2381079.79955583,8602.95941803981,300.003600043201,
20.97076,59139.5693837456,8803.09869073914,706095.017953137,8502.8909829342,100.0004000016,500.010000200004,68286.0110942207,413632.278972557,3152647.62885663,7102.01697282028,300.003600043201,
21.09708,71202.2142885796,11305.1099096792,827940.459365418,9703.76506084361,200.0016000128,700.019600548815,66978.9678019669,464056.974299637,3806910.71323161,11805.5722300926,0,
21.22331,81464.597011092,10704.5815609081,937053.882673218,10104.0820491479,800.025600819226,200.0016000128,61651.6630912044,472151.805873674,3806084.62347861,8602.95941803981,0,
21.34958,81665.9041840232,11705.4781637807,910387.370655346,11004.8421305374,400.006400102402,200.0016000128,57733.0168708705,477135.799248323,3868867.44470651,8202.69048247825,0,
21.47583,77439.1320397387,11605.3848985929,882810.914677831,9603.68781612139,100.0004000016,300.003600043201,51104.2526754579,458559.57506609,3645823.21139686,7702.37233067785,100.0004000016,
21.60209,75929.915784997,10604.4963064339,867278.100141546,13006.7635170289,500.010000200004,500.010000200004,46988.1497689666,463953.227810711,3929171.99667542,6901.90492575951,100.0004000016,
21.72838,74823.2726455744,12806.5569571621,904266.121779064,12406.1534521122,300.003600043201,900.032401166442,41368.3404985035,467377.308363079,3952302.50975938,7202.07419736884,0,
21.85459,73515.5475855207,10304.2453490838,899542.924866462,11805.5722300926,400.006400102402,200.0016000128,38158.1530252104,487213.574693848,3773867.12311166,6401.6388195378,0,
21.98077,66777.8963157853,12005.7627661277,888171.383836668,12706.4548790786,100.0004000016,200.0016000128,39562.5087638469,473812.920317913,3973780.84333735,6101.48876325823,0,
22.10706,70397.6766761065,11305.1099096792,894714.163787175,12806.5569571621,600.014400345608,400.006400102402,37656.6355799122,505103.061020449,4172868.47381004,5901.39272868397,0,
22.23339,72912.0281779415,10604.4963064339,891817.77131518,12205.9565067753,100.0004000016,600.014400345608,34447.3996218797,465613.273085088,3799475.90545462,5201.0818250196,100.0004000016,
22.35956,65068.9189134994,11505.2924345199,858930.226400106,11405.2007715518,900.032401166442,300.003600043201,26427.9078707115,464990.730743374,3655736.28843284,6101.48876325823,0,
22.48571,64365.2900648866,9403.53572943427,852833.263703036,11405.2007715518,100.0004000016,100.0004000016,25025.025025025,463849.482167157,3820954.23903259,6301.58800017604,100.0004000016,
22.61187,73414.9589999519,9903.92195309342,848877.1247777,11104.9305891816,200.0016000128,200.0016000128,26528.1198069954,465820.793963174,3910998.02210945,6501.69043951427,0,
22.73811,71705.0765188439,9703.76506084361,834025.685221697,11205.0198488923,100.0004000016,400.006400102402,24624.2302425587,445707.003879961,3507040.13289308,5001.00020004001,0,
22.86438,62857.6469786224,10904.7544729502,811087.617285582,10004.0016006403,200.0016000128,300.003600043201,19114.6035571176,452442.620013357,3668127.63472782,6201.53798141939,100.0004000016,
22.9907,57733.0168708705,10104.0820491479,873167.662266158,11605.3848985929,600.014400345608,100.0004000016,20817.3200102485,482121.743384841,3815997.70051459,7402.19104855037,0,
23.11701,65873.1145450243,12205.9565067753,821538.054749924,9203.38684635946,300.003600043201,400.006400102402,22420.0883992057,471944.181800398,3786258.46940664,5801.34591225164,0,
23.24325,65068.9189134994,9503.61137232148,838725.013952912,11405.2007715518,100.0004000016,400.006400102402,21418.3340939844,481082.844096543,3778823.66162965,6101.48876325823,100.0004000016,
23.36952,59842.904856798,9903.92195309342,842784.901197865,10704.5815609081,300.003600043201,300.003600043201,22920.9956319989,470802.30989612,3713562.57114275,4800.92177698118,0,
23.49568,60345.3115101164,10104.0820491479,829648.303508699,10204.1632986258,700.019600548815,500.010000200004,17311.9798900839,453168.206753031,3641692.76263187,6301.58800017604,0,
23.622,63862.7222162069,9403.53572943427,870918.603881052,11805.5722300926,300.003600043201,200.0016000128,21819.0261908384,470179.513825213,3811867.2517496,5601.25468104855,0,
23.74831,64264.7748827995,8202.69048247825,872632.136706849,9703.76506084361,200.0016000128,100.0004000016,21318.1630749398,457937.377547321,3719345.19941375,5401.16665199683,100.0004000016,
23.87454,59541.4705339888,8502.8909829342,831463.13540233,10804.6676164103,300.003600043201,100.0004000016,21217.9928579435,451509.783560361,3547518.53079001,4800.92177698118,100.0004000016,
24.00082,62455.6394535182,9303.46088745013,806185.226475082,9703.76506084361,100.0004000016,300.003600043201,22219.7311212357,432556.928235428,3445909.49117117,5601.25468104855,0,
24.12709,60043.8651007815,11205.0198488923,835841.132312577,8803.09869073914,200.0016000128,400.006400102402,22820.8125810739,462189.666832341,3568996.86436798,7402.19104855037,0,
24.25333,58034.4076882059,9103.31360615264,850694.6598669,10504.4118529783,500.010000200004,600.014400345608,24624.2302425587,436386.649356358,3419474.61907521,6401.6388195378,0,
24.37968,59340.5183474468,10104.0820491479,826339.560580328,9203.38684635946,400.006400102402,300.003600043201,24724.4277346018,431315.104166667,3568996.86436798,6601.74286011507,0,
24.50591,57532.0936871056,9303.46088745013,814392.453110738,11205.0198488923,200.0016000128,500.010000200004,22319.9093591484,431936.001041692,3645823.21139686,4500.81014582625,100.0004000016,
24.63215,61149.2040579013,7902.49718911176,824845.567423507,10004.0016006403,200.0016000128,200.0016000128,22520.2682414173,457729.985132686,3521909.74844705,4700.88376614804,0,
24.75836,61350.1852535006,9503.61137232148,816205.141761946,8102.62525058119,300.003600043201,600.014400345608,23522.1107841371,447882.736156352,3552475.06930801,5901.39272868397,0,
24.88457,62455.6394535182,9903.92195309342,850801.581655444,8703.02865397158,0,500.010000200004,24223.4482979524,466028.31822349,3545866.35128402,5701.29989637637,0,
25.01087,65873.1145450243,10504.4118529783,847808.105872622,8202.69048247825,400.006400102402,400.006400102402,26027.0681508769,425107.802457082,3603692.63399393,5101.04061228491,0,
25.13708,60144.3464314354,9803.84310649775,859251.198834886,11905.6670975384,400.006400102402,400.006400102402,25425.8326459683,453064.548971696,3478953.08129112,6501.69043951427,0,
25.26344,63159.1610859366,9903.92195309342,829541.55663282,9803.84310649775,300.003600043201,700.019600548815,26728.5460872212,425624.961861563,3402126.73426224,5601.25468104855,100.0004000016,
25.38973,53413.8783887248,9403.53572943427,846952.95441011,9903.92195309342,500.010000200004,0,29434.6151073663,451717.074640724,3588823.01843995,5601.25468104855,0,
25.51599,56427.0737701303,10704.5815609081,856041.833007202,9503.61137232148,200.0016000128,300.003600043201,33143.8825004306,427693.809882219,3395518.01623825,4800.92177698118,0,
25.64228,48694.6624237518,10304.2453490838,796705.451153422,8002.56081946223,400.006400102402,800.025600819226,24123.2548176442,415595.822895995,3283169.80983043,5501.21026625858,0,
25.76852,50200.6020064209,8602.95941803981,848877.1247777,10204.1632986258,100.0004000016,200.0016000128,25726.4467872973,439699.770839184,3396344.10599125,5001.00020004001,200.0016000128,
25.89479,54317.7609056434,8602.95941803981,864708.949603132,10404.3282005314,200.0016000128,200.0016000128,23121.3641404658,438560.787984859,3328604.74624535,3800.57768780855,0,
26.02106,54920.3854849831,8102.62525058119,846097.85952956,9603.68781612139,300.003600043201,300.003600043201,27530.2833116428,437525.437525438,3366604.8748833,5901.39272868397,0,
26.14727,50100.2004008016,7102.01697282028,852833.263703036,8302.75651516303,200.0016000128,0,25626.2412710616,443531.643611435,3380648.40068427,5201.0818250196,0,
26.27358,52510.0610880405,8803.09869073914,831890.191734622,6401.6388195378,400.006400102402,100.0004000016,26327.6967369673,411669.038422444,3355039.61834131,5701.29989637637,100.0004000016,
26.39981,52309.2216548153,9003.24116682005,813965.975127727,8502.8909829342,500.010000200004,100.0004000016,24423.8376655616,423763.286458694,3331909.10525735,4900.9605882753,0,
26.52609,49397.4116958642,9103.31360615264,896752.754378623,8803.09869073914,300.003600043201,500.010000200004,26227.4864057532,449540.686689687,3464083.46573714,5301.12383825371,0,
26.65233,52610.4820122257,6901.90492575951,835520.740756051,8102.62525058119,300.003600043201,400.006400102402,24023.0621396541,427073.12012563,3183212.94971758,5901.39272868397,0,
26.77859,51204.6623298021,7602.31110257518,884954.835930802,9003.24116682005,200.0016000128,0,29635.0879441258,441563.780982736,3340996.09254034,6401.6388195378,100.0004000016,
26.90482,56226.1715289109,8803.09869073914,877131.24052897,9103.31360615264,100.0004000016,300.003600043201,28532.5270808722,558179.51908691,3324474.29748036,7602.31110257518,0,
27.03107,52208.8031457558,8402.82334864514,903407.230573481,9403.53572943427,200.0016000128,300.003600043201,25325.6295370915,419110.290469257,3266648.01477045,5101.04061228491,0,
27.15726,48995.8358549322,7802.43435952017,887635.237006478,8803.09869073914,100.0004000016,100.0004000016,31038.4877247787,427693.809882219,3241039.23242749,7302.132222609,0,
27.28354,46887.7739127647,8602.95941803981,837763.64854027,7902.49718911176,200.0016000128,200.0016000128,26728.5460872212,391228.04166599,3125386.66700767,5401.16665199683,0,
27.40973,47490.0411179596,6001.44034568296,815245.451353751,7102.01697282028,400.006400102402,400.006400102402,29033.6790677186,399689.514195378,3228647.88613251,6301.58800017604,0,
27.53605,45783.6925900546,7302.132222609,848449.506604796,7102.01697282028,500.010000200004,100.0004000016,24924.8251258253,408673.098110001,3317039.48970337,5601.25468104855,0,
27.66232,52811.3262757894,8502.8909829342,912965.604165976,7502.25067520256,500.010000200004,300.003600043201,32542.3049964954,420350.92286042,3445083.40141817,4400.77453631839,0,
27.78844,47791.1855820906,7602.31110257518,916145.481043019,7202.07419736884,600.014400345608,500.010000200004,39562.5087638469,417042.838900682,3380648.40068427,5501.21026625858,100.0004000016,
27.91472,55322.1513100927,5101.04061228491,854544.401560373,8102.62525058119,200.0016000128,400.006400102402,29133.9118734207,412598.956660337,3293082.88686641,7001.96054895371,0,
28.04095,48092.3372875922,7702.37233067785,913287.919432478,7302.132222609,300.003600043201,200.0016000128,29635.0879441258,415905.883883876,3432692.05512319,6401.6388195378,0,
28.16721,52007.9685426946,6501.69043951427,876809.824079096,8002.56081946223,100.0004000016,100.0004000016,27931.1711870447,411152.446585758,3270778.46353545,4700.88376614804,0,
28.2935,47991.9525811455,8302.75651516303,902655.747488478,7502.25067520256,200.0016000128,500.010000200004,25325.6295370915,412805.614400319,3231952.24514451,5401.16665199683,0,
28.4197,51505.8961224277,6801.85010322808,900186.89574864,9403.53572943427,100.0004000016,300.003600043201,29334.3798932349,391021.734714605,3226169.61687351,5201.0818250196,0,
28.54603,43676.1712426472,6301.58800017604,921455.914861497,7902.49718911176,100.0004000016,300.003600043201,27129.408278574,414975.723615189,3280691.54057143,5301.12383825371,0,
28.67228,48393.4962347255,7702.37233067785,931350.380257322,9903.92195309342,400.006400102402,400.006400102402,26427.9078707115,414252.31269696,3464083.46573714,4500.81014582625,100.0004000016,
28.79849,42572.3730341581,6301.58800017604,900938.235586646,5801.34591225164,300.003600043201,600.014400345608,21618.6785382571,383184.554027601,3269126.28402945,6201.53798141939,0,
28.92475,42271.354045629,6101.48876325823,898577.028583741,6901.90492575951,700.019600548815,300.003600043201,23922.8702639724,391950.142398056,3143560.64157364,6501.69043951427,0,
29.05104,42973.74294289,8602.95941803981,876809.824079096,7702.37233067785,300.003600043201,300.003600043201,25225.4272306485,408879.692003724,3197256.47551856,5901.39272868397,100.0004000016,
29.17731,44880.4257228954,6201.53798141939,1102923.35689277,8402.82334864514,500.010000200004,200.0016000128,24524.0335528818,419523.821144163,3246821.86069848,5801.34591225164,0,
29.3036,41970.3422936842,7001.96054895371,906950.523942167,5701.29989637637,600.014400345608,300.003600043201,21819.0261908384,410945.815732018,3372387.50315429,6301.58800017604,0,
29.42987,38860.311202987,6701.7960813498,938973.888091322,7402.19104855037,700.019600548815,200.0016000128,23021.1794851263,396799.596901997,3072516.92281575,5701.29989637637,0,
29.55615,35049.0686961746,7202.07419736884,857111.533099171,7902.49718911176,700.019600548815,100.0004000016,22520.2682414173,387824.405620255,3132821.47478466,5701.29989637637,100.0004000016,
29.6824,36352.7842427204,6201.53798141939,838511.371012084,6201.53798141939,400.006400102402,0,20416.6599945556,383390.733640912,3265821.92501745,4200.70571856072,100.0004000016,
29.80873,35450.1974796312,5301.12383825371,885705.292280676,6501.69043951427,200.0016000128,400.006400102402,23722.4889194957,387824.405620255,3287300.25859542,5501.21026625858,100.0004000016,
29.93498,35550.4816839913,5601.25468104855,898684.346835181,7302.132222609,200.0016000128,600.014400345608,18914.2992102029,388236.91896481,3060951.66627377,5301.12383825371,0,
30.0613,35851.3391176164,5901.39272868397,881524.732385034,6601.74286011507,300.003600043201,600.014400345608,17912.8255831175,391124.887771228,3193126.02675357,4400.77453631839,0,
30.18754,36653.6609596449,5001.00020004001,850587.738962833,8102.62525058119,400.006400102402,500.010000200004,20016.0128102482,391846.982636039,3104734.4231827,5601.25468104855,0,
30.31382,31840.5011174214,5701.29989637637,880131.512476294,5301.12383825371,100.0004000016,200.0016000128,19815.6940296715,382875.290887751,3255908.84798147,5001.00020004001,0,
30.44021,36252.4936107484,5201.0818250196,862033.293747181,6001.44034568296,300.003600043201,300.003600043201,19715.5358422437,413322.27345548,3130343.20552566,5201.0818250196,0,
30.56648,31038.4877247787,5201.0818250196,896108.95425297,7602.31110257518,200.0016000128,400.006400102402,16911.4321281186,382566.035283797,3240213.14267449,6601.74286011507,0,
30.69277,31339.2367243789,4500.81014582625,877345.522598168,7602.31110257518,400.006400102402,300.003600043201,16210.5044068556,371540.844121312,3012212.37084685,6001.44034568296,0,
30.81905,33244.1482288479,4200.70571856072,873167.662266158,5701.29989637637,300.003600043201,500.010000200004,16110.3750815525,374631.052864491,3019647.17862384,6701.7960813498,100.0004000016,
30.94527,28031.3951625821,5601.25468104855,912535.862949634,7202.07419736884,100.0004000016,400.006400102402,17211.841747122,421488.275609607,3117125.76947768,6101.48876325823,0,
31.07143,29935.8032206519,5401.16665199683,860535.168258986,6601.74286011507,300.003600043201,300.003600043201,16110.3750815525,395045.325076896,3267474.10452345,5001.00020004001,100.0004000016,
31.19759,31238.986254846,4300.73972723308,883775.635291389,6101.48876325823,500.010000200004,300.003600043201,17812.6826300326,385968.261447041,3143560.64157364,6001.44034568296,0,
31.32394,31038.4877247787,5801.34591225164,890745.197784581,5201.0818250196,400.006400102402,300.003600043201,18413.5523745477,407950.045937574,3396344.10599125,5001.00020004001,0,
31.45028,30036.0432519023,5301.12383825371,942867.579302158,4600.84655576626,400.006400102402,200.0016000128,22219.7311212357,413735.615825641,3228647.88613251,6401.6388195378,100.0004000016,
31.57657,28231.8455217485,4400.77453631839,872417.932690318,5901.39272868397,400.006400102402,300.003600043201,18713.9980705568,413942.292052959,3339343.91303434,5101.04061228491,0,
31.7028,30136.2840860396,4100.67251029169,912428.429872677,4200.70571856072,700.019600548815,100.0004000016,17912.8255831175,411152.446585758,3079125.64083974,7602.31110257518,0,
31.82908,25726.4467872973,4300.73972723308,847808.105872622,5501.21026625858,100.0004000016,500.010000200004,18613.8487034354,393703.986608376,3302995.96390239,6501.69043951427,100.0004000016,
31.9554,26528.1198069954,3500.49006860961,906198.8352573,5701.29989637637,300.003600043201,300.003600043201,17512.2585810067,407950.045937574,3232778.3348975,5301.12383825371,100.0004000016,
32.08172,27630.5040765005,4400.77453631839,902655.747488478,5801.34591225164,0,400.006400102402,19114.6035571176,406607.343932292,3248474.04020448,6501.69043951427,0,
32.20803,26127.2768770597,3600.51847466035,856148.799033601,6001.44034568296,200.0016000128,400.006400102402,18213.259252736,379783.073918111,3061777.75602677,7102.01697282028,0,
32.33431,25526.0365572884,3900.60849492521,834452.826289139,6001.44034568296,200.0016000128,200.0016000128,19715.5358422437,392053.302998294,3371561.41340129,5701.29989637637,0,
32.46061,22620.4488857928,4300.73972723308,875417.111723841,6601.74286011507,200.0016000128,200.0016000128,14107.9568876847,381019.870292836,3059299.48676778,5901.39272868397,0,
32.58686,22620.4488857928,3000.36004320518,856897.586000041,5901.39272868397,900.032401166442,100.0004000016,17712.5404786589,384112.388665283,3143560.64157364,7001.96054895371,0,
32.71317,22420.0883992057,4400.77453631839,871668.246563208,4300.73972723308,100.0004000016,400.006400102402,15509.6159618964,396902.796910111,3188995.57798857,6201.53798141939,200.0016000128,
32.83938,25826.6531060054,3400.46246289495,879810.021490594,5301.12383825371,900.032401166442,200.0016000128,17412.118834709,403922.365613251,3291430.70736041,5401.16665199683,100.0004000016,
32.96562,24423.8376655616,4300.73972723308,882274.989854148,8002.56081946223,1100.04840212969,200.0016000128,15609.7404780583,387927.532699651,3325300.38723336,5701.29989637637,0,
33.09186,23021.1794851263,4700.88376614804,846739.175385633,5201.0818250196,500.010000200004,0,18814.1482394761,394632.590455681,3092343.07688772,6101.48876325823,100.0004000016,
33.21808,23722.4889194957,3400.46246289495,842891.757564731,4600.84655576626,300.003600043201,300.003600043201,19314.911111378,389680.82124446,3250952.30946348,5501.21026625858,0,
33.34437,22420.0883992057,4400.77453631839,835947.931263977,6101.48876325823,200.0016000128,500.010000200004,23321.7358578195,414045.631427212,3298865.5151374,6501.69043951427,100.0004000016,
33.47063,21819.0261908384,3900.60849492521,860749.175559316,6701.7960813498,300.003600043201,100.0004000016,21017.6548300572,385452.714009521,3099777.88466471,5601.25468104855,0,
33.59679,22420.0883992057,3300.43565750679,812153.600898676,5701.29989637637,0,300.003600043201,16110.3750815525,410119.325920355,3299691.6048904,8102.62525058119,0,
33.723,21318.1630749398,3200.40965243551,858181.321704737,4500.81014582625,200.0016000128,200.0016000128,17812.6826300326,391331.1963989,3163386.79564561,6801.85010322808,100.0004000016,
33.84925,23021.1794851263,3000.36004320518,833491.778749576,5201.0818250196,200.0016000128,100.0004000016,15709.8657957197,416215.95243711,3320343.84871537,6801.85010322808,0,
33.97554,25025.025025025,3000.36004320518,857111.533099171,6301.58800017604,300.003600043201,200.0016000128,16210.5044068556,402063.866885057,3175778.14194059,7202.07419736884,0,
34.10183,22820.8125810739,3200.40965243551,832637.574294666,4500.81014582625,700.019600548815,500.010000200004,16611.0297237366,412908.944530735,3150995.44935063,8302.75651516303,100.0004000016,
34.22805,19815.6940296715,4800.92177698118,842143.781553257,5401.16665199683,400.006400102402,100.0004000016,19314.911111378,410222.634206632,3217082.62959053,6501.69043951427,0,
34.35427,20316.4969955604,3000.36004320518,864066.741706946,5001.00020004001,0,100.0004000016,20717.1538033492,403612.596940186,3334387.37451635,9303.46088745013,100.0004000016,
34.48049,21819.0261908384,3700.5476810568,840113.779188992,4700.88376614804,300.003600043201,300.003600043201,19615.3784567101,385555.82182183,3170821.6034226,7902.49718911176,0,
34.60665,22319.9093591484,4000.64010241639,936898.578359658,6101.48876325823,400.006400102402,400.006400102402,18012.9693379233,411669.038422444,3163386.79564561,7602.31110257518,0,
34.73297,20717.1538033492,3000.36004320518,842464.337399214,3700.5476810568,800.025600819226,500.010000200004,21418.3340939844,405161.515854853,3224517.43736752,8502.8909829342,100.0004000016,
34.85922,21318.1630749398,4300.73972723308,849411.66739045,5501.21026625858,300.003600043201,200.0016000128,18713.9980705568,394219.869250241,3516127.12017606,6501.69043951427,0,
34.9855,22820.8125810739,3300.43565750679,821538.054749924,5501.21026625858,400.006400102402,300.003600043201,18413.5523745477,387927.532699651,3088212.62812273,9503.61137232148,0,
35.11178,20416.6599945556,2700.2916314962,827833.726605148,5101.04061228491,100.0004000016,0,23121.3641404658,382978.377763699,3181560.77021158,6401.6388195378,0,
35.23805,18914.2992102029,2500.2500250025,831142.852419448,5001.00020004001,300.003600043201,400.006400102402,20917.487019148,386586.9460139,3140256.28256165,9303.46088745013,0,
35.36433,20216.3347985172,3000.36004320518,842571.191115117,5901.39272868397,300.003600043201,300.003600043201,21819.0261908384,386586.9460139,3242691.41193349,8002.56081946223,0,
35.49061,17412.118834709,2100.17641481884,791626.897143186,6201.53798141939,300.003600043201,400.006400102402,23622.2994506814,405884.40932335,3397170.19574425,6001.44034568296,0,
35.61677,20516.8237955123,4300.73972723308,838297.731604166,5401.16665199683,300.003600043201,400.006400102402,24924.8251258253,386174.486285373,3110517.0514537,8903.16952835209,0,
35.74297,18914.2992102029,2500.2500250025,827193.348567934,4700.88376614804,0,100.0004000016,21618.6785382571,381638.313684561,3214604.36033153,6601.74286011507,0,
35.86924,18914.2992102029,2900.33643902693,822391.525297681,4800.92177698118,400.006400102402,700.019600548815,21819.0261908384,383390.733640912,3154299.80836263,8903.16952835209,0,
35.99543,18012.9693379233,2300.21161946899,847166.73697096,6101.48876325823,100.0004000016,400.006400102402,41769.6718125834,389165.123005427,3117125.76947768,7502.25067520256,0,
36.12175,19915.8530190031,3400.46246289495,816098.505970747,5801.34591225164,400.006400102402,500.010000200004,25125.2257266295,392775.450670979,3099777.88466471,7302.132222609,0,
36.24802,18713.9980705568,2200.1936170383,839900.113282122,5401.16665199683,200.0016000128,300.003600043201,22119.5536854579,375867.347145925,3086560.44861673,9203.38684635946,0,
36.3742,18413.5523745477,2800.31363512713,851763.917555623,6501.69043951427,400.006400102402,200.0016000128,22019.3770518056,394529.408896618,3035342.88393081,9003.24116682005,100.0004000016,
36.50043,17612.3991289868,2400.23042212052,806718.004831018,5801.34591225164,300.003600043201,300.003600043201,21217.9928579435,393084.955105026,3082429.99985174,6501.69043951427,0,
36.62666,17912.8255831175,2600.27042812453,810554.658495389,4000.64010241639,600.014400345608,100.0004000016,19114.6035571176,359393.322161675,3011386.28109385,6401.6388195378,0,
36.75293,17111.7044058136,2600.27042812453,841502.693718241,6401.6388195378,200.0016000128,400.006400102402,19214.7569333248,392362.789828429,3187343.39848258,6801.85010322808,0,
36.87917,17311.9798900839,1900.14441097523,873488.988243087,4700.88376614804,600.014400345608,100.0004000016,20717.1538033492,376897.68440884,3017168.90936484,7602.31110257518,0,
37.00537,21418.3340939844,4000.64010241639,866635.76465914,5701.29989637637,200.0016000128,600.014400345608,24223.4482979524,391846.982636039,3013864.55035285,8703.02865397158,0,
37.13161,19014.4509827469,2100.17641481884,881846.265974276,6001.44034568296,0,200.0016000128,20516.8237955123,369275.169365281,2941168.65208896,6101.48876325823,0,
37.25779,20116.1734034163,2900.33643902693,845349.697919553,4200.70571856072,200.0016000128,400.006400102402,22219.7311212357,373806.923598452,3036995.06343681,7502.25067520256,0,
37.38405,17612.3991289868,3200.40965243551,823778.535275282,5601.25468104855,300.003600043201,100.0004000016,20316.4969955604,374837.093545859,2970907.88319691,8302.75651516303,0,
37.51033,16811.2971917128,1900.14441097523,830822.577378812,5001.00020004001,800.025600819226,400.006400102402,27430.063349431,379061.665028871,2729689.67532129,7602.31110257518,0,
37.63655,17011.567866149,2200.1936170383,852512.450569996,5601.25468104855,100.0004000016,0,22720.6303323418,362583.493624861,2851950.9587651,7202.07419736884,100.0004000016,
37.76287,15609.7404780583,3300.43565750679,881631.909360455,6301.58800017604,400.006400102402,200.0016000128,26427.9078707115,375661.28973321,3135299.74404366,7802.43435952017,100.0004000016,
37.88914,17311.9798900839,3000.36004320518,866742.818357524,6801.85010322808,100.0004000016,400.006400102402,24824.6260290208,381947.546682478,3024603.71714183,7502.25067520256,0,
38.01538,15309.3693340324,2500.2500250025,860107.164284089,5301.12383825371,200.0016000128,400.006400102402,24223.4482979524,364024.479327306,2946951.28035995,6901.90492575951,0,
38.1417,17211.841747122,3600.51847466035,854223.545958468,5301.12383825371,600.014400345608,300.003600043201,24023.0621396541,358570.182378837,2941168.65208896,7502.25067520256,0,
38.26797,19615.3784567101,2600.27042812453,881417.556297259,4300.73972723308,500.010000200004,200.0016000128,27730.7256440136,362995.187118033,2819733.45839815,8402.82334864514,100.0004000016,
38.39423,16110.3750815525,2600.27042812453,872203.732220622,5501.21026625858,500.010000200004,200.0016000128,23722.4889194957,372982.847863595,2929603.39554698,7102.01697282028,0,
38.52054,19615.3784567101,2100.17641481884,821644.735483071,5201.0818250196,400.006400102402,500.010000200004,21919.201220269,363612.752418674,2695819.99544834,8102.62525058119,0,
38.64677,16911.4321281186,2900.33643902693,841289.004841624,6001.44034568296,300.003600043201,0,22920.9956319989,370510.941793959,2767689.80395923,8102.62525058119,0,
38.77306,17111.7044058136,2400.23042212052,851763.917555623,5201.0818250196,200.0016000128,100.0004000016,27830.9480141918,349313.540589321,2807342.11210317,5701.29989637637,0,
38.89931,18814.1482394761,2600.27042812453,855613.977751761,5601.25468104855,200.0016000128,300.003600043201,25726.4467872973,365465.628779454,2885820.63863805,6901.90492575951,0,
39.02554,17912.8255831175,2900.33643902693,830929.334843237,6301.58800017604,100.0004000016,300.003600043201,24824.6260290208,354660.998040592,2650385.05903341,9403.53572943427,0,
39.1519,17412.118834709,3500.49006860961,886348.575215374,6901.90492575951,100.0004000016,200.0016000128,23622.2994506814,368039.517317239,2810646.47111516,8602.95941803981,0,
39.27816,15910.1188355794,1700.11560786133,847915.003784135,6001.44034568296,500.010000200004,200.0016000128,26127.2768770597,374940.115141328,2758602.81667624,10004.0016006403,100.0004000016,
39.40445,18413.5523745477,2600.27042812453,880881.689172681,6101.48876325823,400.006400102402,300.003600043201,27229.6258329062,366598.075385471,2806516.02235017,8002.56081946223,0,
39.53065,19014.4509827469,2000.16001280102,867385.159156847,6201.53798141939,600.014400345608,100.0004000016,28332.0719053969,346023.918535851,2722254.8675443,8402.82334864514,100.0004000016,
39.65696,21017.6548300572,3400.46246289495,879810.021490594,4800.92177698118,200.0016000128,400.006400102402,27630.5040765005,353941.016591619,2837907.43296412,8202.69048247825,0,
39.78324,20316.4969955604,3300.43565750679,858181.321704737,5601.25468104855,400.006400102402,300.003600043201,31840.5011174214,360628.132037574,2863516.21530708,7602.31110257518,0,
39.90949,21117.8234429859,3900.60849492521,911676.423276563,6801.85010322808,200.0016000128,500.010000200004,32442.0448901777,371025.882505764,2910603.33122801,9303.46088745013,0,
40.03579,20216.3347985172,2800.31363512713,883882.830909912,5801.34591225164,200.0016000128,300.003600043201,32341.7855869784,353941.016591619,2695819.99544834,7702.37233067785,200.0016000128,
40.16213,22019.3770518056,2700.2916314962,877881.243297629,5701.29989637637,300.003600043201,100.0004000016,32341.7855869784,353118.230717432,2865168.39481308,9103.31360615264,0,
40.28842,24423.8376655616,3700.5476810568,845349.697919553,6501.69043951427,200.0016000128,100.0004000016,31339.2367243789,355998.214937726,2829646.53543413,8502.8909829342,0,
40.41458,24524.0335528818,2600.27042812453,902977.806328616,6801.85010322808,400.006400102402,100.0004000016,30837.992406645,360525.226621653,2919690.31851099,10404.3282005314,0,
40.54093,20016.0128102482,4100.67251029169,862461.361482726,7001.96054895371,200.0016000128,300.003600043201,35550.4816839913,344687.753446878,2775950.70148922,8703.02865397158,0,
40.66716,25425.8326459683,4000.64010241639,901152.912118424,8402.82334864514,200.0016000128,1000.04000160006,36252.4936107484,357747.096030803,2737124.48309828,8803.09869073914,100.0004000016,
40.79341,23622.2994506814,3300.43565750679,913610.242717239,6801.85010322808,100.0004000016,400.006400102402,34748.2305439951,333592.749323086,2753646.27815825,9703.76506084361,200.0016000128,
40.91967,21718.8519635043,3100.38444767151,846311.627945446,6701.7960813498,400.006400102402,200.0016000128,33444.6820952793,343865.56802699,2617341.46891346,8302.75651516303,0,
41.04595,22620.4488857928,3700.5476810568,861498.229004601,6001.44034568296,300.003600043201,200.0016000128,36854.249455198,345509.992213859,2676819.93112937,8202.69048247825,0,
41.17223,22520.2682414173,4700.88376614804,936623.342131036,5201.0818250196,400.006400102402,500.010000200004,34347.1242544771,356409.694668257,2880038.01036706,7802.43435952017,0,
41.29847,25325.6295370915,5101.04061228491,917586.222625845,7602.31110257518,300.003600043201,500.010000200004,35951.6265357053,371334.856966563,2860211.85629509,9403.53572943427,0,
41.42478,22420.0883992057,5001.00020004001,896967.361534095,5201.0818250196,200.0016000128,400.006400102402,35851.3391176164,365362.684101802,2926299.03653498,8903.16952835209,0,
41.55106,24724.4277346018,3900.60849492521,939529.768204362,5701.29989637637,100.0004000016,200.0016000128,34848.5091247016,357438.452425388,2835429.16370512,9403.53572943427,0,
41.67741,24323.6425805883,3900.60849492521,876381.281232792,4900.9605882753,500.010000200004,0,43475.4734218603,354558.141044364,2808994.29160917,9603.68781612139,0,
41.80369,25325.6295370915,3300.43565750679,917478.747667427,7102.01697282028,500.010000200004,400.006400102402,39361.8768704403,353941.016591619,2734646.21383928,8302.75651516303,0,
41.92988,27029.191526849,5701.29989637637,863852.679495138,5701.29989637637,400.006400102402,300.003600043201,40766.3676465285,361451.405430191,3006429.74257586,10404.3282005314,200.0016000128,
42.0562,28732.9854673165,5001.00020004001,916081.65431679,6501.69043951427,100.0004000016,100.0004000016,42672.714305176,351369.988034153,2760254.99618224,9903.92195309342,0,
42.18236,27129.408278574,3400.46246289495,886777.448267864,7202.07419736884,100.0004000016,400.006400102402,45181.5074394207,351781.317562497,2889951.08740304,8402.82334864514,100.0004000016,
42.30852,27730.7256440136,4200.70571856072,846952.95441011,6201.53798141939,500.010000200004,300.003600043201,40766.3676465285,353838.165436836,2885820.63863805,8703.02865397158,0,
42.43472,29735.3255667733,4200.70571856072,868562.866816222,6901.90492575951,100.0004000016,300.003600043201,45582.960989,359084.638480889,3026255.89664783,7702.37233067785,0,
42.56111,27530.2833116428,6001.44034568296,947067.981318111,7902.49718911176,400.006400102402,200.0016000128,40766.3676465285,364024.479327306,2978342.6909739,8402.82334864514,0,
42.68737,30036.0432519023,4400.77453631839,894499.593974246,6701.7960813498,700.019600548815,600.014400345608,46586.6511711784,346229.494900339,2718124.41877931,8803.09869073914,100.0004000016,
42.81362,29835.5639922788,3900.60849492521,875524.238121064,6301.58800017604,600.014400345608,300.003600043201,47690.8032894631,349210.726974805,2811472.56086816,9703.76506084361,0,
42.93981,29133.9118734207,4400.77453631839,878952.751243225,6001.44034568296,500.010000200004,200.0016000128,42472.032567234,347051.833707118,2994038.39628088,9303.46088745013,0,
43.06605,29534.8511243267,3900.60849492521,934578.469735384,6401.6388195378,100.0004000016,800.025600819226,45281.8696202735,371746.834620865,2985777.49875089,9103.31360615264,0,
43.19234,32542.3049964954,6301.58800017604,912643.296917432,5401.16665199683,300.003600043201,300.003600043201,47690.8032894631,353015.386237978,2889124.99765004,7902.49718911176,100.0004000016,
43.31862,33043.6175751993,5301.12383825371,879274.220930329,6701.7960813498,400.006400102402,100.0004000016,52911.7496151873,349724.803387534,2979994.8704799,8903.16952835209,100.0004000016,
43.44477,31940.756405173,5001.00020004001,900508.893198734,6001.44034568296,300.003600043201,200.0016000128,54719.5074041707,350753.018767669,2813950.83012716,8502.8909829342,0,
43.57108,29935.8032206519,3700.5476810568,860642.171466402,5801.34591225164,400.006400102402,300.003600043201,52309.2216548153,351164.328275269,2791646.40679619,8803.09869073914,100.0004000016,
43.69735,29234.1454819229,4900.9605882753,830929.334843237,6501.69043951427,700.019600548815,400.006400102402,57833.4796710809,340577.359714564,2752820.18840525,9003.24116682005,0,
43.82368,36152.2037822616,5401.16665199683,866528.71184687,5901.39272868397,300.003600043201,100.0004000016,52811.3262757894,355381.02038167,2813950.83012716,8602.95941803981,200.0016000128,
43.94982,32141.2693898966,6301.58800017604,886777.448267864,6101.48876325823,400.006400102402,0,53112.5987092636,361965.978444358,2908125.06196901,8102.62525058119,0,
44.07614,33344.4147604609,5001.00020004001,886134.144018025,6001.44034568296,200.0016000128,200.0016000128,59541.4705339888,363303.966009115,2902342.43369802,11305.1099096792,400.006400102402,
44.20245,33143.8825004306,4700.88376614804,872096.633315809,5501.21026625858,200.0016000128,300.003600043201,59943.3845759056,350855.844893324,2899038.07468603,8903.16952835209,0,
44.32875,30437.0114058695,5001.00020004001,869633.603205351,6501.69043951427,300.003600043201,500.010000200004,56226.1715289109,349827.621172176,2818081.27889215,10104.0820491479,0,
44.45497,36252.4936107484,4600.84655576626,870490.25613855,5101.04061228491,400.006400102402,100.0004000016,56527.5260988791,339858.17788175,2718950.50853231,8803.09869073914,100.0004000016,
44.5812,31138.7365883159,4900.9605882753,833064.669460771,6501.69043951427,500.010000200004,500.010000200004,57029.7998244003,348182.636697679,2789168.1375372,9803.84310649775,200.0016000128,
44.70743,35751.0525029742,5301.12383825371,848021.902579839,6201.53798141939,500.010000200004,300.003600043201,56828.8879177976,352089.823468328,2756124.54741725,7802.43435952017,0,
44.83363,31439.4879969241,5801.34591225164,882382.173043395,4100.67251029169,100.0004000016,100.0004000016,62254.6405270692,371437.850125842,2988255.76800989,9203.38684635946,0,
44.95988,32943.3534531443,5101.04061228491,880988.860822394,5401.16665199683,200.0016000128,200.0016000128,58536.7418289123,359599.115457183,2950255.63937195,9703.76506084361,200.0016000128,
45.0861,36152.2037822616,6001.44034568296,897181.972246508,5601.25468104855,700.019600548815,300.003600043201,64063.7469371714,350650.193476162,2837907.43296412,9903.92195309342,0,
45.21234,34948.7885087582,3800.57768780855,836161.531815683,7402.19104855037,300.003600043201,400.006400102402,60144.3464314354,340166.393668607,2780081.15025421,9103.31360615264,0,
45.33863,33244.1482288479,5901.39272868397,853367.969952182,5901.39272868397,200.0016000128,200.0016000128,64867.8780684411,361348.493333009,2971733.97294991,7402.19104855037,200.0016000128,
45.46493,36653.6609596449,6501.69043951427,888385.848786974,5101.04061228491,400.006400102402,100.0004000016,67883.8294100424,342940.673189602,3020473.26837684,10004.0016006403,100.0004000016,
45.59125,33645.2191745706,6901.90492575951,870811.515615622,5001.00020004001,300.003600043201,200.0016000128,64867.8780684411,359804.912092772,2830472.62518713,9903.92195309342,200.0016000128,
45.71758,35851.3391176164,6501.69043951427,829861.799907426,6901.90492575951,100.0004000016,300.003600043201,62455.6394535182,352295.498243593,2864342.30506008,9603.68781612139,0,
45.84386,35149.3496869605,5301.12383825371,866742.818357524,6001.44034568296,700.019600548815,500.010000200004,66375.7630204782,355175.295539923,2807342.11210317,9703.76506084361,300.003600043201,
45.97001,33645.2191745706,4500.81014582625,837870.463386704,6101.48876325823,400.006400102402,400.006400102402,70598.8062383673,337700.877292555,2656167.6873044,7202.07419736884,200.0016000128,
46.09624,35851.3391176164,5101.04061228491,844922.19644622,5401.16665199683,400.006400102402,100.0004000016,73817.3181847359,341193.833777987,3018821.08887084,9903.92195309342,0,
46.22255,37756.9374616922,4500.81014582625,845029.070488699,5201.0818250196,500.010000200004,200.0016000128,71805.6513855683,347463.023120942,2775950.70148922,9003.24116682005,200.0016000128,
46.34887,34547.6757925938,6101.48876325823,864173.77414162,4300.73972723308,500.010000200004,200.0016000128,70095.9883835203,336776.432338645,3703649.49410677,8502.8909829342,0,
46.47506,34547.6757925938,3600.51847466035,835734.334244129,6601.74286011507,200.0016000128,300.003600043201,75024.4732238859,340269.133930418,2797429.03506718,9603.68781612139,0,
46.60138,34948.7885087582,6201.53798141939,848770.218908065,5001.00020004001,500.010000200004,500.010000200004,75829.3078268684,336160.173177722,2810646.47111516,7802.43435952017,400.006400102402,
46.72765,31238.986254846,4300.73972723308,828367.399228042,4500.81014582625,300.003600043201,200.0016000128,73113.1980856177,291663.463055961,2439732.17201874,6201.53798141939,500.010000200004,
46.85385,32041.0124959949,4900.9605882753,792872.913356581,7602.31110257518,400.006400102402,300.003600043201,76634.1940971609,315532.800829539,2538862.94237859,8502.8909829342,200.0016000128,
46.98017,35249.6314811254,5501.21026625858,766183.224359556,5201.0818250196,0,100.0004000016,82068.5282243501,327843.607657519,2782559.41951321,8002.56081946223,200.0016000128,
47.10641,35751.0525029742,6401.6388195378,786700.663852822,4100.67251029169,200.0016000128,100.0004000016,82773.1513996187,307434.716941404,2540515.12188458,6601.74286011507,200.0016000128,
47.23269,36252.4936107484,6301.58800017604,780425.026399155,5101.04061228491,400.006400102402,100.0004000016,79652.977857676,309074.416777689,2385210.24832083,8502.8909829342,0,
47.35898,33946.0308177889,6301.58800017604,757475.849790643,4000.64010241639,100.0004000016,100.0004000016,79149.7967585701,294734.243404145,2561167.36570955,7702.37233067785,100.0004000016,
47.48521,36653.6609596449,7102.01697282028,769689.073239518,4000.64010241639,300.003600043201,0,85491.3545362596,307844.621981786,2518210.69855362,9003.24116682005,100.0004000016,
47.61153,38258.4589252378,6701.7960813498,739230.705872663,5101.04061228491,500.010000200004,100.0004000016,77740.997090982,306102.617258357,2339775.3119059,6701.7960813498,100.0004000016,
47.73785,38559.381447429,3800.57768780855,746758.997977335,5001.00020004001,200.0016000128,200.0016000128,80860.6948802941,304770.657802574,2342253.58116489,8102.62525058119,200.0016000128,
47.86428,36252.4936107484,5501.21026625858,719847.080077201,5401.16665199683,500.010000200004,100.0004000016,74521.477832117,295246.112626577,2348036.20943589,7702.37233067785,200.0016000128,
47.99055,32542.3049964954,4800.92177698118,693202.606318472,5401.16665199683,300.003600043201,400.006400102402,67582.2016155555,278263.12042969,2345557.94017689,5101.04061228491,0,
48.11678,32141.2693898966,5201.0818250196,695949.085018645,3800.57768780855,500.010000200004,200.0016000128,63762.2110649492,293812.931006572,2196035.69488412,6301.58800017604,100.0004000016,
48.243,33946.0308177889,5401.16665199683,684227.829374538,4600.84655576626,100.0004000016,200.0016000128,61953.1481823067,284398.919041377,2264601.14438302,6201.53798141939,0,
48.36935,29735.3255667733,6001.44034568296,691618.366424138,5001.00020004001,200.0016000128,400.006400102402,60747.2513372415,290128.352459414,2297644.73450296,6001.44034568296,0,
48.49558,33444.6820952793,5501.21026625858,705037.776123516,4800.92177698118,200.0016000128,200.0016000128,56125.7216164208,266613.30357937,2148122.4892102,5801.34591225164,100.0004000016,
48.62184,34748.2305439951,4800.92177698118,698273.487194036,3200.40965243551,400.006400102402,400.006400102402,56226.1715289109,277445.238942634,2096904.92452428,5801.34591225164,0,
48.74814,32241.5270868879,5401.16665199683,686761.248746486,5101.04061228491,700.019600548815,0,54819.9460419398,293301.119785027,2329862.23486991,6901.90492575951,0,
48.87443,30136.2840860396,4300.73972723308,696582.971182824,4800.92177698118,700.019600548815,300.003600043201,46887.7739127647,276116.294400026,2259644.60586502,5901.39272868397,100.0004000016,
49.00072,33244.1482288479,5301.12383825371,705989.289856622,3800.57768780855,100.0004000016,100.0004000016,49698.6020264204,281535.175716782,2228253.19525107,6401.6388195378,100.0004000016,
49.12691,30537.255451651,5901.39272868397,702289.354317368,5501.21026625858,100.0004000016,200.0016000128,48895.4439065055,280614.824552533,2275340.311172,5301.12383825371,200.0016000128,
49.25312,33043.6175751993,5201.0818250196,709901.808743012,4600.84655576626,600.014400345608,200.0016000128,43475.4734218603,275809.63473422,2218340.11821509,7202.07419736884,0,
49.37938,34848.5091247016,4200.70571856072,716143.154568421,4300.73972723308,100.0004000016,200.0016000128,44780.0667593657,282864.690153437,2237340.18253406,6501.69043951427,100.0004000016,
49.50566,30737.7459520291,5001.00020004001,738912.705962779,4600.84655576626,600.014400345608,100.0004000016,45181.5074394207,276934.089888822,2178687.81007115,7202.07419736884,0,
49.63194,28432.2990917683,5601.25468104855,700492.627042675,5601.25468104855,300.003600043201,300.003600043201,44880.4257228954,264264.203569335,2177035.63056515,5601.25468104855,0,
49.75818,28332.0719053969,5001.00020004001,704403.472767727,4200.70571856072,300.003600043201,300.003600043201,48493.8841597332,302414.457597202,2332340.50412891,6101.48876325823,0,
49.88438,31238.986254846,5601.25468104855,767033.039520445,4200.70571856072,400.006400102402,300.003600043201,48995.8358549322,287365.62293908,2193557.42562513,6901.90492575951,100.0004000016,
50.01061,27730.7256440136,4900.9605882753,777235.195618282,3600.51847466035,200.0016000128,300.003600043201,49999.7996000016,287570.248870151,2238166.27228706,6301.58800017604,0,
50.13684,33645.2191745706,6101.48876325823,798302.678070204,4700.88376614804,200.0016000128,500.010000200004,43575.8219301585,285421.84174967,2206774.86167311,7502.25067520256,100.0004000016,
50.26311,29735.3255667733,5301.12383825371,690034.321885854,3700.5476810568,100.0004000016,300.003600043201,38860.311202987,273458.824480883,2177861.72031815,5201.0818250196,0,
50.38944,29735.3255667733,6201.53798141939,751108.327702424,3200.40965243551,400.006400102402,800.025600819226,43977.2240053534,280717.082483901,2301775.18326796,6701.7960813498,100.0004000016,
50.51568,29835.5639922788,5201.0818250196,794043.845747491,4100.67251029169,600.014400345608,400.006400102402,47188.9038949381,282557.866718445,2275340.311172,7001.96054895371,100.0004000016,
50.64191,30537.255451651,4800.92177698118,770964.163928072,4200.70571856072,600.014400345608,0,51104.2526754579,261711.329372297,2253861.97759403,6801.85010322808,0,
50.76806,26728.5460872212,4500.81014582625,742517.165110446,4400.77453631839,400.006400102402,0,45482.5963950534,269473.667186881,2218340.11821509,5501.21026625858,100.0004000016,
50.89435,28131.6199408135,4700.88376614804,773833.579387531,4100.67251029169,100.0004000016,200.0016000128,45683.3263873305,273050.032551688,2198513.96414312,7502.25067520256,100.0004000016,
51.02058,28031.3951625821,4300.73972723308,757369.698618169,5401.16665199683,700.019600548815,100.0004000016,46486.2785329572,275094.124450519,2219166.20796809,6701.7960813498,100.0004000016,
51.14682,27129.408278574,5601.25468104855,746546.873133375,3000.36004320518,400.006400102402,0,46185.1654450807,269167.168680788,2133252.87365622,5301.12383825371,0,
51.27307,27029.191526849,5401.16665199683,730329.677568093,3900.60849492521,200.0016000128,200.0016000128,47991.9525811455,256505.065444656,2157209.47649318,5201.0818250196,300.003600043201,
51.39931,27830.9480141918,5401.16665199683,768201.626901178,3100.38444767151,100.0004000016,100.0004000016,48694.6624237518,269269.334023353,2125818.06587923,5201.0818250196,100.0004000016,
51.52551,27830.9480141918,6501.69043951427,757582.001838061,3800.57768780855,200.0016000128,400.006400102402,44278.2840061228,247832.726038797,2201469.3145665,6401.6388195378,100.0004000016,
51.65174,28732.9854673165,4900.9605882753,790105.677537024,5001.00020004001,400.006400102402,200.0016000128,47891.5686793148,254668.072846585,2026687.29551939,5901.39272868397,200.0016000128,
51.77803,29534.8511243267,4900.9605882753,737958.75337682,4500.81014582625,300.003600043201,300.003600043201,42472.032567234,265081.232289178,1982904.53861045,5801.34591225164,0,
51.90422,28632.7558727184,5101.04061228491,757475.849790643,3500.49006860961,200.0016000128,300.003600043201,52007.9685426946,253341.522150211,2051469.98810935,5101.04061228491,0,
52.03039,23922.8702639724,5101.04061228491,767564.202462967,3400.46246289495,300.003600043201,100.0004000016,49999.7996000016,267941.249004443,2338123.1323999,6901.90492575951,0,
52.1567,27229.6258329062,4900.9605882753,783722.014348126,3500.49006860961,300.003600043201,0,52108.3854417188,259669.401446874,2129122.42489123,5901.39272868397,100.0004000016,
52.28302,27129.408278574,5801.34591225164,799236.366159287,2900.33643902693,400.006400102402,200.0016000128,49899.3996040112,270801.913302954,1996948.06441143,5301.12383825371,0,
52.40927,27630.5040765005,5801.34591225164,782126.592304138,3400.46246289495,500.010000200004,500.010000200004,53313.4510237786,265489.766466025,2230731.46451007,5401.16665199683,0,
52.53552,28031.3951625821,5101.04061228491,888474.684620834,3100.38444767151,400.006400102402,300.003600043201,53112.5987092636,268349.875679719,2167122.55352917,5901.39272868397,0,
52.66184,28332.0719053969,5601.25468104855,821004.664306283,5701.29989637637,0,400.006400102402,51706.7226756024,268349.875679719,2073774.41144031,6001.44034568296,100.0004000016,
52.78815,28933.4470648069,4700.88376614804,827940.459365418,3600.51847466035,300.003600043201,400.006400102402,46887.7739127647,284705.787163461,2274591.86300736,6401.6388195378,0,
52.9144,27430.063349431,4200.70571856072,777979.418861232,4100.67251029169,600.014400345608,200.0016000128,48192.7227986646,258852.722702253,2106818.00156026,5801.34591225164,100.0004000016,
53.04067,25626.2412710616,3900.60849492521,815458.709722721,4000.64010241639,0,500.010000200004,51606.3089965329,257525.732367216,2073774.41144031,6001.44034568296,100.0004000016,
53.16691,27430.063349431,5301.12383825371,788083.842218188,3500.49006860961,300.003600043201,500.010000200004,47490.0411179596,260077.760623378,2077904.86020531,5501.21026625858,200.0016000128,
53.29313,25225.4272306485,3600.51847466035,796492.502507419,3900.60849492521,300.003600043201,0,50100.2004008016,272743.447283079,2115904.98884325,5501.21026625858,200.0016000128,
53.41942,28031.3951625821,5201.0818250196,850427.33954033,3400.46246289495,500.010000200004,200.0016000128,55723.9300203653,270291.032887768,2107644.09131326,6801.85010322808,0,
53.54558,26628.3325458288,4700.88376614804,762784.524192285,4000.64010241639,100.0004000016,200.0016000128,51204.6623298021,255484.481009896,2051469.98810935,6101.48876325823,100.0004000016,
53.67181,29434.6151073663,5001.00020004001,821751.417097718,2900.33643902693,300.003600043201,300.003600043201,52007.9685426946,255586.535741706,1991991.52589344,5801.34591225164,100.0004000016,
53.79804,30637.5003003677,4800.92177698118,768839.08287671,4400.77453631839,100.0004000016,100.0004000016,54217.3262941004,252627.283342559,2073774.41144031,6101.48876325823,200.0016000128,
53.9242,31138.7365883159,5201.0818250196,823885.234522196,3800.57768780855,400.006400102402,600.014400345608,52610.4820122257,272539.061236373,2045687.35983836,6501.69043951427,100.0004000016,
54.05049,30737.7459520291,4200.70571856072,823245.052266248,3600.51847466035,400.006400102402,200.0016000128,56728.433172703,250484.809308339,2194383.51537812,6201.53798141939,0,
54.17672,31339.2367243789,4900.9605882753,812899.84181855,3400.46246289495,300.003600043201,200.0016000128,53213.0244639615,264264.203569335,2246055.86095357,7001.96054895371,0,
54.30298,29635.0879441258,4300.73972723308,848984.031531625,4300.73972723308,600.014400345608,100.0004000016,57733.0168708705,274787.489586788,2279470.75993699,7202.07419736884,300.003600043201,
54.42922,31639.9929510902,6601.74286011507,823565.139426593,3900.60849492521,400.006400102402,200.0016000128,56728.433172703,253341.522150211,2082035.3089703,5801.34591225164,0,
54.55548,32241.5270868879,4600.84655576626,824952.275488195,4000.64010241639,300.003600043201,700.019600548815,53815.5958999932,258444.403132855,2280782.54379111,8502.8909829342,0,
54.68171,28231.8455217485,5201.0818250196,847594.312702128,4500.81014582625,400.006400102402,200.0016000128,53715.1653144341,259363.140729005,2293649.09537929,6401.6388195378,100.0004000016,
54.80806,28332.0719053969,3100.38444767151,824205.337553353,4700.88376614804,400.006400102402,100.0004000016,51405.4840532773,255688.591298304,2178687.81007115,6201.53798141939,200.0016000128,
54.93433,27329.8441898553,3400.46246289495,829114.577952268,3900.60849492521,400.006400102402,100.0004000016,51505.8961224277,249566.717435129,2221491.47640659,4600.84655576626,0,
55.06062,29133.9118734207,4800.92177698118,818658.008121517,2500.2500250025,100.0004000016,400.006400102402,50100.2004008016,259771.490003193,2158916.5982262,4200.70571856072,100.0004000016,
55.18686,29935.8032206519,3000.36004320518,790637.792156345,4500.81014582625,700.019600548815,100.0004000016,51104.2526754579,245079.229156653,2150600.75846919,5001.00020004001,0,
55.31313,31038.4877247787,4500.81014582625,798515.656603182,2900.33643902693,400.006400102402,200.0016000128,48192.7227986646,256403.003289394,2106818.00156026,6601.74286011507,0,
55.43936,27730.7256440136,5301.12383825371,824952.275488195,3200.40965243551,200.0016000128,0,50903.435781508,269882.343427809,2125818.06587923,3700.5476810568,0,
55.56562,29534.8511243267,4700.88376614804,807890.194653431,3200.40965243551,100.0004000016,400.006400102402,49397.4116958642,254668.072846585,2143992.0404452,5801.34591225164,100.0004000016,
55.69192,29334.3798932349,4900.9605882753,837550.021496842,3000.36004320518,400.006400102402,100.0004000016,46385.9066992069,245895.017470159,2183486.35823921,4800.92177698118,0,
55.81822,28732.9854673165,4400.77453631839,789680.001650539,3800.57768780855,300.003600043201,100.0004000016,43274.7788177972,256811.25685975,2091122.29625329,6001.44034568296,0,
55.94449,29334.3798932349,4700.88376614804,842464.337399214,3100.38444767151,100.0004000016,100.0004000016,47389.6612390643,273050.032551688,2247253.25957004,6501.69043951427,0,
56.0707,30537.255451651,4400.77453631839,857432.460386414,3600.51847466035,300.003600043201,100.0004000016,44077.5765347011,258138.172119057,2202644.41290811,5601.25468104855,100.0004000016,
56.19683,27329.8441898553,4100.67251029169,860321.164500606,1800.12960933187,200.0016000128,500.010000200004,44278.2840061228,264979.100809288,2170426.91254116,5501.21026625858,0,
56.32303,27530.2833116428,4300.73972723308,840861.637690447,3800.57768780855,200.0016000128,600.014400345608,44478.9946945776,271414.997068516,2168774.73303516,5001.00020004001,0,
56.44926,30236.5257230735,3500.49006860961,826019.40463794,4600.84655576626,200.0016000128,600.014400345608,53012.1737596755,274685.279618898,2158035.56624618,6101.48876325823,0,
56.57546,28031.3951625821,5401.16665199683,840434.284674762,2900.33643902693,500.010000200004,200.0016000128,46084.7960246854,269575.835007864,2101861.46304227,5501.21026625858,0,
56.70173,29033.6790677186,5001.00020004001,865779.366971262,3300.43565750679,700.019600548815,400.006400102402,45281.8696202735,262834.530454852,2229079.28500407,6101.48876325823,100.0004000016,
56.82795,28532.5270808722,3900.60849492521,838297.731604166,3500.49006860961,600.014400345608,300.003600043201,42171.0159909287,264059.95464596,2164644.28427017,6201.53798141939,0,
56.95417,27329.8441898553,4000.64010241639,840647.959415712,3800.57768780855,0,100.0004000016,42873.3992595323,262834.530454852,2119209.34785524,7001.96054895371,100.0004000016,
57.08039,29033.6790677186,4000.64010241639,848449.506604796,3100.38444767151,300.003600043201,0,43575.8219301585,264672.711323828,2145644.2199512,6501.69043951427,100.0004000016,
57.20666,28231.8455217485,4000.64010241639,825272.404973328,4000.64010241639,400.006400102402,200.0016000128,45582.960989,272641.253846496,2181166.07933015,6201.53798141939,0,
57.33284,28732.9854673165,3400.46246289495,856362.733741519,2700.2916314962,300.003600043201,100.0004000016,41970.3422936842,256096.821772776,2224337.25073397,5501.21026625858,100.0004000016,
57.45913,27029.191526849,4500.81014582625,820044.617037098,3300.43565750679,200.0016000128,300.003600043201,43776.5213593361,275809.63473422,2249731.52882904,5501.21026625858,0,
57.58541,26027.0681508769,4700.88376614804,882060.626138811,4200.70571856072,200.0016000128,200.0016000128,44177.9298682877,259771.490003193,2140687.68143321,5901.39272868397,0,
57.71169,26027.0681508769,4200.70571856072,823351.747104686,2800.31363512713,300.003600043201,0,46385.9066992069,276831.862558743,2196861.78463712,6201.53798141939,0,
57.8379,25225.4272306485,3800.57768780855,839045.484988548,3900.60849492521,400.006400102402,200.0016000128,41167.6796653699,264468.455795265,2205122.68216711,5301.12383825371,0,
57.96414,23221.549598027,3200.40965243551,833918.902161782,3400.46246289495,200.0016000128,500.010000200004,42271.354045629,248342.698785252,2121687.61711424,5801.34591225164,0,
58.09037,24524.0335528818,3900.60849492521,853367.969952182,3900.60849492521,400.006400102402,200.0016000128,44880.4257228954,270393.207318306,2262948.96487702,5401.16665199683,100.0004000016,
58.2166,23421.922919853,4700.88376614804,848877.1247777,3300.43565750679,400.006400102402,0,43274.7788177972,264774.840326623,2128296.33513823,5901.39272868397,100.0004000016,
58.34283,21618.6785382571,4400.77453631839,826339.560580328,3600.51847466035,0,200.0016000128,41468.6721210324,261302.917377351,2110122.36057226,7602.31110257518,0,
58.46897,25425.8326459683,3900.60849492521,827193.348567934,2700.2916314962,600.014400345608,200.0016000128,41268.0096799526,253647.636864669,2308383.90129195,6501.69043951427,0,
58.59528,22420.0883992057,4600.84655576626,826446.280991736,3000.36004320518,400.006400102402,100.0004000016,42271.354045629,260792.420953928,2162992.10476417,6801.85010322808,0,
58.72152,26327.6967369673,3500.49006860961,863531.592821111,4200.70571856072,400.006400102402,300.003600043201,40565.7164606663,270086.686505369,2006861.14144742,5801.34591225164,0,
58.84778,24323.6425805883,2800.31363512713,814179.212357764,3700.5476810568,0,200.0016000128,44478.9946945776,262936.644596965,2296986.84940362,5901.39272868397,100.0004000016,
58.97404,27029.191526849,3700.5476810568,858609.261933231,2900.33643902693,600.014400345608,0,40064.1025641026,261200.81644201,2177035.63056515,7202.07419736884,0,
59.10037,22219.7311212357,3700.5476810568,844601.579622049,4100.67251029169,300.003600043201,200.0016000128,40766.3676465285,266409.016671787,2035774.28280237,7202.07419736884,0,
59.22658,21418.3340939844,4400.77453631839,835947.931263977,3800.57768780855,100.0004000016,100.0004000016,41970.3422936842,273969.832989607,2112600.62983125,7502.25067520256,300.003600043201,
59.35289,23321.7358578195,3200.40965243551,820577.967817232,4000.64010241639,200.0016000128,100.0004000016,41368.3404985035,271823.736105551,2099383.19378327,6301.58800017604,0,
59.47919,24924.8251258253,4100.67251029169,842678.045714664,4100.67251029169,400.006400102402,300.003600043201,40264.7457111035,241918.547357878,1987861.07712845,8202.69048247825,200.0016000128,
59.60543,21017.6548300572,3700.5476810568,818124.736655128,3100.38444767151,200.0016000128,200.0016000128,40164.423735672,256096.821772776,2257166.33660603,9703.76506084361,100.0004000016,
59.73178,25826.6531060054,3200.40965243551,820897.988861897,3500.49006860961,300.003600043201,300.003600043201,43676.1712426472,260077.760623378,2102687.55279527,8502.8909829342,0,
59.85803,24023.0621396541,4200.70571856072,834346.039698089,2700.2916314962,500.010000200004,400.006400102402,43575.8219301585,266919.740134784,2146470.3097042,9703.76506084361,0,
59.98435,26427.9078707115,4200.70571856072,814605.697386736,3700.5476810568,300.003600043201,0,43776.5213593361,260894.518587977,2117557.16834924,9003.24116682005,0,
60.11058,22920.9956319989,2900.33643902693,812793.233331131,4400.77453631839,200.0016000128,300.003600043201,41368.3404985035,252015.110805842,2025035.11601339,8402.82334864514,200.0016000128,
60.23684,22520.2682414173,3600.51847466035,828153.927532399,4700.88376614804,300.003600043201,300.003600043201,42472.032567234,276422.961507041,2147296.3994572,9603.68781612139,100.0004000016,
60.36318,21217.9928579435,3600.51847466035,833598.558278532,4100.67251029169,300.003600043201,500.010000200004,42271.354045629,259669.401446874,2091948.38600628,13607.4024269202,0,
60.48942,21919.201220269,3800.57768780855,823991.934650839,5601.25468104855,300.003600043201,1000.04000160006,39462.1924152464,248036.712665223,2041556.91107336,12306.0545788528,0,
60.61571,21117.8234429859,4300.73972723308,852940.203183428,4800.92177698118,500.010000200004,100.0004000016,45382.2326054811,270291.032887768,2172079.09204716,10204.1632986258,0,
60.74191,24824.6260290208,4200.70571856072,823031.665234349,5801.34591225164,400.006400102402,300.003600043201,38057.8479288519,253239.485561208,2001904.60292943,13106.8679988314,0,
60.86817,23421.922919853,3900.60849492521,816525.054421235,4900.9605882753,700.019600548815,300.003600043201,43575.8219301585,265591.902074608,1973817.55132747,12406.1534521122,100.0004000016,
60.99447,24624.2302425587,4400.77453631839,811727.196887725,5401.16665199683,100.0004000016,400.006400102402,38860.311202987,257729.875651144,2113203.04535497,11405.2007715518,0,
61.12079,22720.6303323418,3600.51847466035,808955.914173866,6001.44034568296,400.006400102402,300.003600043201,37355.7347562563,261405.01913804,2159687.74575218,11905.6670975384,100.0004000016,
61.24711,22019.3770518056,4500.81014582625,853047.143548527,4000.64010241639,300.003600043201,200.0016000128,43676.1712426472,255280.3740206,2139035.50192721,12906.6598364756,0,
61.3733,21618.6785382571,3300.43565750679,829648.303508699,6201.53798141939,300.003600043201,500.010000200004,42973.74294289,245589.090674077,2138279.30282846,13206.9732818928,0,
61.49961,20416.6599945556,3400.46246289495,807677.061310782,6401.6388195378,400.006400102402,100.0004000016,41368.3404985035,264876.970155106,2124165.88637323,17111.7044058136,0,
61.62589,23121.3641404658,3000.36004320518,853902.698320117,6101.48876325823,500.010000200004,300.003600043201,47991.9525811455,262119.754573454,2063035.24465133,14608.5313823273,0,
61.75213,24624.2302425587,4800.92177698118,839259.136762031,7802.43435952017,500.010000200004,100.0004000016,45281.8696202735,269678.003655006,2184077.52463965,17512.2585810067,100.0004000016,
61.87841,28732.9854673165,5101.04061228491,824312.040327246,6801.85010322808,400.006400102402,300.003600043201,51204.6623298021,255484.481009896,2090296.20650029,14808.7667899396,0,
62.0046,24924.8251258253,4700.88376614804,831996.958024038,7702.37233067785,500.010000200004,500.010000200004,50401.4076321559,247220.785935884,2191291.82564509,17211.841747122,0,
62.13092,25225.4272306485,3800.57768780855,826019.40463794,7602.31110257518,200.0016000128,200.0016000128,68084.9186390236,267328.3337713,2166826.04537947,19415.0660912868,0,
62.25718,26728.5460872212,5201.0818250196,827833.726605148,8502.8909829342,300.003600043201,0,52208.8031457558,264979.100809288,2063861.33440433,18313.4054127621,100.0004000016,
62.38336,27129.408278574,4200.70571856072,837977.2791163,9903.92195309342,200.0016000128,100.0004000016,54418.1963224123,237739.506147913,2161159.10789716,19014.4509827469,0,
62.50966,27129.408278574,5401.16665199683,826659.724460533,7702.37233067785,200.0016000128,500.010000200004,52108.3854417188,260281.945162959,2015948.1287304,20016.0128102482,0,
62.63594,29133.9118734207,4100.67251029169,811407.403124626,8402.82334864514,100.0004000016,300.003600043201,52409.640968907,251504.989697386,2145823.01792059,19314.911111378,0,
62.76223,25125.2257266295,5401.16665199683,864601.912739041,9203.38684635946,100.0004000016,300.003600043201,55121.2667869313,246098.972786725,2209285.11412663,21217.9928579435,100.0004000016,
62.88842,26928.9755777216,3300.43565750679,857646.416337068,8102.62525058119,500.010000200004,100.0004000016,53112.5987092636,247628.742708485,2161159.10789716,21518.505915087,0,
63.01465,26828.7604311822,5301.12383825371,871239.873996713,8302.75651516303,300.003600043201,400.006400102402,57833.4796710809,251096.907649668,2039078.64181437,20516.8237955123,0,
63.14088,24423.8376655616,2600.27042812453,817591.487217194,7202.07419736884,500.010000200004,300.003600043201,54418.1963224123,239064.418168896,2082186.85408984,19114.6035571176,0,
63.26712,34848.5091247016,4500.81014582625,831057.7820448,8703.02865397158,700.019600548815,200.0016000128,60646.7651717156,254259.888558002,1989513.25663444,21318.1630749398,100.0004000016,
63.39334,27931.1711870447,4600.84655576626,851656.98780629,10604.4963064339,300.003600043201,200.0016000128,56226.1715289109,242734.131407616,2113438.28764538,18313.4054127621,100.0004000016,
63.51962,30036.0432519023,4800.92177698118,838297.731604166,9203.38684635946,200.0016000128,400.006400102402,54619.0695716662,244773.322131386,2043984.33612427,22420.0883992057,0,
63.6459,24524.0335528818,4000.64010241639,887782.914710279,10504.4118529783,400.006400102402,200.0016000128,64767.3588552821,270188.859283459,2009339.41070641,25125.2257266295,0,
63.77218,28231.8455217485,4200.70571856072,885707.604978616,9103.31360615264,0,100.0004000016,57331.1737254839,250688.838791522,2102856.42424426,24824.6260290208,100.0004000016,
63.89839,25726.4467872973,4600.84655576626,901796.96306611,10104.0820491479,400.006400102402,300.003600043201,58235.3389276679,242836.083119611,2053122.16761535,25225.4272306485,0,
64.02463,30036.0432519023,4700.88376614804,878952.751243225,10904.7544729502,400.006400102402,800.025600819226,62656.64160401,259669.401446874,2043867.31629642,22820.8125810739,100.0004000016,
64.15093,26728.5460872212,4600.84655576626,886670.22867249,10004.0016006403,400.006400102402,200.0016000128,61551.1696727162,236516.633892844,2019081.95644092,27730.7256440136,0,
64.27718,26227.4864057532,5101.04061228491,851870.848189542,9303.46088745013,300.003600043201,200.0016000128,58335.8057557995,248852.692133669,2013709.99809823,25526.0365572884,0,
64.40339,25125.2257266295,5201.0818250196,866421.659920704,10104.0820491479,200.0016000128,500.010000200004,61450.6770601515,237739.506147913,1943252.23046652,24724.4277346018,200.0016000128,
64.5297,31038.4877247787,4000.64010241639,876274.147739035,10904.7544729502,100.0004000016,100.0004000016,62053.6448245857,232746.857009051,2077962.87069731,24123.2548176442,100.0004000016,
64.65593,29534.8511243267,4700.88376614804,884418.822321066,12205.9565067753,300.003600043201,200.0016000128,56627.9792330667,228367.179710742,2028897.13450444,26027.0681508769,0,
64.78222,31138.7365883159,5901.39272868397,893534.073819358,10904.7544729502,200.0016000128,300.003600043201,57933.9432768561,232543.117369679,2018614.74481459,27129.408278574,0,
64.90847,32241.5270868879,5101.04061228491,824418.74398291,11405.2007715518,300.003600043201,100.0004000016,58737.681124556,230404.049782615,2008106.75332308,25225.4272306485,100.0004000016,
65.03471,29334.3798932349,5101.04061228491,895250.603877244,13006.7635170289,400.006400102402,200.0016000128,59943.3845759056,238758.656894219,1965458.32650208,24023.0621396541,100.0004000016,
65.161,28933.4470648069,4400.77453631839,860000.165504001,10504.4118529783,600.014400345608,100.0004000016,56828.8879177976,219408.857056391,1776382.10036078,25025.025025025,0,
65.28718,27329.8441898553,4900.9605882753,869526.525577718,10904.7544729502,300.003600043201,100.0004000016,61551.1696727162,223581.829335227,1926730.43540654,24924.8251258253,0,
65.41338,27931.1711870447,4800.92177698118,859358.191417176,11004.8421305374,100.0004000016,200.0016000128,62154.1422728366,228672.689255411,1954294.14250843,28833.2158646761,100.0004000016,
65.53967,31439.4879969241,5301.12383825371,935869.930574863,8703.02865397158,300.003600043201,200.0016000128,58134.8729051399,230098.498304537,1976282.45246779,27630.5040765005,0,
65.6659,27129.408278574,3600.51847466035,884633.225101054,12706.4548790786,400.006400102402,200.0016000128,61149.2040579013,214118.292540252,1957433.13478285,27730.7256440136,0,
65.79213,30537.255451651,5501.21026625858,915007.069613929,10504.4118529783,400.006400102402,400.006400102402,64666.8404483568,227043.390514632,1907760.19804112,26427.9078707115,0,
65.91833,30437.0114058695,4300.73972723308,888922.026709083,11405.2007715518,800.025600819226,300.003600043201,57431.6333035317,218900.052455312,1741686.33073483,24624.2302425587,100.0004000016,
66.04449,30437.0114058695,3900.60849492521,864601.912739041,13106.8679988314,200.0016000128,100.0004000016,60445.7952581627,215033.80831733,1842466.93008074,27931.1711870447,100.0004000016,
66.17072,28532.5270808722,5101.04061228491,892354.091406224,11505.2924345199,0,300.003600043201,65169.4405454181,210253.51430934,1931181.13696983,26928.9755777216,100.0004000016,
66.29695,32943.3534531443,5201.0818250196,891174.216533068,12706.4548790786,300.003600043201,200.0016000128,67582.2016155555,214728.629004603,1890741.8402733,26427.9078707115,0,
66.42319,29635.0879441258,4800.92177698118,874345.896535736,13006.7635170289,100.0004000016,300.003600043201,62254.6405270692,206593.238180124,1882298.54405471,26828.7604311822,100.0004000016,
66.54948,29534.8511243267,4900.9605882753,908561.432308183,15009.0054032419,200.0016000128,200.0016000128,71001.0750445261,213101.13075716,1910193.15060236,29234.1454819229,0,
66.67571,31138.7365883159,5501.21026625858,906198.8352573,12005.7627661277,100.0004000016,500.010000200004,66978.9678019669,209541.710699333,1797122.20345233,29133.9118734207,0,
66.80197,28231.8455217485,4800.92177698118,854544.401560373,12806.5569571621,600.014400345608,200.0016000128,60948.2260858408,198259.908963727,1863695.75682553,26928.9755777216,200.0016000128,
66.9282,28632.7558727184,5701.29989637637,871239.873996713,12406.1534521122,200.0016000128,200.0016000128,63259.6674005189,202527.511079031,1859193.36470487,27630.5040765005,100.0004000016,
67.05441,31339.2367243789,4700.88376614804,881203.206784602,12005.7627661277,200.0016000128,100.0004000016,65169.4405454181,202425.884705958,1797811.58351484,26928.9755777216,0,
67.18063,29234.1454819229,5601.25468104855,880238.677913183,12506.2531265633,300.003600043201,200.0016000128,62053.6448245857,202324.259152476,1824494.84111315,27730.7256440136,0,
67.30694,29434.6151073663,4000.64010241639,872739.240045205,10104.0820491479,200.0016000128,600.014400345608,58335.8057557995,192673.56744381,1803098.0092803,27530.2833116428,100.0004000016,
67.4333,29133.9118734207,3800.57768780855,863317.539467423,12606.3536022155,400.006400102402,300.003600043201,61752.1573156257,200799.974194381,1782423.87363838,26928.9755777216,0,
67.55962,30236.5257230735,4700.88376614804,893855.905870655,10804.6676164103,500.010000200004,0,59440.9940378578,204255.284828248,1757427.86197448,27129.408278574,0,
67.68585,32041.0124959949,5301.12383825371,864066.741706946,10804.6676164103,200.0016000128,200.0016000128,59641.9478358493,201308.048692959,1734193.6753314,30136.2840860396,100.0004000016,
67.81204,25626.2412710616,3800.57768780855,842784.901197865,13106.8679988314,800.025600819226,400.006400102402,57230.7149529525,205271.732993499,1744604.00869521,29334.3798932349,0,
67.93828,27830.9480141918,4600.84655576626,852512.450569996,11205.0198488923,200.0016000128,500.010000200004,58737.681124556,197955.13554484,1762927.56453077,26928.9755777216,100.0004000016,
68.06453,31840.5011174214,4800.92177698118,885062.041316701,12706.4548790786,300.003600043201,300.003600043201,61953.1481823067,194704.677749649,1728477.16105084,29534.8511243267,0,
68.19076,27430.063349431,4800.92177698118,878309.835828002,13407.186251831,600.014400345608,200.0016000128,57733.0168708705,221749.622682626,1784489.85189249,27931.1711870447,100.0004000016,
68.31694,29133.9118734207,4400.77453631839,899757.578269067,13407.186251831,1200.05760276493,500.010000200004,60747.2513372415,197751.957361372,1789885.85365435,28933.4470648069,100.0004000016,
68.44318,25726.4467872973,3800.57768780855,903621.948035262,12806.5569571621,300.003600043201,200.0016000128,57733.0168708705,207203.210389401,1770149.35601729,27129.408278574,200.0016000128,
68.5694,26628.3325458288,5401.16665199683,902226.348159077,11805.5722300926,200.0016000128,100.0004000016,55422.5947796526,210355.20382068,1754449.80009075,29534.8511243267,0,
68.69571,27430.063349431,3800.57768780855,917586.222625845,13006.7635170289,100.0004000016,200.0016000128,54518.6325444167,198971.075613041,1691721.29572292,31740.2466327303,0,
68.82196,27830.9480141918,4200.70571856072,869419.448836497,14308.184281409,300.003600043201,400.006400102402,59139.5693837456,202527.511079031,1800569.45849985,29635.0879441258,100.0004000016,
68.94825,26327.6967369673,3800.57768780855,877774.097383239,14208.0701838644,300.003600043201,0,52108.3854417188,191455.058444176,1792297.53596598,27730.7256440136,0,
69.07458,23922.8702639724,5301.12383825371,868991.150735507,14208.0701838644,400.006400102402,200.0016000128,51706.7226756024,195212.506500365,1706548.44567888,26628.3325458288,0,
69.20088,23421.922919853,2900.33643902693,875524.238121064,14708.648685427,100.0004000016,200.0016000128,51405.4840532773,189830.5631237,1530207.35396716,28532.5270808722,100.0004000016,
69.32716,24824.6260290208,3700.5476810568,872417.932690318,12005.7627661277,400.006400102402,300.003600043201,47791.1855820906,191251.985070656,1723220.12664668,28933.4470648069,0,
69.45338,25125.2257266295,4100.67251029169,866849.872942033,12406.1534521122,300.003600043201,500.010000200004,53012.1737596755,194603.114456059,1719564.27872139,30136.2840860396,0,
69.57954,25726.4467872973,3100.38444767151,860642.171466402,14708.648685427,500.010000200004,200.0016000128,46285.535669918,188510.814939004,1741056.72099023,28031.3951625821,100.0004000016,
69.70586,27329.8441898553,3300.43565750679,830395.556345392,11004.8421305374,300.003600043201,200.0016000128,46185.1654450807,198158.317004927,1729505.95319557,31339.2367243789,0,
69.83216,23221.549598027,3400.46246289495,851015.427886007,12706.4548790786,400.006400102402,500.010000200004,47690.8032894631,203238.918639912,1823228.48669782,28332.0719053969,100.0004000016,
69.95844,23221.549598027,3700.5476810568,853581.858645024,13607.4024269202,200.0016000128,200.0016000128,49196.6221659339,188612.329120454,1698448.49976078,25926.8602271954,100.0004000016,
70.0847,23922.8702639724,3800.57768780855,838725.013952912,12806.5569571621,200.0016000128,300.003600043201,48895.4439065055,174813.907775594,1716708.84344436,30938.239664225,0,
70.21091,19915.8530190031,4000.64010241639,856148.799033601,12806.5569571621,100.0004000016,300.003600043201,46787.3988610725,190845.848145551,1729505.95319557,27329.8441898553,100.0004000016,
70.33712,22820.8125810739,3100.38444767151,850373.899808087,13206.9732818928,100.0004000016,200.0016000128,45582.960989,187191.205035826,1637571.33541604,27530.2833116428,0,
70.46341,21017.6548300572,2100.17641481884,832530.802709729,13006.7635170289,200.0016000128,0,48594.2728894055,192064.29820955,1784260.28301321,27530.2833116428,0,
70.58965,20616.9883984403,2500.2500250025,861498.229004601,13707.5117164206,200.0016000128,500.010000200004,43174.4327220127,193485.972267011,1756555.94628881,27730.7256440136,0,
70.71586,21318.1630749398,3200.40965243551,864815.98735314,15409.4922472243,100.0004000016,100.0004000016,37957.5436361524,186785.199036051,1697992.31097821,27430.063349431,100.0004000016,
70.84213,18413.5523745477,2700.2916314962,836695.548647397,13307.0793662228,200.0016000128,200.0016000128,37255.4360889003,193485.972267011,1726991.26775741,28031.3951625821,0,
70.96832,20717.1538033492,3400.46246289495,840647.959415712,13106.8679988314,100.0004000016,200.0016000128,41368.3404985035,191556.596358712,1717508.30380158,28732.9854673165,0,
71.09464,15910.1188355794,1500.09000540032,843532.91432352,13707.5117164206,100.0004000016,100.0004000016,40465.3920735909,189322.951301986,1675316.5826572,28031.3951625821,0,
71.22079,19114.6035571176,2600.27042812453,854651.355197405,12706.4548790786,600.014400345608,300.003600043201,39060.9350586916,194298.429488213,1719381.90740387,28031.3951625821,100.0004000016,
71.34699,18513.7001381022,3400.46246289495,872525.034255223,11605.3848985929,200.0016000128,200.0016000128,42672.714305176,194704.677749649,1707689.67801209,23522.1107841371,0,
71.47331,17412.118834709,1400.07840439065,850053.147709272,12005.7627661277,800.025600819226,500.010000200004,41067.3504547458,195517.21357736,1639615.02559534,24824.6260290208,0,
71.59953,16911.4321281186,3000.36004320518,845777.213535744,12406.1534521122,200.0016000128,200.0016000128,45884.059597182,202934.024767427,1767397.73783368,27530.2833116428,0,
71.7258,20817.3200102485,3800.57768780855,846418.513479424,11905.6670975384,200.0016000128,300.003600043201,40666.0416516423,196634.535918306,1670990.92332837,26227.4864057532,0,
71.85204,17211.841747122,2600.27042812453,825912.687754385,11805.5722300926,300.003600043201,400.006400102402,40967.0220480706,187191.205035826,1643589.76545115,24724.4277346018,0,
71.97823,17211.841747122,2500.2500250025,844494.709115043,12706.4548790786,100.0004000016,300.003600043201,41167.6796653699,187597.224125285,1679188.09894777,23822.6791905894,0,
72.10447,15809.9919148902,2200.1936170383,829541.55663282,12706.4548790786,200.0016000128,500.010000200004,36854.249455198,192876.663737575,1614091.41621032,22219.7311212357,0,
72.23076,16210.5044068556,3100.38444767151,815565.340228499,12706.4548790786,100.0004000016,100.0004000016,35851.3391176164,189729.039122672,1593255.0995226,21518.505915087,0,
72.35704,15509.6159618964,2700.2916314962,806398.335177631,10604.4963064339,500.010000200004,100.0004000016,37656.6355799122,185567.259568501,1659614.31002785,22720.6303323418,0,
72.4832,13106.8679988314,2600.27042812453,815778.603882693,11605.3848985929,300.003600043201,0,37355.7347562563,191962.756202261,1630080.48675526,19915.8530190031,0,
72.60951,14608.5313823273,2300.21161946899,841716.386128994,10604.4963064339,200.0016000128,200.0016000128,39963.7821963854,183233.204798111,1526902.99495517,19515.221873061,0,
72.73583,15009.0054032419,2800.31363512713,816844.975009294,10604.4963064339,400.006400102402,100.0004000016,37556.3345017526,183537.622190525,1611371.78428183,22319.9093591484,0,
72.86211,14608.5313823273,2000.16001280102,815138.823490537,12306.0545788528,500.010000200004,0,37155.1382251261,194603.114456059,1584997.55418023,23421.922919853,100.0004000016,
72.98835,13407.186251831,2400.23042212052,838831.836748193,10104.0820491479,600.014400345608,400.006400102402,35751.0525029742,189018.394028792,1637117.22462548,19415.0660912868,0,
73.11464,14208.0701838644,2200.1936170383,828047.193007831,10204.1632986258,600.014400345608,400.006400102402,39863.462632511,192064.29820955,1643816.92926813,19815.6940296715,0,
73.24084,11505.2924345199,2200.1936170383,857753.395640176,11104.9305891816,400.006400102402,300.003600043201,40365.0684904065,191861.215013543,1626676.94811419,22219.7311212357,0,
73.3671,14007.84439286,2200.1936170383,787126.241392257,8903.16952835209,200.0016000128,100.0004000016,35049.0686961746,177653.523260123,1602989.75040011,19415.0660912868,100.0004000016,
73.49343,12606.3536022155,2000.16001280102,814072.593302384,10504.4118529783,400.006400102402,100.0004000016,36352.7842427204,184856.849273669,1628945.87720008,18413.5523745477,0,
73.61965,13907.7326993809,1600.10240655402,804160.869331858,11605.3848985929,700.019600548815,100.0004000016,33244.1482288479,181508.311912264,1530153.11081963,18113.1138944596,0,
73.74594,13707.5117164206,2400.23042212052,781701.179770646,9403.53572943427,300.003600043201,200.0016000128,38559.381447429,171974.932740483,1585789.15129654,17412.118834709,0,
73.8722,13206.9732818928,2900.33643902693,840220.61346751,10504.4118529783,300.003600043201,200.0016000128,34948.7885087582,181508.311912264,1582283.86476635,18814.1482394761,0,
73.9984,14508.4148806308,2200.1936170383,818871.322876346,11505.2924345199,300.003600043201,100.0004000016,35049.0686961746,177957.805771191,1530040.49545381,19014.4509827469,0,
74.12471,11305.1099096792,2200.1936170383,829861.799907426,9403.53572943427,400.006400102402,500.010000200004,35650.7666917691,184653.882264765,1587485.58958281,17612.3991289868,0,
74.2509,13407.186251831,2600.27042812453,828290.702402582,10004.0016006403,300.003600043201,100.0004000016,38258.4589252378,178059.234909278,1552131.39269115,15709.8657957197,0,
74.37717,13707.5117164206,1900.14441097523,812580.018998059,11405.2007715518,900.032401166442,100.0004000016,32141.2693898966,179885.099148316,1545815.95467249,16611.0297237366,0,
74.50347,13607.4024269202,2800.31363512713,837229.587555137,9303.46088745013,500.010000200004,400.006400102402,34547.6757925938,174611.102607687,1593028.79705902,17111.7044058136,0,
74.62973,9803.84310649775,1800.12960933187,851229.277654611,10004.0016006403,300.003600043201,200.0016000128,33244.1482288479,181305.398871878,1565222.93535087,14908.8856958747,0,
74.75591,13407.186251831,1800.12960933187,843746.640312937,9003.24116682005,300.003600043201,300.003600043201,36352.7842427204,175523.751596128,1583640.64021913,15009.0054032419,100.0004000016,
74.88218,12506.2531265633,2500.2500250025,827620.263730996,9403.53572943427,700.019600548815,100.0004000016,36753.9548056547,181102.489101619,1544801.25376405,14608.5313823273,0,
75.00845,12105.8592358702,2700.2916314962,823245.052266248,8202.69048247825,400.006400102402,100.0004000016,35049.0686961746,175422.342885224,1547732.82361686,16010.246557797,0,
75.13469,13807.6218072376,1900.14441097523,826232.8410509,9903.92195309342,300.003600043201,500.010000200004,35450.1974796312,174408.3007073,1554838.92896899,15609.7404780583,0,
75.26104,12906.6598364756,2600.27042812453,842571.191115117,9903.92195309342,100.0004000016,0,37155.1382251261,189424.472029663,1531842.45604204,13707.5117164206,0,
75.38737,12806.5569571621,2200.1936170383,845670.333305765,10904.7544729502,200.0016000128,200.0016000128,34246.8496903764,167717.670556589,1527338.01346315,13407.186251831,100.0004000016,
75.5136,13407.186251831,2200.1936170383,860535.168258986,8102.62525058119,300.003600043201,600.014400345608,32642.5659059413,178667.82689968,1548296.66128621,15509.6159618964,0,
75.63989,13407.186251831,1100.04840212969,828580.874452434,9803.84310649775,500.010000200004,0,34547.6757925938,177552.0973908,1464884.27435405,15609.7404780583,0,
75.76615,12706.4548790786,1900.14441097523,822498.213083124,9103.31360615264,400.006400102402,100.0004000016,37957.5436361524,180696.679371168,1547845.58923474,17912.8255831175,0,
75.89238,14007.84439286,1600.10240655402,847059.845248483,9303.46088745013,100.0004000016,300.003600043201,32041.0124959949,174611.102607687,1479011.67618499,14308.184281409,100.0004000016,
76.01874,11104.9305891816,2400.23042212052,834132.46916438,11004.8421305374,200.0016000128,0,30938.239664225,167008.266858875,1472506.7134277,15209.2472223112,0,
76.14498,13607.4024269202,2200.1936170383,882810.914677831,10104.0820491479,300.003600043201,100.0004000016,39963.7821963854,180189.435601162,1573581.18335346,18113.1138944596,0,
76.27131,14208.0701838644,1900.14441097523,807677.061310782,8903.16952835209,300.003600043201,0,31740.2466327303,169947.485421566,1453234.91319106,14608.5313823273,0,
76.39752,13006.7635170289,1500.09000540032,832103.725196014,10104.0820491479,300.003600043201,0,31840.5011174214,180798.130577547,1483499.72033424,18213.259252736,0,
76.52382,11905.6670975384,1200.05760276493,823565.139426593,9803.84310649775,300.003600043201,300.003600043201,33745.4889190629,177146.402085071,1492480.37437054,18113.1138944596,0,
76.65005,12706.4548790786,1600.10240655402,909313.258106506,9903.92195309342,600.014400345608,100.0004000016,36553.3679171591,165589.579432667,1486530.01029796,18613.8487034354,0,
76.77633,12706.4548790786,2400.23042212052,881524.732385034,9103.31360615264,200.0016000128,300.003600043201,33946.0308177889,168325.762700944,1466677.39449324,18113.1138944596,100.0004000016,
76.90256,12306.0545788528,1800.12960933187,838404.550866517,9303.46088745013,500.010000200004,200.0016000128,35349.9140786791,168629.819792611,1422592.37338294,15509.6159618964,100.0004000016,
77.02875,12105.8592358702,1800.12960933187,887420.784492399,11905.6670975384,600.014400345608,300.003600043201,31940.756405173,166298.903152029,1400047.30888478,17712.5404786589,100.0004000016,
77.15499,12306.0545788528,2500.2500250025,848449.506604796,9703.76506084361,200.0016000128,100.0004000016,31539.7400724913,174813.907775594,1474973.73682605,16110.3750815525,0,
77.28122,12906.6598364756,1300.06760351538,859679.17447629,9303.46088745013,300.003600043201,300.003600043201,35049.0686961746,166906.926738127,1439582.38150837,18513.7001381022,100.0004000016,
77.40744,12806.5569571621,2100.17641481884,815458.709722721,7302.132222609,600.014400345608,0,29234.1454819229,160726.722302066,1411426.63962137,16310.634533716,0,
77.53379,11405.2007715518,2100.17641481884,857325.483738845,9403.53572943427,300.003600043201,100.0004000016,31840.5011174214,177957.805771191,1413728.69879434,19214.7569333248,0,
77.66002,11705.4781637807,900.032401166442,851656.98780629,8903.16952835209,100.0004000016,100.0004000016,36453.0756781874,166400.238376143,1451443.61398668,17912.8255831175,0,
77.78629,12806.5569571621,2000.16001280102,879810.021490594,9603.68781612139,100.0004000016,600.014400345608,30136.2840860396,154347.073643879,1455033.18644428,19515.221873061,100.0004000016,
77.91252,12606.3536022155,2200.1936170383,864387.841668563,8903.16952835209,400.006400102402,0,31138.7365883159,166805.587433509,1439694.23022417,19214.7569333248,0,
78.03872,14708.648685427,1800.12960933187,845349.697919553,8302.75651516303,600.014400345608,100.0004000016,32241.5270868879,161942.260387856,1458162.23721753,18513.7001381022,0,
78.16497,15109.1259120509,2100.17641481884,860000.165504001,9403.53572943427,200.0016000128,300.003600043201,31238.986254846,165994.902376073,1446966.42716294,17412.118834709,0,
78.29125,13407.186251831,2000.16001280102,865886.413581039,9203.38684635946,400.006400102402,300.003600043201,30837.992406645,170555.685323754,1469591.73301711,17612.3991289868,0,
78.41746,10804.6676164103,1500.09000540032,889029.264958681,9803.84310649775,100.0004000016,100.0004000016,37355.7347562563,167920.364673099,1432202.45798337,17912.8255831175,0,
78.54378,12606.3536022155,2800.31363512713,887420.784492399,8402.82334864514,400.006400102402,400.006400102402,32542.3049964954,164171.051942875,1457378.22197952,20616.9883984403,0,
78.66999,13707.5117164206,1500.09000540032,884633.225101054,7802.43435952017,200.0016000128,200.0016000128,30637.5003003677,155157.008427984,1440924.62855789,17111.7044058136,0,
78.79623,14208.0701838644,2300.21161946899,843105.472949505,8002.56081946223,300.003600043201,300.003600043201,33946.0308177889,166805.587433509,1372977.19264932,19615.3784567101,0,
78.92255,13006.7635170289,1800.12960933187,849090.939169851,6701.7960813498,800.025600819226,200.0016000128,31439.4879969241,161638.364855834,1436003.72218932,17712.5404786589,0,
79.04874,14608.5313823273,1600.10240655402,871454.058506741,9503.61137232148,200.0016000128,200.0016000128,31238.986254846,173394.340215404,1427843.53025248,16310.634533716,0,
79.17506,13907.7326993809,2100.17641481884,853154.084798345,7202.07419736884,400.006400102402,100.0004000016,30336.7681630136,159815.145806161,1426837.82800991,17812.6826300326,0,
79.30126,13907.7326993809,2200.1936170383,845456.57549768,8502.8909829342,200.0016000128,100.0004000016,32241.5270868879,165792.239272326,1438240.27072758,18814.1482394761,0,
79.42742,12306.0545788528,2100.17641481884,876381.281232792,8302.75651516303,700.019600548815,100.0004000016,34848.5091247016,169846.121628751,1434550.16854669,19515.221873061,0,
79.55361,14107.9568876847,2000.16001280102,865886.413581039,8502.8909829342,500.010000200004,200.0016000128,31940.756405173,166298.903152029,1453570.80880206,17612.3991289868,0,
79.67988,14208.0701838644,1900.14441097523,872953.449382154,7702.37233067785,400.006400102402,100.0004000016,30837.992406645,158802.360499473,1424714.93017533,20416.6599945556,0,
79.80612,13807.6218072376,2400.23042212052,882703.727937583,9203.38684635946,800.025600819226,500.010000200004,31038.4877247787,165893.570416184,1414105.55499205,19114.6035571176,100.0004000016,
79.9324,15109.1259120509,2700.2916314962,862247.325843627,7702.37233067785,100.0004000016,100.0004000016,32843.0901342561,165893.570416184,1445175.97677902,18413.5523745477,0,
80.05866,14107.9568876847,2100.17641481884,888922.026709083,6701.7960813498,500.010000200004,400.006400102402,31740.2466327303,169035.240676383,1435891.90469544,18814.1482394761,0,
80.1849,14908.8856958747,3000.36004320518,865886.413581039,7302.132222609,600.014400345608,300.003600043201,35249.6314811254,166906.926738127,1487989.28613809,20817.3200102485,0,
80.31123,16510.8971921468,3300.43565750679,899006.306926016,8903.16952835209,400.006400102402,100.0004000016,35049.0686961746,168123.062054524,1443162.00984955,17412.118834709,0,
80.43742,13907.7326993809,2900.33643902693,858502.2755482,7802.43435952017,500.010000200004,300.003600043201,33244.1482288479,157789.656726992,1420916.9115005,16911.4321281186,100.0004000016,
80.5637,12806.5569571621,2700.2916314962,866314.60888063,7402.19104855037,0,200.0016000128,37456.0342272039,155865.744150758,1419511.32706533,16210.5044068556,100.0004000016,
80.68996,17912.8255831175,2600.27042812453,865244.147212554,6801.85010322808,600.014400345608,400.006400102402,39963.7821963854,165893.570416184,1488438.32643928,17412.118834709,0,
80.81621,18613.8487034354,2900.33643902693,897181.972246508,7102.01697282028,100.0004000016,200.0016000128,39261.5621294189,180290.882720277,1455362.39613625,17211.841747122,100.0004000016,
80.94252,16410.7654621432,1900.14441097523,860107.164284089,7202.07419736884,800.025600819226,300.003600043201,44077.5765347011,162853.991029946,1456370.27065925,15910.1188355794,0,
81.06884,16711.163056922,3100.38444767151,886134.144018025,8102.62525058119,300.003600043201,300.003600043201,41268.0096799526,153638.423490681,1412877.65132466,16911.4321281186,100.0004000016,
81.19515,17211.841747122,2700.2916314962,857967.356902009,8102.62525058119,400.006400102402,300.003600043201,38960.6227289663,160625.432762757,1448085.58177325,17311.9798900839,100.0004000016,
81.32144,18313.4054127621,2900.33643902693,886241.359172634,7402.19104855037,400.006400102402,500.010000200004,42472.032567234,158295.998422072,1439582.38150837,16711.163056922,0,
81.44774,18313.4054127621,2900.33643902693,876916.962008546,7602.31110257518,600.014400345608,100.0004000016,43274.7788177972,159511.301652477,1488101.54478608,17311.9798900839,100.0004000016,
81.57398,17412.118834709,2900.33643902693,885707.604978616,6401.6388195378,400.006400102402,400.006400102402,44378.6389482162,160422.856130689,1458050.23219585,18213.259252736,100.0004000016,
81.70031,20016.0128102482,2300.21161946899,908239.234608433,5701.29989637637,300.003600043201,300.003600043201,45984.4274087224,163056.606812143,1464099.86069298,14408.2991803279,200.0016000128,
81.82657,19114.6035571176,3200.40965243551,885598.081566555,7302.132222609,300.003600043201,100.0004000016,47389.6612390643,162043.560529812,1481816.52550093,13507.2939387269,0,
81.95282,19214.7569333248,3700.5476810568,857218.507976435,6801.85010322808,300.003600043201,200.0016000128,45984.4274087224,165082.944113384,1502590.89328573,15409.4922472243,200.0016000128,
82.07913,20616.9883984403,2600.27042812453,872739.240045205,5901.39272868397,600.014400345608,300.003600043201,44780.0667593657,163157.91592687,1482265.35653604,12706.4548790786,200.0016000128,
82.20537,18413.5523745477,3300.43565750679,848342.604272214,8102.62525058119,300.003600043201,200.0016000128,43274.7788177972,153233.498472696,1436227.36001489,10804.6676164103,200.0016000128,
82.33164,20717.1538033492,4100.67251029169,852084.712111185,5001.00020004001,200.0016000128,100.0004000016,46887.7739127647,169643.396492359,1448980.97366105,11505.2924345199,0,
82.45788,19915.8530190031,2800.31363512713,851870.848189542,6701.7960813498,300.003600043201,200.0016000128,47791.1855820906,162246.163260705,1468919.13639328,14708.648685427,100.0004000016,
82.58404,17311.9798900839,3000.36004320518,833385.000103334,6201.53798141939,300.003600043201,100.0004000016,46687.0246138803,156068.247406912,1438240.27072758,13907.7326993809,0,
82.71027,20616.9883984403,3100.38444767151,862140.309352578,6101.48876325823,200.0016000128,400.006400102402,46988.1497689666,172786.003125453,1530603.58184373,11004.8421305374,300.003600043201,
82.83647,22019.3770518056,2300.21161946899,865351.189392309,6001.44034568296,0,700.019600548815,42773.0563802976,160524.144038969,1461074.70067232,10904.7544729502,100.0004000016,
82.96266,18814.1482394761,3400.46246289495,834239.25398984,7302.132222609,500.010000200004,0,47590.4218014227,175625.161124001,1551680.19032244,12005.7627661277,100.0004000016,
83.08894,18713.9980705568,2400.23042212052,835627.537058624,6901.90492575951,600.014400345608,100.0004000016,51807.1371596461,170251.581698609,1537249.80680882,10404.3282005314,100.0004000016,
83.21517,20416.6599945556,2900.33643902693,860000.165504001,5901.39272868397,400.006400102402,200.0016000128,42773.0563802976,171772.173310672,1472618.8408805,11104.9305891816,0,
83.34144,22920.9956319989,3200.40965243551,840754.798111351,6401.6388195378,300.003600043201,200.0016000128,47590.4218014227,165792.239272326,1467686.13135595,10704.5815609081,0,
83.46765,19515.221873061,4600.84655576626,826232.8410509,6801.85010322808,500.010000200004,200.0016000128,44478.9946945776,162347.465849662,1500231.08201504,11205.0198488923,200.0016000128,
83.59386,18012.9693379233,2600.27042812453,829434.810639248,5001.00020004001,100.0004000016,0,45482.5963950534,167109.607795764,1530207.35396716,9403.53572943427,100.0004000016,
83.72006,21017.6548300572,3500.49006860961,809488.806940894,6801.85010322808,300.003600043201,200.0016000128,49096.2286080718,185465.769929763,1546717.97616317,9903.92195309342,0,
83.84637,20516.8237955123,1800.12960933187,834452.826289139,6301.58800017604,600.014400345608,0,48895.4439065055,165488.250736846,1399601.26042256,10104.0820491479,100.0004000016,
83.97261,19314.911111378,2700.2916314962,815245.451353751,6501.69043951427,300.003600043201,600.014400345608,42572.3730341581,172177.695436788,1539390.82543875,10404.3282005314,200.0016000128,
84.09889,18012.9693379233,3600.51847466035,846525.399897441,5501.21026625858,400.006400102402,100.0004000016,46988.1497689666,168325.762700944,1481479.9122086,11004.8421305374,100.0004000016,
84.22513,21017.6548300572,2800.31363512713,845456.57549768,5801.34591225164,300.003600043201,300.003600043201,53112.5987092636,173495.732589003,1534771.16413348,13907.7326993809,0,
84.35145,20616.9883984403,3200.40965243551,864923.025989075,6901.90492575951,500.010000200004,300.003600043201,52911.7496151873,170657.054831759,1484173.05818043,10804.6676164103,0,
84.47772,18814.1482394761,2500.2500250025,825592.542395293,6001.44034568296,200.0016000128,400.006400102402,48795.0527627819,174813.907775594,1522722.54686035,8302.75651516303,0,
84.60387,18513.7001381022,2800.31363512713,829434.810639248,5701.29989637637,100.0004000016,500.010000200004,47590.4218014227,161030.595813205,1516083.59566579,11104.9305891816,0,
84.73006,17612.3991289868,3100.38444767151,801604.24054526,6201.53798141939,300.003600043201,100.0004000016,51606.3089965329,161131.888614688,1437681.09811552,7902.49718911176,100.0004000016,
84.8563,21017.6548300572,3500.49006860961,848877.1247777,5201.0818250196,400.006400102402,400.006400102402,51706.7226756024,170657.054831759,1520134.08579794,10004.0016006403,100.0004000016,
84.98254,19815.6940296715,2700.2916314962,824205.337553353,7102.01697282028,100.0004000016,300.003600043201,52309.2216548153,177754.949946623,1441036.48863035,11805.5722300926,300.003600043201,
85.10885,22520.2682414173,3400.46246289495,819084.641156034,5901.39272868397,400.006400102402,0,52510.0610880405,174306.900982402,1503714.76066085,10204.1632986258,0,
85.2351,20216.3347985172,2600.27042812453,816418.415987179,7702.37233067785,200.0016000128,500.010000200004,46787.3988610725,159207.464837492,1436674.64701752,8502.8909829342,100.0004000016,
85.3613,19815.6940296715,3100.38444767151,794682.580954032,5501.21026625858,200.0016000128,0,46385.9066992069,165893.570416184,1440589.05401918,11205.0198488923,0,
85.48753,20616.9883984403,2900.33643902693,806504.890848807,6901.90492575951,500.010000200004,100.0004000016,56226.1715289109,161739.662550877,1400493.37242014,8703.02865397158,0,
85.61376,25125.2257266295,3700.5476810568,827940.459365418,5401.16665199683,100.0004000016,300.003600043201,71001.0750445261,173597.125779375,1502120.30236521,10404.3282005314,400.006400102402,
85.74002,20416.6599945556,3600.51847466035,779255.330118832,5601.25468104855,0,100.0004000016,75527.4887962543,165690.908944491,1368081.54276481,9403.53572943427,300.003600043201,
85.86637,21819.0261908384,7202.07419736884,786913.450866647,7502.25067520256,400.006400102402,200.0016000128,65672.0607992942,161638.364855834,1417566.62510303,9603.68781612139,600.014400345608,
85.9926,22219.7311212357,2700.2916314962,789360.75395712,7302.132222609,500.010000200004,400.006400102402,66878.4316556573,165082.944113384,1489336.45271759,9103.31360615264,0,
86.11883,22119.5536854579,4000.64010241639,772983.315601521,6901.90492575951,0,200.0016000128,63862.7222162069,157890.923435481,1416673.35889058,10904.7544729502,400.006400102402,
86.24511,19314.911111378,3300.43565750679,750683.938165398,6201.53798141939,500.010000200004,100.0004000016,60747.2513372415,168731.173789082,1447637.90856311,8602.95941803981,100.0004000016,
86.37135,20116.1734034163,2500.2500250025,776916.255954468,6201.53798141939,700.019600548815,100.0004000016,59742.4259434492,161840.961061548,1378876.63971097,9403.53572943427,100.0004000016,
86.49766,18513.7001381022,3500.49006860961,770857.901551199,7902.49718911176,500.010000200004,400.006400102402,61450.6770601515,164880.295697409,1365411.9542887,10104.0820491479,0,
86.62398,18413.5523745477,3400.46246289495,760660.791862104,6101.48876325823,600.014400345608,100.0004000016,58034.4076882059,165994.902376073,1400158.82335548,11505.2924345199,100.0004000016,
86.7503,18012.9693379233,3100.38444767151,794895.499719352,7102.01697282028,600.014400345608,300.003600043201,57230.7149529525,161131.888614688,1426726.08804117,9303.46088745013,0,
86.87657,18713.9980705568,3100.38444767151,807037.682404142,8602.95941803981,500.010000200004,200.0016000128,61048.7146689335,173799.914610471,1436898.29619478,8703.02865397158,0,
87.00286,20917.487019148,4200.70571856072,810448.069378484,7302.132222609,100.0004000016,200.0016000128,61450.6770601515,167819.017206735,1398486.20520705,11004.8421305374,0,
87.12907,18613.8487034354,2900.33643902693,763634.11517375,6901.90492575951,0,100.0004000016,56125.7216164208,157688.390833746,1349405.76820112,6801.85010322808,0,
87.25527,17712.5404786589,3100.38444767151,761510.242776473,8703.02865397158,500.010000200004,200.0016000128,58034.4076882059,169542.035148762,1362631.70770801,8302.75651516303,100.0004000016,
87.38163,16911.4321281186,2700.2916314962,726199.149594761,7102.01697282028,200.0016000128,200.0016000128,53916.0272907297,155460.74741905,1323215.39128933,9003.24116682005,100.0004000016,
87.50794,15609.7404780583,3700.5476810568,743153.350934785,7202.07419736884,200.0016000128,0,53514.3065588096,161739.662550877,1376427.49225588,7902.49718911176,100.0004000016,
87.63421,15509.6159618964,3800.57768780855,761191.692118724,6801.85010322808,300.003600043201,200.0016000128,45382.2326054811,156270.753923372,1353405.49247136,7802.43435952017,100.0004000016,
87.76038,14708.648685427,1800.12960933187,755671.398842025,7602.31110257518,0,300.003600043201,46988.1497689666,150399.388342287,1306042.39271344,8002.56081946223,100.0004000016,
87.88665,13607.4024269202,2100.17641481884,721011.391321525,7702.37233067785,300.003600043201,200.0016000128,41669.3377780627,148071.847035344,1313019.68213872,7502.25067520256,0,
88.01293,15009.0054032419,2300.21161946899,751957.148743305,10704.5815609081,300.003600043201,300.003600043201,47791.1855820906,168021.712955692,1341520.98049463,8402.82334864514,100.0004000016,
88.13909,16510.8971921468,2100.17641481884,740184.752750081,9503.61137232148,700.019600548815,200.0016000128,66375.7630204782,179073.571238649,1382885.31676347,8002.56081946223,500.010000200004,
88.26533,17412.118834709,2700.2916314962,811087.617285582,7402.19104855037,300.003600043201,0,75929.915784997,155764.493745271,1366079.30072939,11205.0198488923,400.006400102402,
88.3916,22620.4488857928,3800.57768780855,795777.516606514,10104.0820491479,300.003600043201,400.006400102402,71503.9292060958,153233.498472696,1350072.3045984,8803.09869073914,300.003600043201,
88.51783,21017.6548300572,2700.2916314962,812686.625724304,8202.69048247825,400.006400102402,100.0004000016,69492.6335802845,159713.863606172,1330293.63374147,7202.07419736884,200.0016000128,
88.64406,17512.2585810067,2600.27042812453,766608.124933007,9603.68781612139,500.010000200004,200.0016000128,62757.1438882963,157688.390833746,1322328.49423646,10504.4118529783,0,
88.77021,17412.118834709,2700.2916314962,776809.944487062,7902.49718911176,200.0016000128,700.019600548815,56929.3434683601,157485.861492946,1384555.95847704,10604.4963064339,0,
88.89642,17512.2585810067,3400.46246289495,795960.146273412,10204.1632986258,500.010000200004,100.0004000016,54317.7609056434,167312.292118,1437681.09811552,9103.31360615264,100.0004000016,
89.02264,18713.9980705568,2700.2916314962,780106.007795904,10204.1632986258,400.006400102402,300.003600043201,54518.6325444167,161131.888614688,1394918.66141865,6301.58800017604,0,
89.14895,20216.3347985172,3100.38444767151,804587.023389278,10004.0016006403,600.014400345608,400.006400102402,57230.7149529525,172583.230629194,1415333.57283236,9703.76506084361,200.0016000128,
89.27522,17912.8255831175,3000.36004320518,808742.763228529,9903.92195309342,200.0016000128,200.0016000128,52811.3262757894,153840.890888675,1398151.70701008,7102.01697282028,100.0004000016,
89.40146,31238.986254846,3500.49006860961,771920.564755559,10204.1632986258,700.019600548815,100.0004000016,48594.2728894055,161942.260387856,1333973.77557556,8803.09869073914,0,
89.52766,19415.0660912868,3100.38444767151,811514.000165194,11104.9305891816,300.003600043201,0,55623.4841347792,167312.292118,1423150.90789947,8803.09869073914,0,
89.65389,18012.9693379233,3300.43565750679,797450.799101836,10604.4963064339,400.006400102402,400.006400102402,50803.0285418829,159410.02189875,1413324.14854008,7802.43435952017,300.003600043201,
89.78029,18413.5523745477,2500.2500250025,800219.611469333,12806.5569571621,300.003600043201,100.0004000016,51907.5524486736,178870.697434575,1394695.72194772,8102.62525058119,100.0004000016,
89.90655,17612.3991289868,3500.49006860961,844174.102897029,13206.9732818928,300.003600043201,200.0016000128,51807.1371596461,163461.848165684,1404731.72792564,8102.62525058119,100.0004000016,
90.03286,18613.8487034354,2200.1936170383,814818.945185846,12906.6598364756,100.0004000016,200.0016000128,48092.3372875922,159410.02189875,1411091.81340669,6101.48876325823,200.0016000128,
90.15918,15910.1188355794,1900.14441097523,807677.061310782,13106.8679988314,300.003600043201,300.003600043201,51505.8961224277,162144.861487425,1418906.63769745,9503.61137232148,100.0004000016,
90.28543,15709.8657957197,2500.2500250025,825523.622760363,11805.5722300926,400.006400102402,600.014400345608,52108.3854417188,167920.364673099,1392132.18868897,8803.09869073914,200.0016000128,
90.41169,17011.567866149,2500.2500250025,835947.931263977,14408.2991803279,200.0016000128,200.0016000128,51907.5524486736,164677.650545168,1420358.47142374,8903.16952835209,100.0004000016,
90.538,18213.259252736,2700.2916314962,842357.484566944,13707.5117164206,300.003600043201,200.0016000128,47088.5264296878,173191.557918479,1403058.53030015,9703.76506084361,0,
90.66431,17812.6826300326,2700.2916314962,819937.94952512,11205.0198488923,400.006400102402,200.0016000128,48594.2728894055,163157.91592687,1379321.98811453,9603.68781612139,100.0004000016,
90.79051,13907.7326993809,1800.12960933187,826659.724460533,15209.2472223112,600.014400345608,200.0016000128,45382.2326054811,154954.519842228,1421028.60234872,9003.24116682005,100.0004000016,
90.91674,15709.8657957197,2600.27042812453,840541.121603519,14808.7667899396,300.003600043201,200.0016000128,44679.7086001427,157992.190959224,1430972.87124944,9403.53572943427,100.0004000016,
91.04299,15609.7404780583,2600.27042812453,824312.040327246,12706.4548790786,400.006400102402,400.006400102402,44780.0667593657,160828.012656903,1349739.03218463,7302.132222609,100.0004000016,
91.16931,14408.2991803279,3200.40965243551,801710.756630008,13707.5117164206,200.0016000128,0,46285.535669918,151209.068922361,1328316.20939647,7202.07419736884,100.0004000016,
91.29559,16210.5044068556,3400.46246289495,828580.874452434,12906.6598364756,300.003600043201,400.006400102402,42973.74294289,158194.728452509,1392243.63630221,8302.75651516303,0,
91.42183,16010.246557797,2300.21161946899,864708.949603132,13907.7326993809,900.032401166442,100.0004000016,46887.7739127647,163563.160543533,1392243.63630221,7702.37233067785,0,
91.54815,15409.4922472243,2600.27042812453,830288.803293052,13507.2939387269,200.0016000128,100.0004000016,37456.0342272039,154650.79307583,1366746.68095393,9003.24116682005,0,
91.67433,14708.648685427,2500.2500250025,828260.662939132,13707.5117164206,300.003600043201,400.006400102402,43174.4327220127,163360.536603631,1323104.5258893,7402.19104855037,0,
91.80062,15509.6159618964,2900.33643902693,805226.280868212,13507.2939387269,200.0016000128,200.0016000128,41468.6721210324,154043.361546108,1337302.89162516,7602.31110257518,0,
91.92689,14808.7667899396,2600.27042812453,817591.487217194,15609.7404780583,200.0016000128,200.0016000128,46084.7960246854,153537.191013949,1308589.22821123,9003.24116682005,100.0004000016,
92.05315,13106.8679988314,2100.17641481884,782445.660917525,12606.3536022155,100.0004000016,100.0004000016,47590.4218014227,149893.364452135,1263042.22676981,7402.19104855037,0,
92.17944,14708.648685427,3100.38444767151,803202.074164596,13206.9732818928,200.0016000128,300.003600043201,37957.5436361524,144126.130982793,1289002.36390709,10504.4118529783,100.0004000016,
92.30578,17311.9798900839,2800.31363512713,782552.018876953,14308.184281409,500.010000200004,400.006400102402,39060.9350586916,147262.368429523,1319668.16162382,7302.132222609,0,
92.43202,15709.8657957197,1500.09000540032,788296.652060175,13607.4024269202,200.0016000128,0,41067.3504547458,152221.242962408,1333308.0533576,9103.31360615264,0,
92.5583,14608.5313823273,1800.12960933187,804693.564102988,15109.1259120509,200.0016000128,100.0004000016,42070.6787402837,169035.240676383,1377318.03870924,8302.75651516303,0,
92.68458,14508.4148806308,2600.27042812453,836802.354662819,14808.7667899396,400.006400102402,200.0016000128,41569.0045475489,157688.390833746,1343852.60930591,9703.76506084361,0,
92.81087,14708.648685427,2000.16001280102,779680.661939704,15509.6159618964,100.0004000016,200.0016000128,40365.0684904065,154448.312639607,1306706.73704237,9603.68781612139,0,
92.93713,15709.8657957197,2700.2916314962,801923.79143789,14808.7667899396,300.003600043201,100.0004000016,39261.5621294189,153233.498472696,1337524.86262347,10204.1632986258,100.0004000016,
93.06344,15910.1188355794,2500.2500250025,782126.592304138,16210.5044068556,300.003600043201,100.0004000016,43074.0874303803,151209.068922361,1396813.79898721,10204.1632986258,200.0016000128,
93.18957,13807.6218072376,2500.2500250025,793192.248010829,17512.2585810067,200.0016000128,900.032401166442,38358.7656289435,150703.012450604,1363743.73597449,9503.61137232148,0,
93.31578,14808.7667899396,2400.23042212052,802775.96584951,14908.8856958747,500.010000200004,300.003600043201,41268.0096799526,155359.50027369,1385001.49866809,6601.74286011507,100.0004000016,
93.44209,13707.5117164206,1400.07840439065,798622.147188363,13106.8679988314,800.025600819226,100.0004000016,41468.6721210324,150703.012450604,1340854.87664051,7802.43435952017,0,
93.56833,13707.5117164206,1200.05760276493,793830.941041493,15809.9919148902,200.0016000128,100.0004000016,41569.0045475489,152524.911060672,1362965.30633766,8502.8909829342,100.0004000016,
93.69467,14408.2991803279,3900.60849492521,823885.234522196,16711.163056922,200.0016000128,200.0016000128,35751.0525029742,157992.190959224,1364855.85806005,8102.62525058119,0,
93.82084,14408.2991803279,2400.23042212052,800645.635356379,17211.841747122,300.003600043201,300.003600043201,37054.8411649241,151613.928762581,1393246.70717854,11305.1099096792,0,
93.94708,14408.2991803279,2800.31363512713,841395.848838171,17011.567866149,600.014400345608,0,37756.9374616922,164171.051942875,1423262.61763637,9003.24116682005,0,
94.07339,15309.3693340324,1900.14441097523,805865.570020603,16510.8971921468,600.014400345608,200.0016000128,38158.1530252104,163563.160543533,1508548.47671277,9603.68781612139,0,
94.19957,12406.1534521122,2400.23042212052,858288.305433964,19515.221873061,300.003600043201,100.0004000016,40666.0416516423,162550.073474646,1494838.80540071,8903.16952835209,0,
94.32584,16210.5044068556,2600.27042812453,842784.901197865,19214.7569333248,200.0016000128,0,40866.6944453348,170657.054831759,1508436.04468686,9503.61137232148,0,
94.45206,12306.0545788528,3200.40965243551,843853.504633286,18513.7001381022,500.010000200004,200.0016000128,41268.0096799526,168123.062054524,1483387.50068857,8302.75651516303,0,
94.57829,14708.648685427,2300.21161946899,848449.506604796,18613.8487034354,100.0004000016,300.003600043201,44278.2840061228,156270.753923372,1399824.28276957,9603.68781612139,0,
94.70452,14107.9568876847,2000.16001280102,775746.878041538,17211.841747122,200.0016000128,300.003600043201,43274.7788177972,163056.606812143,1326989.27472948,9303.46088745013,0,
94.83072,13307.0793662228,2700.2916314962,832210.49325056,20516.8237955123,400.006400102402,200.0016000128,43876.872280235,163259.225857363,1516421.08925215,10504.4118529783,0,
94.95696,12406.1534521122,2200.1936170383,821644.735483071,17612.3991289868,400.006400102402,100.0004000016,42973.74294289,175320.934991279,1470937.02881732,10104.0820491479,0,
95.08325,15309.3693340324,1300.06760351538,852726.325107341,19314.911111378,300.003600043201,200.0016000128,41870.0066511207,159815.145806161,1492368.07860392,10104.0820491479,0,
95.20953,12205.9565067753,2300.21161946899,838511.371012084,19915.8530190031,100.0004000016,200.0016000128,38860.311202987,178262.095637111,1552582.61039502,10304.2453490838,0,
95.33585,15009.0054032419,2300.21161946899,870276.087586407,14608.5313823273,0,0,42371.6929043942,170251.581698609,1510909.76958838,8703.02865397158,0,
95.4621,13307.0793662228,1700.11560786133,847808.105872622,16110.3750815525,400.006400102402,100.0004000016,42371.6929043942,172887.390598631,1523510.43965371,10204.1632986258,0,
95.58836,14508.4148806308,1700.11560786133,839686.45090873,18413.5523745477,100.0004000016,100.0004000016,40064.1025641026,173090.167995135,1557659.86648933,9503.61137232148,100.0004000016,
95.71465,11805.5722300926,1400.07840439065,829648.303508699,18113.1138944596,400.006400102402,400.006400102402,37656.6355799122,163360.536603631,1416785.01386353,10804.6676164103,0,
95.84095,10604.4963064339,1900.14441097523,787551.832979184,18814.1482394761,200.0016000128,200.0016000128,45984.4274087224,175422.342885224,1496074.34162554,10904.7544729502,0,
95.96724,11805.5722300926,1400.07840439065,836375.135899333,19214.7569333248,700.019600548815,300.003600043201,42171.0159909287,168224.411969605,1532856.16644804,12306.0545788528,0,
96.09347,11805.5722300926,2500.2500250025,816951.616967314,20717.1538033492,200.0016000128,300.003600043201,44780.0667593657,168832.528601861,1451779.46410811,11605.3848985929,0,
96.21979,13006.7635170289,2200.1936170383,831249.612531256,19715.5358422437,600.014400345608,400.006400102402,46787.3988610725,174205.502074355,1633371.40129886,13807.6218072376,0,
96.34601,13307.0793662228,2700.2916314962,864280.807462155,21318.1630749398,400.006400102402,400.006400102402,44077.5765347011,174509.701249058,1621006.31663238,9503.61137232148,0,
96.47224,12205.9565067753,2200.1936170383,852084.712111185,21618.6785382571,100.0004000016,300.003600043201,44177.9298682877,165690.908944491,1447302.1636009,10004.0016006403,0,
96.59852,11705.4781637807,2100.17641481884,816844.975009294,17912.8255831175,500.010000200004,0,42472.032567234,168933.884230958,1495400.39849082,8602.95941803981,100.0004000016,
96.72482,24023.0621396541,2200.1936170383,843212.331967433,17211.841747122,200.0016000128,200.0016000128,40766.3676465285,175422.342885224,1587033.18487134,12105.8592358702,100.0004000016,
96.85102,13307.0793662228,800.025600819226,862247.325843627,18814.1482394761,500.010000200004,200.0016000128,43274.7788177972,174408.3007073,1568384.89725474,10004.0016006403,0,
96.9773,13907.7326993809,1800.12960933187,810981.023766751,17211.841747122,300.003600043201,100.0004000016,40565.7164606663,166704.248945012,1544012.09557543,11705.4781637807,0,
97.10354,13206.9732818928,2700.2916314962,828367.399228042,20717.1538033492,200.0016000128,100.0004000016,40866.6944453348,179986.543815191,1562513.28125664,10804.6676164103,0,
97.22978,11605.3848985929,1500.09000540032,790957.071467774,19915.8530190031,100.0004000016,200.0016000128,41167.6796653699,172684.616468977,1531955.08670643,11405.2007715518,0,
97.35605,14908.8856958747,1900.14441097523,824098.635661221,19014.4509827469,300.003600043201,0,42171.0159909287,176537.883640084,1535334.45135542,11004.8421305374,0,
97.48229,13006.7635170289,1700.11560786133,810874.431128328,18213.259252736,200.0016000128,100.0004000016,39963.7821963854,167312.292118,1460066.46768697,10604.4963064339,0,
97.6086,12205.9565067753,1500.09000540032,781807.531587871,20116.1734034163,300.003600043201,300.003600043201,37255.4360889003,159308.742960425,1464884.27435405,10904.7544729502,0,
97.73493,12306.0545788528,1400.07840439065,810234.893785721,19715.5358422437,500.010000200004,300.003600043201,42070.6787402837,172481.845606093,1518333.71519734,10904.7544729502,0,
97.86128,12906.6598364756,1900.14441097523,787339.035429741,18213.259252736,100.0004000016,100.0004000016,44579.3512452165,175422.342885224,1534996.47615247,10004.0016006403,100.0004000016,
97.9876,12906.6598364756,2400.23042212052,804267.406526622,18313.4054127621,300.003600043201,2200.1936170383,39763.1438724695,162043.560529812,1472843.0986357,8602.95941803981,0,
98.11391,10704.5815609081,1900.14441097523,788296.652060175,17712.5404786589,400.006400102402,400.006400102402,40967.0220480706,169643.396492359,1415333.57283236,7602.31110257518,0,
98.24024,11905.6670975384,1300.06760351538,772239.380806486,20116.1734034163,400.006400102402,100.0004000016,37857.2401471024,162955.298513171,1464996.33724451,10804.6676164103,0,
98.36649,13507.2939387269,1900.14441097523,841930.08207397,16010.246557797,500.010000200004,400.006400102402,46687.0246138803,183334.676444516,1537813.19927138,12906.6598364756,0,
98.49278,13607.4024269202,2700.2916314962,831249.612531256,19515.221873061,200.0016000128,500.010000200004,44278.2840061228,176740.719853371,1575615.06603509,10704.5815609081,0,
98.61906,15209.2472223112,2900.33643902693,818551.352065897,16911.4321281186,300.003600043201,500.010000200004,39863.462632511,176030.807405378,1494951.12211417,11305.1099096792,100.0004000016,
98.7453,14608.5313823273,2500.2500250025,837656.834576986,19615.3784567101,300.003600043201,200.0016000128,44378.6389482162,171366.664250215,1564545.47000119,11305.1099096792,0,
98.87151,14608.5313823273,1600.10240655402,833385.000103334,16811.2971917128,400.006400102402,300.003600043201,45382.2326054811,174002.706708771,1512371.73314556,11004.8421305374,0,
98.9978,13006.7635170289,2000.16001280102,795321.347795222,15009.0054032419,500.010000200004,200.0016000128,42672.714305176,167514.979704916,1494838.80540071,10704.5815609081,0,
99.12401,14308.184281409,1400.07840439065,810021.721714281,19915.8530190031,200.0016000128,400.006400102402,46285.535669918,171873.552617271,1480694.51447117,9803.84310649775,0,
99.25026,16210.5044068556,2400.23042212052,826659.724460533,18914.2992102029,500.010000200004,200.0016000128,46285.535669918,179175.009366653,1503827.15264084,10404.3282005314,0,
99.37653,15309.3693340324,1900.14441097523,827406.804385287,19815.6940296715,200.0016000128,400.006400102402,46887.7739127647,165893.570416184,1496635.98709508,7602.31110257518,0,
99.50273,14308.184281409,2100.17641481884,795427.812011177,16210.5044068556,400.006400102402,100.0004000016,50301.0044168691,172786.003125453,1462867.30459819,10904.7544729502,100.0004000016,
99.62904,15009.0054032419,2100.17641481884,805865.570020603,18213.259252736,200.0016000128,100.0004000016,46687.0246138803,171062.541028832,1454130.6537768,10704.5815609081,100.0004000016,
99.75531,12706.4548790786,1900.14441097523,811833.796569711,17211.841747122,900.032401166442,300.003600043201,47389.6612390643,173597.125779375,1505513.14673452,8102.62525058119,0,
99.88148,13006.7635170289,2600.27042812453,814179.212357764,17111.7044058136,100.0004000016,0,51807.1371596461,182421.461063947,1504613.92319175,9703.76506084361,100.0004000016,
100.00778,15609.7404780583,1700.11560786133,849304.757099253,17912.8255831175,600.014400345608,300.003600043201,50401.4076321559,182928.794765174,1545703.20629622,9303.46088745013,0,
100.13407,18113.1138944596,2900.33643902693,835520.740756051,16811.2971917128,400.006400102402,300.003600043201,48895.4439065055,171366.664250215,1473740.1676529,9203.38684635946,100.0004000016,
100.26035,14908.8856958747,2200.1936170383,804800.105696461,19214.7569333248,300.003600043201,200.0016000128,50200.6020064209,166805.587433509,1377095.39645829,9203.38684635946,0,
100.38655,15309.3693340324,3000.36004320518,874024.549274492,19114.6035571176,400.006400102402,200.0016000128,45181.5074394207,175726.571468853,1493266.47139363,10904.7544729502,100.0004000016,
100.51286,14908.8856958747,2600.27042812453,849197.84769239,15509.6159618964,300.003600043201,500.010000200004,46887.7739127647,176030.807405378,1462419.13084714,8602.95941803981,0,
100.63908,16911.4321281186,3000.36004320518,842357.484566944,19314.911111378,1000.04000160006,100.0004000016,44177.9298682877,168731.173789082,1422257.26400697,8903.16952835209,0,
100.76528,15809.9919148902,3300.43565750679,867492.219058341,18213.259252736,400.006400102402,200.0016000128,42271.354045629,170150.215456486,1499556.92740817,9303.46088745013,0,
100.89154,17311.9798900839,3000.36004320518,829114.577952268,17211.841747122,400.006400102402,200.0016000128,48393.4962347255,170758.42515626,1461298.76288136,10904.7544729502,0,
101.01785,16611.0297237366,2300.21161946899,819511.288290335,14908.8856958747,600.014400345608,200.0016000128,49999.7996000016,169035.240676383,1456258.28080884,10004.0016006403,0,
101.14419,18914.2992102029,2800.31363512713,863317.539467423,19415.0660912868,300.003600043201,100.0004000016,46687.0246138803,168933.884230958,1418013.28086364,9503.61137232148,0,
101.27048,17011.567866149,3000.36004320518,847808.105872622,17812.6826300326,300.003600043201,200.0016000128,56929.3434683601,177146.402085071,1490571.47580033,9903.92195309342,0,
101.39668,17812.6826300326,3200.40965243551,807037.682404142,15509.6159618964,300.003600043201,100.0004000016,48795.0527627819,167210.949548802,1420023.41870876,9703.76506084361,100.0004000016,
101.52299,17712.5404786589,3300.43565750679,859893.167609346,14908.8856958747,500.010000200004,100.0004000016,45482.5963950534,168731.173789082,1466229.09167902,9303.46088745013,100.0004000016,
101.64922,15109.1259120509,2300.21161946899,869098.223931192,15609.7404780583,300.003600043201,0,46285.535669918,166805.587433509,1413324.14854008,10304.2453490838,0,
101.77549,15009.0054032419,2400.23042212052,851122.352328049,12806.5569571621,100.0004000016,0,43676.1712426472,162246.163260705,1384890.11220966,8302.75651516303,0,
101.90173,15209.2472223112,3200.40965243551,854437.448808214,16210.5044068556,400.006400102402,200.0016000128,40967.0220480706,174104.103983147,1397594.22885236,8502.8909829342,0,
102.02798,15609.7404780583,3000.36004320518,843105.472949505,13807.6218072376,500.010000200004,400.006400102402,43475.4734218603,162043.560529812,1378097.31618687,9103.31360615264,100.0004000016,
102.1543,14408.2991803279,2700.2916314962,844922.19644622,15409.4922472243,500.010000200004,300.003600043201,39562.5087638469,158295.998422072,1385001.49866809,7102.01697282028,0,
102.28054,15109.1259120509,1400.07840439065,868134.597077936,15609.7404780583,400.006400102402,600.014400345608,42672.714305176,158295.998422072,1371419.28868898,9103.31360615264,100.0004000016,
102.40685,14007.84439286,2000.16001280102,842357.484566944,15509.6159618964,300.003600043201,200.0016000128,41167.6796653699,157182.073595827,1337080.92436833,8102.62525058119,200.0016000128,
102.53314,18113.1138944596,2000.16001280102,835200.35714581,16310.634533716,200.0016000128,300.003600043201,31639.9929510902,158194.728452509,1358295.69368708,7202.07419736884,0,
102.65933,14908.8856958747,2300.21161946899,849304.757099253,16010.246557797,500.010000200004,100.0004000016,38760.0004807442,151917.582196467,1370084.08892414,8903.16952835209,0,
102.78555,13807.6218072376,1900.14441097523,857860.375828486,15809.9919148902,400.006400102402,100.0004000016,37255.4360889003,164880.295697409,1437792.93074567,7202.07419736884,0,
102.91181,14007.84439286,2700.2916314962,877452.664963585,14908.8856958747,500.010000200004,300.003600043201,38860.311202987,170251.581698609,1426279.13761538,8502.8909829342,0,
103.03805,12205.9565067753,1700.11560786133,859786.170600113,17612.3991289868,200.0016000128,200.0016000128,41669.3377780627,152524.911060672,1350738.87471805,6901.90492575951,0,
103.16428,11104.9305891816,2200.1936170383,863959.710158122,15509.6159618964,0,400.006400102402,36453.0756781874,162752.684362456,1336193.09275397,8402.82334864514,0,
103.29044,13307.0793662228,2200.1936170383,851443.130961343,15709.8657957197,400.006400102402,200.0016000128,35249.6314811254,151816.363570512,1335194.35373433,6901.90492575951,0,
103.4166,14208.0701838644,1500.09000540032,831142.852419448,15209.2472223112,200.0016000128,500.010000200004,33845.7594667991,155460.74741905,1305267.36673752,8703.02865397158,0,
103.54296,13006.7635170289,1200.05760276493,837336.397985928,18413.5523745477,300.003600043201,200.0016000128,34547.6757925938,157283.335413002,1355516.94765162,7202.07419736884,0,
103.66919,12806.5569571621,2700.2916314962,872739.240045205,19114.6035571176,400.006400102402,0,35650.7666917691,159207.464837492,1318116.54925278,6701.7960813498,0,
103.79545,13407.186251831,1400.07840439065,852833.263703036,18513.7001381022,100.0004000016,0,36653.6609596449,147869.47249829,1359296.1857044,8002.56081946223,0,
103.92174,12606.3536022155,2000.16001280102,867706.341519945,18313.4054127621,0,300.003600043201,36051.9147572504,160422.856130689,1372643.34059108,9203.38684635946,0,
104.04794,14107.9568876847,1700.11560786133,885812.503882872,14408.2991803279,400.006400102402,0,36854.249455198,159106.187529939,1349739.03218463,7702.37233067785,0,
104.17426,12606.3536022155,1800.12960933187,901367.592208869,16110.3750815525,400.006400102402,100.0004000016,34347.1242544771,152828.586491523,1373533.63153009,8102.62525058119,0,
104.30041,14408.2991803279,2200.1936170383,837229.587555137,15209.2472223112,300.003600043201,0,32742.827618525,149488.560000644,1322328.49423646,8202.69048247825,100.0004000016,
104.42669,13507.2939387269,2100.17641481884,879381.37926751,18012.9693379233,700.019600548815,200.0016000128,37155.1382251261,155258.253943338,1357295.27761612,7402.19104855037,0,
104.55284,14007.84439286,1700.11560786133,855720.940238121,17612.3991289868,400.006400102402,400.006400102402,36854.249455198,149286.162661559,1356739.52372317,7102.01697282028,0,
104.67908,15709.8657957197,2600.27042812453,873488.988243087,19515.221873061,300.003600043201,300.003600043201,34146.5759295679,149184.965213647,1327428.96859664,5601.25468104855,0,
104.80538,12806.5569571621,2500.2500250025,851229.277654611,16110.3750815525,600.014400345608,300.003600043201,33645.2191745706,151209.068922361,1339300.76531472,6501.69043951427,100.0004000016,
104.93163,10804.6676164103,2000.16001280102,870169.004640074,19815.6940296715,700.019600548815,200.0016000128,33444.6820952793,151512.712580585,1351405.4785626,8602.95941803981,100.0004000016,
105.05789,11505.2924345199,2200.1936170383,862889.443389239,21418.3340939844,300.003600043201,200.0016000128,33745.4889190629,153942.125809957,1342187.11803829,4700.88376614804,0,
105.1842,12806.5569571621,2200.1936170383,876916.962008546,17912.8255831175,100.0004000016,700.019600548815,36152.2037822616,153031.040852547,1359518.52757838,6201.53798141939,0,
105.31048,13006.7635170289,2500.2500250025,861070.193151161,20216.3347985172,200.0016000128,100.0004000016,32542.3049964954,153031.040852547,1379099.31203309,6701.7960813498,0,
105.43676,12506.2531265633,2000.16001280102,894499.593974246,17612.3991289868,600.014400345608,0,33344.4147604609,154043.361546108,1257084.16130672,5701.29989637637,100.0004000016,
105.56304,12105.8592358702,1500.09000540032,789573.584874518,18413.5523745477,400.006400102402,200.0016000128,37857.2401471024,155359.50027369,1382773.94817157,6701.7960813498,0,
105.68928,14308.184281409,3100.38444767151,900294.227342423,21618.6785382571,500.010000200004,400.006400102402,33143.8825004306,153334.728504966,1382328.48320606,7402.19104855037,0,
105.81547,12005.7627661277,2100.17641481884,834452.826289139,21217.9928579435,300.003600043201,100.0004000016,30537.255451651,157992.190959224,1350627.77735617,6101.48876325823,100.0004000016,
105.9417,11605.3848985929,3200.40965243551,866528.71184687,17412.118834709,100.0004000016,0,35249.6314811254,156270.753923372,1382773.94817157,5401.16665199683,0,
106.0679,14107.9568876847,1500.09000540032,889029.264958681,19515.221873061,100.0004000016,200.0016000128,37456.0342272039,145542.399407772,1406962.98800068,6701.7960813498,0,
106.19418,12606.3536022155,2400.23042212052,872846.344270303,20917.487019148,400.006400102402,200.0016000128,34748.2305439951,149184.965213647,1365189.51298222,6901.90492575951,0,
106.32038,12806.5569571621,1900.14441097523,870383.171419229,21518.505915087,100.0004000016,300.003600043201,34447.3996218797,155460.74741905,1386672.40840658,6801.85010322808,0,
106.44656,10804.6676164103,2600.27042812453,879167.063480562,22119.5536854579,200.0016000128,100.0004000016,33143.8825004306,159410.02189875,1415221.93012857,7802.43435952017,0,
106.57286,11305.1099096792,2900.33643902693,876167.015132383,21919.201220269,700.019600548815,200.0016000128,40365.0684904065,153233.498472696,1348406.026829,7402.19104855037,0,
106.69908,12706.4548790786,1900.14441097523,849090.939169851,21618.6785382571,500.010000200004,300.003600043201,34547.6757925938,148881.377756317,1347406.36131779,5801.34591225164,100.0004000016,
106.82538,10704.5815609081,1300.06760351538,830822.577378812,22319.9093591484,400.006400102402,200.0016000128,33745.4889190629,147869.47249829,1326652.68194876,8402.82334864514,0,
106.95168,12205.9565067753,2300.21161946899,860963.186401685,23722.4889194957,100.0004000016,300.003600043201,31639.9929510902,154144.598097139,1375091.78531941,6101.48876325823,0,
107.078,13006.7635170289,1500.09000540032,849411.66739045,23822.6791905894,0,600.014400345608,32241.5270868879,151209.068922361,1361297.39761272,6201.53798141939,0,
107.20431,12105.8592358702,2000.16001280102,834452.826289139,21718.8519635043,100.0004000016,100.0004000016,30036.0432519023,151006.643889915,1350405.58544277,6901.90492575951,0,
107.33059,11505.2924345199,2100.17641481884,846846.064455831,21718.8519635043,200.0016000128,300.003600043201,36352.7842427204,152626.135389544,1382996.68629562,6001.44034568296,0,
107.4569,10404.3282005314,2300.21161946899,856683.642441367,23722.4889194957,500.010000200004,100.0004000016,37957.5436361524,163664.473737187,1427620.0342502,5201.0818250196,0,
107.58318,10904.7544729502,1500.09000540032,862996.466080163,25826.6531060054,300.003600043201,300.003600043201,33946.0308177889,154549.552450254,1321109.10836716,6501.69043951427,0,
107.70945,11905.6670975384,1300.06760351538,816311.778434086,23021.1794851263,600.014400345608,100.0004000016,33444.6820952793,145340.065579047,1341409.96084613,6301.58800017604,0,
107.83577,11104.9305891816,1700.11560786133,809915.13699903,22720.6303323418,200.0016000128,100.0004000016,33344.4147604609,154245.835463059,1420805.22159658,6301.58800017604,0,
107.96199,12306.0545788528,1600.10240655402,840647.959415712,25926.8602271954,200.0016000128,400.006400102402,42271.354045629,164373.688936131,1419129.98634659,7702.37233067785,100.0004000016,
108.08829,13607.4024269202,1700.11560786133,835841.132312577,24824.6260290208,300.003600043201,100.0004000016,33043.6175751993,157789.656726992,1390460.58743054,6001.44034568296,100.0004000016,
108.21453,10804.6676164103,2100.17641481884,863210.514119244,26127.2768770597,200.0016000128,300.003600043201,35349.9140786791,153840.890888675,1415333.57283236,6601.74286011507,0,
108.3408,10304.2453490838,2700.2916314962,805013.191522744,24023.0621396541,200.0016000128,200.0016000128,35851.3391176164,156372.008404241,1327539.87042638,6101.48876325823,0,
108.46704,11505.2924345199,1900.14441097523,815778.603882693,24724.4277346018,400.006400102402,600.014400345608,34748.2305439951,151917.582196467,1390126.29258839,6101.48876325823,0,
108.59328,11104.9305891816,2700.2916314962,847059.845248483,24123.2548176442,200.0016000128,300.003600043201,36954.5449082846,163461.848165684,1417566.62510303,5601.25468104855,0,
108.7196,12105.8592358702,1900.14441097523,850053.147709272,25626.2412710616,100.0004000016,300.003600043201,32141.2693898966,156878.293035369,1349739.03218463,5401.16665199683,0,
108.84583,10504.4118529783,1800.12960933187,829648.303508699,23922.8702639724,100.0004000016,100.0004000016,36854.249455198,167008.266858875,1419465.0164012,7001.96054895371,0,
108.97211,10704.5815609081,2200.1936170383,831356.373525546,23922.8702639724,200.0016000128,200.0016000128,37857.2401471024,154549.552450254,1358295.69368708,6801.85010322808,100.0004000016,
109.09834,15109.1259120509,1000.04000160006,837229.587555137,26027.0681508769,300.003600043201,300.003600043201,34647.952766629,156068.247406912,1372198.21766136,6601.74286011507,0,
109.2246,10104.0820491479,1600.10240655402,820471.29589847,20516.8237955123,300.003600043201,100.0004000016,38760.0004807442,176639.301338189,1439694.23022417,7102.01697282028,0,
109.35093,11605.3848985929,2000.16001280102,850480.818943232,24924.8251258253,600.014400345608,100.0004000016,39060.9350586916,161030.595813205,1399378.24184365,5701.29989637637,0,
109.47717,13707.5117164206,1900.14441097523,818124.736655128,21017.6548300572,200.0016000128,0,34948.7885087582,161942.260387856,1401274.0198791,7302.132222609,0,
109.60347,11705.4781637807,2500.2500250025,811407.403124626,20616.9883984403,200.0016000128,200.0016000128,41067.3504547458,159207.464837492,1423709.46602968,5401.16665199683,0,
109.72975,9503.61137232148,1600.10240655402,809701.97020941,25325.6295370915,400.006400102402,300.003600043201,35550.4816839913,154954.519842228,1392355.0848567,6001.44034568296,0,
109.85595,12306.0545788528,1300.06760351538,829434.810639248,21919.201220269,300.003600043201,100.0004000016,40264.7457111035,163157.91592687,1395587.50242839,7902.49718911176,0,
109.98224,11505.2924345199,1900.14441097523,777447.826445599,25425.8326459683,500.010000200004,500.010000200004,34146.5759295679,153840.890888675,1377095.39645829,6601.74286011507,0,
110.10848,9703.76506084361,2000.16001280102,800752.143526488,22820.8125810739,300.003600043201,200.0016000128,36753.9548056547,162651.378510693,1325987.32982882,6901.90492575951,0,
110.23477,10404.3282005314,2000.16001280102,796173.086130326,18613.8487034354,100.0004000016,200.0016000128,38860.311202987,166298.903152029,1463091.39716654,6101.48876325823,0,
110.36102,12306.0545788528,1600.10240655402,826766.447517945,22119.5536854579,300.003600043201,200.0016000128,36653.6609596449,171265.289026537,1438352.10808844,7102.01697282028,0,
110.48723,11205.0198488923,1400.07840439065,788296.652060175,21217.9928579435,700.019600548815,0,34748.2305439951,152727.360533157,1354405.61327756,7602.31110257518,0,
110.61354,11605.3848985929,2100.17641481884,785849.550913644,21217.9928579435,400.006400102402,0,35751.0525029742,170657.054831759,1413324.14854008,7402.19104855037,0,
110.73978,11505.2924345199,2000.16001280102,831036.093190112,18814.1482394761,200.0016000128,0,42873.3992595323,165386.922857016,1419129.98634659,6001.44034568296,0,
110.86605,12005.7627661277,1600.10240655402,835520.740756051,20516.8237955123,100.0004000016,300.003600043201,40967.0220480706,160422.856130689,1407632.43955821,4800.92177698118,0,
110.9923,12806.5569571621,1700.11560786133,839045.484988548,20616.9883984403,200.0016000128,200.0016000128,40766.3676465285,160828.012656903,1364744.6416293,6301.58800017604,100.0004000016,
111.11857,13006.7635170289,500.010000200004,809808.553164076,19915.8530190031,300.003600043201,300.003600043201,37957.5436361524,163867.102571949,1441819.53563934,8202.69048247825,0,
111.24485,10704.5815609081,1900.14441097523,813859.357833783,21117.8234429859,600.014400345608,200.0016000128,37255.4360889003,163259.225857363,1398040.20949485,7402.19104855037,0,
111.37114,10904.7544729502,2800.31363512713,816098.505970747,16911.4321281186,200.0016000128,0,37054.8411649241,166501.574416339,1410868.60064654,7402.19104855037,0,
111.49738,13307.0793662228,1400.07840439065,803947.797581448,17712.5404786589,300.003600043201,400.006400102402,42873.3992595323,154954.519842228,1343741.5700027,6801.85010322808,0,
111.62362,9903.92195309342,1600.10240655402,827940.459365418,17412.118834709,400.006400102402,200.0016000128,39863.462632511,161942.260387856,1402389.31062305,7102.01697282028,0,
111.74986,12906.6598364756,2000.16001280102,845777.213535744,15809.9919148902,400.006400102402,100.0004000016,45382.2326054811,166298.903152029,1436339.18034659,5501.21026625858,0,
111.87602,12306.0545788528,2500.2500250025,851977.779708059,18513.7001381022,300.003600043201,100.0004000016,45884.059597182,162853.991029946,1426167.40237117,5601.25468104855,0,
112.00218,13006.7635170289,1600.10240655402,839579.621047061,19415.0660912868,600.014400345608,400.006400102402,45783.6925900546,165893.570416184,1424268.04777508,7702.37233067785,0,
112.12833,13807.6218072376,2800.31363512713,862568.380630798,16611.0297237366,300.003600043201,300.003600043201,45683.3263873305,167008.266858875,1423821.1804895,5901.39272868397,100.0004000016,
112.25457,13707.5117164206,2500.2500250025,839472.792068729,16310.634533716,400.006400102402,600.014400345608,42873.3992595323,163360.536603631,1349850.12205251,7602.31110257518,0,
112.38085,10304.2453490838,2100.17641481884,808636.189076133,15809.9919148902,500.010000200004,0,45783.6925900546,163968.418213076,1350961.07225223,5701.29989637637,0,
112.50717,10704.5815609081,1900.14441097523,811727.196887725,14107.9568876847,300.003600043201,200.0016000128,43174.4327220127,167312.292118,1349405.76820112,6801.85010322808,0,
112.63348,14608.5313823273,2000.16001280102,806718.004831018,15910.1188355794,100.0004000016,0,47289.282164727,163867.102571949,1373644.9221239,7302.132222609,100.0004000016,
112.75972,13407.186251831,1900.14441097523,825058.98443472,14808.7667899396,200.0016000128,200.0016000128,47690.8032894631,153942.125809957,1385112.88606697,7001.96054895371,100.0004000016,
112.88599,14308.184281409,3000.36004320518,853474.913856222,12506.2531265633,800.025600819226,800.025600819226,45582.960989,162752.684362456,1425497.01074778,8102.62525058119,0,
113.01222,12706.4548790786,2400.23042212052,847808.105872622,13206.9732818928,200.0016000128,400.006400102402,44378.6389482162,164778.972713327,1378653.97114808,8102.62525058119,0,
113.1385,13206.9732818928,2700.2916314962,838190.91322502,12406.1534521122,200.0016000128,200.0016000128,39161.2481921726,153942.125809957,1364633.42613684,7402.19104855037,0,
113.26478,13307.0793662228,1800.12960933187,803628.196553461,13206.9732818928,0,100.0004000016,41167.6796653699,148173.035525315,1294089.92999462,7102.01697282028,200.0016000128,
113.39101,12205.9565067753,2300.21161946899,802882.491608903,12406.1534521122,100.0004000016,100.0004000016,40365.0684904065,166298.903152029,1390572.02092667,7001.96054895371,100.0004000016,
113.51728,12205.9565067753,1400.07840439065,872739.240045205,14708.648685427,300.003600043201,300.003600043201,39462.1924152464,156979.55240702,1379878.69476581,7302.132222609,100.0004000016,
113.64352,13307.0793662228,2100.17641481884,856683.642441367,14708.648685427,500.010000200004,300.003600043201,36753.9548056547,158599.813222555,1330645.50104059,8602.95941803981,0,
113.76978,10204.1632986258,2300.21161946899,827300.076035571,13507.2939387269,400.006400102402,0,37857.2401471024,158802.360499473,1297077.02729426,5601.25468104855,100.0004000016,
113.89606,11805.5722300926,1500.09000540032,790318.520749859,11104.9305891816,200.0016000128,300.003600043201,38760.0004807442,152524.911060672,1262931.86765163,5601.25468104855,0,
114.02236,13607.4024269202,800.025600819226,842571.191115117,13907.7326993809,400.006400102402,200.0016000128,38258.4589252378,161942.260387856,1316011.08219859,6801.85010322808,0,
114.1486,10904.7544729502,2000.16001280102,828153.927532399,12906.6598364756,600.014400345608,200.0016000128,37656.6355799122,149589.759891837,1287675.49652161,5901.39272868397,0,
114.27482,12706.4548790786,2400.23042212052,782871.098020288,10404.3282005314,500.010000200004,400.006400102402,37556.3345017526,150500.595563854,1243853.68946593,6701.7960813498,0,
114.40102,12706.4548790786,1600.10240655402,846311.627945446,14308.184281409,200.0016000128,0,42271.354045629,163563.160543533,1345629.36547079,6401.6388195378,100.0004000016,
114.52725,11305.1099096792,2500.2500250025,884311.622262993,13907.7326993809,100.0004000016,200.0016000128,40064.1025641026,144935.407689925,1343408.45770935,6801.85010322808,0,
114.6534,11505.2924345199,1600.10240655402,843426.05265443,12606.3536022155,200.0016000128,400.006400102402,41569.0045475489,163259.225857363,1316565.11981406,5701.29989637637,0,
114.77957,10104.0820491479,1900.14441097523,907702.256249974,10804.6676164103,500.010000200004,100.0004000016,42070.6787402837,155157.008427984,1291435.30203601,7302.132222609,0,
114.90592,13006.7635170289,1700.11560786133,817484.839972902,12706.4548790786,100.0004000016,200.0016000128,36954.5449082846,145238.89988574,1253003.34358251,7602.31110257518,0,
115.03216,11205.0198488923,2500.2500250025,847273.629577552,16210.5044068556,300.003600043201,400.006400102402,38659.6905622281,149488.560000644,1328427.11870119,5401.16665199683,0,
115.15842,13206.9732818928,2000.16001280102,845456.57549768,13607.4024269202,500.010000200004,400.006400102402,42171.0159909287,151411.497213224,1279827.60433092,7202.07419736884,0,
115.28471,12906.6598364756,1600.10240655402,854758.309719321,12506.2531265633,600.014400345608,0,35249.6314811254,148274.224829595,1239997.31302428,6301.58800017604,100.0004000016,
115.41086,12306.0545788528,2100.17641481884,846097.85952956,11705.4781637807,400.006400102402,200.0016000128,45281.8696202735,149488.560000644,1267346.9559297,6501.69043951427,0,
115.5371,14608.5313823273,1600.10240655402,865565.276409777,12306.0545788528,100.0004000016,100.0004000016,39361.8768704403,152727.360533157,1299622.12702928,6201.53798141939,200.0016000128,
115.66338,11905.6670975384,1300.06760351538,843212.331967433,10904.7544729502,400.006400102402,0,45081.1460629132,156473.263700215,1239005.85654611,5801.34591225164,0,
115.7897,12406.1534521122,1700.11560786133,867385.159156847,13006.7635170289,200.0016000128,0,39963.7821963854,151411.497213224,1276844.42426383,7001.96054895371,0,
115.91595,11605.3848985929,1700.11560786133,876916.962008546,12606.3536022155,200.0016000128,500.010000200004,39963.7821963854,144328.445275884,1273530.57398206,8302.75651516303,0,
116.04224,14208.0701838644,2500.2500250025,886134.144018025,14408.2991803279,100.0004000016,400.006400102402,40565.7164606663,147768.286451187,1227032.41461664,9303.46088745013,0,
116.16858,14608.5313823273,2700.2916314962,872846.344270303,14107.9568876847,500.010000200004,100.0004000016,39763.1438724695,151310.282660485,1285685.44656225,8102.62525058119,100.0004000016,
116.29479,12205.9565067753,1800.12960933187,875417.111723841,14107.9568876847,500.010000200004,200.0016000128,41870.0066511207,147363.550405375,1256642.93066146,9003.24116682005,100.0004000016,
116.42107,12906.6598364756,2000.16001280102,827513.533617092,11805.5722300926,200.0016000128,100.0004000016,39161.2481921726,139372.682149839,1217322.72895064,8102.62525058119,0,
116.54735,12406.1534521122,2200.1936170383,869205.298013245,11805.5722300926,0,200.0016000128,38559.381447429,150298.181935245,1268119.74900286,7001.96054895371,0,
116.6736,12205.9565067753,2300.21161946899,850373.899808087,13106.8679988314,400.006400102402,100.0004000016,40866.6944453348,146655.293672699,1272978.34686217,9303.46088745013,0,
116.79984,13307.0793662228,2800.31363512713,898255.079165786,11104.9305891816,0,0,43375.1257177431,140080.52870595,1261276.59216868,9303.46088745013,100.0004000016,
116.9261,12306.0545788528,1900.14441097523,840327.448629429,11705.4781637807,0,200.0016000128,41268.0096799526,153132.269255226,1242311.00287616,9503.61137232148,0,
117.05236,16310.634533716,1700.11560786133,875631.365405316,13006.7635170289,400.006400102402,500.010000200004,42873.3992595323,151816.363570512,1311468.85353563,10004.0016006403,100.0004000016,
117.17861,14007.84439286,2200.1936170383,864494.876760855,12406.1534521122,100.0004000016,0,43977.2240053534,138058.215720738,1254106.14220064,6901.90492575951,200.0016000128,
117.30478,14007.84439286,1900.14441097523,869847.761119895,12306.0545788528,400.006400102402,600.014400345608,43575.8219301585,137047.181232077,1269223.81799001,9003.24116682005,100.0004000016,
117.43094,14608.5313823273,2900.33643902693,899864.906304649,12105.8592358702,200.0016000128,300.003600043201,42472.032567234,149589.759891837,1306596.01065733,10104.0820491479,100.0004000016,
117.55716,12506.2531265633,2900.33643902693,870276.087586407,11605.3848985929,200.0016000128,300.003600043201,39562.5087638469,144935.407689925,1234600.28962999,9203.38684635946,100.0004000016,
117.6834,13206.9732818928,2400.23042212052,855613.977751761,12406.1534521122,200.0016000128,200.0016000128,42572.3730341581,144733.083629371,1289444.68280208,9803.84310649775,0,
117.80966,15009.0054032419,2400.23042212052,887206.33553133,13907.7326993809,600.014400345608,0,41970.3422936842,148678.990190003,1289112.94223546,8903.16952835209,0,
117.93586,13907.7326993809,3100.38444767151,865886.413581039,13106.8679988314,500.010000200004,400.006400102402,44077.5765347011,142406.590931033,1248703.31405629,9303.46088745013,200.0016000128,
118.06207,15309.3693340324,2100.17641481884,883668.440560744,11705.4781637807,100.0004000016,400.006400102402,40866.6944453348,140485.030349594,1250467.2583172,9503.61137232148,100.0004000016,
118.18833,14908.8856958747,2300.21161946899,863852.679495138,12105.8592358702,0,100.0004000016,47791.1855820906,150298.181935245,1287786.06368795,10804.6676164103,0,
118.31467,14608.5313823273,1800.12960933187,856148.799033601,13407.186251831,0,300.003600043201,39261.5621294189,147363.550405375,1318670.67552658,10004.0016006403,100.0004000016,
118.44098,16611.0297237366,1800.12960933187,863638.620826643,10904.7544729502,300.003600043201,0,46687.0246138803,145441.232086388,1262049.02809409,10804.6676164103,0,
118.56729,13807.6218072376,2500.2500250025,829221.321298983,14007.84439286,400.006400102402,200.0016000128,41067.3504547458,141192.939548504,1270548.82328958,10104.0820491479,200.0016000128,
118.69361,16711.163056922,2700.2916314962,833171.445458942,13006.7635170289,200.0016000128,100.0004000016,44880.4257228954,140485.030349594,1283695.69788469,10604.4963064339,0,
118.81992,14408.2991803279,2800.31363512713,865993.461076853,11505.2924345199,400.006400102402,100.0004000016,50100.2004008016,146655.293672699,1314792.28155565,9203.38684635946,100.0004000016,
118.94612,13407.186251831,2400.23042212052,869847.761119895,15009.0054032419,100.0004000016,700.019600548815,42472.032567234,147262.368429523,1259952.52200584,12205.9565067753,0,
119.07244,15509.6159618964,1700.11560786133,844067.235925321,15109.1259120509,200.0016000128,200.0016000128,41368.3404985035,151512.712580585,1302278.40856486,10204.1632986258,100.0004000016,
119.19866,16911.4321281186,2400.23042212052,896323.550738149,12406.1534521122,500.010000200004,400.006400102402,40465.3920735909,145441.232086388,1285243.25415517,11605.3848985929,0,
119.32489,13507.2939387269,2300.21161946899,851336.203865705,14608.5313823273,200.0016000128,800.025600819226,40565.7164606663,149286.162661559,1250908.28142654,12806.5569571621,100.0004000016,
119.45117,14508.4148806308,2600.27042812453,847701.20884529,14608.5313823273,500.010000200004,400.006400102402,43676.1712426472,139069.331542091,1295970.6158306,10204.1632986258,100.0004000016,
119.57742,14208.0701838644,1400.07840439065,841609.539481845,13307.0793662228,300.003600043201,200.0016000128,42371.6929043942,162347.465849662,1364299.78528914,9003.24116682005,0,
119.70373,12205.9565067753,2200.1936170383,862782.421584044,13106.8679988314,600.014400345608,0,42973.74294289,140687.286052751,1323437.12489102,14107.9568876847,0,
119.83002,13407.186251831,2300.21161946899,851015.427886007,10904.7544729502,500.010000200004,100.0004000016,40164.423735672,137350.483039327,1295417.44501102,10904.7544729502,0,
119.95625,13206.9732818928,2800.31363512713,832530.802709729,13707.5117164206,500.010000200004,400.006400102402,37857.2401471024,142204.30756358,1292983.76986698,11905.6670975384,0,
120.08257,13507.2939387269,2200.1936170383,857539.437919151,10804.6676164103,200.0016000128,300.003600043201,37957.5436361524,151006.643889915,1313019.68213872,12706.4548790786,100.0004000016,
120.20889,13407.186251831,1900.14441097523,818977.981575577,13707.5117164206,200.0016000128,300.003600043201,46787.3988610725,148577.797628389,1391909.29628613,10304.2453490838,0,
120.33525,13407.186251831,2700.2916314962,872953.449382154,13907.7326993809,500.010000200004,500.010000200004,39963.7821963854,150500.595563854,1323437.12489102,13006.7635170289,0,
120.46148,16210.5044068556,2500.2500250025,817591.487217194,14308.184281409,300.003600043201,200.0016000128,42371.6929043942,146857.648668222,1295417.44501102,13507.2939387269,300.003600043201,
120.58777,17612.3991289868,2700.2916314962,840220.61346751,13206.9732818928,500.010000200004,200.0016000128,44177.9298682877,153031.040852547,1325765.55326229,14408.2991803279,0,
120.71403,13507.2939387269,1600.10240655402,831142.852419448,14408.2991803279,300.003600043201,300.003600043201,40365.0684904065,147869.47249829,1329092.59415284,10004.0016006403,200.0016000128,
120.8403,12906.6598364756,1500.09000540032,823031.665234349,14608.5313823273,800.025600819226,100.0004000016,42572.3730341581,154245.835463059,1424938.3770437,12806.5569571621,0,
120.96653,17412.118834709,2900.33643902693,860321.164500606,14808.7667899396,400.006400102402,200.0016000128,43375.1257177431,144935.407689925,1334084.73255104,11505.2924345199,0,
121.09285,15709.8657957197,1900.14441097523,837336.397985928,12105.8592358702,200.0016000128,0,40365.0684904065,156574.519811306,1377206.71711395,12205.9565067753,0,
121.21917,13206.9732818928,1600.10240655402,840327.448629429,14808.7667899396,100.0004000016,100.0004000016,37255.4360889003,155359.50027369,1365078.2937365,12105.8592358702,100.0004000016,
121.34546,15509.6159618964,2500.2500250025,836375.135899333,12005.7627661277,500.010000200004,100.0004000016,42672.714305176,150601.803599957,1340077.79805378,13006.7635170289,100.0004000016,
121.47174,13307.0793662228,2500.2500250025,808742.763228529,15009.0054032419,200.0016000128,300.003600043201,43977.2240053534,151310.282660485,1357739.89760545,14408.2991803279,0,
121.598,16611.0297237366,2100.17641481884,816631.693736266,11705.4781637807,200.0016000128,300.003600043201,41368.3404985035,147161.187267892,1271763.52890735,13106.8679988314,0,
121.72423,14208.0701838644,3500.49006860961,805759.019628893,13607.4024269202,300.003600043201,100.0004000016,42572.3730341581,151209.068922361,1349072.51264755,13707.5117164206,0,
121.85051,16110.3750815525,2100.17641481884,809382.226627024,11305.1099096792,300.003600043201,300.003600043201,42672.714305176,153334.728504966,1336082.11801093,13907.7326993809,0,
121.97682,14708.648685427,1800.12960933187,825912.687754385,14708.648685427,200.0016000128,100.0004000016,47590.4218014227,151816.363570512,1410645.39165931,14708.648685427,100.0004000016,
122.10315,15409.4922472243,2400.23042212052,801071.673313023,12306.0545788528,200.0016000128,100.0004000016,44177.9298682877,156777.034478872,1393358.16420469,14508.4148806308,0,
122.22938,15910.1188355794,2800.31363512713,835947.931263977,12606.3536022155,200.0016000128,100.0004000016,46486.2785329572,152828.586491523,1365856.84816219,14007.84439286,100.0004000016,
122.35565,16811.2971917128,3300.43565750679,816418.415987179,12406.1534521122,500.010000200004,200.0016000128,49397.4116958642,151512.712580585,1299400.7944523,13407.186251831,200.0016000128,
122.48188,15609.7404780583,2000.16001280102,771708.025103705,14107.9568876847,400.006400102402,300.003600043201,44679.7086001427,146554.117396185,1338634.77374059,14007.84439286,100.0004000016,
122.60816,15309.3693340324,2900.33643902693,824418.74398291,12806.5569571621,0,400.006400102402,49096.2286080718,164373.688936131,1388120.70137514,12005.7627661277,0,
122.73445,15910.1188355794,3000.36004320518,824098.635661221,12706.4548790786,600.014400345608,400.006400102402,46084.7960246854,157485.861492946,1381103.53211319,13106.8679988314,0,
122.86064,14808.7667899396,2800.31363512713,780425.026399155,11705.4781637807,0,200.0016000128,45482.5963950534,156270.753923372,1319335.65785706,13607.4024269202,0,
122.98695,15209.2472223112,2400.23042212052,798302.678070204,14608.5313823273,400.006400102402,200.0016000128,49096.2286080718,151512.712580585,1354072.23124117,14308.184281409,300.003600043201,
123.11319,14808.7667899396,2300.21161946899,805545.921485078,13807.6218072376,200.0016000128,100.0004000016,47991.9525811455,169339.314910719,1365411.9542887,14107.9568876847,200.0016000128,
123.23943,14508.4148806308,2000.16001280102,823031.665234349,16310.634533716,200.0016000128,200.0016000128,48694.6624237518,159004.911037759,1391909.29628613,14308.184281409,100.0004000016,
123.36568,16110.3750815525,2300.21161946899,789041.514167468,11004.8421305374,200.0016000128,100.0004000016,46988.1497689666,152423.687546532,1306263.83709478,11605.3848985929,0,
123.49198,15609.7404780583,2200.1936170383,791702.087270867,13106.8679988314,0,400.006400102402,45081.1460629132,155157.008427984,1308257.00431034,14107.9568876847,0,
123.61826,15209.2472223112,2300.21161946899,820684.640617383,15209.2472223112,300.003600043201,300.003600043201,48594.2728894055,158397.269206927,1364299.78528914,13607.4024269202,100.0004000016,
123.74451,13407.186251831,3000.36004320518,787871.035888464,11705.4781637807,600.014400345608,300.003600043201,51606.3089965329,150703.012450604,1308035.52637117,14107.9568876847,0,
123.87079,15809.9919148902,3500.49006860961,822071.467230758,12806.5569571621,500.010000200004,100.0004000016,45281.8696202735,161030.595813205,1319557.32610142,13206.9732818928,0,
123.99708,15709.8657957197,2300.21161946899,761297.874795971,11905.6670975384,0,100.0004000016,43074.0874303803,145744.736492712,1279164.61689183,11805.5722300926,200.0016000128,
124.12339,14408.2991803279,2700.2916314962,799580.602017734,12606.3536022155,500.010000200004,200.0016000128,50702.6221071449,149792.162117572,1328759.85222194,10804.6676164103,0,
124.2497,16210.5044068556,3200.40965243551,782871.098020288,11205.0198488923,300.003600043201,200.0016000128,45281.8696202735,154752.034516345,1333419.00472316,13206.9732818928,0,
124.37599,14007.84439286,3300.43565750679,818018.085005308,13407.186251831,500.010000200004,300.003600043201,47891.5686793148,148982.572761036,1320776.56819187,13707.5117164206,100.0004000016,
124.50228,14508.4148806308,2100.17641481884,817484.839972902,11805.5722300926,500.010000200004,200.0016000128,47188.9038949381,153233.498472696,1313684.3789339,11605.3848985929,0,
124.62848,15309.3693340324,2000.16001280102,834452.826289139,10704.5815609081,400.006400102402,300.003600043201,47991.9525811455,159713.863606172,1358851.51320895,14107.9568876847,100.0004000016,
124.75472,16310.634533716,2400.23042212052,851550.058941534,12906.6598364756,200.0016000128,200.0016000128,54116.8924877736,150905.432595573,1398709.20871453,11104.9305891816,0,
124.88095,13907.7326993809,2800.31363512713,859037.216326362,11705.4781637807,200.0016000128,200.0016000128,46486.2785329572,155055.763727617,1362409.31331196,12606.3536022155,0,
125.00719,17712.5404786589,2400.23042212052,820791.314298935,11004.8421305374,0,300.003600043201,47088.5264296878,159815.145806161,1334195.69046154,13607.4024269202,0,
125.13339,15910.1188355794,2000.16001280102,829221.321298983,12806.5569571621,400.006400102402,100.0004000016,45482.5963950534,160321.56903791,1354294.48499492,13106.8679988314,200.0016000128,
125.25967,14808.7667899396,2000.16001280102,824418.74398291,10204.1632986258,200.0016000128,100.0004000016,47289.282164727,163056.606812143,1301171.55938594,13307.0793662228,0,
125.38586,16711.163056922,3000.36004320518,824525.448520358,11205.0198488923,0,200.0016000128,49999.7996000016,156777.034478872,1340188.80647336,12606.3536022155,100.0004000016,
125.51218,14708.648685427,1500.09000540032,835627.537058624,10704.5815609081,200.0016000128,400.006400102402,46185.1654450807,155764.493745271,1324656.72647629,12406.1534521122,300.003600043201,
125.63846,15109.1259120509,1400.07840439065,804160.869331858,10904.7544729502,100.0004000016,100.0004000016,47389.6612390643,161233.182231741,1331311.08864173,12506.2531265633,0,
125.76482,11505.2924345199,2200.1936170383,860535.168258986,11805.5722300926,500.010000200004,200.0016000128,46486.2785329572,146250.593451514,1324434.97232775,12306.0545788528,100.0004000016,
125.89109,13907.7326993809,2100.17641481884,815032.196508156,9903.92195309342,500.010000200004,300.003600043201,45582.960989,147869.47249829,1269113.40691487,12205.9565067753,200.0016000128,
126.01736,14908.8856958747,2500.2500250025,848235.702823868,10604.4963064339,600.014400345608,0,44478.9946945776,151715.14575922,1305710.23313173,13206.9732818928,100.0004000016,
126.14365,12406.1534521122,2100.17641481884,819404.625184867,10404.3282005314,0,0,41468.6721210324,152626.135389544,1266463.81952208,11205.0198488923,0,
126.26989,16611.0297237366,2500.2500250025,841609.539481845,8402.82334864514,200.0016000128,400.006400102402,46185.1654450807,152626.135389544,1317562.44631217,11305.1099096792,100.0004000016,
126.39617,14007.84439286,1900.14441097523,831463.13540233,8803.09869073914,500.010000200004,200.0016000128,43475.4734218603,146554.117396185,1289665.84783121,10404.3282005314,0,
126.52243,15910.1188355794,2200.1936170383,847915.003784135,10104.0820491479,600.014400345608,600.014400345608,46787.3988610725,145238.89988574,1276071.11776304,11305.1099096792,0,
126.64864,13707.5117164206,2900.33643902693,842891.757564731,9503.61137232148,300.003600043201,100.0004000016,44679.7086001427,153942.125809957,1304160.26598767,11605.3848985929,200.0016000128,
126.77495,13206.9732818928,3000.36004320518,860856.18053774,10704.5815609081,400.006400102402,100.0004000016,39361.8768704403,147970.659359672,1251128.79853834,11905.6670975384,200.0016000128,
126.90118,14107.9568876847,2800.31363512713,857967.356902009,12005.7627661277,500.010000200004,500.010000200004,44880.4257228954,142507.733835379,1280932.65773816,8202.69048247825,0,
127.02746,18613.8487034354,2300.21161946899,833812.119984624,9503.61137232148,300.003600043201,200.0016000128,48393.4962347255,146149.420431548,1245506.76924111,8202.69048247825,100.0004000016,
127.15371,13507.2939387269,2900.33643902693,835413.945336398,7602.31110257518,200.0016000128,200.0016000128,41368.3404985035,147667.101218354,1277949.22679762,11905.6670975384,100.0004000016,
127.27996,16010.246557797,2100.17641481884,862033.293747181,9403.53572943427,300.003600043201,300.003600043201,50301.0044168691,154954.519842228,1291435.30203601,9403.53572943427,0,
127.4062,15209.2472223112,2000.16001280102,846204.743295494,8903.16952835209,100.0004000016,500.010000200004,45181.5074394207,144834.245252655,1250467.2583172,10204.1632986258,0,
127.53245,14708.648685427,1700.11560786133,841075.319499055,8903.16952835209,400.006400102402,300.003600043201,42572.3730341581,146351.767285602,1224693.1710899,9003.24116682005,300.003600043201,
127.65864,14508.4148806308,3500.49006860961,870276.087586407,9303.46088745013,500.010000200004,200.0016000128,49397.4116958642,148173.035525315,1223592.8420081,8102.62525058119,100.0004000016,
127.78492,15409.4922472243,2000.16001280102,836588.743515016,10804.6676164103,500.010000200004,300.003600043201,46988.1497689666,144733.083629371,1247711.1995834,8402.82334864514,0,
127.91112,13807.6218072376,2800.31363512713,829861.799907426,8903.16952835209,400.006400102402,500.010000200004,43776.5213593361,136238.412194092,1236913.02778174,7902.49718911176,0,
128.03743,14208.0701838644,1900.14441097523,880024.347926907,9303.46088745013,400.006400102402,300.003600043201,45984.4274087224,148780.183565976,1284358.91397234,8703.02865397158,0,
128.16367,14308.184281409,2100.17641481884,851977.779708059,7402.19104855037,200.0016000128,300.003600043201,45281.8696202735,146857.648668222,1249585.25655295,6701.7960813498,0,
128.28984,15309.3693340324,2300.21161946899,878095.53778823,7802.43435952017,400.006400102402,0,49899.3996040112,149589.759891837,1283916.7661951,8903.16952835209,100.0004000016,
128.41611,14107.9568876847,2100.17641481884,897825.825726279,8803.09869073914,500.010000200004,500.010000200004,45683.3263873305,155055.763727617,1270548.82328958,8002.56081946223,300.003600043201,
128.54234,13206.9732818928,2300.21161946899,852512.450569996,8402.82334864514,200.0016000128,200.0016000128,43676.1712426472,137653.7921659,1184481.19116347,7302.132222609,0,
128.66861,13807.6218072376,2700.2916314962,911461.57226603,9603.68781612139,500.010000200004,600.014400345608,47389.6612390643,146655.293672699,1249144.27789654,7902.49718911176,400.006400102402,
128.7949,14808.7667899396,2500.2500250025,847166.73697096,8002.56081946223,400.006400102402,400.006400102402,44980.7854907414,137350.483039327,1243743.49155161,7202.07419736884,100.0004000016,
128.9211,21518.505915087,2800.31363512713,877131.24052897,7802.43435952017,200.0016000128,200.0016000128,45081.1460629132,141192.939548504,1259621.52532688,9303.46088745013,100.0004000016,
129.0474,14107.9568876847,2600.27042812453,902763.099545355,8602.95941803981,200.0016000128,700.019600548815,47289.282164727,151512.712580585,1273751.47133008,8803.09869073914,0,
129.17368,16110.3750815525,2100.17641481884,862354.343220339,7802.43435952017,200.0016000128,200.0016000128,44278.2840061228,135429.695197725,1254547.28759021,8602.95941803981,100.0004000016,
129.29982,14608.5313823273,1500.09000540032,893748.627631323,10504.4118529783,200.0016000128,200.0016000128,44278.2840061228,140080.52870595,1275518.78384287,9303.46088745013,400.006400102402,
129.42614,12406.1534521122,1700.11560786133,883346.86169596,9003.24116682005,200.0016000128,100.0004000016,44177.9298682877,143519.207637193,1290218.77668457,7702.37233067785,100.0004000016,
129.55243,14608.5313823273,2100.17641481884,870704.428236736,8502.8909829342,1000.04000160006,0,44077.5765347011,138765.988255169,1207868.23103179,6601.74286011507,0,
129.67871,12005.7627661277,2400.23042212052,847487.417443125,10404.3282005314,500.010000200004,400.006400102402,42873.3992595323,140181.652896551,1203473.11314031,7702.37233067785,0,
129.80493,15409.4922472243,2100.17641481884,850480.818943232,9303.46088745013,300.003600043201,300.003600043201,39462.1924152464,137249.381623665,1194138.38048977,6901.90492575951,200.0016000128,
129.93116,12806.5569571621,1500.09000540032,861712.252244797,7702.37233067785,300.003600043201,100.0004000016,42572.3730341581,138563.763464215,1170337.49267231,6301.58800017604,200.0016000128,
130.05738,12105.8592358702,1700.11560786133,844280.970752544,8803.09869073914,400.006400102402,500.010000200004,40666.0416516423,135834.04719102,1217432.70509373,8703.02865397158,100.0004000016,
130.1836,11805.5722300926,2700.2916314962,849732.403570158,7702.37233067785,600.014400345608,100.0004000016,39562.5087638469,142608.877553483,1222162.55223455,8602.95941803981,0,
130.30985,13407.186251831,1300.06760351538,850908.504328476,7702.37233067785,100.0004000016,0,38057.8479288519,141799.750593346,1176256.25088999,6601.74286011507,200.0016000128,
130.43611,13407.186251831,2900.33643902693,833812.119984624,8803.09869073914,100.0004000016,400.006400102402,40465.3920735909,136642.790207568,1215123.39982887,6801.85010322808,100.0004000016,
130.5624,14708.648685427,2400.23042212052,863103.489656828,9303.46088745013,300.003600043201,300.003600043201,47791.1855820906,139473.800645984,1241649.90699959,7702.37233067785,0,
130.68873,16210.5044068556,3600.51847466035,851015.427886007,8602.95941803981,100.0004000016,200.0016000128,39863.462632511,141294.072688509,1237463.73982511,6701.7960813498,100.0004000016,
130.81498,13507.2939387269,2500.2500250025,835947.931263977,11104.9305891816,200.0016000128,100.0004000016,42773.0563802976,145036.570941189,1246168.05946332,6901.90492575951,200.0016000128,
130.94122,14408.2991803279,2400.23042212052,887956.922439681,10604.4963064339,600.014400345608,400.006400102402,44679.7086001427,137653.7921659,1211055.61356936,7802.43435952017,100.0004000016,
131.0675,16711.163056922,2200.1936170383,855079.178594477,9503.61137232148,300.003600043201,300.003600043201,43977.2240053534,143316.906366288,1231517.27292949,6101.48876325823,0,
131.19382,14508.4148806308,1900.14441097523,848235.702823868,11004.8421305374,600.014400345608,200.0016000128,45984.4274087224,140586.157794386,1266022.27358689,7902.49718911176,0,
131.32018,16210.5044068556,2000.16001280102,848128.802259747,10304.2453490838,300.003600043201,0,44679.7086001427,133509.200875048,1242090.63388295,8202.69048247825,100.0004000016,
131.44643,16110.3750815525,1500.09000540032,871132.783071587,11605.3848985929,300.003600043201,200.0016000128,38559.381447429,144631.922820061,1270107.14000496,5601.25468104855,200.0016000128,
131.57275,17412.118834709,2100.17641481884,881524.732385034,10504.4118529783,300.003600043201,200.0016000128,40766.3676465285,142204.30756358,1281043.16819027,6401.6388195378,0,
131.69899,14107.9568876847,3000.36004320518,850694.6598669,10404.3282005314,500.010000200004,200.0016000128,40565.7164606663,141597.47699041,1287122.67464113,7302.132222609,100.0004000016,
131.82519,15509.6159618964,2300.21161946899,862889.443389239,11205.0198488923,400.006400102402,500.010000200004,45683.3263873305,147262.368429523,1299179.46560067,7302.132222609,0,
131.95155,18113.1138944596,3500.49006860961,863638.620826643,11205.0198488923,400.006400102402,400.006400102402,42472.032567234,146958.827387251,1257304.78219041,6201.53798141939,200.0016000128,
132.07781,14007.84439286,1800.12960933187,834879.981481558,11104.9305891816,300.003600043201,100.0004000016,42070.6787402837,140080.52870595,1235150.904588,5401.16665199683,0,
132.2041,18613.8487034354,2600.27042812453,841716.386128994,10604.4963064339,300.003600043201,200.0016000128,42171.0159909287,148982.572761036,1260504.20168067,7102.01697282028,0,
132.33039,17311.9798900839,2100.17641481884,868348.730174498,10804.6676164103,700.019600548815,200.0016000128,41468.6721210324,141192.939548504,1260614.54039723,6501.69043951427,100.0004000016,
132.45678,14708.648685427,1900.14441097523,845349.697919553,11805.5722300926,500.010000200004,100.0004000016,45984.4274087224,144530.762824716,1271653.09648212,7202.07419736884,0,
132.5831,18113.1138944596,3300.43565750679,854758.309719321,12205.9565067753,800.025600819226,100.0004000016,41067.3504547458,142912.313590448,1319668.16162382,6001.44034568296,300.003600043201,
132.70941,14908.8856958747,3600.51847466035,854437.448808214,12906.6598364756,300.003600043201,100.0004000016,41970.3422936842,145947.076833944,1313905.95199502,6101.48876325823,300.003600043201,
132.8357,11805.5722300926,2300.21161946899,844280.970752544,12906.6598364756,700.019600548815,200.0016000128,44780.0667593657,154448.312639607,1352183.22567588,6001.44034568296,0,
132.96199,16110.3750815525,3100.38444767151,831676.661803423,12806.5569571621,100.0004000016,200.0016000128,42973.74294289,140181.652896551,1234049.69778375,7102.01697282028,0,
133.08824,14208.0701838644,2800.31363512713,782658.377713883,12806.5569571621,100.0004000016,100.0004000016,43174.4327220127,144530.762824716,1199189.29228654,5701.29989637637,0,
133.21455,14408.2991803279,1700.11560786133,807783.627542067,12906.6598364756,300.003600043201,500.010000200004,42873.3992595323,150399.388342287,1309253.70118581,5401.16665199683,100.0004000016,
133.34076,14007.84439286,2400.23042212052,864815.98735314,13407.186251831,200.0016000128,0,43475.4734218603,141698.613385038,1291545.9008325,5701.29989637637,200.0016000128,
133.46699,14308.184281409,2000.16001280102,832210.49325056,11705.4781637807,200.0016000128,0,46586.6511711784,155561.995379426,1349850.12205251,7502.25067520256,0,
133.59323,15009.0054032419,1900.14441097523,836481.939265665,14007.84439286,500.010000200004,200.0016000128,49497.8076679519,144126.130982793,1313905.95199502,6401.6388195378,100.0004000016,
133.71944,14708.648685427,2200.1936170383,810981.023766751,14408.2991803279,100.0004000016,200.0016000128,43375.1257177431,143822.665647504,1330423.64598429,5701.29989637637,0,
133.84573,13206.9732818928,1400.07840439065,832530.802709729,13907.7326993809,500.010000200004,300.003600043201,44177.9298682877,146048.248225695,1305156.6524689,5701.29989637637,200.0016000128,
133.97199,16310.634533716,2100.17641481884,824632.153939599,14608.5313823273,0,100.0004000016,45181.5074394207,144126.130982793,1277949.22679762,4900.9605882753,100.0004000016,
134.09819,11805.5722300926,2600.27042812453,795960.146273412,13006.7635170289,400.006400102402,100.0004000016,43174.4327220127,147060.006920471,1351738.79313253,6001.44034568296,0,
134.22451,14208.0701838644,2200.1936170383,846204.743295494,15509.6159618964,100.0004000016,100.0004000016,48293.1091143725,154650.79307583,1334306.64930709,4600.84655576626,100.0004000016,
134.35071,13106.8679988314,3300.43565750679,803734.729349787,13407.186251831,300.003600043201,300.003600043201,44378.6389482162,139979.405328871,1280380.11941805,7302.132222609,200.0016000128,
134.47703,13507.2939387269,1900.14441097523,791489.221220825,13607.4024269202,300.003600043201,200.0016000128,42171.0159909287,147262.368429523,1309807.45430513,6701.7960813498,100.0004000016,
134.60335,11104.9305891816,2500.2500250025,793085.802247506,14608.5313823273,100.0004000016,300.003600043201,44177.9298682877,152423.687546532,1302389.0986066,7502.25067520256,100.0004000016,
134.72965,13707.5117164206,2700.2916314962,812153.600898676,11305.1099096792,300.003600043201,200.0016000128,41870.0066511207,144935.407689925,1268340.55537576,6001.44034568296,0,
134.85601,13106.8679988314,2700.2916314962,774577.606222189,11205.0198488923,200.0016000128,200.0016000128,44378.6389482162,153942.125809957,1319668.16162382,6701.7960813498,300.003600043201,
134.98233,14007.84439286,2600.27042812453,818124.736655128,11004.8421305374,100.0004000016,500.010000200004,41870.0066511207,153031.040852547,1290439.95473838,5901.39272868397,200.0016000128,
135.10864,8803.09869073914,2700.2916314962,813752.741420541,12906.6598364756,200.0016000128,400.006400102402,45884.059597182,154650.79307583,1362854.10585635,6001.44034568296,300.003600043201,
135.23495,13507.2939387269,1400.07840439065,801071.673313023,13507.2939387269,200.0016000128,100.0004000016,44378.6389482162,149488.560000644,1290771.72879702,6301.58800017604,0,
135.36132,11405.2007715518,2300.21161946899,816951.616967314,12105.8592358702,700.019600548815,0,45783.6925900546,154954.519842228,1313795.16499802,6101.48876325823,0,
135.48756,13507.2939387269,1900.14441097523,821538.054749924,12406.1534521122,300.003600043201,200.0016000128,44980.7854907414,153031.040852547,1321109.10836716,5801.34591225164,0,
135.61385,12606.3536022155,1600.10240655402,799154.613301631,11505.2924345199,300.003600043201,300.003600043201,40766.3676465285,149387.360923888,1290108.18905322,5801.34591225164,100.0004000016,
135.74006,11505.2924345199,2300.21161946899,796811.926794839,11305.1099096792,400.006400102402,300.003600043201,42873.3992595323,146554.117396185,1297740.91886411,6101.48876325823,0,
135.86633,11305.1099096792,900.032401166442,798302.678070204,13106.8679988314,0,100.0004000016,42973.74294289,152727.360533157,1302610.48148507,4800.92177698118,100.0004000016,
135.99263,11104.9305891816,1500.09000540032,788509.465414514,11205.0198488923,300.003600043201,100.0004000016,37957.5436361524,146351.767285602,1288781.21004105,5301.12383825371,4100.67251029169,
136.11886,10604.4963064339,1500.09000540032,794895.499719352,12506.2531265633,400.006400102402,100.0004000016,40766.3676465285,156574.519811306,1312687.34633391,4400.77453631839,100.0004000016,
136.24515,10604.4963064339,1600.10240655402,800006.604801691,11805.5722300926,600.014400345608,500.010000200004,44278.2840061228,155258.253943338,1316011.08219859,4400.77453631839,0,
136.37145,10504.4118529783,1200.05760276493,806718.004831018,11104.9305891816,600.014400345608,200.0016000128,42572.3730341581,153233.498472696,1277396.81391819,5001.00020004001,0,
136.49777,10504.4118529783,1700.11560786133,776597.324182985,10904.7544729502,600.014400345608,300.003600043201,39963.7821963854,154954.519842228,1274635.09786776,4900.9605882753,0,
136.624,9303.46088745013,1800.12960933187,827726.994727011,12005.7627661277,300.003600043201,300.003600043201,42873.3992595323,160220.28276062,1361408.58496177,5901.39272868397,0,
136.75026,11605.3848985929,2000.16001280102,831036.093190112,12005.7627661277,300.003600043201,400.006400102402,44177.9298682877,149690.960597476,1312798.12400274,5901.39272868397,100.0004000016,
136.8765,9203.38684635946,2300.21161946899,796598.976390953,12606.3536022155,100.0004000016,300.003600043201,42070.6787402837,153031.040852547,1287233.23715711,7802.43435952017,0,
137.00274,9103.31360615264,1500.09000540032,822178.152371509,10904.7544729502,300.003600043201,600.014400345608,46787.3988610725,155865.744150758,1339744.778409,5801.34591225164,0,
137.12905,12005.7627661277,2100.17641481884,815991.87106048,11705.4781637807,500.010000200004,200.0016000128,43876.872280235,152828.586491523,1286680.43387743,5701.29989637637,200.0016000128,
137.25521,11505.2924345199,1700.11560786133,818018.085005308,10804.6676164103,400.006400102402,400.006400102402,42873.3992595323,150298.181935245,1291988.3053236,6401.6388195378,0,
137.38142,9103.31360615264,2100.17641481884,809595.388135019,10204.1632986258,600.014400345608,0,37556.3345017526,157890.923435481,1298183.53186709,4300.73972723308,100.0004000016,
137.50765,8602.95941803981,1500.09000540032,803202.074164596,13607.4024269202,700.019600548815,0,39060.9350586916,151917.582196467,1296081.25278738,7001.96054895371,0,
137.63388,9203.38684635946,1800.12960933187,783509.28000066,9403.53572943427,600.014400345608,700.019600548815,39662.8259162513,144733.083629371,1240878.67057411,4700.88376614804,0,
137.76011,8502.8909829342,1200.05760276493,791063.499661621,10004.0016006403,500.010000200004,100.0004000016,37456.0342272039,155764.493745271,1260504.20168067,5601.25468104855,0,
137.88639,9903.92195309342,1400.07840439065,829328.065527972,11505.2924345199,100.0004000016,200.0016000128,41769.6718125834,152626.135389544,1316565.11981406,6301.58800017604,0,
138.01263,9903.92195309342,2400.23042212052,812153.600898676,10304.2453490838,400.006400102402,100.0004000016,44679.7086001427,148476.605881122,1336304.06843225,5601.25468104855,0,
138.13889,10304.2453490838,1000.04000160006,840434.284674762,9803.84310649775,200.0016000128,200.0016000128,40465.3920735909,141900.888615345,1221392.46082524,7102.01697282028,0,
138.26517,10204.1632986258,2000.16001280102,815245.451353751,10404.3282005314,500.010000200004,400.006400102402,39562.5087638469,153435.959352048,1280269.61454203,5501.21026625858,100.0004000016,
138.39147,11104.9305891816,1900.14441097523,842571.191115117,9503.61137232148,0,100.0004000016,40766.3676465285,144631.922820061,1283364.10239158,5801.34591225164,0,
138.51775,8803.09869073914,1700.11560786133,852298.579571307,9103.31360615264,800.025600819226,400.006400102402,43174.4327220127,155258.253943338,1293647.45477493,5601.25468104855,0,
138.644,10104.0820491479,1500.09000540032,845349.697919553,9203.38684635946,100.0004000016,400.006400102402,43676.1712426472,150095.771564698,1272867.90422384,5501.21026625858,0,
138.77032,8302.75651516303,1600.10240655402,835520.740756051,10204.1632986258,600.014400345608,100.0004000016,41669.3377780627,150095.771564698,1264256.23828614,5801.34591225164,0,
138.8966,11305.1099096792,2300.21161946899,856041.833007202,9903.92195309342,400.006400102402,0,47490.0411179596,145542.399407772,1291767.10121699,4700.88376614804,0,
139.02283,8803.09869073914,600.014400345608,853795.750876961,8602.95941803981,300.003600043201,0,39462.1924152464,148173.035525315,1290550.54516086,5601.25468104855,200.0016000128,
139.14915,10204.1632986258,2100.17641481884,852726.325107341,9903.92195309342,500.010000200004,500.010000200004,41067.3504547458,151310.282660485,1288670.63450335,4800.92177698118,100.0004000016,
139.27533,9503.61137232148,1400.07840439065,871882.438166201,10604.4963064339,1000.04000160006,200.0016000128,37054.8411649241,144834.245252655,1295085.55369036,6201.53798141939,0,
139.4016,9703.76506084361,1500.09000540032,832637.574294666,7102.01697282028,500.010000200004,200.0016000128,38659.6905622281,152120.021892405,1267567.74931074,5601.25468104855,0,
139.52781,9703.76506084361,2300.21161946899,882489.357120376,9903.92195309342,200.0016000128,400.006400102402,40365.0684904065,151715.14575922,1301503.60435805,4800.92177698118,0,
139.65405,9603.68781612139,2300.21161946899,864601.912739041,10304.2453490838,200.0016000128,0,39562.5087638469,140485.030349594,1310804.26866488,6001.44034568296,0,
139.78028,10604.4963064339,1600.10240655402,863638.620826643,7202.07419736884,100.0004000016,300.003600043201,36453.0756781874,155157.008427984,1324434.97232775,4700.88376614804,0,
139.90648,9403.53572943427,1300.06760351538,870490.25613855,10304.2453490838,200.0016000128,100.0004000016,40967.0220480706,155359.50027369,1292983.76986698,6301.58800017604,300.003600043201,
140.03264,10304.2453490838,700.019600548815,846418.513479424,9403.53572943427,200.0016000128,100.0004000016,36653.6609596449,154650.79307583,1245947.62568659,5601.25468104855,200.0016000128,
140.15888,10904.7544729502,1300.06760351538,851443.130961343,7502.25067520256,400.006400102402,400.006400102402,36152.2037822616,150804.222115806,1224363.06266993,4200.70571856072,100.0004000016,
140.2851,11905.6670975384,1200.05760276493,863638.620826643,8502.8909829342,500.010000200004,200.0016000128,32642.5659059413,147060.006920471,1304603.09510482,6901.90492575951,0,
140.41134,10604.4963064339,1600.10240655402,861070.193151161,8803.09869073914,0,300.003600043201,36553.3679171591,147060.006920471,1268561.36546083,5901.39272868397,0,
140.53762,9403.53572943427,1300.06760351538,851336.203865705,9103.31360615264,500.010000200004,0,35450.1974796312,148780.183565976,1252782.79497627,5901.39272868397,0,
140.66388,9003.24116682005,1300.06760351538,880238.677913183,8803.09869073914,300.003600043201,0,36854.249455198,152727.360533157,1290108.18905322,5901.39272868397,0,
140.79012,9603.68781612139,1800.12960933187,836909.161561293,9003.24116682005,500.010000200004,200.0016000128,32442.0448901777,151512.712580585,1227884.64766509,5601.25468104855,0,
140.91628,10004.0016006403,1600.10240655402,904051.393637965,8903.16952835209,0,300.003600043201,35951.6265357053,152423.687546532,1314238.31858333,6401.6388195378,0,
141.04251,8502.8909829342,1200.05760276493,863317.539467423,10304.2453490838,500.010000200004,300.003600043201,36653.6609596449,145845.906256286,1287012.11305518,6701.7960813498,100.0004000016,
141.16877,9903.92195309342,2100.17641481884,891495.989925101,8302.75651516303,100.0004000016,0,36352.7842427204,153942.125809957,1273309.68034841,5001.00020004001,0,
141.29508,11004.8421305374,2300.21161946899,869954.841406829,8903.16952835209,100.0004000016,400.006400102402,35550.4816839913,151310.282660485,1255429.622846,3400.46246289495,0,
141.42127,10604.4963064339,1400.07840439065,867721.587304195,8703.02865397158,500.010000200004,500.010000200004,32943.3534531443,140383.903718363,1255981.11249743,5501.21026625858,100.0004000016,
141.54758,9403.53572943427,2000.16001280102,836588.743515016,8402.82334864514,200.0016000128,300.003600043201,34447.3996218797,154853.276771807,1258959.55700085,6601.74286011507,100.0004000016,
141.67384,10904.7544729502,1600.10240655402,838404.550866517,7802.43435952017,500.010000200004,100.0004000016,33244.1482288479,140990.675709378,1251349.31935501,4900.9605882753,0,
141.80006,9303.46088745013,1000.04000160006,847915.003784135,8002.56081946223,300.003600043201,100.0004000016,32742.827618525,147161.187267892,1318670.67552658,4900.9605882753,0,
141.92632,10204.1632986258,800.025600819226,872739.240045205,8602.95941803981,300.003600043201,500.010000200004,35349.9140786791,142912.313590448,1351627.68733899,5701.29989637637,0,
142.05262,10904.7544729502,1200.05760276493,871775.341921383,9203.38684635946,500.010000200004,300.003600043201,34948.7885087582,151310.282660485,1326209.11013201,5901.39272868397,0,
142.17896,9103.31360615264,1400.07840439065,876274.147739035,8803.09869073914,200.0016000128,100.0004000016,31038.4877247787,149893.364452135,1368749.02435629,5901.39272868397,0,
142.30517,10204.1632986258,1000.04000160006,879917.18426501,9003.24116682005,0,200.0016000128,35249.6314811254,147970.659359672,1355072.4026549,6001.44034568296,0,
142.43144,9003.24116682005,1000.04000160006,879595.698604158,8903.16952835209,500.010000200004,200.0016000128,31840.5011174214,157080.812593836,1379210.64960389,5501.21026625858,300.003600043201,
142.55769,10904.7544729502,1900.14441097523,923821.295693327,9303.46088745013,200.0016000128,500.010000200004,36051.9147572504,151107.855998841,1418124.94716375,5501.21026625858,200.0016000128,
142.68389,9403.53572943427,1600.10240655402,907165.300150054,9003.24116682005,400.006400102402,300.003600043201,32141.2693898966,160929.303827279,1348406.026829,4300.73972723308,0,
142.81013,10304.2453490838,1800.12960933187,877988.390099289,9503.61137232148,300.003600043201,400.006400102402,34547.6757925938,157992.190959224,1324767.60495158,4700.88376614804,100.0004000016,
142.93648,8703.02865397158,1700.11560786133,858930.226400106,8703.02865397158,200.0016000128,200.0016000128,34547.6757925938,144530.762824716,1383553.54806028,5301.12383825371,100.0004000016,
143.06274,12406.1534521122,1500.09000540032,889029.264958681,8602.95941803981,200.0016000128,200.0016000128,35049.0686961746,158093.45929823,1450771.93932828,6501.69043951427,0,
143.18903,11004.8421305374,1000.04000160006,880131.512476294,8602.95941803981,500.010000200004,300.003600043201,37957.5436361524,166400.238376143,1446183.07528911,6701.7960813498,100.0004000016,
143.31532,12306.0545788528,1400.07840439065,860535.168258986,9403.53572943427,400.006400102402,200.0016000128,33043.6175751993,155157.008427984,1391240.64166607,6801.85010322808,100.0004000016,
143.44161,9703.76506084361,1400.07840439065,864173.77414162,9903.92195309342,100.0004000016,300.003600043201,33946.0308177889,150905.432595573,1367414.09496488,5401.16665199683,100.0004000016,
143.56786,8903.16952835209,1700.11560786133,850694.6598669,8903.16952835209,400.006400102402,500.010000200004,32943.3534531443,152018.801637095,1375091.78531941,5701.29989637637,100.0004000016,
143.69409,8703.02865397158,1800.12960933187,849625.490625892,9003.24116682005,500.010000200004,200.0016000128,35249.6314811254,158802.360499473,1382662.58051989,7102.01697282028,0,
143.82037,8402.82334864514,2100.17641481884,863210.514119244,9103.31360615264,300.003600043201,300.003600043201,34447.3996218797,177856.377450309,1479123.85874976,7402.19104855037,0,
143.94669,11405.2007715518,1700.11560786133,894070.465016075,8502.8909829342,600.014400345608,200.0016000128,32843.0901342561,167210.949548802,1458946.29892259,6201.53798141939,100.0004000016,
144.07301,9403.53572943427,1200.05760276493,869098.223931192,9203.38684635946,500.010000200004,700.019600548815,30737.7459520291,154954.519842228,1374312.68541142,5401.16665199683,100.0004000016,
144.19916,10704.5815609081,1600.10240655402,848449.506604796,9103.31360615264,400.006400102402,200.0016000128,31840.5011174214,159207.464837492,1426614.34901735,7802.43435952017,0,
144.32539,11505.2924345199,1200.05760276493,821538.054749924,7402.19104855037,0,300.003600043201,35650.7666917691,166400.238376143,1503602.36963408,6601.74286011507,0,
144.45168,10204.1632986258,2000.16001280102,874131.664141351,8903.16952835209,500.010000200004,0,35450.1974796312,167717.670556589,1512484.19855942,6701.7960813498,0,
144.57792,9403.53572943427,1500.09000540032,873274.770038334,10304.2453490838,600.014400345608,600.014400345608,34046.302972042,160220.28276062,1463427.54313539,7902.49718911176,0,
144.70416,12205.9565067753,2400.23042212052,847380.52306827,9803.84310649775,100.0004000016,300.003600043201,31038.4877247787,166704.248945012,1408859.85557523,6101.48876325823,400.006400102402,
144.83035,10904.7544729502,2000.16001280102,816631.693736266,10204.1632986258,500.010000200004,300.003600043201,40666.0416516423,171873.552617271,1493154.16896274,7102.01697282028,0,
144.95668,10304.2453490838,2000.16001280102,869312.372981676,8602.95941803981,500.010000200004,300.003600043201,33745.4889190629,176740.719853371,1433767.55202165,7302.132222609,100.0004000016,
145.08292,8903.16952835209,1300.06760351538,821538.054749924,6701.7960813498,500.010000200004,300.003600043201,37857.2401471024,176335.050695068,1575728.06864617,8703.02865397158,100.0004000016,
145.20908,11305.1099096792,1500.09000540032,849197.84769239,8602.95941803981,200.0016000128,200.0016000128,29534.8511243267,175016.7162111,1516308.59043546,7502.25067520256,0,
145.33548,9003.24116682005,1400.07840439065,832103.725196014,9203.38684635946,200.0016000128,500.010000200004,29133.9118734207,162752.684362456,1520021.55547352,7902.49718911176,0,
145.46171,7802.43435952017,1500.09000540032,802989.018247874,7802.43435952017,300.003600043201,200.0016000128,35951.6265357053,177856.377450309,1550326.67521941,7402.19104855037,100.0004000016,
145.58797,10004.0016006403,1700.11560786133,813859.357833783,8302.75651516303,100.0004000016,100.0004000016,35049.0686961746,178464.959633885,1588842.89609931,9103.31360615264,0,
145.71427,8903.16952835209,700.019600548815,837443.209299826,8002.56081946223,300.003600043201,100.0004000016,35049.0686961746,166805.587433509,1550890.62307506,7802.43435952017,0,
145.84055,10504.4118529783,1300.06760351538,802243.350245844,7202.07419736884,300.003600043201,200.0016000128,34547.6757925938,163056.606812143,1501354.74925478,5601.25468104855,0,
145.96677,8302.75651516303,800.025600819226,795001.960420149,8602.95941803981,500.010000200004,100.0004000016,31940.756405173,165994.902376073,1521484.52418335,6101.48876325823,100.0004000016,
146.09293,7702.37233067785,1100.04840212969,822391.525297681,9203.38684635946,200.0016000128,0,31539.7400724913,174813.907775594,1553936.35552534,7302.132222609,0,
146.21925,9303.46088745013,1100.04840212969,822178.152371509,7602.31110257518,100.0004000016,300.003600043201,33344.4147604609,189119.91230156,1555515.89931848,7502.25067520256,200.0016000128,
146.34556,8402.82334864514,1300.06760351538,838725.013952912,8302.75651516303,100.0004000016,100.0004000016,35249.6314811254,177450.672338643,1574146.11953689,6301.58800017604,0,
146.47185,8302.75651516303,1300.06760351538,835841.132312577,7102.01697282028,500.010000200004,600.014400345608,34246.8496903764,182319.996776663,1608426.14352372,5901.39272868397,100.0004000016,
146.59813,9703.76506084361,2100.17641481884,829114.577952268,8202.69048247825,300.003600043201,400.006400102402,37957.5436361524,176537.883640084,1635527.95878099,8402.82334864514,0,
146.72439,9503.61137232148,2000.16001280102,810128.307309841,7602.31110257518,400.006400102402,0,37255.4360889003,183639.096290148,1623954.74353677,8502.8909829342,200.0016000128,
146.85062,90122.1900823212,1800.12960933187,797770.247122001,6901.90492575951,200.0016000128,400.006400102402,36252.4936107484,191251.985070656,1665073.87292066,7902.49718911176,100.0004000016,
146.97691,8903.16952835209,800.025600819226,793830.941041493,7502.25067520256,300.003600043201,200.0016000128,35751.0525029742,181711.228222856,1559126.99087216,6901.90492575951,100.0004000016,
147.10315,10704.5815609081,400.006400102402,792553.586609332,7502.25067520256,100.0004000016,200.0016000128,34246.8496903764,181711.228222856,1579909.84094582,7702.37233067785,0,
147.22939,9403.53572943427,1000.04000160006,840754.798111351,7202.07419736884,300.003600043201,200.0016000128,36553.3679171591,182928.794765174,1678960.33158746,9403.53572943427,100.0004000016,
147.35565,9103.31360615264,1700.11560786133,799048.118320626,5701.29989637637,300.003600043201,200.0016000128,36051.9147572504,188713.844120148,1683060.73918482,8102.62525058119,100.0004000016,
147.48191,7001.96054895371,1400.07840439065,815138.823490537,6401.6388195378,100.0004000016,200.0016000128,36051.9147572504,195009.372543487,1707689.67801209,7602.31110257518,0,
147.60815,9003.24116682005,1300.06760351538,828260.662939132,7802.43435952017,200.0016000128,100.0004000016,31740.2466327303,191455.058444176,1739798.23217846,9003.24116682005,0,
147.7343,7402.19104855037,1300.06760351538,821324.69592808,8102.62525058119,300.003600043201,200.0016000128,33946.0308177889,194196.869469874,1613864.75898484,10004.0016006403,0,
147.86048,7902.49718911176,1200.05760276493,827406.804385287,6701.7960813498,100.0004000016,200.0016000128,34347.1242544771,193790.637584298,1697194.01811992,8502.8909829342,200.0016000128,
147.98671,10604.4963064339,2200.1936170383,808209.901268112,7202.07419736884,300.003600043201,400.006400102402,38459.0731363374,202019.387409474,1709972.43530845,7702.37233067785,200.0016000128,
148.11294,9003.24116682005,900.032401166442,829968.549430294,5301.12383825371,200.0016000128,300.003600043201,37857.2401471024,193485.972267011,1655975.84328845,8803.09869073914,100.0004000016,
148.2392,7802.43435952017,1200.05760276493,791489.221220825,6401.6388195378,200.0016000128,400.006400102402,35349.9140786791,190845.848145551,1697536.13778492,7702.37233067785,0,
148.36554,8202.69048247825,1100.04840212969,813006.451186572,6301.58800017604,500.010000200004,500.010000200004,34347.1242544771,192673.56744381,1715909.43092976,8202.69048247825,0,
148.49177,11805.5722300926,1100.04840212969,802349.871607507,6301.58800017604,300.003600043201,100.0004000016,36252.4936107484,189525.993575663,1623841.3304253,10704.5815609081,100.0004000016,
148.61799,9403.53572943427,800.025600819226,805119.735755574,5101.04061228491,0,0,38258.4589252378,195415.643732792,1715338.45127977,6701.7960813498,100.0004000016,
148.74422,8703.02865397158,1600.10240655402,817911.434236616,7302.132222609,300.003600043201,200.0016000128,40565.7164606663,193790.637584298,1565729.21334611,9303.46088745013,0,
148.87044,9403.53572943427,1900.14441097523,796705.451153422,5601.25468104855,200.0016000128,100.0004000016,41468.6721210324,188003.256305061,1655521.10477539,7902.49718911176,100.0004000016,
148.99673,10704.5815609081,1500.09000540032,816098.505970747,6401.6388195378,500.010000200004,400.006400102402,40064.1025641026,191455.058444176,1677479.93853509,9303.46088745013,100.0004000016,
149.12302,9603.68781612139,1400.07840439065,827513.533617092,7302.132222609,500.010000200004,400.006400102402,39963.7821963854,200190.311837235,1737739.14233889,8703.02865397158,200.0016000128,
149.2493,7802.43435952017,1200.05760276493,818444.696891459,5801.34591225164,700.019600548815,500.010000200004,40465.3920735909,193384.418798699,1623501.09688825,7502.25067520256,100.0004000016,
149.3755,9603.68781612139,1600.10240655402,851443.130961343,6301.58800017604,500.010000200004,200.0016000128,42572.3730341581,190541.254045601,1510381.19989519,9003.24116682005,100.0004000016,
149.50173,10104.0820491479,1600.10240655402,849197.84769239,8703.02865397158,200.0016000128,300.003600043201,42873.3992595323,201206.43215432,1675430.4347455,8602.95941803981,200.0016000128,
149.62802,10404.3282005314,2000.16001280102,832210.49325056,6901.90492575951,500.010000200004,400.006400102402,40465.3920735909,192876.663737575,1699018.75766262,8202.69048247825,200.0016000128,
149.75423,7302.132222609,2000.16001280102,819297.962960668,5801.34591225164,300.003600043201,600.014400345608,40164.423735672,198767.881045688,1711684.75938114,7602.31110257518,100.0004000016,
149.88049,24924.8251258253,1500.09000540032,809701.97020941,6901.90492575951,300.003600043201,1300.06760351538,40866.6944453348,187089.702308749,1684427.82182487,9103.31360615264,0,
150.0068,7202.07419736884,1100.04840212969,790744.217715146,7702.37233067785,400.006400102402,1200.05760276493,42171.0159909287,192267.384679877,1623841.3304253,8302.75651516303,100.0004000016,
150.13303,7202.07419736884,1100.04840212969,827726.994727011,6101.48876325823,0,700.019600548815,40866.6944453348,194907.806793353,1604914.8855563,6701.7960813498,300.003600043201,
150.25929,7502.25067520256,2500.2500250025,804373.944601106,6201.53798141939,500.010000200004,200.0016000128,39161.2481921726,189322.951301986,1619192.22464043,7102.01697282028,200.0016000128,
150.38555,8402.82334864514,900.032401166442,820897.988861897,7001.96054895371,200.0016000128,300.003600043201,35751.0525029742,189322.951301986,1603782.41936926,8502.8909829342,0,
150.51179,6601.74286011507,700.019600548815,838938.660426735,6301.58800017604,400.006400102402,400.006400102402,43074.0874303803,186582.200944598,1658818.31055604,8302.75651516303,100.0004000016,
150.6381,10004.0016006403,1800.12960933187,820471.29589847,7402.19104855037,200.0016000128,300.003600043201,36954.5449082846,183233.204798111,1583075.30028242,7302.132222609,200.0016000128,
150.76429,9003.24116682005,1500.09000540032,855827.903609474,7302.132222609,200.0016000128,300.003600043201,44077.5765347011,199987.097606606,1584206.00420243,8402.82334864514,0,
150.89056,8102.62525058119,1000.04000160006,789999.257248021,6501.69043951427,200.0016000128,300.003600043201,42271.354045629,174408.3007073,1569740.25421927,7102.01697282028,300.003600043201,
151.01678,7802.43435952017,1500.09000540032,791382.78951343,7102.01697282028,300.003600043201,500.010000200004,45382.2326054811,188104.766395441,1627697.91835309,6401.6388195378,0,
151.14301,10104.0820491479,2000.16001280102,817378.193609683,7001.96054895371,200.0016000128,600.014400345608,50702.6221071449,185567.259568501,1590539.7241391,8903.16952835209,200.0016000128,
151.26924,8803.09869073914,1700.11560786133,825912.687754385,6101.48876325823,500.010000200004,600.014400345608,43876.872280235,185262.793106088,1631896.0631666,6801.85010322808,600.014400345608,
151.39545,7302.132222609,1800.12960933187,828794.353205663,8202.69048247825,400.006400102402,300.003600043201,50903.435781508,195618.784240846,1609559.00510052,7001.96054895371,400.006400102402,
151.52168,9203.38684635946,1400.07840439065,844494.709115043,9003.24116682005,700.019600548815,200.0016000128,47690.8032894631,196431.379030925,1671218.55463332,9303.46088745013,300.003600043201,
151.64797,10304.2453490838,1100.04840212969,840968.478153012,7502.25067520256,300.003600043201,200.0016000128,46988.1497689666,194095.310270323,1597781.95776698,8202.69048247825,100.0004000016,
151.77426,9203.38684635946,1900.14441097523,873274.770038334,7902.49718911176,500.010000200004,100.0004000016,53514.3065588096,194399.99032535,1667804.4929917,9503.61137232148,600.014400345608,
151.90059,9203.38684635946,1600.10240655402,889565.469533159,7302.132222609,300.003600043201,300.003600043201,46887.7739127647,178667.82689968,1600385.59918965,8202.69048247825,400.006400102402,
152.02682,9203.38684635946,2400.23042212052,843532.91432352,7402.19104855037,400.006400102402,200.0016000128,45683.3263873305,187901.747032865,1543448.43988227,7202.07419736884,100.0004000016,
152.1531,8803.09869073914,1300.06760351538,846739.175385633,5901.39272868397,500.010000200004,400.006400102402,48293.1091143725,183639.096290148,1506075.19243411,7102.01697282028,100.0004000016,
152.27937,8302.75651516303,1300.06760351538,844922.19644622,8402.82334864514,500.010000200004,200.0016000128,41368.3404985035,184247.958061176,1576180.08870066,8402.82334864514,300.003600043201,
152.40557,8302.75651516303,1900.14441097523,869847.761119895,7602.31110257518,100.0004000016,400.006400102402,47088.5264296878,187800.238578844,1552582.61039502,7001.96054895371,0,
152.53178,10004.0016006403,1300.06760351538,812580.018998059,6501.69043951427,600.014400345608,300.003600043201,46084.7960246854,178262.095637111,1525874.39892369,8202.69048247825,200.0016000128,
152.65812,8803.09869073914,2100.17641481884,844922.19644622,7302.132222609,600.014400345608,800.025600819226,50903.435781508,189729.039122672,1575841.07221825,8803.09869073914,300.003600043201,
152.78438,9303.46088745013,2100.17641481884,877559.808216229,6801.85010322808,300.003600043201,800.025600819226,55221.7086458555,182827.326389588,1576519.11383255,8402.82334864514,400.006400102402,
152.91067,12706.4548790786,2000.16001280102,861926.279027426,6401.6388195378,500.010000200004,1200.05760276493,338908.327377693,179479.32865465,1517883.6607408,8102.62525058119,600.014400345608,
153.03682,15809.9919148902,4700.88376614804,847166.73697096,8402.82334864514,500.010000200004,1000.04000160006,209544.0625403,189932.087943091,1588503.55647824,10004.0016006403,300.003600043201,
153.16302,18513.7001381022,2800.31363512713,859893.167609346,9103.31360615264,100.0004000016,1500.09000540032,88713.6916135455,177957.805771191,1542997.53256295,12706.4548790786,1100.04840212969,
153.28933,20316.4969955604,4200.70571856072,863638.620826643,7001.96054895371,700.019600548815,2300.21161946899,96672.3820155238,184958.334004932,1533419.37236788,8803.09869073914,800.025600819226,
153.41554,26928.9755777216,6301.58800017604,854651.355197405,7102.01697282028,200.0016000128,1500.09000540032,115834.227457032,172380.461399665,1513496.43022284,9703.76506084361,1100.04840212969,
153.54172,35550.4816839913,6001.44034568296,867385.159156847,6501.69043951427,200.0016000128,3800.57768780855,125022.110019457,176842.13918564,1490683.75633657,11605.3848985929,1100.04840212969,
153.668,36453.0756781874,6401.6388195378,826553.002285133,6401.6388195378,100.0004000016,3300.43565750679,119972.99100504,175929.394609531,1491132.88799973,8402.82334864514,1600.10240655402,
153.79424,35550.4816839913,6701.7960813498,828687.613387939,6901.90492575951,200.0016000128,3900.60849492521,126133.188606806,168224.411969605,1459730.40709883,11104.9305891816,1100.04840212969,
153.92051,35851.3391176164,6801.85010322808,804054.333016804,6201.53798141939,200.0016000128,3000.36004320518,130881.631537045,174205.502074355,1460514.56175037,11805.5722300926,1200.05760276493,
154.04679,35751.0525029742,5501.21026625858,831036.093190112,5901.39272868397,400.006400102402,4900.9605882753,140889.545010237,165488.250736846,1442043.27187497,9903.92195309342,1200.05760276493,
154.17306,40565.7164606663,7001.96054895371,760660.791862104,7502.25067520256,400.006400102402,4300.73972723308,133711.344351952,150196.976342719,1367970.29911826,9403.53572943427,1200.05760276493,
154.29929,44478.9946945776,7702.37233067785,803202.074164596,7202.07419736884,400.006400102402,4200.70571856072,145542.399407772,163461.848165684,1396367.85978249,8402.82334864514,1300.06760351538,
154.42553,44880.4257228954,8002.56081946223,781913.88428252,7302.132222609,300.003600043201,5601.25468104855,137148.281021252,157384.598045372,1327761.67688886,7402.19104855037,900.032401166442,
154.55182,39161.2481921726,7402.19104855037,668616.112498357,4400.77453631839,700.019600548815,4400.77453631839,120376.845845291,139676.040078677,1236913.02778174,7402.19104855037,1200.05760276493,
154.67804,38258.4589252378,8002.56081946223,633874.447333667,6201.53798141939,300.003600043201,4400.77453631839,131487.944927863,139676.040078677,1205890.24553871,7001.96054895371,1100.04840212969,
154.80431,43274.7788177972,7202.07419736884,661660.24783005,5401.16665199683,800.025600819226,5401.16665199683,140485.030349594,147161.187267892,1280490.62522338,9803.84310649775,2600.27042812453,
154.93054,53815.5958999932,9303.46088745013,765970.779327859,5801.34591225164,700.019600548815,6801.85010322808,158093.45929823,165488.250736846,1415221.93012857,10804.6676164103,1500.09000540032,
155.05679,61852.6523459899,11305.1099096792,759068.222377006,5201.0818250196,800.025600819226,8402.82334864514,154954.519842228,163157.91592687,1363076.50775707,11805.5722300926,1900.14441097523,
155.18298,67079.5047547236,10104.0820491479,748668.278876617,6601.74286011507,300.003600043201,8302.75651516303,161030.595813205,141192.939548504,1227994.71243627,12105.8592358702,1100.04840212969,
155.30926,62355.1395872932,9503.61137232148,651022.962795756,4700.88376614804,500.010000200004,8402.82334864514,132397.469871282,134216.717270223,1173844.58180478,10104.0820491479,2900.33643902693,
155.43549,62857.6469786224,10804.6676164103,664189.216934259,5001.00020004001,300.003600043201,7902.49718911176,135429.695197725,139473.800645984,1124721.5104687,9803.84310649775,1900.14441097523,
155.56177,61149.2040579013,9203.38684635946,620004.099200656,4700.88376614804,400.006400102402,6801.85010322808,118054.85783181,117348.251028807,1061429.91768758,8102.62525058119,1900.14441097523,
155.68801,54418.1963224123,9903.92195309342,582252.056813065,4800.92177698118,700.019600548815,6301.58800017604,113008.538422903,118963.410713137,968845.695196387,9103.31360615264,1200.05760276493,
155.81429,51807.1371596461,9403.53572943427,552861.716089308,4200.70571856072,300.003600043201,5201.0818250196,105241.170988785,107964.246258913,913180.480119408,7202.07419736884,1900.14441097523,
155.9406,47690.8032894631,7702.37233067785,491163.743000126,5001.00020004001,300.003600043201,3500.49006860961,100401.606425703,104031.1048987,875524.238121064,8102.62525058119,2100.17641481884,
156.06675,52409.640968907,7302.132222609,526874.693677504,3900.60849492521,600.014400345608,5101.04061228491,104131.939284151,111797.723464866,930704.858791754,7302.132222609,1900.14441097523,
156.19294,51907.5524486736,8402.82334864514,517182.249839752,5001.00020004001,0,5801.34591225164,94959.3260899243,101712.13758148,919950.89724502,8703.02865397158,1200.05760276493,
156.31928,46687.0246138803,6801.85010322808,489812.231847175,4900.9605882753,300.003600043201,3900.60849492521,85390.6698401358,98688.0413787011,851977.779708059,8402.82334864514,2200.1936170383,
156.44551,49297.0165285281,8002.56081946223,483056.825178076,3300.43565750679,200.0016000128,3300.43565750679,83276.4779066501,100502.411656272,837015.96934283,7202.07419736884,1700.11560786133,
156.57174,52911.7496151873,7502.25067520256,446639.415012296,3300.43565750679,500.010000200004,5101.04061228491,74923.872531123,85088.6206010789,773195.87628866,7602.31110257518,1500.09000540032,
156.69789,51003.8438260298,7802.43435952017,425624.961861563,4000.64010241639,300.003600043201,5201.0818250196,69291.5217661617,82672.4885221691,702817.851326677,8202.69048247825,2200.1936170383,
156.82409,45984.4274087224,8002.56081946223,385246.500897622,2400.23042212052,300.003600043201,4300.73972723308,68286.0110942207,80961.3432159009,664294.601464302,7402.19104855037,3100.38444767151,
156.95041,53213.0244639615,7802.43435952017,372982.847863595,4300.73972723308,500.010000200004,12406.1534521122,64666.8404483568,70196.5503409547,618953.926873258,11104.9305891816,2000.16001280102,
157.07664,46285.535669918,6001.44034568296,338830.846073698,2700.2916314962,700.019600548815,4000.64010241639,56427.0737701303,61752.1573156257,540853.105359084,5401.16665199683,1900.14441097523,
157.2029,48092.3372875922,8002.56081946223,303438.838551915,2800.31363512713,400.006400102402,4100.67251029169,51405.4840532773,62757.1438882963,513328.162632159,6001.44034568296,1200.05760276493,
157.32914,43174.4327220127,7402.19104855037,259975.669591435,2100.17641481884,200.0016000128,5201.0818250196,48092.3372875922,50200.6020064209,429866.462685231,5901.39272868397,1200.05760276493,
157.45534,37556.3345017526,6401.6388195378,223887.222991271,3300.43565750679,600.014400345608,4200.70571856072,42672.714305176,40264.7457111035,365877.415846165,5801.34591225164,2300.21161946899,
157.58157,123831.260080109,6401.6388195378,212185.755316746,2500.2500250025,400.006400102402,3800.57768780855,46185.1654450807,41067.3504547458,368451.387958712,6101.48876325823,1200.05760276493,
157.70785,40465.3920735909,5501.21026625858,181609.769658779,3400.46246289495,300.003600043201,3300.43565750679,41870.0066511207,39462.1924152464,324354.330261996,5101.04061228491,1200.05760276493,
157.83414,37656.6355799122,4700.88376614804,178566.39285815,2400.23042212052,400.006400102402,3500.49006860961,38559.381447429,35349.9140786791,301697.440277873,5701.29989637637,1100.04840212969,
157.96029,37656.6355799122,6201.53798141939,159004.911037759,2100.17641481884,200.0016000128,3600.51847466035,34647.952766629,31940.756405173,260077.760623378,2100.17641481884,500.010000200004,
158.0866,33043.6175751993,5701.29989637637,131589.000004021,1900.14441097523,100.0004000016,3300.43565750679,35450.1974796312,28432.2990917683,240593.33567566,4000.64010241639,800.025600819226,
158.21283,32041.0124959949,6901.90492575951,118559.601318222,2100.17641481884,400.006400102402,3900.60849492521,34447.3996218797,25526.0365572884,197447.196229656,4200.70571856072,1300.06760351538,
158.3392,29033.6790677186,6101.48876325823,107560.790426186,1400.07840439065,300.003600043201,2300.21161946899,35650.7666917691,23121.3641404658,182218.53330701,3900.60849492521,1900.14441097523,
158.46536,31238.986254846,5001.00020004001,94354.7739500522,1100.04840212969,300.003600043201,3000.36004320518,30036.0432519023,21318.1630749398,164171.051942875,3600.51847466035,2000.16001280102,
158.59166,31038.4877247787,4800.92177698118,89922.281456741,2600.27042812453,500.010000200004,4000.64010241639,37255.4360889003,22820.8125810739,154752.034516345,2800.31363512713,900.032401166442,
158.71798,31940.756405173,4300.73972723308,73012.6127282647,1500.09000540032,400.006400102402,3400.46246289495,32141.2693898966,16110.3750815525,113815.81326572,2300.21161946899,500.010000200004,
158.8442,23421.922919853,4500.81014582625,53715.1653144341,2300.21161946899,200.0016000128,2500.2500250025,30136.2840860396,10304.2453490838,88512.2712931221,1900.14441097523,1300.06760351538,
158.9705,18713.9980705568,3200.40965243551,37957.5436361524,1800.12960933187,400.006400102402,2300.21161946899,26327.6967369673,7702.37233067785,58938.6236428079,1600.10240655402,400.006400102402,
159.09674,17512.2585810067,3500.49006860961,26027.0681508769,1400.07840439065,400.006400102402,2400.23042212052,26928.9755777216,5401.16665199683,31138.7365883159,1300.06760351538,1000.04000160006,
159.22296,17612.3991289868,4000.64010241639,13407.186251831,1500.09000540032,400.006400102402,3100.38444767151,22019.3770518056,2600.27042812453,16611.0297237366,900.032401166442,300.003600043201,
159.34915,10304.2453490838,2400.23042212052,4700.88376614804,2000.16001280102,100.0004000016,2100.17641481884,21318.1630749398,2200.1936170383,6901.90492575951,600.014400345608,500.010000200004,
159.47541,9303.46088745013,2100.17641481884,3000.36004320518,1400.07840439065,400.006400102402,1700.11560786133,16611.0297237366,1600.10240655402,3800.57768780855,300.003600043201,10804.6676164103,
159.60163,5001.00020004001,1900.14441097523,3200.40965243551,1200.05760276493,0,1500.09000540032,13106.8679988314,1200.05760276493,2000.16001280102,100.0004000016,200.0016000128,
159.72785,4200.70571856072,400.006400102402,1700.11560786133,2000.16001280102,300.003600043201,1000.04000160006,10104.0820491479,2000.16001280102,2100.17641481884,300.003600043201,0,
159.85415,3500.49006860961,500.010000200004,1100.04840212969,1400.07840439065,200.0016000128,1500.09000540032,9203.38684635946,700.019600548815,1900.14441097523,300.003600043201,0,
159.98046,3700.5476810568,700.019600548815,800.025600819226,1300.06760351538,100.0004000016,1300.06760351538,4800.92177698118,700.019600548815,1000.04000160006,0,0,
160.10678,2900.33643902693,1000.04000160006,1500.09000540032,1000.04000160006,200.0016000128,1200.05760276493,7702.37233067785,500.010000200004,700.019600548815,0,300.003600043201,
160.23309,1900.14441097523,1000.04000160006,500.010000200004,500.010000200004,400.006400102402,600.014400345608,4400.77453631839,600.014400345608,300.003600043201,0,300.003600043201,
160.35937,1400.07840439065,200.0016000128,600.014400345608,1700.11560786133,0,1500.09000540032,3800.57768780855,500.010000200004,600.014400345608,0,0,
160.48554,1400.07840439065,800.025600819226,200.0016000128,2000.16001280102,0,1400.07840439065,2600.27042812453,1600.10240655402,400.006400102402,0,100.0004000016,
160.61183,1600.10240655402,500.010000200004,1000.04000160006,1500.09000540032,400.006400102402,500.010000200004,3000.36004320518,1100.04840212969,500.010000200004,100.0004000016,0,
160.7381,1600.10240655402,800.025600819226,2000.16001280102,1100.04840212969,100.0004000016,500.010000200004,2800.31363512713,1200.05760276493,1400.07840439065,0,100.0004000016,
160.86445,1400.07840439065,500.010000200004,500.010000200004,1500.09000540032,100.0004000016,1100.04840212969,2700.2916314962,1500.09000540032,1700.11560786133,0,0,
160.99069,1100.04840212969,700.019600548815,1000.04000160006,1700.11560786133,300.003600043201,800.025600819226,5501.21026625858,500.010000200004,500.010000200004,1000.04000160006,100.0004000016,
161.11698,1800.12960933187,1300.06760351538,700.019600548815,1700.11560786133,0,600.014400345608,1700.11560786133,1200.05760276493,400.006400102402,0,100.0004000016,
161.24318,900.032401166442,400.006400102402,300.003600043201,900.032401166442,100.0004000016,1100.04840212969,2400.23042212052,200.0016000128,1500.09000540032,0,0,
161.36944,1300.06760351538,400.006400102402,1200.05760276493,3800.57768780855,200.0016000128,1300.06760351538,1800.12960933187,1300.06760351538,700.019600548815,0,0,
161.49575,1200.05760276493,900.032401166442,1300.06760351538,1400.07840439065,100.0004000016,1500.09000540032,1600.10240655402,900.032401166442,400.006400102402,0,0,
161.62199,1000.04000160006,500.010000200004,900.032401166442,1200.05760276493,0,1000.04000160006,2300.21161946899,800.025600819226,1000.04000160006,100.0004000016,0,
161.74828,900.032401166442,800.025600819226,0,1000.04000160006,100.0004000016,1200.05760276493,2300.21161946899,1700.11560786133,200.0016000128,200.0016000128,0,
161.87454,900.032401166442,800.025600819226,200.0016000128,800.025600819226,200.0016000128,1300.06760351538,1300.06760351538,900.032401166442,300.003600043201,0,0,
162.00074,800.025600819226,600.014400345608,300.003600043201,900.032401166442,100.0004000016,400.006400102402,2200.1936170383,1600.10240655402,0,0,0,
162.12706,5401.16665199683,500.010000200004,200.0016000128,1100.04840212969,300.003600043201,1300.06760351538,1000.04000160006,400.006400102402,200.0016000128,100.0004000016,0,
162.25324,1100.04840212969,400.006400102402,400.006400102402,1100.04840212969,200.0016000128,900.032401166442,10004.0016006403,1200.05760276493,700.019600548815,0,100.0004000016,
162.37944,700.019600548815,400.006400102402,300.003600043201,1300.06760351538,200.0016000128,800.025600819226,2100.17641481884,1300.06760351538,200.0016000128,100.0004000016,0,
162.50574,1100.04840212969,100.0004000016,600.014400345608,1900.14441097523,100.0004000016,100.0004000016,1300.06760351538,1300.06760351538,300.003600043201,0,0,
162.63197,400.006400102402,300.003600043201,300.003600043201,1900.14441097523,0,1300.06760351538,3300.43565750679,1000.04000160006,0,0,100.0004000016,
162.75819,700.019600548815,500.010000200004,0,2200.1936170383,400.006400102402,700.019600548815,2300.21161946899,1500.09000540032,200.0016000128,100.0004000016,0,
162.88439,1300.06760351538,1000.04000160006,200.0016000128,800.025600819226,100.0004000016,1100.04840212969,2100.17641481884,1000.04000160006,600.014400345608,0,0,
163.01056,1200.05760276493,500.010000200004,1300.06760351538,2000.16001280102,100.0004000016,400.006400102402,1800.12960933187,1200.05760276493,0,200.0016000128,0,
163.13679,1100.04840212969,800.025600819226,300.003600043201,1600.10240655402,200.0016000128,600.014400345608,2300.21161946899,700.019600548815,1300.06760351538,0,0,
163.26302,800.025600819226,400.006400102402,2000.16001280102,700.019600548815,500.010000200004,1000.04000160006,1900.14441097523,1500.09000540032,0,100.0004000016,0,
163.38925,4200.70571856072,600.014400345608,500.010000200004,1700.11560786133,100.0004000016,700.019600548815,1100.04840212969,900.032401166442,400.006400102402,0,0,
163.51553,700.019600548815,800.025600819226,600.014400345608,2400.23042212052,300.003600043201,400.006400102402,7602.31110257518,1200.05760276493,100.0004000016,0,0,
163.64177,1200.05760276493,800.025600819226,100.0004000016,2400.23042212052,100.0004000016,700.019600548815,1400.07840439065,700.019600548815,900.032401166442,0,100.0004000016,
163.76803,800.025600819226,300.003600043201,1100.04840212969,1000.04000160006,400.006400102402,800.025600819226,1600.10240655402,1100.04840212969,400.006400102402,0,100.0004000016,
163.89419,900.032401166442,700.019600548815,1100.04840212969,800.025600819226,400.006400102402,500.010000200004,1400.07840439065,600.014400345608,1100.04840212969,0,0,
164.02046,700.019600548815,700.019600548815,200.0016000128,700.019600548815,0,800.025600819226,1300.06760351538,700.019600548815,0,400.006400102402,100.0004000016,
164.14667,700.019600548815,600.014400345608,100.0004000016,1600.10240655402,200.0016000128,2800.31363512713,2600.27042812453,900.032401166442,200.0016000128,100.0004000016,0,
164.27298,2500.2500250025,300.003600043201,1300.06760351538,600.014400345608,300.003600043201,700.019600548815,400.006400102402,500.010000200004,0,400.006400102402,0,
164.39926,800.025600819226,600.014400345608,0,1100.04840212969,0,1600.10240655402,1800.12960933187,1100.04840212969,100.0004000016,100.0004000016,0,
164.52555,74920.0604754757,700.019600548815,800.025600819226,2000.16001280102,100.0004000016,700.019600548815,7402.19104855037,1500.09000540032,200.0016000128,0,200.0016000128,
164.65175,1100.04840212969,300.003600043201,800.025600819226,2100.17641481884,0,300.003600043201,900.032401166442,1200.05760276493,400.006400102402,0,100.0004000016,
164.77788,1800.12960933187,700.019600548815,200.0016000128,1300.06760351538,0,600.014400345608,1000.04000160006,500.010000200004,700.019600548815,0,0,
164.90416,339304.923203224,300.003600043201,300.003600043201,1300.06760351538,100.0004000016,500.010000200004,900.032401166442,1300.06760351538,200.0016000128,0,0,
165.03039,10204.1632986258,600.014400345608,300.003600043201,900.032401166442,100.0004000016,1400.07840439065,1300.06760351538,900.032401166442,100.0004000016,0,100.0004000016,
165.15665,7702.37233067785,4900.9605882753,100.0004000016,1000.04000160006,300.003600043201,1300.06760351538,1400.07840439065,700.019600548815,400.006400102402,100.0004000016,0,
165.28294,2000.16001280102,500.010000200004,400.006400102402,1000.04000160006,100.0004000016,200.0016000128,1500.09000540032,1300.06760351538,300.003600043201,3600.51847466035,0,
165.40913,18613.8487034354,600.014400345608,100.0004000016,1200.05760276493,300.003600043201,1400.07840439065,1900.14441097523,400.006400102402,700.019600548815,0,100.0004000016,
165.53547,800.025600819226,700.019600548815,100.0004000016,1300.06760351538,0,1000.04000160006,1300.06760351538,800.025600819226,0,100.0004000016,0,
165.66161,1000.04000160006,900.032401166442,100.0004000016,2000.16001280102,0,1400.07840439065,900.032401166442,1400.07840439065,0,0,0,
165.78785,1000.04000160006,600.014400345608,700.019600548815,2100.17641481884,100.0004000016,1400.07840439065,1300.06760351538,1100.04840212969,200.0016000128,0,0,
165.91418,1100.04840212969,100.0004000016,200.0016000128,700.019600548815,0,900.032401166442,1600.10240655402,1400.07840439065,0,100.0004000016,0,
166.04046,2000.16001280102,1000.04000160006,100.0004000016,1400.07840439065,300.003600043201,1300.06760351538,1000.04000160006,1100.04840212969,2600.27042812453,0,0,
166.16674,2900.33643902693,600.014400345608,100.0004000016,1500.09000540032,100.0004000016,100.0004000016,300.003600043201,700.019600548815,100.0004000016,0,0,
166.29298,200.0016000128,500.010000200004,400.006400102402,1100.04840212969,0,100.0004000016,300.003600043201,800.025600819226,0,0,0,
166.4193,200.0016000128,500.010000200004,100.0004000016,1100.04840212969,300.003600043201,200.0016000128,100.0004000016,700.019600548815,0,0,0,
166.54558,0,400.006400102402,0,1200.05760276493,100.0004000016,200.0016000128,200.0016000128,500.010000200004,0,0,0,
166.67191,0,100.0004000016,0,600.014400345608,200.0016000128,100.0004000016,0,900.032401166442,0,0,0,
166.79822,100.0004000016,200.0016000128,200.0016000128,1400.07840439065,300.003600043201,100.0004000016,100.0004000016,1200.05760276493,0,0,0,
166.92445,0,300.003600043201,0,1000.04000160006,0,0,100.0004000016,500.010000200004,0,0,100.0004000016,
167.05073,0,300.003600043201,0,1400.07840439065,100.0004000016,100.0004000016,0,1100.04840212969,0,0,0,
167.17696,0,500.010000200004,100.0004000016,1200.05760276493,0,0,200.0016000128,1000.04000160006,0,0,0,
167.3032,0,900.032401166442,0,1700.11560786133,200.0016000128,100.0004000016,0,1100.04840212969,0,0,0,
167.42946,0,500.010000200004,100.0004000016,800.025600819226,0,0,0,800.025600819226,0,0,0,
167.55571,100.0004000016,400.006400102402,200.0016000128,1500.09000540032,200.0016000128,0,0,1400.07840439065,0,0,0,
167.68196,0,100.0004000016,500.010000200004,1100.04840212969,0,0,200.0016000128,800.025600819226,0,0,0,
167.80817,0,200.0016000128,0,900.032401166442,100.0004000016,0,0,1100.04840212969,0,0,0,
167.93437,0,300.003600043201,0,1600.10240655402,200.0016000128,200.0016000128,200.0016000128,1300.06760351538,0,0,0,
168.06069,0,0,400.006400102402,1300.06760351538,100.0004000016,0,0,800.025600819226,0,0,0,
168.18685,0,400.006400102402,300.003600043201,1600.10240655402,0,0,100.0004000016,700.019600548815,0,0,0,
168.31313,0,400.006400102402,500.010000200004,1200.05760276493,0,0,0,600.014400345608,0,0,0,
168.43936,0,500.010000200004,300.003600043201,700.019600548815,0,0,0,1200.05760276493,0,0,0,
168.56559,0,200.0016000128,100.0004000016,1100.04840212969,300.003600043201,100.0004000016,0,800.025600819226,0,0,0,
168.69185,0,500.010000200004,200.0016000128,200.0016000128,300.003600043201,0,400.006400102402,500.010000200004,0,0,0,
168.8181,0,300.003600043201,200.0016000128,1400.07840439065,500.010000200004,0,100.0004000016,1000.04000160006,0,0,0,
168.9443,0,300.003600043201,100.0004000016,1300.06760351538,0,200.0016000128,0,800.025600819226,0,0,0,
169.07053,0,300.003600043201,0,1100.04840212969,0,0,0,1200.05760276493,0,0,0,
169.19682,0,400.006400102402,300.003600043201,1900.14441097523,0,200.0016000128,0,1100.04840212969,0,0,0,
169.32311,0,200.0016000128,0,1600.10240655402,200.0016000128,100.0004000016,0,800.025600819226,100.0004000016,0,0,
169.44926,0,600.014400345608,200.0016000128,1400.07840439065,0,200.0016000128,100.0004000016,1100.04840212969,0,0,0,
169.57556,100.0004000016,400.006400102402,0,1300.06760351538,300.003600043201,100.0004000016,100.0004000016,1100.04840212969,0,0,0,
169.7018,0,300.003600043201,0,900.032401166442,200.0016000128,100.0004000016,200.0016000128,800.025600819226,0,0,0,
169.82817,0,500.010000200004,0,1300.06760351538,100.0004000016,100.0004000016,100.0004000016,1000.04000160006,0,0,0,
169.95432,0,200.0016000128,100.0004000016,1200.05760276493,400.006400102402,100.0004000016,100.0004000016,800.025600819226,0,0,0,
170.08062,0,600.014400345608,300.003600043201,1200.05760276493,100.0004000016,100.0004000016,100.0004000016,600.014400345608,0,0,0,
170.20687,0,400.006400102402,100.0004000016,1200.05760276493,400.006400102402,0,200.0016000128,400.006400102402,0,0,0,
170.33317,100.0004000016,600.014400345608,100.0004000016,1100.04840212969,100.0004000016,0,0,700.019600548815,0,0,0,
170.45932,0,500.010000200004,200.0016000128,1000.04000160006,0,0,100.0004000016,1300.06760351538,0,0,0,
170.58554,100.0004000016,300.003600043201,400.006400102402,1100.04840212969,100.0004000016,0,300.003600043201,1400.07840439065,0,0,0,
170.7118,0,300.003600043201,200.0016000128,300.003600043201,100.0004000016,100.0004000016,100.0004000016,800.025600819226,0,0,0,
170.83803,100.0004000016,300.003600043201,100.0004000016,1300.06760351538,300.003600043201,0,0,800.025600819226,0,0,0,
170.96424,0,700.019600548815,200.0016000128,1900.14441097523,0,0,0,800.025600819226,0,0,0,
171.09045,100.0004000016,300.003600043201,200.0016000128,800.025600819226,100.0004000016,0,100.0004000016,1300.06760351538,0,0,200.0016000128,
171.21684,0,200.0016000128,400.006400102402,900.032401166442,200.0016000128,0,100.0004000016,600.014400345608,0,0,0,
171.34313,0,400.006400102402,300.003600043201,800.025600819226,100.0004000016,100.0004000016,100.0004000016,600.014400345608,100.0004000016,0,0,
171.46945,0,600.014400345608,100.0004000016,1600.10240655402,0,100.0004000016,0,1200.05760276493,0,0,0,
171.59568,0,400.006400102402,200.0016000128,1400.07840439065,0,100.0004000016,100.0004000016,1600.10240655402,0,0,0,
171.72192,0,700.019600548815,0,1500.09000540032,200.0016000128,0,100.0004000016,600.014400345608,0,0,0,
171.84811,0,100.0004000016,100.0004000016,1200.05760276493,100.0004000016,0,0,1000.04000160006,0,0,0,
171.97436,0,200.0016000128,100.0004000016,900.032401166442,100.0004000016,100.0004000016,0,800.025600819226,0,0,0,
172.10051,100.0004000016,200.0016000128,300.003600043201,1200.05760276493,0,0,200.0016000128,600.014400345608,0,0,0,
172.22682,0,200.0016000128,200.0016000128,1700.11560786133,300.003600043201,0,100.0004000016,1000.04000160006,0,0,0,
172.35313,0,400.006400102402,100.0004000016,700.019600548815,100.0004000016,0,100.0004000016,1300.06760351538,0,0,0,
172.47943,0,200.0016000128,100.0004000016,1300.06760351538,200.0016000128,0,0,1200.05760276493,0,0,0,
172.60566,0,500.010000200004,0,1400.07840439065,100.0004000016,0,200.0016000128,1200.05760276493,0,0,0,
172.73196,0,600.014400345608,100.0004000016,1000.04000160006,0,100.0004000016,0,1600.10240655402,0,0,0,
172.8582,0,300.003600043201,300.003600043201,1200.05760276493,0,0,0,1100.04840212969,0,0,0,
172.98441,0,700.019600548815,100.0004000016,1300.06760351538,200.0016000128,0,200.0016000128,800.025600819226,0,0,0,
173.11072,100.0004000016,600.014400345608,200.0016000128,1400.07840439065,0,100.0004000016,100.0004000016,1000.04000160006,0,0,0,
173.23695,0,500.010000200004,100.0004000016,1700.11560786133,500.010000200004,100.0004000016,200.0016000128,600.014400345608,0,0,0,
173.36322,0,300.003600043201,100.0004000016,800.025600819226,0,0,200.0016000128,800.025600819226,0,0,0,
173.48947,0,400.006400102402,100.0004000016,1500.09000540032,100.0004000016,0,0,1000.04000160006,0,0,0,
173.61562,0,400.006400102402,0,1000.04000160006,200.0016000128,0,0,500.010000200004,0,0,0,
173.74185,0,600.014400345608,0,1600.10240655402,300.003600043201,0,100.0004000016,1500.09000540032,0,0,0,
173.86806,0,400.006400102402,200.0016000128,700.019600548815,0,0,0,1200.05760276493,0,0,100.0004000016,
173.99424,0,300.003600043201,200.0016000128,1400.07840439065,400.006400102402,0,200.0016000128,800.025600819226,0,0,0,
174.12052,0,200.0016000128,0,600.014400345608,100.0004000016,0,100.0004000016,900.032401166442,0,0,0,
174.24678,0,600.014400345608,100.0004000016,900.032401166442,0,100.0004000016,200.0016000128,1100.04840212969,0,0,0,
174.37307,200.0016000128,500.010000200004,100.0004000016,800.025600819226,300.003600043201,400.006400102402,0,1200.05760276493,0,0,0,
174.49935,0,200.0016000128,0,1000.04000160006,0,0,300.003600043201,1100.04840212969,0,0,0,
174.62559,0,400.006400102402,200.0016000128,1000.04000160006,100.0004000016,0,0,1500.09000540032,0,0,0,
174.75175,0,400.006400102402,100.0004000016,800.025600819226,400.006400102402,200.0016000128,100.0004000016,1100.04840212969,0,0,100.0004000016,
174.87802,0,300.003600043201,100.0004000016,1700.11560786133,100.0004000016,0,0,700.019600548815,0,0,0,
175.00435,0,700.019600548815,100.0004000016,1300.06760351538,0,0,100.0004000016,1000.04000160006,0,0,0,
175.13066,0,700.019600548815,0,1000.04000160006,0,0,100.0004000016,900.032401166442,0,0,0,
175.25689,0,1300.06760351538,300.003600043201,1400.07840439065,300.003600043201,0,0,1300.06760351538,0,0,0,
175.38316,0,400.006400102402,200.0016000128,1400.07840439065,200.0016000128,0,0,1000.04000160006,0,0,100.0004000016,
175.50943,0,700.019600548815,200.0016000128,600.014400345608,0,0,100.0004000016,600.014400345608,0,0,0,
175.63564,0,500.010000200004,0,1000.04000160006,0,200.0016000128,0,300.003600043201,0,0,0,
175.76195,0,600.014400345608,200.0016000128,900.032401166442,100.0004000016,0,300.003600043201,800.025600819226,0,0,0,
175.88832,0,200.0016000128,200.0016000128,1400.07840439065,100.0004000016,0,200.0016000128,1100.04840212969,0,0,0,
176.01458,0,500.010000200004,300.003600043201,800.025600819226,300.003600043201,100.0004000016,0,500.010000200004,0,0,0,
176.14073,0,400.006400102402,100.0004000016,1500.09000540032,100.0004000016,0,0,600.014400345608,0,0,0,
176.26694,100.0004000016,700.019600548815,200.0016000128,700.019600548815,200.0016000128,100.0004000016,100.0004000016,1700.11560786133,0,0,0,
176.3932,0,400.006400102402,0,1200.05760276493,0,0,100.0004000016,1400.07840439065,0,0,0,
176.51946,0,400.006400102402,200.0016000128,1300.06760351538,200.0016000128,0,0,1100.04840212969,0,0,0,
176.64571,0,400.006400102402,500.010000200004,1100.04840212969,0,0,100.0004000016,1300.06760351538,0,0,0,
176.77193,0,300.003600043201,200.0016000128,1100.04840212969,100.0004000016,0,100.0004000016,900.032401166442,0,0,0,
176.89814,0,500.010000200004,200.0016000128,1300.06760351538,0,0,0,700.019600548815,0,0,0,

