- 31:03/07/2023 09:07:57 PM;
Software:Name=Qtegra;Version=2.10.3324.83;File Version=1;
Configuration:Machine=iCAP RQ;
STDS:Additional Gas Flow 1=0;Additional Gas Flow 2=0;Additional Gas Flow 3=0;CCT Entry Lens=-108.333333333333;Angular Deflection=-370;Deflection Entry Lens=-35;Extraction Lens 1 Polarity=0;Extraction Lens 1 Negative=0;Extraction Lens 1 Positive=0;Spray Chamber Temperature=2.7;Peristaltic Pump Speed=0;Cool Flow=14;Sampling Depth=5;Plasma Power=1550;Auxilliary Flow=0.8;Nebulizer Flow=1.105;Torch Horizontal Position=-0.723333333333333;Torch Vertical Position=0.3;Extraction Lens 2=-130;CCT Focus Lens=-1.08;CCT Bias=-2;CCT Exit Lens=-160;Focus Lens=18.8;D1 Lens=-200;D2 Lens=-80;Quad Entry Lens=-29.4;Pole Bias=-1;CCT1 Flow=0;CCT2 Flow=0;CCT1 Shut-Off Valve=0;CCT2 Shut-Off Valve=0;Virtual CCT Mass to Dac Factor=130;Virtual CCT Mass to Dac Offset=35;Virtual CCT Mass parameter b=0.65;Virtual CCT Mass Maximum Dac Limit Set=4095;
RF Generator:RF Plasma Lit Readback=1;RF FET Temperature Ok Readback=1;Plasma Power Readback=1548.6077186126;
Ion Optics:Pole Bias Readback=-0.793743890518083;Torch Horizontal Position Readback=-0.72316715542522;Torch Vertical Position Readback=0.300879765395894;Sampling Depth Readback=5;Extraction Lens 1 Negative Readback=-200.39100684262;Extraction Lens 1 Positive Readback=0.00977517106549364;Extraction Lens 2 Readback=-137.82991202346;Angular Deflection Readback=-369.560117302053;Quad Entry Lens Readback=-29.8142717497556;Focus Lens Readback=18.3040078201369;D2 Lens Readback=-80.9384164222874;Deflection Exit Lens Readback=34.6578690127077;Deflection Entry Lens Readback=-35.425219941349;D1 Lens Readback=-200.58651026393;CCT Exit Lens Readback=-162.267839687195;CCT Bias Readback=-2.15542521994134;CCT Entry Lens Readback=-109.481915933529;CCT Focus Lens Readback=-1.47116324535679;
Vacuum:Analyzer Vacuum Ok Readback=1;Interface Pressure Readback=2.02512396424301;Analyzer Pressure Readback=2.29716701101472E-07;
Detector:Detector Voltage (Counting) Readback=1618.76832844575;Detector Voltage (Analog) Readback=-1978.49462365591;
Cooling System:Plasma Cooling Water Flow Readback=0.909803921568627;Interface Temperature Readback=31.2178705615847;Exhaust Flow Readback=0.550695014662757;Quad Board Temperature Readback=0;Inlet Fan Speed Readback=0;Outlet Fan Speed Readback=2423.52941176471;Peltier Temperature Hot Side Readback=20.7862437909878;Spray Chamber Temperature Readback=2.6293915694153;
Power Supply:Supply Voltage 500 V Readback=-539.467253176931;Supply Voltage 1 kV Readback=-1169.35483870968;
Gas Supply:Nebulizer Supply Pressure Readback=0.0564456989247311;Nebulizer Flow Readback=1.10263929618768;Cool Flow Readback=13.9393939393939;Auxilliary Flow Readback=0.797653958944281;CCT2 Flow Readback=0;CCT1 Flow Readback=0;Additional Gas Flow 1 Readback=0;
Pulse Counting:Threshold=2500000;

Time,24Mg,26Mg,43Ca,55Mn,59Co,63Cu,66Zn,86Sr,88Sr,138Ba,208Pb,
,dwell time=0.01;xcal factor=66096.21568,dwell time=0.01;xcal factor=66420.50783,dwell time=0.01;xcal factor=69176.99106,dwell time=0.01;xcal factor=80139.50903,dwell time=0.01;xcal factor=85118.72235,dwell time=0.01;xcal factor=86639.08057,dwell time=0.01;xcal factor=86821.65425,dwell time=0.01;xcal factor=85302.89892,dwell time=0.01;xcal factor=82608.9753,dwell time=0.01;xcal factor=93538.82005,dwell time=0.01;xcal factor=107923.33534,
0.01244,0,500.010000200004,200.0016000128,1200.05760276493,200.0016000128,100.0004000016,0,1600.10240655402,0,0,100.0004000016,
0.13858,0,500.010000200004,200.0016000128,1100.04840212969,100.0004000016,100.0004000016,100.0004000016,1000.04000160006,0,0,0,
0.2649,0,500.010000200004,0,1000.04000160006,100.0004000016,200.0016000128,100.0004000016,1100.04840212969,0,0,0,
0.39121,0,300.003600043201,0,800.025600819226,0,100.0004000016,0,1700.11560786133,0,0,0,
0.5175,0,700.019600548815,700.019600548815,1800.12960933187,0,200.0016000128,0,800.025600819226,0,0,0,
0.64379,0,300.003600043201,600.014400345608,1300.06760351538,100.0004000016,100.0004000016,100.0004000016,1100.04840212969,0,0,0,
0.77008,0,400.006400102402,100.0004000016,1500.09000540032,100.0004000016,0,0,1100.04840212969,0,0,0,
0.89635,0,300.003600043201,200.0016000128,1500.09000540032,300.003600043201,200.0016000128,0,700.019600548815,0,0,0,
1.02264,100.0004000016,900.032401166442,300.003600043201,1000.04000160006,100.0004000016,0,0,1300.06760351538,0,0,0,
1.14888,0,500.010000200004,500.010000200004,1400.07840439065,0,300.003600043201,0,1500.09000540032,0,0,0,
1.27519,0,500.010000200004,300.003600043201,1700.11560786133,200.0016000128,100.0004000016,200.0016000128,600.014400345608,0,0,0,
1.40143,0,300.003600043201,0,1800.12960933187,100.0004000016,0,0,1300.06760351538,0,0,0,
1.5277,0,200.0016000128,100.0004000016,800.025600819226,200.0016000128,0,0,1100.04840212969,0,0,0,
1.65394,0,500.010000200004,100.0004000016,1100.04840212969,200.0016000128,200.0016000128,0,600.014400345608,0,0,0,
1.78009,0,700.019600548815,100.0004000016,1200.05760276493,100.0004000016,200.0016000128,100.0004000016,1000.04000160006,0,0,0,
1.90632,100.0004000016,200.0016000128,200.0016000128,1600.10240655402,200.0016000128,0,0,800.025600819226,0,0,0,
2.03252,0,100.0004000016,100.0004000016,600.014400345608,300.003600043201,0,0,1000.04000160006,0,0,0,
2.15872,0,200.0016000128,100.0004000016,1800.12960933187,100.0004000016,0,0,1200.05760276493,0,0,0,
2.28499,200.0016000128,800.025600819226,0,1000.04000160006,200.0016000128,100.0004000016,0,1200.05760276493,0,0,0,
2.41123,0,300.003600043201,200.0016000128,1200.05760276493,100.0004000016,0,0,1300.06760351538,0,0,0,
2.53751,100.0004000016,200.0016000128,0,700.019600548815,0,100.0004000016,0,1400.07840439065,0,0,0,
2.66377,0,700.019600548815,200.0016000128,1300.06760351538,0,0,100.0004000016,1100.04840212969,0,0,0,
2.79002,0,600.014400345608,100.0004000016,1400.07840439065,100.0004000016,0,0,1100.04840212969,0,0,0,
2.91629,0,300.003600043201,0,1200.05760276493,400.006400102402,0,0,1500.09000540032,0,0,0,
3.04249,100.0004000016,400.006400102402,100.0004000016,1500.09000540032,200.0016000128,200.0016000128,0,1200.05760276493,0,0,0,
3.16882,100.0004000016,400.006400102402,0,1100.04840212969,200.0016000128,0,100.0004000016,1400.07840439065,0,0,100.0004000016,
3.29512,100.0004000016,100.0004000016,200.0016000128,1400.07840439065,400.006400102402,300.003600043201,0,900.032401166442,0,0,0,
3.42136,0,600.014400345608,0,1300.06760351538,100.0004000016,0,200.0016000128,800.025600819226,0,0,0,
3.54763,0,200.0016000128,0,1000.04000160006,100.0004000016,100.0004000016,100.0004000016,1100.04840212969,100.0004000016,0,0,
3.67386,0,400.006400102402,0,1700.11560786133,200.0016000128,100.0004000016,0,1400.07840439065,0,0,0,
3.80011,0,400.006400102402,300.003600043201,1700.11560786133,0,0,100.0004000016,1400.07840439065,0,0,0,
3.92641,0,900.032401166442,100.0004000016,700.019600548815,300.003600043201,0,100.0004000016,1700.11560786133,0,0,0,
4.0526,100.0004000016,500.010000200004,0,1200.05760276493,100.0004000016,0,0,1300.06760351538,0,0,0,
4.17892,0,500.010000200004,200.0016000128,1100.04840212969,200.0016000128,100.0004000016,0,800.025600819226,0,0,0,
4.30516,0,400.006400102402,0,1700.11560786133,100.0004000016,100.0004000016,0,900.032401166442,0,0,0,
4.43132,0,300.003600043201,0,1400.07840439065,200.0016000128,0,0,700.019600548815,0,0,0,
4.5576,300.003600043201,1000.04000160006,200.0016000128,2000.16001280102,0,0,0,1300.06760351538,0,0,0,
4.68396,0,500.010000200004,100.0004000016,1200.05760276493,200.0016000128,0,200.0016000128,400.006400102402,0,0,0,
4.81017,0,300.003600043201,100.0004000016,800.025600819226,0,0,0,1300.06760351538,0,0,0,
4.93647,0,300.003600043201,0,900.032401166442,100.0004000016,0,0,1200.05760276493,0,0,0,
5.06269,0,500.010000200004,0,1000.04000160006,200.0016000128,0,100.0004000016,800.025600819226,0,0,0,
5.1889,0,700.019600548815,100.0004000016,700.019600548815,200.0016000128,0,0,1400.07840439065,0,0,100.0004000016,
5.31517,0,300.003600043201,200.0016000128,700.019600548815,100.0004000016,0,0,1900.14441097523,0,0,0,
5.44145,100.0004000016,500.010000200004,200.0016000128,1700.11560786133,100.0004000016,100.0004000016,100.0004000016,1100.04840212969,0,0,0,
5.56772,0,500.010000200004,0,900.032401166442,200.0016000128,0,100.0004000016,1100.04840212969,0,0,0,
5.69404,0,300.003600043201,0,1000.04000160006,0,0,0,1100.04840212969,0,0,0,
5.82036,0,500.010000200004,300.003600043201,1700.11560786133,400.006400102402,0,200.0016000128,1400.07840439065,0,0,0,
5.94659,0,800.025600819226,100.0004000016,1100.04840212969,100.0004000016,100.0004000016,100.0004000016,800.025600819226,0,0,0,
6.07286,0,300.003600043201,100.0004000016,1100.04840212969,100.0004000016,100.0004000016,0,1300.06760351538,0,0,0,
6.19902,0,900.032401166442,200.0016000128,1700.11560786133,200.0016000128,100.0004000016,0,1500.09000540032,0,0,0,
6.32534,0,500.010000200004,100.0004000016,1200.05760276493,100.0004000016,100.0004000016,0,1000.04000160006,300.003600043201,0,0,
6.45165,0,700.019600548815,300.003600043201,700.019600548815,100.0004000016,0,0,700.019600548815,0,0,0,
6.57789,0,100.0004000016,300.003600043201,1000.04000160006,100.0004000016,100.0004000016,100.0004000016,1000.04000160006,0,0,0,
6.70416,0,400.006400102402,500.010000200004,1100.04840212969,0,0,0,800.025600819226,0,0,0,
6.83042,0,400.006400102402,200.0016000128,1400.07840439065,200.0016000128,0,200.0016000128,1000.04000160006,0,0,0,
6.95667,0,400.006400102402,200.0016000128,1500.09000540032,0,0,100.0004000016,1300.06760351538,0,0,0,
7.08295,0,400.006400102402,200.0016000128,700.019600548815,0,100.0004000016,200.0016000128,800.025600819226,0,0,0,
7.20925,100.0004000016,300.003600043201,300.003600043201,1500.09000540032,100.0004000016,200.0016000128,0,1000.04000160006,0,0,0,
7.33549,0,500.010000200004,400.006400102402,1100.04840212969,100.0004000016,0,0,600.014400345608,0,0,0,
7.46171,100.0004000016,1000.04000160006,0,1600.10240655402,100.0004000016,0,100.0004000016,1600.10240655402,0,0,0,
7.58792,0,600.014400345608,0,1800.12960933187,200.0016000128,0,0,900.032401166442,0,0,0,
7.71414,0,600.014400345608,0,1300.06760351538,0,100.0004000016,500.010000200004,900.032401166442,0,0,0,
7.8403,0,100.0004000016,0,900.032401166442,100.0004000016,0,300.003600043201,500.010000200004,0,0,0,
7.96654,0,500.010000200004,100.0004000016,1400.07840439065,300.003600043201,200.0016000128,0,2200.1936170383,0,0,0,
8.09282,0,300.003600043201,200.0016000128,1200.05760276493,100.0004000016,0,0,400.006400102402,0,0,0,
8.21905,0,300.003600043201,100.0004000016,1600.10240655402,0,0,0,700.019600548815,0,0,0,
8.34532,0,300.003600043201,100.0004000016,1300.06760351538,100.0004000016,0,100.0004000016,900.032401166442,0,0,0,
8.47161,100.0004000016,700.019600548815,100.0004000016,1300.06760351538,0,0,0,1300.06760351538,0,0,0,
8.5978,0,300.003600043201,0,1300.06760351538,0,100.0004000016,0,1000.04000160006,0,0,0,
8.72412,0,300.003600043201,300.003600043201,2000.16001280102,0,0,0,900.032401166442,0,0,0,
8.85039,0,800.025600819226,300.003600043201,900.032401166442,200.0016000128,100.0004000016,0,1300.06760351538,0,0,0,
8.97662,0,100.0004000016,400.006400102402,1300.06760351538,100.0004000016,0,200.0016000128,700.019600548815,0,0,0,
9.10286,100.0004000016,500.010000200004,0,1100.04840212969,400.006400102402,100.0004000016,200.0016000128,900.032401166442,0,0,0,
9.22914,0,200.0016000128,200.0016000128,1600.10240655402,300.003600043201,100.0004000016,100.0004000016,1100.04840212969,0,0,0,
9.35542,0,500.010000200004,400.006400102402,1200.05760276493,400.006400102402,200.0016000128,0,500.010000200004,0,0,0,
9.48166,0,600.014400345608,100.0004000016,1700.11560786133,0,0,100.0004000016,1100.04840212969,0,0,0,
9.60797,0,300.003600043201,0,1700.11560786133,100.0004000016,0,0,800.025600819226,0,0,0,
9.73426,0,300.003600043201,100.0004000016,1600.10240655402,0,0,0,700.019600548815,0,0,0,
9.8605,100.0004000016,300.003600043201,100.0004000016,1600.10240655402,0,0,0,1000.04000160006,0,0,0,
9.98675,0,500.010000200004,0,1300.06760351538,100.0004000016,100.0004000016,100.0004000016,1700.11560786133,0,0,0,
10.11304,0,200.0016000128,200.0016000128,1300.06760351538,200.0016000128,0,0,1200.05760276493,0,0,0,
10.2394,0,600.014400345608,0,1300.06760351538,200.0016000128,0,0,1100.04840212969,0,0,0,
10.36567,0,1000.04000160006,100.0004000016,1700.11560786133,200.0016000128,100.0004000016,0,1100.04840212969,0,0,0,
10.4918,0,800.025600819226,300.003600043201,1100.04840212969,300.003600043201,0,0,1000.04000160006,0,0,0,
10.61807,0,200.0016000128,200.0016000128,1100.04840212969,200.0016000128,0,0,900.032401166442,0,0,0,
10.7443,100.0004000016,300.003600043201,0,1200.05760276493,100.0004000016,0,0,800.025600819226,0,0,0,
10.87056,0,500.010000200004,0,1100.04840212969,400.006400102402,0,100.0004000016,900.032401166442,0,0,0,
10.99685,0,500.010000200004,0,1100.04840212969,100.0004000016,100.0004000016,0,600.014400345608,0,0,0,
11.12315,0,300.003600043201,100.0004000016,700.019600548815,0,0,0,900.032401166442,0,0,0,
11.24936,0,400.006400102402,100.0004000016,700.019600548815,200.0016000128,200.0016000128,0,1400.07840439065,0,0,0,
11.37552,0,300.003600043201,200.0016000128,1700.11560786133,300.003600043201,0,0,1000.04000160006,0,0,0,
11.50184,0,200.0016000128,400.006400102402,900.032401166442,100.0004000016,0,100.0004000016,1400.07840439065,0,0,0,
11.6281,0,400.006400102402,100.0004000016,1600.10240655402,100.0004000016,200.0016000128,0,1000.04000160006,0,0,0,
11.75439,0,600.014400345608,200.0016000128,1100.04840212969,300.003600043201,0,100.0004000016,700.019600548815,0,0,0,
11.88067,0,400.006400102402,200.0016000128,900.032401166442,100.0004000016,100.0004000016,0,1100.04840212969,0,0,0,
12.00689,100.0004000016,300.003600043201,200.0016000128,1700.11560786133,0,0,0,1500.09000540032,0,0,0,
12.13312,0,300.003600043201,300.003600043201,1100.04840212969,300.003600043201,0,100.0004000016,900.032401166442,0,0,0,
12.25941,0,700.019600548815,0,800.025600819226,200.0016000128,100.0004000016,0,1400.07840439065,0,0,0,
12.38567,0,700.019600548815,100.0004000016,1500.09000540032,200.0016000128,100.0004000016,100.0004000016,1200.05760276493,0,0,0,
12.51191,100.0004000016,700.019600548815,100.0004000016,1200.05760276493,200.0016000128,100.0004000016,0,900.032401166442,0,0,0,
12.63819,0,500.010000200004,300.003600043201,1100.04840212969,100.0004000016,100.0004000016,100.0004000016,900.032401166442,0,0,0,
12.7645,0,400.006400102402,100.0004000016,700.019600548815,200.0016000128,200.0016000128,0,1400.07840439065,0,0,0,
12.89076,100.0004000016,400.006400102402,100.0004000016,1600.10240655402,200.0016000128,100.0004000016,0,600.014400345608,0,0,0,
13.01694,0,400.006400102402,100.0004000016,600.014400345608,200.0016000128,100.0004000016,300.003600043201,500.010000200004,0,0,0,
13.1432,0,600.014400345608,100.0004000016,1300.06760351538,400.006400102402,0,100.0004000016,1200.05760276493,0,0,0,
13.26948,0,400.006400102402,200.0016000128,1400.07840439065,100.0004000016,400.006400102402,0,800.025600819226,0,0,100.0004000016,
13.3958,0,400.006400102402,100.0004000016,1200.05760276493,500.010000200004,100.0004000016,0,1000.04000160006,0,0,0,
13.52216,0,400.006400102402,100.0004000016,1200.05760276493,400.006400102402,100.0004000016,0,800.025600819226,0,0,0,
13.64839,0,200.0016000128,100.0004000016,2600.27042812453,200.0016000128,100.0004000016,100.0004000016,700.019600548815,0,0,0,
13.77473,0,100.0004000016,200.0016000128,1100.04840212969,0,0,100.0004000016,500.010000200004,100.0004000016,0,0,
13.90098,0,500.010000200004,100.0004000016,1100.04840212969,100.0004000016,100.0004000016,0,1100.04840212969,0,0,0,
14.0273,0,500.010000200004,0,900.032401166442,200.0016000128,0,0,1000.04000160006,0,0,0,
14.15353,0,100.0004000016,0,1300.06760351538,300.003600043201,0,100.0004000016,1000.04000160006,0,0,100.0004000016,
14.2798,0,400.006400102402,100.0004000016,1300.06760351538,0,100.0004000016,0,600.014400345608,0,0,0,
14.40609,0,300.003600043201,400.006400102402,1100.04840212969,100.0004000016,100.0004000016,0,1000.04000160006,0,0,0,
14.53238,100.0004000016,300.003600043201,100.0004000016,1700.11560786133,400.006400102402,0,400.006400102402,1500.09000540032,0,0,0,
14.65867,0,300.003600043201,200.0016000128,1300.06760351538,0,0,0,1100.04840212969,0,0,0,
14.7849,0,300.003600043201,0,1200.05760276493,0,0,0,1300.06760351538,0,0,0,
14.9111,0,400.006400102402,0,1800.12960933187,500.010000200004,100.0004000016,100.0004000016,900.032401166442,0,0,0,
15.03739,0,300.003600043201,0,800.025600819226,100.0004000016,100.0004000016,100.0004000016,1300.06760351538,0,0,0,
15.16367,100.0004000016,200.0016000128,200.0016000128,1400.07840439065,100.0004000016,0,300.003600043201,1000.04000160006,0,0,0,
15.28996,0,800.025600819226,200.0016000128,2200.1936170383,0,0,0,1300.06760351538,0,0,0,
15.41616,0,600.014400345608,0,1400.07840439065,0,0,200.0016000128,1100.04840212969,0,0,0,
15.54234,0,200.0016000128,100.0004000016,1100.04840212969,200.0016000128,100.0004000016,0,1300.06760351538,0,0,0,
15.66863,0,200.0016000128,600.014400345608,1700.11560786133,0,0,100.0004000016,600.014400345608,0,0,0,
15.79488,0,600.014400345608,400.006400102402,2200.1936170383,0,200.0016000128,200.0016000128,1400.07840439065,0,0,0,
15.92107,0,500.010000200004,300.003600043201,900.032401166442,0,0,0,900.032401166442,0,0,0,
16.04735,0,700.019600548815,0,1500.09000540032,100.0004000016,0,0,1100.04840212969,0,0,0,
16.17355,0,300.003600043201,300.003600043201,1000.04000160006,0,0,100.0004000016,1100.04840212969,0,0,0,
16.29986,0,1000.04000160006,0,800.025600819226,200.0016000128,0,0,800.025600819226,0,0,0,
16.42602,0,600.014400345608,200.0016000128,900.032401166442,200.0016000128,0,0,900.032401166442,0,0,0,
16.55222,0,200.0016000128,200.0016000128,1300.06760351538,0,0,0,200.0016000128,0,0,0,
16.67853,0,100.0004000016,100.0004000016,1000.04000160006,100.0004000016,0,0,1000.04000160006,0,0,0,
16.80476,0,700.019600548815,0,1300.06760351538,100.0004000016,100.0004000016,100.0004000016,1300.06760351538,0,0,0,
16.93103,100.0004000016,300.003600043201,100.0004000016,1300.06760351538,200.0016000128,0,0,600.014400345608,0,0,0,
17.05727,0,400.006400102402,100.0004000016,1300.06760351538,100.0004000016,0,0,1100.04840212969,0,0,0,
17.18346,0,500.010000200004,0,2000.16001280102,200.0016000128,100.0004000016,100.0004000016,700.019600548815,0,0,0,
17.30969,100.0004000016,300.003600043201,0,1100.04840212969,200.0016000128,0,100.0004000016,1400.07840439065,0,0,0,
17.43598,0,500.010000200004,200.0016000128,1900.14441097523,100.0004000016,100.0004000016,0,1200.05760276493,0,0,0,
17.56227,0,500.010000200004,0,800.025600819226,0,0,100.0004000016,600.014400345608,0,0,0,
17.68843,100.0004000016,600.014400345608,200.0016000128,1200.05760276493,100.0004000016,0,0,1500.09000540032,0,0,0,
17.81472,0,200.0016000128,100.0004000016,1500.09000540032,200.0016000128,200.0016000128,0,1100.04840212969,0,0,0,
17.94096,0,0,0,1400.07840439065,500.010000200004,0,0,600.014400345608,0,0,0,
18.06733,0,600.014400345608,0,600.014400345608,0,0,0,900.032401166442,0,0,0,
18.19347,0,100.0004000016,0,1200.05760276493,100.0004000016,0,100.0004000016,1700.11560786133,0,0,0,
18.31979,0,300.003600043201,200.0016000128,1700.11560786133,200.0016000128,100.0004000016,100.0004000016,900.032401166442,0,0,0,
18.44602,100.0004000016,200.0016000128,0,1700.11560786133,100.0004000016,0,0,500.010000200004,0,0,0,
18.57232,0,300.003600043201,100.0004000016,1400.07840439065,200.0016000128,0,100.0004000016,700.019600548815,0,0,0,
18.69863,0,600.014400345608,300.003600043201,1100.04840212969,0,100.0004000016,0,1400.07840439065,0,0,0,
18.82486,200.0016000128,600.014400345608,100.0004000016,1800.12960933187,200.0016000128,100.0004000016,0,1100.04840212969,0,0,0,
18.95115,100.0004000016,200.0016000128,300.003600043201,1300.06760351538,0,0,0,1300.06760351538,0,0,0,
19.0774,0,400.006400102402,0,1400.07840439065,0,0,100.0004000016,800.025600819226,0,0,0,
19.20361,0,400.006400102402,0,1000.04000160006,0,100.0004000016,300.003600043201,1000.04000160006,0,0,0,
19.32992,0,700.019600548815,200.0016000128,1300.06760351538,0,100.0004000016,0,1200.05760276493,0,0,0,
19.4561,0,700.019600548815,100.0004000016,800.025600819226,300.003600043201,100.0004000016,0,700.019600548815,0,0,0,
19.58243,0,300.003600043201,200.0016000128,1700.11560786133,0,0,100.0004000016,1100.04840212969,0,0,0,
19.70866,100.0004000016,400.006400102402,200.0016000128,2800.31363512713,300.003600043201,0,0,1300.06760351538,0,0,0,
19.83492,0,100.0004000016,500.010000200004,1400.07840439065,100.0004000016,0,0,400.006400102402,0,0,0,
19.96121,0,600.014400345608,100.0004000016,900.032401166442,200.0016000128,100.0004000016,100.0004000016,800.025600819226,0,0,0,
20.08742,100.0004000016,800.025600819226,0,1100.04840212969,400.006400102402,0,100.0004000016,800.025600819226,0,0,0,
20.21365,0,300.003600043201,100.0004000016,1000.04000160006,200.0016000128,0,0,900.032401166442,0,0,0,
20.33995,0,300.003600043201,0,1500.09000540032,200.0016000128,100.0004000016,100.0004000016,1700.11560786133,0,0,0,
20.46622,0,200.0016000128,100.0004000016,1000.04000160006,100.0004000016,100.0004000016,0,900.032401166442,0,0,0,
20.59256,0,400.006400102402,200.0016000128,1800.12960933187,100.0004000016,100.0004000016,100.0004000016,1200.05760276493,0,0,0,
20.71879,0,300.003600043201,300.003600043201,1100.04840212969,100.0004000016,0,0,5201.0818250196,144935.407689925,1400.07840439065,0,
20.84508,11905.6670975384,3600.51847466035,335646.646776495,5301.12383825371,300.003600043201,500.010000200004,4500.81014582625,272028.110582308,2284427.29845498,4500.81014582625,100.0004000016,
20.97129,46084.7960246854,6801.85010322808,780318.685987469,7902.49718911176,300.003600043201,600.014400345608,5801.34591225164,381947.546682478,3113821.41046569,6301.58800017604,100.0004000016,
21.09756,49899.3996040112,7702.37233067785,920165.88906169,7802.43435952017,400.006400102402,100.0004000016,4600.84655576626,421384.875699597,3409561.54203923,5801.34591225164,100.0004000016,
21.22385,50903.435781508,9103.31360615264,924789.075916078,7001.96054895371,300.003600043201,900.032401166442,6101.48876325823,440631.741767412,3559083.787332,7001.96054895371,100.0004000016,
21.35009,57532.0936871056,7602.31110257518,987742.10180542,7202.07419736884,100.0004000016,200.0016000128,6401.6388195378,432453.438264245,3331083.01550435,5801.34591225164,0,
21.47638,45181.5074394207,7902.49718911176,909420.665353923,9503.61137232148,300.003600043201,100.0004000016,4400.77453631839,440735.298307886,3533475.00498904,7102.01697282028,0,
21.60268,48092.3372875922,11605.3848985929,962804.647549734,6601.74286011507,200.0016000128,200.0016000128,3600.51847466035,436697.217835805,3455822.56820716,3500.49006860961,0,
21.729,52610.4820122257,6101.48876325823,955365.077783038,6501.69043951427,300.003600043201,100.0004000016,5901.39272868397,470283.311055326,3760649.68706368,5601.25468104855,100.0004000016,
21.85523,48192.7227986646,8002.56081946223,1001040.04160166,8703.02865397158,0,200.0016000128,5101.04061228491,440528.186069988,3569822.95412098,4800.92177698118,0,
21.98149,45683.3263873305,5601.25468104855,938345.590066236,7502.25067520256,300.003600043201,300.003600043201,4300.73972723308,439803.319792574,3400474.55475624,5401.16665199683,0,
22.10769,43776.5213593361,7402.19104855037,965716.944603701,8002.56081946223,0,600.014400345608,4000.64010241639,461048.669303752,3609475.26226492,6101.48876325823,0,
22.2339,41970.3422936842,7602.31110257518,888922.026709083,7602.31110257518,700.019600548815,400.006400102402,3800.57768780855,416732.750171817,3322822.11797436,5801.34591225164,0,
22.36017,45081.1460629132,21217.9928579435,891281.473441759,5701.29989637637,200.0016000128,8803.09869073914,3400.46246289495,431004.667097976,3641692.76263187,5001.00020004001,0,
22.48636,44077.5765347011,8402.82334864514,988714.660545805,8502.8909829342,300.003600043201,200.0016000128,4100.67251029169,462604.600379698,3645823.21139686,5101.04061228491,0,
22.61263,43174.4327220127,7702.37233067785,931027.61550717,8502.8909829342,300.003600043201,200.0016000128,4700.88376614804,449333.431058774,3711910.39163676,4400.77453631839,0,
22.7389,43977.2240053534,9703.76506084361,949330.299683626,7902.49718911176,100.0004000016,300.003600043201,2900.33643902693,449333.431058774,3599562.18522893,5301.12383825371,0,
22.86513,44579.3512452165,7102.01697282028,913932.574020557,8502.8909829342,300.003600043201,200.0016000128,2700.2916314962,443842.386591706,3747432.2510157,6501.69043951427,0,
22.99147,45181.5074394207,8803.09869073914,918123.610788574,7802.43435952017,500.010000200004,200.0016000128,2900.33643902693,436904.26770205,3593779.55695794,4600.84655576626,100.0004000016,
23.11771,40967.0220480706,7102.01697282028,914362.361565476,8102.62525058119,200.0016000128,200.0016000128,3800.57768780855,436490.171340198,3539257.63326003,5301.12383825371,0,
23.24391,40967.0220480706,7001.96054895371,929521.486238684,9103.31360615264,300.003600043201,0,4000.64010241639,440838.855691421,3364952.6953773,4700.88376614804,0,
23.37015,35951.6265357053,6801.85010322808,917801.175216776,9003.24116682005,200.0016000128,400.006400102402,3900.60849492521,464783.223393376,3803606.35421961,4700.88376614804,0,
23.49646,42973.74294289,6101.48876325823,931995.933863038,8903.16952835209,400.006400102402,400.006400102402,3800.57768780855,421074.681016355,3621866.6085599,6001.44034568296,0,
23.62281,39462.1924152464,6601.74286011507,889243.744123142,7402.19104855037,300.003600043201,200.0016000128,3400.46246289495,438664.327666277,3682997.2502818,4800.92177698118,100.0004000016,
23.74912,42973.74294289,5601.25468104855,930274.529002493,7702.37233067785,600.014400345608,400.006400102402,2100.17641481884,458352.172513941,3876302.2524835,5401.16665199683,0,
23.87543,40465.3920735909,6001.44034568296,940714.054471349,8703.02865397158,100.0004000016,400.006400102402,3500.49006860961,431729.032048048,3814345.5210086,5301.12383825371,0,
24.00176,37556.3345017526,6801.85010322808,904158.757263526,9403.53572943427,100.0004000016,0,2800.31363512713,487837.20408621,3849041.29063454,5601.25468104855,0,
24.12795,46185.1654450807,5501.21026625858,925219.223653755,9003.24116682005,600.014400345608,400.006400102402,3800.57768780855,465717.033101358,3722649.55842574,5401.16665199683,0,
24.25426,41067.3504547458,7302.132222609,918338.572293503,8102.62525058119,300.003600043201,100.0004000016,3900.60849492521,448608.06293339,3543388.08202502,5801.34591225164,0,
24.3805,37857.2401471024,6701.7960813498,876702.687036807,7102.01697282028,200.0016000128,200.0016000128,3300.43565750679,447364.67091468,3599562.18522893,4800.92177698118,0,
24.50677,40164.423735672,5001.00020004001,882167.807552624,8903.16952835209,400.006400102402,300.003600043201,3900.60849492521,456589.387249711,3804432.44397261,5401.16665199683,0,
24.63295,40866.6944453348,5301.12383825371,886777.448267864,8402.82334864514,400.006400102402,400.006400102402,3600.51847466035,456382.016797139,3814345.5210086,5901.39272868397,0,
24.75916,38659.6905622281,6101.48876325823,889779.957582184,9103.31360615264,0,300.003600043201,2200.1936170383,451613.428678471,3627649.23683089,6201.53798141939,0,
24.88542,39060.9350586916,5701.29989637637,853261.026932893,7402.19104855037,900.032401166442,700.019600548815,4000.64010241639,467896.188780271,3756519.23829869,4800.92177698118,100.0004000016,
25.01166,39161.2481921726,7202.07419736884,898040.450667341,7802.43435952017,100.0004000016,0,3700.5476810568,448711.684419688,3709432.12237776,4700.88376614804,0,
25.13791,39963.7821963854,6101.48876325823,837977.2791163,8602.95941803981,200.0016000128,400.006400102402,3600.51847466035,424797.516912575,3599562.18522893,3400.46246289495,0,
25.26423,39763.1438724695,8002.56081946223,867063.984769473,7602.31110257518,600.014400345608,300.003600043201,3700.5476810568,450162.473837233,3630127.50608988,4800.92177698118,0,
25.39046,36553.3679171591,4500.81014582625,845884.094649695,8102.62525058119,100.0004000016,300.003600043201,3400.46246289495,461152.39212619,3645823.21139686,4300.73972723308,100.0004000016,
25.51676,35751.0525029742,5301.12383825371,834452.826289139,8502.8909829342,600.014400345608,500.010000200004,3400.46246289495,455137.865026677,3639214.49337287,4800.92177698118,0,
25.64306,38258.4589252378,5601.25468104855,851870.848189542,6801.85010322808,500.010000200004,300.003600043201,2900.33643902693,474228.23278146,3850693.47014054,5201.0818250196,0,
25.76937,41368.3404985035,5301.12383825371,864387.841668563,8202.69048247825,100.0004000016,200.0016000128,2700.2916314962,461048.669303752,3868041.35495351,4700.88376614804,0,
25.89569,38057.8479288519,5001.00020004001,889458.226841362,7902.49718911176,500.010000200004,300.003600043201,3600.51847466035,438974.951767704,3725953.91743773,5201.0818250196,0,
26.02197,37656.6355799122,5601.25468104855,827300.076035571,7802.43435952017,300.003600043201,100.0004000016,2200.1936170383,462708.335879604,3706127.76336577,4300.73972723308,0,
26.14813,37957.5436361524,5601.25468104855,841716.386128994,7702.37233067785,500.010000200004,0,3500.49006860961,474332.063013308,3639214.49337287,4500.81014582625,0,
26.27444,37857.2401471024,6101.48876325823,871454.058506741,8302.75651516303,100.0004000016,300.003600043201,3700.5476810568,459389.219068879,3648301.48065586,5401.16665199683,0,
26.40077,35450.1974796312,6301.58800017604,859893.167609346,7602.31110257518,0,300.003600043201,3100.38444767151,448193.585426532,3659040.64744484,4700.88376614804,0,
26.527,38860.311202987,5701.29989637637,839365.963973722,6001.44034568296,500.010000200004,2300.21161946899,2000.16001280102,453790.171171648,3773041.03335866,5201.0818250196,0,
26.65323,33845.7594667991,6201.53798141939,857646.416337068,8302.75651516303,400.006400102402,500.010000200004,3200.40965243551,462397.131915587,3679692.89126981,5301.12383825371,0,
26.77951,37255.4360889003,6101.48876325823,871668.246563208,8903.16952835209,0,400.006400102402,3700.5476810568,464990.730743374,3853171.73939954,4900.9605882753,0,
26.90578,37155.1382251261,5501.21026625858,850266.981557386,9303.46088745013,600.014400345608,200.0016000128,4200.70571856072,455656.246818043,3600388.27498193,4700.88376614804,0,
27.03204,36653.6609596449,4800.92177698118,842250.632618295,6301.58800017604,200.0016000128,500.010000200004,3900.60849492521,461256.115793719,3535127.18449503,6001.44034568296,0,
27.15835,35349.9140786791,6301.58800017604,834986.772486773,7302.132222609,400.006400102402,1700.11560786133,4500.81014582625,452442.620013357,3909345.84260345,5201.0818250196,0,
27.28458,34046.302972042,5501.21026625858,885169.247590608,6701.7960813498,600.014400345608,500.010000200004,2800.31363512713,452649.926289126,3451692.11944216,4300.73972723308,0,
27.41088,35450.1974796312,6001.44034568296,843960.369837411,7302.132222609,200.0016000128,200.0016000128,4400.77453631839,431418.584873799,3520257.56894106,5301.12383825371,0,
27.53713,33645.2191745706,5801.34591225164,827300.076035571,8002.56081946223,1000.04000160006,2400.23042212052,3600.51847466035,446432.206633172,3649127.57040885,3700.5476810568,0,
27.66334,37656.6355799122,4800.92177698118,861605.2401819,6601.74286011507,500.010000200004,200.0016000128,3600.51847466035,469037.800127141,3783780.20014764,4800.92177698118,0,
27.78966,38459.0731363374,5501.21026625858,863745.649717982,8002.56081946223,100.0004000016,0,4200.70571856072,473709.094317936,4010954.88222229,5201.0818250196,0,
27.91585,38659.6905622281,5401.16665199683,875417.111723841,6501.69043951427,600.014400345608,300.003600043201,4200.70571856072,465924.555670548,3753214.87928669,4900.9605882753,0,
28.04211,34347.1242544771,7402.19104855037,874560.132477748,7302.132222609,300.003600043201,200.0016000128,6101.48876325823,474124.403396006,3605344.81349992,4300.73972723308,0,
28.16833,33043.6175751993,5801.34591225164,853474.913856222,7902.49718911176,100.0004000016,500.010000200004,4400.77453631839,435454.989418851,3670605.90398682,5601.25468104855,0,
28.29456,32241.5270868879,4500.81014582625,831783.426327754,7302.132222609,300.003600043201,600.014400345608,4600.84655576626,431211.624301659,3579736.03115696,4400.77453631839,0,
28.42085,33645.2191745706,6201.53798141939,880988.860822394,7001.96054895371,200.0016000128,300.003600043201,4700.88376614804,463019.547450846,3716866.93015475,4300.73972723308,0,
28.54712,34347.1242544771,6801.85010322808,873381.878697306,7702.37233067785,300.003600043201,200.0016000128,4800.92177698118,458352.172513941,3746606.1612627,5801.34591225164,0,
28.67347,38158.1530252104,5801.34591225164,890852.451138783,7602.31110257518,300.003600043201,500.010000200004,4700.88376614804,455759.92570991,3665649.36546883,4400.77453631839,0,
28.7997,34647.952766629,5701.29989637637,905769.318450296,7302.132222609,300.003600043201,300.003600043201,6101.48876325823,451095.211529143,3735040.90472072,5201.0818250196,0,
28.92596,35149.3496869605,5401.16665199683,860642.171466402,8903.16952835209,100.0004000016,200.0016000128,6601.74286011507,469868.127210785,3685475.5195408,6301.58800017604,0,
29.05221,35149.3496869605,6201.53798141939,904373.487184588,6301.58800017604,500.010000200004,500.010000200004,5201.0818250196,455241.539695922,3796997.63619562,5401.16665199683,0,
29.1784,39161.2481921726,5501.21026625858,877024.100825167,9103.31360615264,500.010000200004,400.006400102402,5801.34591225164,444153.137162305,3649953.66016185,5301.12383825371,0,
29.30463,34948.7885087582,3700.5476810568,892568.625663886,6601.74286011507,400.006400102402,1000.04000160006,5301.12383825371,453997.499399286,3505387.95338708,5601.25468104855,100.0004000016,
29.43092,35149.3496869605,4200.70571856072,894285.027717243,8202.69048247825,0,500.010000200004,6501.69043951427,455863.605446333,3592127.37745194,5001.00020004001,0,
29.55707,32943.3534531443,6201.53798141939,914147.466011004,7001.96054895371,0,500.010000200004,5101.04061228491,457833.680917623,3434344.23462919,5801.34591225164,0,
29.68331,35149.3496869605,5201.0818250196,894285.027717243,8302.75651516303,500.010000200004,200.0016000128,6601.74286011507,441563.780982736,3557431.607826,6201.53798141939,0,
29.80959,33645.2191745706,5401.16665199683,872203.732220622,5301.12383825371,300.003600043201,500.010000200004,6201.53798141939,444774.661075602,3563214.23609699,4500.81014582625,0,
29.9359,32642.5659059413,5301.12383825371,884204.423092852,7602.31110257518,200.0016000128,200.0016000128,6901.90492575951,459181.802998888,3569822.95412098,5301.12383825371,0,
30.06216,35951.6265357053,4800.92177698118,899220.951433781,7001.96054895371,300.003600043201,500.010000200004,6601.74286011507,445189.027220245,3689605.96830579,5701.29989637637,0,
30.18837,32742.827618525,5201.0818250196,936085.186553074,8402.82334864514,800.025600819226,400.006400102402,5201.0818250196,466443.376891138,3578083.85165097,6201.53798141939,0,
30.3146,33143.8825004306,5801.34591225164,891710.50996313,7202.07419736884,200.0016000128,200.0016000128,7001.96054895371,439182.0387164,3683823.3400348,5901.39272868397,0,
30.44089,34547.6757925938,3600.51847466035,881631.909360455,8703.02865397158,600.014400345608,600.014400345608,6001.44034568296,442495.888492664,3480605.26079712,4900.9605882753,0,
30.56709,34848.5091247016,5901.39272868397,950084.493475111,7302.132222609,100.0004000016,500.010000200004,6401.6388195378,462915.809415168,3471518.27351413,5501.21026625858,0,
30.69327,37355.7347562563,5201.0818250196,935331.806260997,8803.09869073914,300.003600043201,100.0004000016,7202.07419736884,451302.495856528,3539257.63326003,4900.9605882753,100.0004000016,
30.81955,32843.0901342561,4000.64010241639,859251.198834886,4500.81014582625,300.003600043201,200.0016000128,6501.69043951427,418696.773248957,3386431.02895526,5701.29989637637,0,
30.94587,31940.756405173,4100.67251029169,932749.12036115,6801.85010322808,700.019600548815,700.019600548815,5701.29989637637,453375.524848603,3547518.53079001,7102.01697282028,0,
31.07213,31238.986254846,4400.77453631839,978344.452064759,6401.6388195378,200.0016000128,700.019600548815,6001.44034568296,438871.409557689,3345126.54130533,6401.6388195378,0,
31.19835,30938.239664225,5701.29989637637,919628.416207025,6801.85010322808,0,700.019600548815,6201.53798141939,432970.896542744,3382300.58019027,5501.21026625858,0,
31.32462,30036.0432519023,6101.48876325823,931027.61550717,6901.90492575951,300.003600043201,200.0016000128,7302.132222609,453686.508324374,3491344.4275861,6901.90492575951,0,
31.45085,31038.4877247787,5601.25468104855,934363.238766271,8302.75651516303,400.006400102402,200.0016000128,6501.69043951427,428935.280308239,3428561.6063582,5601.25468104855,0,
31.57709,35249.6314811254,5101.04061228491,928338.221689366,6201.53798141939,700.019600548815,100.0004000016,7602.31110257518,409602.797089076,3402126.73426224,6101.48876325823,200.0016000128,
31.70338,31439.4879969241,5701.29989637637,926939.957355369,5801.34591225164,400.006400102402,500.010000200004,7502.25067520256,412288.97635234,3264169.74551146,5801.34591225164,0,
31.82961,32642.5659059413,4400.77453631839,916833.916634875,6301.58800017604,800.025600819226,400.006400102402,8002.56081946223,424590.664090308,3346778.72081133,4900.9605882753,0,
31.95587,33946.0308177889,4200.70571856072,972514.845889486,7802.43435952017,300.003600043201,400.006400102402,6001.44034568296,442185.178400602,3310430.77167938,5501.21026625858,100.0004000016,
32.0821,29434.6151073663,271228.143709589,932749.12036115,6301.58800017604,300.003600043201,400.006400102402,9503.61137232148,403819.108549503,3240213.14267449,5401.16665199683,0,
32.20831,36352.7842427204,6101.48876325823,901367.592208869,7402.19104855037,100.0004000016,100.0004000016,6401.6388195378,410635.875752155,3169995.5136696,5501.21026625858,0,
32.33451,30236.5257230735,4700.88376614804,942006.126464167,7102.01697282028,200.0016000128,600.014400345608,6901.90492575951,413735.615825641,3233604.4246505,6201.53798141939,0,
32.46083,30336.7681630136,4000.64010241639,918768.506000713,5601.25468104855,400.006400102402,400.006400102402,6501.69043951427,417869.779169547,3383126.66994327,6401.6388195378,0,
32.58706,33244.1482288479,4700.88376614804,969816.84007579,7802.43435952017,300.003600043201,200.0016000128,9103.31360615264,410429.25329929,3179082.50095259,5901.39272868397,0,
32.71333,32742.827618525,4200.70571856072,908776.235226816,7802.43435952017,0,400.006400102402,6901.90492575951,399276.628601617,3174952.05218759,6801.85010322808,100.0004000016,
32.8396,33544.9502333126,3500.49006860961,929521.486238684,6201.53798141939,300.003600043201,500.010000200004,8002.56081946223,398760.540485624,3208821.73206054,7202.07419736884,0,
32.96584,33745.4889190629,5201.0818250196,935439.429337339,6101.48876325823,400.006400102402,400.006400102402,8002.56081946223,413942.292052959,3288952.43810142,6301.58800017604,0,
33.09207,34246.8496903764,5201.0818250196,946098.53705518,5801.34591225164,200.0016000128,600.014400345608,7402.19104855037,413115.607312472,3385604.93920227,6601.74286011507,0,
33.21832,29434.6151073663,4400.77453631839,960000.830720027,7802.43435952017,200.0016000128,700.019600548815,8202.69048247825,423246.202783947,3173299.8726816,6901.90492575951,100.0004000016,
33.34451,30236.5257230735,6601.74286011507,947498.868689049,6401.6388195378,500.010000200004,500.010000200004,8302.75651516303,418076.522644456,3253430.57872247,6301.58800017604,0,
33.47079,35851.3391176164,4300.73972723308,962912.49875378,8102.62525058119,500.010000200004,800.025600819226,9203.38684635946,424280.391167808,3506214.04314008,6601.74286011507,0,
33.59709,30537.255451651,7102.01697282028,964206.783097094,6401.6388195378,300.003600043201,400.006400102402,7902.49718911176,421591.676360767,3428561.6063582,7602.31110257518,0,
33.7233,35951.6265357053,5601.25468104855,970356.396394899,6201.53798141939,300.003600043201,800.025600819226,9503.61137232148,401444.427735939,3248474.04020448,6301.58800017604,0,
33.84947,30737.7459520291,5901.39272868397,960000.830720027,6901.90492575951,400.006400102402,300.003600043201,7502.25067520256,407227.034915628,3364126.6056243,7402.19104855037,0,
33.97566,36352.7842427204,4800.92177698118,960216.487437332,7502.25067520256,500.010000200004,300.003600043201,7502.25067520256,404541.925623631,3269126.28402945,8302.75651516303,100.0004000016,
34.10185,34547.6757925938,4800.92177698118,977156.727460141,6901.90492575951,200.0016000128,300.003600043201,9203.38684635946,408466.507575788,3415344.17031022,6001.44034568296,0,
34.22821,33745.4889190629,4100.67251029169,980828.227234559,5901.39272868397,400.006400102402,500.010000200004,9403.53572943427,397831.634726354,3344300.45155233,6701.7960813498,0,
34.35447,35550.4816839913,5501.21026625858,971487.073887389,6701.7960813498,100.0004000016,200.0016000128,9403.53572943427,420350.92286042,3371561.41340129,6401.6388195378,0,
34.48076,35349.9140786791,5901.39272868397,963451.768214919,6601.74286011507,300.003600043201,200.0016000128,7802.43435952017,415905.883883876,3169169.4239166,7302.132222609,0,
34.6069,37355.7347562563,4800.92177698118,946852.542999124,5101.04061228491,200.0016000128,100.0004000016,8803.09869073914,399070.190838454,3280691.54057143,7402.19104855037,0,
34.73314,33244.1482288479,4800.92177698118,965069.71101916,6701.7960813498,800.025600819226,200.0016000128,9403.53572943427,408053.336585564,3390561.47772026,8202.69048247825,0,
34.85942,34246.8496903764,5801.34591225164,975429.321895832,7802.43435952017,700.019600548815,100.0004000016,9503.61137232148,410532.564105692,3308778.59217339,5601.25468104855,0,
34.98574,33444.6820952793,4200.70571856072,972514.845889486,5901.39272868397,500.010000200004,500.010000200004,8903.16952835209,408673.098110001,3328604.74624535,8602.95941803981,0,
35.112,33444.6820952793,3600.51847466035,961726.184789336,5401.16665199683,0,500.010000200004,9503.61137232148,411669.038422444,3274908.91230044,6801.85010322808,0,
35.23829,32843.0901342561,6301.58800017604,946206.249507022,5801.34591225164,100.0004000016,200.0016000128,10204.1632986258,394942.140163828,3255082.75822847,7802.43435952017,100.0004000016,
35.36457,32141.2693898966,4900.9605882753,979316.307528598,6101.48876325823,300.003600043201,700.019600548815,8602.95941803981,381741.39051332,3279865.45081843,6901.90492575951,0,
35.49081,36152.2037822616,5101.04061228491,934363.238766271,6001.44034568296,300.003600043201,500.010000200004,8502.8909829342,395664.452164726,3365778.7851303,8102.62525058119,0,
35.61702,32041.0124959949,5801.34591225164,932749.12036115,4600.84655576626,200.0016000128,200.0016000128,10404.3282005314,410325.94333294,3378170.13142528,8102.62525058119,0,
35.74331,34146.5759295679,4000.64010241639,963451.768214919,5301.12383825371,400.006400102402,400.006400102402,10404.3282005314,394116.691045019,3154299.80836263,6601.74286011507,0,
35.86952,32141.2693898966,4400.77453631839,951269.743726021,6001.44034568296,500.010000200004,700.019600548815,9603.68781612139,406090.957870604,3103908.33342971,6301.58800017604,0,
35.99576,28432.2990917683,5001.00020004001,917048.856747141,5401.16665199683,500.010000200004,400.006400102402,9803.84310649775,401960.624928874,3200560.83453055,6601.74286011507,0,
36.12203,32742.827618525,5301.12383825371,945775.405065446,5701.29989637637,700.019600548815,700.019600548815,8502.8909829342,402580.089254505,3297213.3356314,8402.82334864514,0,
36.24823,34146.5759295679,4900.9605882753,986445.470042826,5101.04061228491,500.010000200004,200.0016000128,10704.5815609081,402063.866885057,3191473.84724757,8002.56081946223,100.0004000016,
36.37454,30737.7459520291,3700.5476810568,948899.351485107,5401.16665199683,100.0004000016,500.010000200004,10204.1632986258,379370.835245246,3116299.67972469,8502.8909829342,0,
36.50082,29434.6151073663,6501.69043951427,947283.423214723,5001.00020004001,700.019600548815,600.014400345608,12606.3536022155,378855.555736027,3052690.76874379,5901.39272868397,0,
36.62701,31038.4877247787,4400.77453631839,935224.184077847,5301.12383825371,400.006400102402,200.0016000128,14007.84439286,404232.141840974,3319517.75896237,8202.69048247825,0,
36.75323,32542.3049964954,4100.67251029169,954718.36016013,5201.0818250196,300.003600043201,500.010000200004,9703.76506084361,395870.834569266,3079951.73059274,7902.49718911176,0,
36.87946,26027.0681508769,3100.38444767151,918768.506000713,5401.16665199683,200.0016000128,500.010000200004,10604.4963064339,395870.834569266,3217082.62959053,8102.62525058119,0,
37.00572,30837.992406645,6601.74286011507,934040.399010772,5501.21026625858,200.0016000128,600.014400345608,11505.2924345199,379370.835245246,3108038.7821947,7702.37233067785,100.0004000016,
37.13191,28632.7558727184,4500.81014582625,926617.302387323,4400.77453631839,100.0004000016,400.006400102402,11705.4781637807,395767.642947697,3159256.34688062,7902.49718911176,0,
37.25813,30136.2840860396,4000.64010241639,911568.997325926,4500.81014582625,200.0016000128,400.006400102402,11004.8421305374,390815.431115733,3153473.71860963,6201.53798141939,0,
37.38444,31339.2367243789,4600.84655576626,877452.664963585,5001.00020004001,400.006400102402,800.025600819226,12406.1534521122,399999.187200026,3253430.57872247,6901.90492575951,0,
37.51068,27329.8441898553,4500.81014582625,944375.259443753,5501.21026625858,500.010000200004,100.0004000016,13607.4024269202,394735.772853231,3222865.25786152,7102.01697282028,0,
37.63697,30336.7681630136,4600.84655576626,904158.757263526,5601.25468104855,300.003600043201,200.0016000128,13106.8679988314,405368.052648052,3452518.20919516,7402.19104855037,0,
37.76326,28432.2990917683,4300.73972723308,925864.472024955,5201.0818250196,700.019600548815,300.003600043201,13407.186251831,385658.930471726,3152647.62885663,8202.69048247825,200.0016000128,
37.88955,31138.7365883159,4200.70571856072,874881.493042762,5101.04061228491,200.0016000128,500.010000200004,13206.9732818928,400102.41321293,3165865.06490461,6801.85010322808,0,
38.01579,27931.1711870447,5101.04061228491,890745.197784581,5801.34591225164,400.006400102402,300.003600043201,13907.7326993809,373394.879039952,3086560.44861673,8602.95941803981,0,
38.14203,26027.0681508769,4400.77453631839,884740.42782299,5801.34591225164,400.006400102402,100.0004000016,13206.9732818928,369790.059913296,2791646.40679619,7001.96054895371,0,
38.26828,28833.2158646761,3100.38444767151,875524.238121064,6301.58800017604,400.006400102402,400.006400102402,12806.5569571621,386483.82982526,3146038.91083264,6401.6388195378,100.0004000016,
38.39456,24924.8251258253,4300.73972723308,901474.933588618,4700.88376614804,200.0016000128,0,12906.6598364756,387308.782790248,3163386.79564561,6701.7960813498,0,
38.52085,25425.8326459683,3400.46246289495,882060.626138811,4500.81014582625,200.0016000128,200.0016000128,12906.6598364756,369893.040530941,3100603.97441771,6401.6388195378,0,
38.64704,28732.9854673165,3200.40965243551,914577.260684062,4900.9605882753,500.010000200004,200.0016000128,12506.2531265633,393703.986608376,3142734.55182064,8903.16952835209,0,
38.77332,31439.4879969241,3600.51847466035,911354.148096863,6301.58800017604,600.014400345608,200.0016000128,13206.9732818928,370407.956159935,3054342.94824978,5801.34591225164,0,
38.89956,25926.8602271954,4400.77453631839,867278.100141546,5701.29989637637,0,300.003600043201,14708.648685427,385143.395598013,2998994.93479887,6801.85010322808,0,
39.02583,26327.6967369673,3900.60849492521,907165.300150054,5601.25468104855,300.003600043201,300.003600043201,12005.7627661277,377825.059485622,2964299.16517292,6201.53798141939,0,
39.15207,27730.7256440136,4400.77453631839,901582.275858068,5501.21026625858,200.0016000128,400.006400102402,17311.9798900839,384524.781388473,3213778.27057853,9303.46088745013,0,
39.27831,27530.2833116428,4700.88376614804,926402.203536776,5201.0818250196,400.006400102402,300.003600043201,14808.7667899396,389577.679920703,3110517.0514537,8703.02865397158,0,
39.40462,26127.2768770597,4200.70571856072,905017.698308091,4200.70571856072,300.003600043201,500.010000200004,17311.9798900839,403612.596940186,3021299.35812983,6201.53798141939,0,
39.53083,24924.8251258253,3900.60849492521,878738.442555411,5501.21026625858,200.0016000128,300.003600043201,16110.3750815525,375867.347145925,3006429.74257586,7001.96054895371,0,
39.65708,26728.5460872212,2900.33643902693,927692.85017942,4400.77453631839,200.0016000128,500.010000200004,17011.567866149,404954.982419771,3383126.66994327,8202.69048247825,0,
39.78329,27329.8441898553,3400.46246289495,895787.066193775,4800.92177698118,200.0016000128,700.019600548815,16010.246557797,377309.842741886,2970907.88319691,7001.96054895371,0,
39.90953,26728.5460872212,4500.81014582625,887099.112383146,5001.00020004001,300.003600043201,100.0004000016,15709.8657957197,400928.251522024,3053516.85849678,7902.49718911176,0,
40.0358,24524.0335528818,4400.77453631839,890959.705381591,5801.34591225164,100.0004000016,500.010000200004,18012.9693379233,402889.832747373,3061777.75602677,8703.02865397158,100.0004000016,
40.16197,23822.6791905894,4500.81014582625,904158.757263526,6001.44034568296,200.0016000128,200.0016000128,20316.4969955604,403406.088688371,3156778.07762162,7302.132222609,0,
40.28819,24824.6260290208,3900.60849492521,921993.463510128,6701.7960813498,100.0004000016,300.003600043201,18413.5523745477,397522.014572082,3182386.85996458,10104.0820491479,0,
40.41445,23522.1107841371,4900.9605882753,902763.099545355,4900.9605882753,400.006400102402,200.0016000128,19114.6035571176,405471.322303971,3046082.0507198,6401.6388195378,100.0004000016,
40.54062,24123.2548176442,3500.49006860961,911676.423276563,5801.34591225164,200.0016000128,100.0004000016,18814.1482394761,389061.985871495,3083256.08960474,5701.29989637637,0,
40.66695,25025.025025025,3200.40965243551,869633.603205351,4700.88376614804,100.0004000016,700.019600548815,20216.3347985172,367833.587011669,3143560.64157364,6801.85010322808,0,
40.79326,20416.6599945556,2600.27042812453,898684.346835181,5401.16665199683,300.003600043201,400.006400102402,19515.221873061,406607.343932292,3320343.84871537,8002.56081946223,0,
40.9195,24223.4482979524,3500.49006860961,908776.235226816,6101.48876325823,200.0016000128,400.006400102402,18814.1482394761,399586.291538483,3165038.97515161,8002.56081946223,0,
41.04577,24824.6260290208,4000.64010241639,933717.56729281,5701.29989637637,300.003600043201,300.003600043201,20717.1538033492,405264.783831683,3416996.34981622,7302.132222609,0,
41.17193,24524.0335528818,4000.64010241639,955904.033755134,6501.69043951427,600.014400345608,600.014400345608,20116.1734034163,418386.644162922,3497953.14561009,8803.09869073914,0,
41.29824,26427.9078707115,3400.46246289495,900294.227342423,6001.44034568296,100.0004000016,100.0004000016,21418.3340939844,385658.930471726,3231952.24514451,8402.82334864514,0,
41.42456,20316.4969955604,3600.51847466035,908239.234608433,5801.34591225164,300.003600043201,700.019600548815,18814.1482394761,412805.614400319,3245169.68119249,7202.07419736884,0,
41.55084,22019.3770518056,4100.67251029169,943298.327176124,6001.44034568296,700.019600548815,400.006400102402,20516.8237955123,413528.942959843,3270778.46353545,6801.85010322808,0,
41.67713,24624.2302425587,4700.88376614804,912535.862949634,6501.69043951427,100.0004000016,600.014400345608,20316.4969955604,411359.08079999,3235256.6041565,8102.62525058119,0,
41.80338,23021.1794851263,4800.92177698118,936730.975926564,7102.01697282028,200.0016000128,700.019600548815,19214.7569333248,415699.175718044,3242691.41193349,7902.49718911176,0,
41.92969,24824.6260290208,4000.64010241639,905017.698308091,6601.74286011507,100.0004000016,400.006400102402,19415.0660912868,411875.681038268,3263343.65575846,9003.24116682005,0,
42.05597,24123.2548176442,2700.2916314962,991548.401293473,5201.0818250196,500.010000200004,100.0004000016,20817.3200102485,431625.548814479,3547518.53079001,7902.49718911176,0,
42.18225,22319.9093591484,4600.84655576626,934255.62462136,5701.29989637637,100.0004000016,500.010000200004,22019.3770518056,414355.654592476,3203039.10378955,9303.46088745013,0,
42.30852,21919.201220269,2300.21161946899,891817.77131518,5801.34591225164,400.006400102402,300.003600043201,20917.487019148,407123.750985796,3186517.30872958,7602.31110257518,0,
42.43476,21518.505915087,4000.64010241639,929521.486238684,5201.0818250196,400.006400102402,400.006400102402,23722.4889194957,481406.910058375,3261691.47625246,9103.31360615264,0,
42.56103,20516.8237955123,3100.38444767151,906306.21668449,6301.58800017604,800.025600819226,200.0016000128,19815.6940296715,396593.199401859,3202213.01403655,7001.96054895371,0,
42.68719,19915.8530190031,3600.51847466035,886241.359172634,5701.29989637637,200.0016000128,300.003600043201,21819.0261908384,415492.47091451,3295561.15612541,8402.82334864514,0,
42.81335,22219.7311212357,3100.38444767151,945559.988210338,5701.29989637637,500.010000200004,600.014400345608,23421.922919853,403509.342394596,3331083.01550435,7902.49718911176,0,
42.93957,24824.6260290208,2800.31363512713,926079.56195296,5601.25468104855,300.003600043201,200.0016000128,24524.0335528818,413735.615825641,3326952.56673936,7602.31110257518,0,
43.06588,23321.7358578195,3500.49006860961,943621.397468733,6601.74286011507,200.0016000128,300.003600043201,19314.911111378,417249.568923447,3380648.40068427,9903.92195309342,0,
43.19218,22319.9093591484,3000.36004320518,915974.191836261,4000.64010241639,300.003600043201,700.019600548815,23421.922919853,419317.054124843,3136951.92354965,8202.69048247825,0,
43.31849,23021.1794851263,3000.36004320518,932641.519611301,5801.34591225164,100.0004000016,400.006400102402,21919.201220269,414562.34090484,3141082.37231465,7702.37233067785,0,
43.44472,24624.2302425587,4500.81014582625,916511.513151075,5601.25468104855,700.019600548815,500.010000200004,23221.549598027,405884.40932335,3106386.6026887,9203.38684635946,0,
43.571,23822.6791905894,3900.60849492521,927477.733482123,5601.25468104855,800.025600819226,300.003600043201,22920.9956319989,411255.763272807,3170821.6034226,10804.6676164103,0,
43.69723,23221.549598027,2700.2916314962,892890.433716272,4900.9605882753,200.0016000128,200.0016000128,22920.9956319989,408053.336585564,3328604.74624535,8202.69048247825,0,
43.82353,23822.6791905894,3400.46246289495,906091.454720297,5001.00020004001,300.003600043201,300.003600043201,22319.9093591484,423039.375203384,3563214.23609699,9303.46088745013,100.0004000016,
43.94987,25826.6531060054,3400.46246289495,939960.405244438,6501.69043951427,500.010000200004,100.0004000016,24223.4482979524,408776.394636919,3200560.83453055,8903.16952835209,0,
44.07616,24724.4277346018,3700.5476810568,928876.055823833,5501.21026625858,300.003600043201,300.003600043201,24724.4277346018,415285.769473192,3382300.58019027,9903.92195309342,0,
44.20248,21718.8519635043,4200.70571856072,932211.125540946,4700.88376614804,200.0016000128,400.006400102402,24624.2302425587,429659.52737452,3486387.88906811,10004.0016006403,0,
44.32863,23021.1794851263,3500.49006860961,981152.232924148,6001.44034568296,500.010000200004,700.019600548815,22720.6303323418,433695.373509077,3361648.3363653,8102.62525058119,0,
44.45495,25826.6531060054,3500.49006860961,938560.887140284,5401.16665199683,700.019600548815,300.003600043201,27029.191526849,458144.773341045,3323648.20772736,9803.84310649775,0,
44.58115,22319.9093591484,3200.40965243551,964853.973661252,5801.34591225164,400.006400102402,200.0016000128,25425.8326459683,430797.71326267,3181560.77021158,10704.5815609081,0,
44.70739,20817.3200102485,3500.49006860961,914070.171311355,6301.58800017604,400.006400102402,400.006400102402,26928.9755777216,437318.377546784,3204691.28329555,12406.1534521122,0,
44.83363,21418.3340939844,3900.60849492521,930704.858791754,5701.29989637637,100.0004000016,300.003600043201,25526.0365572884,425107.802457082,3551648.97955501,9403.53572943427,0,
44.95984,21217.9928579435,4200.70571856072,939206.799807427,6201.53798141939,200.0016000128,200.0016000128,26427.9078707115,426866.230273837,3478953.08129112,9903.92195309342,0,
45.08605,22920.9956319989,4100.67251029169,983744.569397385,6101.48876325823,100.0004000016,300.003600043201,28432.2990917683,439285.583455103,3332735.19501035,11905.6670975384,0,
45.21234,23622.2994506814,3900.60849492521,955041.714943044,4800.92177698118,300.003600043201,400.006400102402,25425.8326459683,431522.066423067,3577257.76189797,8602.95941803981,0,
45.33856,21117.8234429859,3900.60849492521,991632.77357753,5901.39272868397,500.010000200004,500.010000200004,22520.2682414173,436179.607916553,3364126.6056243,11405.2007715518,100.0004000016,
45.46476,22520.2682414173,3200.40965243551,993362.334994136,6201.53798141939,200.0016000128,300.003600043201,27630.5040765005,424487.238941365,3164212.88539861,10204.1632986258,0,
45.59112,20817.3200102485,3200.40965243551,963343.912530533,4500.81014582625,200.0016000128,100.0004000016,25325.6295370915,407536.891743567,3530996.73573004,14007.84439286,0,
45.7173,22219.7311212357,3700.5476810568,961510.502988689,4900.9605882753,200.0016000128,300.003600043201,25425.8326459683,421384.875699597,3342648.27204633,11004.8421305374,0,
45.8436,23922.8702639724,4200.70571856072,898684.346835181,4900.9605882753,300.003600043201,400.006400102402,25526.0365572884,402889.832747373,3206343.46280155,12205.9565067753,100.0004000016,
45.96981,21017.6548300572,3000.36004320518,897718.514589739,4400.77453631839,600.014400345608,600.014400345608,27630.5040765005,429556.06098211,3387257.11870826,10604.4963064339,0,
46.09601,19314.911111378,3600.51847466035,942759.894568624,3700.5476810568,0,400.006400102402,23622.2994506814,416836.112240748,3250126.21971048,11104.9305891816,0,
46.22224,20116.1734034163,3700.5476810568,939206.799807427,5501.21026625858,200.0016000128,300.003600043201,28732.9854673165,414975.723615189,3381474.49043727,12506.2531265633,0,
46.34841,22119.5536854579,2800.31363512713,978020.516401483,4700.88376614804,400.006400102402,300.003600043201,27730.7256440136,408363.213568472,3399648.46500324,11905.6670975384,0,
46.47472,21718.8519635043,4300.73972723308,966148.451586636,5601.25468104855,500.010000200004,300.003600043201,28833.2158646761,431211.624301659,3704475.58385977,13707.5117164206,0,
46.60098,24323.6425805883,4400.77453631839,1010226.18887845,5501.21026625858,200.0016000128,700.019600548815,26528.1198069954,397728.427169474,3261691.47625246,10304.2453490838,0,
46.72726,20817.3200102485,5001.00020004001,987958.219679329,5101.04061228491,700.019600548815,300.003600043201,29234.1454819229,415595.822895995,3324474.29748036,12406.1534521122,0,
46.85353,22620.4488857928,3400.46246289495,945021.461721753,5901.39272868397,300.003600043201,600.014400345608,27329.8441898553,408879.692003724,3340170.00278734,11905.6670975384,0,
46.97978,23121.3641404658,3600.51847466035,958275.705961266,4700.88376614804,200.0016000128,100.0004000016,28833.2158646761,417973.150486602,3391387.56747326,13407.186251831,0,
47.10598,23522.1107841371,3900.60849492521,981800.268547888,6001.44034568296,200.0016000128,200.0016000128,26528.1198069954,435869.052076381,3380648.40068427,15209.2472223112,0,
47.23227,24323.6425805883,2700.2916314962,989687.292082502,4900.9605882753,400.006400102402,300.003600043201,27931.1711870447,391640.665626625,3433518.14487619,13006.7635170289,0,
47.35848,20216.3347985172,3300.43565750679,929629.061098504,4600.84655576626,300.003600043201,800.025600819226,27229.6258329062,410739.18823869,3225343.52712052,13607.4024269202,0,
47.48473,19114.6035571176,3900.60849492521,978668.395806835,5801.34591225164,300.003600043201,200.0016000128,24824.6260290208,410016.018474098,3390561.47772026,12306.0545788528,0,
47.611,19314.911111378,4000.64010241639,897718.514589739,3900.60849492521,0,200.0016000128,24624.2302425587,406607.343932292,3396344.10599125,12306.0545788528,0,
47.73724,21418.3340939844,2800.31363512713,937053.882673218,5901.39272868397,300.003600043201,200.0016000128,25225.4272306485,406710.623663607,3340996.09254034,10404.3282005314,0,
47.86352,19314.911111378,2600.27042812453,918983.478203172,4200.70571856072,400.006400102402,400.006400102402,26728.5460872212,395561.262220344,3209647.82181354,11505.2924345199,0,
47.98978,16811.2971917128,2900.33643902693,910172.541020985,3500.49006860961,300.003600043201,400.006400102402,29033.6790677186,434937.430053922,3238560.9631685,11805.5722300926,0,
48.11596,21718.8519635043,3300.43565750679,909098.446283184,5601.25468104855,400.006400102402,300.003600043201,28632.7558727184,405161.515854853,3315387.31019738,13707.5117164206,100.0004000016,
48.24219,25025.025025025,2800.31363512713,953963.896998061,4300.73972723308,800.025600819226,200.0016000128,28833.2158646761,413942.292052959,3340170.00278734,14208.0701838644,0,
48.36842,19815.6940296715,3100.38444767151,916833.916634875,3200.40965243551,300.003600043201,300.003600043201,26227.4864057532,391640.665626625,3342648.27204633,11305.1099096792,100.0004000016,
48.49468,18213.259252736,3600.51847466035,980504.229626089,3500.49006860961,200.0016000128,500.010000200004,31539.7400724913,404438.663523291,3347604.81056433,12806.5569571621,0,
48.62087,20717.1538033492,3700.5476810568,921778.441375306,3600.51847466035,0,300.003600043201,26728.5460872212,407330.319685193,3363300.5158713,10604.4963064339,0,
48.74709,22119.5536854579,3200.40965243551,896967.361534095,3800.57768780855,0,300.003600043201,30236.5257230735,395974.027029443,3319517.75896237,12506.2531265633,0,
48.8734,20717.1538033492,3800.57768780855,928230.65753993,5701.29989637637,200.0016000128,300.003600043201,30837.992406645,390918.58249611,3146038.91083264,13006.7635170289,0,
48.99964,22520.2682414173,2700.2916314962,917908.652849311,4500.81014582625,400.006400102402,300.003600043201,27430.063349431,399483.069720565,3396344.10599125,13307.0793662228,0,
49.12593,21418.3340939844,2700.2916314962,961618.343441057,4300.73972723308,500.010000200004,300.003600043201,27530.2833116428,420144.142385345,3335213.46426934,13607.4024269202,0,
49.25222,23822.6791905894,3200.40965243551,931565.561221314,4200.70571856072,200.0016000128,500.010000200004,31840.5011174214,410739.18823869,3588823.01843995,11705.4781637807,0,
49.37851,19915.8530190031,3900.60849492521,897289.278936595,4600.84655576626,100.0004000016,200.0016000128,28933.4470648069,400928.251522024,3301343.7843964,14608.5313823273,100.0004000016,
49.50478,19715.5358422437,2900.33643902693,953425.02159325,5501.21026625858,300.003600043201,500.010000200004,28933.4470648069,432246.460848583,3513648.85091707,10504.4118529783,0,
49.63099,17912.8255831175,2400.23042212052,924358.942452071,4300.73972723308,300.003600043201,100.0004000016,28231.8455217485,385658.930471726,3315387.31019738,12205.9565067753,100.0004000016,
49.75723,16210.5044068556,3900.60849492521,865672.321247512,5801.34591225164,400.006400102402,100.0004000016,28933.4470648069,404541.925623631,3378996.22117828,12706.4548790786,0,
49.88352,18413.5523745477,2700.2916314962,926079.56195296,3600.51847466035,300.003600043201,300.003600043201,31038.4877247787,404128.882258976,3322822.11797436,13707.5117164206,0,
50.00978,20216.3347985172,3500.49006860961,920595.883394644,3600.51847466035,100.0004000016,200.0016000128,31439.4879969241,413528.942959843,3312909.04093838,11705.4781637807,0,
50.13601,17512.2585810067,3100.38444767151,898577.028583741,2900.33643902693,300.003600043201,300.003600043201,27430.063349431,389371.399787136,3173299.8726816,12306.0545788528,0,
50.2623,17912.8255831175,3600.51847466035,863210.514119244,3500.49006860961,200.0016000128,300.003600043201,27830.9480141918,403199.583793978,3182386.85996458,11305.1099096792,0,
50.38853,18713.9980705568,3500.49006860961,915221.979425387,5501.21026625858,100.0004000016,600.014400345608,25626.2412710616,397418.80953155,3136951.92354965,11805.5722300926,0,
50.51478,19515.221873061,2300.21161946899,907809.650140938,4600.84655576626,700.019600548815,500.010000200004,28231.8455217485,382772.204849125,3200560.83453055,12406.1534521122,0,
50.64105,19314.911111378,3400.46246289495,908239.234608433,3900.60849492521,600.014400345608,200.0016000128,27931.1711870447,398347.685092999,3117951.85923068,12406.1534521122,100.0004000016,
50.76731,19415.0660912868,2800.31363512713,921778.441375306,3200.40965243551,0,100.0004000016,29133.9118734207,414769.03057905,3222865.25786152,12606.3536022155,0,
50.8936,20216.3347985172,2600.27042812453,888064.152694016,4700.88376614804,200.0016000128,300.003600043201,28231.8455217485,407640.179032396,3364952.6953773,13307.0793662228,0,
51.0198,18914.2992102029,3600.51847466035,882382.173043395,4600.84655576626,100.0004000016,300.003600043201,30036.0432519023,395458.07311454,3217082.62959053,12105.8592358702,0,
51.14604,20216.3347985172,3000.36004320518,886026.929751536,3400.46246289495,300.003600043201,200.0016000128,25125.2257266295,375352.209888673,3201386.92428355,9403.53572943427,0,
51.27225,18613.8487034354,3000.36004320518,853795.750876961,4200.70571856072,500.010000200004,300.003600043201,28031.3951625821,380504.523821126,3179082.50095259,12205.9565067753,0,
51.39849,18012.9693379233,2200.1936170383,873381.878697306,4500.81014582625,300.003600043201,500.010000200004,30336.7681630136,390299.686785263,3298865.5151374,13307.0793662228,0,
51.52468,20917.487019148,3000.36004320518,897933.137752142,4000.64010241639,200.0016000128,300.003600043201,27430.063349431,409912.711867852,3407083.27278023,10604.4963064339,0,
51.6509,21217.9928579435,2800.31363512713,895465.186136604,4300.73972723308,500.010000200004,200.0016000128,28532.5270808722,387515.029408897,3082429.99985174,13607.4024269202,0,
51.77715,19014.4509827469,3300.43565750679,876595.550881667,3300.43565750679,300.003600043201,0,29735.3255667733,416629.388943563,3331083.01550435,12906.6598364756,0,
51.90344,17311.9798900839,3300.43565750679,915007.069613929,4200.70571856072,500.010000200004,400.006400102402,28432.2990917683,389268.260977304,3249300.12995748,12906.6598364756,0,
52.02967,20316.4969955604,2100.17641481884,869847.761119895,3900.60849492521,300.003600043201,500.010000200004,32341.7855869784,409396.191436424,3434344.23462919,10804.6676164103,0,
52.15593,19214.7569333248,2300.21161946899,922853.587722937,3400.46246289495,100.0004000016,400.006400102402,33043.6175751993,398347.685092999,3220386.98860252,13407.186251831,0,
52.28222,18313.4054127621,3500.49006860961,861498.229004601,3700.5476810568,300.003600043201,400.006400102402,30837.992406645,391846.982636039,3124560.57725467,12906.6598364756,0,
52.40845,19014.4509827469,2800.31363512713,875738.493576607,3000.36004320518,100.0004000016,200.0016000128,28732.9854673165,390505.982003209,3008908.01183485,12706.4548790786,100.0004000016,
52.53473,18313.4054127621,3000.36004320518,844601.579622049,3400.46246289495,100.0004000016,200.0016000128,27329.8441898553,382256.787215465,2913081.600487,13907.7326993809,0,
52.66096,19114.6035571176,2100.17641481884,876274.147739035,3800.57768780855,500.010000200004,500.010000200004,27730.7256440136,384215.485589889,3055169.03800278,13707.5117164206,0,
52.78721,19314.911111378,2200.1936170383,895787.066193775,3900.60849492521,100.0004000016,400.006400102402,28231.8455217485,384937.187511423,3098951.79491171,10904.7544729502,0,
52.91351,18012.9693379233,2300.21161946899,894928.737156115,4300.73972723308,200.0016000128,500.010000200004,30537.255451651,379061.665028871,3051864.67899079,11305.1099096792,0,
53.03975,16911.4321281186,3100.38444767151,911568.997325926,3200.40965243551,100.0004000016,500.010000200004,29033.6790677186,395767.642947697,3101430.06417071,11705.4781637807,0,
53.16604,17512.2585810067,2700.2916314962,868562.866816222,3600.51847466035,300.003600043201,200.0016000128,30136.2840860396,368142.4837238,3112169.23095969,11705.4781637807,0,
53.29227,18814.1482394761,3000.36004320518,913287.919432478,3400.46246289495,100.0004000016,300.003600043201,33544.9502333126,369996.021984624,3104734.4231827,11905.6670975384,0,
53.41854,16711.163056922,2300.21161946899,887420.784492399,2200.1936170383,600.014400345608,100.0004000016,32843.0901342561,385246.500897622,3010560.19134085,13006.7635170289,100.0004000016,
53.54487,18613.8487034354,3100.38444767151,894285.027717243,4200.70571856072,800.025600819226,900.032401166442,32041.0124959949,358364.405782519,3046082.0507198,10404.3282005314,0,
53.67111,17812.6826300326,2100.17641481884,908991.041707257,4100.67251029169,600.014400345608,1000.04000160006,28632.7558727184,386174.486285373,3097299.61540572,12306.0545788528,0,
53.79736,17612.3991289868,2200.1936170383,861284.209306752,4200.70571856072,200.0016000128,1200.05760276493,27730.7256440136,361142.671644214,2742907.11136927,11805.5722300926,0,
53.92359,17311.9798900839,2500.2500250025,867492.219058341,5001.00020004001,100.0004000016,1200.05760276493,31840.5011174214,358158.632525794,2820559.54815115,10904.7544729502,0,
54.04978,19314.911111378,3200.40965243551,886670.22867249,4000.64010241639,100.0004000016,600.014400345608,31840.5011174214,388752.579497262,2979168.7807269,11505.2924345199,0,
54.17601,18413.5523745477,3000.36004320518,913502.800731383,3800.57768780855,400.006400102402,0,31539.7400724913,379061.665028871,2929603.39554698,11305.1099096792,0,
54.30216,20116.1734034163,2700.2916314962,883132.480225287,2800.31363512713,300.003600043201,800.025600819226,27430.063349431,360319.418295137,2803211.66333818,11805.5722300926,0,
54.42832,17011.567866149,3700.5476810568,884097.224810632,4700.88376614804,300.003600043201,700.019600548815,26928.9755777216,362480.572339882,3045255.9609668,10404.3282005314,0,
54.55468,18513.7001381022,4200.70571856072,870488.666946414,3600.51847466035,700.019600548815,500.010000200004,31038.4877247787,363612.752418674,2780907.24000721,11605.3848985929,0,
54.68091,17412.118834709,3900.60849492521,901582.275858068,3600.51847466035,300.003600043201,400.006400102402,29434.6151073663,382978.377763699,2946125.19060695,10304.2453490838,0,
54.80717,18413.5523745477,2600.27042812453,901367.592208869,3100.38444767151,400.006400102402,400.006400102402,33845.7594667991,360010.712068525,2848646.5997531,8402.82334864514,0,
54.93347,16010.246557797,1500.09000540032,881417.556297259,3700.5476810568,300.003600043201,100.0004000016,27530.2833116428,357438.452425388,2860211.85629509,10004.0016006403,0,
55.05975,19615.3784567101,2900.33643902693,964206.783097094,4200.70571856072,200.0016000128,100.0004000016,33946.0308177889,377722.014463271,2880038.01036706,10204.1632986258,0,
55.18603,18413.5523745477,2900.33643902693,944052.170375628,3700.5476810568,0,300.003600043201,31339.2367243789,379473.893657974,2923820.76727599,9103.31360615264,0,
55.31229,18713.9980705568,3000.36004320518,905769.318450296,4100.67251029169,700.019600548815,500.010000200004,30837.992406645,372776.837293516,2791646.40679619,9303.46088745013,0,
55.43848,18914.2992102029,2800.31363512713,923754.95005912,3300.43565750679,300.003600043201,300.003600043201,28833.2158646761,376485.53946348,2914733.779993,10904.7544729502,0,
55.56471,19314.911111378,2600.27042812453,902977.806328616,3200.40965243551,400.006400102402,400.006400102402,32241.5270868879,381638.313684561,2768515.89371223,8903.16952835209,0,
55.69099,20416.6599945556,3200.40965243551,908024.440593936,4900.9605882753,100.0004000016,400.006400102402,30737.7459520291,371128.873156534,2910603.33122801,11004.8421305374,100.0004000016,
55.81727,18213.259252736,2200.1936170383,914577.260684062,3300.43565750679,700.019600548815,100.0004000016,29033.6790677186,356924.06311237,3531822.82548304,11104.9305891816,0,
55.94351,16010.246557797,1900.14441097523,911998.706473025,3700.5476810568,200.0016000128,200.0016000128,32542.3049964954,362377.651890207,2720602.6880383,9003.24116682005,0,
56.06984,20016.0128102482,2900.33643902693,912858.167525592,4300.73972723308,600.014400345608,300.003600043201,27329.8441898553,337495.439250821,2656167.6873044,10804.6676164103,0,
56.19611,18413.5523745477,3100.38444767151,913502.800731383,3500.49006860961,700.019600548815,400.006400102402,30938.239664225,343351.729227575,2614863.19965447,11405.2007715518,0,
56.32236,18613.8487034354,2900.33643902693,894821.450027138,2900.33643902693,200.0016000128,300.003600043201,28432.2990917683,341604.833150874,2598341.40459449,9503.61137232148,0,
56.44864,17412.118834709,2200.1936170383,934901.322887447,2000.16001280102,0,100.0004000016,30837.992406645,346023.918535851,2727211.40606229,9003.24116682005,0,
56.57494,18914.2992102029,2300.21161946899,936946.246197644,2500.2500250025,400.006400102402,400.006400102402,28432.2990917683,354455.28488266,2610732.75088948,8402.82334864514,0,
56.70125,19515.221873061,2900.33643902693,934793.704276959,2900.33643902693,500.010000200004,300.003600043201,29234.1454819229,349930.439790873,2668559.03359938,10304.2453490838,0,
56.82753,18213.259252736,3200.40965243551,923068.627694962,3000.36004320518,300.003600043201,200.0016000128,26828.7604311822,334003.502172644,2616515.37916047,10304.2453490838,0,
56.95374,16110.3750815525,1500.09000540032,912858.167525592,3100.38444767151,100.0004000016,300.003600043201,30136.2840860396,329588.606953681,2694993.90569534,10804.6676164103,0,
57.0801,16911.4321281186,3200.40965243551,959030.419830207,3400.46246289495,500.010000200004,500.010000200004,25425.8326459683,330820.515938152,2703254.80322533,7902.49718911176,0,
57.20629,16611.0297237366,3100.38444767151,910924.460327265,3900.60849492521,400.006400102402,300.003600043201,32542.3049964954,330204.546467754,2616515.37916047,10504.4118529783,0,
57.33258,14308.184281409,3700.5476810568,974673.654200209,3900.60849492521,500.010000200004,800.025600819226,28532.5270808722,343351.729227575,2637993.71273843,9603.68781612139,100.0004000016,
57.45881,19314.911111378,2400.23042212052,934040.399010772,4400.77453631839,300.003600043201,500.010000200004,29133.9118734207,331744.526316643,2555384.73743856,8202.69048247825,100.0004000016,
57.58512,15109.1259120509,2100.17641481884,888493.082594648,3100.38444767151,100.0004000016,400.006400102402,28933.4470648069,323636.068961326,2520688.96781262,9703.76506084361,0,
57.71131,16110.3750815525,3700.5476810568,954610.577022902,3800.57768780855,700.019600548815,400.006400102402,33344.4147604609,359187.532206168,2792472.49654919,8302.75651516303,100.0004000016,
57.8376,14708.648685427,2700.2916314962,938991.492010791,4600.84655576626,100.0004000016,700.019600548815,29735.3255667733,322302.263206087,2685906.91841236,10404.3282005314,0,
57.96381,16310.634533716,2300.21161946899,932749.12036115,2600.27042812453,0,400.006400102402,29133.9118734207,340680.103308885,2652037.23853941,8602.95941803981,0,
58.09008,17111.7044058136,2200.1936170383,971111.812908266,3700.5476810568,200.0016000128,100.0004000016,29534.8511243267,306512.479147434,2614863.19965447,10404.3282005314,100.0004000016,
58.21641,14608.5313823273,4100.67251029169,903944.030902369,4300.73972723308,500.010000200004,200.0016000128,27029.191526849,305282.933307421,2575210.89151053,7001.96054895371,100.0004000016,
58.34272,16911.4321281186,2400.23042212052,955688.448680413,3100.38444767151,200.0016000128,200.0016000128,28632.7558727184,321071.182595309,2551254.28867357,7502.25067520256,0,
58.46895,14908.8856958747,3700.5476810568,943190.638866636,4100.67251029169,0,100.0004000016,27630.5040765005,318506.815742035,2457906.14658471,9303.46088745013,0,
58.59523,19515.221873061,2000.16001280102,949438.038969828,3200.40965243551,500.010000200004,200.0016000128,32141.2693898966,326406.729935408,2733820.12408628,9803.84310649775,0,
58.72149,19515.221873061,2800.31363512713,963020.350853872,4300.73972723308,600.014400345608,300.003600043201,28332.0719053969,316865.893523338,2592558.7763235,9503.61137232148,0,
58.8477,18513.7001381022,2500.2500250025,926522.029701339,3300.43565750679,0,400.006400102402,25726.4467872973,309586.86655166,2668559.03359938,9203.38684635946,0,
58.97401,18914.2992102029,3000.36004320518,929629.061098504,3000.36004320518,300.003600043201,600.014400345608,29033.6790677186,320968.597947584,2569428.26323954,9103.31360615264,0,
59.10025,16210.5044068556,2000.16001280102,925864.472024955,2500.2500250025,100.0004000016,400.006400102402,30336.7681630136,291970.507539031,2429819.09498276,8602.95941803981,0,
59.22652,15709.8657957197,3100.38444767151,928983.625328261,2200.1936170383,600.014400345608,300.003600043201,25826.6531060054,310304.331099277,2388514.60733282,7402.19104855037,0,
59.35277,17612.3991289868,2500.2500250025,926187.108255313,3000.36004320518,500.010000200004,400.006400102402,27630.5040765005,324456.942345328,2592558.7763235,8803.09869073914,0,
59.479,17512.2585810067,1400.07840439065,957089.815683897,2800.31363512713,700.019600548815,400.006400102402,29334.3798932349,328972.69739375,2560341.27595655,10004.0016006403,100.0004000016,
59.60526,16010.246557797,2700.2916314962,929091.195725226,4000.64010241639,400.006400102402,300.003600043201,27830.9480141918,302004.728438644,2428166.91547676,8202.69048247825,0,
59.73152,17211.841747122,3000.36004320518,913825.129361815,3900.60849492521,800.025600819226,600.014400345608,25626.2412710616,295860.383040036,2393471.14585081,8002.56081946223,0,
59.85771,18213.259252736,1700.11560786133,963451.768214919,3600.51847466035,0,100.0004000016,26728.5460872212,305180.476547159,2425688.64621776,8102.62525058119,0,
59.984,17211.841747122,2100.17641481884,942759.894568624,3700.5476810568,300.003600043201,400.006400102402,29635.0879441258,305692.768645234,2409166.85115779,7602.31110257518,0,
60.1102,18413.5523745477,3100.38444767151,911139.302430672,3300.43565750679,200.0016000128,200.0016000128,29835.5639922788,308152.059476182,2679298.20038837,8002.56081946223,0,
60.23651,20516.8237955123,3200.40965243551,959030.419830207,3900.60849492521,200.0016000128,700.019600548815,28933.4470648069,298522.566282129,2519862.87805962,8202.69048247825,0,
60.36281,19715.5358422437,3000.36004320518,840742.560792565,2100.17641481884,300.003600043201,300.003600043201,27931.1711870447,312354.45396189,2435601.72325375,8302.75651516303,0,
60.48906,20216.3347985172,2500.2500250025,924896.611512313,3600.51847466035,100.0004000016,400.006400102402,30136.2840860396,301799.868835469,2436427.81300675,8002.56081946223,0,
60.61534,19415.0660912868,3400.46246289495,967227.281792196,2300.21161946899,400.006400102402,600.014400345608,25626.2412710616,318506.815742035,2542993.39114358,8102.62525058119,0,
60.74166,20717.1538033492,2800.31363512713,931780.745756523,3300.43565750679,400.006400102402,100.0004000016,29935.8032206519,306717.415070656,2490949.73670466,8502.8909829342,0,
60.86797,21819.0261908384,3600.51847466035,902870.452492063,2400.23042212052,300.003600043201,500.010000200004,25225.4272306485,294427.131814319,2406688.58189879,7302.132222609,0,
60.99429,18313.4054127621,3800.57768780855,906628.36630729,3100.38444767151,400.006400102402,100.0004000016,28131.6199408135,293505.841788109,2310036.08079794,8803.09869073914,0,
61.12055,19415.0660912868,3300.43565750679,913180.480119408,2200.1936170383,500.010000200004,500.010000200004,28432.2990917683,302107.159484242,2318296.97832793,8502.8909829342,0,
61.24675,21718.8519635043,2100.17641481884,933394.743612086,3100.38444767151,300.003600043201,200.0016000128,28031.3951625821,309586.86655166,2690037.36717735,9203.38684635946,0,
61.37296,21117.8234429859,3800.57768780855,925972.016542844,2600.27042812453,100.0004000016,200.0016000128,26828.7604311822,344482.202090818,2390166.78683882,8002.56081946223,0,
61.49927,23221.549598027,3400.46246289495,933394.743612086,3600.51847466035,200.0016000128,300.003600043201,26628.3325458288,274072.037171083,2521515.05756561,13106.8679988314,0,
61.62556,21117.8234429859,3300.43565750679,741127.693672699,2300.21161946899,200.0016000128,300.003600043201,23021.1794851263,289719.021105788,2300949.09351496,5201.0818250196,0,
61.75185,26628.3325458288,4100.67251029169,922371.410238011,2600.27042812453,100.0004000016,700.019600548815,27129.408278574,296474.683288137,2399253.77412181,9503.61137232148,0,
61.8781,23922.8702639724,2800.31363512713,918661.021236714,3000.36004320518,300.003600043201,400.006400102402,25025.025025025,290435.359670456,2446340.89004273,8703.02865397158,0,
62.00442,21117.8234429859,4000.64010241639,898577.028583741,2400.23042212052,200.0016000128,200.0016000128,27630.5040765005,299444.221809335,2614037.10990147,8703.02865397158,0,
62.1307,23822.6791905894,3600.51847466035,907057.911600973,2600.27042812453,400.006400102402,600.014400345608,27129.408278574,298112.963157852,2445514.80028973,7802.43435952017,0,
62.25695,19415.0660912868,4100.67251029169,918875.991656195,2900.33643902693,100.0004000016,300.003600043201,26427.9078707115,288491.106543448,2466167.0441147,7302.132222609,100.0004000016,
62.38325,21919.201220269,3600.51847466035,969493.117045544,2700.2916314962,400.006400102402,400.006400102402,28131.6199408135,312251.939930989,2566123.90422755,8102.62525058119,100.0004000016,
62.50949,23121.3641404658,3700.5476810568,903514.588859416,2900.33643902693,500.010000200004,100.0004000016,26528.1198069954,283273.799651293,2411645.12041679,8002.56081946223,0,
62.63577,21518.505915087,3200.40965243551,874667.251779142,1800.12960933187,800.025600819226,300.003600043201,28332.0719053969,280308.055721844,2203470.50266111,7102.01697282028,300.003600043201,
62.76203,22820.8125810739,3100.38444767151,882810.914677831,2900.33643902693,500.010000200004,700.019600548815,27029.191526849,303029.076216772,2595037.0455825,7402.19104855037,0,
62.88815,30136.2840860396,2900.33643902693,925649.385665812,2500.2500250025,100.0004000016,400.006400102402,26427.9078707115,308152.059476182,2473601.85189169,9203.38684635946,0,
63.01441,22319.9093591484,3400.46246289495,914362.361565476,3000.36004320518,100.0004000016,300.003600043201,26327.6967369673,291458.77087557,2465340.9543617,7502.25067520256,0,
63.14066,24023.0621396541,3600.51847466035,938237.942869475,2700.2916314962,200.0016000128,0,25025.025025025,278876.566279192,2456253.96707872,8102.62525058119,100.0004000016,
63.26693,23822.6791905894,3000.36004320518,864923.025989075,4100.67251029169,600.014400345608,600.014400345608,28432.2990917683,290947.054919797,2324079.60659892,6601.74286011507,100.0004000016,
63.39322,24824.6260290208,3100.38444767151,912858.167525592,2700.2916314962,100.0004000016,300.003600043201,28131.6199408135,324046.49900122,2430645.18473576,7602.31110257518,0,
63.5195,27029.191526849,4300.73972723308,867599.279846036,3200.40965243551,200.0016000128,500.010000200004,28231.8455217485,290640.035285501,2468645.3133737,9403.53572943427,100.0004000016,
63.64573,22520.2682414173,3500.49006860961,947966.896928532,3400.46246289495,0,200.0016000128,25926.8602271954,280614.824552533,2172079.09204716,7602.31110257518,0,
63.772,21618.6785382571,3300.43565750679,833812.119984624,2500.2500250025,200.0016000128,600.014400345608,28031.3951625821,295553.244104112,2368688.45326085,7202.07419736884,0,
63.8982,21618.6785382571,4100.67251029169,871025.693033036,3300.43565750679,500.010000200004,200.0016000128,29133.9118734207,287774.878112925,2403384.2228868,9003.24116682005,0,
64.02456,22420.0883992057,4000.64010241639,832744.346762227,3700.5476810568,500.010000200004,400.006400102402,30537.255451651,273458.824480883,2397601.59461581,7902.49718911176,0,
64.15088,25926.8602271954,3900.60849492521,831249.612531256,3800.57768780855,300.003600043201,700.019600548815,26928.9755777216,299649.043268472,2243948.90055805,8502.8909829342,0,
64.27719,23421.922919853,3600.51847466035,877666.95235611,2600.27042812453,400.006400102402,400.006400102402,27329.8441898553,307742.144476838,2550428.19892057,7202.07419736884,0,
64.4035,24824.6260290208,5001.00020004001,1355419.37424521,2500.2500250025,600.014400345608,400.006400102402,26127.2768770597,275809.63473422,2335644.8631409,8302.75651516303,0,
64.52981,23622.2994506814,2400.23042212052,884526.023267083,2600.27042812453,100.0004000016,200.0016000128,38760.0004807442,283478.359365203,2751994.09865225,7402.19104855037,0,
64.65602,23822.6791905894,4000.64010241639,854651.355197405,4400.77453631839,300.003600043201,200.0016000128,26528.1198069954,281535.175716782,2211731.4001911,7102.01697282028,0,
64.78222,20416.6599945556,4100.67251029169,816525.054421235,2400.23042212052,200.0016000128,600.014400345608,27730.7256440136,276116.294400026,2238992.36204006,6401.6388195378,0,
64.90849,23121.3641404658,4100.67251029169,859572.179237867,2100.17641481884,300.003600043201,400.006400102402,26027.0681508769,320147.950688505,2280296.84968999,7802.43435952017,0,
65.03477,22019.3770518056,4500.81014582625,852726.325107341,2800.31363512713,600.014400345608,300.003600043201,26728.5460872212,268247.717771866,2200166.14364912,8002.56081946223,0,
65.16106,22420.0883992057,3300.43565750679,846525.399897441,2800.31363512713,300.003600043201,300.003600043201,28632.7558727184,286444.847229415,2138209.41217421,7402.19104855037,0,
65.28731,18113.1138944596,2600.27042812453,851763.917555623,3300.43565750679,400.006400102402,200.0016000128,24423.8376655616,271721.550106748,2262948.96487702,5501.21026625858,0,
65.41363,20016.0128102482,3400.46246289495,836695.548647397,2500.2500250025,0,200.0016000128,29033.6790677186,257627.803596686,2089470.11674729,7902.49718911176,100.0004000016,
65.53991,20717.1538033492,3000.36004320518,823031.665234349,2100.17641481884,700.019600548815,500.010000200004,23822.6791905894,270086.686505369,2301160.19010344,7702.37233067785,0,
65.66617,23622.2994506814,3300.43565750679,867599.279846036,2700.2916314962,100.0004000016,200.0016000128,26427.9078707115,276831.862558743,2248905.43907604,7402.19104855037,0,
65.79246,18413.5523745477,3100.38444767151,857539.437919151,3600.51847466035,200.0016000128,600.014400345608,27029.191526849,264672.711323828,2205948.77192011,7202.07419736884,0,
65.9187,17211.841747122,2200.1936170383,861926.279027426,2600.27042812453,600.014400345608,200.0016000128,27530.2833116428,266511.159712649,2229079.28500407,6501.69043951427,0,
66.04497,19214.7569333248,2500.2500250025,859251.198834886,3100.38444767151,300.003600043201,0,29534.8511243267,270801.913302954,2186122.61784814,7702.37233067785,0,
66.17113,22019.3770518056,2700.2916314962,797161.056427623,1900.14441097523,500.010000200004,300.003600043201,25626.2412710616,266511.159712649,2124165.88637323,6901.90492575951,0,
66.29729,19515.221873061,2200.1936170383,828260.662939132,2600.27042812453,400.006400102402,0,25025.025025025,258852.722702253,2148122.4892102,5601.25468104855,0,
66.42352,19314.911111378,2500.2500250025,831463.13540233,2900.33643902693,300.003600043201,400.006400102402,25225.4272306485,270086.686505369,2147296.3994572,5501.21026625858,0,
66.54975,20416.6599945556,3800.57768780855,855934.86786583,3900.60849492521,700.019600548815,0,26327.6967369673,262426.082141284,2160513.83550518,7302.132222609,0,
66.67598,19515.221873061,3000.36004320518,865030.065510948,3100.38444767151,100.0004000016,200.0016000128,22620.4488857928,260996.617047333,1995295.88490544,7001.96054895371,0,
66.80227,19915.8530190031,2200.1936170383,840327.448629429,3000.36004320518,400.006400102402,600.014400345608,24924.8251258253,256811.25685975,2176158.03044599,6201.53798141939,0,
66.9285,19114.6035571176,2600.27042812453,872096.633315809,2500.2500250025,300.003600043201,400.006400102402,26928.9755777216,254259.888558002,2121687.61711424,5501.21026625858,0,
67.05481,16911.4321281186,2800.31363512713,846311.627945446,2800.31363512713,600.014400345608,300.003600043201,25125.2257266295,242428.281212767,2051469.98810935,7602.31110257518,0,
67.18109,18313.4054127621,3200.40965243551,884847.631432902,3400.46246289495,400.006400102402,700.019600548815,24624.2302425587,252831.347450676,2077904.86020531,7502.25067520256,0,
67.30741,17812.6826300326,3200.40965243551,862461.361482726,3600.51847466035,700.019600548815,500.010000200004,22920.9956319989,258138.172119057,2207271.52421665,6901.90492575951,0,
67.4338,19515.221873061,3200.40965243551,889029.264958681,4100.67251029169,200.0016000128,300.003600043201,21518.505915087,267021.88730504,1963078.38453849,7302.132222609,0,
67.56008,19815.6940296715,3000.36004320518,844280.970752544,2900.33643902693,600.014400345608,200.0016000128,22720.6303323418,255484.481009896,2172259.07988209,8703.02865397158,0,
67.68634,14808.7667899396,3700.5476810568,878202.686364464,2200.1936170383,600.014400345608,600.014400345608,22920.9956319989,261507.121724088,1945730.49972551,8202.69048247825,0,
67.81263,20016.0128102482,3100.38444767151,874453.014063283,2700.2916314962,500.010000200004,300.003600043201,25025.025025025,252933.380741507,2048165.62909735,6701.7960813498,0,
67.93887,17011.567866149,3500.49006860961,902119.000551197,2900.33643902693,100.0004000016,600.014400345608,27530.2833116428,269473.667186881,1936643.51244253,7602.31110257518,0,
68.06514,16410.7654621432,2500.2500250025,898577.028583741,1800.12960933187,500.010000200004,0,22319.9093591484,252015.110805842,2163992.28107995,5101.04061228491,0,
68.19142,20216.3347985172,2700.2916314962,957844.460595992,2500.2500250025,200.0016000128,200.0016000128,25926.8602271954,258648.561267378,1970513.19231547,9403.53572943427,0,
68.31771,18413.5523745477,3800.57768780855,903192.516671295,3500.49006860961,400.006400102402,300.003600043201,21418.3340939844,249566.717435129,2100741.04266307,7001.96054895371,0,
68.44402,19314.911111378,2800.31363512713,934040.399010772,2500.2500250025,300.003600043201,100.0004000016,26427.9078707115,251504.989697386,2096628.74583796,6801.85010322808,100.0004000016,
68.57028,19114.6035571176,1800.12960933187,916296.581951476,2800.31363512713,600.014400345608,0,23722.4889194957,243141.943196872,1985382.80786945,8102.62525058119,0,
68.69649,19915.8530190031,3200.40965243551,905232.44246966,3400.46246289495,200.0016000128,300.003600043201,26027.0681508769,258444.403132855,2177339.75153389,9603.68781612139,0,
68.82285,18713.9980705568,3600.51847466035,900079.565044424,2600.27042812453,500.010000200004,300.003600043201,21819.0261908384,249974.75002525,2091813.0708245,8302.75651516303,0,
68.94908,17912.8255831175,3800.57768780855,951916.289498817,2400.23042212052,200.0016000128,100.0004000016,24524.0335528818,251709.035667534,2150422.02615997,7302.132222609,0,
69.07538,19214.7569333248,2700.2916314962,892568.625663886,3000.36004320518,100.0004000016,200.0016000128,23321.7358578195,243651.726463829,1877991.13997962,6201.53798141939,0,
69.20169,17912.8255831175,2800.31363512713,958814.782818172,2600.27042812453,200.0016000128,500.010000200004,22219.7311212357,248954.693275698,2186324.19147872,8803.09869073914,200.0016000128,
69.328,19615.3784567101,2900.33643902693,939745.084937101,3600.51847466035,700.019600548815,0,23221.549598027,251198.92692505,2053115.00387401,5601.25468104855,0,
69.45432,19014.4509827469,2300.21161946899,873703.209995115,2600.27042812453,300.003600043201,400.006400102402,22420.0883992057,242530.230454204,2097731.01427728,7202.07419736884,0,
69.58061,20817.3200102485,3300.43565750679,945883.114834403,4200.70571856072,200.0016000128,200.0016000128,18213.259252736,256505.065444656,2101916.21388399,7302.132222609,0,
69.70677,20717.1538033492,3200.40965243551,948576.149729512,3100.38444767151,400.006400102402,200.0016000128,24023.0621396541,234275.009185276,2012542.46371675,6901.90492575951,0,
69.83307,18814.1482394761,2900.33643902693,901474.933588618,3400.46246289495,0,400.006400102402,21518.505915087,251198.92692505,1953991.3972555,8302.75651516303,100.0004000016,
69.95933,21318.1630749398,3500.49006860961,953425.02159325,3000.36004320518,300.003600043201,200.0016000128,24724.4277346018,236618.535387796,2105442.33913462,7001.96054895371,0,
70.08568,20717.1538033492,3500.49006860961,929844.213495965,2900.33643902693,100.0004000016,200.0016000128,21117.8234429859,237433.776973769,2058619.79392155,8803.09869073914,0,
70.21191,17412.118834709,3200.40965243551,922100.975915258,3700.5476810568,500.010000200004,0,22219.7311212357,235803.34646941,2011725.24969639,6501.69043951427,0,
70.3382,17912.8255831175,3300.43565750679,918123.610788574,2300.21161946899,400.006400102402,300.003600043201,19515.221873061,231931.918192021,2010090.96998639,7102.01697282028,0,
70.46441,19815.6940296715,3200.40965243551,925219.223653755,3500.49006860961,200.0016000128,100.0004000016,21919.201220269,248546.693652313,2043282.23234723,8402.82334864514,0,
70.59067,17912.8255831175,1800.12960933187,908024.440593936,3800.57768780855,800.025600819226,300.003600043201,21618.6785382571,244569.388233203,1991165.43614044,9803.84310649775,0,
70.71697,18113.1138944596,2800.31363512713,974781.604036273,2500.2500250025,200.0016000128,400.006400102402,21318.1630749398,236210.934345474,1992243.50890528,7902.49718911176,0,
70.84321,19014.4509827469,3500.49006860961,932856.722003925,4300.73972723308,100.0004000016,300.003600043201,21017.6548300572,236516.633892844,2084886.20014214,8803.09869073914,100.0004000016,
70.9695,15309.3693340324,3200.40965243551,943190.638866636,3200.40965243551,300.003600043201,500.010000200004,22119.5536854579,236312.833371693,1997257.07868081,7902.49718911176,0,
71.09581,14608.5313823273,2700.2916314962,925864.472024955,2900.33643902693,400.006400102402,600.014400345608,17812.6826300326,225719.740235628,2052763.71034065,9503.61137232148,0,
71.22212,20216.3347985172,3000.36004320518,905876.696316806,3200.40965243551,500.010000200004,200.0016000128,19715.5358422437,239268.263134515,2058151.2139369,10204.1632986258,0,
71.34836,18012.9693379233,2800.31363512713,907917.044922255,3400.46246289495,400.006400102402,200.0016000128,20216.3347985172,237128.055206722,1966854.49979721,12706.4548790786,100.0004000016,
71.47462,16611.0297237366,2200.1936170383,945452.281124165,4100.67251029169,300.003600043201,300.003600043201,20616.9883984403,243345.854032877,2133684.40703131,9403.53572943427,100.0004000016,
71.60081,17612.3991289868,2700.2916314962,991092.332835691,3500.49006860961,600.014400345608,100.0004000016,18613.8487034354,231117.032013241,2008223.46388028,8903.16952835209,0,
71.72703,15910.1188355794,2800.31363512713,886884.668751424,4400.77453631839,200.0016000128,300.003600043201,15809.9919148902,227959.845160874,2026676.4106844,9803.84310649775,0,
71.85329,15309.3693340324,3300.43565750679,963343.912530533,4700.88376614804,100.0004000016,200.0016000128,19114.6035571176,225312.491171141,1941600.05096052,9003.24116682005,0,
71.97949,18814.1482394761,2300.21161946899,933394.743612086,4000.64010241639,400.006400102402,100.0004000016,19415.0660912868,217068.525870695,1841643.19084768,10304.2453490838,100.0004000016,
72.10574,18213.259252736,3100.38444767151,961941.870173675,5001.00020004001,200.0016000128,600.014400345608,18513.7001381022,230607.7548796,1906078.19158158,8102.62525058119,0,
72.23202,15910.1188355794,2800.31363512713,913717.685594046,3100.38444767151,700.019600548815,400.006400102402,18012.9693379233,237739.506147913,2003789.17169657,9603.68781612139,0,
72.35825,18713.9980705568,2600.27042812453,915007.069613929,3600.51847466035,500.010000200004,0,17512.2585810067,234275.009185276,2068932.6611576,9703.76506084361,0,
72.48459,18613.8487034354,3400.46246289495,962373.251693785,3900.60849492521,600.014400345608,200.0016000128,20316.4969955604,227959.845160874,2085707.84705459,11004.8421305374,0,
72.61083,16611.0297237366,3200.40965243551,938991.492010791,4800.92177698118,200.0016000128,200.0016000128,19615.3784567101,225007.063001978,1863121.52442564,12606.3536022155,0,
72.73706,18814.1482394761,3700.5476810568,910387.370655346,3800.57768780855,300.003600043201,500.010000200004,19615.3784567101,240593.33567566,2087116.50060458,12306.0545788528,0,
72.86339,19014.4509827469,2500.2500250025,946852.542999124,3300.43565750679,300.003600043201,100.0004000016,17211.841747122,231015.174941767,1972165.37182147,10704.5815609081,0,
72.98962,19314.911111378,2900.33643902693,885276.454752537,5301.12383825371,200.0016000128,0,19415.0660912868,217679.00517265,1996440.78924635,10904.7544729502,0,
73.11595,16410.7654621432,2700.2916314962,919090.965641653,5201.0818250196,300.003600043201,300.003600043201,19815.6940296715,226534.277814777,2036614.06423034,9903.92195309342,0,
73.24223,17211.841747122,2300.21161946899,926832.404807042,3700.5476810568,500.010000200004,200.0016000128,18513.7001381022,227145.215520547,2031235.13282068,9203.38684635946,100.0004000016,
73.36856,16911.4321281186,4000.64010241639,901260.251718808,5001.00020004001,100.0004000016,200.0016000128,16210.5044068556,231626.329706708,1835860.56257668,11205.0198488923,0,
73.4948,18012.9693379233,2800.31363512713,910602.203852181,4900.9605882753,700.019600548815,400.006400102402,20516.8237955123,225312.491171141,2069167.13586556,11805.5722300926,0,
73.62106,16210.5044068556,3000.36004320518,942221.484310144,5501.21026625858,100.0004000016,300.003600043201,18613.8487034354,237331.868895089,2010324.42640875,13407.186251831,0,
73.74737,19014.4509827469,2700.2916314962,914684.711579925,4900.9605882753,400.006400102402,300.003600043201,16611.0297237366,235293.880138411,2106970.61170674,11805.5722300926,0,
73.87361,18814.1482394761,3000.36004320518,920810.885911106,4800.92177698118,600.014400345608,200.0016000128,19815.6940296715,222156.756713129,2111203.65068624,12005.7627661277,0,
73.99988,16611.0297237366,2100.17641481884,925326.762818519,5301.12383825371,0,200.0016000128,17311.9798900839,227043.390514632,2033573.53564539,11905.6670975384,0,
74.12606,18914.2992102029,2700.2916314962,895465.186136604,5301.12383825371,500.010000200004,100.0004000016,19415.0660912868,243651.726463829,2196497.96135051,12906.6598364756,0,
74.2523,19515.221873061,3000.36004320518,937915.006640106,4100.67251029169,800.025600819226,400.006400102402,18814.1482394761,233663.72610372,2018030.75300332,13407.186251831,0,
74.37854,17712.5404786589,2700.2916314962,892354.091406224,4800.92177698118,500.010000200004,400.006400102402,21418.3340939844,231728.191712689,2104972.13608864,12606.3536022155,0,
74.50477,16210.5044068556,2900.33643902693,937161.520042164,5601.25468104855,300.003600043201,100.0004000016,18713.9980705568,236414.733220813,2076437.8671565,12005.7627661277,100.0004000016,
74.63103,18713.9980705568,3200.40965243551,916511.513151075,4700.88376614804,400.006400102402,300.003600043201,20216.3347985172,228061.677565189,1981252.35910446,13407.186251831,0,
74.75734,19314.911111378,3100.38444767151,890423.443053496,5001.00020004001,200.0016000128,300.003600043201,17612.3991289868,217475.508787786,1790425.62616176,13807.6218072376,0,
74.88357,20016.0128102482,2800.31363512713,893319.523562921,6901.90492575951,200.0016000128,0,20116.1734034163,239777.889954568,1993643.70539944,13907.7326993809,0,
75.00984,20216.3347985172,2200.1936170383,967119.394737607,4600.84655576626,400.006400102402,500.010000200004,18413.5523745477,232644.986778094,1889556.3965216,15609.7404780583,100.0004000016,
75.13604,20316.4969955604,2900.33643902693,917586.222625845,5601.25468104855,300.003600043201,500.010000200004,22620.4488857928,227348.867998402,2112262.11701219,12906.6598364756,0,
75.26225,20516.8237955123,3000.36004320518,905017.698308091,4600.84655576626,500.010000200004,500.010000200004,19615.3784567101,243753.685588038,1981252.35910446,16110.3750815525,100.0004000016,
75.38851,19715.5358422437,2900.33643902693,905554.565387692,4700.88376614804,300.003600043201,600.014400345608,21017.6548300572,232644.986778094,2078432.13711652,18113.1138944596,100.0004000016,
75.51479,20416.6599945556,4300.73972723308,826215.392670918,4900.9605882753,400.006400102402,300.003600043201,19915.8530190031,232644.986778094,2143583.03982072,16210.5044068556,100.0004000016,
75.64108,19815.6940296715,3400.46246289495,883346.86169596,5601.25468104855,200.0016000128,0,22119.5536854579,245385.143595751,2034122.10329638,15309.3693340324,0,
75.76723,22720.6303323418,3800.57768780855,895357.894562389,5101.04061228491,200.0016000128,200.0016000128,18814.1482394761,242224.385200383,2055222.95668134,15309.3693340324,0,
75.89354,20917.487019148,2700.2916314962,947275.127017977,6901.90492575951,200.0016000128,300.003600043201,21318.1630749398,260894.518587977,2006861.14144742,16010.246557797,0,
76.0199,24123.2548176442,3800.57768780855,908346.632951272,6401.6388195378,200.0016000128,100.0004000016,19615.3784567101,224192.62404249,2125323.33385414,14508.4148806308,0,
76.14614,18613.8487034354,2800.31363512713,879702.859603647,6101.48876325823,200.0016000128,400.006400102402,23121.3641404658,244161.530321267,2180058.1000922,15109.1259120509,0,
76.27229,21618.6785382571,3400.46246289495,918446.05438312,4400.77453631839,200.0016000128,400.006400102402,21117.8234429859,244977.259324485,1968034.92305648,16110.3750815525,0,
76.3986,24824.6260290208,3600.51847466035,882596.542085102,6401.6388195378,400.006400102402,300.003600043201,21518.505915087,234784.434377448,2073271.1009075,16110.3750815525,100.0004000016,
76.52492,21718.8519635043,3200.40965243551,829861.799907426,4700.88376614804,400.006400102402,400.006400102402,18713.9980705568,237739.506147913,2040708.16369796,14107.9568876847,0,
76.65116,20717.1538033492,3000.36004320518,871239.873996713,5901.39272868397,100.0004000016,300.003600043201,19214.7569333248,251504.989697386,1978774.08984546,16911.4321281186,0,
76.77744,24323.6425805883,3900.60849492521,876714.596141405,5901.39272868397,500.010000200004,500.010000200004,20016.0128102482,237535.68587546,2126853.84919205,18113.1138944596,0,
76.90366,22920.9956319989,2900.33643902693,891388.7312391,4700.88376614804,400.006400102402,200.0016000128,19314.911111378,238656.738115621,2124381.56410034,19615.3784567101,100.0004000016,
77.02993,23522.1107841371,3800.57768780855,835093.564374853,6301.58800017604,500.010000200004,100.0004000016,22820.8125810739,231830.054541124,2022119.22591356,18113.1138944596,0,
77.15621,26828.7604311822,4200.70571856072,888064.152694016,5501.21026625858,300.003600043201,400.006400102402,21919.201220269,234784.434377448,2090169.08599937,17712.5404786589,0,
77.28244,25425.8326459683,4500.81014582625,863103.489656828,5501.21026625858,400.006400102402,300.003600043201,23622.2994506814,237229.96163941,2113320.66598992,18713.9980705568,0,
77.4088,25025.025025025,3200.40965243551,887742.464595923,6701.7960813498,200.0016000128,100.0004000016,21217.9928579435,232441.248783796,2102503.83771454,17912.8255831175,100.0004000016,
77.5351,23622.2994506814,3500.49006860961,867599.279846036,5301.12383825371,500.010000200004,400.006400102402,17812.6826300326,235905.242204124,2085120.95131612,17512.2585810067,0,
77.66141,24223.4482979524,4300.73972723308,845135.945415073,4600.84655576626,200.0016000128,300.003600043201,20917.487019148,216661.556089925,1942906.90255721,16110.3750815525,0,
77.78764,22820.8125810739,3300.43565750679,865458.232458046,6301.58800017604,300.003600043201,300.003600043201,26227.4864057532,236822.340846504,2088407.89507901,19915.8530190031,0,
77.91393,24023.0621396541,4100.67251029169,886399.37488917,7202.07419736884,400.006400102402,100.0004000016,20116.1734034163,246098.972786725,2116379.16073722,19815.6940296715,0,
78.04018,26928.9755777216,3900.60849492521,899650.251123009,6601.74286011507,0,0,23622.2994506814,247934.718939991,2182304.10257079,17211.841747122,0,
78.16639,25726.4467872973,4500.81014582625,904373.487184588,5401.16665199683,300.003600043201,300.003600043201,20516.8237955123,239472.111392896,2117438.03123061,18213.259252736,0,
78.2927,25425.8326459683,3500.49006860961,868134.597077936,6701.7960813498,100.0004000016,100.0004000016,23822.6791905894,235803.34646941,2036731.02129629,16510.8971921468,0,
78.41901,20316.4969955604,3400.46246289495,882274.989854148,6201.53798141939,600.014400345608,200.0016000128,21117.8234429859,240593.33567566,2085120.95131612,17612.3991289868,0,
78.54533,24724.4277346018,3500.49006860961,913825.129361815,6301.58800017604,300.003600043201,300.003600043201,22520.2682414173,244875.290316066,2067991.78316932,20116.1734034163,0,
78.67153,26928.9755777216,3400.46246289495,918553.537364187,5101.04061228491,300.003600043201,400.006400102402,19815.6940296715,246812.842346782,2024209.02626039,16510.8971921468,0,
78.79784,20316.4969955604,4900.9605882753,858395.290048448,4700.88376614804,600.014400345608,200.0016000128,21217.9928579435,234071.24486739,1941600.05096052,18613.8487034354,0,
78.92411,27129.408278574,5001.00020004001,895143.314081157,6701.7960813498,500.010000200004,600.014400345608,23421.922919853,246608.875495843,2089347.16840472,18313.4054127621,0,
79.05037,25225.4272306485,3300.43565750679,886670.22867249,5701.29989637637,200.0016000128,600.014400345608,23822.6791905894,240491.402079009,2107205.74586019,21618.6785382571,0,
79.17668,23522.1107841371,4800.92177698118,875202.861590435,6401.6388195378,300.003600043201,100.0004000016,22219.7311212357,240491.402079009,2031585.8674544,16410.7654621432,0,
79.30291,23121.3641404658,4200.70571856072,861605.2401819,5901.39272868397,100.0004000016,400.006400102402,22319.9093591484,254770.120980451,2046513.44959136,21017.6548300572,200.0016000128,
79.4292,26427.9078707115,4900.9605882753,891603.249499774,5601.25468104855,600.014400345608,400.006400102402,21418.3340939844,251504.989697386,2130975.3260058,18213.259252736,0,
79.55546,25025.025025025,3900.60849492521,916081.65431679,7802.43435952017,300.003600043201,200.0016000128,21718.8519635043,239574.036756896,2070470.05242832,19615.3784567101,0,
79.68166,26127.2768770597,4800.92177698118,901796.96306611,6301.58800017604,0,0,24524.0335528818,251198.92692505,2158444.5381109,17712.5404786589,0,
79.80797,24724.4277346018,3900.60849492521,901152.912118424,4800.92177698118,600.014400345608,0,23922.8702639724,254463.979052937,1938295.69194852,19415.0660912868,100.0004000016,
79.93416,25926.8602271954,4600.84655576626,879274.220930329,5601.25468104855,300.003600043201,200.0016000128,19915.8530190031,241612.71692642,2013359.72718668,18613.8487034354,0,
80.06043,25526.0365572884,4100.67251029169,901474.933588618,6701.7960813498,500.010000200004,200.0016000128,21919.201220269,249668.724346337,2127560.29914103,16510.8971921468,100.0004000016,
80.18675,25025.025025025,3000.36004320518,929198.76701474,7502.25067520256,500.010000200004,600.014400345608,20416.6599945556,251096.907649668,1892034.6657806,17812.6826300326,0,
80.31299,26928.9755777216,4000.64010241639,914362.361565476,4900.9605882753,600.014400345608,100.0004000016,23822.6791905894,233459.971657778,2046324.94536642,18914.2992102029,0,
80.43917,26427.9078707115,4900.9605882753,912428.429872677,5501.21026625858,200.0016000128,200.0016000128,22019.3770518056,242734.131407616,2103326.55388792,17211.841747122,0,
80.56544,24423.8376655616,3500.49006860961,918123.610788574,6501.69043951427,300.003600043201,0,23321.7358578195,244467.422519681,2011375.03025274,16510.8971921468,0,
80.69172,25025.025025025,3900.60849492521,884526.023267083,6001.44034568296,400.006400102402,200.0016000128,23321.7358578195,235599.557468526,2006589.60786432,17912.8255831175,0,
80.81795,24423.8376655616,4200.70571856072,893748.627631323,6001.44034568296,800.025600819226,200.0016000128,28031.3951625821,245487.116723015,2065513.51391033,19014.4509827469,0,
80.94429,22920.9956319989,4800.92177698118,915436.892801314,6901.90492575951,200.0016000128,600.014400345608,22820.8125810739,245487.116723015,2056979.83497407,18313.4054127621,0,
81.07063,22820.8125810739,3400.46246289495,885169.247590608,5401.16665199683,400.006400102402,800.025600819226,25526.0365572884,238656.738115621,2000289.44310283,17712.5404786589,0,
81.19698,22119.5536854579,4700.88376614804,911568.997325926,6101.48876325823,200.0016000128,100.0004000016,25325.6295370915,237739.506147913,2113203.04535497,17812.6826300326,0,
81.32327,25526.0365572884,4400.77453631839,947391.145504666,7302.132222609,100.0004000016,200.0016000128,24423.8376655616,251198.92692505,2132742.05661844,18713.9980705568,0,
81.44958,23622.2994506814,4500.81014582625,979096.54290349,7402.19104855037,700.019600548815,500.010000200004,26728.5460872212,240491.402079009,1996948.06441143,19214.7569333248,0,
81.57584,20216.3347985172,3500.49006860961,929521.486238684,7902.49718911176,200.0016000128,400.006400102402,23622.2994506814,241306.893905739,2069636.09746801,17812.6826300326,0,
81.70213,27129.408278574,3600.51847466035,958922.600876373,7302.132222609,200.0016000128,100.0004000016,26227.4864057532,242224.385200383,2011958.73437088,16310.634533716,0,
81.82841,21117.8234429859,6301.58800017604,921455.914861497,5901.39272868397,300.003600043201,200.0016000128,26427.9078707115,244671.354770435,2106382.79416931,19615.3784567101,0,
81.95465,24824.6260290208,3100.38444767151,946637.108257673,7202.07419736884,100.0004000016,200.0016000128,25425.8326459683,252933.380741507,2030817.74428438,16911.4321281186,0,
82.08086,24323.6425805883,4100.67251029169,933179.53228992,6101.48876325823,400.006400102402,300.003600043201,22319.9093591484,248546.693652313,2027027.02702703,20817.3200102485,0,
82.2071,20416.6599945556,3300.43565750679,933071.927968299,6801.85010322808,300.003600043201,100.0004000016,21518.505915087,241204.954545638,2039538.29447571,18012.9693379233,0,
82.33331,21318.1630749398,2900.33643902693,907702.256249974,6601.74286011507,200.0016000128,100.0004000016,24423.8376655616,230404.049782615,1992243.50890528,17712.5404786589,100.0004000016,
82.45959,21117.8234429859,3700.5476810568,897933.137752142,5301.12383825371,200.0016000128,200.0016000128,24023.0621396541,224803.448331531,1994575.1701738,17712.5404786589,0,
82.58593,22319.9093591484,4900.9605882753,947498.868689049,7502.25067520256,300.003600043201,100.0004000016,26828.7604311822,229894.801430636,2074326.60734862,19415.0660912868,0,
82.71217,24824.6260290208,3000.36004320518,950838.731107789,7802.43435952017,300.003600043201,300.003600043201,27029.191526849,239472.111392896,2114144.03900966,17412.118834709,100.0004000016,
82.83838,23021.1794851263,3400.46246289495,928983.625328261,6501.69043951427,400.006400102402,200.0016000128,23822.6791905894,233663.72610372,2064244.01988464,18914.2992102029,0,
82.9647,21718.8519635043,2900.33643902693,946206.249507022,6401.6388195378,400.006400102402,100.0004000016,26127.2768770597,233663.72610372,1905252.10182858,19014.4509827469,0,
83.09091,23622.2994506814,2900.33643902693,938237.942869475,7402.19104855037,200.0016000128,0,23221.549598027,237026.149597015,2068229.26140547,18613.8487034354,100.0004000016,
83.21722,21318.1630749398,4700.88376614804,917693.698475625,7001.96054895371,300.003600043201,600.014400345608,23922.8702639724,248546.693652313,1904426.01207558,19114.6035571176,0,
83.34354,20216.3347985172,5501.21026625858,936300.446104368,9603.68781612139,200.0016000128,200.0016000128,25726.4467872973,227348.867998402,2056511.31178625,19114.6035571176,0,
83.46985,24423.8376655616,3600.51847466035,951269.743726021,6401.6388195378,300.003600043201,400.006400102402,26027.0681508769,242632.18051915,2167062.21909258,19515.221873061,100.0004000016,
83.59604,21217.9928579435,3200.40965243551,971435.576295767,8302.75651516303,200.0016000128,500.010000200004,22420.0883992057,231524.468523169,2133566.60965,21217.9928579435,0,
83.72235,22019.3770518056,3000.36004320518,958706.965655592,6901.90492575951,300.003600043201,200.0016000128,20817.3200102485,232033.782665391,1992476.65690619,18012.9693379233,0,
83.84862,21718.8519635043,2400.23042212052,921670.931645591,6601.74286011507,0,200.0016000128,23121.3641404658,231524.468523169,1961154.36878545,16611.0297237366,0,
83.97486,21318.1630749398,2800.31363512713,937161.520042164,8903.16952835209,100.0004000016,200.0016000128,19314.911111378,233154.346158505,1849077.99862466,19314.911111378,0,
84.10109,24223.4482979524,3200.40965243551,983636.54504939,7302.132222609,200.0016000128,200.0016000128,24023.0621396541,239981.746445201,2107323.31446664,17311.9798900839,0,
84.22737,24924.8251258253,3700.5476810568,951485.255404137,6801.85010322808,300.003600043201,400.006400102402,25225.4272306485,229691.107845828,1960340.26106237,16110.3750815525,0,
84.35364,21518.505915087,2200.1936170383,890101.696319463,6601.74286011507,100.0004000016,200.0016000128,24323.6425805883,221749.622682626,1992360.08240228,21217.9928579435,100.0004000016,
84.47991,24724.4277346018,4300.73972723308,925972.016542844,7502.25067520256,300.003600043201,500.010000200004,21919.201220269,218086.007795415,1938295.69194852,17211.841747122,0,
84.60609,24223.4482979524,2500.2500250025,914684.711579925,7102.01697282028,200.0016000128,300.003600043201,23021.1794851263,224701.642228976,1927468.17173262,18914.2992102029,0,
84.73243,22620.4488857928,3300.43565750679,909850.303248888,6201.53798141939,400.006400102402,200.0016000128,21418.3340939844,241408.834089229,2032469.92379038,20016.0128102482,0,
84.85872,20216.3347985172,3700.5476810568,961834.027033539,6801.85010322808,300.003600043201,200.0016000128,24423.8376655616,232746.857009051,2094514.33624943,15309.3693340324,0,
84.98496,19014.4509827469,3500.49006860961,928230.65753993,7001.96054895371,100.0004000016,100.0004000016,25325.6295370915,225821.554556389,1999939.52013547,17812.6826300326,0,
85.11123,17011.567866149,3300.43565750679,921133.39637353,6701.7960813498,300.003600043201,400.006400102402,22520.2682414173,229283.730543176,2090051.66614654,18713.9980705568,0,
85.23749,22219.7311212357,3000.36004320518,944590.656626456,7302.132222609,500.010000200004,200.0016000128,24423.8376655616,233561.848469433,2055340.0748026,18613.8487034354,0,
85.36373,22820.8125810739,2200.1936170383,922100.975915258,6501.69043951427,700.019600548815,300.003600043201,24323.6425805883,233765.60456065,2070339.57033957,16911.4321281186,0,
85.4899,19314.911111378,4500.81014582625,947175.701819208,7102.01697282028,300.003600043201,0,22520.2682414173,227348.867998402,2097568.58936561,18213.259252736,0,
85.61607,20616.9883984403,3800.57768780855,938668.537017593,7802.43435952017,500.010000200004,400.006400102402,20717.1538033492,224803.448331531,2017096.4186137,18213.259252736,100.0004000016,
85.74229,20116.1734034163,3400.46246289495,887313.559567744,7202.07419736884,500.010000200004,500.010000200004,25025.025025025,230607.7548796,2188334.68187473,17111.7044058136,0,
85.86853,21017.6548300572,4500.81014582625,933502.350612653,6801.85010322808,700.019600548815,600.014400345608,21718.8519635043,236720.437705679,2049251.27672466,19415.0660912868,0,
85.99479,24524.0335528818,2600.27042812453,921670.931645591,7702.37233067785,1100.04840212969,300.003600043201,20316.4969955604,236618.535387796,2040474.18175525,18814.1482394761,0,
86.12098,23221.549598027,3500.49006860961,904588.220665644,6601.74286011507,400.006400102402,200.0016000128,24524.0335528818,229080.046825173,2052763.71034065,18313.4054127621,200.0016000128,
86.24719,21017.6548300572,3900.60849492521,913610.242717239,7202.07419736884,400.006400102402,200.0016000128,24323.6425805883,216661.556089925,1943603.80400576,15709.8657957197,0,
86.37345,19815.6940296715,3500.49006860961,845990.97664763,7602.31110257518,300.003600043201,100.0004000016,21518.505915087,219103.571832077,1967319.92302448,16911.4321281186,0,
86.49974,21217.9928579435,3400.46246289495,931135.202864457,6201.53798141939,800.025600819226,200.0016000128,23421.922919853,231320.748623379,1896165.11454559,19715.5358422437,100.0004000016,
86.62596,21117.8234429859,2800.31363512713,929629.061098504,7802.43435952017,200.0016000128,300.003600043201,23622.2994506814,246098.972786725,1955107.8851238,15309.3693340324,0,
86.75218,22820.8125810739,2900.33643902693,907487.471139059,7702.37233067785,200.0016000128,500.010000200004,24824.6260290208,234682.54769355,2059205.5417253,17912.8255831175,0,
86.87849,22219.7311212357,3800.57768780855,927692.85017942,6401.6388195378,600.014400345608,400.006400102402,24624.2302425587,242428.281212767,2132270.90595738,14608.5313823273,0,
87.0048,25526.0365572884,3800.57768780855,927262.620354353,8502.8909829342,200.0016000128,0,25425.8326459683,252831.347450676,2104737.04068313,17111.7044058136,100.0004000016,
87.13109,26828.7604311822,3600.51847466035,915114.524074105,5801.34591225164,500.010000200004,400.006400102402,23021.1794851263,239370.186852105,1915991.26861756,15409.4922472243,0,
87.25732,19715.5358422437,3600.51847466035,919843.402674098,6501.69043951427,300.003600043201,100.0004000016,20116.1734034163,228265.344840113,2087586.08434858,16310.634533716,0,
87.38361,22520.2682414173,4300.73972723308,909919.551848028,7102.01697282028,400.006400102402,200.0016000128,24924.8251258253,234071.24486739,1894512.93503959,18113.1138944596,0,
87.50983,22520.2682414173,3900.60849492521,971487.073887389,6801.85010322808,200.0016000128,200.0016000128,26628.3325458288,246404.91194054,2162166.01501118,16611.0297237366,0,
87.63608,22520.2682414173,4400.77453631839,902870.452492063,8202.69048247825,400.006400102402,200.0016000128,24023.0621396541,245079.229156653,1977948.00009246,16010.246557797,0,
87.76238,22820.8125810739,3200.40965243551,894714.163787175,7402.19104855037,700.019600548815,0,27530.2833116428,237739.506147913,2122380.52048933,21919.201220269,0,
87.88862,20817.3200102485,3100.38444767151,1002616.71986235,7202.07419736884,400.006400102402,100.0004000016,22420.0883992057,239268.263134515,2091930.50594722,17311.9798900839,0,
88.01487,26928.9755777216,4000.64010241639,881524.732385034,6301.58800017604,100.0004000016,400.006400102402,25025.025025025,236414.733220813,2138514.98046027,17011.567866149,0,
88.14114,21718.8519635043,3700.5476810568,923283.671234695,7502.25067520256,0,500.010000200004,27329.8441898553,248036.712665223,2172140.94732952,18213.259252736,100.0004000016,
88.26729,23221.549598027,2800.31363512713,878309.835828002,5601.25468104855,300.003600043201,100.0004000016,20216.3347985172,229283.730543176,1957433.13478285,17712.5404786589,200.0016000128,
88.39352,23221.549598027,2400.23042212052,839365.963973722,9603.68781612139,300.003600043201,100.0004000016,24524.0335528818,242020.492481917,1901121.65306358,17211.841747122,0,
88.51972,22019.3770518056,5101.04061228491,870704.428236736,9203.38684635946,900.032401166442,300.003600043201,25926.8602271954,252627.283342559,2192593.17270125,18513.7001381022,0,
88.64604,24223.4482979524,3400.46246289495,863424.565701375,6501.69043951427,200.0016000128,100.0004000016,25325.6295370915,239675.962944117,2048991.71885035,17912.8255831175,0,
88.77236,26628.3325458288,3800.57768780855,884954.835930802,6501.69043951427,500.010000200004,300.003600043201,26327.6967369673,234784.434377448,2091813.0708245,15609.7404780583,0,
88.89859,21318.1630749398,3100.38444767151,865779.366971262,7702.37233067785,600.014400345608,200.0016000128,21718.8519635043,236924.244810279,2045271.62107194,15709.8657957197,0,
89.02478,25125.2257266295,3200.40965243551,881739.087223531,6001.44034568296,300.003600043201,0,25025.025025025,232339.381020436,2139222.03791675,14908.8856958747,0,
89.15101,24724.4277346018,4500.81014582625,905125.069943838,7001.96054895371,100.0004000016,500.010000200004,22920.9956319989,235701.451557547,1985382.80786945,16110.3750815525,0,
89.27725,23822.6791905894,3700.5476810568,871561.152091664,6501.69043951427,800.025600819226,300.003600043201,27229.6258329062,244467.422519681,2069870.58436271,15009.0054032419,0,
89.40348,22420.0883992057,4900.9605882753,879488.538492116,7402.19104855037,0,100.0004000016,24724.4277346018,241714.659580139,1839991.01134168,13707.5117164206,0,
89.52968,25626.2412710616,5101.04061228491,874345.896535736,7001.96054895371,400.006400102402,200.0016000128,27229.6258329062,239370.186852105,2112379.72948352,16410.7654621432,100.0004000016,
89.65601,26027.0681508769,4300.73972723308,910817.040611578,5601.25468104855,500.010000200004,400.006400102402,28532.5270808722,247832.726038797,1991991.52589344,18413.5523745477,0,
89.78232,30336.7681630136,4300.73972723308,873255.746588632,6301.58800017604,200.0016000128,200.0016000128,25125.2257266295,229589.26228681,2030650.59532305,16911.4321281186,100.0004000016,
89.90856,24223.4482979524,3000.36004320518,866314.60888063,8402.82334864514,400.006400102402,200.0016000128,26928.9755777216,252831.347450676,2045687.35983836,17111.7044058136,100.0004000016,
90.03483,25425.8326459683,2900.33643902693,930597.275005394,7402.19104855037,400.006400102402,200.0016000128,24223.4482979524,257117.455699016,2193539.68516407,17211.841747122,0,
90.16106,29234.1454819229,4800.92177698118,881096.033359698,7202.07419736884,300.003600043201,700.019600548815,26227.4864057532,224498.032489153,1926730.43540654,15910.1188355794,0,
90.28731,21418.3340939844,2600.27042812453,874345.896535736,8602.95941803981,0,500.010000200004,27029.191526849,241714.659580139,2045739.75507378,16510.8971921468,0,
90.41362,25626.2412710616,3100.38444767151,885919.716373155,8703.02865397158,300.003600043201,300.003600043201,29534.8511243267,252219.165020222,2072948.32168731,14808.7667899396,0,
90.5399,24624.2302425587,3800.57768780855,881203.206784602,6601.74286011507,600.014400345608,500.010000200004,26628.3325458288,234886.321884097,1915165.17886456,14608.5313823273,0,
90.66619,28732.9854673165,3400.46246289495,896430.850314486,8302.75651516303,400.006400102402,400.006400102402,29133.9118734207,238860.576495958,1898643.38380459,15009.0054032419,0,
90.7924,25325.6295370915,4400.77453631839,911676.423276563,7302.132222609,100.0004000016,100.0004000016,25826.6531060054,251607.012270261,2085238.3284291,12906.6598364756,0,
90.91861,24524.0335528818,5201.0818250196,827620.263730996,7001.96054895371,400.006400102402,500.010000200004,25826.6531060054,238758.656894219,2025741.4782432,15709.8657957197,0,
91.04497,26427.9078707115,3900.60849492521,882274.989854148,6201.53798141939,300.003600043201,0,27630.5040765005,242224.385200383,2131681.99064065,17011.567866149,0,
91.17113,26327.6967369673,3300.43565750679,880453.011449512,7202.07419736884,400.006400102402,0,27530.2833116428,233663.72610372,2050539.06314245,13807.6218072376,0,
91.29731,24423.8376655616,4100.67251029169,890745.197784581,6501.69043951427,300.003600043201,400.006400102402,26327.6967369673,236109.036142146,2114732.19321307,15409.4922472243,0,
91.42359,22219.7311212357,3900.60849492521,872846.344270303,7102.01697282028,200.0016000128,200.0016000128,26227.4864057532,236516.633892844,2074443.89092248,14007.84439286,0,
91.54979,27830.9480141918,3800.57768780855,865993.461076853,9103.31360615264,200.0016000128,400.006400102402,28933.4470648069,239370.186852105,1895339.02479259,16310.634533716,0,
91.6761,21318.1630749398,3200.40965243551,882274.989854148,8703.02865397158,500.010000200004,300.003600043201,27530.2833116428,235497.664202336,2037198.8596791,12306.0545788528,100.0004000016,
91.80226,23221.549598027,3600.51847466035,900401.559825784,7302.132222609,100.0004000016,200.0016000128,28532.5270808722,244773.322131386,1870556.33220263,15509.6159618964,0,
91.92842,19815.6940296715,4100.67251029169,840220.61346751,6001.44034568296,600.014400345608,200.0016000128,28933.4470648069,231830.054541124,1796208.25443275,16010.246557797,0,
92.05478,24624.2302425587,4800.92177698118,828047.193007831,7302.132222609,600.014400345608,500.010000200004,28632.7558727184,246404.91194054,2059557.0025804,14007.84439286,0,
92.181,20817.3200102485,3600.51847466035,883668.440560744,9003.24116682005,200.0016000128,300.003600043201,26828.7604311822,238656.738115621,1994575.1701738,14908.8856958747,0,
92.30727,20817.3200102485,3600.51847466035,890745.197784581,7402.19104855037,400.006400102402,400.006400102402,29234.1454819229,231320.748623379,1948250.73514828,16911.4321281186,0,
92.43357,23021.1794851263,3800.57768780855,889029.264958681,7402.19104855037,600.014400345608,300.003600043201,27229.6258329062,238147.156569389,2005656.06460617,15609.7404780583,0,
92.55985,24323.6425805883,5401.16665199683,930166.948786883,8703.02865397158,400.006400102402,400.006400102402,32341.7855869784,238758.656894219,2026559.54059173,18413.5523745477,0,
92.68614,22620.4488857928,2900.33643902693,892139.560703603,7702.37233067785,300.003600043201,0,28732.9854673165,222462.115861902,1935591.6133342,12906.6598364756,0,
92.81235,21819.0261908384,3900.60849492521,818124.736655128,6201.53798141939,200.0016000128,300.003600043201,26828.7604311822,217068.525870695,1872127.36958419,12806.5569571621,0,
92.9386,21117.8234429859,3800.57768780855,930059.369463932,8803.09869073914,200.0016000128,100.0004000016,27029.191526849,229792.9542271,1984435.37767416,15009.0054032419,0,
93.06482,23722.4889194957,3800.57768780855,883346.86169596,8502.8909829342,400.006400102402,500.010000200004,24624.2302425587,225923.369699024,1893750.322725,15709.8657957197,0,
93.1911,21117.8234429859,3400.46246289495,930166.948786883,7502.25067520256,500.010000200004,700.019600548815,29133.9118734207,236924.244810279,1925078.25590055,16010.246557797,0,
93.31739,23421.922919853,3300.43565750679,919090.965641653,7902.49718911176,100.0004000016,300.003600043201,31138.7365883159,227858.013578642,1974885.30278769,14608.5313823273,0,
93.44362,19415.0660912868,3300.43565750679,898255.079165786,6701.7960813498,300.003600043201,500.010000200004,26227.4864057532,226432.45774068,1949877.53975646,11805.5722300926,0,
93.56993,21718.8519635043,3600.51847466035,906091.454720297,7102.01697282028,500.010000200004,600.014400345608,29133.9118734207,233459.971657778,1932109.53827591,12306.0545788528,0,
93.69621,21618.6785382571,2700.2916314962,929306.339196814,7902.49718911176,400.006400102402,300.003600043201,30537.255451651,223174.64929698,1943139.19903436,13307.0793662228,0,
93.82245,18313.4054127621,3600.51847466035,890316.193253605,6801.85010322808,400.006400102402,500.010000200004,27329.8441898553,212897.70824845,1919697.465672,17111.7044058136,0,
93.9487,17211.841747122,3600.51847466035,916618.980087743,7702.37233067785,200.0016000128,100.0004000016,31840.5011174214,228163.510791599,1983386.86837288,13407.186251831,0,
94.07488,22119.5536854579,4000.64010241639,916618.980087743,6301.58800017604,100.0004000016,300.003600043201,31940.756405173,224803.448331531,1878599.04441205,14107.9568876847,0,
94.20111,19415.0660912868,3400.46246289495,898898.986006307,8202.69048247825,100.0004000016,400.006400102402,24023.0621396541,215338.995017449,1878599.04441205,15009.0054032419,0,
94.32734,16811.2971917128,2800.31363512713,892568.625663886,7502.25067520256,500.010000200004,100.0004000016,27830.9480141918,208524.918122711,1762338.5745598,14708.648685427,0,
94.4535,16510.8971921468,3700.5476810568,965952.914602952,8002.56081946223,300.003600043201,200.0016000128,25626.2412710616,221444.280785295,1848001.64954122,14208.0701838644,0,
94.57966,16510.8971921468,3500.49006860961,899006.306926016,6901.90492575951,200.0016000128,200.0016000128,25926.8602271954,207914.881946293,1837856.40673308,12506.2531265633,0,
94.70601,16911.4321281186,2600.27042812453,911461.57226603,7802.43435952017,300.003600043201,300.003600043201,24123.2548176442,220324.757077832,1887040.0165194,13307.0793662228,0,
94.83224,18213.259252736,2100.17641481884,886348.575215374,6501.69043951427,500.010000200004,200.0016000128,27029.191526849,214321.734745335,1822077.35916264,15910.1188355794,0,
94.95851,17612.3991289868,2300.21161946899,944806.05738576,8903.16952835209,300.003600043201,100.0004000016,29635.0879441258,224905.255255861,1846617.75570866,14408.2991803279,0,
95.08485,17412.118834709,3500.49006860961,901260.251718808,8102.62525058119,400.006400102402,100.0004000016,28732.9854673165,214321.734745335,1850539.15882631,15109.1259120509,0,
95.21116,20917.487019148,2500.2500250025,867721.587304195,9103.31360615264,100.0004000016,200.0016000128,29434.6151073663,218798.293998733,1800224.69308383,13707.5117164206,100.0004000016,
95.33749,16510.8971921468,3200.40965243551,941467.747491979,7802.43435952017,300.003600043201,300.003600043201,29635.0879441258,211372.144055764,1866929.17447599,14508.4148806308,0,
95.46379,18914.2992102029,2500.2500250025,914254.913342732,7702.37233067785,200.0016000128,400.006400102402,24624.2302425587,229792.9542271,1839164.92158868,15309.3693340324,0,
95.59015,18213.259252736,1900.14441097523,945667.696190761,5801.34591225164,200.0016000128,200.0016000128,27430.063349431,233358.095668745,1835782.18791059,14808.7667899396,0,
95.71647,15809.9919148902,2400.23042212052,934040.399010772,6801.85010322808,300.003600043201,400.006400102402,28933.4470648069,206186.606440685,1806546.80208619,14308.184281409,0,
95.84279,15309.3693340324,2900.33643902693,919090.965641653,6901.90492575951,200.0016000128,400.006400102402,29434.6151073663,213507.985622249,1827373.36406677,14508.4148806308,100.0004000016,
95.96894,17812.6826300326,2400.23042212052,895143.314081157,7402.19104855037,300.003600043201,300.003600043201,27029.191526849,210558.585304463,1844196.28476323,12906.6598364756,100.0004000016,
96.09517,17412.118834709,2500.2500250025,950515.481039515,6501.69043951427,900.032401166442,100.0004000016,24624.2302425587,215949.390580935,1824034.33476395,13407.186251831,100.0004000016,
96.22145,17512.2585810067,3400.46246289495,918983.478203172,6201.53798141939,400.006400102402,300.003600043201,23922.8702639724,215135.536396535,1784834.21259016,12205.9565067753,0,
96.34769,16711.163056922,3000.36004320518,897396.586515951,6101.48876325823,400.006400102402,300.003600043201,26127.2768770597,201104.816435153,1696509.80509412,11805.5722300926,0,
96.47394,15509.6159618964,2900.33643902693,883454.05376304,6401.6388195378,300.003600043201,100.0004000016,23722.4889194957,215338.995017449,1744146.24127071,12706.4548790786,0,
96.6002,15910.1188355794,3100.38444767151,898898.986006307,6701.7960813498,700.019600548815,100.0004000016,26127.2768770597,209440.027750552,1872358.44716464,14308.184281409,0,
96.72646,17211.841747122,2700.2916314962,949114.823795131,7302.132222609,200.0016000128,200.0016000128,24524.0335528818,214016.572668813,1759860.3053008,14608.5313823273,0,
96.85269,13507.2939387269,2800.31363512713,954718.36016013,6001.44034568296,500.010000200004,0,26828.7604311822,217679.00517265,1881142.34102492,13807.6218072376,0,
96.97885,17512.2585810067,2900.33643902693,944267.562193598,6701.7960813498,200.0016000128,200.0016000128,25526.0365572884,212592.580639956,1839930.94622566,12606.3536022155,0,
97.10503,16611.0297237366,2200.1936170383,918446.05438312,7602.31110257518,200.0016000128,100.0004000016,25325.6295370915,206796.558969788,1745634.04269887,12105.8592358702,0,
97.23126,16911.4321281186,3100.38444767151,898040.450667341,5301.12383825371,400.006400102402,0,24724.4277346018,197345.610823973,1763729.79338401,11205.0198488923,0,
97.35749,16811.2971917128,2300.21161946899,890316.193253605,6101.48876325823,200.0016000128,0,26127.2768770597,204458.567902828,1839700.42599973,12306.0545788528,100.0004000016,
97.48377,18814.1482394761,3000.36004320518,913717.685594046,6801.85010322808,300.003600043201,100.0004000016,24223.4482979524,213711.417978788,1778292.87311802,12706.4548790786,0,
97.60996,17812.6826300326,2800.31363512713,895679.771952286,7302.132222609,100.0004000016,100.0004000016,26127.2768770597,211880.644940076,1903822.06457778,15509.6159618964,0,
97.73617,18113.1138944596,2500.2500250025,947283.423214723,7302.132222609,500.010000200004,100.0004000016,27430.063349431,213507.985622249,1855686.71664865,14208.0701838644,0,
97.86249,18814.1482394761,2700.2916314962,933071.927968299,6701.7960813498,0,200.0016000128,27229.6258329062,208524.918122711,1855731.01299817,15209.2472223112,0,
97.98872,17912.8255831175,3200.40965243551,911783.85011795,6701.7960813498,300.003600043201,0,26828.7604311822,193790.637584298,1817243.70223849,12205.9565067753,0,
98.11494,16611.0297237366,4500.81014582625,962912.49875378,6601.74286011507,600.014400345608,200.0016000128,23922.8702639724,209745.079057761,1815862.97737599,11805.5722300926,0,
98.24117,18814.1482394761,2900.33643902693,925649.385665812,5801.34591225164,200.0016000128,100.0004000016,26928.9755777216,203137.286529427,1874900.56286792,15509.6159618964,0,
98.3674,19515.221873061,3100.38444767151,954610.577022902,6301.58800017604,600.014400345608,300.003600043201,25626.2412710616,210965.358116721,1904053.68757721,13507.2939387269,100.0004000016,
98.49372,17111.7044058136,2500.2500250025,921563.422807658,6701.7960813498,300.003600043201,500.010000200004,25425.8326459683,207304.875294421,1877905.50158472,12205.9565067753,0,
98.61998,21418.3340939844,2300.21161946899,927370.176472052,6901.90492575951,300.003600043201,500.010000200004,26928.9755777216,210761.970069783,1918422.10670032,13307.0793662228,0,
98.74618,19314.911111378,2100.17641481884,909742.89243933,6601.74286011507,500.010000200004,200.0016000128,25926.8602271954,202527.511079031,1843273.93453677,14708.648685427,0,
98.87244,18513.7001381022,3300.43565750679,928983.625328261,5601.25468104855,400.006400102402,400.006400102402,25025.025025025,214626.904208624,1907065.14953871,13507.2939387269,0,
98.9987,20316.4969955604,3400.46246289495,936838.610615429,6801.85010322808,800.025600819226,200.0016000128,24423.8376655616,230098.498304537,1962899.05090595,13907.7326993809,0,
99.12491,18513.7001381022,2400.23042212052,924358.942452071,7001.96054895371,500.010000200004,200.0016000128,28231.8455217485,211575.541948028,1892708.84877692,10904.7544729502,0,
99.25114,16711.163056922,2500.2500250025,897933.137752142,6701.7960813498,200.0016000128,100.0004000016,27029.191526849,219714.149671942,1816860.49825771,14608.5313823273,0,
99.37744,19014.4509827469,2700.2916314962,921133.39637353,7202.07419736884,600.014400345608,500.010000200004,28432.2990917683,219815.915519669,1907876.04294928,12706.4548790786,0,
99.5037,22620.4488857928,4000.64010241639,900079.565044424,6301.58800017604,400.006400102402,400.006400102402,28131.6199408135,213101.13075716,1831058.77504411,15809.9919148902,0,
99.62998,22119.5536854579,3400.46246289495,868348.730174498,7202.07419736884,400.006400102402,200.0016000128,29534.8511243267,244569.388233203,1982078.44885746,13707.5117164206,100.0004000016,
99.75628,17311.9798900839,4400.77453631839,918768.506000713,7202.07419736884,600.014400345608,100.0004000016,25626.2412710616,215644.189105228,1921784.67741241,13807.6218072376,200.0016000128,
99.88251,22420.0883992057,2800.31363512713,887635.237006478,8002.56081946223,600.014400345608,400.006400102402,27029.191526849,221444.280785295,1887387.01919975,15409.4922472243,0,
100.00879,21618.6785382571,2900.33643902693,909098.446283184,6501.69043951427,200.0016000128,200.0016000128,24824.6260290208,208423.243376235,1936288.13639674,17211.841747122,0,
100.13507,20817.3200102485,2700.2916314962,895465.186136604,6701.7960813498,100.0004000016,200.0016000128,28031.3951625821,202629.138271705,1760686.3950538,16110.3750815525,0,
100.26135,21217.9928579435,3800.57768780855,890637.945318973,6501.69043951427,100.0004000016,400.006400102402,25926.8602271954,219307.094493717,1877991.13997962,15709.8657957197,100.0004000016,
100.38759,17712.5404786589,2700.2916314962,849411.66739045,8102.62525058119,100.0004000016,200.0016000128,27229.6258329062,234580.661832394,1967669.0009881,17912.8255831175,0,
100.51384,19915.8530190031,3700.5476810568,901367.592208869,7502.25067520256,0,200.0016000128,29434.6151073663,225516.114059694,1989912.25039729,18113.1138944596,0,
100.64002,22219.7311212357,4300.73972723308,871775.341921383,6401.6388195378,400.006400102402,500.010000200004,27229.6258329062,221851.404958011,1956851.78475924,17712.5404786589,0,
100.76618,21919.201220269,3800.57768780855,925434.302875442,7702.37233067785,0,100.0004000016,27630.5040765005,219714.149671942,1944068.42500065,17712.5404786589,0,
100.89249,20717.1538033492,2900.33643902693,879488.538492116,6501.69043951427,400.006400102402,200.0016000128,30537.255451651,223378.237672831,1992243.50890528,19114.6035571176,100.0004000016,
101.01869,21919.201220269,3200.40965243551,889029.264958681,7102.01697282028,400.006400102402,200.0016000128,29234.1454819229,217882.504841833,2013943.51708578,19214.7569333248,0,
101.14502,24323.6425805883,2200.1936170383,894821.450027138,7502.25067520256,600.014400345608,400.006400102402,28131.6199408135,237433.776973769,2046910.16098321,18814.1482394761,0,
101.27132,17612.3991289868,4400.77453631839,885812.503882872,8002.56081946223,400.006400102402,200.0016000128,27530.2833116428,231320.748623379,1862295.43467264,19615.3784567101,0,
101.39764,20216.3347985172,3800.57768780855,883454.05376304,16310.634533716,200.0016000128,300.003600043201,29434.6151073663,229589.26228681,1733425.43320484,19815.6940296715,0,
101.524,19415.0660912868,2700.2916314962,875202.861590435,6801.85010322808,600.014400345608,300.003600043201,28833.2158646761,222054.971973253,2014527.33221817,23722.4889194957,0,
101.65032,21318.1630749398,2800.31363512713,903192.516671295,8402.82334864514,400.006400102402,500.010000200004,28231.8455217485,213101.13075716,1958247.06694272,19415.0660912868,0,
101.77664,21017.6548300572,2800.31363512713,880453.011449512,5401.16665199683,200.0016000128,100.0004000016,28732.9854673165,214321.734745335,2037198.8596791,21718.8519635043,0,
101.90296,19214.7569333248,4000.64010241639,891066.960513016,9003.24116682005,200.0016000128,600.014400345608,31639.9929510902,240287.537355626,2052880.80717139,23822.6791905894,0,
102.02932,18113.1138944596,3600.51847466035,894928.737156115,8903.16952835209,600.014400345608,300.003600043201,30537.255451651,227654.352880393,1912686.90960556,21418.3340939844,0,
102.15546,23922.8702639724,3400.46246289495,835841.132312577,8202.69048247825,200.0016000128,200.0016000128,28732.9854673165,237433.776973769,2047612.45315354,19915.8530190031,0,
102.28178,18313.4054127621,3400.46246289495,856897.586000041,9903.92195309342,0,200.0016000128,27430.063349431,229691.107845828,1874686.78096762,24223.4482979524,0,
102.408,19014.4509827469,3300.43565750679,844922.19644622,9603.68781612139,100.0004000016,0,27530.2833116428,222767.482404597,1949761.33291364,20917.487019148,0,
102.53431,17412.118834709,3100.38444767151,831356.373525546,10204.1632986258,200.0016000128,200.0016000128,28332.0719053969,238350.98671857,1995974.36030339,24423.8376655616,0,
102.66061,20116.1734034163,2000.16001280102,876274.147739035,8903.16952835209,0,400.006400102402,28131.6199408135,272232.488364664,2034742.88878123,30036.0432519023,0,
102.78684,19114.6035571176,3600.51847466035,876274.147739035,10104.0820491479,400.006400102402,100.0004000016,29033.6790677186,231524.468523169,1867251.97319064,27430.063349431,0,
102.91307,19014.4509827469,3000.36004320518,879917.18426501,9903.92195309342,100.0004000016,100.0004000016,28532.5270808722,233459.971657778,2034158.19956832,23421.922919853,0,
103.03936,16410.7654621432,2600.27042812453,871346.965808428,12306.0545788528,100.0004000016,0,23021.1794851263,231320.748623379,2119673.69608609,27129.408278574,0,
103.16551,16110.3750815525,3400.46246289495,875095.73785423,11104.9305891816,0,100.0004000016,28332.0719053969,241204.954545638,1887904.2170156,23822.6791905894,0,
103.29174,18313.4054127621,1800.12960933187,882382.173043395,9603.68781612139,300.003600043201,300.003600043201,28632.7558727184,241001.078295566,2079370.71875149,28632.7558727184,0,
103.41809,19415.0660912868,2700.2916314962,859037.216326362,12306.0545788528,300.003600043201,200.0016000128,30938.239664225,226025.185663545,2007639.9211809,28131.6199408135,0,
103.54442,20016.0128102482,2700.2916314962,911461.57226603,11505.2924345199,300.003600043201,500.010000200004,30136.2840860396,245487.116723015,1900295.56331058,31138.7365883159,0,
103.67065,16310.634533716,2700.2916314962,866742.818357524,12506.2531265633,300.003600043201,100.0004000016,32843.0901342561,250382.795803184,2103444.08884726,30336.7681630136,0,
103.79692,17712.5404786589,2400.23042212052,871239.873996713,13106.8679988314,400.006400102402,300.003600043201,26027.0681508769,250178.771265701,2086529.5438195,27129.408278574,0,
103.9232,18914.2992102029,2400.23042212052,895250.603877244,12906.6598364756,100.0004000016,100.0004000016,27029.191526849,254157.844547526,2093927.05881333,28933.4470648069,0,
104.0495,15509.6159618964,2500.2500250025,835520.740756051,12806.5569571621,500.010000200004,100.0004000016,27129.408278574,241612.71692642,2061197.27396323,28833.2158646761,0,
104.17579,16811.2971917128,2000.16001280102,878845.596455633,16310.634533716,300.003600043201,300.003600043201,29935.8032206519,234580.661832394,2032521.20430963,30637.5003003677,0,
104.30208,16611.0297237366,3000.36004320518,867278.100141546,15409.4922472243,200.0016000128,100.0004000016,26127.2768770597,233765.60456065,2033573.53564539,28332.0719053969,0,
104.42836,15409.4922472243,1900.14441097523,816098.505970747,14908.8856958747,200.0016000128,200.0016000128,30637.5003003677,232950.599938633,2002505.83254126,25826.6531060054,0,
104.55468,15109.1259120509,1500.09000540032,843853.504633286,14908.8856958747,500.010000200004,500.010000200004,31138.7365883159,241408.834089229,2082035.3089703,29935.8032206519,0,
104.68093,14708.648685427,2900.33643902693,848235.702823868,14808.7667899396,200.0016000128,0,30537.255451651,230913.318692675,1984784.89888261,27129.408278574,0,
104.8072,20516.8237955123,2200.1936170383,868241.663183077,18814.1482394761,200.0016000128,300.003600043201,27129.408278574,239981.746445201,2067408.67456313,28732.9854673165,0,
104.93336,16410.7654621432,1700.11560786133,853261.026932893,21017.6548300572,100.0004000016,300.003600043201,28031.3951625821,236618.535387796,1998306.6662059,30737.7459520291,0,
105.05956,17111.7044058136,2000.16001280102,867920.467526447,19515.221873061,100.0004000016,200.0016000128,27530.2833116428,240491.402079009,2052061.15064319,31339.2367243789,0,
105.18587,15509.6159618964,1700.11560786133,830075.299835514,20216.3347985172,200.0016000128,300.003600043201,29635.0879441258,244365.457629857,2055105.83957404,24724.4277346018,100.0004000016,
105.31211,14508.4148806308,2700.2916314962,912858.167525592,20316.4969955604,500.010000200004,200.0016000128,31439.4879969241,259261.055473379,2215209.16521156,30236.5257230735,0,
105.43839,15809.9919148902,2300.21161946899,892032.296685406,21217.9928579435,300.003600043201,0,28131.6199408135,252627.283342559,2148063.36575174,29735.3255667733,0,
105.56465,14208.0701838644,2400.23042212052,867063.984769473,21919.201220269,300.003600043201,300.003600043201,33244.1482288479,248342.698785252,2031118.22329866,32041.0124959949,0,
105.69088,13006.7635170289,2600.27042812453,847380.52306827,23021.1794851263,100.0004000016,400.006400102402,29835.5639922788,238962.496920847,2072215.67676208,29334.3798932349,0,
105.81717,16110.3750815525,2500.2500250025,838511.371012084,24323.6425805883,400.006400102402,100.0004000016,31038.4877247787,244161.530321267,1901947.74281658,30537.255451651,0,
105.94336,15809.9919148902,3700.5476810568,882918.102305857,23021.1794851263,0,100.0004000016,35851.3391176164,233561.848469433,2074600.50119331,32943.3534531443,0,
106.06955,12205.9565067753,3300.43565750679,914792.16336685,24924.8251258253,100.0004000016,200.0016000128,32542.3049964954,255280.3740206,1917643.44812356,29735.3255667733,100.0004000016,
106.19584,15809.9919148902,2000.16001280102,893641.350280894,27430.063349431,500.010000200004,100.0004000016,29534.8511243267,243855.645535877,1999426.33367043,28632.7558727184,0,
106.32208,17512.2585810067,2400.23042212052,874988.615005009,29735.3255667733,200.0016000128,100.0004000016,28632.7558727184,247730.733961632,2053583.40944408,29033.6790677186,0,
106.4483,15910.1188355794,2000.16001280102,856469.702423061,25626.2412710616,500.010000200004,300.003600043201,28332.0719053969,239981.746445201,2084299.34000979,32742.827618525,0,
106.5745,15309.3693340324,2000.16001280102,919198.453971651,26227.4864057532,300.003600043201,100.0004000016,32442.0448901777,244263.493563723,2091930.50594722,31940.756405173,0,
106.70066,13307.0793662228,1600.10240655402,905125.069943838,29534.8511243267,400.006400102402,100.0004000016,35450.1974796312,246200.951680791,2087116.50060458,33043.6175751993,0,
106.82689,16110.3750815525,2100.17641481884,886991.890123181,29434.6151073663,100.0004000016,600.014400345608,31138.7365883159,249056.695241866,1801990.88270374,26928.9755777216,100.0004000016,
106.9532,15009.0054032419,3200.40965243551,918768.506000713,30537.255451651,200.0016000128,500.010000200004,32943.3534531443,246098.972786725,2184195.76100525,35149.3496869605,0,
107.0795,14908.8856958747,2600.27042812453,907594.863249351,30036.0432519023,300.003600043201,0,33244.1482288479,244875.290316066,2042383.00082636,30637.5003003677,0,
107.20581,13907.7326993809,2700.2916314962,926617.302387323,28131.6199408135,400.006400102402,300.003600043201,32341.7855869784,251300.947024791,2018848.34860799,31138.7365883159,0,
107.33205,12806.5569571621,2600.27042812453,850480.818943232,26528.1198069954,100.0004000016,200.0016000128,31639.9929510902,241510.77509612,2007173.10517673,31740.2466327303,0,
107.45834,15009.0054032419,2800.31363512713,917263.800424628,30036.0432519023,300.003600043201,200.0016000128,27931.1711870447,235395.771758968,2023287.5883121,32241.5270868879,0,
107.58459,13006.7635170289,3600.51847466035,915007.069613929,29033.6790677186,100.0004000016,500.010000200004,29133.9118734207,235497.664202336,1906904.28133457,30637.5003003677,0,
107.7108,12105.8592358702,2500.2500250025,894392.31040126,28432.2990917683,300.003600043201,300.003600043201,34046.302972042,236720.437705679,2042697.17371363,34748.2305439951,0,
107.83711,13307.0793662228,3700.5476810568,953317.249197523,32141.2693898966,400.006400102402,200.0016000128,32442.0448901777,230302.198467612,1988687.16688145,32442.0448901777,0,
107.96342,16010.246557797,2700.2916314962,922531.034454154,30737.7459520291,600.014400345608,100.0004000016,30637.5003003677,237128.055206722,1814382.22899872,31439.4879969241,100.0004000016,
108.08968,15009.0054032419,2300.21161946899,917371.273600358,27730.7256440136,200.0016000128,300.003600043201,31439.4879969241,236822.340846504,2182818.25883614,31840.5011174214,0,
108.21589,16210.5044068556,2600.27042812453,947929.770371201,28131.6199408135,300.003600043201,300.003600043201,30036.0432519023,237637.595600171,2085355.70655942,28933.4470648069,0,
108.34212,15509.6159618964,1500.09000540032,969169.402085844,26127.2768770597,400.006400102402,200.0016000128,28231.8455217485,234173.126614987,2069870.58436271,31840.5011174214,0,
108.46841,12105.8592358702,1900.14441097523,943836.782134036,29735.3255667733,300.003600043201,100.0004000016,31539.7400724913,238045.242729424,2116967.41191324,30437.0114058695,0,
108.5947,16611.0297237366,3200.40965243551,908561.432308183,25025.025025025,200.0016000128,600.014400345608,29835.5639922788,238554.820160154,2038368.52647381,29735.3255667733,0,
108.72094,14408.2991803279,2400.23042212052,936838.610615429,28031.3951625821,100.0004000016,300.003600043201,34647.952766629,243855.645535877,2113085.42574051,31639.9929510902,0,
108.84716,15309.3693340324,2500.2500250025,933932.787545073,27229.6258329062,400.006400102402,200.0016000128,28332.0719053969,232746.857009051,1818512.67776371,29735.3255667733,0,
108.97342,13807.6218072376,2900.33643902693,893212.249767997,25325.6295370915,400.006400102402,100.0004000016,28632.7558727184,231524.468523169,2014527.33221817,31539.7400724913,0,
109.09965,17211.841747122,2100.17641481884,916726.447915673,24123.2548176442,300.003600043201,300.003600043201,25425.8326459683,245181.19981258,2079957.36531512,30938.239664225,0,
109.22587,15709.8657957197,2900.33643902693,903085.161055022,23121.3641404658,500.010000200004,500.010000200004,29735.3255667733,241204.954545638,2062369.01813395,30837.992406645,0,
109.35222,17311.9798900839,2300.21161946899,956874.210911024,25425.8326459683,400.006400102402,100.0004000016,26928.9755777216,232543.117369679,1975351.00326725,27730.7256440136,0,
109.47845,16010.246557797,2400.23042212052,919090.965641653,26828.7604311822,300.003600043201,100.0004000016,27630.5040765005,220935.394051895,2075264.90439182,32442.0448901777,0,
109.60474,16611.0297237366,2200.1936170383,890530.693741948,23121.3641404658,100.0004000016,200.0016000128,27830.9480141918,225108.87156989,1891898.86924944,26528.1198069954,0,
109.73105,18213.259252736,2300.21161946899,893104.976861921,23522.1107841371,300.003600043201,100.0004000016,28933.4470648069,245079.229156653,2075499.48881457,30637.5003003677,0,
109.85737,17311.9798900839,2500.2500250025,968198.305626997,21819.0261908384,400.006400102402,200.0016000128,30336.7681630136,231320.748623379,2086764.32348097,27530.2833116428,200.0016000128,
109.98369,15409.4922472243,2600.27042812453,935331.806260997,24524.0335528818,600.014400345608,100.0004000016,28632.7558727184,232543.117369679,1855686.71664865,29234.1454819229,0,
110.1099,17612.3991289868,2500.2500250025,891388.7312391,19515.221873061,500.010000200004,400.006400102402,28031.3951625821,232033.782665391,2072802.01335014,34647.952766629,0,
110.23613,17812.6826300326,3000.36004320518,911031.880933626,19314.911111378,100.0004000016,0,26828.7604311822,243039.989014229,2093927.05881333,28231.8455217485,0,
110.36243,15709.8657957197,2700.2916314962,907272.689589422,22420.0883992057,0,500.010000200004,24824.6260290208,236210.934345474,2064361.21612083,29334.3798932349,0,
110.4887,16510.8971921468,1900.14441097523,943729.089354354,18914.2992102029,800.025600819226,100.0004000016,29133.9118734207,219001.81173309,2019549.18422577,28532.5270808722,0,
110.61504,16410.7654621432,2400.23042212052,893641.350280894,21017.6548300572,200.0016000128,200.0016000128,25726.4467872973,222462.115861902,1963364.33760721,27830.9480141918,0,
110.74127,17812.6826300326,2200.1936170383,901689.619017228,19815.6940296715,0,300.003600043201,25826.6531060054,225719.740235628,1857338.89615465,27129.408278574,0,
110.86756,14508.4148806308,1400.07840439065,895357.894562389,16510.8971921468,400.006400102402,200.0016000128,26528.1198069954,247118.798802681,2079722.70363951,27730.7256440136,0,
110.99381,17011.567866149,3100.38444767151,929521.486238684,18713.9980705568,100.0004000016,200.0016000128,27229.6258329062,245283.171292276,2045388.6530531,25125.2257266295,0,
111.12003,18814.1482394761,2900.33643902693,924896.611512313,15709.8657957197,500.010000200004,700.019600548815,24524.0335528818,233358.095668745,2186560.70432767,25726.4467872973,0,
111.24634,18914.2992102029,2800.31363512713,893534.073819358,15209.2472223112,600.014400345608,100.0004000016,25726.4467872973,229385.573635494,1931686.97392453,28332.0719053969,0,
111.37257,16310.634533716,2100.17641481884,886670.22867249,13507.2939387269,400.006400102402,200.0016000128,26628.3325458288,230811.463265957,2044335.4016841,24824.6260290208,0,
111.49886,15809.9919148902,1900.14441097523,888278.615867651,12105.8592358702,500.010000200004,400.006400102402,24323.6425805883,222563.903887907,1891320.34231575,25726.4467872973,0,
111.62509,15009.0054032419,2300.21161946899,837229.587555137,13607.4024269202,400.006400102402,200.0016000128,28532.5270808722,227348.867998402,2000406.08610754,27830.9480141918,0,
111.75124,18113.1138944596,2200.1936170383,896645.452134712,14308.184281409,300.003600043201,100.0004000016,24924.8251258253,239268.263134515,2058619.79392155,29434.6151073663,0,
111.87753,17111.7044058136,3000.36004320518,877559.808216229,13307.0793662228,300.003600043201,800.025600819226,22920.9956319989,228469.015403494,2045739.75507378,26027.0681508769,0,
112.00382,15809.9919148902,2800.31363512713,893104.976861921,11205.0198488923,200.0016000128,200.0016000128,22219.7311212357,225923.369699024,2064126.82466343,26227.4864057532,0,
112.1301,13507.2939387269,2200.1936170383,881310.381097119,12406.1534521122,200.0016000128,200.0016000128,25425.8326459683,229487.417550035,2100153.4952694,25626.2412710616,0,
112.25631,18012.9693379233,2200.1936170383,907380.079919086,12105.8592358702,200.0016000128,200.0016000128,26027.0681508769,236720.437705679,2115555.65196642,23722.4889194957,0,
112.38254,18113.1138944596,2900.33643902693,908776.235226816,11805.5722300926,200.0016000128,400.006400102402,24824.6260290208,230200.347974923,2137925.79405571,25425.8326459683,0,
112.50877,13907.7326993809,3100.38444767151,897074.666445678,10504.4118529783,300.003600043201,0,26427.9078707115,234478.77679397,2087817.93724129,24724.4277346018,0,
112.63497,16010.246557797,2000.16001280102,853047.143548527,8402.82334864514,400.006400102402,0,25826.6531060054,220528.299450394,1911034.73009957,22820.8125810739,100.0004000016,
112.76122,15409.4922472243,2400.23042212052,878738.442555411,7902.49718911176,300.003600043201,100.0004000016,25425.8326459683,242632.18051915,2142050.63620967,22219.7311212357,0,
112.88737,14708.648685427,2500.2500250025,876809.824079096,6901.90492575951,400.006400102402,500.010000200004,23121.3641404658,227756.182818485,2127678.04437654,32041.0124959949,0,
113.0136,17712.5404786589,2500.2500250025,896323.550738149,7202.07419736884,100.0004000016,0,23021.1794851263,231422.608162062,2089816.82949453,20817.3200102485,0,
113.13984,15209.2472223112,1600.10240655402,874988.615005009,8602.95941803981,300.003600043201,100.0004000016,24323.6425805883,234173.126614987,2085590.46587216,23922.8702639724,0,
113.26612,13407.186251831,2300.21161946899,894392.31040126,6301.58800017604,400.006400102402,100.0004000016,29835.5639922788,240797.205338933,2126382.90300039,25125.2257266295,0,
113.39237,13807.6218072376,2600.27042812453,889243.744123142,10104.0820491479,300.003600043201,100.0004000016,27830.9480141918,236618.535387796,2019549.18422577,26127.2768770597,0,
113.51864,16711.163056922,2500.2500250025,855934.86786583,9903.92195309342,600.014400345608,200.0016000128,21718.8519635043,239879.81778826,2113085.42574051,24524.0335528818,0,
113.64503,15209.2472223112,2200.1936170383,863745.649717982,7702.37233067785,300.003600043201,100.0004000016,24524.0335528818,243447.810686258,2108969.38204562,24724.4277346018,0,
113.77128,13607.4024269202,2200.1936170383,838725.013952912,6601.74286011507,100.0004000016,100.0004000016,28632.7558727184,242938.035655145,2125087.88528475,26528.1198069954,0,
113.89759,15109.1259120509,3700.5476810568,903192.516671295,7402.19104855037,200.0016000128,0,26427.9078707115,232746.857009051,2149478.51281673,25526.0365572884,0,
114.02387,15009.0054032419,2500.2500250025,863424.565701375,7902.49718911176,500.010000200004,300.003600043201,25225.4272306485,254668.072846585,1924252.16614755,25325.6295370915,0,
114.15016,15910.1188355794,2300.21161946899,871882.438166201,6201.53798141939,500.010000200004,400.006400102402,24724.4277346018,242632.18051915,2121321.26398375,23822.6791905894,0,
114.27637,14107.9568876847,3500.49006860961,840220.61346751,6901.90492575951,400.006400102402,0,25425.8326459683,241510.77509612,1968034.92305648,25125.2257266295,0,
114.4026,15309.3693340324,2800.31363512713,880881.689172681,7102.01697282028,100.0004000016,300.003600043201,24323.6425805883,228978.206199466,2000056.16011681,23822.6791905894,0,
114.52888,14708.648685427,1800.12960933187,856469.702423061,7502.25067520256,300.003600043201,200.0016000128,23421.922919853,241001.078295566,1943252.23046652,26728.5460872212,0,
114.65509,14508.4148806308,3700.5476810568,894928.737156115,7102.01697282028,200.0016000128,400.006400102402,26828.7604311822,235497.664202336,2115320.37293327,22119.5536854579,100.0004000016,
114.78129,17111.7044058136,1500.09000540032,866849.872942033,8002.56081946223,0,300.003600043201,26828.7604311822,234886.321884097,2070105.07531986,22219.7311212357,100.0004000016,
114.90756,14107.9568876847,2500.2500250025,877774.097383239,6901.90492575951,100.0004000016,300.003600043201,25125.2257266295,247832.726038797,2127207.06956718,26828.7604311822,0,
115.03385,16010.246557797,2100.17641481884,897396.586515951,7502.25067520256,400.006400102402,100.0004000016,24824.6260290208,249974.75002525,2159506.69644797,26127.2768770597,0,
115.16008,15109.1259120509,2400.23042212052,893534.073819358,7302.132222609,400.006400102402,300.003600043201,24824.6260290208,252117.137500808,2122262.82123608,27730.7256440136,0,
115.28638,14608.5313823273,2100.17641481884,838511.371012084,8302.75651516303,500.010000200004,100.0004000016,22219.7311212357,226025.185663545,2011608.50887277,22019.3770518056,100.0004000016,
115.41263,13807.6218072376,1700.11560786133,856255.765945036,9303.46088745013,0,100.0004000016,26828.7604311822,235090.099365691,2063861.33440433,23722.4889194957,0,
115.53885,15409.4922472243,2700.2916314962,897396.586515951,8102.62525058119,0,100.0004000016,28833.2158646761,236822.340846504,2038836.42152897,22620.4488857928,0,
115.66509,13907.7326993809,3000.36004320518,826979.896278849,8002.56081946223,400.006400102402,300.003600043201,26828.7604311822,253851.717463948,2021730.75700139,21618.6785382571,0,
115.79138,15009.0054032419,2900.33643902693,903621.948035262,8903.16952835209,300.003600043201,500.010000200004,29534.8511243267,243141.943196872,2104737.04068313,22920.9956319989,0,
115.91764,13006.7635170289,1300.06760351538,830502.310280127,8903.16952835209,100.0004000016,300.003600043201,24524.0335528818,231931.918192021,2076907.08071951,23421.922919853,100.0004000016,
116.0439,14808.7667899396,2700.2916314962,876702.687036807,8002.56081946223,300.003600043201,200.0016000128,26127.2768770597,242734.131407616,2119909.05067301,24824.6260290208,0,
116.17022,14208.0701838644,1800.12960933187,851656.98780629,8903.16952835209,200.0016000128,100.0004000016,25926.8602271954,237943.32971253,1901947.74281658,22620.4488857928,0,
116.29656,13607.4024269202,1500.09000540032,849839.317398803,8903.16952835209,100.0004000016,800.025600819226,25826.6531060054,244875.290316066,2087820.88232617,24924.8251258253,0,
116.42284,13607.4024269202,1600.10240655402,870704.428236736,7102.01697282028,700.019600548815,200.0016000128,26327.6967369673,241612.71692642,2050656.14071535,25025.025025025,0,
116.54913,13106.8679988314,2000.16001280102,836695.548647397,7302.132222609,400.006400102402,400.006400102402,25425.8326459683,232848.728062561,1986416.11758305,24323.6425805883,0,
116.67542,13307.0793662228,2500.2500250025,845563.453959747,7202.07419736884,400.006400102402,100.0004000016,26828.7604311822,240083.675925402,2035327.60328577,24123.2548176442,0,
116.80167,13607.4024269202,1700.11560786133,857753.395640176,7502.25067520256,100.0004000016,100.0004000016,27029.191526849,227348.867998402,1918469.53787656,21418.3340939844,0,
116.92799,10904.7544729502,3200.40965243551,834666.402119683,8703.02865397158,500.010000200004,200.0016000128,24724.4277346018,232033.782665391,1987697.9277766,24023.0621396541,0,
117.05431,14508.4148806308,2900.33643902693,828474.136399139,8703.02865397158,400.006400102402,300.003600043201,25526.0365572884,224803.448331531,1974070.36563892,24423.8376655616,100.0004000016,
117.18053,11605.3848985929,2200.1936170383,837977.2791163,10204.1632986258,300.003600043201,300.003600043201,24824.6260290208,242632.18051915,2045739.75507378,21819.0261908384,0,
117.30683,11605.3848985929,3800.57768780855,837229.587555137,7202.07419736884,300.003600043201,300.003600043201,24423.8376655616,233052.472637278,1995624.54917307,22820.8125810739,0,
117.43306,11305.1099096792,3200.40965243551,910494.786808449,8402.82334864514,300.003600043201,300.003600043201,24323.6425805883,237128.055206722,2016278.92903148,24223.4482979524,0,
117.55934,13807.6218072376,2500.2500250025,887849.693073654,8903.16952835209,300.003600043201,100.0004000016,25726.4467872973,242836.083119611,2047846.55864839,22420.0883992057,0,
117.68559,12606.3536022155,2300.21161946899,877345.522598168,8402.82334864514,0,200.0016000128,23522.1107841371,231320.748623379,2072450.20834958,23421.922919853,0,
117.81175,12606.3536022155,1800.12960933187,845242.821225354,8703.02865397158,500.010000200004,300.003600043201,23321.7358578195,232033.782665391,1951155.88117343,23221.549598027,100.0004000016,
117.93797,13507.2939387269,2300.21161946899,914792.16336685,8903.16952835209,400.006400102402,300.003600043201,27931.1711870447,250484.809308339,2040357.19230237,22420.0883992057,0,
118.06418,11004.8421305374,2000.16001280102,873703.209995115,9103.31360615264,300.003600043201,300.003600043201,26628.3325458288,237128.055206722,2034041.26476059,24423.8376655616,0,
118.19036,11905.6670975384,2700.2916314962,867920.467526447,8803.09869073914,200.0016000128,500.010000200004,24524.0335528818,228774.527414596,1972673.44507932,24023.0621396541,0,
118.31665,13307.0793662228,3000.36004320518,908239.234608433,9403.53572943427,300.003600043201,300.003600043201,26427.9078707115,223276.443074092,2008106.75332308,23622.2994506814,0,
118.44288,12606.3536022155,2800.31363512713,917908.652849311,10304.2453490838,300.003600043201,700.019600548815,27630.5040765005,242428.281212767,2063540.86378162,26027.0681508769,0,
118.56908,15609.7404780583,1500.09000540032,879481.675783624,10104.0820491479,200.0016000128,300.003600043201,24123.2548176442,233561.848469433,1906601.80381858,24824.6260290208,0,
118.69531,14208.0701838644,1700.11560786133,854009.646648079,8002.56081946223,300.003600043201,0,25425.8326459683,223378.237672831,1899537.75834316,20316.4969955604,0,
118.82158,12406.1534521122,3000.36004320518,877345.522598168,9703.76506084361,200.0016000128,300.003600043201,27229.6258329062,231931.918192021,1973953.95006582,23722.4889194957,0,
118.94779,17612.3991289868,2800.31363512713,902870.452492063,11805.5722300926,700.019600548815,200.0016000128,27430.063349431,220833.619169448,1897817.29405159,24724.4277346018,0,
119.07414,15009.0054032419,2700.2916314962,917263.800424628,9703.76506084361,200.0016000128,100.0004000016,29234.1454819229,230200.347974923,2034976.77154796,22420.0883992057,0,
119.20049,16210.5044068556,2300.21161946899,865565.276409777,10504.4118529783,200.0016000128,200.0016000128,24924.8251258253,228672.689255411,1962317.46511076,23221.549598027,0,
119.32678,16911.4321281186,2600.27042812453,939099.145462318,9403.53572943427,300.003600043201,300.003600043201,29133.9118734207,248648.692321987,2044686.47635862,23722.4889194957,0,
119.45302,19615.3784567101,3000.36004320518,915329.435667786,9003.24116682005,500.010000200004,700.019600548815,25025.025025025,229283.730543176,2032755.04863733,24023.0621396541,0,
119.5793,15309.3693340324,3000.36004320518,944590.656626456,10904.7544729502,400.006400102402,200.0016000128,27329.8441898553,230505.901919941,1945230.04759605,20416.6599945556,0,
119.70557,15109.1259120509,3300.43565750679,936085.186553074,8602.95941803981,200.0016000128,200.0016000128,28031.3951625821,230302.198467612,1950574.80185937,23221.549598027,0,
119.83177,16811.2971917128,2600.27042812453,875845.622634948,8202.69048247825,300.003600043201,700.019600548815,22319.9093591484,223785.42428425,1887502.68875027,20316.4969955604,0,
119.95808,14908.8856958747,2700.2916314962,941144.730834682,11705.4781637807,100.0004000016,500.010000200004,25025.025025025,219815.915519669,1919233.68479085,21518.505915087,0,
120.08428,15809.9919148902,2300.21161946899,877131.24052897,8402.82334864514,300.003600043201,300.003600043201,24223.4482979524,218391.268384207,1913785.45622096,22319.9093591484,0,
120.21059,14107.9568876847,2700.2916314962,904266.121779064,9903.92195309342,500.010000200004,200.0016000128,25325.6295370915,228163.510791599,1887965.37690474,21919.201220269,100.0004000016,
120.33683,14308.184281409,3000.36004320518,884311.622262993,10804.6676164103,300.003600043201,200.0016000128,30236.5257230735,219510.620440312,1926076.07370421,22620.4488857928,0,
120.46307,16811.2971917128,2400.23042212052,896323.550738149,8502.8909829342,0,900.032401166442,25025.025025025,227043.390514632,1936752.50511798,17612.3991289868,0,
120.58943,17311.9798900839,1900.14441097523,918553.537364187,10204.1632986258,600.014400345608,300.003600043201,26327.6967369673,223378.237672831,1924568.1299272,19415.0660912868,0,
120.71558,18713.9980705568,2600.27042812453,896645.452134712,8402.82334864514,700.019600548815,200.0016000128,24924.8251258253,215745.922109569,1907412.66930144,24223.4482979524,100.0004000016,
120.84183,17011.567866149,1600.10240655402,932103.529255562,7702.37233067785,500.010000200004,100.0004000016,25726.4467872973,229385.573635494,1967203.56571152,22219.7311212357,0,
120.96805,16611.0297237366,2200.1936170383,927155.065129014,9103.31360615264,300.003600043201,300.003600043201,27830.9480141918,214626.904208624,1863002.98286785,21618.6785382571,0,
121.09428,17011.567866149,2800.31363512713,906520.982209474,7702.37233067785,200.0016000128,300.003600043201,25926.8602271954,230505.901919941,1878021.08957047,16510.8971921468,0,
121.22058,17111.7044058136,2600.27042812453,950730.98019025,9103.31360615264,100.0004000016,100.0004000016,27931.1711870447,206593.238180124,1872705.07098694,18213.259252736,0,
121.3468,16611.0297237366,2200.1936170383,913610.242717239,8302.75651516303,500.010000200004,100.0004000016,24824.6260290208,222971.064207595,1951504.54078949,20316.4969955604,0,
121.47297,17912.8255831175,3300.43565750679,945021.461721753,10004.0016006403,300.003600043201,100.0004000016,23622.2994506814,223989.022519977,1937332.98853547,20316.4969955604,0,
121.59924,16410.7654621432,3500.49006860961,1008842.64905734,9803.84310649775,200.0016000128,400.006400102402,26628.3325458288,234071.24486739,1881489.19149083,17311.9798900839,0,
121.72548,19014.4509827469,2700.2916314962,928768.487211931,10504.4118529783,400.006400102402,300.003600043201,23822.6791905894,225312.491171141,1932573.76293302,17812.6826300326,0,
121.85174,19915.8530190031,3100.38444767151,922746.069074786,9903.92195309342,100.0004000016,200.0016000128,25526.0365572884,220731.845108389,1858154.56545655,18113.1138944596,0,
121.97803,17412.118834709,3100.38444767151,870811.515615622,9703.76506084361,300.003600043201,0,25526.0365572884,219408.857056391,1881951.67270256,19314.911111378,0,
122.10424,16811.2971917128,3100.38444767151,913180.480119408,10004.0016006403,500.010000200004,400.006400102402,23722.4889194957,223581.829335227,2009390.62493248,24824.6260290208,0,
122.23054,21718.8519635043,2600.27042812453,923283.671234695,12105.8592358702,400.006400102402,300.003600043201,22219.7311212357,223887.222991271,1939422.93600917,20917.487019148,0,
122.3567,19415.0660912868,2400.23042212052,913502.800731383,11205.0198488923,300.003600043201,200.0016000128,24023.0621396541,213813.135388091,1901621.84497779,20516.8237955123,0,
122.48302,17011.567866149,3100.38444767151,904695.588741198,10804.6676164103,200.0016000128,0,25125.2257266295,206288.263145583,1848116.98046746,17712.5404786589,0,
122.60928,18914.2992102029,4300.73972723308,888922.026709083,8803.09869073914,200.0016000128,0,24223.4482979524,203543.819889427,1847425.00977246,16510.8971921468,0,
122.73555,18313.4054127621,2300.21161946899,886991.890123181,8002.56081946223,300.003600043201,200.0016000128,24724.4277346018,212592.580639956,1901506.05391492,20316.4969955604,100.0004000016,
122.86184,14408.2991803279,2000.16001280102,879381.37926751,7802.43435952017,300.003600043201,0,26327.6967369673,210253.51430934,1886693.02279561,17712.5404786589,0,
122.98808,16310.634533716,4000.64010241639,899542.924866462,7402.19104855037,500.010000200004,200.0016000128,26127.2768770597,222767.482404597,1963945.96856651,20917.487019148,0,
123.11429,17211.841747122,2900.33643902693,938022.651156421,9603.68781612139,300.003600043201,100.0004000016,23622.2994506814,215644.189105228,1988746.77214589,20717.1538033492,0,
123.24057,17311.9798900839,2000.16001280102,928768.487211931,8602.95941803981,200.0016000128,200.0016000128,25025.025025025,226432.45774068,1985483.96846368,19114.6035571176,0,
123.36683,18814.1482394761,3200.40965243551,945021.461721753,10004.0016006403,200.0016000128,100.0004000016,27329.8441898553,212084.051037326,1878714.63836302,15309.3693340324,0,
123.49302,17111.7044058136,3500.49006860961,859893.167609346,7202.07419736884,200.0016000128,300.003600043201,23722.4889194957,220528.299450394,1922016.60980737,21017.6548300572,0,
123.61921,18213.259252736,3000.36004320518,893963.184998902,9403.53572943427,0,400.006400102402,27229.6258329062,221444.280785295,1942906.90255721,20917.487019148,0,
123.74542,16310.634533716,3000.36004320518,960863.479088005,11104.9305891816,200.0016000128,500.010000200004,23922.8702639724,221342.50179576,1994575.1701738,20416.6599945556,0,
123.87169,18413.5523745477,3100.38444767151,924789.075916078,10604.4963064339,100.0004000016,400.006400102402,24023.0621396541,229894.801430636,2008106.75332308,18814.1482394761,0,
123.99798,18213.259252736,3100.38444767151,901796.96306611,9203.38684635946,100.0004000016,100.0004000016,24824.6260290208,230200.347974923,1974303.19979974,21017.6548300572,0,
124.12417,17011.567866149,2000.16001280102,878952.751243225,11104.9305891816,600.014400345608,200.0016000128,26427.9078707115,219001.81173309,2041995.13676759,20116.1734034163,0,
124.2505,15309.3693340324,3100.38444767151,897611.204342511,9503.61137232148,600.014400345608,200.0016000128,22119.5536854579,227043.390514632,1971975.03905542,20717.1538033492,0,
124.37684,16711.163056922,2600.27042812453,943190.638866636,10004.0016006403,100.0004000016,200.0016000128,26427.9078707115,228672.689255411,2024105.50210788,18012.9693379233,0,
124.50313,16210.5044068556,3100.38444767151,893534.073819358,11205.0198488923,700.019600548815,200.0016000128,28031.3951625821,217882.504841833,1795382.16467975,18713.9980705568,0,
124.6294,15809.9919148902,1700.11560786133,888064.152694016,8102.62525058119,300.003600043201,300.003600043201,24423.8376655616,216865.039338309,1895717.77139931,17912.8255831175,0,
124.75566,14208.0701838644,1700.11560786133,892997.704844683,12306.0545788528,600.014400345608,100.0004000016,26528.1198069954,231626.329706708,2076085.96765599,20717.1538033492,0,
124.88194,18413.5523745477,3000.36004320518,920165.88906169,14308.184281409,300.003600043201,200.0016000128,28131.6199408135,239777.889954568,2152191.2904459,22920.9956319989,0,
125.00829,15409.4922472243,2400.23042212052,917048.856747141,11405.2007715518,200.0016000128,200.0016000128,26427.9078707115,220833.619169448,1840817.10109468,16711.163056922,0,
125.13462,17412.118834709,3900.60849492521,874881.493042762,9303.46088745013,700.019600548815,0,22920.9956319989,235701.451557547,2068815.42532688,22119.5536854579,0,
125.26095,16510.8971921468,2300.21161946899,871239.873996713,10504.4118529783,200.0016000128,200.0016000128,24423.8376655616,231931.918192021,2056745.57135188,21217.9928579435,0,
125.38725,16010.246557797,1900.14441097523,857753.395640176,11905.6670975384,400.006400102402,300.003600043201,28833.2158646761,221240.723627662,1993176.12507558,20416.6599945556,0,
125.51349,14007.84439286,2200.1936170383,855827.903609474,11605.3848985929,200.0016000128,200.0016000128,25826.6531060054,231422.608162062,2015695.03818939,20016.0128102482,0,
125.63983,13507.2939387269,2900.33643902693,844387.839491879,10704.5815609081,500.010000200004,200.0016000128,24624.2302425587,233052.472637278,2122969.03207888,19615.3784567101,0,
125.76609,17912.8255831175,2900.33643902693,869205.298013245,11605.3848985929,200.0016000128,100.0004000016,26227.4864057532,233154.346158505,2013469.85947141,18413.5523745477,100.0004000016,
125.89227,16510.8971921468,1600.10240655402,834773.191359198,11605.3848985929,600.014400345608,100.0004000016,24724.4277346018,236618.535387796,1983852.86244711,19915.8530190031,0,
126.0186,14508.4148806308,2100.17641481884,866207.558726638,11405.2007715518,100.0004000016,200.0016000128,26728.5460872212,223989.022519977,2042346.15068428,19214.7569333248,0,
126.14484,19214.7569333248,1800.12960933187,819617.952277084,10904.7544729502,200.0016000128,300.003600043201,26528.1198069954,236618.535387796,2069401.61463567,19114.6035571176,0,
126.27113,16210.5044068556,3300.43565750679,878202.686364464,11905.6670975384,200.0016000128,300.003600043201,27229.6258329062,241103.016008917,2161277.14498038,23221.549598027,0,
126.39734,17011.567866149,3100.38444767151,876809.824079096,14007.84439286,300.003600043201,0,26728.5460872212,222462.115861902,2002039.19399993,22019.3770518056,0,
126.52351,14007.84439286,2400.23042212052,846418.513479424,11104.9305891816,200.0016000128,300.003600043201,25926.8602271954,233765.60456065,1917643.44812356,19815.6940296715,100.0004000016,
126.64974,15910.1188355794,2100.17641481884,872203.732220622,12105.8592358702,600.014400345608,200.0016000128,28933.4470648069,242530.230454204,2135333.67777117,21217.9928579435,0,
126.7761,15209.2472223112,2100.17641481884,866635.76465914,11505.2924345199,300.003600043201,100.0004000016,27129.408278574,246200.951680791,2132270.90595738,20717.1538033492,0,
126.90237,17512.2585810067,2100.17641481884,861284.209306752,12706.4548790786,400.006400102402,0,24624.2302425587,232441.248783796,1916817.35837056,20717.1538033492,100.0004000016,
127.02857,13206.9732818928,2700.2916314962,835734.334244129,10404.3282005314,400.006400102402,300.003600043201,30437.0114058695,253749.676752004,2155848.50077992,21217.9928579435,0,
127.15482,13607.4024269202,1900.14441097523,834986.772486773,12205.9565067753,200.0016000128,400.006400102402,26728.5460872212,222767.482404597,2081248.07723139,20817.3200102485,0,
127.28104,13307.0793662228,1300.06760351538,831249.612531256,14508.4148806308,100.0004000016,500.010000200004,27630.5040765005,238758.656894219,2045271.62107194,21017.6548300572,0,
127.40719,15409.4922472243,2200.1936170383,841716.386128994,13407.186251831,600.014400345608,400.006400102402,29234.1454819229,237331.868895089,2062837.74421505,22520.2682414173,0,
127.53348,13807.6218072376,2300.21161946899,840861.637690447,10604.4963064339,100.0004000016,0,24423.8376655616,234988.210213508,2042463.15734819,20016.0128102482,0,
127.65977,15709.8657957197,2400.23042212052,832103.725196014,9803.84310649775,400.006400102402,200.0016000128,26928.9755777216,233052.472637278,2028312.69811753,20416.6599945556,0,
127.78606,12105.8592358702,1700.11560786133,823778.535275282,10904.7544729502,600.014400345608,300.003600043201,29735.3255667733,227145.215520547,2065181.61819473,21117.8234429859,0,
127.91234,13106.8679988314,1800.12960933187,857539.437919151,9703.76506084361,400.006400102402,400.006400102402,28632.7558727184,248342.698785252,2104972.13608864,20316.4969955604,0,
128.03865,15409.4922472243,2300.21161946899,842998.614815274,11705.4781637807,0,100.0004000016,26427.9078707115,236414.733220813,2098743.48546207,22319.9093591484,0,
128.16489,11405.2007715518,2100.17641481884,871239.873996713,10104.0820491479,300.003600043201,300.003600043201,26528.1198069954,233154.346158505,2126147.43603654,20516.8237955123,0,
128.29117,13006.7635170289,1900.14441097523,895465.186136604,12105.8592358702,600.014400345608,300.003600043201,28632.7558727184,242734.131407616,2080074.69767805,21117.8234429859,0,
128.41742,12706.4548790786,1600.10240655402,863745.649717982,12806.5569571621,200.0016000128,100.0004000016,25726.4467872973,244263.493563723,2069167.13586556,21418.3340939844,0,
128.54374,12706.4548790786,1800.12960933187,851336.203865705,11505.2924345199,300.003600043201,100.0004000016,26227.4864057532,250790.854769571,2105912.55849456,24524.0335528818,100.0004000016,
128.66999,11605.3848985929,2300.21161946899,834132.46916438,10804.6676164103,300.003600043201,100.0004000016,25325.6295370915,230811.463265957,2037198.8596791,21819.0261908384,0,
128.79631,14808.7667899396,2100.17641481884,887420.784492399,11605.3848985929,300.003600043201,100.0004000016,27129.408278574,241816.603057289,2090756.20053228,19815.6940296715,0,
128.92255,13307.0793662228,2200.1936170383,869954.841406829,11004.8421305374,200.0016000128,200.0016000128,25225.4272306485,235090.099365691,2071043.07977512,21217.9928579435,0,
129.04875,13907.7326993809,2000.16001280102,831356.373525546,13006.7635170289,400.006400102402,100.0004000016,27430.063349431,237637.595600171,2058151.2139369,21919.201220269,0,
129.17499,15709.8657957197,2400.23042212052,849197.84769239,11004.8421305374,200.0016000128,300.003600043201,25225.4272306485,235395.771758968,2123910.70374614,23021.1794851263,0,
129.30122,15609.7404780583,2200.1936170383,874024.549274492,9003.24116682005,200.0016000128,300.003600043201,24824.6260290208,246302.931398726,2079722.70363951,19815.6940296715,0,
129.4275,13006.7635170289,1600.10240655402,875202.861590435,12205.9565067753,400.006400102402,300.003600043201,25626.2412710616,254055.801361699,2113673.5340179,21819.0261908384,0,
129.55383,11705.4781637807,2300.21161946899,880238.677913183,9503.61137232148,400.006400102402,0,27730.7256440136,233358.095668745,2052763.71034065,20917.487019148,0,
129.68006,13907.7326993809,2400.23042212052,834132.46916438,11104.9305891816,200.0016000128,400.006400102402,25526.0365572884,235497.664202336,1935817.42268953,22119.5536854579,0,
129.80629,9803.84310649775,2100.17641481884,908131.837155992,12506.2531265633,600.014400345608,400.006400102402,26427.9078707115,243855.645535877,2036964.93846387,22219.7311212357,0,
129.93257,14308.184281409,2000.16001280102,899864.906304649,9603.68781612139,400.006400102402,400.006400102402,26728.5460872212,244467.422519681,2109322.13682183,17712.5404786589,0,
130.05897,13807.6218072376,2300.21161946899,852191.64539893,8202.69048247825,100.0004000016,100.0004000016,24223.4482979524,230913.318692675,2095336.56743271,20216.3347985172,0,
130.1852,12506.2531265633,2700.2916314962,888707.552875096,9603.68781612139,200.0016000128,300.003600043201,26227.4864057532,241612.71692642,2108381.47781884,20817.3200102485,0,
130.31147,16811.2971917128,2400.23042212052,885062.041316701,9203.38684635946,200.0016000128,400.006400102402,23822.6791905894,243549.768163239,2047729.5053944,20717.1538033492,0,
130.43776,14708.648685427,2300.21161946899,818444.696891459,10204.1632986258,600.014400345608,500.010000200004,22019.3770518056,219205.332752283,1891667.45548891,20016.0128102482,0,
130.56404,16510.8971921468,3300.43565750679,900401.559825784,9003.24116682005,500.010000200004,100.0004000016,22620.4488857928,247118.798802681,2068112.03166753,20917.487019148,0,
130.69027,15309.3693340324,1900.14441097523,880881.689172681,9503.61137232148,200.0016000128,100.0004000016,25726.4467872973,228265.344840113,1971625.84960621,18413.5523745477,0,
130.81653,16010.246557797,1500.09000540032,865886.413581039,7802.43435952017,300.003600043201,200.0016000128,23021.1794851263,227959.845160874,1847425.81911867,17812.6826300326,0,
130.94277,15809.9919148902,2600.27042812453,910817.040611578,8002.56081946223,400.006400102402,300.003600043201,24624.2302425587,232746.857009051,2033339.67715704,20216.3347985172,0,
131.06901,18513.7001381022,2700.2916314962,889887.202939434,7902.49718911176,300.003600043201,0,24123.2548176442,235803.34646941,2006589.60786432,20717.1538033492,0,
131.19529,18113.1138944596,3200.40965243551,899113.62873517,7202.07419736884,600.014400345608,400.006400102402,23522.1107841371,230098.498304537,2012192.22308181,18814.1482394761,0,
131.32157,20817.3200102485,2600.27042812453,905769.318450296,8903.16952835209,500.010000200004,200.0016000128,26127.2768770597,236414.733220813,2009740.79291956,19214.7569333248,0,
131.44781,19114.6035571176,3800.57768780855,870704.428236736,6901.90492575951,500.010000200004,200.0016000128,23021.1794851263,229487.417550035,2009390.62493248,16911.4321281186,0,
131.57401,18914.2992102029,2600.27042812453,899757.578269067,7602.31110257518,400.006400102402,200.0016000128,24423.8376655616,232441.248783796,1958014.50988173,19815.6940296715,0,
131.70035,18713.9980705568,3600.51847466035,927155.065129014,6201.53798141939,600.014400345608,200.0016000128,22620.4488857928,241816.603057289,2031819.69560008,19915.8530190031,0,
131.82665,20116.1734034163,3100.38444767151,898362.394749055,6301.58800017604,100.0004000016,200.0016000128,21017.6548300572,220121.217990622,1961503.28714648,18713.9980705568,0,
131.95299,20616.9883984403,4000.64010241639,928445.786731273,6501.69043951427,400.006400102402,100.0004000016,26728.5460872212,226025.185663545,1900295.56331058,19915.8530190031,0,
132.07924,18012.9693379233,3800.57768780855,874560.132477748,6901.90492575951,100.0004000016,100.0004000016,23822.6791905894,224599.836948187,1973488.29782184,15009.0054032419,0,
132.20555,19515.221873061,4200.70571856072,925756.928399281,5101.04061228491,200.0016000128,200.0016000128,21518.505915087,228876.366395944,1975467.43089964,20116.1734034163,0,
132.33182,19314.911111378,3200.40965243551,942221.484310144,7602.31110257518,200.0016000128,200.0016000128,21518.505915087,230505.901919941,1980940.66351529,16310.634533716,0,
132.45803,21919.201220269,3400.46246289495,931780.745756523,5501.21026625858,500.010000200004,300.003600043201,20817.3200102485,241306.893905739,1781338.63887877,19214.7569333248,0,
132.58439,19815.6940296715,2100.17641481884,883775.635291389,6201.53798141939,200.0016000128,200.0016000128,19515.221873061,209033.304158079,1862425.69853052,17211.841747122,0,
132.71057,21318.1630749398,4300.73972723308,896108.95425297,5401.16665199683,500.010000200004,300.003600043201,20016.0128102482,217170.270368413,1944300.74150716,16410.7654621432,0,
132.83685,19715.5358422437,3600.51847466035,930920.02904263,6501.69043951427,300.003600043201,300.003600043201,21618.6785382571,227959.845160874,1818512.67776371,20817.3200102485,0,
132.96309,35951.6265357053,3200.40965243551,920380.884444868,6201.53798141939,300.003600043201,200.0016000128,26327.6967369673,217679.00517265,1959293.6233722,17912.8255831175,0,
133.0894,24023.0621396541,3300.43565750679,935439.429337339,5601.25468104855,0,400.006400102402,20316.4969955604,216661.556089925,1867737.65051307,17211.841747122,0,
133.21559,22319.9093591484,3300.43565750679,882703.727937583,4900.9605882753,200.0016000128,100.0004000016,24423.8376655616,220019.449679,1866425.88343764,18814.1482394761,0,
133.34188,25826.6531060054,3600.51847466035,913610.242717239,4500.81014582625,400.006400102402,400.006400102402,21518.505915087,241918.547357878,1990145.35812684,19014.4509827469,0,
133.46809,22119.5536854579,5301.12383825371,943944.475807791,4600.84655576626,200.0016000128,200.0016000128,24724.4277346018,224396.228851866,1798686.52369174,16110.3750815525,0,
133.59435,23321.7358578195,2900.33643902693,870383.171419229,5301.12383825371,300.003600043201,100.0004000016,21618.6785382571,215542.456921767,1890279.05655994,16711.163056922,0,
133.72069,19815.6940296715,3000.36004320518,943406.016379629,5501.21026625858,300.003600043201,200.0016000128,21117.8234429859,237331.868895089,2015344.71579857,19715.5358422437,0,
133.84699,23221.549598027,2700.2916314962,992065.142353342,6101.48876325823,400.006400102402,300.003600043201,23021.1794851263,225007.063001978,1951620.76266618,17812.6826300326,0,
133.97323,23522.1107841371,3800.57768780855,921563.422807658,6301.58800017604,300.003600043201,100.0004000016,20316.4969955604,215237.265296572,1922248.54619858,19014.4509827469,0,
134.0995,21919.201220269,3800.57768780855,931995.933863038,4400.77453631839,500.010000200004,100.0004000016,22920.9956319989,210253.51430934,1914596.75474558,19214.7569333248,0,
134.22573,24724.4277346018,4000.64010241639,886884.668751424,5301.12383825371,600.014400345608,200.0016000128,22219.7311212357,217475.508787786,1954526.63538504,21518.505915087,0,
134.35197,25025.025025025,3800.57768780855,954179.453425744,4100.67251029169,400.006400102402,200.0016000128,22119.5536854579,215745.922109569,1819315.05614892,17311.9798900839,0,
134.47828,20917.487019148,4200.70571856072,914577.260684062,5101.04061228491,500.010000200004,100.0004000016,23321.7358578195,223989.022519977,1925032.09463826,20516.8237955123,0,
134.60447,25726.4467872973,3600.51847466035,942867.579302158,5801.34591225164,300.003600043201,100.0004000016,20516.8237955123,229385.573635494,1956270.45980928,19014.4509827469,0,
134.73079,31138.7365883159,3000.36004320518,931027.61550717,5901.39272868397,300.003600043201,0,23421.922919853,222462.115861902,1949180.31373158,19214.7569333248,0,
134.85704,24624.2302425587,3500.49006860961,932211.125540946,5601.25468104855,200.0016000128,200.0016000128,22820.8125810739,214932.081058946,2005422.68887593,21518.505915087,0,
134.98327,27329.8441898553,4200.70571856072,951485.255404137,5501.21026625858,100.0004000016,100.0004000016,24624.2302425587,224192.62404249,1947785.96990471,20817.3200102485,0,
135.10953,26828.7604311822,4800.92177698118,923821.295693327,4900.9605882753,500.010000200004,300.003600043201,20616.9883984403,222258.542274523,1896165.11454559,19715.5358422437,0,
135.23579,26227.4864057532,4400.77453631839,912858.167525592,3400.46246289495,400.006400102402,200.0016000128,21518.505915087,222563.903887907,1921552.74901359,18413.5523745477,0,
135.36204,25526.0365572884,5301.12383825371,938776.187788439,4000.64010241639,300.003600043201,300.003600043201,25025.025025025,217068.525870695,1918306.17096785,18113.1138944596,0,
135.48826,27830.9480141918,4500.81014582625,927047.510796023,4900.9605882753,400.006400102402,300.003600043201,22920.9956319989,212694.289022191,1935359.44698475,19615.3784567101,0,
135.6145,24624.2302425587,3700.5476810568,911461.57226603,4800.92177698118,400.006400102402,0,21017.6548300572,217373.761826948,1926076.07370421,19815.6940296715,0,
135.74077,25526.0365572884,2600.27042812453,910709.621786554,5701.29989637637,200.0016000128,100.0004000016,24023.0621396541,226025.185663545,1966505.44291946,20016.0128102482,0,
135.86701,28632.7558727184,5001.00020004001,944806.05738576,3200.40965243551,300.003600043201,0,24824.6260290208,223072.856341484,1845773.63961267,20416.6599945556,300.003600043201,
135.99319,27029.191526849,3400.46246289495,899328.275021859,5301.12383825371,300.003600043201,200.0016000128,22620.4488857928,212897.70824845,1943255.34877505,20316.4969955604,0,
136.11945,26728.5460872212,4000.64010241639,876167.015132383,5701.29989637637,200.0016000128,300.003600043201,22520.2682414173,219001.81173309,1906138.47405603,17311.9798900839,0,
136.24569,22820.8125810739,4700.88376614804,903192.516671295,3800.57768780855,200.0016000128,100.0004000016,20216.3347985172,215033.80831733,1901621.84497779,18914.2992102029,100.0004000016,
136.37195,22420.0883992057,2400.23042212052,908776.235226816,3700.5476810568,700.019600548815,100.0004000016,21117.8234429859,216152.862335944,1916799.09731823,19314.911111378,0,
136.49824,21819.0261908384,4300.73972723308,892783.163476676,4200.70571856072,300.003600043201,100.0004000016,22219.7311212357,206084.950555744,1844657.48364623,19014.4509827469,0,
136.62446,23421.922919853,3100.38444767151,891925.033555935,4300.73972723308,300.003600043201,400.006400102402,21819.0261908384,215033.80831733,1875709.51873129,18012.9693379233,0,
136.75075,22920.9956319989,3800.57768780855,874560.132477748,5101.04061228491,200.0016000128,200.0016000128,20116.1734034163,214728.629004603,1820164.85726971,19915.8530190031,0,
136.87691,19415.0660912868,2800.31363512713,914577.260684062,4000.64010241639,100.0004000016,400.006400102402,23121.3641404658,223276.443074092,1949180.31373158,18513.7001381022,100.0004000016,
137.00324,20817.3200102485,3200.40965243551,910709.621786554,6501.69043951427,300.003600043201,0,19915.8530190031,213406.270674993,1881489.19149083,17011.567866149,0,
137.12949,18313.4054127621,2600.27042812453,867599.279846036,4400.77453631839,400.006400102402,400.006400102402,22019.3770518056,228061.677565189,1836686.65232968,18513.7001381022,0,
137.25577,18713.9980705568,2800.31363512713,890101.696319463,4700.88376614804,100.0004000016,400.006400102402,25626.2412710616,230709.608661602,1975700.28917951,18213.259252736,0,
137.38205,22319.9093591484,4000.64010241639,944267.562193598,4000.64010241639,500.010000200004,200.0016000128,23021.1794851263,226432.45774068,2027728.2870042,18213.259252736,0,
137.50827,20817.3200102485,3300.43565750679,931995.933863038,4200.70571856072,0,100.0004000016,20817.3200102485,211880.644940076,1819199.97253714,15910.1188355794,0,
137.6344,18613.8487034354,3500.49006860961,849946.232111837,4300.73972723308,300.003600043201,0,21418.3340939844,211270.446340332,1920277.21424664,16310.634533716,0,
137.76072,20316.4969955604,3100.38444767151,904373.487184588,6101.48876325823,200.0016000128,400.006400102402,22119.5536854579,226636.098710818,1897817.29405159,19014.4509827469,0,
137.88695,18513.7001381022,3300.43565750679,922423.518481651,4600.84655576626,400.006400102402,100.0004000016,22219.7311212357,228367.179710742,2051124.4611416,17512.2585810067,0,
138.01322,22119.5536854579,4000.64010241639,916941.386245361,5601.25468104855,500.010000200004,400.006400102402,23722.4889194957,226534.277814777,1932573.76293302,17011.567866149,0,
138.13941,20917.487019148,3700.5476810568,864066.741706946,5401.16665199683,200.0016000128,500.010000200004,23522.1107841371,220935.394051895,2041410.13382253,17412.118834709,0,
138.26562,20616.9883984403,2700.2916314962,901796.96306611,5201.0818250196,200.0016000128,100.0004000016,24423.8376655616,224599.836948187,2000406.08610754,16811.2971917128,0,
138.39189,21718.8519635043,3800.57768780855,872953.449382154,4600.84655576626,100.0004000016,400.006400102402,22219.7311212357,221138.946280992,1978494.9021436,16210.5044068556,0,
138.51812,19615.3784567101,3000.36004320518,864173.77414162,4300.73972723308,100.0004000016,300.003600043201,23622.2994506814,213711.417978788,1976981.08158271,15209.2472223112,0,
138.64433,19815.6940296715,3400.46246289495,873810.322201385,4400.77453631839,200.0016000128,200.0016000128,27129.408278574,237739.506147913,2110968.44717048,17011.567866149,0,
138.77048,21117.8234429859,2900.33643902693,856362.733741519,4100.67251029169,100.0004000016,400.006400102402,25726.4467872973,218594.779549132,2058971.23956065,13807.6218072376,0,
138.89674,18613.8487034354,3700.5476810568,842036.931371819,4500.81014582625,300.003600043201,300.003600043201,24724.4277346018,212185.755316746,1891667.45548891,16010.246557797,0,
139.02303,23221.549598027,4100.67251029169,857753.395640176,4700.88376614804,200.0016000128,300.003600043201,24524.0335528818,227247.041348467,1975001.72640011,15209.2472223112,100.0004000016,
139.14936,19114.6035571176,2600.27042812453,866742.818357524,4300.73972723308,300.003600043201,200.0016000128,27129.408278574,223785.42428425,1972673.44507932,15509.6159618964,0,
139.27559,23021.1794851263,2700.2916314962,864815.98735314,4100.67251029169,500.010000200004,0,27329.8441898553,227858.013578642,1982920.89039322,13907.7326993809,0,
139.40185,22720.6303323418,2900.33643902693,864280.807462155,4500.81014582625,400.006400102402,300.003600043201,29935.8032206519,224294.426036315,2092047.94208804,13507.2939387269,0,
139.52818,18814.1482394761,3400.46246289495,892032.296685406,4900.9605882753,200.0016000128,300.003600043201,23722.4889194957,223378.237672831,1934779.04862051,11505.2924345199,0,
139.65451,18113.1138944596,4200.70571856072,837656.834576986,4700.88376614804,100.0004000016,300.003600043201,23221.549598027,221647.841228718,1917842.43802436,11905.6670975384,0,
139.78081,21618.6785382571,3500.49006860961,839152.310433643,4200.70571856072,300.003600043201,300.003600043201,28231.8455217485,214118.292540252,1890510.4464255,13507.2939387269,0,
139.90713,21518.505915087,2400.23042212052,860749.175559316,3600.51847466035,500.010000200004,200.0016000128,29334.3798932349,225108.87156989,1958014.50988173,11905.6670975384,100.0004000016,
140.03345,20216.3347985172,3700.5476810568,909528.073491858,6501.69043951427,500.010000200004,100.0004000016,27530.2833116428,218391.268384207,1997840.17278618,12306.0545788528,0,
140.15965,19214.7569333248,3900.60849492521,870918.603881052,4200.70571856072,400.006400102402,300.003600043201,28031.3951625821,230709.608661602,1986765.69010557,11104.9305891816,0,
140.28596,19815.6940296715,2400.23042212052,853261.026932893,4000.64010241639,0,200.0016000128,26828.7604311822,225210.680959607,1956502.98678053,12606.3536022155,0,
140.41223,17412.118834709,3400.46246289495,880881.689172681,4500.81014582625,400.006400102402,300.003600043201,29635.0879441258,230913.318692675,2003905.84494141,13507.2939387269,0,
140.53849,20416.6599945556,2500.2500250025,864494.876760855,4600.84655576626,400.006400102402,200.0016000128,30938.239664225,222258.542274523,1917494.64880206,14208.0701838644,0,
140.6648,19915.8530190031,3200.40965243551,885705.292280676,4000.64010241639,0,100.0004000016,30336.7681630136,225516.114059694,1923292.3094154,12706.4548790786,0,
140.79104,22920.9956319989,3700.5476810568,875095.73785423,5301.12383825371,400.006400102402,300.003600043201,29635.0879441258,226534.277814777,2003672.49945993,12806.5569571621,0,
140.91733,17512.2585810067,2800.31363512713,874453.014063283,5501.21026625858,100.0004000016,100.0004000016,31439.4879969241,234173.126614987,1955456.64699997,11705.4781637807,0,
141.04358,19014.4509827469,3800.57768780855,856683.642441367,4300.73972723308,300.003600043201,400.006400102402,27630.5040765005,230200.347974923,1976748.20119043,10704.5815609081,0,
141.16979,21919.201220269,3300.43565750679,875845.622634948,4000.64010241639,500.010000200004,300.003600043201,27129.408278574,221342.50179576,1983153.87737128,10204.1632986258,100.0004000016,
141.29611,20116.1734034163,3200.40965243551,888064.152694016,4800.92177698118,500.010000200004,0,28332.0719053969,230913.318692675,1949645.12707297,11205.0198488923,0,
141.42229,17912.8255831175,4600.84655576626,869740.681719406,5101.04061228491,400.006400102402,500.010000200004,25826.6531060054,215542.456921767,1882182.91927603,10804.6676164103,0,
141.54856,19214.7569333248,3400.46246289495,889565.469533159,5501.21026625858,400.006400102402,300.003600043201,28833.2158646761,226839.742968775,1964643.95884117,10104.0820491479,200.0016000128,
141.67485,18413.5523745477,3200.40965243551,881203.206784602,5601.25468104855,200.0016000128,400.006400102402,28532.5270808722,225821.554556389,1893981.77233491,10204.1632986258,100.0004000016,
141.80112,18113.1138944596,2900.33643902693,881310.381097119,5201.0818250196,100.0004000016,500.010000200004,34748.2305439951,228876.366395944,2011375.03025274,12606.3536022155,0,
141.9273,20817.3200102485,4000.64010241639,899757.578269067,3700.5476810568,600.014400345608,700.019600548815,32041.0124959949,231830.054541124,1928512.33972149,10704.5815609081,0,
142.05356,23221.549598027,3600.51847466035,867492.219058341,5101.04061228491,200.0016000128,300.003600043201,34146.5759295679,238249.071232434,1960921.76156192,11004.8421305374,0,
142.17985,26327.6967369673,4400.77453631839,896108.95425297,4300.73972723308,400.006400102402,500.010000200004,34647.952766629,216763.297303622,1935011.20496466,10204.1632986258,0,
142.30607,26327.6967369673,3500.49006860961,858288.305433964,5101.04061228491,200.0016000128,1000.04000160006,38659.6905622281,216661.556089925,1913553.66562601,11405.2007715518,0,
142.43241,25425.8326459683,4900.9605882753,853795.750876961,4200.70571856072,700.019600548815,1200.05760276493,37656.6355799122,224294.426036315,1913090.09641345,10504.4118529783,0,
142.55871,25926.8602271954,4200.70571856072,884097.224810632,6401.6388195378,200.0016000128,800.025600819226,41769.6718125834,212084.051037326,1923176.33172799,11305.1099096792,100.0004000016,
142.6849,28432.2990917683,4400.77453631839,837763.64854027,4800.92177698118,200.0016000128,1200.05760276493,44780.0667593657,219408.857056391,1855961.80867383,11605.3848985929,100.0004000016,
142.81121,31439.4879969241,4700.88376614804,864066.741706946,3900.60849492521,500.010000200004,900.032401166442,45783.6925900546,218289.514033474,1904748.58050546,10504.4118529783,200.0016000128,
142.93745,33143.8825004306,5701.29989637637,846632.287199507,4700.88376614804,500.010000200004,2000.16001280102,45984.4274087224,214626.904208624,1841775.25059481,10904.7544729502,0,
143.06375,41669.3377780627,6701.7960813498,900186.89574864,6901.90492575951,0,1600.10240655402,53916.0272907297,238452.903027807,1964643.95884117,19615.3784567101,300.003600043201,
143.19006,44077.5765347011,6701.7960813498,872096.633315809,4900.9605882753,400.006400102402,3400.46246289495,53715.1653144341,214626.904208624,1890626.14285161,10304.2453490838,300.003600043201,
143.31637,50501.811652291,5901.39272868397,871025.693033036,6301.58800017604,200.0016000128,2900.33643902693,57230.7149529525,220731.845108389,1858039.14827786,10204.1632986258,500.010000200004,
143.44264,77841.6203896896,8703.02865397158,864066.741706946,8002.56081946223,300.003600043201,6501.69043951427,61651.6630912044,218187.76050388,1810111.48716761,13607.4024269202,1000.04000160006,
143.56885,54016.4594866532,8602.95941803981,836802.354662819,8502.8909829342,200.0016000128,4400.77453631839,63561.1911808346,202324.259152476,1679529.75728031,11104.9305891816,1400.07840439065,
143.69508,64063.7469371714,9403.53572943427,853902.698320117,7502.25067520256,200.0016000128,4400.77453631839,67984.3736212609,207711.54311527,1711228.11816193,9503.61137232148,2300.21161946899,
143.82136,63762.2110649492,11305.1099096792,765439.682075087,7602.31110257518,900.032401166442,5701.29989637637,63259.6674005189,186277.709942736,1654725.34971,11405.2007715518,2800.31363512713,
143.94753,68788.7563474173,10704.5815609081,774471.314044406,11405.2007715518,300.003600043201,6801.85010322808,62556.1401257539,188003.256305061,1645861.57794661,10004.0016006403,1000.04000160006,
144.07376,64566.3228476556,24624.2302425587,778085.739975418,7502.25067520256,400.006400102402,5301.12383825371,64465.8060531688,195720.355723258,1619305.59814644,9903.92195309342,700.019600548815,
144.20003,65068.9189134994,13006.7635170289,771495.48895743,8102.62525058119,300.003600043201,7402.19104855037,61551.1696727162,180392.330656825,1573242.23317276,9303.46088745013,300.003600043201,
144.32627,69593.1906973759,11004.8421305374,762678.329259395,19815.6940296715,100.0004000016,6801.85010322808,58134.8729051399,186886.699308872,1543335.71161621,9803.84310649775,300.003600043201,
144.45261,60546.2798120259,10404.3282005314,724293.199320055,5801.34591225164,200.0016000128,6101.48876325823,54619.0695716662,172177.695436788,1443050.13179216,10704.5815609081,100.0004000016,
144.57886,63360.1745211896,8202.69048247825,709584.533113945,5301.12383825371,500.010000200004,7802.43435952017,60144.3464314354,166197.568743985,1443497.64970193,7602.31110257518,400.006400102402,
144.70517,63360.1745211896,10704.5815609081,686866.818732918,4700.88376614804,100.0004000016,6101.48876325823,52309.2216548153,161131.888614688,1376538.80727402,8803.09869073914,500.010000200004,
144.8314,65471.0102788483,13507.2939387269,676208.630492655,7001.96054895371,300.003600043201,7602.31110257518,54518.6325444167,163563.160543533,1417566.62510303,9803.84310649775,500.010000200004,
144.95766,72509.6980467512,12706.4548790786,719423.720304353,6601.74286011507,500.010000200004,7802.43435952017,54217.3262941004,162347.465849662,1385112.88606697,12806.5569571621,400.006400102402,
145.084,88713.6916135455,86579.1319518671,688556.056539484,6701.7960813498,500.010000200004,7902.49718911176,48493.8841597332,168123.062054524,1332420.47609016,9403.53572943427,500.010000200004,
145.21031,92339.8105026498,13907.7326993809,658605.075066815,7902.49718911176,400.006400102402,8102.62525058119,48393.4962347255,142710.022085357,1231297.08517827,9003.24116682005,600.014400345608,
145.33663,97780.9545991182,13006.7635170289,577436.199643144,11104.9305891816,600.014400345608,10304.2453490838,42572.3730341581,135732.957973054,1149314.6787609,8302.75651516303,300.003600043201,
145.46295,77338.5119709183,12306.0545788528,561013.11586705,9803.84310649775,300.003600043201,10204.1632986258,40766.3676465285,135227.524079548,1081440.86398424,7502.25067520256,800.025600819226,
145.58931,71202.2142885796,16911.4321281186,511557.756125835,26427.9078707115,100.0004000016,11705.4781637807,37456.0342272039,121992.395070462,992605.623552212,9603.68781612139,1200.05760276493,
145.71563,75125.0747238727,11104.9305891816,499483.890446057,10604.4963064339,300.003600043201,15609.7404780583,35851.3391176164,108367.715058191,937484.437509337,8202.69048247825,800.025600819226,
145.8419,73616.1369781679,9603.68781612139,461256.115793719,11205.0198488923,200.0016000128,12806.5569571621,29534.8511243267,108165.979037694,895036.025174118,6901.90492575951,1600.10240655402,
145.96809,78546.0060910773,16010.246557797,437111.320939016,7102.01697282028,100.0004000016,12205.9565067753,30737.7459520291,98990.4182094179,891925.033555935,7402.19104855037,1300.06760351538,
146.09431,67079.5047547236,11805.5722300926,411875.681038268,8803.09869073914,200.0016000128,11405.2007715518,27931.1711870447,96168.5177600565,846846.064455831,7702.37233067785,900.032401166442,
146.2206,83578.4835070455,14308.184281409,417559.670263082,8302.75651516303,100.0004000016,11305.1099096792,27029.191526849,99393.5986506566,772239.380806486,8102.62525058119,900.032401166442,
146.34684,113210.352268024,14208.0701838644,363201.038876715,45783.6925900546,700.019600548815,10304.2453490838,27931.1711870447,87908.0297361956,736263.012254579,9003.24116682005,1000.04000160006,
146.47308,84182.5165254594,18513.7001381022,388340.049395554,24624.2302425587,500.010000200004,13607.4024269202,25225.4272306485,82974.4795784455,759705.226541152,8202.69048247825,1100.04840212969,
146.59926,115329.593493321,18814.1482394761,361965.978444358,10004.0016006403,500.010000200004,12706.4548790786,27029.191526849,79652.977857676,701655.186594017,7602.31110257518,700.019600548815,
146.7255,95463.1417913744,13607.4024269202,339344.501564958,8002.56081946223,200.0016000128,11605.3848985929,21418.3340939844,73113.1980856177,647654.573284582,5901.39272868397,1100.04840212969,
146.85172,58436.2733895444,14107.9568876847,301697.440277873,8202.69048247825,100.0004000016,9803.84310649775,35650.7666917691,65973.6426273953,556832.261309409,6201.53798141939,500.010000200004,
146.978,58637.211073913,10104.0820491479,275809.63473422,5201.0818250196,300.003600043201,9903.92195309342,19214.7569333248,67280.5810796177,548370.21836703,7602.31110257518,300.003600043201,
147.10428,57933.9432768561,9403.53572943427,278774.323236654,3600.51847466035,200.0016000128,11305.1099096792,19014.4509827469,65269.9629836093,499275.820566696,6901.90492575951,600.014400345608,
147.23064,48795.0527627819,8402.82334864514,238656.738115621,6601.74286011507,200.0016000128,10804.6676164103,15709.8657957197,54418.1963224123,480251.785656045,5201.0818250196,1600.10240655402,
147.3569,65666.5902800045,11405.2007715518,230913.318692675,4600.84655576626,300.003600043201,11805.5722300926,18914.2992102029,53313.4510237786,409086.289257038,5201.0818250196,3900.60849492521,
147.48319,54217.3262941004,10304.2453490838,184247.958061176,4800.92177698118,500.010000200004,13507.2939387269,16310.634533716,37957.5436361524,345304.42752054,4800.92177698118,5301.12383825371,
147.60943,58838.151980851,9003.24116682005,154853.276771807,3600.51847466035,500.010000200004,13206.9732818928,14908.8856958747,41368.3404985035,311124.3403921,4200.70571856072,1400.07840439065,
147.7357,60445.7952581627,8402.82334864514,144328.445275884,4700.88376614804,500.010000200004,11405.2007715518,14508.4148806308,32442.0448901777,256913.322314584,3700.5476810568,1200.05760276493,
147.86186,41569.0045475489,7402.19104855037,117852.966117021,3000.36004320518,100.0004000016,11705.4781637807,13006.7635170289,28632.7558727184,223072.856341484,3200.40965243551,800.025600819226,
147.98818,48895.4439065055,29133.9118734207,101107.260043455,4200.70571856072,100.0004000016,10904.7544729502,14908.8856958747,21217.9928579435,183030.26395845,3400.46246289495,600.014400345608,
148.11444,207112.49183935,5401.16665199683,94657.0463789414,4800.92177698118,100.0004000016,9503.61137232148,10804.6676164103,20316.4969955604,160017.71265247,3900.60849492521,600.014400345608,
148.24072,30938.239664225,8102.62525058119,81665.9041840232,4500.81014582625,200.0016000128,8202.69048247825,9603.68781612139,19515.221873061,153537.191013949,3800.57768780855,600.014400345608,
148.367,48895.4439065055,5301.12383825371,68989.8600949814,4800.92177698118,200.0016000128,10004.0016006403,8502.8909829342,14308.184281409,132498.532262086,1700.11560786133,800.025600819226,
148.49324,28933.4470648069,12806.5569571621,56929.3434683601,3100.38444767151,200.0016000128,8803.09869073914,7602.31110257518,11505.2924345199,101611.322634023,2100.17641481884,600.014400345608,
148.61956,26728.5460872212,5101.04061228491,43475.4734218603,23722.4889194957,100.0004000016,5901.39272868397,9103.31360615264,12105.8592358702,72610.2793690528,1800.12960933187,800.025600819226,
148.74584,24524.0335528818,3400.46246289495,35550.4816839913,1900.14441097523,100.0004000016,4500.81014582625,7102.01697282028,6501.69043951427,55322.1513100927,21718.8519635043,100.0004000016,
148.872,25526.0365572884,10404.3282005314,28031.3951625821,8402.82334864514,400.006400102402,6201.53798141939,6901.90492575951,6401.6388195378,46486.2785329572,1800.12960933187,500.010000200004,
148.99819,33544.9502333126,5701.29989637637,22520.2682414173,2100.17641481884,0,5401.16665199683,7902.49718911176,4700.88376614804,39261.5621294189,1300.06760351538,300.003600043201,
149.12442,45081.1460629132,2800.31363512713,17311.9798900839,1900.14441097523,0,5501.21026625858,11004.8421305374,3800.57768780855,28131.6199408135,800.025600819226,200.0016000128,
149.25067,20917.487019148,2600.27042812453,11705.4781637807,3800.57768780855,0,5501.21026625858,6501.69043951427,3400.46246289495,22620.4488857928,900.032401166442,800.025600819226,
149.37699,36584.2553799522,4200.70571856072,9803.84310649775,3500.49006860961,100.0004000016,6001.44034568296,5801.34591225164,3100.38444767151,15609.7404780583,1200.05760276493,500.010000200004,
149.50326,21718.8519635043,2800.31363512713,5701.29989637637,4300.73972723308,200.0016000128,5601.25468104855,4500.81014582625,1800.12960933187,11805.5722300926,800.025600819226,200.0016000128,
149.62954,26528.1198069954,1800.12960933187,3100.38444767151,2300.21161946899,0,6001.44034568296,5101.04061228491,2600.27042812453,6601.74286011507,600.014400345608,300.003600043201,
149.75582,35249.6314811254,3400.46246289495,1900.14441097523,2800.31363512713,100.0004000016,5101.04061228491,4600.84655576626,1600.10240655402,3500.49006860961,300.003600043201,300.003600043201,
149.88201,10104.0820491479,2900.33643902693,1100.04840212969,1300.06760351538,100.0004000016,5401.16665199683,3700.5476810568,1100.04840212969,2700.2916314962,100.0004000016,500.010000200004,
150.00829,11004.8421305374,2000.16001280102,800.025600819226,3000.36004320518,0,3600.51847466035,3200.40965243551,1700.11560786133,2100.17641481884,200.0016000128,0,
150.13457,9103.31360615264,3100.38444767151,2000.16001280102,2400.23042212052,200.0016000128,3100.38444767151,2700.2916314962,1300.06760351538,900.032401166442,500.010000200004,500.010000200004,
150.26083,13607.4024269202,7402.19104855037,500.010000200004,1600.10240655402,200.0016000128,3500.49006860961,2200.1936170383,1800.12960933187,1200.05760276493,100.0004000016,100.0004000016,
150.38711,12105.8592358702,1200.05760276493,100.0004000016,2300.21161946899,0,2200.1936170383,4200.70571856072,2000.16001280102,1100.04840212969,400.006400102402,100.0004000016,
150.51336,6701.7960813498,4000.64010241639,400.006400102402,1100.04840212969,100.0004000016,3300.43565750679,2800.31363512713,1400.07840439065,1000.04000160006,400.006400102402,100.0004000016,
150.63956,7102.01697282028,594031.81174647,600.014400345608,3100.38444767151,300.003600043201,2400.23042212052,1900.14441097523,1600.10240655402,1000.04000160006,300.003600043201,200.0016000128,
150.76579,10004.0016006403,3200.40965243551,1400.07840439065,1100.04840212969,0,3300.43565750679,1200.05760276493,1000.04000160006,1000.04000160006,600.014400345608,0,
150.89211,7402.19104855037,1600.10240655402,400.006400102402,1600.10240655402,100.0004000016,1600.10240655402,1200.05760276493,1300.06760351538,400.006400102402,200.0016000128,100.0004000016,
151.01837,8002.56081946223,2200.1936170383,300.003600043201,1700.11560786133,0,2500.2500250025,1900.14441097523,1200.05760276493,1400.07840439065,200.0016000128,200.0016000128,
151.1446,8302.75651516303,1900.14441097523,300.003600043201,1200.05760276493,300.003600043201,1800.12960933187,1000.04000160006,1500.09000540032,500.010000200004,0,100.0004000016,
151.27093,10904.7544729502,700.019600548815,300.003600043201,1800.12960933187,100.0004000016,1800.12960933187,1400.07840439065,1000.04000160006,600.014400345608,0,100.0004000016,
151.39716,4500.81014582625,1000.04000160006,600.014400345608,1100.04840212969,200.0016000128,2200.1936170383,3000.36004320518,1100.04840212969,100.0004000016,300.003600043201,0,
151.52338,4100.67251029169,3100.38444767151,11305.1099096792,7402.19104855037,100.0004000016,2500.2500250025,1900.14441097523,1600.10240655402,800.025600819226,0,100.0004000016,
151.64952,4800.92177698118,36763.7510819781,400.006400102402,2200.1936170383,0,1600.10240655402,1400.07840439065,400.006400102402,300.003600043201,200.0016000128,200.0016000128,
151.77584,7001.96054895371,2400.23042212052,400.006400102402,2700.2916314962,200.0016000128,3100.38444767151,2100.17641481884,600.014400345608,300.003600043201,300.003600043201,600.014400345608,
151.90208,22720.6303323418,15709.8657957197,500.010000200004,1000.04000160006,100.0004000016,1600.10240655402,1500.09000540032,700.019600548815,100.0004000016,6601.74286011507,100.0004000016,
152.02833,3300.43565750679,600.014400345608,100.0004000016,1500.09000540032,100.0004000016,1800.12960933187,400.006400102402,1500.09000540032,0,100.0004000016,200.0016000128,
152.15462,5401.16665199683,1800.12960933187,200.0016000128,3000.36004320518,0,1300.06760351538,700.019600548815,1300.06760351538,600.014400345608,300.003600043201,0,
152.2809,2900.33643902693,1000.04000160006,400.006400102402,1400.07840439065,200.0016000128,1200.05760276493,500.010000200004,700.019600548815,200.0016000128,200.0016000128,200.0016000128,
152.40713,7602.31110257518,800.025600819226,100.0004000016,1800.12960933187,100.0004000016,1300.06760351538,900.032401166442,900.032401166442,400.006400102402,100.0004000016,0,
152.53344,1424604.78470063,800.025600819226,600.014400345608,1300.06760351538,0,1400.07840439065,100.0004000016,800.025600819226,200.0016000128,0,100.0004000016,
152.65973,2400.23042212052,23479.6495166744,100.0004000016,1100.04840212969,200.0016000128,1600.10240655402,500.010000200004,1400.07840439065,300.003600043201,100.0004000016,100.0004000016,
152.78596,2700.2916314962,700.019600548815,400.006400102402,1300.06760351538,400.006400102402,1000.04000160006,1000.04000160006,1400.07840439065,100.0004000016,5601.25468104855,0,
152.91231,1600.10240655402,1100.04840212969,200.0016000128,1400.07840439065,200.0016000128,1500.09000540032,300.003600043201,1300.06760351538,0,200.0016000128,100.0004000016,
153.03852,1300.06760351538,94549.5928910494,200.0016000128,1400.07840439065,200.0016000128,1100.04840212969,600.014400345608,1000.04000160006,200.0016000128,0,200.0016000128,
153.16465,1200.05760276493,900.032401166442,400.006400102402,1100.04840212969,0,1200.05760276493,300.003600043201,1100.04840212969,0,100.0004000016,0,
153.29088,1900.14441097523,8502.8909829342,100.0004000016,900.032401166442,100.0004000016,1000.04000160006,600.014400345608,800.025600819226,0,0,100.0004000016,
153.41711,1900.14441097523,700.019600548815,300.003600043201,1300.06760351538,100.0004000016,1000.04000160006,300.003600043201,1100.04840212969,0,200.0016000128,100.0004000016,
153.5434,1900.14441097523,1100.04840212969,400.006400102402,2200.1936170383,100.0004000016,800.025600819226,200.0016000128,800.025600819226,100.0004000016,0,0,
153.66971,1500.09000540032,700.019600548815,2000.16001280102,1200.05760276493,100.0004000016,600.014400345608,200.0016000128,1200.05760276493,800.025600819226,0,0,
153.79603,2100.17641481884,700.019600548815,500.010000200004,900.032401166442,0,900.032401166442,400.006400102402,600.014400345608,0,100.0004000016,0,
153.92234,2100.17641481884,700.019600548815,100.0004000016,1700.11560786133,0,1600.10240655402,200.0016000128,900.032401166442,400.006400102402,100.0004000016,0,
154.04863,2000.16001280102,1600.10240655402,300.003600043201,1700.11560786133,200.0016000128,1400.07840439065,500.010000200004,700.019600548815,200.0016000128,0,0,
154.17493,2000.16001280102,700.019600548815,200.0016000128,1200.05760276493,0,500.010000200004,600.014400345608,1300.06760351538,200.0016000128,0,0,
154.30121,1900.14441097523,800.025600819226,200.0016000128,1300.06760351538,100.0004000016,1600.10240655402,100.0004000016,1400.07840439065,100.0004000016,0,0,
154.42748,2000.16001280102,1200.05760276493,100.0004000016,900.032401166442,200.0016000128,600.014400345608,500.010000200004,1300.06760351538,400.006400102402,0,0,
154.5537,1600.10240655402,1100.04840212969,200.0016000128,1500.09000540032,0,600.014400345608,100.0004000016,200.0016000128,0,0,0,
154.67993,2900.33643902693,800.025600819226,0,1000.04000160006,300.003600043201,2100.17641481884,300.003600043201,1900.14441097523,100.0004000016,100.0004000016,0,
154.80622,1500.09000540032,800.025600819226,300.003600043201,1600.10240655402,100.0004000016,1000.04000160006,300.003600043201,1400.07840439065,300.003600043201,0,0,
154.93243,900.032401166442,600.014400345608,0,800.025600819226,200.0016000128,1100.04840212969,400.006400102402,900.032401166442,0,0,0,
155.05869,7402.19104855037,1100.04840212969,600.014400345608,1500.09000540032,300.003600043201,1500.09000540032,300.003600043201,1100.04840212969,0,0,0,
155.185,1200.05760276493,400.006400102402,500.010000200004,1700.11560786133,300.003600043201,800.025600819226,400.006400102402,1100.04840212969,0,100.0004000016,0,
155.31122,1100.04840212969,1200.05760276493,200.0016000128,2700.2916314962,100.0004000016,800.025600819226,0,700.019600548815,400.006400102402,0,0,
155.43752,1400.07840439065,1000.04000160006,0,1400.07840439065,100.0004000016,1500.09000540032,400.006400102402,1500.09000540032,100.0004000016,0,0,
155.56377,2400.23042212052,800.025600819226,400.006400102402,1200.05760276493,200.0016000128,2000.16001280102,300.003600043201,800.025600819226,0,100.0004000016,100.0004000016,
155.6899,5401.16665199683,2600.27042812453,200.0016000128,1400.07840439065,100.0004000016,2700.2916314962,800.025600819226,400.006400102402,100.0004000016,0,0,
155.81619,2400.23042212052,400.006400102402,4700.88376614804,1500.09000540032,100.0004000016,2100.17641481884,600.014400345608,800.025600819226,0,200.0016000128,100.0004000016,
155.94248,1300.06760351538,1100.04840212969,700.019600548815,1500.09000540032,300.003600043201,1900.14441097523,700.019600548815,1000.04000160006,100.0004000016,1200.05760276493,0,
156.06881,2700.2916314962,58018.3135864641,100.0004000016,1600.10240655402,300.003600043201,1300.06760351538,400.006400102402,1000.04000160006,100.0004000016,100.0004000016,0,
156.19505,256684.653600803,1000.04000160006,500.010000200004,900.032401166442,400.006400102402,1300.06760351538,200.0016000128,800.025600819226,400.006400102402,200.0016000128,0,
156.32131,48594.2728894055,9703.76506084361,400.006400102402,600.014400345608,200.0016000128,1300.06760351538,100.0004000016,1000.04000160006,0,1000.04000160006,100.0004000016,
156.44759,2600.27042812453,700.019600548815,100.0004000016,1200.05760276493,200.0016000128,1600.10240655402,300.003600043201,1200.05760276493,0,100.0004000016,0,
156.57388,2000.16001280102,600.014400345608,200.0016000128,800.025600819226,100.0004000016,3400.46246289495,0,1500.09000540032,400.006400102402,0,0,
156.70018,2900.33643902693,1400.07840439065,100.0004000016,2200.1936170383,300.003600043201,1000.04000160006,100.0004000016,1500.09000540032,0,17712.5404786589,0,
156.82646,1600.10240655402,400.006400102402,0,1400.07840439065,200.0016000128,1400.07840439065,200.0016000128,400.006400102402,200.0016000128,0,0,
156.95274,300.003600043201,800.025600819226,200.0016000128,1500.09000540032,200.0016000128,300.003600043201,200.0016000128,1800.12960933187,200.0016000128,100.0004000016,0,
157.07907,800.025600819226,300.003600043201,300.003600043201,1000.04000160006,0,100.0004000016,0,900.032401166442,0,0,0,
157.20542,100.0004000016,700.019600548815,0,1500.09000540032,0,600.014400345608,300.003600043201,600.014400345608,0,0,0,
157.33166,0,500.010000200004,0,1500.09000540032,0,300.003600043201,100.0004000016,1600.10240655402,0,0,0,
157.4579,0,400.006400102402,0,1000.04000160006,0,0,200.0016000128,400.006400102402,0,0,200.0016000128,
157.58426,0,300.003600043201,300.003600043201,800.025600819226,100.0004000016,0,100.0004000016,700.019600548815,0,0,100.0004000016,
157.71058,0,200.0016000128,200.0016000128,1000.04000160006,100.0004000016,100.0004000016,0,1300.06760351538,0,0,0,
157.83691,0,400.006400102402,100.0004000016,1300.06760351538,400.006400102402,100.0004000016,0,1000.04000160006,0,0,0,
157.96314,0,700.019600548815,100.0004000016,1400.07840439065,400.006400102402,100.0004000016,100.0004000016,1300.06760351538,0,0,0,
158.08942,100.0004000016,200.0016000128,200.0016000128,900.032401166442,100.0004000016,400.006400102402,200.0016000128,1400.07840439065,0,0,0,
158.21565,0,200.0016000128,0,1100.04840212969,100.0004000016,200.0016000128,100.0004000016,600.014400345608,0,0,0,
158.34192,0,700.019600548815,0,1300.06760351538,0,100.0004000016,0,1100.04840212969,0,0,0,
158.46821,0,100.0004000016,100.0004000016,1100.04840212969,100.0004000016,0,0,1000.04000160006,100.0004000016,0,0,
158.59439,0,500.010000200004,0,1600.10240655402,100.0004000016,100.0004000016,200.0016000128,1200.05760276493,0,0,0,
158.72071,0,400.006400102402,200.0016000128,900.032401166442,200.0016000128,100.0004000016,100.0004000016,300.003600043201,0,0,0,
158.84699,100.0004000016,1100.04840212969,100.0004000016,500.010000200004,0,0,0,1100.04840212969,0,0,0,
158.97327,0,700.019600548815,0,1500.09000540032,100.0004000016,200.0016000128,0,700.019600548815,0,0,0,
159.09962,0,500.010000200004,500.010000200004,700.019600548815,100.0004000016,100.0004000016,200.0016000128,800.025600819226,0,0,0,
159.22588,0,400.006400102402,100.0004000016,1400.07840439065,0,0,200.0016000128,1500.09000540032,0,0,0,
159.35218,0,900.032401166442,200.0016000128,1400.07840439065,0,200.0016000128,0,700.019600548815,0,0,100.0004000016,
159.47849,0,400.006400102402,0,900.032401166442,0,200.0016000128,0,900.032401166442,0,0,0,
159.60469,0,300.003600043201,100.0004000016,1200.05760276493,100.0004000016,200.0016000128,0,900.032401166442,0,0,0,
159.73085,0,600.014400345608,100.0004000016,2000.16001280102,300.003600043201,0,100.0004000016,800.025600819226,0,0,0,
159.85717,100.0004000016,600.014400345608,0,1300.06760351538,200.0016000128,100.0004000016,0,700.019600548815,100.0004000016,0,0,
159.98347,0,500.010000200004,0,1800.12960933187,300.003600043201,100.0004000016,0,800.025600819226,0,0,0,
160.10983,0,500.010000200004,100.0004000016,1000.04000160006,200.0016000128,0,0,1400.07840439065,0,0,0,
160.2361,0,500.010000200004,400.006400102402,900.032401166442,0,0,0,1100.04840212969,0,0,0,
160.36229,0,300.003600043201,400.006400102402,1300.06760351538,0,100.0004000016,300.003600043201,1100.04840212969,0,0,0,
160.4886,0,200.0016000128,0,1500.09000540032,0,200.0016000128,200.0016000128,800.025600819226,0,0,0,
160.61492,100.0004000016,300.003600043201,100.0004000016,800.025600819226,0,200.0016000128,0,1000.04000160006,0,0,0,
160.74115,0,300.003600043201,200.0016000128,1000.04000160006,0,0,0,900.032401166442,0,0,0,
160.86745,0,200.0016000128,0,1100.04840212969,100.0004000016,100.0004000016,100.0004000016,1100.04840212969,0,0,0,
160.99367,0,600.014400345608,100.0004000016,1500.09000540032,600.014400345608,0,0,900.032401166442,0,0,0,
161.11995,0,500.010000200004,0,1300.06760351538,200.0016000128,0,0,1000.04000160006,0,0,0,
161.24622,0,600.014400345608,100.0004000016,1900.14441097523,0,100.0004000016,100.0004000016,200.0016000128,0,0,0,
161.37235,100.0004000016,600.014400345608,200.0016000128,1400.07840439065,300.003600043201,0,200.0016000128,700.019600548815,100.0004000016,0,0,
161.49864,0,300.003600043201,100.0004000016,1700.11560786133,100.0004000016,200.0016000128,0,500.010000200004,0,0,0,
161.62485,0,400.006400102402,0,1700.11560786133,500.010000200004,0,0,300.003600043201,0,0,0,
161.75112,0,0,300.003600043201,1300.06760351538,100.0004000016,0,300.003600043201,1800.12960933187,0,0,0,
161.87741,0,300.003600043201,200.0016000128,1400.07840439065,0,300.003600043201,200.0016000128,700.019600548815,0,0,0,
162.00365,0,400.006400102402,300.003600043201,1500.09000540032,100.0004000016,0,100.0004000016,900.032401166442,0,0,0,
162.12992,100.0004000016,300.003600043201,300.003600043201,1100.04840212969,300.003600043201,0,0,1200.05760276493,0,0,0,
162.25619,100.0004000016,400.006400102402,100.0004000016,900.032401166442,0,100.0004000016,0,800.025600819226,0,0,0,
162.3824,0,400.006400102402,300.003600043201,800.025600819226,100.0004000016,0,100.0004000016,1000.04000160006,0,0,0,
162.50872,100.0004000016,400.006400102402,0,700.019600548815,0,0,200.0016000128,1100.04840212969,0,0,0,
162.63496,0,900.032401166442,0,1300.06760351538,0,0,100.0004000016,900.032401166442,0,0,0,
162.76124,0,300.003600043201,300.003600043201,1300.06760351538,100.0004000016,0,100.0004000016,800.025600819226,0,0,0,
162.88747,0,300.003600043201,200.0016000128,900.032401166442,0,0,0,900.032401166442,0,0,0,
163.01374,0,400.006400102402,0,2000.16001280102,100.0004000016,200.0016000128,0,900.032401166442,0,0,0,
163.13991,0,500.010000200004,200.0016000128,1400.07840439065,200.0016000128,200.0016000128,0,700.019600548815,0,0,0,
163.26618,0,200.0016000128,400.006400102402,1500.09000540032,100.0004000016,0,0,700.019600548815,0,0,0,
163.39239,0,600.014400345608,100.0004000016,1600.10240655402,400.006400102402,0,0,1200.05760276493,0,0,0,
163.51875,0,600.014400345608,200.0016000128,1200.05760276493,0,100.0004000016,100.0004000016,800.025600819226,0,0,0,
163.64507,0,800.025600819226,100.0004000016,1600.10240655402,300.003600043201,100.0004000016,200.0016000128,1400.07840439065,0,0,0,
163.77133,0,400.006400102402,300.003600043201,1200.05760276493,0,0,0,1000.04000160006,0,0,0,
163.89753,0,700.019600548815,0,1100.04840212969,200.0016000128,100.0004000016,0,700.019600548815,0,0,100.0004000016,
164.02382,0,400.006400102402,100.0004000016,900.032401166442,700.019600548815,100.0004000016,0,1400.07840439065,0,0,0,
164.15006,0,500.010000200004,0,1300.06760351538,0,100.0004000016,100.0004000016,1400.07840439065,0,0,0,
164.27621,0,300.003600043201,200.0016000128,2200.1936170383,0,100.0004000016,200.0016000128,1100.04840212969,0,0,0,
164.40246,0,800.025600819226,100.0004000016,1300.06760351538,0,100.0004000016,200.0016000128,700.019600548815,0,0,0,
164.52872,0,300.003600043201,300.003600043201,1600.10240655402,100.0004000016,0,100.0004000016,1200.05760276493,0,0,0,
164.65496,0,600.014400345608,0,1200.05760276493,100.0004000016,0,100.0004000016,1600.10240655402,0,0,0,
164.78129,0,400.006400102402,0,1300.06760351538,0,100.0004000016,200.0016000128,1000.04000160006,100.0004000016,0,0,
164.90751,100.0004000016,300.003600043201,500.010000200004,1500.09000540032,100.0004000016,100.0004000016,0,800.025600819226,0,0,0,
165.03374,0,300.003600043201,0,1500.09000540032,0,100.0004000016,100.0004000016,500.010000200004,0,0,0,
165.16002,100.0004000016,900.032401166442,100.0004000016,800.025600819226,100.0004000016,100.0004000016,100.0004000016,1100.04840212969,0,0,0,
165.28634,0,400.006400102402,400.006400102402,1500.09000540032,200.0016000128,200.0016000128,100.0004000016,600.014400345608,0,0,0,
165.41265,0,400.006400102402,0,600.014400345608,0,100.0004000016,300.003600043201,1400.07840439065,0,0,0,
165.53893,0,300.003600043201,100.0004000016,600.014400345608,100.0004000016,0,0,1400.07840439065,0,0,0,
165.66522,0,600.014400345608,300.003600043201,1900.14441097523,100.0004000016,100.0004000016,100.0004000016,700.019600548815,0,0,0,
165.79144,200.0016000128,500.010000200004,200.0016000128,1500.09000540032,200.0016000128,100.0004000016,0,700.019600548815,0,0,0,
165.91767,0,600.014400345608,0,1400.07840439065,100.0004000016,0,0,1300.06760351538,0,0,0,
166.04394,100.0004000016,200.0016000128,0,1300.06760351538,0,0,0,700.019600548815,0,0,0,
166.17017,0,200.0016000128,400.006400102402,1300.06760351538,200.0016000128,0,100.0004000016,800.025600819226,0,0,0,
166.29646,0,300.003600043201,300.003600043201,1000.04000160006,0,100.0004000016,0,500.010000200004,0,0,0,
166.42269,0,700.019600548815,200.0016000128,1300.06760351538,100.0004000016,100.0004000016,100.0004000016,400.006400102402,0,0,0,
166.5489,0,400.006400102402,0,1200.05760276493,100.0004000016,0,0,800.025600819226,0,0,0,
166.67512,0,400.006400102402,400.006400102402,900.032401166442,200.0016000128,200.0016000128,100.0004000016,900.032401166442,0,0,0,
166.80136,0,500.010000200004,200.0016000128,1700.11560786133,300.003600043201,0,0,900.032401166442,0,0,0,
166.92763,100.0004000016,700.019600548815,200.0016000128,1300.06760351538,300.003600043201,0,0,700.019600548815,0,0,0,
167.05391,0,500.010000200004,300.003600043201,1000.04000160006,200.0016000128,100.0004000016,0,1400.07840439065,0,0,0,
167.1801,100.0004000016,600.014400345608,200.0016000128,1500.09000540032,200.0016000128,0,0,1200.05760276493,0,0,0,
167.30642,0,300.003600043201,100.0004000016,1400.07840439065,400.006400102402,0,0,1200.05760276493,0,0,100.0004000016,
167.43257,0,900.032401166442,100.0004000016,1200.05760276493,0,0,100.0004000016,700.019600548815,0,0,0,
167.55873,0,400.006400102402,100.0004000016,1100.04840212969,100.0004000016,0,100.0004000016,800.025600819226,0,0,0,
167.68508,0,300.003600043201,100.0004000016,1000.04000160006,400.006400102402,0,200.0016000128,1700.11560786133,0,0,0,
167.81142,0,400.006400102402,100.0004000016,1200.05760276493,300.003600043201,0,100.0004000016,800.025600819226,0,0,0,
167.93771,100.0004000016,400.006400102402,100.0004000016,2100.17641481884,0,0,0,1100.04840212969,0,0,0,

