- 22:03/07/2023 08:44:07 PM;
Software:Name=Qtegra;Version=2.10.3324.83;File Version=1;
Configuration:Machine=iCAP RQ;
STDS:Additional Gas Flow 1=0;Additional Gas Flow 2=0;Additional Gas Flow 3=0;CCT Entry Lens=-108.333333333333;Angular Deflection=-370;Deflection Entry Lens=-35;Extraction Lens 1 Polarity=0;Extraction Lens 1 Negative=0;Extraction Lens 1 Positive=0;Spray Chamber Temperature=2.7;Peristaltic Pump Speed=0;Cool Flow=14;Sampling Depth=5;Plasma Power=1550;Auxilliary Flow=0.8;Nebulizer Flow=1.105;Torch Horizontal Position=-0.723333333333333;Torch Vertical Position=0.3;Extraction Lens 2=-130;CCT Focus Lens=-1.08;CCT Bias=-2;CCT Exit Lens=-160;Focus Lens=18.8;D1 Lens=-200;D2 Lens=-80;Quad Entry Lens=-29.4;Pole Bias=-1;CCT1 Flow=0;CCT2 Flow=0;CCT1 Shut-Off Valve=0;CCT2 Shut-Off Valve=0;Virtual CCT Mass to Dac Factor=130;Virtual CCT Mass to Dac Offset=35;Virtual CCT Mass parameter b=0.65;Virtual CCT Mass Maximum Dac Limit Set=4095;
RF Generator:RF Plasma Lit Readback=1;RF FET Temperature Ok Readback=1;Plasma Power Readback=1548.6077186126;
Ion Optics:Pole Bias Readback=-0.793743890518083;Torch Horizontal Position Readback=-0.72316715542522;Torch Vertical Position Readback=0.300879765395894;Sampling Depth Readback=5;Extraction Lens 1 Negative Readback=-200.39100684262;Extraction Lens 1 Positive Readback=0.00977517106549364;Extraction Lens 2 Readback=-137.82991202346;Angular Deflection Readback=-369.560117302053;Quad Entry Lens Readback=-29.7165200391007;Focus Lens Readback=18.3724340175953;D2 Lens Readback=-80.9384164222874;Deflection Exit Lens Readback=34.6578690127077;Deflection Entry Lens Readback=-35.425219941349;D1 Lens Readback=-200.58651026393;CCT Exit Lens Readback=-162.512218963832;CCT Bias Readback=-2.01857282502444;CCT Entry Lens Readback=-109.237536656891;CCT Focus Lens Readback=-1.40273704789833;
Vacuum:Analyzer Vacuum Ok Readback=1;Interface Pressure Readback=2.02512396424301;Analyzer Pressure Readback=2.24603955216639E-07;
Detector:Detector Voltage (Counting) Readback=1618.76832844575;Detector Voltage (Analog) Readback=-1978.49462365591;
Cooling System:Plasma Cooling Water Flow Readback=0.909803921568627;Interface Temperature Readback=31.2178705615847;Exhaust Flow Readback=0.550695014662757;Quad Board Temperature Readback=0;Inlet Fan Speed Readback=0;Outlet Fan Speed Readback=2447.05882352941;Peltier Temperature Hot Side Readback=20.7862437909878;Spray Chamber Temperature Readback=2.6293915694153;
Power Supply:Supply Voltage 500 V Readback=-539.467253176931;Supply Voltage 1 kV Readback=-1169.35483870968;
Gas Supply:Nebulizer Supply Pressure Readback=0.0564456989247311;Nebulizer Flow Readback=1.10117302052786;Cool Flow Readback=13.919843597263;Auxilliary Flow Readback=0.796187683284457;CCT2 Flow Readback=0;CCT1 Flow Readback=0;Additional Gas Flow 1 Readback=0;
Pulse Counting:Threshold=2500000;

Time,24Mg,26Mg,43Ca,55Mn,59Co,63Cu,66Zn,86Sr,88Sr,138Ba,208Pb,
,dwell time=0.01;xcal factor=66096.21568,dwell time=0.01;xcal factor=66420.50783,dwell time=0.01;xcal factor=69176.99106,dwell time=0.01;xcal factor=80139.50903,dwell time=0.01;xcal factor=85118.72235,dwell time=0.01;xcal factor=86639.08057,dwell time=0.01;xcal factor=86821.65425,dwell time=0.01;xcal factor=85302.89892,dwell time=0.01;xcal factor=82608.9753,dwell time=0.01;xcal factor=93538.82005,dwell time=0.01;xcal factor=107923.33534,
0.0125,0,200.0016000128,100.0004000016,1600.10240655402,0,0,200.0016000128,1000.04000160006,0,0,0,
0.13881,0,400.006400102402,100.0004000016,1000.04000160006,400.006400102402,0,0,1100.04840212969,0,0,0,
0.26517,100.0004000016,600.014400345608,0,1200.05760276493,300.003600043201,100.0004000016,100.0004000016,1200.05760276493,0,0,0,
0.39145,0,500.010000200004,300.003600043201,2300.21161946899,500.010000200004,0,0,1700.11560786133,0,0,0,
0.51768,0,300.003600043201,0,700.019600548815,200.0016000128,0,100.0004000016,1700.11560786133,0,0,0,
0.64396,0,500.010000200004,200.0016000128,400.006400102402,200.0016000128,0,100.0004000016,1000.04000160006,0,0,0,
0.77024,0,400.006400102402,100.0004000016,1700.11560786133,100.0004000016,100.0004000016,0,1600.10240655402,0,0,0,
0.89652,0,800.025600819226,100.0004000016,900.032401166442,100.0004000016,200.0016000128,100.0004000016,1300.06760351538,0,0,0,
1.0228,0,200.0016000128,100.0004000016,2000.16001280102,300.003600043201,100.0004000016,0,1100.04840212969,0,0,0,
1.14909,0,900.032401166442,0,1200.05760276493,0,0,0,800.025600819226,0,0,0,
1.27526,0,200.0016000128,300.003600043201,1600.10240655402,100.0004000016,100.0004000016,100.0004000016,1100.04840212969,0,0,0,
1.40149,0,400.006400102402,300.003600043201,1800.12960933187,0,0,100.0004000016,1500.09000540032,0,0,0,
1.52775,0,600.014400345608,100.0004000016,800.025600819226,300.003600043201,100.0004000016,100.0004000016,1600.10240655402,0,0,0,
1.65399,0,100.0004000016,200.0016000128,1500.09000540032,200.0016000128,100.0004000016,200.0016000128,1000.04000160006,0,0,0,
1.78024,0,500.010000200004,0,1400.07840439065,300.003600043201,100.0004000016,100.0004000016,1100.04840212969,0,0,0,
1.90649,0,200.0016000128,0,1300.06760351538,0,100.0004000016,0,800.025600819226,0,0,0,
2.03267,0,300.003600043201,400.006400102402,800.025600819226,0,0,200.0016000128,1300.06760351538,0,0,0,
2.15895,0,700.019600548815,0,900.032401166442,200.0016000128,100.0004000016,100.0004000016,1300.06760351538,0,0,0,
2.28524,0,500.010000200004,0,1800.12960933187,100.0004000016,100.0004000016,100.0004000016,900.032401166442,0,0,0,
2.41153,0,700.019600548815,200.0016000128,1700.11560786133,300.003600043201,100.0004000016,100.0004000016,900.032401166442,0,0,0,
2.5378,0,600.014400345608,300.003600043201,1300.06760351538,100.0004000016,0,100.0004000016,1000.04000160006,0,0,0,
2.66407,100.0004000016,700.019600548815,300.003600043201,1800.12960933187,100.0004000016,100.0004000016,200.0016000128,1300.06760351538,0,0,0,
2.79021,0,700.019600548815,0,700.019600548815,100.0004000016,0,0,1300.06760351538,0,0,0,
2.91634,0,400.006400102402,200.0016000128,1400.07840439065,100.0004000016,0,0,1800.12960933187,0,0,0,
3.04255,0,500.010000200004,100.0004000016,1200.05760276493,200.0016000128,0,100.0004000016,700.019600548815,0,0,0,
3.16879,100.0004000016,500.010000200004,200.0016000128,2000.16001280102,0,200.0016000128,100.0004000016,1200.05760276493,0,0,0,
3.29502,0,300.003600043201,0,1700.11560786133,0,100.0004000016,100.0004000016,1500.09000540032,0,0,0,
3.4213,0,300.003600043201,400.006400102402,1500.09000540032,100.0004000016,100.0004000016,0,1000.04000160006,0,0,0,
3.54765,0,500.010000200004,0,900.032401166442,200.0016000128,100.0004000016,100.0004000016,2100.17641481884,0,0,0,
3.67385,0,600.014400345608,0,1300.06760351538,100.0004000016,100.0004000016,0,1000.04000160006,0,0,0,
3.80016,100.0004000016,300.003600043201,0,800.025600819226,0,100.0004000016,0,600.014400345608,0,0,0,
3.92644,0,300.003600043201,200.0016000128,1700.11560786133,300.003600043201,0,100.0004000016,700.019600548815,0,0,0,
4.05269,0,900.032401166442,200.0016000128,800.025600819226,100.0004000016,0,200.0016000128,800.025600819226,0,0,0,
4.179,0,400.006400102402,100.0004000016,1200.05760276493,200.0016000128,100.0004000016,0,1000.04000160006,0,0,0,
4.30524,0,200.0016000128,0,1100.04840212969,100.0004000016,200.0016000128,0,600.014400345608,0,0,0,
4.43143,0,500.010000200004,200.0016000128,1300.06760351538,300.003600043201,200.0016000128,0,1200.05760276493,0,0,0,
4.55776,0,600.014400345608,100.0004000016,1200.05760276493,100.0004000016,0,0,1900.14441097523,0,0,0,
4.68399,0,400.006400102402,300.003600043201,1300.06760351538,300.003600043201,0,0,700.019600548815,0,0,0,
4.81029,0,100.0004000016,500.010000200004,800.025600819226,100.0004000016,100.0004000016,100.0004000016,900.032401166442,0,0,0,
4.93654,0,600.014400345608,200.0016000128,1300.06760351538,200.0016000128,0,0,1200.05760276493,0,0,0,
5.06274,0,300.003600043201,100.0004000016,1900.14441097523,200.0016000128,0,0,900.032401166442,0,0,0,
5.18896,0,300.003600043201,0,800.025600819226,0,100.0004000016,100.0004000016,1000.04000160006,0,0,0,
5.31519,0,300.003600043201,100.0004000016,900.032401166442,0,0,0,1100.04840212969,0,0,0,
5.44147,0,500.010000200004,500.010000200004,1200.05760276493,300.003600043201,0,0,1500.09000540032,0,0,0,
5.56762,200.0016000128,600.014400345608,200.0016000128,1400.07840439065,0,100.0004000016,0,900.032401166442,0,0,0,
5.69386,0,400.006400102402,0,1000.04000160006,100.0004000016,100.0004000016,0,800.025600819226,0,0,0,
5.82015,0,500.010000200004,100.0004000016,1300.06760351538,100.0004000016,0,0,1100.04840212969,0,0,0,
5.94637,0,400.006400102402,500.010000200004,1200.05760276493,0,0,0,1300.06760351538,0,0,0,
6.07264,0,400.006400102402,100.0004000016,1100.04840212969,100.0004000016,100.0004000016,100.0004000016,1000.04000160006,0,0,0,
6.19893,0,400.006400102402,200.0016000128,1300.06760351538,100.0004000016,100.0004000016,100.0004000016,1000.04000160006,0,0,0,
6.32516,0,100.0004000016,100.0004000016,1200.05760276493,100.0004000016,0,0,1200.05760276493,0,0,0,
6.45143,0,100.0004000016,100.0004000016,1000.04000160006,400.006400102402,0,0,1200.05760276493,0,0,0,
6.57766,0,200.0016000128,100.0004000016,1700.11560786133,300.003600043201,200.0016000128,0,900.032401166442,0,0,0,
6.70391,0,300.003600043201,0,1200.05760276493,200.0016000128,0,100.0004000016,1000.04000160006,0,0,0,
6.83022,0,300.003600043201,100.0004000016,1000.04000160006,400.006400102402,0,0,1100.04840212969,0,0,0,
6.9565,0,400.006400102402,0,1300.06760351538,100.0004000016,0,0,800.025600819226,0,100.0004000016,0,
7.08279,0,400.006400102402,300.003600043201,1400.07840439065,0,200.0016000128,0,1000.04000160006,0,0,0,
7.20904,0,300.003600043201,200.0016000128,1800.12960933187,500.010000200004,0,0,1200.05760276493,0,0,0,
7.33536,0,400.006400102402,100.0004000016,1100.04840212969,200.0016000128,0,100.0004000016,900.032401166442,0,0,0,
7.46164,0,200.0016000128,200.0016000128,1300.06760351538,0,100.0004000016,0,1500.09000540032,0,0,0,
7.58791,0,500.010000200004,0,1400.07840439065,200.0016000128,0,0,600.014400345608,0,0,0,
7.7142,0,600.014400345608,400.006400102402,1100.04840212969,0,200.0016000128,100.0004000016,1000.04000160006,100.0004000016,0,0,
7.84043,0,400.006400102402,100.0004000016,1300.06760351538,300.003600043201,100.0004000016,200.0016000128,900.032401166442,0,0,0,
7.9667,0,500.010000200004,0,1800.12960933187,100.0004000016,0,0,1500.09000540032,0,0,0,
8.09286,0,600.014400345608,300.003600043201,1300.06760351538,200.0016000128,0,0,1200.05760276493,0,0,0,
8.21901,100.0004000016,400.006400102402,0,1300.06760351538,0,200.0016000128,0,1400.07840439065,0,0,0,
8.34525,100.0004000016,500.010000200004,200.0016000128,1000.04000160006,100.0004000016,200.0016000128,0,1300.06760351538,0,0,0,
8.47153,0,200.0016000128,100.0004000016,2100.17641481884,300.003600043201,0,0,1500.09000540032,0,0,0,
8.59785,0,500.010000200004,200.0016000128,1200.05760276493,100.0004000016,0,0,1300.06760351538,0,0,100.0004000016,
8.72416,0,700.019600548815,500.010000200004,1000.04000160006,0,0,100.0004000016,1100.04840212969,0,0,0,
8.8504,0,700.019600548815,400.006400102402,1500.09000540032,100.0004000016,100.0004000016,0,700.019600548815,0,0,0,
8.97667,0,400.006400102402,200.0016000128,1400.07840439065,100.0004000016,100.0004000016,200.0016000128,700.019600548815,0,0,0,
9.10295,0,500.010000200004,200.0016000128,1700.11560786133,100.0004000016,0,100.0004000016,1000.04000160006,0,0,0,
9.22918,0,400.006400102402,100.0004000016,2100.17641481884,100.0004000016,100.0004000016,0,1200.05760276493,0,0,0,
9.35546,0,300.003600043201,200.0016000128,900.032401166442,300.003600043201,100.0004000016,200.0016000128,700.019600548815,0,0,0,
9.48174,0,300.003600043201,100.0004000016,1400.07840439065,100.0004000016,0,100.0004000016,900.032401166442,0,0,0,
9.60802,0,300.003600043201,0,1500.09000540032,500.010000200004,0,0,500.010000200004,0,0,0,
9.73428,0,600.014400345608,0,1700.11560786133,300.003600043201,200.0016000128,0,1200.05760276493,0,0,0,
9.86059,0,500.010000200004,100.0004000016,1900.14441097523,100.0004000016,100.0004000016,100.0004000016,1100.04840212969,0,0,0,
9.98679,0,200.0016000128,200.0016000128,2000.16001280102,100.0004000016,200.0016000128,0,1300.06760351538,0,0,0,
10.11304,0,500.010000200004,100.0004000016,1900.14441097523,100.0004000016,100.0004000016,200.0016000128,700.019600548815,0,0,0,
10.23928,0,500.010000200004,100.0004000016,1100.04840212969,100.0004000016,0,100.0004000016,1600.10240655402,0,0,0,
10.3655,100.0004000016,300.003600043201,200.0016000128,1000.04000160006,200.0016000128,100.0004000016,0,900.032401166442,0,0,0,
10.4917,0,300.003600043201,300.003600043201,800.025600819226,300.003600043201,100.0004000016,0,1600.10240655402,0,0,0,
10.61793,0,100.0004000016,0,1100.04840212969,300.003600043201,200.0016000128,0,900.032401166442,0,200.0016000128,0,
10.74409,0,400.006400102402,200.0016000128,1900.14441097523,100.0004000016,100.0004000016,100.0004000016,1500.09000540032,0,0,0,
10.87025,0,400.006400102402,200.0016000128,1400.07840439065,300.003600043201,100.0004000016,0,1300.06760351538,0,0,0,
10.99647,0,300.003600043201,0,2000.16001280102,0,0,0,700.019600548815,0,0,0,
11.12284,0,100.0004000016,300.003600043201,1600.10240655402,0,0,100.0004000016,800.025600819226,0,0,0,
11.2491,0,200.0016000128,200.0016000128,1100.04840212969,100.0004000016,100.0004000016,100.0004000016,1300.06760351538,0,0,0,
11.37539,0,300.003600043201,200.0016000128,1700.11560786133,300.003600043201,0,100.0004000016,1300.06760351538,0,0,0,
11.50159,100.0004000016,700.019600548815,100.0004000016,1300.06760351538,200.0016000128,0,100.0004000016,1000.04000160006,0,0,0,
11.6279,0,600.014400345608,0,1600.10240655402,100.0004000016,0,200.0016000128,500.010000200004,0,0,0,
11.75407,100.0004000016,500.010000200004,100.0004000016,1400.07840439065,0,100.0004000016,100.0004000016,800.025600819226,0,0,0,
11.88038,0,400.006400102402,0,1600.10240655402,200.0016000128,0,100.0004000016,100.0004000016,0,0,0,
12.00663,0,400.006400102402,200.0016000128,300.003600043201,100.0004000016,0,0,900.032401166442,0,0,0,
12.13293,100.0004000016,300.003600043201,200.0016000128,1700.11560786133,100.0004000016,100.0004000016,100.0004000016,500.010000200004,0,0,0,
12.25919,0,400.006400102402,100.0004000016,1000.04000160006,100.0004000016,0,0,1000.04000160006,0,0,0,
12.38544,100.0004000016,400.006400102402,200.0016000128,1700.11560786133,0,200.0016000128,0,1500.09000540032,0,0,0,
12.51164,0,500.010000200004,100.0004000016,1700.11560786133,400.006400102402,100.0004000016,100.0004000016,600.014400345608,0,0,0,
12.63793,0,200.0016000128,0,1400.07840439065,100.0004000016,100.0004000016,0,700.019600548815,0,0,0,
12.76414,0,0,0,1800.12960933187,100.0004000016,0,0,500.010000200004,0,0,0,
12.89037,0,400.006400102402,100.0004000016,1600.10240655402,200.0016000128,0,100.0004000016,600.014400345608,0,0,0,
13.01665,0,100.0004000016,200.0016000128,800.025600819226,100.0004000016,0,0,1200.05760276493,0,0,0,
13.14289,0,400.006400102402,200.0016000128,1900.14441097523,300.003600043201,0,0,1000.04000160006,0,0,0,
13.26916,0,200.0016000128,0,1600.10240655402,200.0016000128,100.0004000016,0,1400.07840439065,0,0,0,
13.39532,0,300.003600043201,100.0004000016,1300.06760351538,100.0004000016,100.0004000016,0,700.019600548815,0,0,0,
13.5216,0,400.006400102402,300.003600043201,900.032401166442,200.0016000128,0,100.0004000016,500.010000200004,0,0,0,
13.64782,0,400.006400102402,200.0016000128,1100.04840212969,200.0016000128,0,100.0004000016,400.006400102402,100.0004000016,0,0,
13.77406,100.0004000016,600.014400345608,200.0016000128,1400.07840439065,200.0016000128,100.0004000016,0,1300.06760351538,0,0,0,
13.90032,0,200.0016000128,300.003600043201,1900.14441097523,100.0004000016,0,0,1200.05760276493,0,0,0,
14.02657,0,400.006400102402,0,1300.06760351538,0,100.0004000016,0,1100.04840212969,0,0,0,
14.15281,0,500.010000200004,0,1300.06760351538,100.0004000016,300.003600043201,100.0004000016,1300.06760351538,0,0,0,
14.27912,0,600.014400345608,300.003600043201,1200.05760276493,200.0016000128,200.0016000128,0,1000.04000160006,0,0,0,
14.40528,0,500.010000200004,200.0016000128,1500.09000540032,300.003600043201,100.0004000016,100.0004000016,1700.11560786133,0,0,0,
14.53149,0,600.014400345608,100.0004000016,1800.12960933187,100.0004000016,200.0016000128,0,800.025600819226,0,0,0,
14.65772,0,400.006400102402,100.0004000016,1200.05760276493,400.006400102402,0,200.0016000128,1200.05760276493,0,0,0,
14.78403,0,200.0016000128,0,1100.04840212969,0,0,0,700.019600548815,0,0,0,
14.91034,0,600.014400345608,500.010000200004,1300.06760351538,200.0016000128,0,0,300.003600043201,0,0,0,
15.03663,100.0004000016,300.003600043201,300.003600043201,800.025600819226,100.0004000016,200.0016000128,0,1000.04000160006,0,0,0,
15.16286,0,500.010000200004,300.003600043201,1400.07840439065,0,0,100.0004000016,1000.04000160006,0,0,0,
15.28915,0,400.006400102402,100.0004000016,1400.07840439065,100.0004000016,0,0,1200.05760276493,0,0,0,
15.41537,100.0004000016,400.006400102402,200.0016000128,1400.07840439065,0,0,100.0004000016,700.019600548815,0,0,0,
15.54162,0,400.006400102402,100.0004000016,1300.06760351538,300.003600043201,0,100.0004000016,1000.04000160006,0,0,0,
15.66793,0,500.010000200004,100.0004000016,1100.04840212969,100.0004000016,100.0004000016,100.0004000016,1000.04000160006,0,0,0,
15.79417,0,300.003600043201,100.0004000016,2300.21161946899,200.0016000128,0,0,800.025600819226,0,0,0,
15.92045,0,400.006400102402,100.0004000016,1200.05760276493,0,100.0004000016,300.003600043201,400.006400102402,0,0,0,
16.04668,0,200.0016000128,400.006400102402,1700.11560786133,0,100.0004000016,100.0004000016,1200.05760276493,0,0,0,
16.17291,0,400.006400102402,100.0004000016,1600.10240655402,100.0004000016,0,0,1400.07840439065,0,0,0,
16.29923,0,600.014400345608,200.0016000128,1700.11560786133,100.0004000016,100.0004000016,100.0004000016,800.025600819226,0,0,0,
16.42552,0,200.0016000128,100.0004000016,1400.07840439065,100.0004000016,0,100.0004000016,1400.07840439065,0,0,0,
16.55176,0,600.014400345608,100.0004000016,2100.17641481884,0,0,0,1500.09000540032,0,0,0,
16.67801,0,600.014400345608,100.0004000016,800.025600819226,100.0004000016,0,300.003600043201,1400.07840439065,0,0,0,
16.80424,0,400.006400102402,500.010000200004,1200.05760276493,400.006400102402,0,0,500.010000200004,0,0,0,
16.93041,0,200.0016000128,200.0016000128,1400.07840439065,100.0004000016,200.0016000128,100.0004000016,1500.09000540032,0,0,0,
17.05657,100.0004000016,700.019600548815,500.010000200004,1600.10240655402,100.0004000016,0,0,1300.06760351538,0,0,0,
17.18281,100.0004000016,900.032401166442,200.0016000128,1600.10240655402,100.0004000016,100.0004000016,200.0016000128,1500.09000540032,0,0,0,
17.30896,100.0004000016,700.019600548815,100.0004000016,1200.05760276493,100.0004000016,0,100.0004000016,1000.04000160006,0,0,0,
17.43519,0,500.010000200004,0,1300.06760351538,400.006400102402,0,200.0016000128,900.032401166442,0,0,0,
17.56142,0,100.0004000016,0,1700.11560786133,200.0016000128,0,0,700.019600548815,0,0,0,
17.6877,0,100.0004000016,200.0016000128,1500.09000540032,0,100.0004000016,0,1100.04840212969,0,0,0,
17.81394,0,600.014400345608,400.006400102402,800.025600819226,0,100.0004000016,100.0004000016,1700.11560786133,0,0,0,
17.94015,0,400.006400102402,300.003600043201,1500.09000540032,200.0016000128,0,0,700.019600548815,0,0,0,
18.06643,0,300.003600043201,400.006400102402,1300.06760351538,100.0004000016,0,0,1300.06760351538,0,0,0,
18.19269,0,600.014400345608,300.003600043201,1700.11560786133,400.006400102402,100.0004000016,0,1700.11560786133,0,0,0,
18.31893,0,600.014400345608,0,1600.10240655402,300.003600043201,0,100.0004000016,1400.07840439065,0,0,0,
18.44521,0,100.0004000016,600.014400345608,1500.09000540032,0,100.0004000016,200.0016000128,900.032401166442,0,0,0,
18.57144,0,100.0004000016,0,1100.04840212969,100.0004000016,100.0004000016,100.0004000016,900.032401166442,0,0,0,
18.69773,0,400.006400102402,100.0004000016,1000.04000160006,200.0016000128,0,0,800.025600819226,0,0,0,
18.82399,0,200.0016000128,0,1400.07840439065,200.0016000128,0,100.0004000016,1400.07840439065,0,0,0,
18.95037,0,400.006400102402,200.0016000128,900.032401166442,0,100.0004000016,0,600.014400345608,0,0,0,
19.07659,0,100.0004000016,400.006400102402,1600.10240655402,200.0016000128,0,0,2100.17641481884,0,0,0,
19.20287,0,300.003600043201,200.0016000128,1100.04840212969,0,100.0004000016,0,700.019600548815,0,0,0,
19.32915,0,500.010000200004,300.003600043201,1400.07840439065,100.0004000016,0,0,1000.04000160006,0,0,0,
19.45535,0,500.010000200004,700.019600548815,1600.10240655402,200.0016000128,300.003600043201,100.0004000016,1600.10240655402,0,0,0,
19.58166,0,700.019600548815,0,1500.09000540032,700.019600548815,200.0016000128,100.0004000016,800.025600819226,0,0,0,
19.70782,0,400.006400102402,0,1400.07840439065,100.0004000016,100.0004000016,100.0004000016,700.019600548815,0,0,0,
19.83398,0,200.0016000128,200.0016000128,1300.06760351538,0,0,100.0004000016,1200.05760276493,0,0,0,
19.96033,0,400.006400102402,100.0004000016,600.014400345608,200.0016000128,100.0004000016,100.0004000016,600.014400345608,0,0,0,
20.08658,0,300.003600043201,0,1200.05760276493,0,200.0016000128,100.0004000016,1300.06760351538,0,0,0,
20.21283,0,300.003600043201,0,2000.16001280102,100.0004000016,0,0,1300.06760351538,0,0,0,
20.33912,0,100.0004000016,300.003600043201,1100.04840212969,100.0004000016,0,100.0004000016,1800.12960933187,0,0,0,
20.4654,0,700.019600548815,100.0004000016,900.032401166442,100.0004000016,0,0,1000.04000160006,0,0,0,
20.59169,0,1000.04000160006,100.0004000016,1300.06760351538,100.0004000016,0,0,600.014400345608,0,0,0,
20.71795,0,600.014400345608,0,800.025600819226,700.019600548815,1300.06760351538,1700.11560786133,3200.40965243551,79250.4313631074,107157.347559383,132700.659482065,
20.84414,54518.6325444167,11705.4781637807,59240.0434627459,250382.795803184,168123.062054524,122497.296819291,65772.5872689938,58637.211073913,536991.864935872,498963.722114333,355689.613903843,
20.97037,132296.408293256,24023.0621396541,111999.517849609,488460.863997651,277649.704352609,186582.200944598,93548.7497390271,89317.9719802497,832161.512683251,782445.660917525,460011.487557183,
21.09666,178769.261758485,30036.0432519023,156777.034478872,632612.88602715,381122.942098552,209134.983825819,111797.723464866,114320.386398888,985905.244995115,877559.808216229,483680.251167153,
21.22293,192267.384679877,32542.3049964954,158701.086453348,626832.318510774,371231.864643463,200190.311837235,97478.6069092355,109880.838549493,982124.298482644,880238.677913183,489916.18915557,
21.3491,205170.08448773,35650.7666917691,160625.432762757,624415.763320596,366392.168481548,207304.875294421,106249.648512505,118054.85783181,991524.683631161,965824.820004902,506143.919947437,
21.47529,194399.99032535,34848.5091247016,175422.342885224,687077.961309096,376176.439539737,206999.883039521,109174.691558898,124012.12384329,1013918.48694726,937592.078451879,511870.162949417,
21.6016,197447.196229656,31539.7400724913,174915.311584892,676419.597886728,365671.520641569,196837.696081791,111091.46865734,121184.59448379,929844.213495965,856897.586000041,475681.933053984,
21.72783,185059.819554083,29133.9118734207,146958.827387251,619058.94023176,337700.877292555,198259.908963727,103728.606602481,109477.321120084,929736.636850927,861284.209306752,472567.064174567,
21.85411,196736.115590531,30938.239664225,147565.916799781,615698.93971499,344071.109380956,208931.625310574,99091.2121053921,122497.296819291,980612.227931029,896860.057511747,510099.958775678,
21.98044,190845.848145551,33745.4889190629,166298.903152029,674099.147209123,358570.182378837,213813.135388091,108367.715058191,118862.457147221,1028977.54011586,933071.927968299,514890.490090017,
22.10667,196837.696081791,30136.2840860396,169440.674621552,675259.320119133,400618.555863072,219307.094493717,114824.979807681,129163.902458637,1048178.7113445,971435.576295767,520933.290322054,
22.23297,210660.277276926,31740.2466327303,172177.695436788,669881.220325617,359599.115457183,209236.664313805,110587.025259242,115531.444645369,1022908.4867991,921348.407807095,526457.662838379,
22.35919,199377.474578868,30737.7459520291,162651.378510693,619058.94023176,358364.405782519,190947.38114911,106350.500721054,123709.14382419,1003203.59468287,897503.894984586,509579.357240231,
22.48543,194603.114456059,34046.302972042,166602.911272625,686655.679627811,384524.781388473,216254.599444839,110183.485132763,118256.752792145,1057083.77456662,922316.003401008,502813.470382053,
22.61175,192470.474424604,32341.7855869784,158903.63536094,597549.18825052,333695.436286769,191455.058444176,93246.5040088971,107964.246258913,951377.499117653,887420.784492399,512286.717283043,
22.73793,186379.206125327,34547.6757925938,157587.125755734,645760.242916641,354660.998040592,196025.075084155,109477.321120084,115531.444645369,1005042.89791876,914254.913342732,544611.108840479,
22.86422,187698.730942987,29033.6790677186,152929.813264649,621579.519134196,350033.259243636,199377.474578868,110183.485132763,119670.1083964,1005151.10032995,936408.077219949,525415.145351924,
22.99043,200291.920181603,33845.7594667991,171670.794820677,656814.449917898,375970.377107221,210456.894152384,115430.518663779,116439.814982258,1027351.62327387,880453.011449512,489084.554430411,
23.11664,195821.928024607,30136.2840860396,151411.497213224,607827.390951628,322302.263206087,197345.610823973,98184.0961842729,107863.381085142,939314.45504613,854116.595860859,481290.617177244,
23.24293,185567.259568501,28833.2158646761,153435.959352048,603316.551212778,336262.880956049,185465.769929763,106955.630988009,111595.932323245,966256.330573293,872525.034255223,505415.309778572,
23.36914,181102.489101619,28332.0719053969,146250.593451514,600589.837589858,338419.936674221,197548.782454443,99695.9924821391,115935.15668325,998119.815974909,913073.041697244,528021.598748514,
23.4954,193993.75188955,31840.5011174214,149589.759891837,657657.065913495,345612.775810958,215949.390580935,98486.4608724635,115531.444645369,993794.761314579,921455.914861497,531775.826923155,
23.6217,188206.277304016,28933.4470648069,156574.519811306,591889.213735269,367009.899221943,203137.286529427,108670.325167324,119972.99100504,986013.288207755,914254.913342732,504790.819907611,
23.74801,191556.596358712,28532.5270808722,159410.02189875,609191.44612031,333695.436286769,191048.914971141,105846.247780643,108670.325167324,944267.562193598,861177.20078618,503300.474377512,
23.87433,176335.050695068,30136.2840860396,140080.52870595,556205.251084605,336468.299010864,190439.724315828,98486.4608724635,110082.602127728,979208.31999734,893641.350280894,538870.160384105,
24.00053,189830.5631237,30336.7681630136,146048.248225695,568123.708809753,328151.531238729,188815.359938096,103728.606602481,119569.149149954,1035917.06831408,900830.898655229,529064.329157459,
24.12684,199174.273457407,33344.4147604609,159511.301652477,657657.065913495,377722.014463271,213609.701390178,102720.331596895,122800.247610319,1030820.49146189,902977.806328616,506352.101927464,
24.25311,201104.816435153,33043.6175751993,149286.162661559,607302.79303973,366598.075385471,181203.943577987,97579.3886631222,104636.123362174,907380.079919086,815991.87106048,479628.527399773,
24.37936,172076.313680319,28231.8455217485,138968.216299705,550667.996664105,315225.183991057,184755.365360283,98486.4608724635,105342.01509534,1014243.31850175,884204.423092852,523226.135783563,
24.50563,190642.784593806,35149.3496869605,152626.135389544,584974.865320692,342324.114133718,203238.918639912,97075.4879875358,114320.386398888,954179.453425744,873810.322201385,487109.639428763,
24.63182,183943.523495612,29234.1454819229,145137.735006457,566241.108061343,339960.915644284,194298.429488213,105039.485206102,110486.139011651,971003.893572904,878416.986178855,514786.328973367,
24.75814,192775.115181368,28332.0719053969,145947.076833944,622734.9502304,337392.721479217,201511.284228693,100603.217696528,109981.719933308,1009155.22263837,876702.687036807,505311.226009704,
24.88441,194298.429488213,27630.5040765005,155460.74741905,599646.110492169,343660.030006894,207914.881946293,105342.01509534,120073.953497719,1038954.27559629,959353.882065617,548787.965498917,
25.01058,200393.529345354,34748.2305439951,152322.464847114,603840.985809327,369481.123076486,200291.920181603,129770.13296664,113916.726270362,991740.864422921,891388.7312391,514161.380132429,
25.13687,184755.365360283,26427.9078707115,145542.399407772,580890.869873078,326509.358651738,193993.75188955,103930.271323278,114017.64008599,1026592.93159379,922316.003401008,561640.362034625,
25.26316,204560.210669796,33544.9502333126,168224.411969605,647128.342333766,370407.956159935,208219.8963438,109679.078213637,119165.320279406,1003744.53921365,895787.066193775,490955.80887901,
25.38944,195110.939112487,33344.4147604609,143519.207637193,562476.738146168,342221.357207733,177856.377450309,97780.9545991182,106148.797114199,967874.622946461,873917.435294507,520203.834972071,
25.51572,190947.38114911,32141.2693898966,145036.570941189,575656.885171439,326098.848776851,181914.147803734,101208.070942038,99796.7920451716,875952.75258035,808209.901268112,469971.921902953,
25.64199,161131.888614688,30837.992406645,137249.381623665,572308.258832675,307229.769400522,183131.733969426,101308.882650377,107661.653168788,955688.448680413,868348.730174498,541896.88429725,
25.76817,187901.747032865,34146.5759295679,150500.595563854,581623.798686946,336981.858720989,202934.024767427,112100.416258177,109880.838549493,995524.610483059,945021.461721753,511557.756125835,
25.89437,191150.449611653,28933.4470648069,148577.797628389,574819.646371854,324354.330261996,181609.769658779,106653.062208261,108165.979037694,968306.201647014,861070.193151161,501044.522783653,
26.02054,182218.53330701,31138.7365883159,145238.89988574,628093.310862621,338009.040601626,196736.115590531,96974.7102805239,108670.325167324,951808.529632813,880560.179548974,486901.771441621,
26.1467,176842.13918564,26928.9755777216,140282.777900686,548161.349923969,325585.730146767,206593.238180124,100300.802004811,110687.912317496,996605.883135898,906843.137173626,529898.574818942,
26.27293,193181.314318192,26427.9078707115,151006.643889915,584241.744476874,374820.29388949,194806.241862078,106148.797114199,111898.620251842,1014243.31850175,924574.00739991,536574.503466845,
26.39924,186886.699308872,27730.7256440136,156270.753923372,560804.040651903,340371.87502534,209745.079057761,104837.802663925,112302.215507751,975753.192939583,867171.042012425,489396.411092985,
26.52556,182218.53330701,31339.2367243789,145947.076833944,584870.131199214,336571.009287373,206999.883039521,108771.196824644,117146.370672818,1057083.77456662,1022908.4867991,563417.726696388,
26.65175,201917.765134256,30737.7459520291,168427.114248551,637134.055548491,341913.091429568,213813.135388091,107258.207060563,120679.745497369,1022908.4867991,947391.145504666,592622.772929966,
26.77813,200596.750131043,31038.4877247787,148982.572761036,585812.76916275,336365.589567093,190135.140036999,93649.4999337528,110183.485132763,926617.302387323,856362.733741519,467273.534816819,
26.90439,173698.519786527,28833.2158646761,138361.541926765,531254.340313238,296372.297841511,185364.281108962,96773.1572945277,98788.8328460822,881310.381097119,811514.000165194,478382.102353795,
27.03059,162043.560529812,31038.4877247787,130679.533574588,535322.500909057,307742.144476838,183436.148908651,101107.260043455,111797.723464866,956550.810467343,862033.293747181,527604.530435031,
27.15691,178160.664864582,29234.1454819229,138968.216299705,554010.957559899,323123.050119525,187901.747032865,106451.353739857,112604.920463358,970356.396394899,896538.150780004,503437.86342399,
27.28314,190541.254045601,28933.4470648069,152423.687546532,585708.028181122,341913.091429568,190744.315960453,104535.284926434,116338.881700035,1003311.78178853,872203.732220622,515098.81487469,
27.4094,189830.5631237,27129.408278574,147262.368429523,608981.582020446,344584.977352079,207914.881946293,108670.325167324,116137.01756924,1023341.89674771,931242.791114504,534696.545666251,
27.53566,186176.214578162,29835.5639922788,142507.733835379,593565.982260588,329485.95328027,182015.608820555,102518.68631491,110687.912317496,972406.914893617,859251.198834886,492827.338100152,
27.6619,176537.883640084,31138.7365883159,135834.04719102,537617.932719613,316455.696202532,184958.334004932,101611.322634023,105140.327692376,970895.975134425,887956.922439681,497403.344443402,
27.78821,184045.000866331,29234.1454819229,141192.939548504,597758.86501585,337598.157855264,193282.866149096,104636.123362174,112907.632716694,1020849.98667732,919843.402674098,496467.209503451,
27.91441,184755.365360283,31138.7365883159,151816.363570512,579320.449541209,338830.846073698,193384.418798699,100905.640675516,115531.444645369,988390.466210934,865244.147212554,493347.256100048,
28.0406,190439.724315828,29033.6790677186,143721.512163527,655020.277049968,314609.972741228,321734.225680088,104232.774479639,103728.606602481,893426.798246704,805652.470117054,473916.747164244,
28.16688,173495.732589003,28632.7558727184,147464.733195458,575028.950932772,323533.46353006,198463.095338889,101107.260043455,112504.018000643,1007964.67910333,890101.696319463,503125.663081267,
28.29311,189627.515939996,29133.9118734207,147363.550405375,550250.188049841,325072.632308309,188206.277304016,90023.0025330887,104736.962608001,871561.152091664,774152.442771072,470075.717441093,
28.41937,163867.102571949,24624.2302425587,121992.395070462,537215.198777079,296167.529434621,171265.289026537,90123.7244181099,102921.980118486,905554.565387692,827513.533617092,465613.273085088,
28.54555,186176.214578162,28432.2990917683,138664.875452999,570738.892071025,322712.65001175,193587.526554041,150298.181935245,116540.749075711,961941.870173675,856362.733741519,473916.747164244,
28.67179,165690.908944491,26728.5460872212,138260.432378079,523747.294482787,296372.297841511,172380.461399665,87102.4196008542,109477.321120084,905232.44246966,807996.762644886,445914.200448662,
28.79808,174915.311584892,29635.0879441258,143215.756951596,566345.689718647,320147.950688505,195618.784240846,107661.653168788,120376.845845291,1010129.38478761,956874.210911024,506560.287305895,
28.92437,189932.087943091,27931.1711870447,144631.922820061,595347.789585765,328254.174096288,198869.477919743,110284.368948421,116439.814982258,998552.400602334,902977.806328616,513536.461905228,
29.0507,178160.664864582,30036.0432519023,140586.157794386,566554.855600098,341296.582371378,190135.140036999,103325.286880801,119367.233091652,965824.820004902,896323.550738149,519995.426816819,
29.17693,184653.882264765,31138.7365883159,158599.813222555,605414.418511281,353735.315116505,208829.947283295,106148.797114199,118761.504392769,1048721.52874737,948899.351485107,504998.979800041,
29.3032,189221.431392621,29935.8032206519,151006.643889915,614019.269938977,357026.93930542,206389.92067045,107258.207060563,116641.683980405,1018250.24144936,886455.792146256,499379.855081924,
29.42953,189322.951301986,28231.8455217485,148173.035525315,598178.228851809,347874.225875921,202121.010504244,109477.321120084,113109.44494001,1040798.64004533,906413.599001878,516869.712904596,
29.55586,185871.733392436,30437.0114058695,151512.712580585,599855.821612013,331847.1982977,195618.784240846,103526.945121682,110687.912317496,946098.53705518,845884.094649695,508954.663445056,
29.68217,183842.046942682,29033.6790677186,136440.59957449,575970.863853992,327330.418326451,223378.237672831,130982.681737214,113311.260406956,989579.218316624,886670.22867249,518745.04936346,
29.80848,179580.770052011,30036.0432519023,152120.021892405,621579.519134196,364127.413143082,205983.29549075,111898.620251842,115834.227457032,1050350.11670557,946852.542999124,508330.00024488,
29.93474,186886.699308872,33444.6820952793,145845.906256286,584870.131199214,331949.871111039,200088.704312239,103829.438557875,108165.979037694,943082.951451152,871239.873996713,475370.411885789,
30.06099,179276.448311981,30036.0432519023,144024.975057127,574610.34523678,333387.377893073,185161.305921132,104131.939284151,111394.144424668,984824.862280428,862461.361482726,498651.631301737,
30.18731,184653.882264765,30637.5003003677,140990.675709378,568437.502556844,335441.242044671,206796.558969788,102518.68631491,109477.321120084,925864.472024955,846525.399897441,488045.087332238,
30.31355,177349.248103642,27830.9480141918,145036.570941189,600589.837589858,337084.573161338,196939.277392097,103627.775457087,116944.493562025,1013160.57819972,877774.097383239,574529.87570466,
30.43986,191759.674643385,27830.9480141918,141091.807222131,568646.702667321,317276.104137045,187597.224125285,99192.0068109167,102921.980118486,910924.460327265,815885.237031132,477966.654437243,
30.56615,180493.779410817,30737.7459520291,149589.759891837,591365.268627443,325790.975103734,195314.07470713,99695.9924821391,106854.773917794,908239.234608433,823245.052266248,468207.527179671,
30.69239,185059.819554083,27530.2833116428,135732.957973054,571261.992921875,319635.073163618,184349.437885321,98385.6718335877,102821.155452734,975861.151748903,844922.19644622,588559.909299402,
30.81861,166906.926738127,26628.3325458288,138159.32364274,570320.426799332,400355.910595939,191150.449611653,95060.0876118738,104837.802663925,900294.227342423,825485.829039416,469141.588051916,
30.9449,171163.914619412,25325.6295370915,138159.32364274,564986.194907455,294631.872045587,184755.365360283,100099.195592021,96873.9333828578,927370.176472052,831356.373525546,480044.029516083,
31.07106,177146.402085071,30938.239664225,142811.167431008,549519.055853293,330409.866295965,198056.725865301,99998.3936001028,117651.077647702,986661.566351223,848021.902579839,484199.796126402,
31.19736,171163.914619412,30236.5257230735,146958.827387251,571575.863705546,330512.527458276,189322.951301986,105241.170988785,114824.979807681,996389.621409379,872096.633315809,498131.496923905,
31.32364,188206.277304016,29334.3798932349,145744.736492712,582042.634008972,336776.432338645,193892.194327545,100905.640675516,115329.593493321,998336.106489185,888493.082594648,513640.612817237,
31.44998,187089.702308749,32542.3049964954,148780.183565976,605624.224149586,347668.622830747,217577.256569683,112907.632716694,113714.901072054,987309.876840941,904910.32756241,561431.276558327,
31.57623,182218.53330701,31840.5011174214,158194.728452509,623050.085888464,343865.56802699,219815.915519669,106753.917657881,111797.723464866,989146.932241096,904480.853480112,498443.575004182,
31.70254,178262.095637111,27530.2833116428,150703.012450604,601953.121799756,348491.055024476,196329.801815748,98184.0961842729,108266.846642723,953425.02159325,838725.013952912,462812.072224757,
31.82876,172380.461399665,25425.8326459683,142305.448840437,575238.25891962,319327.356621713,188206.277304016,106552.207568923,109275.567268754,938022.651156421,841182.161728589,478693.697182668,
31.95505,191048.914971141,28432.2990917683,146756.470763375,569065.113158455,338830.846073698,207813.212120723,112806.727821374,109880.838549493,969924.749546046,850587.738962833,470179.513825213,
32.08134,172887.390598631,28332.0719053969,142204.30756358,558295.404822953,312867.03657203,189830.5631237,101913.769905818,110082.602127728,936085.186553074,819937.94952512,463227.026058048,
32.20763,172076.313680319,28031.3951625821,147970.659359672,591784.422997392,335852.054838945,217984.255908069,110990.578356335,112806.727821374,979208.31999734,894070.465016075,534070.621111161,
32.3339,193485.972267011,32041.0124959949,164171.051942875,618743.902738951,341091.0860178,198971.075613041,105140.327692376,118256.752792145,928123.094282953,831890.191734622,492411.418968801,
32.46011,182218.53330701,26528.1198069954,141294.072688509,564567.917898879,314302.378329337,190642.784593806,97277.0458296357,103627.775457087,916081.65431679,841930.08207397,468622.656886716,
32.58635,175320.934991279,27430.063349431,149792.162117572,560594.968856971,318301.688831996,187901.747032865,128355.640612247,104736.962608001,941252.402159972,874881.493042762,490124.106316249,
32.71264,185871.733392436,29635.0879441258,149184.965213647,588222.048449763,332463.24766232,186176.214578162,99292.8023260017,108065.112243094,917586.222625845,868348.730174498,460426.350115489,
32.8389,180290.882720277,31439.4879969241,152322.464847114,614229.216614414,355895.34709178,198158.317004927,107762.51672177,116237.949229032,928445.786731273,791914.956834651,455967.286027321,
32.96519,166906.926738127,31840.5011174214,131993.228435745,517390.612049924,310099.337077878,158295.998422072,93951.7553721132,91231.7185285699,803841.263025779,755246.858890093,435247.963145343,
33.09149,161840.961061548,25926.8602271954,128153.583274701,534592.222776039,307537.191956657,180493.779410817,96974.7102805239,109376.443789146,878095.53778823,816311.778434086,484407.620041754,
33.21775,181711.228222856,29033.6790677186,149488.560000644,579948.594535304,347874.225875921,192673.56744381,107863.381085142,108266.846642723,994443.427772879,936838.610615429,536157.155639814,
33.34398,190033.613580854,32742.827618525,160828.012656903,628513.669224051,363098.112579691,213406.270674993,96773.1572945277,111595.932323245,970140.571176884,876059.883412825,500420.246925669,
33.47023,185770.241299828,28933.4470648069,145947.076833944,581309.681195486,345509.992213859,186683.699581297,116843.556223552,109174.691558898,938345.590066236,837229.587555137,492619.376838018,
33.59655,188916.876574307,27329.8441898553,145643.56754321,585393.810381529,324354.330261996,192978.213112441,95160.8499429838,103325.286880801,906520.982209474,849518.578565993,483991.975600607,
33.72278,178464.959633885,30236.5257230735,139271.564467148,560385.900482171,320968.597947584,194298.429488213,100199.998393587,98990.4182094179,891710.50996313,849946.232111837,490747.878150147,
33.84906,179580.770052011,31439.4879969241,139271.564467148,572517.522289006,302107.159484242,221749.622682626,96571.6075458364,104434.447300771,908883.638021805,822391.525297681,469868.127210785,
33.97539,166197.568743985,28732.9854673165,143316.906366288,583927.562690856,320660.84899163,184755.365360283,100502.411656272,103325.286880801,916618.980087743,863317.539467423,500940.474684706,
34.10162,196532.957065108,28833.2158646761,155865.744150758,609191.44612031,356409.694668257,183537.622190525,103426.115596257,109275.567268754,982556.350968214,887742.464595923,499587.926659105,
34.22785,181508.311912264,32442.0448901777,142305.448840437,608142.160016061,331128.511907657,191658.135091778,118256.752792145,102921.980118486,939314.45504613,843853.504633286,489500.365009645,
34.35402,168832.528601861,27630.5040765005,142406.590931033,566659.439824265,324764.78358469,177450.672338643,94959.3260899243,98788.8328460822,884204.423092852,770964.163928072,452235.31711449,
34.4803,162752.684362456,25325.6295370915,133812.417309757,548579.090225318,309791.852271807,174712.504783195,96773.1572945277,100502.411656272,874881.493042762,786700.663852822,474435.894091561,
34.60659,160625.432762757,27730.7256440136,127850.503361101,515411.308430292,299649.043268472,158194.728452509,89922.281456741,94455.5306172433,803202.074164596,767139.270357071,478478.107248354,
34.73288,166602.911272625,29033.6790677186,142305.448840437,570843.51052905,317891.444983209,217475.508787786,100804.83220614,112604.920463358,979316.307528598,886563.009965291,508330.00024488,
34.85917,191861.215013543,27830.9480141918,152626.135389544,613599.386912885,340885.592996996,190845.848145551,102317.044272455,112201.315477554,941252.402159972,818871.322876346,499796.001631987,
34.98544,167008.266858875,27430.063349431,140788.415124698,553279.610118281,306614.946694146,188612.329120454,93347.251776609,106249.648512505,888171.383836668,835947.931263977,463434.508046445,
35.11171,176436.466759047,30136.2840860396,148881.377756317,580367.375004093,326304.102050823,184045.000866331,107359.067372083,114824.979807681,1005800.33370643,944698.356559027,549832.393099501,
35.23799,193079.763305977,32742.827618525,160726.722302066,616538.857215462,403760.659490132,191150.449611653,118155.804906279,115228.669133987,973486.265220463,897289.278936595,508642.328020733,
35.36431,186886.699308872,34146.5759295679,156068.247406912,582775.628824625,335543.94399426,182928.794765174,90023.0025330887,111293.251691497,924036.351720734,854009.646648079,502189.107913023,
35.49066,181508.311912264,31238.986254846,143923.819945367,562476.738146168,322610.052063286,192267.384679877,95463.1417913744,102115.40546945,908346.632951272,861819.265193302,498443.575004182,
35.61698,186176.214578162,27830.9480141918,145542.399407772,581728.506231709,320763.431145754,199682.282405783,99695.9924821391,103224.458975306,974025.974025974,878524.137417033,496675.233549545,
35.7433,177349.248103642,29935.8032206519,144429.603643327,638190.980153841,320250.528686831,181203.943577987,97680.1712264132,105745.399623213,939206.799807427,864494.876760855,489084.554430411,
35.86954,187191.205035826,29133.9118734207,152626.135389544,578692.335395999,331231.178895234,193485.972267011,110486.139011651,123709.14382419,1061973.28751986,979748.266631196,541792.502564396,
35.99581,214932.081058946,33745.4889190629,152322.464847114,663767.68746869,356924.06311237,197142.442469884,107661.653168788,119771.068454391,1017058.86515671,888922.026709083,547117.058934133,
36.12212,190541.254045601,29835.5639922788,145238.89988574,602687.258054605,337803.597562706,197345.610823973,103930.271323278,116237.949229032,990659.996423685,902977.806328616,513328.162632159,
36.24832,192775.115181368,29033.6790677186,151613.928762581,579843.901560575,312149.42673044,188104.766395441,93145.7570501702,105846.247780643,891281.473441759,846097.85952956,476304.99824723,
36.3746,174712.504783195,30637.5003003677,141192.939548504,559967.773992631,312662.001036807,177349.248103642,93548.7497390271,100704.02454648,957521.035975048,841716.386128994,484719.362270383,
36.50089,182725.858831683,27730.7256440136,142608.877553483,565195.338544543,320660.84899163,184755.365360283,97478.6069092355,109275.567268754,951269.743726021,901367.592208869,543880.299333407,
36.62717,194298.429488213,31940.756405173,144328.445275884,676657.944487845,338317.211406702,189221.431392621,93246.5040088971,109174.691558898,895465.186136604,813539.511236117,450266.107982425,
36.75343,167008.266858875,28131.6199408135,126840.289782824,522704.998366547,307947.100316653,168021.712955692,110990.578356335,101712.13758148,902763.099545355,839793.281653747,491579.621419453,
36.87975,178870.697434575,30136.2840860396,134519.950776556,554219.921660983,312046.914360233,202425.884705958,84283.191523519,101611.322634023,927155.065129014,808103.331516443,462293.398951361,
37.00595,179682.212266735,32542.3049964954,150399.388342287,567496.144421581,317070.997168539,188307.789030794,94757.8054734678,103224.458975306,897074.666445678,824525.448520358,495011.136220864,
37.13214,179783.655298834,30537.255451651,138260.432378079,568123.708809753,321071.182595309,210761.970069783,98284.883604194,110082.602127728,1020200.00166529,939852.744643939,526561.919270716,
37.25843,195415.643732792,28833.2158646761,160118.99729881,623365.229298371,380607.591441253,210355.20382068,102720.331596895,112806.727821374,1009696.41482345,906413.599001878,574296.399957444,
37.38465,187292.708581008,30637.5003003677,144429.603643327,584974.865320692,329075.346907016,183537.622190525,102317.044272455,107359.067372083,946098.53705518,866100.509458716,507913.575107541,
37.51086,183639.096290148,27931.1711870447,148375.414948194,579843.901560575,319532.500151917,202934.024767427,99292.8023260017,122396.314845929,1021716.6838757,932749.12036115,573668.532521523,
37.63708,195618.784240846,31339.2367243789,144227.287722376,605309.516981441,338317.211406702,189627.515939996,117247.310445158,114824.979807681,949007.087192816,836909.161561293,486693.906845114,
37.76324,175726.571468853,31038.4877247787,138968.216299705,559758.715877722,313994.791392432,178464.959633885,96571.6075458364,118559.601318222,990011.518773105,905661.941473929,509579.357240231,
37.88949,188713.844120148,35049.0686961746,138867.101870734,581204.97707924,331128.511907657,178464.959633885,124820.106288039,108468.584284107,931457.970292922,842036.931371819,518640.856773056,
38.01569,188510.814939004,28933.4470648069,139170.447597902,550250.188049841,318711.945975945,178464.959633885,98385.6718335877,105543.705738926,936192.81588208,844067.235925321,512390.857991909,
38.14191,189322.951301986,25425.8326459683,145340.065579047,578064.252097401,325072.632308309,236827.926725871,99292.8023260017,110889.688866032,977804.563780706,884204.423092852,496883.260990177,
38.26822,187089.702308749,27730.7256440136,143013.460563686,575133.60449795,323738.675224064,190744.315960453,96672.3820155238,113513.079117612,968198.305626997,890101.696319463,515307.143061265,
38.39454,180595.228982261,30537.255451651,144834.245252655,557563.812125326,323738.675224064,190236.667311537,120275.880917835,107157.347559383,962049.714209757,903085.161055022,507913.575107541,
38.52074,188916.876574307,27931.1711870447,145340.065579047,572098.99880118,320763.431145754,190033.613580854,117146.370672818,113109.44494001,984824.862280428,901045.573407707,523851.528776611,
38.64705,183334.676444516,26728.5460872212,133812.417309757,570320.426799332,320558.267668686,187901.747032865,97579.3886631222,116137.01756924,964530.374346213,861605.2401819,482537.326820676,
38.77332,174509.701249058,24824.6260290208,147667.101218354,549936.84055613,303131.515556365,214016.572668813,101208.070942038,109376.443789146,935439.429337339,852726.325107341,513015.720099766,
38.89957,176842.13918564,26728.5460872212,141192.939548504,572936.059476512,312559.484514789,191048.914971141,107258.207060563,113210.352268024,963883.199913592,878095.53778823,492307.441306511,
39.02589,180798.130577547,27730.7256440136,148577.797628389,554951.32292872,328664.753845904,187698.730942987,98990.4182094179,110788.800186422,1006233.17396714,935331.806260997,519682.820966155,
39.15212,192064.29820955,34046.302972042,157587.125755734,587174.479966266,335338.540927719,201206.43215432,111091.46865734,115935.15668325,1031579.42963768,925434.302875442,528334.408927156,
39.27841,196939.277392097,32341.7855869784,153334.728504966,575552.227323692,328048.889213088,192267.384679877,104938.643529955,111192.359769057,959138.239679685,849518.578565993,467896.188780271,
39.40467,175827.982630693,31138.7365883159,133610.272207053,537200.550786342,296577.069563563,177349.248103642,90325.1706142112,106955.630988009,897074.666445678,857111.533099171,488149.030226906,
39.53087,176842.13918564,27129.408278574,142406.590931033,563104.056148847,339241.768800704,195821.928024607,102720.331596895,114219.470150243,999309.458340787,900938.235586646,513328.162632159,
39.65719,175929.394609531,28833.2158646761,141091.807222131,566450.272231563,312251.939930989,188815.359938096,103325.286880801,108771.196824644,976832.821416548,888171.383836668,516557.183625311,
39.78351,187089.702308749,29635.0879441258,144126.130982793,604260.548955346,326304.102050823,198564.689755272,102518.68631491,116237.949229032,1013485.3908266,901045.573407707,554533.374220587,
39.90982,186683.699581297,33544.9502333126,146351.767285602,564149.65457721,326098.848776851,195110.939112487,98083.3095738145,109880.838549493,947822.043608948,891603.249499774,509162.891310559,
40.03602,179682.212266735,29133.9118734207,146048.248225695,544089.097782773,321584.118302441,185567.259568501,99595.1937287155,103123.631879762,978128.494058282,904695.588741198,503541.931903503,
40.16233,174002.706708771,26027.0681508769,137552.688310435,570738.892071025,317173.550237374,197244.026237386,105644.552275977,104938.643529955,953317.249197523,861070.193151161,480563.426218481,
40.28849,180595.228982261,27830.9480141918,137957.108612063,590946.127987487,299649.043268472,172786.003125453,97982.523772809,106451.353739857,891925.033555935,818977.981575577,518015.719097683,
40.41473,168021.712955692,26027.0681508769,132094.287575497,549623.500748093,317481.214428939,190947.38114911,100401.606425703,110587.025259242,989903.442310731,897825.825726279,528647.226771994,
40.54107,189322.951301986,31740.2466327303,149184.965213647,585812.76916275,329896.572966313,183639.096290148,125830.157428401,109073.816659569,971003.893572904,885062.041316701,509371.122575589,
40.66735,176740.719853371,31138.7365883159,147363.550405375,583194.501864503,406297.509776343,196736.115590531,100502.411656272,118963.410713137,1022908.4867991,918768.506000713,512286.717283043,
40.79363,196126.649842373,29534.8511243267,151411.497213224,590317.442769814,342837.911263574,200291.920181603,103022.805594158,114320.386398888,1020524.9901122,886991.890123181,510516.455303534,
40.91991,182624.392091447,30236.5257230735,148173.035525315,574296.399957444,334208.88359235,199377.474578868,110587.025259242,115329.593493321,1027785.18123667,919735.90899477,508746.438978997,
41.04618,183334.676444516,29835.5639922788,152929.813264649,564463.35078534,312764.518389217,181609.769658779,93649.4999337528,104736.962608001,928983.625328261,871561.152091664,496155.179798886,
41.17246,165994.902376073,25826.6531060054,134115.6410607,573040.695914042,312969.555585256,180798.130577547,105442.860012051,116237.949229032,948360.686365278,839259.136762031,481810.064703412,
41.29862,169339.314910719,30737.7459520291,132195.347527997,542627.580316238,299341.812323411,183943.523495612,93045.0109004188,104131.939284151,891817.77131518,823351.747104686,471321.329888252,
41.42483,162752.684362456,27730.7256440136,138260.432378079,570320.426799332,333695.436286769,185059.819554083,100401.606425703,112100.416258177,982232.310256954,838938.660426735,488045.087332238,
41.55114,172380.461399665,26327.6967369673,138867.101870734,547430.337266956,318609.380443501,191658.135091778,94354.7739500522,103728.606602481,921455.914861497,815032.196508156,463123.286331803,
41.67745,171366.664250215,26027.0681508769,124214.114582496,498547.602728549,301799.868835469,171468.040290459,122497.296819291,101812.953338742,885919.716373155,831569.898161619,463330.766629592,
41.80372,171062.541028832,29735.3255667733,137856.002316705,569274.323539278,324251.719010207,202019.387409474,98083.3095738145,115430.518663779,992713.722489312,859144.207137951,474643.558787325,
41.93006,176335.050695068,28632.7558727184,122396.314845929,519057.632239757,307844.621981786,174104.103983147,88713.6916135455,99595.1937287155,867385.159156847,780318.685987469,469349.166439141,
42.05629,170251.581698609,26127.2768770597,144024.975057127,562894.946726927,331641.855167858,219510.620440312,102518.68631491,115430.518663779,967443.058590861,910817.040611578,611223.809721676,
42.18261,188713.844120148,33344.4147604609,155258.253943338,619268.969531516,354249.575062777,218696.536363343,123507.161204481,126133.188606806,1055345.72317133,921455.914861497,543775.901388764,
42.3088,203442.185319902,33645.2191745706,147869.47249829,682267.710119888,335646.646776495,185465.769929763,112100.416258177,116944.493562025,956874.210911024,814712.320845896,462189.666832341,
42.43513,174205.502074355,28933.4470648069,148071.847035344,584451.203287909,332155.219234604,236924.244810279,100099.195592021,111293.251691497,950084.493475111,839686.45090873,497715.404699739,
42.56137,176943.559335006,27430.063349431,129669.09251739,532297.334836675,288900.398148448,176639.301338189,88814.4029865725,102821.155452734,866635.76465914,774790.193207827,449540.686689687,
42.68759,163968.418213076,23822.6791905894,131184.784575484,543775.901388764,317686.3280443,181001.035442763,98385.6718335877,103627.775457087,902763.099545355,863317.539467423,525964.374799786,
42.81389,168224.411969605,26728.5460872212,128052.555824482,530941.458572473,304668.205190494,171974.932740483,101712.13758148,104232.774479639,842464.337399214,793192.248010829,458870.685230596,
42.94014,181914.147803734,26127.2768770597,135227.524079548,551294.735206822,317994.00469902,170555.685323754,96370.061034372,106148.797114199,909205.851749597,848877.1247777,555103.675342711,
43.06649,184755.365360283,31840.5011174214,150601.803599957,609611.18463915,346126.70630125,203442.185319902,106552.207568923,117752.021476683,1017275.47091269,934040.399010772,547325.910302317,
43.19276,184653.882264765,30537.255451651,146756.470763375,573040.695914042,327227.782955789,200393.529345354,104031.1048987,109880.838549493,956550.810467343,831783.426327754,531360.541566995,
43.31906,181102.489101619,27830.9480141918,139676.040078677,558295.404822953,318199.126623403,190845.848145551,98083.3095738145,111696.82748867,957628.843286527,846418.513479424,494907.137350243,
43.44533,172481.845606093,29935.8032206519,145845.906256286,618008.845386094,351061.499647113,195212.506500365,111192.359769057,127951.529186618,1029085.9417948,934040.399010772,509579.357240231,
43.57162,181001.035442763,29334.3798932349,146756.470763375,565509.060416411,317994.00469902,191455.058444176,97176.2665039031,100905.640675516,907594.863249351,823565.139426593,475889.618065463,
43.69783,172988.778888522,31138.7365883159,139878.282765306,561744.906055475,328767.400863204,183740.57120753,100099.195592021,103325.286880801,893319.523562921,833491.778749576,460011.487557183,
43.82404,175523.751596128,29033.6790677186,136339.505477711,564986.194907455,316455.696202532,190338.195404476,99292.8023260017,109679.078213637,892032.296685406,812580.018998059,462708.335879604,
43.95035,166096.235152003,28833.2158646761,140080.52870595,561535.818868912,330512.527458276,173292.948658566,91130.9877474989,106753.917657881,896538.150780004,837977.2791163,464990.730743374,
44.07664,170150.215456486,29334.3798932349,137957.108612063,573249.97135796,341091.0860178,181305.398871878,97377.8259647432,111192.359769057,976508.923450345,891388.7312391,490851.843090552,
44.20292,179276.448311981,31740.2466327303,147869.47249829,601428.764536491,337084.573161338,201917.765134256,106955.630988009,112100.416258177,933825.176972423,829007.835487817,479940.152716569,
44.32918,169339.314910719,27730.7256440136,135025.356213579,488668.757417203,286240.239511268,166096.235152003,91735.3845659732,97176.2665039031,819084.641156034,804054.333016804,450058.840536039,
44.45541,161840.961061548,26327.6967369673,134014.565664121,563208.612142729,328048.889213088,180493.779410817,101510.508496359,112705.823736931,939422.111178438,848984.031531625,485031.112125982,
44.5817,179885.099148316,30236.5257230735,143822.665647504,574296.399957444,327022.514709935,195517.21357736,100199.998393587,117752.021476683,964422.509700308,870061.922580218,479940.152716569,
44.70794,178870.697434575,29534.8511243267,138260.432378079,551399.194619897,302619.327152747,182928.794765174,93347.251776609,109174.691558898,890316.193253605,785317.633856741,479316.909705378,
44.83418,172380.461399665,29033.6790677186,136844.984093404,542001.266883263,324559.555260215,180696.679371168,93045.0109004188,102921.980118486,922316.003401008,826446.280991736,470283.311055326,
44.96045,174915.311584892,33043.6175751993,141698.613385038,568646.702667321,309381.884151872,190642.784593806,123507.161204481,111394.144424668,929413.912271458,878095.53778823,493243.270803506,
45.08671,181812.687604505,30938.239664225,147262.368429523,583508.665646055,334003.502172644,198767.881045688,104837.802663925,109376.443789146,1001148.21070498,888064.152694016,500212.161765186,
45.21294,192165.841035418,27029.191526849,154245.835463059,602792.138099413,335030.44257258,198259.908963727,98184.0961842729,115026.822848647,936623.342131036,823351.747104686,557262.142049594,
45.3391,181914.147803734,29133.9118734207,145845.906256286,583822.837143617,335441.242044671,211067.053370821,104636.123362174,112705.823736931,992497.525514236,871561.152091664,516453.008900139,
45.46529,193079.763305977,33745.4889190629,157587.125755734,630195.240575265,355483.884054443,251913.084935315,102518.68631491,111696.82748867,964314.645950605,869205.298013245,496675.233549545,
45.59151,193993.75188955,32141.2693898966,152221.242962408,632581.214521799,340988.339090806,246200.951680791,106047.946526126,107560.790426186,961510.502988689,871775.341921383,518640.856773056,
45.71774,173394.340215404,29133.9118734207,157080.812593836,578797.01894468,322097.074791346,209338.345622045,127749.478347921,112504.018000643,935977.558117339,866421.659920704,524789.675733072,
45.844,183030.26395845,29133.9118734207,141799.750593346,567809.92276476,335133.141191684,185465.769929763,99595.1937287155,109880.838549493,996605.883135898,877345.522598168,646838.510385251,
45.97034,184146.479054849,30437.0114058695,147970.659359672,595138.152317691,318711.945975945,187901.747032865,109880.838549493,112504.018000643,950838.731107789,864280.807462155,504894.899429098,
46.09657,194806.241862078,30336.7681630136,157182.073595827,629144.232622415,346537.865699848,191759.674643385,106047.946526126,113815.81326572,944375.259443753,861177.20078618,485966.407457398,
46.22286,176537.883640084,28131.6199408135,141192.939548504,531984.427532058,301390.159580928,180087.98929947,88915.1151681559,99192.0068109167,867813.404080078,781807.531587871,472047.993413947,
46.34907,174509.701249058,26928.9755777216,142002.027451043,578797.01894468,323636.068961326,191658.135091778,94959.3260899243,112201.315477554,945452.281124165,857860.375828486,487317.510806623,
46.47525,178769.261758485,29434.6151073663,146149.420431548,588431.572439826,336879.145113428,182421.461063947,94354.7739500522,108670.325167324,934363.238766271,851550.058941534,642521.576971484,
46.6014,188713.844120148,32742.827618525,150298.181935245,585812.76916275,329485.95328027,190744.315960453,96470.8338854557,107359.067372083,897933.137752142,822284.838393813,548265.783718601,
46.72763,181609.769658779,30938.239664225,145441.232086388,560699.504326915,319942.797185233,188815.359938096,92440.5509898466,104535.284926434,902870.452492063,823458.442824797,485238.949600391,
46.85395,172076.313680319,33645.2191745706,140383.903718363,549727.946496826,308561.987754705,174813.907775594,93951.7553721132,97075.4879875358,885062.041316701,775109.080261628,459389.219068879,
46.98022,168325.762700944,27830.9480141918,139372.682149839,542001.266883263,307024.825179073,188104.766395441,93246.5040088971,105846.247780643,920380.884444868,838084.095729068,504166.36061667,
47.10647,181001.035442763,27630.5040765005,141496.341409452,577854.897852279,331025.845752291,191658.135091778,95463.1417913744,107459.928493954,953963.896998061,878524.137417033,522600.773436894,
47.23278,191455.058444176,27830.9480141918,147768.286451187,584451.203287909,330512.527458276,187089.702308749,98990.4182094179,108872.069292452,965285.451962145,914899.616044847,542836.3582863,
47.35902,192572.020524892,33845.7594667991,155055.763727617,599646.110492169,327946.248019355,234580.661832394,104736.962608001,116237.949229032,962265.404969801,870276.087586407,500212.161765186,
47.48531,194399.99032535,31439.4879969241,144227.287722376,575133.60449795,329999.229968023,189119.91230156,95765.4409225605,114118.554712614,950084.493475111,840113.779188992,578846.809118427,
47.61162,177349.248103642,31639.9929510902,146756.470763375,594090.017485882,336673.72039663,185871.733392436,98688.0413787011,115127.745585765,972514.845889486,921133.39637353,512807.429329523,
47.73786,180595.228982261,31940.756405173,145441.232086388,588222.048449763,335441.242044671,197447.196229656,107560.790426186,113613.989689355,987634.0442164,895787.066193775,513015.720099766,
47.86415,195212.506500365,30437.0114058695,148881.377756317,571994.37006972,350753.018767669,183639.096290148,91634.6497408536,102417.864888746,908239.234608433,834773.191359198,453893.834863282,
47.99041,170352.948757189,26928.9755777216,143114.608350732,518849.242804705,298112.963157852,168933.884230958,92742.777304919,96470.8338854557,885383.662802497,809808.553164076,463745.737368964,
48.11664,181102.489101619,26127.2768770597,139676.040078677,565299.911646324,359498.923865621,183842.046942682,95160.8499429838,106350.500721054,909742.89243933,831036.093190112,468518.873191226,
48.24293,169440.674621552,28131.6199408135,141192.939548504,544402.30185718,290844.714213455,184856.849273669,93448.0003533157,96067.7473368053,881953.445612698,828474.136399139,488980.60390532,
48.36912,175929.394609531,27931.1711870447,150298.181935245,604889.919457258,325380.488516459,195821.928024607,100704.02454648,116137.01756924,996930.282472246,936515.709228835,525832.142127833,
48.49532,192470.474424604,30637.5003003677,143215.756951596,602687.258054605,349416.355037842,198158.317004927,124012.12384329,112806.727821374,1017058.86515671,939960.405244438,539183.236488751,
48.62162,212389.166337225,35349.9140786791,156777.034478872,645128.861643504,347051.833707118,217780.754596697,105241.170988785,116641.683980405,1021283.32805969,924036.351720734,537722.280334728,
48.74784,189525.993575663,31539.7400724913,141597.47699041,568332.903785341,326098.848776851,182319.996776663,91533.9157245632,105846.247780643,927692.85017942,844280.970752544,468103.746867423,
48.87406,177450.672338643,29033.6790677186,134924.273500149,536365.827848122,309894.34637704,169643.396492359,132902.789953273,107964.246258913,946098.53705518,886884.668751424,508850.550787101,
49.00027,195821.928024607,29334.3798932349,139878.282765306,587593.497066638,339241.768800704,186988.200399768,100603.217696528,104031.1048987,918338.572293503,831142.852419448,499171.786900361,
49.12651,180189.435601162,27530.2833116428,135227.524079548,543880.299333407,302721.763174621,177653.523260123,96269.2889925755,109679.078213637,992497.525514236,924574.00739991,542836.3582863,
49.25267,192775.115181368,33544.9502333126,156979.55240702,594823.702854335,342632.389911605,191759.674643385,96470.8338854557,112504.018000643,963775.340644732,868562.866816222,483888.066608767,
49.3789,183943.523495612,27430.063349431,145441.232086388,569378.930013541,312149.42673044,189525.993575663,97579.3886631222,108972.942570757,993362.334994136,934793.704276959,505311.226009704,
49.50513,196025.075084155,30737.7459520291,149690.960597476,569065.113158455,333592.749323086,187089.702308749,102720.331596895,105241.170988785,980072.2453849,898255.079165786,515202.978542735,
49.63142,192267.384679877,32041.0124959949,149589.759891837,562476.738146168,303438.838551915,179783.655298834,93750.2509375025,108468.584284107,890316.193253605,823138.358309473,471944.181800398,
49.75768,175523.751596128,27430.063349431,133408.130355929,531567.229722829,300161.111425958,164373.688936131,109073.816659569,107863.381085142,905661.941473929,860535.168258986,497611.383765569,
49.88391,184450.918527294,26928.9755777216,139170.447597902,541792.502564396,369713.1705482,195720.355723258,93347.251776609,98587.2507208314,905984.075073469,852191.64539893,489084.554430411,
50.01018,186886.699308872,28432.2990917683,143013.460563686,558608.95737233,324970.015235502,192572.020524892,99796.7920451716,117045.431711777,967982.516276731,843532.91432352,521767.00464292,
50.13649,196228.225419568,33745.4889190629,150804.222115806,577540.872910315,321071.182595309,195618.784240846,102720.331596895,115531.444645369,946421.677093669,869098.223931192,527396.00138869,
50.26263,190845.848145551,30236.5257230735,145441.232086388,579529.827778142,315020.110251976,171974.932740483,110082.602127728,101712.13758148,883668.440560744,831783.426327754,477343.507965237,
50.38894,178262.095637111,26528.1198069954,137552.688310435,564358.784527223,319840.221680265,179377.888074644,93750.2509375025,114421.303458557,927262.620354353,861391.218712889,530107.144753665,
50.51522,188612.329120454,27329.8441898553,144935.407689925,594928.518483634,318301.688831996,192470.474424604,105140.327692376,121588.488283291,1054694.0136735,965501.196490295,565822.789988015,
50.64154,212795.998225019,33946.0308177889,160321.56903791,627778.051140744,349313.540589321,194603.114456059,117045.431711777,122800.247610319,1002770.85526234,904910.32756241,583822.837143617,
50.76778,202629.138271705,28131.6199408135,142103.167100452,547534.765085308,313482.163107929,190642.784593806,102921.980118486,114320.386398888,957521.035975048,874345.896535736,498547.602728549,
50.89401,181914.147803734,28632.7558727184,138867.101870734,579111.074731931,323430.858930257,180595.228982261,97478.6069092355,109679.078213637,972838.644259379,884311.622262993,500108.120458431,
51.02033,181406.8549833,31138.7365883159,136642.790207568,549832.393099501,314815.039835393,187901.747032865,99494.3957848913,111999.517849609,955257.289274457,906091.454720297,507705.367637456,
51.14657,184146.479054849,30637.5003003677,145542.399407772,548056.916983122,317173.550237374,213711.417978788,116843.556223552,105745.399623213,975213.412353396,871775.341921383,502917.533765863,
51.27286,178363.527226875,27329.8441898553,146048.248225695,562163.090690465,321686.70793764,206389.92067045,98284.883604194,115834.227457032,999850.240862613,938560.887140284,564358.784527223,
51.39907,201511.284228693,26528.1198069954,142912.313590448,588117.287741449,344584.977352079,200190.311837235,105644.552275977,120275.880917835,1050350.11670557,972838.644259379,591050.911860326,
51.52534,191962.756202261,31840.5011174214,150905.432595573,573249.97135796,333798.124082916,192978.213112441,109477.321120084,108367.715058191,958814.782818172,887420.784492399,517286.430519491,
51.65163,180493.779410817,28131.6199408135,140485.030349594,535426.829766545,303233.955725413,184755.365360283,93246.5040088971,112705.823736931,979316.307528598,906843.137173626,514578.009291389,
51.77798,191556.596358712,32341.7855869784,144126.130982793,545229.149679997,311739.382231564,187597.224125285,94858.5653771255,109477.321120084,941467.747491979,840113.779188992,484719.362270383,
51.90421,173495.732589003,30637.5003003677,134519.950776556,527083.214206945,339139.036869461,184552.399987106,97881.7387812469,108569.454320482,973162.450702938,885490.871740499,498547.602728549,
52.03036,175016.7162111,29133.9118734207,133205.991756308,562476.738146168,316865.893523338,182117.070654977,98587.2507208314,110788.800186422,948360.686365278,842998.614815274,484303.707660378,
52.15666,184349.437885321,27029.191526849,142507.733835379,547325.910302317,315635.341437037,184146.479054849,95060.0876118738,108569.454320482,963343.912530533,888278.615867651,495115.135939954,
52.28288,180798.130577547,29133.9118734207,140687.286052751,540957.479413988,315327.722106559,181305.398871878,108569.454320482,108771.196824644,913180.480119408,815032.196508156,480355.664996514,
52.40914,175219.527914283,25926.8602271954,134722.110512346,557354.793333006,310919.333087649,186582.200944598,103426.115596257,115632.371438101,934148.011369531,856469.702423061,503021.597998931,
52.53547,186480.703125944,32442.0448901777,138260.432378079,542836.3582863,314097.319540863,179986.543815191,106451.353739857,103829.438557875,925219.223653755,806291.780386392,455863.605446333,
52.6618,167008.266858875,26227.4864057532,128759.765036045,534696.545666251,295450.866116238,179580.770052011,96470.8338854557,104434.447300771,930059.369463932,830182.051123096,481810.064703412,
52.78811,173799.914610471,28432.2990917683,138462.652288807,529377.164891184,343326.366618203,181508.311912264,99998.3936001028,106350.500721054,920918.388506872,842036.931371819,488149.030226906,
52.91443,174306.900982402,26828.7604311822,135631.86956819,543671.504297467,318917.079533808,177552.0973908,98889.6251229846,105241.170988785,912428.429872677,820257.954705071,498027.47259472,
53.0408,182015.608820555,31539.7400724913,140080.52870595,543567.108059506,328767.400863204,257015.388594336,92944.2655596329,114522.221329261,974997.506400239,904588.220665644,520203.834972071,
53.16703,185567.259568501,28231.8455217485,140788.415124698,556623.254482632,340885.592996996,199580.678977502,101712.13758148,105241.170988785,947606.592767883,852940.203183428,644680.043678368,
53.29332,174104.103983147,31339.2367243789,133711.344351952,564567.917898879,315840.425144098,186379.206125327,94254.0180919534,112504.018000643,929844.213495965,875845.622634948,653313.910505901,
53.41956,184755.365360283,28231.8455217485,140889.545010237,562476.738146168,336160.173177722,200088.704312239,99595.1937287155,110990.578356335,1011969.66796241,928230.65753993,503437.86342399,
53.54579,183943.523495612,26928.9755777216,143923.819945367,578273.609769673,321071.182595309,184349.437885321,94455.5306172433,114925.900922622,938022.651156421,847808.105872622,492931.320003589,
53.67209,170657.054831759,28131.6199408135,130073.259189565,507184.863832444,313789.73758713,176537.883640084,99695.9924821391,109477.321120084,925219.223653755,831142.852419448,469245.376822579,
53.79833,170454.316632233,26127.2768770597,132902.789953273,532297.334836675,325483.108915786,177450.672338643,92642.0343909715,103123.631879762,925219.223653755,835841.132312577,497403.344443402,
53.92461,184146.479054849,28432.2990917683,136137.319723623,565090.766298257,334208.88359235,190033.613580854,96773.1572945277,116742.619696349,995740.857817855,861926.279027426,509267.006518128,
54.05085,185871.733392436,29534.8511243267,146149.420431548,561744.906055475,334619.656422022,196736.115590531,95160.8499429838,113311.260406956,981584.253081416,902011.653833083,505935.741365731,
54.17709,177146.402085071,27530.2833116428,141395.206642155,598492.760746247,310406.829355212,179073.571238649,96168.5177600565,109578.199261578,966364.210456343,867920.467526447,470594.707821714,
54.3034,187292.708581008,31238.986254846,153840.890888675,567914.51725732,325893.598829741,202425.884705958,102014.587282717,111394.144424668,958383.519541471,848770.218908065,509371.122575589,
54.42959,176030.807405378,29234.1454819229,134014.565664121,567496.144421581,321994.481830963,176233.635448137,91735.3845659732,112907.632716694,920165.88906169,843532.91432352,473709.094317936,
54.55587,167616.324722653,25526.0365572884,128052.555824482,520620.661494488,297805.769518775,165082.944113384,87908.0297361956,99595.1937287155,890208.944342264,775002.783700301,452753.580693374,
54.68216,170657.054831759,26127.2768770597,130881.631537045,559445.135117451,344482.202090818,180493.779410817,104333.610485176,120982.65245422,974025.974025974,890101.696319463,473605.269164303,
54.80842,176943.559335006,24924.8251258253,139777.161015245,544506.70492212,326817.249791307,190845.848145551,95563.9073592239,106753.917657881,887635.237006478,858716.249203552,458559.57506609,
54.93459,170758.42515626,29133.9118734207,128557.701199336,547221.484191379,301492.585650613,231629.581891939,98184.0961842729,104333.610485176,937161.520042164,841823.233659698,479420.78142326,
55.06074,185059.819554083,28833.2158646761,144429.603643327,587488.741504954,348593.862801243,191353.521348161,102216.224466026,120376.845845291,1038194.90734569,940068.066738607,520099.630468957,
55.18697,200088.704312239,31539.7400724913,153840.890888675,623680.380460406,346537.865699848,199479.076368533,109477.321120084,123507.161204481,1021825.02508504,894392.31040126,496779.246845539,
55.31327,193485.972267011,30036.0432519023,149893.364452135,584870.131199214,331333.846715033,226636.098710818,99796.7920451716,113210.352268024,952778.400644459,879595.698604158,485966.407457398,
55.43948,174915.311584892,28432.2990917683,129365.976044678,545968.437445076,312149.42673044,183537.622190525,95563.9073592239,101611.322634023,896216.25205098,846097.85952956,471840.371033016,
55.56575,171569.417147276,28933.4470648069,150905.432595573,581937.923892711,339960.915644284,194095.310270323,103123.631879762,119367.233091652,974565.705261408,894177.745922185,511557.756125835,
55.69204,178667.82689968,32442.0448901777,141192.939548504,557981.859966795,301492.585650613,186785.199036051,93347.251776609,104938.643529955,921240.901644444,829221.321298983,479420.78142326,
55.81836,178363.527226875,32442.0448901777,141597.47699041,610135.87713691,345612.775810958,200190.311837235,103123.631879762,110082.602127728,963667.482272008,881846.265974276,496467.209503451,
55.94471,185465.769929763,29434.6151073663,144024.975057127,581623.798686946,324149.108589951,182624.392091447,96370.061034372,109073.816659569,917478.747667427,854116.595860859,492619.376838018,
56.07104,177552.0973908,30837.992406645,144935.407689925,574401.047527467,320660.84899163,186785.199036051,94858.5653771255,105644.552275977,906520.982209474,819404.625184867,481913.956750057,
56.19735,173901.310251215,29334.3798932349,138765.988255169,557877.346724298,307332.242756029,184653.882264765,93649.4999337528,95563.9073592239,873488.988243087,785104.87317854,472151.805873674,
56.32367,177957.805771191,23922.8702639724,135328.609232106,565613.636084739,309484.374936726,211473.842591659,92742.777304919,105039.485206102,862354.343220339,812046.998575175,467896.188780271,
56.44994,172481.845606093,27029.191526849,136642.790207568,542105.650322444,320763.431145754,185465.769929763,97176.2665039031,105342.01509534,913395.359636466,843960.369837411,453479.185162862,
56.57613,177552.0973908,29735.3255667733,142507.733835379,584555.933979565,326714.618579678,188815.359938096,101913.769905818,115834.227457032,1006449.59950068,935762.303925637,529272.885461385,
56.70236,188713.844120148,30336.7681630136,169035.240676383,664505.373120845,386586.9460139,271823.736105551,117146.370672818,122295.333684376,1067516.95431303,935654.678169648,527813.062888278,
56.82865,173901.310251215,27830.9480141918,139170.447597902,565090.766298257,299444.221809335,175929.394609531,95563.9073592239,104636.123362174,888064.152694016,826446.280991736,485238.949600391,
56.95484,177044.98030148,28732.9854673165,149488.560000644,599960.678460398,350650.193476162,195923.501144903,97277.0458296357,112302.215507751,972730.710572356,889458.226841362,478278.239104469,
57.0811,183842.046942682,30837.992406645,143114.608350732,577436.199643144,330204.546467754,182421.461063947,94455.5306172433,111293.251691497,926724.85315103,829434.810639248,480251.785656045,
57.20732,182015.608820555,28632.7558727184,132397.469871282,559549.66118261,311431.85757561,185465.769929763,95866.208918067,109477.321120084,892890.433716272,835947.931263977,468311.308337714,
57.33364,166400.238376143,30537.255451651,142710.022085357,569274.323539278,320660.84899163,180189.435601162,101409.695168481,110284.368948421,934578.469735384,895036.025174118,481394.504988238,
57.4599,178769.261758485,31539.7400724913,147869.47249829,574191.753243831,326611.988199825,189932.087943091,100300.802004811,109073.816659569,966903.623317864,897074.666445678,509787.595304566,
57.58615,186683.699581297,28933.4470648069,155966.995371302,621684.55401871,357644.213994174,187394.212944306,113109.44494001,114724.059503813,965069.71101916,901796.96306611,488252.973969357,
57.71247,186582.200944598,30236.5257230735,143418.056594817,565718.212608603,325585.730146767,179682.212266735,93246.5040088971,113714.901072054,924681.541211948,837656.834576986,492827.338100152,
57.83882,188409.301575787,31339.2367243789,144935.407689925,604680.125852124,350444.545395548,193587.526554041,95765.4409225605,118559.601318222,989255.002411803,905447.190191576,509891.715611646,
57.96502,184653.882264765,31740.2466327303,152322.464847114,585393.810381529,339036.305771219,177856.377450309,96168.5177600565,107056.488868535,904588.220665644,777979.418861232,467481.082755052,
58.09131,166602.911272625,25926.8602271954,127446.408182301,518849.242804705,323123.050119525,172380.461399665,82068.5282243501,98486.4608724635,862461.361482726,795853.677663267,456693.073742948,
58.21762,162955.298513171,27129.408278574,135530.781976417,542001.266883263,312764.518389217,172481.845606093,103829.438557875,96370.061034372,883239.670516712,829755.051266898,501148.571731671,
58.34394,188916.876574307,30236.5257230735,145744.736492712,596081.547068122,340782.847736359,195009.372543487,102216.224466026,114623.14001101,958167.893276627,861070.193151161,519370.222773894,
58.47023,178566.39285815,28632.7558727184,142002.027451043,634505.274555805,334208.88359235,214118.292540252,95866.208918067,110183.485132763,878631.289542549,764908.60671619,439078.494820604,
58.59638,151107.855998841,25425.8326459683,131690.055892879,498547.602728549,284194.344431409,159308.742960425,83578.4835070455,90325.1706142112,765014.820036525,734143.650048586,432763.910704549,
58.72268,160321.56903791,26528.1198069954,129062.866884318,531984.427532058,295041.362451636,172279.0780099,86598.9395392896,96571.6075458364,845884.094649695,787126.241392257,518015.719097683,
58.849,168933.884230958,28332.0719053969,143418.056594817,554846.834470013,304873.111244271,186683.699581297,90325.1706142112,108367.715058191,934255.62462136,856362.733741519,494283.161943766,
58.97529,185465.769929763,29033.6790677186,154752.034516345,598283.071957798,329383.300438908,218696.536363343,101812.953338742,113008.538422903,962373.251693785,908131.837155992,510828.83662457,
59.10153,188206.277304016,33444.6820952793,147565.916799781,592413.180297527,334208.88359235,209440.027750552,104232.774479639,116843.556223552,939637.426123913,904051.393637965,518328.284106777,
59.22782,194806.241862078,34748.2305439951,162955.298513171,612024.948161262,348285.441972705,199682.282405783,97377.8259647432,112604.920463358,1004069.11673539,881203.206784602,496467.209503451,
59.35403,197244.026237386,29935.8032206519,153638.423490681,629354.427317201,361142.671644214,203137.286529427,103930.271323278,113311.260406956,1016733.96328519,893104.976861921,581100.273820097,
59.48029,186480.703125944,31339.2367243789,153233.498472696,593251.571425646,339652.704855888,198158.317004927,93750.2509375025,116540.749075711,968953.596596197,894821.450027138,546699.366441856,
59.60659,192368.929142935,31038.4877247787,146857.648668222,576703.510760631,335133.141191684,188104.766395441,98184.0961842729,107762.51672177,949438.038969828,901796.96306611,577017.515141594,
59.73283,204865.143889534,30537.255451651,154954.519842228,614544.143080794,349416.355037842,205983.29549075,100502.411656272,110889.688866032,981584.253081416,876809.824079096,510724.708667524,
59.85912,179783.655298834,29735.3255667733,143013.460563686,573354.610364369,317583.770821181,187191.205035826,93951.7553721132,114824.979807681,929306.339196814,824418.74398291,482433.429690908,
59.98542,180595.228982261,30737.7459520291,141496.341409452,671048.178855803,324354.330261996,183334.676444516,101812.953338742,109174.691558898,967658.838975586,867813.404080078,522392.326131255,
60.11174,194095.310270323,30336.7681630136,143013.460563686,561117.654757231,311841.892110805,173799.914610471,93750.2509375025,101510.508496359,869847.761119895,777128.881520067,445085.434418855,
60.23797,153435.959352048,25225.4272306485,123911.129691639,510516.455303534,272743.447283079,164677.650545168,98990.4182094179,102115.40546945,818018.085005308,780212.346453055,459389.219068879,
60.36423,163563.160543533,30236.5257230735,141698.613385038,552966.18831514,319942.797185233,186785.199036051,95563.9073592239,101510.508496359,919305.943193176,833491.778749576,518409.741325695,
60.49057,178972.13392796,29635.0879441258,146554.117396185,571785.11517532,316660.793201363,196025.075084155,98990.4182094179,116439.814982258,988714.660545805,919843.402674098,526978.953516392,
60.6168,192572.020524892,32742.827618525,152727.360533157,586860.226146905,326611.988199825,186176.214578162,93448.0003533157,100905.640675516,922638.551318529,850908.504328476,541688.121684689,
60.74302,182725.858831683,26327.6967369673,145845.906256286,558713.476598442,311021.836324759,178059.234909278,103728.606602481,112504.018000643,935331.806260997,880774.518410548,512286.717283043,
60.86918,187089.702308749,33043.6175751993,145542.399407772,582775.628824625,332668.604109162,217984.255908069,91533.9157245632,106047.946526126,935439.429337339,887099.112383146,495947.164238773,
60.99539,187597.224125285,27530.2833116428,139777.161015245,582042.634008972,319942.797185233,224905.255255861,97075.4879875358,109779.957976272,893212.249767997,827086.621982363,455448.891567933,
61.12162,169542.035148762,25325.6295370915,138765.988255169,509787.595304566,291765.810388643,161334.476664372,87102.4196008542,97881.7387812469,860000.165504001,820257.954705071,480044.029516083,
61.24784,169035.240676383,29334.3798932349,149387.360923888,557459.302301807,310919.333087649,170352.948757189,104131.939284151,105947.096748278,969061.498892679,913287.919432478,510932.965431665,
61.37416,186074.720031593,32642.5659059413,153031.040852547,604155.656879734,358261.518736712,183842.046942682,139170.447597902,111797.723464866,980396.232219017,900508.893198734,526457.662838379,
61.50042,185161.305921132,30336.7681630136,142811.167431008,594090.017485882,323533.46353006,184349.437885321,121487.513615846,111091.46865734,975753.192939583,870276.087586407,526666.176554676,
61.62667,195517.21357736,31639.9929510902,150500.595563854,573668.532521523,325585.730146767,227756.182818485,98083.3095738145,110587.025259242,975321.366675948,922531.034454154,536261.491317671,
61.75298,197447.196229656,33544.9502333126,142204.30756358,577645.547034221,331744.526316643,186785.199036051,97982.523772809,109981.719933308,943729.089354354,874560.132477748,509162.891310559,
61.87925,181812.687604505,26227.4864057532,142204.30756358,546803.78828444,288900.398148448,172177.695436788,87908.0297361956,94757.8054734678,918983.478203172,818871.322876346,477966.654437243,
62.0055,177349.248103642,27931.1711870447,139473.800645984,532505.943967384,308357.021955506,174306.900982402,96269.2889925755,106653.062208261,898684.346835181,834025.685221697,490124.106316249,
62.13181,192572.020524892,30136.2840860396,143519.207637193,552757.244717734,316148.056935004,180189.435601162,98587.2507208314,106854.773917794,939099.145462318,870276.087586407,536783.182496067,
62.25805,176943.559335006,31038.4877247787,138867.101870734,554428.889179642,313482.163107929,173799.914610471,92642.0343909715,113513.079117612,962157.559141795,892139.560703603,559340.609907209,
62.38434,197142.442469884,30437.0114058695,151613.928762581,608247.084757152,334106.192466245,189424.472029663,99595.1937287155,116843.556223552,1037327.11214798,941144.730834682,525727.891656559,
62.5106,185465.769929763,29534.8511243267,150095.771564698,583822.837143617,336879.145113428,199682.282405783,101107.260043455,115834.227457032,1011969.66796241,897825.825726279,580681.469354344,
62.6368,196431.379030925,29835.5639922788,146149.420431548,597444.351155981,314815.039835393,178870.697434575,101913.769905818,104938.643529955,935547.053306886,829861.799907426,467685.773713937,
62.76311,184856.849273669,27830.9480141918,136743.886743887,538974.518232785,296269.913223676,178363.527226875,115127.745585765,107359.067372083,909850.303248888,835520.740756051,502085.050473727,
62.88931,173191.557918479,30637.5003003677,137451.585268247,558295.404822953,315430.261052717,193587.526554041,97780.9545991182,116439.814982258,940714.054471349,881096.033359698,501460.723670252,
63.01556,179682.212266735,30737.7459520291,138462.652288807,549936.84055613,303029.076216772,168325.762700944,96571.6075458364,108771.196824644,903085.161055022,817911.434236616,479109.168810309,
63.14186,173292.948658566,27730.7256440136,129568.052880653,512599.141960266,293710.567105226,174104.103983147,130174.302888965,103325.286880801,919520.924310852,849732.403570158,491475.650542459,
63.26812,189119.91230156,29835.5639922788,142608.877553483,573249.97135796,326098.848776851,198463.095338889,102921.980118486,116843.556223552,1048721.52874737,908776.235226816,541479.362484675,
63.3943,202019.387409474,32843.0901342561,154245.835463059,614964.057082435,342940.673189602,200393.529345354,106350.500721054,122295.333684376,1031254.16500067,975969.11145561,530524.294846919,
63.52056,189729.039122672,32742.827618525,149994.567601173,595557.43028794,325893.598829741,194196.869469874,103526.945121682,109880.838549493,977588.614750283,887313.559567744,482329.533408353,
63.64684,185364.281108962,28131.6199408135,140788.415124698,550981.362092155,314815.039835393,183436.148908651,93347.251776609,106249.648512505,911139.302430672,839045.484988548,509579.357240231,
63.77307,176537.883640084,30938.239664225,144631.922820061,552757.244717734,321789.29840412,193993.75188955,102317.044272455,112504.018000643,1018900.12905374,897289.278936595,558341.375403036,
63.89938,192876.663737575,30437.0114058695,149488.560000644,575238.25891962,317173.550237374,187800.238578844,99292.8023260017,115733.299041985,952239.574466318,879595.698604158,519057.632239757,
64.02565,196431.379030925,27329.8441898553,137451.585268247,537930.978123187,307639.667801799,174915.311584892,96974.7102805239,107661.653168788,927907.970446333,885169.247590608,494179.169012131,
64.15189,177754.949946623,26628.3325458288,138058.215720738,543253.924465533,290640.035285501,179175.009366653,125022.110019457,117752.021476683,933825.176972423,880131.512476294,502189.107913023,
64.2782,171569.417147276,30737.7459520291,132801.724311261,518328.284106777,301082.886347536,182015.608820555,91735.3845659732,111293.251691497,932749.12036115,857218.507976435,598273.009480377,
64.40443,177349.248103642,30938.239664225,140889.545010237,560072.304332535,313482.163107929,187698.730942987,99595.1937287155,106148.797114199,924036.351720734,866956.928412679,500524.290779418,
64.53072,176233.635448137,26227.4864057532,142002.027451043,553697.517816038,316455.696202532,234988.210213508,99292.8023260017,113412.169356815,997038.417383492,932103.529255562,543253.924465533,
64.65703,185262.793106088,29033.6790677186,147464.733195458,572726.789170257,334825.04783215,210660.277276926,95765.4409225605,120275.880917835,975105.458928163,842571.191115117,503646.001232336,
64.78327,173597.125779375,26227.4864057532,133104.923675787,578086.348381959,295450.866116238,175625.161124001,87102.4196008542,93951.7553721132,851870.848189542,808209.901268112,455656.246818043,
64.90952,170657.054831759,24023.0621396541,125830.157428401,523747.294482787,321195.498805948,183943.523495612,94959.3260899243,109679.078213637,981584.253081416,871561.152091664,509683.475847432,
65.03578,178059.234909278,30437.0114058695,134418.872128141,563208.612142729,305590.308566246,190947.38114911,110082.602127728,111999.517849609,969924.749546046,890530.693741948,485654.634719209,
65.16202,171974.932740483,29635.0879441258,142507.733835379,534800.8694089,327740.968127571,198767.881045688,96067.7473368053,123507.161204481,1013485.3908266,934148.011369531,521558.570956058,
65.28833,187597.224125285,29534.8511243267,144834.245252655,600799.564171988,362789.338700776,187292.708581008,102821.155452734,111495.03796858,1008505.82174394,936192.81588208,528230.138015823,
65.41452,181914.147803734,29234.1454819229,142507.733835379,536261.491317671,306614.946694146,169947.485421566,92642.0343909715,109477.321120084,923391.194342479,806611.447399932,462085.935558516,
65.54078,165792.239272326,26027.0681508769,129871.174228412,541792.502564396,326098.848776851,225414.302204499,88512.2712931221,111293.251691497,928338.221689366,854651.355197405,484303.707660378,
65.667,168427.114248551,27830.9480141918,140586.157794386,548161.349923969,315532.800829539,179175.009366653,97982.523772809,112504.018000643,954287.232982293,905017.698308091,550041.288866723,
65.79323,183842.046942682,29935.8032206519,138867.101870734,549519.055853293,315225.183991057,191150.449611653,101510.508496359,110687.912317496,1026918.07975481,963451.768214919,523538.828449149,
65.91945,188307.789030794,33143.8825004306,143013.460563686,584451.203287909,326098.848776851,186176.214578162,99595.1937287155,106552.207568923,930382.110110775,874345.896535736,477551.220068973,
66.04566,182218.53330701,29133.9118734207,138867.101870734,583299.222267704,330923.180429126,180493.779410817,100704.02454648,108569.454320482,970140.571176884,899220.951433781,525832.142127833,
66.1719,184450.918527294,30537.255451651,136844.984093404,544402.30185718,313482.163107929,222971.064207595,97579.3886631222,107056.488868535,912535.862949634,825379.116565431,487941.145285343,
66.29818,176335.050695068,28031.3951625821,138664.875452999,598121.225639253,313482.163107929,183436.148908651,101006.449954617,117348.251028807,971003.893572904,877774.097383239,487525.385575284,
66.42447,179783.655298834,28732.9854673165,145845.906256286,561640.362034625,315737.88287522,192775.115181368,101208.070942038,118256.752792145,1007207.11723633,862033.293747181,494907.137350243,
66.55079,176842.13918564,33444.6820952793,146048.248225695,614649.120290491,338728.117474398,198158.317004927,112806.727821374,112604.920463358,961186.987006945,865565.276409777,500316.203920929,
66.67703,175219.527914283,28833.2158646761,127042.326000257,533966.303335349,293710.567105226,169136.597938144,84182.5165254594,98788.8328460822,906091.454720297,782339.303835587,468934.013048244,
66.80329,163664.473737187,28532.5270808722,129365.976044678,539496.32026937,309484.374936726,182827.326389588,100502.411656272,106753.917657881,960647.811621232,858395.290048448,483160.72739134,
66.92961,179073.571238649,27029.191526849,146250.593451514,582147.34498242,341502.082057811,202222.634418575,101611.322634023,115430.518663779,993794.761314579,889994.44918519,491579.621419453,
67.05594,181305.398871878,28332.0719053969,138462.652288807,546490.525317594,312764.518389217,206999.883039521,91936.856642739,107863.381085142,917263.800424628,836588.743515016,465924.555670548,
67.18225,173495.732589003,28432.2990917683,138968.216299705,583299.222267704,341913.091429568,194907.806793353,111595.932323245,129163.902458637,1037544.05552454,956550.810467343,514057.224968669,
67.30848,191759.674643385,28031.3951625821,144733.083629371,591365.268627443,329999.229968023,176842.13918564,107661.653168788,110183.485132763,922531.034454154,898791.665976032,525727.891656559,
67.43476,185465.769929763,32241.5270868879,149792.162117572,587488.741504954,332771.283581122,221749.622682626,97075.4879875358,117550.134630069,985365.042408116,913610.242717239,500732.381033983,
67.561,177450.672338643,31840.5011174214,151917.582196467,583194.501864503,336160.173177722,198666.284990868,121588.488283291,113815.81326572,989579.218316624,872096.633315809,492827.338100152,
67.68726,177754.949946623,29935.8032206519,140788.415124698,584032.289095471,359702.013357462,192673.56744381,94052.5088029936,110889.688866032,969924.749546046,854544.401560373,485135.030439445,
67.81355,185465.769929763,30637.5003003677,147161.187267892,574610.34523678,333182.009792795,190439.724315828,96974.7102805239,107459.928493954,916081.65431679,830075.299835514,469660.540364318,
67.93974,166298.903152029,29735.3255667733,133104.923675787,540853.105359084,307332.242756029,184856.849273669,99292.8023260017,102720.331596895,902548.396321424,859144.207137951,480459.545183989,
68.06599,173495.732589003,26928.9755777216,135530.781976417,571052.750013297,321994.481830963,196532.957065108,108367.715058191,105846.247780643,909742.89243933,804480.483555321,472774.698402348,
68.19221,167008.266858875,27530.2833116428,134418.872128141,529898.574818942,301185.3099294,175422.342885224,98083.3095738145,111898.620251842,938776.187788439,853474.913856222,501876.938142647,
68.31845,180189.435601162,28231.8455217485,153840.890888675,600065.536167773,345509.992213859,199275.873608496,104636.123362174,123103.205707969,974133.918478622,878095.53778823,530732.875005617,
68.44471,183842.046942682,28532.5270808722,134823.191599741,541792.502564396,301185.3099294,164981.619497425,90728.0727109227,91030.2577752084,877024.100825167,796492.502507419,526353.407257653,
68.57087,173901.310251215,30136.2840860396,135328.609232106,590631.781517422,327843.607657519,198564.689755272,105543.705738926,110788.800186422,980072.2453849,913717.685594046,511766.026491418,
68.69713,186277.709942736,32943.3534531443,148780.183565976,607197.876036579,349416.355037842,208524.918122711,117852.966117021,121891.417156041,1016409.06952833,912428.429872677,527813.062888278,
68.8234,192673.56744381,28833.2158646761,144126.130982793,541792.502564396,316353.14894927,210253.51430934,95664.6737362827,105039.485206102,932426.320790337,825379.116565431,630650.010083626,
68.94961,177653.523260123,30737.7459520291,157789.656726992,576180.187258561,326611.988199825,192673.56744381,96067.7473368053,109275.567268754,938991.492010791,877559.808216229,508225.892685873,
69.07587,179783.655298834,30236.5257230735,150095.771564698,589584.01572224,328767.400863204,214118.292540252,109477.321120084,114421.303458557,971759.347755624,872846.344270303,519995.426816819,
69.20216,183334.676444516,32843.0901342561,142002.027451043,593775.593775594,326714.618579678,192876.663737575,99595.1937287155,110990.578356335,953425.02159325,852512.450569996,493659.217079528,
69.32839,176233.635448137,29935.8032206519,143519.207637193,584451.203287909,349107.914194284,201206.43215432,104333.610485176,114724.059503813,1004501.89936882,881524.732385034,500316.203920929,
69.45467,176233.635448137,30537.255451651,149488.560000644,551294.735206822,302004.728438644,196736.115590531,97780.9545991182,102821.155452734,873596.098675686,834025.685221697,483888.066608767,
69.58095,186683.699581297,31339.2367243789,152018.801637095,591260.482180294,329588.606953681,201612.903225806,99796.7920451716,100905.640675516,944590.656626456,849839.317398803,488772.705398726,
69.70716,172887.390598631,27530.2833116428,136238.412194092,553697.517816038,318096.565245748,186582.200944598,92843.5210278029,105342.01509534,906950.523942167,837763.64854027,482537.326820676,
69.83347,173394.340215404,31038.4877247787,140889.545010237,563731.404941776,315532.800829539,173901.310251215,101107.260043455,110486.139011651,943944.475807791,857539.437919151,526666.176554676,
69.95975,184247.958061176,33444.6820952793,141395.206642155,577122.184981932,320455.687176911,186379.206125327,103123.631879762,111898.620251842,941683.096399294,865672.321247512,489604.319774223,
70.08604,188510.814939004,30938.239664225,140889.545010237,557250.285218913,306819.884276974,190439.724315828,115228.669133987,113210.352268024,980936.228233172,854330.496940916,505831.653349222,
70.21225,190541.254045601,31238.986254846,155157.008427984,597129.845024737,338009.040601626,199580.678977502,102619.508550956,113714.901072054,978668.395806835,832103.725196014,498235.522101871,
70.33848,172177.695436788,34748.2305439951,137957.108612063,582147.34498242,332257.89454485,189729.039122672,101913.769905818,97982.523772809,963128.20385002,831463.13540233,488252.973969357,
70.46476,181001.035442763,28732.9854673165,157789.656726992,576389.514089521,327535.691563297,176335.050695068,91130.9877474989,112705.823736931,907594.863249351,807463.931488409,523330.365820789,
70.59101,171265.289026537,30036.0432519023,131892.170108731,559340.609907209,331539.184851334,180189.435601162,92339.8105026498,110587.025259242,934148.011369531,852833.263703036,475370.411885789,
70.71721,182928.794765174,28031.3951625821,146452.941933823,591155.696591258,322199.668583051,212999.419092493,95563.9073592239,108569.454320482,885383.662802497,788190.246700143,495115.135939954,
70.84344,175219.527914283,28031.3951625821,143620.359493426,556936.766004776,324046.49900122,177856.377450309,93347.251776609,103829.438557875,925864.472024955,859358.191417176,518119.906583267,
70.96963,194907.806793353,31740.2466327303,163867.102571949,658921.093685853,363921.546346987,211880.644940076,109073.816659569,116944.493562025,986013.288207755,907702.256249974,536365.827848122,
71.09595,185770.241299828,29334.3798932349,141091.807222131,573877.818241336,310099.337077878,168832.528601861,87203.1180383011,100099.195592021,826873.171457379,761404.05834855,526874.693677504,
71.2221,166602.911272625,24423.8376655616,136137.319723623,529272.885461385,314199.848519828,178566.39285815,87908.0297361956,107661.653168788,878416.986178855,825272.404973328,476097.306463184,
71.34827,176030.807405378,28432.2990917683,145845.906256286,559758.715877722,314507.440440027,178363.527226875,101308.882650377,115228.669133987,992065.142353342,923176.14901886,546908.210980674,
71.47446,198666.284990868,28031.3951625821,158701.086453348,603316.551212778,319737.647006397,185465.769929763,98688.0413787011,105140.327692376,921670.931645591,804693.564102988,487213.574693848,
71.60085,176335.050695068,30837.992406645,136238.412194092,537617.932719613,316045.51217398,186176.214578162,95160.8499429838,104535.284926434,948683.882753467,870704.428236736,497923.449114304,
71.72712,176436.466759047,31639.9929510902,151310.282660485,599436.402808156,334106.192466245,192673.56744381,94556.2880935365,113714.901072054,976508.923450345,868027.531859063,552025.969035033,
71.8534,199377.474578868,32843.0901342561,155157.008427984,639237.468566295,360731.038288617,198056.725865301,103123.631879762,119569.149149954,962912.49875378,902119.000551197,513015.720099766,
71.97961,179682.212266735,27730.7256440136,139979.405328871,549101.284813205,297805.769518775,194501.551981296,90929.5286116888,102921.980118486,865458.232458046,788509.465414514,454515.83474521,
72.10591,166298.903152029,26628.3325458288,138462.652288807,532193.03154962,298624.969135678,168933.884230958,88310.854206808,101308.882650377,899650.251123009,845884.094649695,636046.176850834,
72.23207,189119.91230156,29133.9118734207,146351.767285602,595871.897780326,349621.986436938,229896.800280628,105543.705738926,115935.15668325,964206.783097094,873167.662266158,637125.410204276,
72.35839,181305.398871878,29334.3798932349,140788.415124698,563313.168991906,307229.769400522,181001.035442763,93649.4999337528,107762.51672177,917478.747667427,805865.570020603,473086.156090921,
72.48475,173495.732589003,27830.9480141918,141192.939548504,552234.900673353,304360.852331847,183131.733969426,102518.68631491,109981.719933308,928876.055823833,850694.6598669,607986.109661352,
72.61107,178464.959633885,30236.5257230735,146756.470763375,564672.485867849,311431.85757561,182117.070654977,93851.0027502861,104434.447300771,932856.722003925,818124.736655128,467481.082755052,
72.73739,177247.824685788,26227.4864057532,140383.903718363,546803.78828444,295553.244104112,176030.807405378,116338.881700035,98486.4608724635,897289.278936595,838725.013952912,487629.324231191,
72.86354,172177.695436788,26528.1198069954,137856.002316705,548474.653869265,311329.351017515,181406.8549833,126032.177401848,109174.691558898,902119.000551197,848342.604272214,507913.575107541,
72.9899,175320.934991279,31138.7365883159,145542.399407772,573277.977840209,328356.817785775,182827.326389588,95765.4409225605,104837.802663925,926402.203536776,853474.913856222,498027.47259472,
73.11617,175219.527914283,28231.8455217485,141294.072688509,562999.50101025,306512.479147434,180189.435601162,93951.7553721132,105846.247780643,967550.948334961,891388.7312391,511870.162949417,
73.24241,193282.866149096,29234.1454819229,154144.598097139,617693.833718624,342529.630485644,196329.801815748,102821.155452734,115127.745585765,971003.893572904,911246.724818414,550772.450952737,
73.36868,195618.784240846,30437.0114058695,150196.976342719,613809.326705163,367159.608877555,196025.075084155,93347.251776609,109981.719933308,997903.529059417,923068.627694962,550563.543229509,
73.49497,190338.195404476,29133.9118734207,142204.30756358,583508.665646055,317994.00469902,176132.221018244,96873.9333828578,109679.078213637,899757.578269067,837443.209299826,631729.243437068,
73.62126,186176.214578162,32442.0448901777,141091.807222131,537409.240047561,303233.955725413,173394.340215404,95160.8499429838,101913.769905818,890745.197784581,811300.806964508,473812.920317913,
73.74748,165082.944113384,29133.9118734207,135935.137222097,555578.27162513,304565.753408019,179377.888074644,98688.0413787011,101510.508496359,884097.224810632,874667.251779142,501980.993883605,
73.87383,184045.000866331,28532.5270808722,146149.420431548,570843.51052905,316353.14894927,176740.719853371,93951.7553721132,105947.096748278,890637.945318973,809595.388135019,568054.47558401,
74.00003,179479.32865465,26728.5460872212,136844.984093404,544402.30185718,305385.390897349,198158.317004927,97277.0458296357,110385.253574714,1000715.53969165,913610.242717239,526561.919270716,
74.12637,193181.314318192,27830.9480141918,159207.464837492,594928.518483634,344687.753446878,196025.075084155,99796.7920451716,117752.021476683,947822.043608948,885919.716373155,479005.299633102,
74.25266,170657.054831759,28432.2990917683,135530.781976417,515411.308430292,297908.166569523,187089.702308749,93750.2509375025,103224.458975306,911461.57226603,838404.550866517,500212.161765186,
74.37891,184450.918527294,26327.6967369673,146857.648668222,549936.84055613,316353.14894927,175320.934991279,97075.4879875358,104535.284926434,915544.35082598,832637.574294666,511245.356953345,
74.50517,178262.095637111,27229.6258329062,140687.286052751,506352.101927464,287672.56307757,176335.050695068,89519.4052378888,101510.508496359,836695.548647397,801497.725339961,529898.574818942,
74.63132,166906.926738127,28532.5270808722,138260.432378079,533966.303335349,308049.579481448,179986.543815191,98688.0413787011,108771.196824644,962696.797241723,915221.979425387,514265.53614657,
74.75764,190135.140036999,29735.3255667733,151613.928762581,579948.594535304,317994.00469902,182117.070654977,98083.3095738145,111394.144424668,961510.502988689,851015.427886007,505415.309778572,
74.88396,178262.095637111,28332.0719053969,139473.800645984,536261.491317671,297805.769518775,169035.240676383,88814.4029865725,104736.962608001,867599.279846036,780106.007795904,462812.072224757,
75.01019,176740.719853371,28031.3951625821,132700.659482065,529168.606883481,293608.204032408,173698.519786527,88713.6916135455,110284.368948421,893855.905870655,837870.463386704,481186.730213349,
75.13655,181001.035442763,25726.4467872973,132296.408293256,544924.325716177,298829.77732982,175219.527914283,91030.2577752084,103728.606602481,927155.065129014,878202.686364464,624174.609962976,
75.2628,190135.140036999,29234.1454819229,152423.687546532,598178.228851809,321378.941525846,190135.140036999,97680.1712264132,108468.584284107,923283.671234695,827193.348567934,471217.524197657,
75.38917,177754.949946623,27229.6258329062,135935.137222097,592203.591098008,350547.369018792,213507.985622249,103123.631879762,124315.11117007,1088190.60658174,980396.232219017,539391.95815626,
75.51543,201714.523042432,33043.6175751993,155865.744150758,598387.915922607,325380.488516459,195110.939112487,104636.123362174,115329.593493321,948791.616671995,936838.610615429,521037.501633346,
75.64164,189119.91230156,31840.5011174214,149690.960597476,578692.335395999,316660.793201363,190541.254045601,97680.1712264132,110788.800186422,1001148.21070498,925004.148000664,529272.885461385,
75.76795,189830.5631237,30737.7459520291,147262.368429523,551190.276647847,317276.104137045,214728.629004603,101006.449954617,103627.775457087,942329.164573986,879702.859603647,519578.620717815,
75.89418,171670.794820677,29835.5639922788,143418.056594817,531671.527896926,299853.868044058,178769.261758485,85793.4134740814,102720.331596895,886455.792146256,810554.658495389,461256.115793719,
76.02046,178363.527226875,28332.0719053969,130174.302888965,534070.621111161,302824.20002591,190338.195404476,105241.170988785,111192.359769057,946960.26171142,869312.372981676,525206.652073055,
76.1467,189322.951301986,27830.9480141918,138765.988255169,563940.528048755,320147.950688505,190135.140036999,95362.3770327244,107157.347559383,935654.678169648,863531.592821111,496363.19875333,
76.27294,175523.751596128,27730.7256440136,142305.448840437,542731.968874649,295143.737124772,179073.571238649,101308.882650377,108266.846642723,971003.893572904,863103.489656828,544402.30185718,
76.39925,187800.238578844,30437.0114058695,139372.682149839,547534.765085308,300775.620577424,180493.779410817,94354.7739500522,103526.945121682,943836.782134036,856790.613778153,496259.188851812,
76.52545,183842.046942682,28632.7558727184,139676.040078677,543358.31814355,297600.977904063,184247.958061176,94153.2630429371,118559.601318222,960647.811621232,852191.64539893,504270.435041643,
76.65165,186683.699581297,28231.8455217485,147262.368429523,557877.346724298,317378.658867564,202934.024767427,93951.7553721132,107964.246258913,956766.409867724,863745.649717982,488149.030226906,
76.77792,189627.515939996,27530.2833116428,140889.545010237,549205.726292381,297396.189604996,179682.212266735,87001.7219717982,98486.4608724635,921885.951996815,845563.453959747,476616.54227284,
76.90415,171569.417147276,28231.8455217485,131184.784575484,550563.543229509,320455.687176911,177146.402085071,96571.6075458364,101913.769905818,925326.762818519,888385.848786974,510516.455303534,
77.03043,179885.099148316,28231.8455217485,136541.694484439,520829.07986182,332155.219234604,183030.26395845,93145.7570501702,104131.939284151,944806.05738576,867813.404080078,496363.19875333,
77.15659,187698.730942987,27830.9480141918,134621.030237954,566345.689718647,313277.117607511,178870.697434575,105241.170988785,106350.500721054,944913.759106665,868241.663183077,494075.176928882,
77.28283,167514.979704916,26027.0681508769,128860.798173031,532818.864055102,298317.763062027,176943.559335006,86397.5531731283,106653.062208261,925756.928399281,839686.45090873,482017.849643863,
77.40909,175118.121654227,29635.0879441258,133205.991756308,552548.304537315,320968.597947584,187597.224125285,95463.1417913744,110284.368948421,947067.981318111,871775.341921383,533340.414579742,
77.53534,181508.311912264,30036.0432519023,141091.807222131,551190.276647847,313892.264074524,205271.732993499,96168.5177600565,108771.196824644,927047.510796023,855613.977751761,743969.512194999,
77.6616,176537.883640084,28031.3951625821,135834.04719102,534905.194003996,314097.319540863,205068.43680182,99091.2121053921,113916.726270362,952993.937380616,896860.057511747,504270.435041643,
77.7879,179175.009366653,30236.5257230735,146756.470763375,584870.131199214,337700.877292555,210355.20382068,112705.823736931,116137.01756924,1020741.65358691,898255.079165786,518119.906583267,
77.91413,183639.096290148,27730.7256440136,143114.608350732,555578.27162513,319429.927971286,198259.908963727,101107.260043455,114925.900922622,949761.262196388,865779.366971262,491163.743000126,
78.04041,189221.431392621,27530.2833116428,140181.652896551,576598.844346958,320968.597947584,180290.882720277,103224.458975306,111394.144424668,983960.620788,891495.989925101,491371.68051358,
78.16664,181102.489101619,25826.6531060054,133408.130355929,525936.393450657,288695.750689876,167920.364673099,91533.9157245632,100905.640675516,854009.646648079,785317.633856741,441460.217697487,
78.29289,165893.570416184,26427.9078707115,139372.682149839,540957.479413988,333592.749323086,193892.194327545,96974.7102805239,122800.247610319,966148.451586636,883882.830909912,501252.621528769,
78.4192,183639.096290148,30737.7459520291,137148.281021252,555787.261360059,323636.068961326,193485.972267011,102417.864888746,115935.15668325,999201.304535925,925541.843824536,516036.318505454,
78.54548,176537.883640084,25626.2412710616,136339.505477711,562999.50101025,308971.929313054,189729.039122672,93851.0027502861,108972.942570757,975429.321895832,856362.733741519,515619.641719875,
78.67177,193689.081659801,33244.1482288479,151006.643889915,600065.536167773,340885.592996996,196634.535918306,99998.3936001028,115026.822848647,967335.169743276,892246.825610539,508954.663445056,
78.79803,179276.448311981,27029.191526849,141799.750593346,545028.733048319,308971.929313054,179885.099148316,94052.5088029936,107762.51672177,914899.616044847,843105.472949505,484303.707660378,
78.92431,175219.527914283,30837.992406645,132801.724311261,562685.840726062,316865.893523338,192165.841035418,104434.447300771,106249.648512505,989795.3667472,881631.909360455,483784.158464286,
79.05055,175827.982630693,27029.191526849,142406.590931033,558922.517615209,340063.654239899,187597.224125285,99494.3957848913,108872.069292452,982556.350968214,868562.866816222,469971.921902953,
79.17688,178769.261758485,29133.9118734207,144126.130982793,532923.172455491,309074.416777689,171062.541028832,94657.0463789414,100905.640675516,908131.837155992,815991.87106048,474643.558787325,
79.30325,178363.527226875,30537.255451651,140788.415124698,565822.789988015,327330.418326451,188104.766395441,96672.3820155238,105543.705738926,958814.782818172,871882.438166201,498443.575004182,
79.42954,167717.670556589,29133.9118734207,133003.856408112,538557.09195515,313687.21193024,182827.326389588,103426.115596257,108266.846642723,955796.240770119,870383.171419229,513953.07065528,
79.5558,183233.204798111,30637.5003003677,145744.736492712,569378.930013541,340988.339090806,197345.610823973,99192.0068109167,113412.169356815,958491.334017253,885276.454752537,474332.063013308,
79.68196,175016.7162111,28131.6199408135,132801.724311261,547430.337266956,321686.70793764,189018.394028792,96773.1572945277,108165.979037694,914684.711579925,803734.729349787,474020.574856938,
79.80808,176132.221018244,31339.2367243789,147768.286451187,561640.362034625,354660.998040592,187394.212944306,101611.322634023,111898.620251842,967550.948334961,889458.226841362,486693.906845114,
79.93423,175016.7162111,30437.0114058695,142204.30756358,562372.188139059,331436.515367063,195821.928024607,97579.3886631222,111293.251691497,925541.843824536,830075.299835514,476616.54227284,
80.06052,173191.557918479,25726.4467872973,136946.082256131,555996.254513189,305590.308566246,184755.365360283,94959.3260899243,102821.155452734,877666.95235611,820471.29589847,493451.242244892,
80.18684,174712.504783195,26327.6967369673,137552.688310435,554324.404993111,314097.319540863,189322.951301986,102518.68631491,109073.816659569,928338.221689366,806398.335177631,476512.693417684,
80.31315,174002.706708771,26227.4864057532,143822.665647504,604889.919457258,329177.997252291,202832.395115893,101208.070942038,116137.01756924,987309.876840941,901045.573407707,491059.775515531,
80.43943,189018.394028792,27029.191526849,141091.807222131,596500.855946989,334927.744786072,195415.643732792,97478.6069092355,110889.688866032,965609.070098836,845990.97664763,500316.203920929,
80.56566,184958.334004932,28532.5270808722,145744.736492712,560072.304332535,310406.829355212,193079.763305977,114522.221329261,105543.705738926,935869.930574863,840861.637690447,495739.152072906,
80.69181,169339.314910719,26327.6967369673,151715.14575922,574924.298224077,347977.028649298,202934.024767427,101409.695168481,111394.144424668,1024967.31264106,955688.448680413,535635.490039059,
80.81813,183943.523495612,28332.0719053969,151613.928762581,586650.72788904,334311.575550971,198158.317004927,98788.8328460822,116641.683980405,935439.429337339,854009.646648079,557563.812125326,
80.94444,179682.212266735,31840.5011174214,142305.448840437,582356.769500919,319224.786103189,188206.277304016,120780.713671332,114118.554712614,927477.733482123,871132.783071587,502189.107913023,
81.07073,178363.527226875,28933.4470648069,146149.420431548,561744.906055475,322507.454946195,302673.627955672,109376.443789146,112907.632716694,936300.446104368,825592.542395293,491579.621419453,
81.19702,177754.949946623,30336.7681630136,135631.86956819,555473.778039466,326406.729935408,184653.882264765,95160.8499429838,99393.5986506566,937592.078451879,841395.848838171,470490.908053565,
81.32327,171974.932740483,29033.6790677186,139069.331542091,579739.209442812,340371.87502534,204763.498663139,102720.331596895,113613.989689355,963775.340644732,873060.555380769,505727.566182262,
81.44963,182319.996776663,30637.5003003677,151512.712580585,618008.845386094,343968.338287234,195009.372543487,100199.998393587,117247.310445158,959677.352362123,833812.119984624,467999.96740096,
81.57587,169339.314910719,26528.1198069954,140990.675709378,528647.226771994,306102.617258357,183842.046942682,95866.208918067,105846.247780643,890423.443053496,833705.33869021,487733.26373483,
81.70213,182827.326389588,30837.992406645,145441.232086388,578378.289891016,334619.656422022,189830.5631237,100905.640675516,123204.193364258,967443.058590861,836481.939265665,493763.205769341,
81.82843,169744.758652351,28532.5270808722,148274.224829595,573354.610364369,308152.059476182,187698.730942987,100300.802004811,105543.705738926,898791.665976032,796173.086130326,463953.227810711,
81.95462,168832.528601861,24524.0335528818,130679.533574588,547117.058934133,304258.40303813,190642.784593806,94455.5306172433,102115.40546945,901582.275858068,825912.687754385,468726.441428042,
82.08094,185059.819554083,27530.2833116428,144834.245252655,579948.594535304,339139.036869461,213101.13075716,98587.2507208314,104031.1048987,941467.747491979,860963.186401685,474435.894091561,
82.20718,181305.398871878,27830.9480141918,146958.827387251,573563.89094614,332052.54475667,191962.756202261,96370.061034372,107157.347559383,977912.539642295,857646.416337068,524893.918540875,
82.33334,186176.214578162,31238.986254846,145238.89988574,609506.248719525,366803.985632242,194399.99032535,98385.6718335877,115430.518663779,973162.450702938,898469.711221703,494075.176928882,
82.45962,180899.582601409,27029.191526849,147869.47249829,582252.056813065,338625.389708059,191150.449611653,102720.331596895,111495.03796858,892461.358090669,843212.331967433,501044.522783653,
82.58585,186277.709942736,26628.3325458288,147060.006920471,575656.885171439,322199.668583051,204153.644520617,102619.508550956,109073.816659569,958167.893276627,871025.693033036,522496.549358467,
82.71211,179073.571238649,33946.0308177889,152018.801637095,612969.58818443,381226.014741416,198158.317004927,97780.9545991182,106653.062208261,935977.558117339,821431.374898263,471736.56111179,
82.83841,173495.732589003,32141.2693898966,141091.807222131,561117.654757231,304770.657802574,182827.326389588,88713.6916135455,101208.070942038,891495.989925101,839045.484988548,498131.496923905,
82.96469,176335.050695068,32442.0448901777,145036.570941189,595033.334971415,344276.654068872,202629.138271705,106854.773917794,116036.086720649,1020958.3206698,899650.251123009,535531.159476542,
83.09098,188104.766395441,28432.2990917683,148678.990190003,583403.943528218,329793.916796693,184552.399987106,93851.0027502861,103829.438557875,894606.878436214,842036.931371819,453375.524848603,
83.21719,166704.248945012,27229.6258329062,135429.695197725,538557.09195515,315327.722106559,188409.301575787,93347.251776609,101812.953338742,898469.711221703,827620.263730996,484927.19465999,
83.34347,181711.228222856,30136.2840860396,158903.63536094,633033.392665261,339036.305771219,194806.241862078,101208.070942038,110587.025259242,1012727.50731478,885919.716373155,521037.501633346,
83.46974,189729.039122672,29735.3255667733,144227.287722376,585812.76916275,332463.24766232,175625.161124001,97780.9545991182,104938.643529955,857325.483738845,776916.255954468,600431.47618726,
83.59606,165488.250736846,24223.4482979524,130679.533574588,525936.393450657,301902.29822239,172481.845606093,90929.5286116888,99292.8023260017,895679.771952286,829861.799907426,472670.880865337,
83.72238,188409.301575787,33043.6175751993,160220.28276062,623995.539374857,340166.393668607,208016.552591989,102115.40546945,108670.325167324,996065.235565945,892139.560703603,509995.836768679,
83.84861,187394.212944306,31138.7365883159,151107.855998841,574610.34523678,318301.688831996,181711.228222856,91433.1825170923,103426.115596257,889136.504096697,809062.490966828,462397.131915587,
83.97489,164981.619497425,24323.6425805883,128456.670499594,547848.053662744,302516.891960277,173495.732589003,90526.6200451228,106955.630988009,916296.581951476,858716.249203552,482952.923812087,
84.10116,181812.687604505,30837.992406645,149488.560000644,591679.633117681,332976.645022171,203950.366364623,91836.1201999318,97780.9545991182,890423.443053496,820577.967817232,493035.302755287,
84.22737,175118.121654227,28131.6199408135,140485.030349594,522704.998366547,309176.905072364,170961.168254787,94354.7739500522,97982.523772809,895894.361324378,840434.284674762,505207.143090333,
84.35368,176030.807405378,30336.7681630136,145542.399407772,586650.72788904,328972.69739375,188409.301575787,98284.883604194,111495.03796858,921885.951996815,867385.159156847,478382.102353795,
84.47991,189119.91230156,28732.9854673165,143620.359493426,560385.900482171,310201.833673502,178059.234909278,99192.0068109167,98688.0413787011,917586.222625845,835627.537058624,492411.418968801,
84.60619,178059.234909278,26528.1198069954,144126.130982793,570111.199299584,316558.244286559,195923.501144903,95463.1417913744,99595.1937287155,885276.454752537,807357.367897299,477031.946159898,
84.73243,172988.778888522,32742.827618525,139271.564467148,557772.834336561,310714.329104082,168933.884230958,92440.5509898466,98990.4182094179,889136.504096697,794469.665703673,465509.513914354,
84.85869,173191.557918479,28231.8455217485,130275.347400926,563835.966067587,305897.691292342,200698.361753001,94254.0180919534,114925.900922622,969493.117045544,909420.665353923,551294.735206822,
84.98492,184958.334004932,33745.4889190629,147768.286451187,571157.371039539,325688.352209413,181711.228222856,96974.7102805239,118458.650998107,982556.350968214,907487.471139059,527604.530435031,
85.11118,190744.315960453,30036.0432519023,145542.399407772,580576.770380557,326919.881834723,196431.379030925,97680.1712264132,105644.552275977,920058.392707547,873703.209995115,475266.573189422,
85.23738,172583.230629194,28933.4470648069,138968.216299705,579529.827778142,311329.351017515,207101.546304437,116540.749075711,107863.381085142,969277.306175702,908024.440593936,518224.094919628,
85.36365,196228.225419568,30236.5257230735,163056.606812143,666402.473830536,347565.822558928,201816.143678578,109880.838549493,121285.566716105,972083.127288141,922853.587722937,531150.045547572,
85.48984,184146.479054849,30437.0114058695,150196.976342719,571680.48901236,316865.893523338,177957.805771191,96370.061034372,110284.368948421,917048.856747141,837336.397985928,529481.445172886,
85.61616,182522.926168872,32843.0901342561,136339.505477711,551608.116008389,318711.945975945,179885.099148316,97478.6069092355,107258.207060563,959461.704602093,900401.559825784,594928.518483634,
85.74231,194907.806793353,31639.9929510902,147363.550405375,581833.214633627,336571.009287373,179175.009366653,114925.900922622,107762.51672177,935654.678169648,856576.671989674,498443.575004182,
85.86854,188104.766395441,29234.1454819229,149994.567601173,591784.422997392,325380.488516459,193892.194327545,95362.3770327244,106753.917657881,935977.558117339,845563.453959747,482329.533408353,
85.99482,184653.882264765,31439.4879969241,142912.313590448,565822.789988015,327843.607657519,184247.958061176,100199.998393587,108771.196824644,955257.289274457,887099.112383146,503854.142438005,
86.12105,185567.259568501,28532.5270808722,137047.181232077,574505.695953909,340680.103308885,182725.858831683,94455.5306172433,114320.386398888,985797.202680903,945883.114834403,655472.377212784,
86.24731,196126.649842373,31940.756405173,156777.034478872,623785.432570496,337906.318665726,188104.766395441,101006.449954617,110082.602127728,965069.71101916,849839.317398803,509371.122575589,
86.37361,180290.882720277,26528.1198069954,138260.432378079,549519.055853293,302107.159484242,183740.57120753,95160.8499429838,107459.928493954,910602.203852181,844494.709115043,490228.066168554,
86.4998,185059.819554083,28933.4470648069,131993.228435745,571366.615660314,310406.829355212,174104.103983147,91533.9157245632,100804.83220614,909850.303248888,854330.496940916,585322.209239077,
86.62612,181914.147803734,30537.255451651,135025.356213579,561013.11586705,325175.250212731,179682.212266735,98587.2507208314,111293.251691497,953856.120126904,901152.912118424,523747.294482787,
86.75228,184856.849273669,32241.5270868879,146452.941933823,563940.528048755,341604.833150874,177856.377450309,92843.5210278029,99897.5924178229,906413.599001878,809915.13699903,492099.488526516,
86.87859,157789.656726992,31038.4877247787,130174.302888965,512182.577424372,338111.763370415,161233.182231741,83276.4779066501,93951.7553721132,838404.550866517,791914.956834651,455759.92570991,
87.00485,166602.911272625,26027.0681508769,128860.798173031,549623.500748093,280410.311171514,168629.819792611,88713.6916135455,95261.6130832641,844067.235925321,762890.720000659,440838.855691421,
87.13114,163867.102571949,25826.6531060054,131083.732750024,522809.224147436,281535.175716782,172076.313680319,85088.6206010789,98587.2507208314,888064.152694016,795640.743079545,495739.152072906,
87.25741,186785.199036051,28031.3951625821,149184.965213647,574714.995376092,313277.117607511,190947.38114911,98587.2507208314,117146.370672818,1049698.65708593,952239.574466318,546072.853312406,
87.38366,202121.010504244,32442.0448901777,166602.911272625,602582.378869062,348285.441972705,191962.756202261,107056.488868535,116843.556223552,1033639.62778143,931565.561221314,533027.481708139,
87.50986,200799.974194381,31740.2466327303,148071.847035344,571889.742194436,331333.846715033,186176.214578162,100199.998393587,108972.942570757,925004.148000664,843532.91432352,516036.318505454,
87.63609,180899.582601409,28432.2990917683,139069.331542091,538452.737517826,310611.828357605,179986.543815191,87706.6223517417,105745.399623213,938991.492010791,865030.065510948,515515.474649825,
87.76232,189424.472029663,30437.0114058695,145238.89988574,550354.638922388,334106.192466245,186683.699581297,103224.458975306,114623.14001101,1028869.13933982,879167.063480562,520829.07986182,
87.88859,192267.384679877,31940.756405173,145643.56754321,578378.289891016,318711.945975945,180798.130577547,97478.6069092355,107056.488868535,956227.418082146,881953.445612698,488564.810283514,
88.01477,177754.949946623,30036.0432519023,133812.417309757,535322.500909057,308766.956873861,179885.099148316,91030.2577752084,106451.353739857,927047.510796023,872203.732220622,485758.558117724,
88.14098,177247.824685788,30837.992406645,141597.47699041,561640.362034625,319840.221680265,178262.095637111,92843.5210278029,104535.284926434,933717.56729281,844280.970752544,496155.179798886,
88.26725,176842.13918564,29033.6790677186,142710.022085357,567600.736346901,312867.03657203,192368.929142935,124921.107747722,113815.81326572,1027460.01141044,920380.884444868,551399.194619897,
88.39348,199072.674125592,33143.8825004306,144227.287722376,569274.323539278,322507.454946195,183030.26395845,100603.217696528,106047.946526126,901260.251718808,847273.629577552,520933.290322054,
88.5197,181812.687604505,25626.2412710616,130881.631537045,530107.144753665,318404.251871536,184755.365360283,95866.208918067,110788.800186422,977912.539642295,918875.991656195,530107.144753665,
88.64605,183639.096290148,28933.4470648069,151512.712580585,576284.850245737,354249.575062777,230709.608661602,102216.224466026,108771.196824644,977912.539642295,910494.786808449,514265.53614657,
88.7723,187089.702308749,30136.2840860396,148881.377756317,580053.28836701,318609.380443501,224498.032489153,93548.7497390271,115228.669133987,974997.506400239,882382.173043395,532818.864055102,
88.89854,185973.226303022,29434.6151073663,147161.187267892,576284.850245737,334106.192466245,184146.479054849,98788.8328460822,113916.726270362,974241.863828479,881203.206784602,490124.106316249,
89.02474,179479.32865465,29434.6151073663,136844.984093404,560176.835527419,328664.753845904,191251.985070656,100401.606425703,110587.025259242,954933.92912019,873917.435294507,502293.166201505,
89.15096,175320.934991279,29133.9118734207,136642.790207568,547848.053662744,315327.722106559,189322.951301986,100099.195592021,112201.315477554,1001148.21070498,879702.859603647,516973.891032315,
89.27722,193892.194327545,30637.5003003677,154650.79307583,571785.11517532,334208.88359235,188206.277304016,108569.454320482,106350.500721054,1022691.78723847,936085.186553074,515411.308430292,
89.40351,195009.372543487,29434.6151073663,132498.532262086,541583.741658119,306922.354313109,170352.948757189,84383.8673296971,95563.9073592239,832103.725196014,795108.421999719,450369.742971626,
89.52979,162043.560529812,29534.8511243267,133104.923675787,544715.513612268,298829.77732982,173191.557918479,95160.8499429838,104232.774479639,954610.577022902,860000.165504001,489708.27538673,
89.65595,180696.679371168,24423.8376655616,137653.7921659,560908.577831944,318609.380443501,227297.627863663,103829.438557875,104837.802663925,972191.055592956,861926.279027426,501252.621528769,
89.78225,193282.866149096,30036.0432519023,137249.381623665,566764.024904073,325893.598829741,185770.241299828,92037.5938944047,106249.648512505,980612.227931029,899220.951433781,508850.550787101,
89.90849,181609.769658779,29033.6790677186,143519.207637193,571785.11517532,324046.49900122,172684.616468977,96168.5177600565,105140.327692376,976616.88854161,861391.218712889,482745.123621893,
90.03474,173495.732589003,28332.0719053969,143316.906366288,534070.621111161,308459.504440116,185059.819554083,96873.9333828578,114623.14001101,951700.770661706,863959.710158122,506248.010512655,
90.16104,187597.224125285,28532.5270808722,143316.906366288,564045.090885293,311841.892110805,201917.765134256,104333.610485176,111595.932323245,956119.622411137,860642.171466402,505207.143090333,
90.28732,179276.448311981,29835.5639922788,135530.781976417,552339.367773798,303848.614158819,187292.708581008,114219.470150243,109779.957976272,937484.437509337,860535.168258986,483991.975600607,
90.41363,182319.996776663,27630.5040765005,145845.906256286,573773.174953251,333387.377893073,189424.472029663,104131.939284151,113513.079117612,1024642.21321885,925972.016542844,506664.381269538,
90.53986,185668.750025186,28632.7558727184,140383.903718363,569378.930013541,334722.351710803,196126.649842373,126436.227094741,120073.953497719,1003095.40847743,895679.771952286,496571.221102186,
90.66616,188206.277304016,29935.8032206519,129972.216302718,546177.270033312,315840.425144098,176537.883640084,94052.5088029936,109578.199261578,904266.121779064,807570.495959567,488772.705398726,
90.7924,165690.908944491,29534.8511243267,131386.890664393,527604.530435031,344482.202090818,184653.882264765,107459.928493954,102014.587282717,957089.815683897,851336.203865705,511974.300257569,
90.91866,180087.98929947,30336.7681630136,135328.609232106,562163.090690465,320455.687176911,196532.957065108,107459.928493954,110284.368948421,1005908.54242084,912320.997686548,534383.579552883,
91.04492,183436.148908651,28532.5270808722,140889.545010237,591574.844096126,339344.501564958,189221.431392621,106350.500721054,110385.253574714,979100.333363815,839259.136762031,485550.712168229,
91.17109,173090.167995135,29735.3255667733,138159.32364274,552234.900673353,328254.174096288,185161.305921132,99695.9924821391,109477.321120084,1018033.61946232,916618.980087743,517807.346678806,
91.29731,192470.474424604,30837.992406645,146351.767285602,572831.423895254,335852.054838945,201308.048692959,105846.247780643,117449.192423774,1017817.00108234,880988.860822394,510828.83662457,
91.42351,183131.733969426,32542.3049964954,140080.52870595,564358.784527223,321173.768074254,193079.763305977,112806.727821374,115026.822848647,956982.012849744,856255.765945036,473812.920317913,
91.5497,185262.793106088,25926.8602271954,144834.245252655,604365.44189038,330820.515938152,190033.613580854,105342.01509534,111595.932323245,1008614.05297435,852619.387396331,492307.441306511,
91.67598,187698.730942987,32341.7855869784,150601.803599957,558086.374064063,318096.565245748,187901.747032865,97478.6069092355,112806.727821374,951700.770661706,817591.487217194,480355.664996514,
91.80221,175625.161124001,27129.408278574,124012.12384329,524581.192671791,306922.354313109,171772.173310672,107964.246258913,119569.149149954,938883.839452835,859893.167609346,494179.169012131,
91.92849,181711.228222856,29635.0879441258,133205.991756308,555160.302409545,301902.29822239,184856.849273669,93246.5040088971,104837.802663925,905984.075073469,826979.896278849,471217.524197657,
92.0548,162448.769254306,26427.9078707115,132902.789953273,543253.924465533,304463.30245514,216559.815697208,95160.8499429838,112302.215507751,962588.947829735,860321.164500606,490747.878150147,
92.18104,172279.0780099,28031.3951625821,145947.076833944,577750.222014872,320250.528686831,184755.365360283,103224.458975306,119266.276279776,959893.003704996,878416.986178855,487733.26373483,
92.3072,174712.504783195,26427.9078707115,130275.347400926,552757.244717734,301595.012549591,167717.670556589,91433.1825170923,108771.196824644,899757.578269067,846525.399897441,476928.093918148,
92.43342,169744.758652351,29234.1454819229,145542.399407772,552652.774200406,329588.606953681,189932.087943091,99695.9924821391,114623.14001101,942975.264929664,852940.203183428,472982.336015129,
92.5597,171569.417147276,27329.8441898553,141496.341409452,531150.045547572,305795.22955393,182928.794765174,99897.5924178229,97478.6069092355,907702.256249974,836802.354662819,475993.461841038,
92.686,176436.466759047,26027.0681508769,139372.682149839,546908.210980674,322199.668583051,191759.674643385,103627.775457087,113815.81326572,990984.247384267,866742.818357524,483160.72739134,
92.81228,169339.314910719,29835.5639922788,134115.6410607,567182.373779934,299239.403666568,177349.248103642,90526.6200451228,106653.062208261,901474.933588618,820577.967817232,463953.227810711,
92.93849,168629.819792611,27630.5040765005,136946.082256131,556518.7523512,304258.40303813,183233.204798111,97478.6069092355,106148.797114199,911676.423276563,820044.617037098,439285.583455103,
93.06477,169035.240676383,30537.255451651,139878.282765306,574714.995376092,337495.439250821,194907.806793353,111696.82748867,116742.619696349,982124.298482644,930274.529002493,524789.675733072,
93.19092,189729.039122672,29334.3798932349,159713.863606172,584974.865320692,314199.848519828,190541.254045601,98587.2507208314,110284.368948421,910817.040611578,835413.945336398,462812.072224757,
93.31711,180595.228982261,26427.9078707115,148881.377756317,643445.330226032,334722.351710803,210355.20382068,119165.320279406,117449.192423774,1036242.44948969,913502.800731383,529690.008292043,
93.44339,181508.311912264,27730.7256440136,130578.485812281,539913.777251088,305282.933307421,208118.224057821,93448.0003533157,101712.13758148,881417.556297259,806185.226475082,456796.761080834,
93.56959,190845.848145551,31639.9929510902,132195.347527997,573563.89094614,349724.803387534,222563.903887907,98990.4182094179,109073.816659569,926617.302387323,844922.19644622,467584.857992747,
93.6959,183334.676444516,28231.8455217485,139372.682149839,560594.968856971,332463.24766232,182827.326389588,104736.962608001,109174.691558898,950192.239024107,846525.399897441,483576.344717357,
93.82215,180798.130577547,28833.2158646761,149589.759891837,574924.298224077,313277.117607511,187292.708581008,111091.46865734,106552.207568923,958167.893276627,862889.443389239,480771.190828553,
93.94836,178870.697434575,32041.0124959949,144024.975057127,545341.960165616,343326.366618203,186582.200944598,94052.5088029936,117348.251028807,928230.65753993,841182.161728589,472567.064174567,
94.07459,169035.240676383,29735.3255667733,139979.405328871,585603.28805705,333284.693426722,191150.449611653,101308.882650377,115834.227457032,992713.722489312,885812.503882872,492099.488526516,
94.20083,199885.491720326,27931.1711870447,145845.906256286,582880.345798677,342221.357207733,204966.789935758,102921.980118486,118155.804906279,947714.317741179,857111.533099171,465924.555670548,
94.32709,175523.751596128,28833.2158646761,145542.399407772,566031.947313521,316558.244286559,186683.699581297,99998.3936001028,105442.860012051,892139.560703603,848021.902579839,475993.461841038,
94.45343,176537.883640084,28231.8455217485,137350.483039327,545550.782511312,324662.169006665,187800.238578844,98688.0413787011,102014.587282717,873596.098675686,811727.196887725,474124.403396006,
94.57966,178566.39285815,31740.2466327303,131386.890664393,586336.486934593,325277.868948778,170961.168254787,97780.9545991182,102821.155452734,907917.044922255,816525.054421235,492827.338100152,
94.70589,192165.841035418,29635.0879441258,160118.99729881,631141.221436656,352706.857805794,207203.210389401,105039.485206102,117752.021476683,991416.594583805,876059.883412825,513432.311843539,
94.83218,179479.32865465,24924.8251258253,143215.756951596,587698.253486068,327740.968127571,199174.273457407,104837.802663925,116843.556223552,958814.782818172,845029.070488699,501980.993883605,
94.95857,193384.418798699,27329.8441898553,140485.030349594,591365.268627443,329177.997252291,190033.613580854,99494.3957848913,106955.630988009,943944.475807791,856041.833007202,497299.326055384,
95.0848,172380.461399665,27931.1711870447,144935.407689925,552861.716089308,323943.890244001,204865.143889534,98889.6251229846,113714.901072054,904266.121779064,863852.679495138,671660.877514409,
95.21106,172786.003125453,29033.6790677186,137350.483039327,575447.570332481,328254.174096288,191150.449611653,96974.7102805239,108468.584284107,968845.695196387,864815.98735314,506352.101927464,
95.33736,180493.779410817,26528.1198069954,143721.512163527,602128.201090712,337906.318665726,200901.587455193,105543.705738926,109679.078213637,967119.394737607,872310.832012121,519578.620717815,
95.46364,191353.521348161,33745.4889190629,162347.465849662,640920.447505856,360319.418295137,215949.390580935,107258.207060563,115834.227457032,1012510.97727963,922423.518481651,513328.162632159,
95.58993,189729.039122672,29935.8032206519,151310.282660485,577540.872910315,327330.418326451,179377.888074644,94455.5306172433,103526.945121682,888385.848786974,817591.487217194,474955.06217927,
95.71618,185262.793106088,27530.2833116428,144631.922820061,574505.695953909,303029.076216772,182319.996776663,94657.0463789414,99292.8023260017,902763.099545355,771070.427181263,483991.975600607,
95.84238,166704.248945012,29234.1454819229,133003.856408112,574401.047527467,311226.845289682,178667.82689968,90627.3459736568,101712.13758148,906413.599001878,854437.448808214,450680.653003384,
95.96861,173090.167995135,30236.5257230735,127042.326000257,554742.346865762,313482.163107929,177754.949946623,93649.4999337528,101913.769905818,880774.518410548,812473.413152384,474539.72601623,
96.09489,172583.230629194,30437.0114058695,146048.248225695,552861.716089308,324251.719010207,183842.046942682,101812.953338742,101913.769905818,928015.531918424,828687.613387939,511661.890883561,
96.22117,183436.148908651,29133.9118734207,134115.6410607,557459.302301807,304053.506939384,210456.894152384,97478.6069092355,104031.1048987,892461.358090669,834346.039698089,463227.026058048,
96.34741,171062.541028832,29334.3798932349,123507.161204481,527708.796235786,299853.868044058,168021.712955692,88310.854206808,100300.802004811,874345.896535736,845670.333305765,504478.586439779,
96.47372,188815.359938096,31038.4877247787,156068.247406912,624625.880462145,370613.928264082,225617.926736733,108367.715058191,114421.303458557,1029302.74786143,958491.334017253,537722.280334728,
96.60001,204458.567902828,29534.8511243267,152828.586491523,572098.99880118,332668.604109162,185770.241299828,99796.7920451716,114925.900922622,918553.537364187,824632.153939599,475266.573189422,
96.72625,172988.778888522,29033.6790677186,131791.112594445,549623.500748093,310406.829355212,180696.679371168,95966.977722812,104434.447300771,907594.863249351,859572.179237867,501772.883250844,
96.8525,188206.277304016,29334.3798932349,151715.14575922,591994.005331324,335543.94399426,190947.38114911,99796.7920451716,109174.691558898,943729.089354354,818871.322876346,482641.224797668,
96.97876,178972.13392796,28532.5270808722,129365.976044678,515307.143061265,291254.082008409,166197.568743985,81464.597011092,90023.0025330887,777873.09862408,723234.460079598,422935.962675062,
97.10502,148780.183565976,24323.6425805883,118357.701489418,511453.622218231,286342.542956439,162955.298513171,86498.2459520426,103526.945121682,892890.433716272,847380.52306827,496779.246845539,
97.23126,178363.527226875,29033.6790677186,150601.803599957,653549.835612053,326611.988199825,203543.819889427,107762.51672177,110183.485132763,994767.773142622,933932.787545073,561640.362034625,
97.35746,203848.728516239,32241.5270868879,151816.363570512,682267.710119888,341604.833150874,198259.908963727,106350.500721054,119972.99100504,979208.31999734,892783.163476676,517703.161745493,
97.48368,191455.058444176,30236.5257230735,153334.728504966,586755.476589142,338625.389708059,192267.384679877,106047.946526126,114623.14001101,1026376.1706664,911139.302430672,513536.461905228,
97.60999,186074.720031593,30938.239664225,148678.990190003,586964.97656234,316353.14894927,178262.095637111,95261.6130832641,107863.381085142,913287.919432478,845456.57549768,501980.993883605,
97.73616,178160.664864582,28833.2158646761,145441.232086388,562163.090690465,314609.972741228,183842.046942682,82672.4885221691,107459.928493954,891925.033555935,838831.836748193,485446.790464773,
97.86246,173090.167995135,28933.4470648069,135631.86956819,540018.143628889,303643.724696356,202222.634418575,89015.8281583057,104434.447300771,841609.539481845,773514.723893492,457315.21044035,
97.98864,172481.845606093,30236.5257230735,132599.595465677,533757.670340804,335133.141191684,180493.779410817,117045.431711777,111091.46865734,973702.146051166,891174.216533068,544506.70492212,
98.11488,193587.526554041,35149.3496869605,159004.911037759,606778.216621052,317790.749911755,202121.010504244,98083.3095738145,114320.386398888,970464.310349126,894285.027717243,502293.166201505,
98.24116,181914.147803734,27430.063349431,142710.022085357,569588.145529822,331539.184851334,175827.982630693,91332.4501184311,108266.846642723,852833.263703036,760236.087411694,469971.921902953,
98.36737,186988.200399768,28231.8455217485,128961.832122452,532714.556506961,299751.455241704,173090.167995135,92239.0708243503,110183.485132763,980612.227931029,899435.599499416,549707.508575503,
98.49363,193790.637584298,32141.2693898966,157080.812593836,595347.789585765,347051.833707118,189830.5631237,93145.7570501702,104736.962608001,942867.579302158,875095.73785423,488045.087332238,
98.61994,172786.003125453,31138.7365883159,136238.412194092,563522.285256187,304463.30245514,178769.261758485,94959.3260899243,108771.196824644,970356.396394899,873060.555380769,502501.285326065,
98.74625,190744.315960453,30437.0114058695,142811.167431008,570738.892071025,321584.118302441,181001.035442763,101913.769905818,111293.251691497,974565.705261408,869312.372981676,510932.965431665,
98.87257,189119.91230156,30336.7681630136,142811.167431008,569169.71792092,314507.440440027,220833.619169448,97176.2665039031,104736.962608001,927047.510796023,837015.96934283,486486.04563916,
98.99876,182827.326389588,27229.6258329062,144935.407689925,571785.11517532,346846.244002936,186582.200944598,99393.5986506566,108670.325167324,1003311.78178853,896860.057511747,529168.606883481,
99.12507,193587.526554041,28933.4470648069,157789.656726992,607407.71090261,322610.052063286,216356.337374675,98184.0961842729,103627.775457087,961618.343441057,834239.25398984,484615.447346746,
99.25134,177247.824685788,29735.3255667733,132801.724311261,557354.793333006,312149.42673044,202629.138271705,93851.0027502861,112907.632716694,990227.674394428,955472.867186883,535218.172904069,
99.37759,191556.596358712,34647.952766629,146655.293672699,613284.483677166,332976.645022171,187394.212944306,122194.35333462,110687.912317496,990335.753553399,903192.516671295,777425.74615169,
99.50385,184146.479054849,28632.7558727184,154752.034516345,574191.753243831,322097.074791346,179783.655298834,97881.7387812469,108367.715058191,950946.482920125,871668.246563208,496051.171594543,
99.63005,188206.277304016,28031.3951625821,134418.872128141,531567.229722829,318096.565245748,163765.787746655,84182.5165254594,96168.5177600565,853474.913856222,776172.094097463,446225.001628558,
99.75636,163765.787746655,27530.2833116428,133307.060649686,509787.595304566,299239.403666568,168528.466612437,86196.1700402583,102417.864888746,921778.441375306,835200.35714581,501148.571731671,
99.88264,179479.32865465,29635.0879441258,142305.448840437,564463.35078534,300468.362270322,176335.050695068,98083.3095738145,104232.774479639,885062.041316701,817698.13534257,493659.217079528,
100.00889,173495.732589003,27630.5040765005,139574.919955593,555891.757509343,293812.931006572,174712.504783195,94254.0180919534,105140.327692376,934793.704276959,854758.309719321,493035.302755287,
100.1352,179377.888074644,30537.255451651,137047.181232077,548056.916983122,309996.841312394,176537.883640084,108670.325167324,108972.942570757,960000.830720027,857432.460386414,499483.890446057,
100.26138,182624.392091447,27530.2833116428,138563.763464215,536365.827848122,323533.46353006,180899.582601409,98587.2507208314,109275.567268754,942113.804940209,864708.949603132,504998.979800041,
100.38768,175523.751596128,31439.4879969241,135227.524079548,562790.393298868,311329.351017515,184146.479054849,92440.5509898466,105543.705738926,941467.747491979,835307.150799654,487941.145285343,
100.51387,183436.148908651,29234.1454819229,132700.659482065,536678.842555139,306512.479147434,177349.248103642,95362.3770327244,102821.155452734,930920.02904263,868348.730174498,492827.338100152,
100.64011,182319.996776663,28231.8455217485,140586.157794386,561744.906055475,333284.693426722,188307.789030794,100704.02454648,119165.320279406,1008722.28510553,944052.170375628,545864.022431312,
100.76634,199072.674125592,28833.2158646761,149690.960597476,567914.51725732,314097.319540863,186683.699581297,101812.953338742,103829.438557875,921133.39637353,808529.615803905,482641.224797668,
100.89249,172481.845606093,24824.6260290208,125628.140703518,513224.014271077,285012.662734341,176335.050695068,87605.9198721937,95866.208918067,851336.203865705,795214.884458073,464886.976645643,
101.01879,166906.926738127,27931.1711870447,128961.832122452,549519.055853293,299853.868044058,180696.679371168,96773.1572945277,110486.139011651,1015975.89047482,907487.471139059,537304.894990602,
101.14494,196736.115590531,29534.8511243267,154448.312639607,581204.97707924,329485.95328027,179580.770052011,99595.1937287155,109880.838549493,876381.281232792,810554.658495389,475162.735339553,
101.27124,166096.235152003,26427.9078707115,126335.213453243,508954.663445056,303541.281209388,176537.883640084,93750.2509375025,103224.458975306,914469.810679249,885490.871740499,499067.754082911,
101.39755,195821.928024607,27229.6258329062,142912.313590448,571785.11517532,320455.687176911,198361.501741711,103728.606602481,112100.416258177,987850.16029306,910387.370655346,514786.328973367,
101.52384,180493.779410817,27931.1711870447,138563.763464215,538139.679322688,311534.364963977,170657.054831759,91030.2577752084,106047.946526126,896538.150780004,839579.621047061,511037.095088819,
101.65007,185465.769929763,28933.4470648069,140586.157794386,562685.840726062,340269.133930418,179276.448311981,94354.7739500522,106753.917657881,939206.799807427,860963.186401685,500732.381033983,
101.77636,176740.719853371,30036.0432519023,142406.590931033,534592.222776039,315942.968243681,181001.035442763,104736.962608001,118256.752792145,1029953.18773219,965177.581042512,558295.404822953,
101.90257,192775.115181368,33344.4147604609,142912.313590448,610240.818216462,329075.346907016,183842.046942682,109477.321120084,110486.139011651,912535.862949634,862033.293747181,586401.442592519,
102.02882,174915.311584892,26928.9755777216,135126.439740042,521767.00464292,306614.946694146,182319.996776663,86598.9395392896,111797.723464866,927800.409866669,810234.893785721,479628.527399773,
102.15513,166906.926738127,27931.1711870447,143721.512163527,546177.270033312,358673.071929369,193384.418798699,98788.8328460822,115329.593493321,999309.458340787,889136.504096697,521558.570956058,
102.28136,188916.876574307,30136.2840860396,139170.447597902,555264.793431684,317481.214428939,218086.007795415,101107.260043455,112302.215507751,1000823.70609501,933071.927968299,522809.224147436,
102.40765,176030.807405378,31238.986254846,143923.819945367,580472.07226381,320250.528686831,202730.766283988,110082.602127728,121487.513615846,1068386.76309884,905447.190191576,514994.652057121,
102.53389,191861.215013543,29935.8032206519,150095.771564698,546281.687607805,300878.041671558,177754.949946623,87102.4196008542,104636.123362174,879810.021490594,795853.677663267,455241.539695922,
102.66011,165994.902376073,25626.2412710616,130174.302888965,504998.979800041,302312.024063511,172684.616468977,92339.8105026498,103526.945121682,967443.058590861,896860.057511747,496571.221102186,
102.78642,172988.778888522,25025.025025025,143114.608350732,570634.274469051,329588.606953681,198869.477919743,104636.123362174,115935.15668325,1039388.2201974,932533.919754367,534383.579552883,
102.9126,192470.474424604,26828.7604311822,145845.906256286,566973.197630657,319224.786103189,188510.814939004,102115.40546945,113008.538422903,973270.387978324,859465.184884832,503958.214314862,
103.03893,183233.204798111,30837.992406645,146655.293672699,593461.177790609,328459.4623072,203543.819889427,106854.773917794,120477.811584359,1022691.78723847,919413.433306239,538557.09195515,
103.16515,184247.958061176,28833.2158646761,142811.167431008,606253.661694274,336673.72039663,195821.928024607,108165.979037694,121184.59448379,1041232.64612256,927800.409866669,529168.606883481,
103.29141,181001.035442763,29334.3798932349,144733.083629371,562058.543248958,315942.968243681,187292.708581008,107056.488868535,110284.368948421,984500.764983703,879059.906918197,491787.565717828,
103.4177,171366.664250215,28532.5270808722,139574.919955593,557145.777959518,321378.941525846,186683.699581297,95563.9073592239,113109.44494001,958383.519541471,845563.453959747,496987.27598347,
103.54392,177653.523260123,31539.7400724913,147464.733195458,555264.793431684,329280.648429585,189221.431392621,95362.3770327244,109275.567268754,995632.733700738,912428.429872677,524581.192671791,
103.67015,176842.13918564,26828.7604311822,134115.6410607,550459.090648941,311124.3403921,178363.527226875,92541.2922859506,105140.327692376,912643.296917432,809382.226627024,458144.773341045,
103.79644,166400.238376143,28933.4470648069,126133.188606806,531254.340313238,307639.667801799,177653.523260123,90425.8949253108,110587.025259242,939099.145462318,880453.011449512,491371.68051358,
103.92275,173698.519786527,26528.1198069954,140889.545010237,550459.090648941,315635.341437037,191048.914971141,97277.0458296357,114421.303458557,927800.409866669,873167.662266158,506039.830231799,
104.04905,169237.956016253,29735.3255667733,151917.582196467,599541.256220689,334003.502172644,195009.372543487,105342.01509534,119266.276279776,1024208.75995686,915221.979425387,488252.973969357,
104.17529,184045.000866331,33244.1482288479,141900.888615345,575552.227323692,308664.471899284,176335.050695068,93045.0109004188,101006.449954617,881524.732385034,811087.617285582,482433.429690908,
104.30157,174813.907775594,31639.9929510902,144024.975057127,567391.553351987,329280.648429585,198463.095338889,105947.096748278,116843.556223552,1007098.89771512,934040.399010772,540122.51085966,
104.42779,185161.305921132,24023.0621396541,134519.950776556,503229.729012882,271619.364934314,142507.733835379,74521.477832117,81263.2930695453,618533.882048171,535009.519451549,286649.458258822,
104.55404,91433.1825170923,13407.186251831,62656.64160401,225108.87156989,124517.106781208,63661.7007198284,31539.7400724913,32843.0901342561,253035.414856866,212999.419092493,106955.630988009,
104.68035,33544.9502333126,6001.44034568296,25626.2412710616,96773.1572945277,44980.7854907414,24423.8376655616,13807.6218072376,13106.8679988314,94556.2880935365,88915.1151681559,45582.960989,
104.80658,16711.163056922,4000.64010241639,11004.8421305374,41167.6796653699,20516.8237955123,13006.7635170289,6301.58800017604,6001.44034568296,51405.4840532773,42973.74294289,25125.2257266295,
104.93287,7702.37233067785,1600.10240655402,6701.7960813498,26227.4864057532,11705.4781637807,4800.92177698118,2500.2500250025,4500.81014582625,29635.0879441258,27830.9480141918,14208.0701838644,
105.05909,4800.92177698118,600.014400345608,3300.43565750679,13106.8679988314,7602.31110257518,2600.27042812453,2400.23042212052,2900.33643902693,17612.3991289868,14007.84439286,6201.53798141939,
105.18532,1900.14441097523,800.025600819226,1800.12960933187,8703.02865397158,4500.81014582625,2500.2500250025,1200.05760276493,2000.16001280102,12506.2531265633,7001.96054895371,5301.12383825371,
105.31163,1400.07840439065,700.019600548815,1300.06760351538,6401.6388195378,3500.49006860961,2400.23042212052,1200.05760276493,1900.14441097523,8202.69048247825,5501.21026625858,4000.64010241639,
105.43792,1500.09000540032,400.006400102402,1300.06760351538,4000.64010241639,1700.11560786133,1900.14441097523,400.006400102402,1500.09000540032,6901.90492575951,4800.92177698118,4000.64010241639,
105.56426,1800.12960933187,400.006400102402,500.010000200004,4100.67251029169,1500.09000540032,1000.04000160006,200.0016000128,1600.10240655402,2900.33643902693,2600.27042812453,2300.21161946899,
105.69045,500.010000200004,800.025600819226,600.014400345608,2700.2916314962,1100.04840212969,900.032401166442,200.0016000128,500.010000200004,4200.70571856072,2600.27042812453,1100.04840212969,
105.81677,500.010000200004,900.032401166442,500.010000200004,3400.46246289495,1300.06760351538,1300.06760351538,600.014400345608,800.025600819226,2200.1936170383,2000.16001280102,700.019600548815,
105.94298,300.003600043201,200.0016000128,600.014400345608,2300.21161946899,1100.04840212969,1100.04840212969,500.010000200004,1100.04840212969,2000.16001280102,1500.09000540032,1000.04000160006,
106.06914,1000.04000160006,400.006400102402,400.006400102402,2200.1936170383,800.025600819226,600.014400345608,200.0016000128,1300.06760351538,600.014400345608,1300.06760351538,1100.04840212969,
106.19537,200.0016000128,300.003600043201,0,1800.12960933187,300.003600043201,100.0004000016,300.003600043201,1000.04000160006,1800.12960933187,800.025600819226,400.006400102402,
106.3216,100.0004000016,300.003600043201,0,1900.14441097523,400.006400102402,300.003600043201,400.006400102402,1500.09000540032,2300.21161946899,1100.04840212969,600.014400345608,
106.44788,100.0004000016,300.003600043201,200.0016000128,1300.06760351538,600.014400345608,600.014400345608,200.0016000128,1300.06760351538,700.019600548815,300.003600043201,200.0016000128,
106.57418,100.0004000016,300.003600043201,400.006400102402,1500.09000540032,500.010000200004,300.003600043201,200.0016000128,800.025600819226,200.0016000128,700.019600548815,100.0004000016,
106.70042,300.003600043201,400.006400102402,200.0016000128,1900.14441097523,400.006400102402,100.0004000016,400.006400102402,900.032401166442,800.025600819226,1000.04000160006,100.0004000016,
106.82674,0,300.003600043201,100.0004000016,1200.05760276493,0,100.0004000016,100.0004000016,1000.04000160006,800.025600819226,600.014400345608,300.003600043201,
106.95295,100.0004000016,700.019600548815,200.0016000128,1900.14441097523,300.003600043201,200.0016000128,100.0004000016,1300.06760351538,800.025600819226,300.003600043201,100.0004000016,
107.07929,0,400.006400102402,400.006400102402,700.019600548815,100.0004000016,0,200.0016000128,1000.04000160006,100.0004000016,300.003600043201,100.0004000016,
107.20558,0,700.019600548815,0,900.032401166442,200.0016000128,200.0016000128,0,1100.04840212969,300.003600043201,200.0016000128,400.006400102402,
107.33181,100.0004000016,200.0016000128,300.003600043201,1000.04000160006,0,100.0004000016,0,1100.04840212969,0,0,300.003600043201,
107.4581,0,200.0016000128,100.0004000016,800.025600819226,400.006400102402,200.0016000128,0,600.014400345608,400.006400102402,100.0004000016,100.0004000016,
107.58433,100.0004000016,600.014400345608,200.0016000128,900.032401166442,100.0004000016,200.0016000128,100.0004000016,700.019600548815,600.014400345608,100.0004000016,100.0004000016,
107.7106,0,300.003600043201,200.0016000128,1700.11560786133,200.0016000128,0,200.0016000128,1100.04840212969,100.0004000016,0,0,
107.83689,0,800.025600819226,100.0004000016,1700.11560786133,400.006400102402,100.0004000016,200.0016000128,800.025600819226,600.014400345608,0,200.0016000128,
107.96308,0,300.003600043201,200.0016000128,1300.06760351538,300.003600043201,100.0004000016,0,1100.04840212969,0,0,0,
108.08927,100.0004000016,800.025600819226,200.0016000128,900.032401166442,0,200.0016000128,0,1000.04000160006,100.0004000016,600.014400345608,0,
108.21555,0,200.0016000128,0,1400.07840439065,100.0004000016,0,200.0016000128,700.019600548815,0,0,0,
108.34179,100.0004000016,200.0016000128,300.003600043201,600.014400345608,300.003600043201,100.0004000016,100.0004000016,700.019600548815,100.0004000016,0,100.0004000016,
108.46806,0,300.003600043201,500.010000200004,1500.09000540032,200.0016000128,100.0004000016,0,1100.04840212969,100.0004000016,0,100.0004000016,
108.59422,200.0016000128,500.010000200004,100.0004000016,1500.09000540032,0,0,0,400.006400102402,0,0,100.0004000016,
108.72046,0,200.0016000128,100.0004000016,900.032401166442,0,0,0,1200.05760276493,0,0,100.0004000016,
108.84675,200.0016000128,300.003600043201,0,1100.04840212969,300.003600043201,400.006400102402,0,900.032401166442,0,0,100.0004000016,
108.97296,0,200.0016000128,100.0004000016,900.032401166442,0,0,0,1200.05760276493,0,0,0,
109.09922,0,500.010000200004,400.006400102402,800.025600819226,200.0016000128,0,0,600.014400345608,100.0004000016,0,0,
109.22552,100.0004000016,300.003600043201,0,1600.10240655402,300.003600043201,200.0016000128,0,1000.04000160006,0,0,0,
109.35175,0,600.014400345608,0,800.025600819226,300.003600043201,0,0,1300.06760351538,100.0004000016,0,0,
109.47802,0,300.003600043201,100.0004000016,1100.04840212969,200.0016000128,0,200.0016000128,1400.07840439065,0,0,0,
109.60419,0,300.003600043201,100.0004000016,1100.04840212969,0,0,100.0004000016,800.025600819226,0,100.0004000016,0,
109.7305,200.0016000128,100.0004000016,200.0016000128,800.025600819226,0,100.0004000016,0,1100.04840212969,0,0,0,
109.85681,100.0004000016,600.014400345608,200.0016000128,1100.04840212969,0,0,0,1200.05760276493,0,100.0004000016,0,
109.98305,0,600.014400345608,100.0004000016,1000.04000160006,100.0004000016,0,0,1900.14441097523,600.014400345608,0,100.0004000016,
110.10932,0,500.010000200004,300.003600043201,1200.05760276493,200.0016000128,100.0004000016,0,1200.05760276493,0,0,0,
110.23557,200.0016000128,600.014400345608,200.0016000128,1000.04000160006,0,0,100.0004000016,1400.07840439065,0,0,0,
110.36183,0,600.014400345608,200.0016000128,1600.10240655402,100.0004000016,0,100.0004000016,1100.04840212969,0,100.0004000016,200.0016000128,
110.48816,0,200.0016000128,0,1200.05760276493,0,0,0,900.032401166442,0,0,0,
110.6145,0,600.014400345608,0,900.032401166442,200.0016000128,0,400.006400102402,600.014400345608,0,0,0,
110.7408,0,600.014400345608,100.0004000016,900.032401166442,200.0016000128,0,100.0004000016,700.019600548815,0,0,100.0004000016,
110.86704,0,200.0016000128,100.0004000016,1500.09000540032,400.006400102402,0,0,700.019600548815,0,0,0,
110.99336,0,400.006400102402,200.0016000128,1600.10240655402,0,200.0016000128,0,600.014400345608,0,0,0,
111.11958,0,200.0016000128,100.0004000016,1000.04000160006,300.003600043201,0,100.0004000016,600.014400345608,100.0004000016,0,0,
111.24593,0,300.003600043201,100.0004000016,1000.04000160006,0,100.0004000016,100.0004000016,1000.04000160006,0,0,0,
111.37216,100.0004000016,100.0004000016,0,1100.04840212969,100.0004000016,100.0004000016,100.0004000016,500.010000200004,0,0,0,
111.49847,0,800.025600819226,200.0016000128,900.032401166442,100.0004000016,0,0,1100.04840212969,0,0,0,
111.62477,0,200.0016000128,0,900.032401166442,100.0004000016,100.0004000016,100.0004000016,500.010000200004,0,0,0,
111.75108,0,200.0016000128,200.0016000128,1400.07840439065,100.0004000016,100.0004000016,0,1400.07840439065,0,0,0,
111.8774,0,100.0004000016,200.0016000128,1100.04840212969,0,100.0004000016,0,900.032401166442,0,0,0,
112.00361,0,300.003600043201,200.0016000128,1400.07840439065,0,100.0004000016,200.0016000128,500.010000200004,0,0,0,
112.12984,0,600.014400345608,0,1600.10240655402,0,0,0,500.010000200004,0,0,100.0004000016,
112.25615,100.0004000016,400.006400102402,100.0004000016,1400.07840439065,100.0004000016,100.0004000016,0,900.032401166442,100.0004000016,0,0,
112.38246,0,400.006400102402,0,1400.07840439065,0,100.0004000016,100.0004000016,900.032401166442,200.0016000128,0,0,
112.50875,0,400.006400102402,100.0004000016,1500.09000540032,100.0004000016,0,100.0004000016,700.019600548815,0,0,0,
112.63499,0,300.003600043201,200.0016000128,1400.07840439065,100.0004000016,100.0004000016,0,900.032401166442,0,0,0,
112.76128,0,200.0016000128,0,900.032401166442,100.0004000016,0,0,1300.06760351538,0,0,0,
112.88749,0,200.0016000128,0,800.025600819226,100.0004000016,0,100.0004000016,1000.04000160006,0,0,0,
113.01374,0,300.003600043201,0,1900.14441097523,0,0,100.0004000016,1600.10240655402,0,0,0,
113.14005,0,400.006400102402,200.0016000128,700.019600548815,100.0004000016,0,0,1000.04000160006,400.006400102402,0,0,
113.26629,0,100.0004000016,200.0016000128,900.032401166442,200.0016000128,100.0004000016,0,300.003600043201,0,0,100.0004000016,
113.39258,0,500.010000200004,100.0004000016,1600.10240655402,0,0,0,1200.05760276493,0,0,0,
113.51883,100.0004000016,200.0016000128,0,900.032401166442,200.0016000128,0,0,1000.04000160006,0,200.0016000128,0,
113.64503,0,100.0004000016,100.0004000016,1400.07840439065,100.0004000016,0,200.0016000128,1200.05760276493,0,0,0,
113.77136,0,100.0004000016,300.003600043201,1000.04000160006,200.0016000128,0,100.0004000016,700.019600548815,0,0,0,
113.89752,0,500.010000200004,0,900.032401166442,300.003600043201,100.0004000016,0,1400.07840439065,0,0,0,
114.02386,0,0,0,600.014400345608,0,0,0,500.010000200004,200.0016000128,0,0,
114.15011,0,500.010000200004,200.0016000128,900.032401166442,700.019600548815,100.0004000016,100.0004000016,600.014400345608,0,0,0,
114.2764,0,0,0,1200.05760276493,300.003600043201,100.0004000016,100.0004000016,900.032401166442,0,100.0004000016,0,
114.40263,0,300.003600043201,200.0016000128,800.025600819226,0,100.0004000016,0,700.019600548815,0,0,100.0004000016,
114.52893,100.0004000016,500.010000200004,100.0004000016,700.019600548815,0,100.0004000016,0,700.019600548815,0,0,0,
114.65522,100.0004000016,400.006400102402,100.0004000016,1000.04000160006,0,200.0016000128,100.0004000016,800.025600819226,0,0,0,
114.78151,0,200.0016000128,0,700.019600548815,200.0016000128,100.0004000016,0,600.014400345608,0,0,0,
114.90778,0,500.010000200004,0,1300.06760351538,0,300.003600043201,100.0004000016,1300.06760351538,0,0,0,
115.034,100.0004000016,400.006400102402,0,1000.04000160006,100.0004000016,0,100.0004000016,1000.04000160006,0,0,0,
115.16023,0,600.014400345608,200.0016000128,1100.04840212969,0,100.0004000016,0,1100.04840212969,0,0,0,
115.28652,0,200.0016000128,100.0004000016,700.019600548815,200.0016000128,0,100.0004000016,600.014400345608,0,0,100.0004000016,
115.41277,0,400.006400102402,100.0004000016,1000.04000160006,0,200.0016000128,0,1000.04000160006,0,0,0,

