- 13:03/07/2023 08:22:10 PM;
Software:Name=Qtegra;Version=2.10.3324.83;File Version=1;
Configuration:Machine=iCAP RQ;
STDS:Additional Gas Flow 1=0;Additional Gas Flow 2=0;Additional Gas Flow 3=0;CCT Entry Lens=-108.333333333333;Angular Deflection=-370;Deflection Entry Lens=-35;Extraction Lens 1 Polarity=0;Extraction Lens 1 Negative=0;Extraction Lens 1 Positive=0;Spray Chamber Temperature=2.7;Peristaltic Pump Speed=0;Cool Flow=14;Sampling Depth=5;Plasma Power=1550;Auxilliary Flow=0.8;Nebulizer Flow=1.105;Torch Horizontal Position=-0.723333333333333;Torch Vertical Position=0.3;Extraction Lens 2=-130;CCT Focus Lens=-1.08;CCT Bias=-2;CCT Exit Lens=-160;Focus Lens=18.8;D1 Lens=-200;D2 Lens=-80;Quad Entry Lens=-29.4;Pole Bias=-1;CCT1 Flow=0;CCT2 Flow=0;CCT1 Shut-Off Valve=0;CCT2 Shut-Off Valve=0;Virtual CCT Mass to Dac Factor=130;Virtual CCT Mass to Dac Offset=35;Virtual CCT Mass parameter b=0.65;Virtual CCT Mass Maximum Dac Limit Set=4095;
RF Generator:RF Plasma Lit Readback=1;RF FET Temperature Ok Readback=1;Plasma Power Readback=1548.6077186126;
Ion Optics:Pole Bias Readback=-0.793743890518083;Torch Horizontal Position Readback=-0.72316715542522;Torch Vertical Position Readback=0.300879765395894;Sampling Depth Readback=5;Extraction Lens 1 Negative Readback=-200.39100684262;Extraction Lens 1 Positive Readback=0.00977517106549364;Extraction Lens 2 Readback=-137.82991202346;Angular Deflection Readback=-369.560117302053;Quad Entry Lens Readback=-29.7165200391007;Focus Lens Readback=18.3724340175953;D2 Lens Readback=-80.9384164222874;Deflection Exit Lens Readback=34.6578690127077;Deflection Entry Lens Readback=-35.425219941349;D1 Lens Readback=-200.58651026393;CCT Exit Lens Readback=-162.512218963832;CCT Bias Readback=-2.15542521994134;CCT Entry Lens Readback=-109.237536656891;CCT Focus Lens Readback=-1.47116324535679;
Vacuum:Analyzer Vacuum Ok Readback=1;Interface Pressure Readback=2.02512396424301;Analyzer Pressure Readback=2.19605002409792E-07;
Detector:Detector Voltage (Counting) Readback=1618.76832844575;Detector Voltage (Analog) Readback=-1978.49462365591;
Cooling System:Plasma Cooling Water Flow Readback=0.636862745098039;Interface Temperature Readback=31.2178705615847;Exhaust Flow Readback=0.550695014662757;Quad Board Temperature Readback=0;Inlet Fan Speed Readback=0;Outlet Fan Speed Readback=2423.52941176471;Peltier Temperature Hot Side Readback=20.7862437909878;Spray Chamber Temperature Readback=2.6293915694153;
Power Supply:Supply Voltage 500 V Readback=-538.856304985337;Supply Voltage 1 kV Readback=-1168.13294232649;
Gas Supply:Nebulizer Supply Pressure Readback=0.0564456989247311;Nebulizer Flow Readback=1.10117302052786;Cool Flow Readback=13.9393939393939;Auxilliary Flow Readback=0.796187683284457;CCT2 Flow Readback=0;CCT1 Flow Readback=0;Additional Gas Flow 1 Readback=0;
Pulse Counting:Threshold=2500000;

Time,24Mg,26Mg,43Ca,55Mn,59Co,63Cu,66Zn,86Sr,88Sr,138Ba,208Pb,
,dwell time=0.01;xcal factor=66096.21568,dwell time=0.01;xcal factor=66420.50783,dwell time=0.01;xcal factor=69176.99106,dwell time=0.01;xcal factor=80139.50903,dwell time=0.01;xcal factor=85118.72235,dwell time=0.01;xcal factor=86639.08057,dwell time=0.01;xcal factor=86821.65425,dwell time=0.01;xcal factor=85302.89892,dwell time=0.01;xcal factor=82608.9753,dwell time=0.01;xcal factor=93538.82005,dwell time=0.01;xcal factor=107923.33534,
0.01244,0,400.006400102402,100.0004000016,2100.17641481884,200.0016000128,0,100.0004000016,1100.04840212969,0,0,0,
0.13869,0,700.019600548815,0,1600.10240655402,0,0,0,1000.04000160006,0,0,100.0004000016,
0.26496,0,200.0016000128,200.0016000128,1600.10240655402,0,100.0004000016,0,500.010000200004,0,0,0,
0.39117,0,300.003600043201,200.0016000128,1200.05760276493,300.003600043201,300.003600043201,0,2000.16001280102,0,0,0,
0.51748,100.0004000016,400.006400102402,100.0004000016,1200.05760276493,400.006400102402,0,0,1300.06760351538,0,0,0,
0.64376,0,200.0016000128,0,1200.05760276493,200.0016000128,100.0004000016,200.0016000128,1400.07840439065,0,0,0,
0.77006,100.0004000016,500.010000200004,400.006400102402,900.032401166442,400.006400102402,0,0,1300.06760351538,0,0,0,
0.8963,0,300.003600043201,0,1500.09000540032,100.0004000016,0,0,700.019600548815,0,0,0,
1.02261,0,200.0016000128,100.0004000016,1400.07840439065,300.003600043201,100.0004000016,0,1000.04000160006,0,0,0,
1.14895,0,500.010000200004,0,1800.12960933187,200.0016000128,100.0004000016,200.0016000128,700.019600548815,0,0,0,
1.27517,0,500.010000200004,0,1100.04840212969,0,300.003600043201,0,1100.04840212969,0,0,0,
1.40145,0,1100.04840212969,400.006400102402,2100.17641481884,100.0004000016,100.0004000016,200.0016000128,700.019600548815,0,0,0,
1.52769,0,600.014400345608,300.003600043201,1200.05760276493,500.010000200004,0,100.0004000016,1000.04000160006,100.0004000016,0,0,
1.65403,0,600.014400345608,200.0016000128,800.025600819226,100.0004000016,0,200.0016000128,1700.11560786133,0,0,0,
1.78023,0,200.0016000128,400.006400102402,2300.21161946899,0,0,0,1300.06760351538,0,0,0,
1.90644,0,400.006400102402,0,1800.12960933187,100.0004000016,0,100.0004000016,1200.05760276493,0,0,0,
2.03275,200.0016000128,300.003600043201,100.0004000016,1400.07840439065,100.0004000016,0,100.0004000016,800.025600819226,0,0,0,
2.15904,0,900.032401166442,400.006400102402,900.032401166442,200.0016000128,0,0,1100.04840212969,0,0,0,
2.28528,100.0004000016,300.003600043201,100.0004000016,1300.06760351538,0,0,100.0004000016,1000.04000160006,0,0,0,
2.4115,0,500.010000200004,0,500.010000200004,400.006400102402,0,100.0004000016,1100.04840212969,0,0,0,
2.53776,0,500.010000200004,100.0004000016,1400.07840439065,300.003600043201,0,0,1400.07840439065,0,0,0,
2.66393,100.0004000016,400.006400102402,500.010000200004,1600.10240655402,100.0004000016,0,0,1100.04840212969,0,0,0,
2.79021,0,800.025600819226,200.0016000128,1000.04000160006,0,0,0,1700.11560786133,0,0,0,
2.91648,100.0004000016,900.032401166442,200.0016000128,1100.04840212969,300.003600043201,100.0004000016,100.0004000016,1700.11560786133,0,0,0,
3.04278,100.0004000016,500.010000200004,200.0016000128,1600.10240655402,100.0004000016,0,0,1200.05760276493,0,0,0,
3.16908,0,100.0004000016,300.003600043201,1200.05760276493,300.003600043201,100.0004000016,0,700.019600548815,0,0,0,
3.2954,0,0,0,1000.04000160006,400.006400102402,100.0004000016,100.0004000016,900.032401166442,0,0,0,
3.42163,0,600.014400345608,0,1400.07840439065,200.0016000128,200.0016000128,0,1300.06760351538,0,0,0,
3.54792,0,400.006400102402,100.0004000016,1800.12960933187,100.0004000016,100.0004000016,0,700.019600548815,0,0,0,
3.67418,0,800.025600819226,200.0016000128,1900.14441097523,200.0016000128,0,100.0004000016,900.032401166442,0,0,0,
3.80039,100.0004000016,700.019600548815,100.0004000016,1700.11560786133,100.0004000016,0,0,1200.05760276493,0,0,0,
3.9267,0,700.019600548815,400.006400102402,1600.10240655402,100.0004000016,0,0,800.025600819226,0,0,0,
4.05293,0,700.019600548815,100.0004000016,800.025600819226,100.0004000016,0,0,1500.09000540032,100.0004000016,0,0,
4.1792,0,200.0016000128,200.0016000128,1400.07840439065,0,0,100.0004000016,800.025600819226,0,0,0,
4.30545,0,300.003600043201,200.0016000128,1900.14441097523,0,0,100.0004000016,1100.04840212969,0,0,0,
4.43171,100.0004000016,300.003600043201,200.0016000128,1200.05760276493,0,0,100.0004000016,1700.11560786133,0,0,0,
4.558,0,600.014400345608,200.0016000128,1500.09000540032,100.0004000016,100.0004000016,0,1400.07840439065,0,0,0,
4.68429,0,600.014400345608,0,2000.16001280102,0,200.0016000128,0,800.025600819226,0,0,0,
4.8106,0,500.010000200004,200.0016000128,1500.09000540032,200.0016000128,200.0016000128,0,1300.06760351538,0,0,0,
4.93678,0,700.019600548815,0,1900.14441097523,0,0,300.003600043201,1800.12960933187,0,0,0,
5.06301,0,800.025600819226,0,1300.06760351538,200.0016000128,0,0,2100.17641481884,0,0,0,
5.18918,100.0004000016,0,0,800.025600819226,400.006400102402,200.0016000128,0,1400.07840439065,0,0,0,
5.31534,0,400.006400102402,200.0016000128,500.010000200004,0,100.0004000016,200.0016000128,1200.05760276493,0,0,0,
5.44149,0,500.010000200004,100.0004000016,800.025600819226,200.0016000128,0,0,1400.07840439065,0,0,0,
5.56774,0,700.019600548815,0,1400.07840439065,100.0004000016,0,100.0004000016,1100.04840212969,0,0,0,
5.69408,0,700.019600548815,100.0004000016,1600.10240655402,100.0004000016,0,0,1300.06760351538,0,0,0,
5.82035,0,700.019600548815,100.0004000016,2000.16001280102,100.0004000016,0,0,1600.10240655402,0,0,0,
5.94664,0,700.019600548815,300.003600043201,1400.07840439065,500.010000200004,0,100.0004000016,900.032401166442,0,0,0,
6.07287,0,200.0016000128,300.003600043201,2000.16001280102,100.0004000016,100.0004000016,100.0004000016,700.019600548815,0,0,0,
6.19921,0,500.010000200004,0,1000.04000160006,100.0004000016,0,0,1800.12960933187,0,0,0,
6.32542,0,200.0016000128,0,1400.07840439065,100.0004000016,0,0,1400.07840439065,0,0,0,
6.45166,0,400.006400102402,100.0004000016,1400.07840439065,200.0016000128,0,0,1600.10240655402,0,0,0,
6.57793,0,500.010000200004,100.0004000016,1700.11560786133,0,200.0016000128,0,700.019600548815,0,0,0,
6.70422,0,100.0004000016,100.0004000016,1100.04840212969,300.003600043201,0,0,1200.05760276493,0,0,0,
6.8305,100.0004000016,600.014400345608,100.0004000016,2500.2500250025,100.0004000016,0,0,1200.05760276493,0,0,0,
6.95672,0,400.006400102402,0,1500.09000540032,0,0,0,900.032401166442,0,0,0,
7.08307,0,400.006400102402,200.0016000128,1900.14441097523,100.0004000016,100.0004000016,0,900.032401166442,0,0,0,
7.20939,0,700.019600548815,200.0016000128,1400.07840439065,200.0016000128,0,300.003600043201,1500.09000540032,0,0,0,
7.33564,0,400.006400102402,100.0004000016,1700.11560786133,0,0,0,400.006400102402,0,0,0,
7.46192,0,200.0016000128,400.006400102402,1700.11560786133,100.0004000016,0,0,500.010000200004,0,0,0,
7.58815,0,700.019600548815,0,1500.09000540032,200.0016000128,0,0,1400.07840439065,0,0,0,
7.71442,0,200.0016000128,100.0004000016,1600.10240655402,0,200.0016000128,0,700.019600548815,0,0,0,
7.84069,100.0004000016,400.006400102402,100.0004000016,2500.2500250025,200.0016000128,100.0004000016,100.0004000016,800.025600819226,0,0,0,
7.96682,100.0004000016,200.0016000128,100.0004000016,1600.10240655402,100.0004000016,100.0004000016,100.0004000016,1000.04000160006,0,0,0,
8.09306,100.0004000016,500.010000200004,100.0004000016,1200.05760276493,400.006400102402,100.0004000016,100.0004000016,1500.09000540032,0,0,0,
8.21932,0,500.010000200004,200.0016000128,1200.05760276493,100.0004000016,100.0004000016,100.0004000016,900.032401166442,0,0,0,
8.34559,100.0004000016,600.014400345608,100.0004000016,1500.09000540032,0,0,0,1300.06760351538,0,0,0,
8.47189,0,500.010000200004,500.010000200004,1800.12960933187,0,0,0,1000.04000160006,0,0,0,
8.59823,0,400.006400102402,0,1900.14441097523,100.0004000016,0,100.0004000016,400.006400102402,0,100.0004000016,0,
8.72446,0,500.010000200004,200.0016000128,1800.12960933187,200.0016000128,0,100.0004000016,1500.09000540032,0,0,0,
8.85073,0,600.014400345608,300.003600043201,1600.10240655402,0,100.0004000016,0,1300.06760351538,0,0,0,
8.97696,0,300.003600043201,100.0004000016,1200.05760276493,400.006400102402,0,200.0016000128,1200.05760276493,0,0,0,
9.10319,0,500.010000200004,0,1000.04000160006,300.003600043201,200.0016000128,0,1200.05760276493,0,0,0,
9.22943,0,400.006400102402,100.0004000016,1200.05760276493,500.010000200004,100.0004000016,0,600.014400345608,0,0,0,
9.35571,0,500.010000200004,200.0016000128,1600.10240655402,100.0004000016,100.0004000016,0,1100.04840212969,0,0,0,
9.48194,0,500.010000200004,300.003600043201,1400.07840439065,100.0004000016,0,0,1400.07840439065,0,0,0,
9.60821,0,800.025600819226,200.0016000128,1400.07840439065,100.0004000016,100.0004000016,0,300.003600043201,0,0,0,
9.73444,0,400.006400102402,200.0016000128,1900.14441097523,100.0004000016,0,100.0004000016,1200.05760276493,0,100.0004000016,0,
9.8607,0,100.0004000016,100.0004000016,700.019600548815,0,100.0004000016,200.0016000128,1200.05760276493,0,0,0,
9.98689,0,700.019600548815,100.0004000016,1000.04000160006,0,100.0004000016,0,1800.12960933187,0,0,0,
10.11316,0,800.025600819226,300.003600043201,1600.10240655402,0,200.0016000128,100.0004000016,1500.09000540032,0,0,0,
10.23937,100.0004000016,300.003600043201,300.003600043201,2000.16001280102,400.006400102402,0,0,1500.09000540032,0,0,0,
10.36568,0,100.0004000016,0,2200.1936170383,200.0016000128,100.0004000016,0,800.025600819226,0,0,0,
10.49192,0,200.0016000128,100.0004000016,1300.06760351538,100.0004000016,100.0004000016,100.0004000016,1500.09000540032,0,0,0,
10.61813,0,500.010000200004,100.0004000016,1100.04840212969,200.0016000128,100.0004000016,100.0004000016,1500.09000540032,0,0,0,
10.74436,0,600.014400345608,300.003600043201,900.032401166442,200.0016000128,0,100.0004000016,700.019600548815,0,0,0,
10.87059,0,500.010000200004,100.0004000016,400.006400102402,100.0004000016,100.0004000016,0,1100.04840212969,0,0,0,
10.99686,0,700.019600548815,0,1400.07840439065,0,0,0,1300.06760351538,0,0,0,
11.1232,0,800.025600819226,300.003600043201,1300.06760351538,200.0016000128,100.0004000016,0,500.010000200004,0,0,0,
11.24954,0,500.010000200004,100.0004000016,1200.05760276493,100.0004000016,0,0,1200.05760276493,0,0,0,
11.37577,0,1200.05760276493,0,1100.04840212969,0,0,0,1300.06760351538,0,0,0,
11.50199,0,200.0016000128,100.0004000016,1200.05760276493,0,0,100.0004000016,1300.06760351538,0,0,0,
11.62822,0,800.025600819226,100.0004000016,1800.12960933187,100.0004000016,100.0004000016,0,800.025600819226,0,0,0,
11.7545,0,800.025600819226,300.003600043201,1600.10240655402,200.0016000128,0,100.0004000016,1300.06760351538,0,0,0,
11.88081,100.0004000016,200.0016000128,300.003600043201,1000.04000160006,0,100.0004000016,0,1100.04840212969,0,0,0,
12.00713,0,700.019600548815,0,1100.04840212969,0,0,0,1100.04840212969,0,0,0,
12.13341,0,600.014400345608,100.0004000016,1900.14441097523,200.0016000128,0,0,600.014400345608,0,0,0,
12.2597,0,100.0004000016,0,1800.12960933187,0,0,100.0004000016,600.014400345608,0,0,0,
12.3859,0,600.014400345608,200.0016000128,1900.14441097523,100.0004000016,0,0,1500.09000540032,0,0,0,
12.51212,0,600.014400345608,100.0004000016,900.032401166442,200.0016000128,0,0,1200.05760276493,0,0,0,
12.63842,0,100.0004000016,200.0016000128,1900.14441097523,100.0004000016,200.0016000128,100.0004000016,1300.06760351538,0,0,0,
12.76466,0,200.0016000128,100.0004000016,1200.05760276493,100.0004000016,100.0004000016,0,1300.06760351538,0,0,0,
12.89094,0,400.006400102402,400.006400102402,1200.05760276493,0,100.0004000016,0,500.010000200004,0,0,0,
13.01718,200.0016000128,600.014400345608,0,1800.12960933187,300.003600043201,0,0,900.032401166442,0,0,0,
13.14338,0,100.0004000016,300.003600043201,1600.10240655402,200.0016000128,0,0,900.032401166442,0,0,0,
13.26961,200.0016000128,400.006400102402,0,1100.04840212969,0,0,0,1800.12960933187,0,0,0,
13.39593,0,300.003600043201,200.0016000128,1000.04000160006,100.0004000016,0,100.0004000016,1100.04840212969,0,0,0,
13.52211,0,200.0016000128,300.003600043201,2300.21161946899,0,0,100.0004000016,1500.09000540032,0,0,0,
13.64839,0,200.0016000128,300.003600043201,1300.06760351538,100.0004000016,100.0004000016,100.0004000016,1200.05760276493,0,0,0,
13.77459,0,500.010000200004,200.0016000128,2100.17641481884,100.0004000016,0,100.0004000016,600.014400345608,0,0,100.0004000016,
13.90091,0,300.003600043201,100.0004000016,1700.11560786133,100.0004000016,100.0004000016,0,1100.04840212969,0,0,0,
14.02706,0,600.014400345608,100.0004000016,2300.21161946899,200.0016000128,200.0016000128,0,700.019600548815,0,0,0,
14.15321,0,1200.05760276493,200.0016000128,1200.05760276493,100.0004000016,100.0004000016,0,1300.06760351538,0,0,0,
14.27942,100.0004000016,500.010000200004,300.003600043201,2100.17641481884,100.0004000016,0,100.0004000016,1000.04000160006,0,0,0,
14.40581,100.0004000016,500.010000200004,0,1000.04000160006,0,0,0,900.032401166442,0,0,100.0004000016,
14.53207,0,500.010000200004,400.006400102402,2000.16001280102,0,0,0,1000.04000160006,0,0,0,
14.65831,0,300.003600043201,200.0016000128,1000.04000160006,100.0004000016,0,100.0004000016,1000.04000160006,0,0,0,
14.78451,0,500.010000200004,100.0004000016,1400.07840439065,0,100.0004000016,0,900.032401166442,0,0,0,
14.91074,0,400.006400102402,400.006400102402,1500.09000540032,500.010000200004,200.0016000128,0,1300.06760351538,0,0,0,
15.03703,0,600.014400345608,0,2300.21161946899,300.003600043201,100.0004000016,200.0016000128,1300.06760351538,0,0,0,
15.16332,0,500.010000200004,0,1400.07840439065,0,0,0,1300.06760351538,0,0,0,
15.28961,0,500.010000200004,200.0016000128,1400.07840439065,100.0004000016,100.0004000016,0,1500.09000540032,0,0,0,
15.4159,100.0004000016,700.019600548815,300.003600043201,1600.10240655402,0,0,100.0004000016,1400.07840439065,0,0,0,
15.54218,100.0004000016,300.003600043201,0,1300.06760351538,200.0016000128,100.0004000016,0,1000.04000160006,0,0,0,
15.66839,0,600.014400345608,100.0004000016,1200.05760276493,100.0004000016,0,100.0004000016,600.014400345608,0,0,0,
15.79461,0,600.014400345608,300.003600043201,1400.07840439065,100.0004000016,200.0016000128,0,1300.06760351538,0,0,0,
15.92091,0,600.014400345608,0,1100.04840212969,200.0016000128,100.0004000016,0,1200.05760276493,0,0,0,
16.04715,0,300.003600043201,0,800.025600819226,200.0016000128,200.0016000128,0,1400.07840439065,0,0,0,
16.17337,0,500.010000200004,200.0016000128,1400.07840439065,200.0016000128,200.0016000128,0,500.010000200004,0,0,0,
16.29967,0,500.010000200004,300.003600043201,1000.04000160006,200.0016000128,100.0004000016,0,300.003600043201,0,0,0,
16.42591,0,100.0004000016,100.0004000016,1700.11560786133,200.0016000128,100.0004000016,100.0004000016,1200.05760276493,0,0,0,
16.5522,0,300.003600043201,0,1600.10240655402,400.006400102402,0,0,1700.11560786133,0,0,0,
16.67845,0,500.010000200004,0,1300.06760351538,100.0004000016,0,100.0004000016,600.014400345608,0,0,0,
16.80458,0,300.003600043201,100.0004000016,1200.05760276493,200.0016000128,0,0,1400.07840439065,0,0,0,
16.93081,0,500.010000200004,300.003600043201,1200.05760276493,0,0,0,1500.09000540032,0,0,0,
17.05704,0,400.006400102402,300.003600043201,1600.10240655402,200.0016000128,0,0,1000.04000160006,0,0,0,
17.18334,0,300.003600043201,500.010000200004,1700.11560786133,0,0,0,800.025600819226,0,0,0,
17.30965,0,300.003600043201,200.0016000128,900.032401166442,400.006400102402,200.0016000128,0,1000.04000160006,0,0,0,
17.43588,0,900.032401166442,0,1300.06760351538,0,0,100.0004000016,1000.04000160006,0,0,0,
17.56211,0,800.025600819226,100.0004000016,1400.07840439065,100.0004000016,0,100.0004000016,1300.06760351538,0,0,0,
17.68831,0,600.014400345608,300.003600043201,2000.16001280102,100.0004000016,0,100.0004000016,500.010000200004,0,0,0,
17.81457,0,500.010000200004,100.0004000016,1700.11560786133,0,200.0016000128,100.0004000016,1400.07840439065,0,0,0,
17.94072,0,100.0004000016,0,1300.06760351538,0,0,100.0004000016,1000.04000160006,0,0,0,
18.06694,0,500.010000200004,300.003600043201,1300.06760351538,0,0,0,900.032401166442,0,0,0,
18.19317,0,300.003600043201,200.0016000128,1100.04840212969,300.003600043201,0,100.0004000016,1200.05760276493,0,0,0,
18.31945,0,500.010000200004,300.003600043201,2000.16001280102,400.006400102402,100.0004000016,0,1900.14441097523,0,0,0,
18.44569,0,300.003600043201,200.0016000128,1500.09000540032,0,100.0004000016,0,1100.04840212969,0,0,0,
18.57196,100.0004000016,400.006400102402,300.003600043201,1200.05760276493,0,0,100.0004000016,1300.06760351538,0,0,0,
18.69818,100.0004000016,400.006400102402,100.0004000016,1100.04840212969,400.006400102402,0,0,1100.04840212969,0,0,0,
18.82444,0,200.0016000128,100.0004000016,1200.05760276493,0,0,0,1200.05760276493,0,0,0,
18.95068,0,400.006400102402,0,1200.05760276493,100.0004000016,0,0,1100.04840212969,0,0,0,
19.07698,0,600.014400345608,200.0016000128,2000.16001280102,0,0,0,900.032401166442,0,0,200.0016000128,
19.20327,0,200.0016000128,100.0004000016,2500.2500250025,100.0004000016,0,100.0004000016,1100.04840212969,0,0,0,
19.32954,0,300.003600043201,100.0004000016,2100.17641481884,200.0016000128,0,100.0004000016,1300.06760351538,0,0,0,
19.45568,0,500.010000200004,200.0016000128,900.032401166442,100.0004000016,100.0004000016,0,1000.04000160006,0,0,0,
19.58189,0,500.010000200004,0,2500.2500250025,100.0004000016,200.0016000128,100.0004000016,900.032401166442,0,0,0,
19.70814,0,200.0016000128,0,1500.09000540032,0,100.0004000016,0,1100.04840212969,0,0,0,
19.83443,0,900.032401166442,0,1900.14441097523,0,0,0,700.019600548815,0,0,0,
19.9607,0,400.006400102402,0,1200.05760276493,0,0,100.0004000016,1300.06760351538,0,0,0,
20.08693,0,600.014400345608,0,1700.11560786133,200.0016000128,100.0004000016,0,1200.05760276493,0,0,0,
20.21314,0,900.032401166442,0,1100.04840212969,100.0004000016,0,0,1600.10240655402,0,0,0,
20.33936,100.0004000016,400.006400102402,100.0004000016,800.025600819226,100.0004000016,200.0016000128,0,1400.07840439065,0,0,0,
20.46552,0,400.006400102402,300.003600043201,1600.10240655402,0,0,100.0004000016,400.006400102402,0,0,0,
20.59185,100.0004000016,200.0016000128,100.0004000016,1600.10240655402,200.0016000128,0,100.0004000016,1500.09000540032,0,0,0,
20.71811,0,500.010000200004,0,2200.1936170383,300.003600043201,0,400.006400102402,46988.1497689666,644639.138752544,1900.14441097523,100.0004000016,
20.84439,40967.0220480706,7402.19104855037,534980.26032742,11205.0198488923,500.010000200004,400.006400102402,10404.3282005314,313072.075428905,2573558.71200453,4400.77453631839,100.0004000016,
20.97067,67481.6606304171,11905.6670975384,782633.888305976,11905.6670975384,300.003600043201,100.0004000016,11305.1099096792,394942.140163828,3136951.92354965,4600.84655576626,100.0004000016,
21.09691,79049.1629616551,13407.186251831,1071101.94100726,16210.5044068556,700.019600548815,600.014400345608,13006.7635170289,457522.596097056,3543388.08202502,6601.74286011507,0,
21.22322,101006.449954617,14908.8856958747,1150627.61506276,19715.5358422437,300.003600043201,500.010000200004,14608.5313823273,509787.595304566,4103476.93455815,5601.25468104855,0,
21.34951,109578.199261578,19615.3784567101,1254547.28759021,18713.9980705568,500.010000200004,200.0016000128,14908.8856958747,479316.909705378,3900258.85532046,5801.34591225164,100.0004000016,
21.47566,101308.882650377,16611.0297237366,1182835.78963244,15109.1259120509,700.019600548815,700.019600548815,12506.2531265633,471632.752036712,3880432.70124849,4500.81014582625,0,
21.6019,89821.5611890568,19415.0660912868,1063603.53297359,15809.9919148902,400.006400102402,300.003600043201,11205.0198488923,437111.320939016,3703649.49410677,5101.04061228491,0,
21.72818,102921.980118486,15809.9919148902,1200726.91296747,18213.259252736,200.0016000128,400.006400102402,10004.0016006403,504270.435041643,4146433.60171408,4400.77453631839,0,
21.85441,111091.46865734,15109.1259120509,1208527.6258848,20717.1538033492,200.0016000128,0,15609.7404780583,500940.474684706,3844084.75211655,5601.25468104855,0,
21.9807,102821.155452734,18914.2992102029,1158945.94096868,17211.841747122,500.010000200004,600.014400345608,11405.2007715518,466132.081622009,3833345.58532757,5201.0818250196,0,
22.10695,89519.4052378888,16310.634533716,1123520.36380659,16010.246557797,0,0,13106.8679988314,461256.115793719,3705301.67361277,4200.70571856072,0,
22.23319,94757.8054734678,12806.5569571621,1050241.53783954,14208.0701838644,600.014400345608,100.0004000016,11405.2007715518,478174.376701942,3862258.72668252,3900.60849492521,0,
22.35948,92037.5938944047,15109.1259120509,1090695.43183232,16811.2971917128,500.010000200004,200.0016000128,10704.5815609081,457522.596097056,3822606.41853858,4200.70571856072,0,
22.48568,84283.191523519,12105.8592358702,991308.506435448,12506.2531265633,200.0016000128,100.0004000016,11305.1099096792,431936.001041692,3820128.14927959,4500.81014582625,0,
22.61194,94354.7739500522,12205.9565067753,1135427.51286908,16310.634533716,200.0016000128,800.025600819226,13006.7635170289,473709.094317936,3764780.13582867,4800.92177698118,0,
22.73822,92138.3319549385,15109.1259120509,1106934.00167084,14508.4148806308,300.003600043201,200.0016000128,11305.1099096792,460944.947326397,3768910.58459367,4000.64010241639,0,
22.86449,88612.9810490653,12105.8592358702,1073062.98000509,15609.7404780583,100.0004000016,400.006400102402,12205.9565067753,466028.31822349,3662345.00645683,3600.51847466035,100.0004000016,
22.99067,87505.2182010854,12306.0545788528,1078828.9979888,11705.4781637807,200.0016000128,100.0004000016,10604.4963064339,437007.793899188,3758997.50755768,3700.5476810568,0,
23.1169,80860.6948802941,11805.5722300926,1068334.86136504,14508.4148806308,100.0004000016,100.0004000016,11505.2924345199,453168.206753031,3861432.63692952,4800.92177698118,0,
23.24314,84383.8673296971,33444.6820952793,1078502.55152069,15109.1259120509,300.003600043201,100.0004000016,11305.1099096792,405884.40932335,3241865.32218049,4300.73972723308,0,
23.36945,74521.477832117,12306.0545788528,927477.733482123,13307.0793662228,300.003600043201,500.010000200004,9403.53572943427,427590.359485101,3655736.28843284,4000.64010241639,0,
23.49577,76634.1940971609,11605.3848985929,1031362.58564318,13206.9732818928,600.014400345608,200.0016000128,12306.0545788528,470075.717441093,3897780.58606147,4200.70571856072,100.0004000016,
23.62203,79954.8962091147,11805.5722300926,1079808.38643182,12706.4548790786,300.003600043201,100.0004000016,10404.3282005314,424280.391167808,3536779.36400103,4600.84655576626,0,
23.74823,65169.4405454181,11505.2924345199,989038.862969154,11405.2007715518,200.0016000128,200.0016000128,12506.2531265633,460011.487557183,3535127.18449503,4700.88376614804,0,
23.87446,73515.5475855207,11805.5722300926,1048287.27301522,12406.1534521122,700.019600548815,300.003600043201,8903.16952835209,460944.947326397,3792041.09767763,4200.70571856072,0,
24.00075,72710.8614983452,11004.8421305374,1057844.24496875,15809.9919148902,400.006400102402,400.006400102402,10704.5815609081,447261.060397547,3453344.29894816,4700.88376614804,0,
24.12704,66476.2951346972,9603.68781612139,1012294.45084925,11205.0198488923,200.0016000128,200.0016000128,9603.68781612139,451198.853270784,3823432.50829158,3200.40965243551,100.0004000016,
24.25319,67481.6606304171,9603.68781612139,1028001.96563471,13907.7326993809,0,100.0004000016,10604.4963064339,433177.885750096,3393039.74697925,4200.70571856072,0,
24.3795,68487.1067757112,11004.8421305374,1034073.39525972,13907.7326993809,0,800.025600819226,10904.7544729502,469349.166439141,3896128.40655547,4200.70571856072,0,
24.50575,65571.5351359155,9403.53572943427,1031471.00718885,13707.5117164206,300.003600043201,600.014400345608,10104.0820491479,444463.895323511,3810215.0722436,3300.43565750679,0,
24.63211,58335.8057557995,10904.7544729502,1030386.83237264,13006.7635170289,200.0016000128,600.014400345608,9503.61137232148,448089.96815935,3554127.248814,2900.33643902693,0,
24.75825,56025.2725093309,8903.16952835209,1009371.69680979,11805.5722300926,400.006400102402,600.014400345608,11205.0198488923,417766.408693283,3411213.72154523,3800.57768780855,0,
24.88457,53313.4510237786,8302.75651516303,954502.794780861,10004.0016006403,300.003600043201,700.019600548815,10004.0016006403,432349.9491353,3478953.08129112,3500.49006860961,0,
25.01081,58235.3389276679,8402.82334864514,980828.227234559,14908.8856958747,300.003600043201,100.0004000016,9503.61137232148,443738.804754926,3692910.32731779,4500.81014582625,0,
25.13711,57933.9432768561,9403.53572943427,998119.815974909,11905.6670975384,500.010000200004,500.010000200004,8803.09869073914,435558.503819403,3552475.06930801,3800.57768780855,0,
25.26342,53413.8783887248,8602.95941803981,977264.697936366,12506.2531265633,300.003600043201,500.010000200004,9503.61137232148,431522.066423067,3382300.58019027,3800.57768780855,0,
25.38965,52610.4820122257,7202.07419736884,947175.701819208,12105.8592358702,600.014400345608,300.003600043201,9403.53572943427,436179.607916553,3582214.30041596,4800.92177698118,0,
25.51594,55221.7086458555,8803.09869073914,977588.614750283,9903.92195309342,500.010000200004,500.010000200004,7602.31110257518,418386.644162922,3299691.6048904,3500.49006860961,0,
25.6422,46385.9066992069,9203.38684635946,940606.387614917,11405.2007715518,400.006400102402,200.0016000128,9203.38684635946,401031.485086546,3184039.03947058,3100.38444767151,0,
25.7684,45783.6925900546,6801.85010322808,920810.885911106,10504.4118529783,100.0004000016,600.014400345608,10204.1632986258,442910.180420765,3602866.54424093,4000.64010241639,0,
25.89472,52409.640968907,7402.19104855037,1050132.95987863,13206.9732818928,300.003600043201,500.010000200004,10904.7544729502,488980.60390532,3758171.41780468,3700.5476810568,0,
26.0209,52108.3854417188,7202.07419736884,993146.127229172,10904.7544729502,300.003600043201,0,10604.4963064339,422005.2877771,3406257.18302723,3400.46246289495,0,
26.14723,49899.3996040112,8602.95941803981,1012294.45084925,9403.53572943427,600.014400345608,800.025600819226,9303.46088745013,453790.171171648,3815171.6107616,3100.38444767151,0,
26.27346,45884.059597182,5801.34591225164,1012510.97727963,10804.6676164103,200.0016000128,200.0016000128,9303.46088745013,437318.377546784,3778823.66162965,3800.57768780855,0,
26.39978,42070.6787402837,7902.49718911176,992821.822325547,10704.5815609081,0,500.010000200004,11004.8421305374,439596.222728753,3536779.36400103,4200.70571856072,0,
26.52602,41870.0066511207,6201.53798141939,942329.164573986,10404.3282005314,300.003600043201,500.010000200004,8202.69048247825,452442.620013357,3568996.86436798,3800.57768780855,0,
26.6523,43074.0874303803,5101.04061228491,952670.633618882,11004.8421305374,0,400.006400102402,9403.53572943427,426866.230273837,3597083.91596994,3000.36004320518,200.0016000128,
26.77856,41167.6796653699,7402.19104855037,992929.923060927,10504.4118529783,500.010000200004,400.006400102402,10204.1632986258,448608.06293339,3750736.6100277,3400.46246289495,0,
26.90476,43876.872280235,5101.04061228491,958706.965655592,13106.8679988314,500.010000200004,200.0016000128,8402.82334864514,424280.391167808,3494648.7865981,2800.31363512713,0,
27.03103,42472.032567234,5901.39272868397,944806.05738576,9403.53572943427,500.010000200004,200.0016000128,9703.76506084361,442081.610056339,3511170.58165807,4500.81014582625,0,
27.15732,38860.311202987,7302.132222609,979424.295957602,9703.76506084361,400.006400102402,200.0016000128,7402.19104855037,435972.569847181,3465735.64524314,3900.60849492521,0,
27.28351,37857.2401471024,6501.69043951427,1000391.04588133,12005.7627661277,500.010000200004,300.003600043201,10504.4118529783,446328.603709057,3560735.96683799,3400.46246289495,0,
27.40983,37656.6355799122,5301.12383825371,966903.623317864,9503.61137232148,600.014400345608,600.014400345608,10204.1632986258,424900.94458592,3400474.55475624,4000.64010241639,0,
27.5361,35650.7666917691,4600.84655576626,967119.394737607,10804.6676164103,500.010000200004,300.003600043201,11104.9305891816,450887.930578122,3502909.68412808,2400.23042212052,0,
27.66236,38559.381447429,5001.00020004001,996389.621409379,10204.1632986258,500.010000200004,200.0016000128,9403.53572943427,438146.63768753,3531822.82548304,4500.81014582625,100.0004000016,
27.78867,33444.6820952793,6101.48876325823,1027351.62327387,10604.4963064339,200.0016000128,200.0016000128,11104.9305891816,451820.721447129,3457474.74771315,4100.67251029169,100.0004000016,
27.91491,39060.9350586916,5601.25468104855,969924.749546046,10404.3282005314,200.0016000128,100.0004000016,8602.95941803981,415182.420013338,3378996.22117828,2700.2916314962,0,
28.04119,33946.0308177889,5601.25468104855,991632.77357753,9503.61137232148,300.003600043201,300.003600043201,8602.95941803981,428624.901336935,3525214.10745905,3000.36004320518,0,
28.16745,36553.3679171591,6201.53798141939,985365.042408116,10304.2453490838,500.010000200004,500.010000200004,10704.5815609081,439285.583455103,3307952.50242039,3900.60849492521,200.0016000128,
28.29368,36152.2037822616,4800.92177698118,998876.848520144,10404.3282005314,300.003600043201,100.0004000016,10804.6676164103,433591.874272599,3465735.64524314,2600.27042812453,0,
28.41997,31339.2367243789,4400.77453631839,973054.514324659,8703.02865397158,500.010000200004,100.0004000016,8903.16952835209,408259.920401003,3303822.05365539,2800.31363512713,0,
28.54628,35149.3496869605,5701.29989637637,981260.236616533,11205.0198488923,700.019600548815,1000.04000160006,9803.84310649775,440838.855691421,3465735.64524314,4000.64010241639,0,
28.6725,31940.756405173,5501.21026625858,962157.559141795,10804.6676164103,400.006400102402,600.014400345608,7402.19104855037,415182.420013338,3374865.77241328,3800.57768780855,0,
28.79872,29334.3798932349,6301.58800017604,1008505.82174394,9903.92195309342,500.010000200004,400.006400102402,8602.95941803981,448089.96815935,3345126.54130533,2900.33643902693,0,
28.92498,32341.7855869784,5601.25468104855,992713.722489312,11004.8421305374,500.010000200004,400.006400102402,7802.43435952017,417973.150486602,3473170.45302013,3000.36004320518,0,
29.05126,30737.7459520291,4700.88376614804,999093.151630871,7702.37233067785,100.0004000016,200.0016000128,8803.09869073914,432660.419048859,3451692.11944216,3300.43565750679,0,
29.17756,33946.0308177889,5001.00020004001,1022583.43881154,9503.61137232148,500.010000200004,400.006400102402,9703.76506084361,433281.381617231,3307952.50242039,4100.67251029169,0,
29.30371,31639.9929510902,5501.21026625858,1020200.00166529,9203.38684635946,200.0016000128,600.014400345608,10204.1632986258,426866.230273837,3420300.70882821,3900.60849492521,0,
29.42997,33645.2191745706,4500.81014582625,982448.336499728,10004.0016006403,100.0004000016,200.0016000128,11104.9305891816,414045.631427212,3138604.10305565,1900.14441097523,0,
29.55627,26928.9755777216,5301.12383825371,961294.824771644,8903.16952835209,500.010000200004,700.019600548815,12105.8592358702,411049.130738831,3381474.49043727,3700.5476810568,0,
29.68252,28332.0719053969,4500.81014582625,977156.727460141,9203.38684635946,500.010000200004,200.0016000128,10104.0820491479,393394.467084066,3317039.48970337,2700.2916314962,0,
29.80875,28933.4470648069,4100.67251029169,950838.731107789,10504.4118529783,300.003600043201,300.003600043201,10504.4118529783,395664.452164726,3167517.24441061,3800.57768780855,0,
29.93508,27430.063349431,3700.5476810568,977480.641581426,8002.56081946223,300.003600043201,700.019600548815,8202.69048247825,398554.111111563,3100603.97441771,4100.67251029169,0,
30.06131,30737.7459520291,5901.39272868397,982232.310256954,8903.16952835209,300.003600043201,300.003600043201,8903.16952835209,396386.805256443,3183212.94971758,3300.43565750679,100.0004000016,
30.1876,28131.6199408135,3200.40965243551,926509.752515908,9603.68781612139,600.014400345608,100.0004000016,8102.62525058119,398863.756430992,3038647.24294281,2500.2500250025,0,
30.31391,26628.3325458288,4400.77453631839,1020091.67398699,8903.16952835209,500.010000200004,100.0004000016,10404.3282005314,405781.136309129,3096473.52565272,3500.49006860961,0,
30.44022,30737.7459520291,4000.64010241639,1011536.63672912,7702.37233067785,500.010000200004,400.006400102402,9803.84310649775,405368.052648052,3177430.32144659,3000.36004320518,0,
30.56649,25225.4272306485,3700.5476810568,958599.149388623,8002.56081946223,300.003600043201,400.006400102402,10804.6676164103,388752.579497262,3178256.41119959,3500.49006860961,0,
30.69278,25025.025025025,3300.43565750679,992605.623552212,8803.09869073914,600.014400345608,400.006400102402,9903.92195309342,388443.180664162,3231952.24514451,3200.40965243551,0,
30.81906,28031.3951625821,4100.67251029169,1076979.24272452,9603.68781612139,300.003600043201,200.0016000128,11405.2007715518,412908.944530735,3189821.66774157,2400.23042212052,0,
30.94528,27129.408278574,4300.73972723308,1023450.25149062,8002.56081946223,400.006400102402,100.0004000016,11205.0198488923,385762.03995922,3033690.70442482,3000.36004320518,0,
31.07156,26728.5460872212,3500.49006860961,1026484.55067877,7402.19104855037,600.014400345608,300.003600043201,11505.2924345199,390815.431115733,3163386.79564561,3000.36004320518,0,
31.19774,25626.2412710616,3000.36004320518,953748.344150856,7902.49718911176,400.006400102402,500.010000200004,10304.2453490838,397212.40196676,3079951.73059274,3100.38444767151,100.0004000016,
31.32396,25225.4272306485,4900.9605882753,1018466.86704355,9703.76506084361,400.006400102402,400.006400102402,12005.7627661277,394116.691045019,3307952.50242039,2600.27042812453,0,
31.45022,28632.7558727184,4300.73972723308,1027676.79039183,10104.0820491479,100.0004000016,200.0016000128,11405.2007715518,405471.322303971,3106386.6026887,2800.31363512713,0,
31.57646,28432.2990917683,3400.46246289495,1047744.47371053,8502.8909829342,200.0016000128,400.006400102402,11605.3848985929,411772.359310264,3112995.32071269,3000.36004320518,100.0004000016,
31.70271,26327.6967369673,3900.60849492521,1010345.87517531,8202.69048247825,300.003600043201,100.0004000016,12306.0545788528,384730.982774937,3122082.30799568,3600.51847466035,0,
31.82903,22119.5536854579,4700.88376614804,1087428.36392171,9503.61137232148,200.0016000128,800.025600819226,11205.0198488923,374218.981539748,2901516.34394502,3000.36004320518,0,
31.95526,21919.201220269,4200.70571856072,955904.033755134,7001.96054895371,300.003600043201,300.003600043201,11104.9305891816,372879.842160389,2907298.97221601,2700.2916314962,100.0004000016,
32.08152,28532.5270808722,3000.36004320518,1027351.62327387,8803.09869073914,300.003600043201,200.0016000128,13106.8679988314,375043.137573334,2953559.99838394,2700.2916314962,0,
32.20772,24123.2548176442,2600.27042812453,957628.843286527,6701.7960813498,300.003600043201,200.0016000128,12606.3536022155,367627.660049436,2999821.02455187,2700.2916314962,0,
32.33394,24123.2548176442,4000.64010241639,1031145.74526129,9803.84310649775,400.006400102402,100.0004000016,11405.2007715518,398347.685092999,2902342.43369802,2900.33643902693,0,
32.4602,26628.3325458288,4600.84655576626,990443.833611258,6901.90492575951,100.0004000016,200.0016000128,11205.0198488923,362068.895552913,3055169.03800278,3900.60849492521,0,
32.58656,26127.2768770597,4800.92177698118,1054150.94732893,7802.43435952017,200.0016000128,200.0016000128,12306.0545788528,368039.517317239,3093169.16664072,3700.5476810568,0,
32.71285,23622.2994506814,3800.57768780855,1037977.95312331,9803.84310649775,400.006400102402,400.006400102402,12406.1534521122,389268.260977304,3114647.50021869,4000.64010241639,0,
32.83916,26227.4864057532,3600.51847466035,1068169.30546055,6801.85010322808,400.006400102402,300.003600043201,11705.4781637807,378340.297149911,3086560.44861673,2700.2916314962,0,
32.96548,26427.9078707115,4200.70571856072,995524.610483059,7802.43435952017,400.006400102402,200.0016000128,12306.0545788528,383390.733640912,2960168.71640793,2900.33643902693,100.0004000016,
33.0918,21718.8519635043,3400.46246289495,1041449.65458621,8102.62525058119,200.0016000128,400.006400102402,14007.84439286,396902.796910111,2930429.48529998,2300.21161946899,0,
33.21808,18914.2992102029,4300.73972723308,1045139.35191359,8102.62525058119,1100.04840212969,300.003600043201,13106.8679988314,378340.297149911,3070864.74330976,2900.33643902693,0,
33.34437,24023.0621396541,3600.51847466035,997903.529059417,7202.07419736884,700.019600548815,300.003600043201,13307.0793662228,373703.911204216,3091516.98713472,3300.43565750679,0,
33.47057,18814.1482394761,4600.84655576626,1029411.15224915,8703.02865397158,100.0004000016,300.003600043201,11405.2007715518,369275.169365281,3032038.52491882,2700.2916314962,0,
33.59682,25025.025025025,4100.67251029169,1030820.49146189,8402.82334864514,300.003600043201,100.0004000016,14107.9568876847,368657.32829478,3007255.83232886,3700.5476810568,0,
33.72309,25025.025025025,3900.60849492521,1018900.12905374,5601.25468104855,600.014400345608,400.006400102402,12906.6598364756,369172.193763649,3108864.8719477,2300.21161946899,0,
33.84937,22319.9093591484,3200.40965243551,1046224.75599897,7502.25067520256,500.010000200004,100.0004000016,11004.8421305374,384627.881662957,3028734.16590682,2500.2500250025,0,
33.97566,22420.0883992057,4700.88376614804,1004826.49579762,8302.75651516303,300.003600043201,500.010000200004,14107.9568876847,352501.176356055,3082429.99985174,3400.46246289495,0,
34.10187,23421.922919853,3800.57768780855,968953.596596197,8703.02865397158,300.003600043201,200.0016000128,13106.8679988314,362377.651890207,3109690.9617007,2600.27042812453,0,
34.22806,22720.6303323418,4100.67251029169,1012835.77368417,7702.37233067785,300.003600043201,300.003600043201,13307.0793662228,344584.977352079,2890777.17715604,3700.5476810568,0,
34.35434,21418.3340939844,4400.77453631839,978776.378849535,9003.24116682005,200.0016000128,400.006400102402,15809.9919148902,353323.922179493,3025429.80689483,2600.27042812453,0,
34.48062,23021.1794851263,3500.49006860961,1024317.12191872,5701.29989637637,300.003600043201,200.0016000128,13206.9732818928,354043.868580863,2806516.02235017,2700.2916314962,0,
34.60691,23021.1794851263,5001.00020004001,977696.588816706,6101.48876325823,400.006400102402,400.006400102402,11805.5722300926,370407.956159935,2956038.26764294,2600.27042812453,0,
34.7332,24824.6260290208,3600.51847466035,1035917.06831408,8102.62525058119,300.003600043201,300.003600043201,17512.2585810067,369687.080131679,2949429.54961895,3400.46246289495,100.0004000016,
34.85946,21318.1630749398,3000.36004320518,1002554.49095319,7902.49718911176,300.003600043201,400.006400102402,16711.163056922,356203.953133621,2960168.71640793,2100.17641481884,100.0004000016,
34.98564,23922.8702639724,2700.2916314962,990876.1628318,8302.75651516303,700.019600548815,400.006400102402,16711.163056922,355895.34709178,3027908.07615382,4000.64010241639,0,
35.11191,25626.2412710616,3600.51847466035,1040907.14020841,6801.85010322808,100.0004000016,200.0016000128,17512.2585810067,343762.798600213,2870951.02308407,2900.33643902693,0,
35.23822,20316.4969955604,4200.70571856072,954502.794780861,6801.85010322808,300.003600043201,200.0016000128,13807.6218072376,364950.913746992,2866820.57431908,3500.49006860961,0,
35.36461,23221.549598027,4200.70571856072,999417.613045468,6701.7960813498,200.0016000128,200.0016000128,16410.7654621432,377825.059485622,3112169.23095969,2900.33643902693,0,
35.49088,23822.6791905894,3200.40965243551,1011320.12651906,7302.132222609,400.006400102402,100.0004000016,16711.163056922,362480.572339882,2846994.42024711,3500.49006860961,0,
35.61709,22019.3770518056,3800.57768780855,982880.399762205,6401.6388195378,400.006400102402,400.006400102402,16210.5044068556,365362.684101802,2957690.44714893,2100.17641481884,0,
35.74332,23822.6791905894,4200.70571856072,1006990.67909454,7001.96054895371,200.0016000128,200.0016000128,16711.163056922,369481.123076486,2912255.510734,3900.60849492521,100.0004000016,
35.86961,23722.4889194957,3200.40965243551,978776.378849535,6901.90492575951,0,200.0016000128,17011.567866149,346023.918535851,2779255.06050121,2500.2500250025,0,
35.99587,21117.8234429859,3400.46246289495,946744.825181212,5501.21026625858,200.0016000128,500.010000200004,15509.6159618964,367730.623112641,2994864.48603388,2600.27042812453,0,
36.12211,24624.2302425587,3600.51847466035,1022041.71021022,5701.29989637637,300.003600043201,200.0016000128,17612.3991289868,379576.952907687,3037821.15318981,3400.46246289495,0,
36.24838,25325.6295370915,2300.21161946899,963236.057742237,6301.58800017604,600.014400345608,0,19014.4509827469,356924.06311237,2778428.97074821,1900.14441097523,0,
36.37462,20216.3347985172,2400.23042212052,930704.858791754,5501.21026625858,300.003600043201,600.014400345608,17211.841747122,346743.450401492,2918864.22875799,2800.31363512713,0,
36.50091,22219.7311212357,2300.21161946899,956443.012110238,7502.25067520256,0,100.0004000016,18713.9980705568,362686.415745156,2900690.25419202,3700.5476810568,0,
36.62714,21919.201220269,4100.67251029169,968629.895086735,6901.90492575951,200.0016000128,100.0004000016,16711.163056922,333798.124082916,2751168.00889926,2900.33643902693,0,
36.7534,23822.6791905894,3300.43565750679,942975.264929664,7702.37233067785,400.006400102402,200.0016000128,19415.0660912868,358364.405782519,2964299.16517292,2300.21161946899,0,
36.87969,23922.8702639724,3400.46246289495,978236.472612704,7102.01697282028,100.0004000016,200.0016000128,18113.1138944596,351472.819164902,2856081.40753009,2600.27042812453,0,
37.00601,20616.9883984403,2600.27042812453,982772.382599441,5601.25468104855,200.0016000128,600.014400345608,19415.0660912868,367730.623112641,2956038.26764294,2900.33643902693,0,
37.13237,22219.7311212357,2400.23042212052,991308.506435448,7302.132222609,200.0016000128,100.0004000016,19415.0660912868,338830.846073698,2775124.61173622,3400.46246289495,0,
37.25861,18613.8487034354,3100.38444767151,956550.810467343,5601.25468104855,400.006400102402,100.0004000016,19114.6035571176,344071.109380956,2841211.79197612,2100.17641481884,0,
37.38484,22820.8125810739,3400.46246289495,953425.02159325,5901.39272868397,200.0016000128,200.0016000128,21919.201220269,338419.936674221,2800733.39407918,2800.31363512713,0,
37.51099,21217.9928579435,2100.17641481884,989471.145449555,5301.12383825371,200.0016000128,300.003600043201,19314.911111378,357849.978902269,2807342.11210317,2800.31363512713,0,
37.63723,20917.487019148,3500.49006860961,943836.782134036,7001.96054895371,800.025600819226,300.003600043201,20016.0128102482,368245.450966226,2897385.89518003,3300.43565750679,0,
37.76352,21017.6548300572,2900.33643902693,940391.056583256,7102.01697282028,200.0016000128,200.0016000128,20817.3200102485,334825.04783215,2852777.0485181,4200.70571856072,0,
37.88974,19415.0660912868,2900.33643902693,980720.227133848,7702.37233067785,400.006400102402,0,22319.9093591484,370201.987400143,2977516.6012209,2200.1936170383,0,
38.01601,21017.6548300572,3500.49006860961,985797.202680903,6201.53798141939,300.003600043201,100.0004000016,20917.487019148,347771.423936407,2877559.74110806,2700.2916314962,0,
38.14226,19915.8530190031,3200.40965243551,956550.810467343,6801.85010322808,800.025600819226,0,23822.6791905894,356512.566687628,3001473.20405787,2600.27042812453,0,
38.26844,21117.8234429859,2700.2916314962,965501.196490295,6501.69043951427,600.014400345608,200.0016000128,22520.2682414173,365671.520641569,2837081.34321112,2500.2500250025,0,
38.39468,22019.3770518056,2900.33643902693,918983.478203172,6001.44034568296,700.019600548815,0,22720.6303323418,332257.89454485,2694993.90569534,2900.33643902693,0,
38.52096,19715.5358422437,3200.40965243551,915866.730246926,6601.74286011507,0,400.006400102402,21819.0261908384,336673.72039663,2519862.87805962,2200.1936170383,0,
38.64726,18914.2992102029,3000.36004320518,852502.649271994,7602.31110257518,200.0016000128,400.006400102402,20616.9883984403,346743.450401492,2810646.47111516,2800.31363512713,0,
38.77341,19515.221873061,3200.40965243551,973378.326150828,7001.96054895371,100.0004000016,400.006400102402,23221.549598027,359290.426766427,2888298.90789704,3600.51847466035,0,
38.89972,21618.6785382571,3600.51847466035,968629.895086735,7802.43435952017,400.006400102402,400.006400102402,23522.1107841371,354763.855871352,2801559.48383218,4000.64010241639,0,
39.02596,17912.8255831175,3200.40965243551,926402.203536776,6001.44034568296,600.014400345608,400.006400102402,22319.9093591484,333079.326991281,2609080.57138348,2600.27042812453,0,
39.15221,20416.6599945556,2500.2500250025,960539.979231568,5401.16665199683,200.0016000128,300.003600043201,24223.4482979524,358055.747149755,2845342.24074111,2100.17641481884,0,
39.27847,22520.2682414173,3100.38444767151,996173.363280925,5001.00020004001,500.010000200004,300.003600043201,24323.6425805883,356718.313230527,2839559.61247012,2900.33643902693,0,
39.40478,19214.7569333248,2600.27042812453,964314.645950605,6501.69043951427,300.003600043201,200.0016000128,24824.6260290208,373497.888924976,2896559.80542703,3100.38444767151,0,
39.53114,18012.9693379233,2700.2916314962,950946.482920125,5201.0818250196,300.003600043201,400.006400102402,23221.549598027,351884.152030179,2822211.72765714,3900.60849492521,0,
39.65739,19415.0660912868,3000.36004320518,916296.581951476,7001.96054895371,100.0004000016,300.003600043201,22720.6303323418,339549.96959254,2714820.05976731,2100.17641481884,0,
39.78362,18914.2992102029,3000.36004320518,960755.644906707,6801.85010322808,300.003600043201,800.025600819226,22620.4488857928,370716.915570313,2842037.88172911,3500.49006860961,0,
39.90984,21618.6785382571,3300.43565750679,989255.002411803,5901.39272868397,200.0016000128,200.0016000128,27931.1711870447,369172.193763649,2732994.03433328,4100.67251029169,0,
40.03607,18213.259252736,3900.60849492521,1028977.54011586,11505.2924345199,300.003600043201,100.0004000016,27029.191526849,357952.862608583,2837907.43296412,4400.77453631839,0,
40.16227,21718.8519635043,2300.21161946899,962481.09931376,7202.07419736884,400.006400102402,500.010000200004,29334.3798932349,357026.93930542,2766863.71420623,3500.49006860961,0,
40.28845,20316.4969955604,3500.49006860961,928445.786731273,6301.58800017604,600.014400345608,200.0016000128,22920.9956319989,337803.597562706,2589254.41731151,3200.40965243551,100.0004000016,
40.41474,21819.0261908384,3300.43565750679,999417.613045468,6701.7960813498,200.0016000128,200.0016000128,27730.7256440136,365877.415846165,2959342.62665493,4200.70571856072,0,
40.54098,20116.1734034163,3300.43565750679,1039972.2950323,6101.48876325823,600.014400345608,500.010000200004,26227.4864057532,353323.922179493,2849472.6895061,2900.33643902693,300.003600043201,
40.66727,20717.1538033492,3200.40965243551,950733.97657075,5601.25468104855,300.003600043201,200.0016000128,27830.9480141918,369069.218997983,2780907.24000721,4800.92177698118,0,
40.79358,22219.7311212357,3700.5476810568,970356.396394899,6401.6388195378,300.003600043201,300.003600043201,26528.1198069954,359187.532206168,2623950.18693745,3000.36004320518,0,
40.91981,19014.4509827469,3200.40965243551,955796.240770119,6801.85010322808,300.003600043201,400.006400102402,26227.4864057532,347874.225875921,2804863.84284417,3100.38444767151,100.0004000016,
41.04612,18713.9980705568,3200.40965243551,976185.033561231,7302.132222609,200.0016000128,300.003600043201,31238.986254846,353941.016591619,2857733.58703609,2800.31363512713,0,
41.17236,23722.4889194957,3200.40965243551,1016842.26300738,6101.48876325823,200.0016000128,300.003600043201,32141.2693898966,353529.616979157,2865168.39481308,2800.31363512713,0,
41.29857,21518.505915087,3300.43565750679,988066.27996424,6201.53798141939,300.003600043201,200.0016000128,27229.6258329062,350855.844893324,2711515.70075532,3500.49006860961,100.0004000016,
41.42488,21518.505915087,3400.46246289495,1018358.55379556,5901.39272868397,400.006400102402,200.0016000128,30737.7459520291,358261.518736712,2629732.81520845,3900.60849492521,0,
41.5512,19715.5358422437,2700.2916314962,954179.453425744,5601.25468104855,400.006400102402,300.003600043201,31840.5011174214,341810.337836742,2796602.94531419,3800.57768780855,0,
41.67757,20917.487019148,3500.49006860961,979964.25156919,7001.96054895371,800.025600819226,0,29234.1454819229,354660.998040592,2994038.39628088,2900.33643902693,100.0004000016,
41.8038,19815.6940296715,3100.38444767151,1059908.60268855,6701.7960813498,200.0016000128,300.003600043201,33444.6820952793,353632.465630616,2877559.74110806,2800.31363512713,0,
41.9301,18513.7001381022,3100.38444767151,914469.810679249,5401.16665199683,200.0016000128,300.003600043201,29133.9118734207,336673.72039663,2850298.7792591,3800.57768780855,0,
42.05635,19615.3784567101,3500.49006860961,1004069.11673539,5201.0818250196,100.0004000016,400.006400102402,30837.992406645,364333.283281049,2811472.56086816,3300.43565750679,100.0004000016,
42.18259,23321.7358578195,2400.23042212052,1012402.71361385,4800.92177698118,400.006400102402,400.006400102402,31639.9929510902,345818.345506085,2865168.39481308,4600.84655576626,0,
42.30887,20616.9883984403,2900.33643902693,999417.613045468,5001.00020004001,600.014400345608,300.003600043201,29534.8511243267,371128.873156534,2849472.6895061,2900.33643902693,0,
42.43511,20817.3200102485,3800.57768780855,1001040.04160166,7502.25067520256,200.0016000128,200.0016000128,28933.4470648069,347154.629809876,2698298.26470734,3200.40965243551,0,
42.56145,19214.7569333248,2500.2500250025,1034181.83938784,6301.58800017604,500.010000200004,200.0016000128,31138.7365883159,341296.582371378,3031212.43516582,3400.46246289495,0,
42.6877,21518.505915087,3600.51847466035,1022800.13656766,5201.0818250196,500.010000200004,0,32943.3534531443,350238.9006514,2695819.99544834,4500.81014582625,0,
42.81402,24223.4482979524,3600.51847466035,1010454.1217206,5401.16665199683,700.019600548815,700.019600548815,30637.5003003677,358158.632525794,2691689.54668335,4000.64010241639,0,
42.94032,19014.4509827469,3500.49006860961,988282.403230032,6601.74286011507,200.0016000128,400.006400102402,33444.6820952793,352706.857805794,2718124.41877931,4200.70571856072,100.0004000016,
43.06665,21217.9928579435,4100.67251029169,1000931.87339834,5901.39272868397,600.014400345608,400.006400102402,36854.249455198,356924.06311237,2755298.45766425,3500.49006860961,0,
43.19285,23922.8702639724,2500.2500250025,1070887.78672762,5701.29989637637,200.0016000128,400.006400102402,36252.4936107484,352089.823468328,2882516.27962605,3200.40965243551,0,
43.31909,21217.9928579435,2700.2916314962,992173.236794936,6201.53798141939,200.0016000128,400.006400102402,29033.6790677186,342940.673189602,2631384.99471444,3300.43565750679,0,
43.44531,20917.487019148,3800.57768780855,1035374.7844271,6501.69043951427,400.006400102402,300.003600043201,36954.5449082846,357335.572893211,3046082.0507198,4700.88376614804,100.0004000016,
43.57158,21618.6785382571,3300.43565750679,1080134.86559342,5301.12383825371,900.032401166442,100.0004000016,36152.2037822616,348079.832256547,2601645.76360649,4300.73972723308,0,
43.69777,21518.505915087,3000.36004320518,1028652.34049642,5501.21026625858,400.006400102402,200.0016000128,35249.6314811254,346332.284333128,2723907.0470503,4100.67251029169,0,
43.82405,22319.9093591484,3000.36004320518,1039496.70860762,5301.12383825371,500.010000200004,0,37456.0342272039,333079.326991281,2821385.63790415,4200.70571856072,0,
43.95035,21418.3340939844,4400.77453631839,1045790.58350906,5501.21026625858,200.0016000128,100.0004000016,33745.4889190629,339036.305771219,2537210.76287259,2800.31363512713,0,
44.07661,20917.487019148,3000.36004320518,1024208.75995686,5201.0818250196,200.0016000128,200.0016000128,36453.0756781874,338317.211406702,2738776.66260428,5301.12383825371,0,
44.20282,22219.7311212357,3300.43565750679,1048287.27301522,5701.29989637637,700.019600548815,300.003600043201,36252.4936107484,343043.435949006,2514906.33954162,4000.64010241639,100.0004000016,
44.32906,20717.1538033492,2700.2916314962,1064876.01181226,5301.12383825371,300.003600043201,100.0004000016,31539.7400724913,327946.248019355,2680950.37989437,4100.67251029169,0,
44.45545,21819.0261908384,4300.73972723308,1012619.2418466,5601.25468104855,600.014400345608,100.0004000016,37155.1382251261,335235.840643393,2592558.7763235,4100.67251029169,0,
44.58178,24323.6425805883,2900.33643902693,1067299.511186,4200.70571856072,600.014400345608,300.003600043201,34748.2305439951,326611.988199825,2713993.97001431,4500.81014582625,100.0004000016,
44.70803,19615.3784567101,4000.64010241639,1024425.484783,4500.81014582625,200.0016000128,200.0016000128,29434.6151073663,331641.855167858,2603297.94311249,2900.33643902693,0,
44.83432,20516.8237955123,2800.31363512713,1057192.41047791,5701.29989637637,200.0016000128,0,36352.7842427204,345921.131604133,2636341.53323243,4700.88376614804,100.0004000016,
44.96061,24524.0335528818,3100.38444767151,1020633.32139854,6901.90492575951,100.0004000016,300.003600043201,34347.1242544771,339139.036869461,2730515.76507429,3900.60849492521,0,
45.08684,21718.8519635043,4000.64010241639,1032338.41206901,5701.29989637637,100.0004000016,200.0016000128,36653.6609596449,331128.511907657,2633863.26397344,4500.81014582625,0,
45.21305,22119.5536854579,3100.38444767151,1051435.95514985,4800.92177698118,200.0016000128,500.010000200004,37556.3345017526,315737.88287522,2599167.49434749,4300.73972723308,100.0004000016,
45.33927,21318.1630749398,3700.5476810568,1019983.34721066,5001.00020004001,200.0016000128,400.006400102402,36051.9147572504,326098.848776851,2699950.44421334,5201.0818250196,0,
45.4655,24724.4277346018,3600.51847466035,1092873.93175774,3300.43565750679,600.014400345608,700.019600548815,35751.0525029742,338728.117474398,2554558.64768556,27329.8441898553,100.0004000016,
45.59178,24924.8251258253,3900.60849492521,1013810.21156512,4900.9605882753,100.0004000016,400.006400102402,37155.1382251261,326201.474997974,2565297.81447455,5001.00020004001,100.0004000016,
45.71796,18814.1482394761,3400.46246289495,1046876.04187504,4000.64010241639,700.019600548815,400.006400102402,40866.6944453348,321891.88970189,2625602.36644345,5701.29989637637,0,
45.84418,21819.0261908384,3500.49006860961,1060125.92252846,5501.21026625858,300.003600043201,200.0016000128,38358.7656289435,325688.352209413,2608254.48163048,6001.44034568296,0,
45.97044,23522.1107841371,3100.38444767151,1008938.75207031,5101.04061228491,500.010000200004,300.003600043201,36051.9147572504,320045.373521309,2615689.28940747,4600.84655576626,0,
46.09668,22319.9093591484,3200.40965243551,989363.073481286,3600.51847466035,100.0004000016,200.0016000128,33344.4147604609,313482.163107929,2623124.09718446,5301.12383825371,0,
46.22289,22820.8125810739,4400.77453631839,988714.660545805,5401.16665199683,100.0004000016,400.006400102402,40064.1025641026,326714.618579678,2604124.03286549,4500.81014582625,100.0004000016,
46.34902,19815.6940296715,3100.38444767151,1009479.9352468,4900.9605882753,400.006400102402,300.003600043201,39662.8259162513,317994.00469902,2414123.38967578,4900.9605882753,0,
46.47531,21919.201220269,3000.36004320518,998336.106489185,5301.12383825371,500.010000200004,100.0004000016,36553.3679171591,322712.65001175,2614863.19965447,5301.12383825371,0,
46.6016,20817.3200102485,4000.64010241639,1027134.84970891,4900.9605882753,200.0016000128,100.0004000016,36854.249455198,319942.797185233,2576036.98126353,5201.0818250196,100.0004000016,
46.72793,23321.7358578195,3600.51847466035,1010345.87517531,4400.77453631839,600.014400345608,300.003600043201,40164.423735672,319327.356621713,2570254.35299254,5601.25468104855,0,
46.85419,21919.201220269,3800.57768780855,1025942.65964313,5801.34591225164,300.003600043201,100.0004000016,37255.4360889003,304053.506939384,2524819.41657761,4800.92177698118,0,
46.98043,22119.5536854579,2800.31363512713,1021283.32805969,3400.46246289495,0,0,34447.3996218797,320045.373521309,2671037.30285838,3900.60849492521,0,
47.10672,20416.6599945556,4100.67251029169,1001797.24422552,5001.00020004001,600.014400345608,400.006400102402,39462.1924152464,322097.074791346,2719776.59828531,4900.9605882753,0,
47.23301,21518.505915087,3600.51847466035,1031687.85298969,3600.51847466035,300.003600043201,100.0004000016,36352.7842427204,309279.394197088,2718950.50853231,5401.16665199683,0,
47.35917,21819.0261908384,4300.73972723308,986121.332318835,4600.84655576626,300.003600043201,300.003600043201,41468.6721210324,323943.890244001,2604950.12261848,5001.00020004001,0,
47.48539,22319.9093591484,2800.31363512713,1020633.32139854,4800.92177698118,800.025600819226,300.003600043201,38559.381447429,318609.380443501,2702428.71347233,4000.64010241639,0,
47.61171,21217.9928579435,3500.49006860961,991200.41918608,4500.81014582625,300.003600043201,400.006400102402,39562.5087638469,327843.607657519,2561993.45546255,5701.29989637637,0,
47.73802,24724.4277346018,3700.5476810568,1023341.89674771,4100.67251029169,500.010000200004,200.0016000128,39763.1438724695,310714.329104082,2637993.71273843,4900.9605882753,0,
47.86422,20216.3347985172,3200.40965243551,992497.525514236,3400.46246289495,200.0016000128,300.003600043201,42572.3730341581,313892.264074524,2571080.44274554,5401.16665199683,0,
47.99053,20616.9883984403,2700.2916314962,997903.529059417,3800.57768780855,900.032401166442,100.0004000016,37857.2401471024,296781.844600857,2595037.0455825,4300.73972723308,100.0004000016,
48.11681,21418.3340939844,2500.2500250025,1006557.81361828,5101.04061228491,600.014400345608,0,37255.4360889003,308766.956873861,2653689.41804541,5301.12383825371,0,
48.24306,22420.0883992057,4200.70571856072,997254.689904746,4100.67251029169,300.003600043201,100.0004000016,36954.5449082846,308357.021955506,2543819.48089658,5201.0818250196,0,
48.36937,20016.0128102482,2800.31363512713,1011753.15054354,4600.84655576626,200.0016000128,200.0016000128,39361.8768704403,311124.3403921,2749515.82939326,5401.16665199683,0,
48.49561,19114.6035571176,4200.70571856072,1018575.18119336,3500.49006860961,400.006400102402,400.006400102402,40565.7164606663,310406.829355212,2572732.62225153,4600.84655576626,0,
48.62188,22119.5536854579,3200.40965243551,1006449.59950068,4700.88376614804,100.0004000016,300.003600043201,38358.7656289435,318711.945975945,2656167.6873044,5701.29989637637,0,
48.74811,19415.0660912868,4000.64010241639,996822.148460572,4300.73972723308,600.014400345608,300.003600043201,41870.0066511207,309894.34637704,2604124.03286549,5301.12383825371,0,
48.87435,20817.3200102485,3200.40965243551,982232.310256954,3300.43565750679,400.006400102402,0,41569.0045475489,312764.518389217,2527297.68583661,4000.64010241639,0,
49.00067,21217.9928579435,3100.38444767151,993794.761314579,4500.81014582625,300.003600043201,100.0004000016,45783.6925900546,323738.675224064,2832950.89444613,3900.60849492521,0,
49.12687,23922.8702639724,2600.27042812453,1005367.50785362,4800.92177698118,100.0004000016,100.0004000016,41569.0045475489,328048.889213088,2604950.12261848,5601.25468104855,0,
49.25312,22420.0883992057,3800.57768780855,972083.127288141,4200.70571856072,300.003600043201,100.0004000016,41268.0096799526,314199.848519828,2440558.26177174,5501.21026625858,0,
49.37934,19314.911111378,3500.49006860961,954610.577022902,3800.57768780855,300.003600043201,100.0004000016,41669.3377780627,303848.614158819,2397601.59461581,4600.84655576626,0,
49.50558,22720.6303323418,3900.60849492521,983096.436782087,2800.31363512713,900.032401166442,400.006400102402,41067.3504547458,311944.402820358,2343905.76067089,4100.67251029169,0,
49.63185,21418.3340939844,3900.60849492521,979100.333363815,4200.70571856072,300.003600043201,300.003600043201,40866.6944453348,312969.555585256,2587602.23780551,6001.44034568296,0,
49.75809,22319.9093591484,3300.43565750679,954502.794780861,4200.70571856072,100.0004000016,100.0004000016,44780.0667593657,318404.251871536,2543819.48089658,4400.77453631839,0,
49.88434,21418.3340939844,4300.73972723308,984932.896509288,4100.67251029169,200.0016000128,400.006400102402,42672.714305176,311124.3403921,2561993.45546255,58536.7418289123,0,
50.01065,24624.2302425587,3700.5476810568,959677.352362123,3100.38444767151,600.014400345608,400.006400102402,40666.0416516423,307024.825179073,2387688.51757982,4400.77453631839,100.0004000016,
50.13693,20216.3347985172,2900.33643902693,952131.811915558,4600.84655576626,400.006400102402,300.003600043201,39562.5087638469,315327.722106559,2632211.08446744,6001.44034568296,0,
50.26322,21819.0261908384,3200.40965243551,970140.571176884,4800.92177698118,300.003600043201,300.003600043201,46988.1497689666,305897.691292342,2488471.46744567,4400.77453631839,0,
50.38947,21819.0261908384,3000.36004320518,992605.623552212,4400.77453631839,200.0016000128,300.003600043201,44679.7086001427,315327.722106559,2416601.65893478,4800.92177698118,0,
50.51578,22520.2682414173,3100.38444767151,970032.659913073,3000.36004320518,200.0016000128,200.0016000128,44679.7086001427,296269.913223676,2300949.09351496,5101.04061228491,100.0004000016,
50.64198,20416.6599945556,3000.36004320518,956874.210911024,4000.64010241639,0,100.0004000016,39361.8768704403,297600.977904063,2326557.87585792,4200.70571856072,0,
50.7683,17311.9798900839,3600.51847466035,977588.614750283,4600.84655576626,400.006400102402,300.003600043201,38860.311202987,313174.596102986,2452949.60806672,5101.04061228491,0,
50.89462,21318.1630749398,3400.46246289495,997470.966024425,3600.51847466035,400.006400102402,0,42773.0563802976,318711.945975945,2471123.58263269,6401.6388195378,0,
51.02093,20416.6599945556,3300.43565750679,989687.292082502,3300.43565750679,200.0016000128,300.003600043201,44278.2840061228,282455.593894995,2281949.02919599,6201.53798141939,0,
51.14719,20717.1538033492,3500.49006860961,997146.553194321,4600.84655576626,200.0016000128,300.003600043201,44177.9298682877,303951.060134334,2456253.96707872,4900.9605882753,0,
51.2734,19014.4509827469,2700.2916314962,985905.244995115,4000.64010241639,300.003600043201,500.010000200004,38659.6905622281,284910.37004972,2397601.59461581,4200.70571856072,0,
51.39963,19815.6940296715,2700.2916314962,964746.106326674,4000.64010241639,800.025600819226,200.0016000128,43174.4327220127,311534.364963977,2377775.44054384,5501.21026625858,0,
51.52592,21518.505915087,3500.49006860961,978776.378849535,4100.67251029169,700.019600548815,300.003600043201,41669.3377780627,280819.341242522,2353818.83770688,5101.04061228491,0,
51.65212,18814.1482394761,2800.31363512713,965069.71101916,2800.31363512713,100.0004000016,100.0004000016,41268.0096799526,291970.507539031,2292688.19598497,5301.12383825371,0,
51.77831,21418.3340939844,4100.67251029169,987958.219679329,3400.46246289495,500.010000200004,1000.04000160006,47791.1855820906,284194.344431409,2252209.79808803,4900.9605882753,0,
51.90459,19114.6035571176,3100.38444767151,1015651.01565102,4400.77453631839,400.006400102402,400.006400102402,47088.5264296878,312354.45396189,2376949.35079084,5201.0818250196,0,
52.03082,19715.5358422437,3400.46246289495,981476.246695156,2400.23042212052,400.006400102402,200.0016000128,44780.0667593657,281739.70729813,2262122.87512402,4900.9605882753,0,
52.1571,21518.505915087,3600.51847466035,979748.266631196,2800.31363512713,500.010000200004,200.0016000128,39462.1924152464,278876.566279192,2249731.52882904,4500.81014582625,100.0004000016,
52.28338,19415.0660912868,2800.31363512713,954395.013433995,3900.60849492521,300.003600043201,300.003600043201,43375.1257177431,272436.8694527,2176209.54081215,4000.64010241639,0,
52.40974,18413.5523745477,3100.38444767151,963883.199913592,3900.60849492521,300.003600043201,400.006400102402,40565.7164606663,286240.239511268,2251383.70833504,4400.77453631839,100.0004000016,
52.53597,17111.7044058136,2000.16001280102,961834.027033539,2500.2500250025,500.010000200004,200.0016000128,41569.0045475489,272028.110582308,2377775.44054384,4700.88376614804,0,
52.66226,22820.8125810739,2900.33643902693,985473.081128726,3400.46246289495,200.0016000128,100.0004000016,39963.7821963854,275911.853796038,2283601.20870199,4400.77453631839,0,
52.78858,17912.8255831175,2600.27042812453,1006016.75203575,3800.57768780855,600.014400345608,100.0004000016,45783.6925900546,285728.734702134,2324079.60659892,3700.5476810568,100.0004000016,
52.91482,20316.4969955604,3300.43565750679,999309.458340787,4000.64010241639,600.014400345608,400.006400102402,40365.0684904065,275911.853796038,2125818.06587923,3400.46246289495,0,
53.0411,22219.7311212357,4500.81014582625,1025834.28414381,3700.5476810568,700.019600548815,600.014400345608,43475.4734218603,262630.304647111,2122513.70686724,3900.60849492521,0,
53.16736,21418.3340939844,3900.60849492521,950515.481039515,3300.43565750679,100.0004000016,400.006400102402,41268.0096799526,277956.408669732,2148122.4892102,3600.51847466035,0,
53.29357,17412.118834709,3800.57768780855,976185.033561231,2400.23042212052,300.003600043201,300.003600043201,37456.0342272039,263242.991976394,2240644.54154605,3700.5476810568,9803.84310649775,
53.41988,19214.7569333248,2300.21161946899,908131.837155992,3900.60849492521,600.014400345608,200.0016000128,38760.0004807442,264876.970155106,2142339.86093921,4300.73972723308,0,
53.5462,19014.4509827469,3400.46246289495,1043619.93816203,3900.60849492521,400.006400102402,100.0004000016,43274.7788177972,279592.290735535,2160513.83550518,3800.57768780855,0,
53.67252,19214.7569333248,3400.46246289495,1013377.1190497,4000.64010241639,500.010000200004,100.0004000016,40766.3676465285,274480.862163091,2266253.32388901,3800.57768780855,0,
53.79875,21718.8519635043,3300.43565750679,1041341.14990229,3600.51847466035,300.003600043201,500.010000200004,43676.1712426472,270291.032887768,2163818.19451717,3600.51847466035,0,
53.92503,24023.0621396541,3000.36004320518,995092.126606497,4200.70571856072,400.006400102402,300.003600043201,40766.3676465285,264876.970155106,2247481.24283391,4200.70571856072,0,
54.0513,22720.6303323418,3500.49006860961,1020524.9901122,2600.27042812453,300.003600043201,400.006400102402,42572.3730341581,265489.766466025,2130774.60439722,4800.92177698118,0,
54.17756,19214.7569333248,4100.67251029169,1019008.4468109,2700.2916314962,600.014400345608,0,41368.3404985035,254668.072846585,2113426.71958425,3900.60849492521,0,
54.30387,22820.8125810739,2400.23042212052,1008289.36198545,3700.5476810568,900.032401166442,400.006400102402,41870.0066511207,261813.434434479,2149006.78073593,3100.38444767151,0,
54.4301,19314.911111378,2600.27042812453,1018250.24144936,4500.81014582625,300.003600043201,400.006400102402,40866.6944453348,253443.559563782,2151365.60508447,4000.64010241639,0,
54.5564,17412.118834709,3600.51847466035,963451.768214919,2700.2916314962,500.010000200004,200.0016000128,39562.5087638469,250076.760233351,1911860.81985257,3000.36004320518,0,
54.68265,21418.3340939844,2300.21161946899,973810.087812257,2800.31363512713,200.0016000128,300.003600043201,40264.7457111035,256300.941959,2165054.87341084,4000.64010241639,0,
54.80887,21117.8234429859,3400.46246289495,1008830.51813752,3200.40965243551,0,100.0004000016,40565.7164606663,267941.249004443,2117557.16834924,3200.40965243551,100.0004000016,
54.93517,21618.6785382571,3200.40965243551,1051544.54397292,3000.36004320518,400.006400102402,300.003600043201,41468.6721210324,256198.881453464,2170426.91254116,3900.60849492521,0,
55.06135,20817.3200102485,3800.57768780855,1040907.14020841,3100.38444767151,500.010000200004,200.0016000128,37957.5436361524,242428.281212767,1905252.10182858,3600.51847466035,200.0016000128,
55.18756,20116.1734034163,3000.36004320518,1011861.40880241,2800.31363512713,500.010000200004,100.0004000016,37756.9374616922,241816.603057289,1896165.11454559,4500.81014582625,0,
55.31385,19314.911111378,3600.51847466035,941467.747491979,2800.31363512713,300.003600043201,400.006400102402,41067.3504547458,231524.468523169,2043750.29748125,3400.46246289495,0,
55.44008,20416.6599945556,2900.33643902693,980828.227234559,2900.33643902693,200.0016000128,300.003600043201,36252.4936107484,239777.889954568,2056159.93004359,3300.43565750679,0,
55.56631,19715.5358422437,3700.5476810568,987525.987525988,3400.46246289495,200.0016000128,100.0004000016,34848.5091247016,242530.230454204,2075499.48881457,4900.9605882753,0,
55.69251,21618.6785382571,3300.43565750679,1052847.68046287,2000.16001280102,300.003600043201,500.010000200004,41167.6796653699,246914.82700814,1904426.01207558,4200.70571856072,100.0004000016,
55.81867,21017.6548300572,3800.57768780855,1005367.50785362,2600.27042812453,300.003600043201,700.019600548815,39662.8259162513,238860.576495958,1930034.79441854,3500.49006860961,100.0004000016,
55.9449,20616.9883984403,2800.31363512713,1054259.55878675,3100.38444767151,400.006400102402,400.006400102402,37857.2401471024,239268.263134515,2074209.32479088,3600.51847466035,0,
56.07112,21017.6548300572,4000.64010241639,1033639.62778143,2400.23042212052,500.010000200004,200.0016000128,38960.6227289663,240185.606228874,2029014.0248148,3800.57768780855,0,
56.19736,20516.8237955123,4300.73972723308,1021391.66566051,2300.21161946899,0,400.006400102402,36553.3679171591,226534.277814777,2043399.24711177,3400.46246289495,0,
56.32364,22019.3770518056,3400.46246289495,1102899.71892398,4000.64010241639,400.006400102402,400.006400102402,37355.7347562563,246200.951680791,2037081.89856552,3900.60849492521,0,
56.44988,20516.8237955123,3300.43565750679,1046333.30138316,3200.40965243551,600.014400345608,200.0016000128,34848.5091247016,236210.934345474,2027611.40781422,4000.64010241639,100.0004000016,
56.57615,18713.9980705568,4300.73972723308,1022366.74466437,2900.33643902693,300.003600043201,0,41268.0096799526,234886.321884097,2098508.49809226,3700.5476810568,0,
56.70238,19314.911111378,3600.51847466035,1029844.77882962,2300.21161946899,700.019600548815,300.003600043201,40465.3920735909,226941.566330711,1997840.17278618,3500.49006860961,100.0004000016,
56.82863,22420.0883992057,2900.33643902693,1013052.30912663,2600.27042812453,300.003600043201,0,38358.7656289435,228367.179710742,1967208.83330348,4000.64010241639,0,
56.95482,21618.6785382571,4000.64010241639,1038303.38581267,3100.38444767151,500.010000200004,300.003600043201,38258.4589252378,236924.244810279,2030299.88495904,2600.27042812453,0,
57.0811,19214.7569333248,3400.46246289495,993902.870142779,2900.33643902693,100.0004000016,400.006400102402,39662.8259162513,230913.318692675,1950923.44644097,3400.46246289495,0,
57.20746,21919.201220269,2700.2916314962,1074803.39598239,2800.31363512713,300.003600043201,100.0004000016,37155.1382251261,227247.041348467,2053583.40944408,3800.57768780855,0,
57.33372,19615.3784567101,2900.33643902693,1067625.67723692,3200.40965243551,700.019600548815,100.0004000016,38258.4589252378,227348.867998402,1999123.06848274,3400.46246289495,0,
57.45987,18413.5523745477,2700.2916314962,1038303.38581267,3700.5476810568,500.010000200004,400.006400102402,36653.6609596449,225312.491171141,1972789.84959972,3200.40965243551,0,
57.58608,24524.0335528818,4000.64010241639,1036133.98819418,2800.31363512713,600.014400345608,200.0016000128,35349.9140786791,228061.677565189,2012075.47822178,3500.49006860961,0,
57.71244,22520.2682414173,4000.64010241639,1053716.5105528,2900.33643902693,200.0016000128,300.003600043201,35851.3391176164,233663.72610372,1943952.26824968,4400.77453631839,0,
57.83876,22420.0883992057,2800.31363512713,975637.693350717,2900.33643902693,400.006400102402,400.006400102402,37857.2401471024,240593.33567566,2017600.3082364,3900.60849492521,0,
57.96507,21117.8234429859,2900.33643902693,1085686.26223419,2100.17641481884,300.003600043201,0,39562.5087638469,224396.228851866,1993759.04290928,4100.67251029169,100.0004000016,
58.0913,22620.4488857928,3400.46246289495,1031471.00718885,3600.51847466035,0,500.010000200004,36854.249455198,224396.228851866,1953247.97419388,4300.73972723308,0,
58.21758,22520.2682414173,3400.46246289495,994551.541996797,2600.27042812453,100.0004000016,200.0016000128,37155.1382251261,207711.54311527,1920045.31182027,3300.43565750679,0,
58.34374,19314.911111378,4100.67251029169,1033964.95203502,2500.2500250025,300.003600043201,400.006400102402,35450.1974796312,219612.384645493,1974070.36563892,3600.51847466035,0,
58.46993,22119.5536854579,3500.49006860961,1004692.02959401,2700.2916314962,500.010000200004,400.006400102402,39963.7821963854,215135.536396535,1982687.90743859,2700.2916314962,0,
58.59627,20216.3347985172,3300.43565750679,1048938.66204315,2900.33643902693,100.0004000016,300.003600043201,36753.9548056547,214932.081058946,1897685.50795741,4300.73972723308,0,
58.72249,20016.0128102482,3600.51847466035,1010670.61751413,1900.14441097523,300.003600043201,200.0016000128,35049.0686961746,229691.107845828,1964527.62461926,3700.5476810568,0,
58.84876,22920.9956319989,2900.33643902693,1006016.75203575,2900.33643902693,200.0016000128,300.003600043201,39662.8259162513,210761.970069783,1906022.64410866,2900.33643902693,0,
58.97505,20717.1538033492,4000.64010241639,1018791.81219844,3200.40965243551,300.003600043201,600.014400345608,35751.0525029742,212389.166337225,1755729.85653581,4000.64010241639,0,
59.10128,22720.6303323418,3000.36004320518,1040039.1642189,2600.27042812453,200.0016000128,500.010000200004,34347.1242544771,230913.318692675,1920856.98779301,4800.92177698118,0,
59.22755,24023.0621396541,4200.70571856072,1001797.24422552,2000.16001280102,100.0004000016,200.0016000128,32542.3049964954,199377.474578868,1857923.73209114,4100.67251029169,0,
59.35383,18012.9693379233,2800.31363512713,983312.477394518,2200.1936170383,400.006400102402,300.003600043201,32843.0901342561,204560.210669796,1814252.31138855,3200.40965243551,0,
59.48007,18713.9980705568,2500.2500250025,976508.923450345,2800.31363512713,400.006400102402,0,33344.4147604609,217679.00517265,1881373.57367432,3500.49006860961,0,
59.60635,21418.3340939844,3200.40965243551,999201.304535925,3200.40965243551,600.014400345608,200.0016000128,33745.4889190629,206796.558969788,1837164.96483258,2900.33643902693,0,
59.73263,22620.4488857928,2700.2916314962,980288.235709802,2000.16001280102,300.003600043201,0,39060.9350586916,208321.569449934,1882992.31361484,4400.77453631839,0,
59.85892,19715.5358422437,3400.46246289495,982232.310256954,1800.12960933187,200.0016000128,300.003600043201,38459.0731363374,223072.856341484,1979543.03129195,3400.46246289495,0,
59.98513,21819.0261908384,4200.70571856072,982232.310256954,2200.1936170383,300.003600043201,200.0016000128,42371.6929043942,209440.027750552,1816034.40850472,3000.36004320518,100.0004000016,
60.11136,20817.3200102485,4000.64010241639,915453.711132465,2100.17641481884,400.006400102402,100.0004000016,38459.0731363374,209643.394468399,1926308.08004653,2800.31363512713,100.0004000016,
60.23759,21518.505915087,2200.1936170383,994227.202022975,1600.10240655402,100.0004000016,100.0004000016,37456.0342272039,211778.943122227,1726816.71518085,3300.43565750679,0,
60.36384,20416.6599945556,3500.49006860961,980180.240098434,3500.49006860961,300.003600043201,600.014400345608,33645.2191745706,217373.761826948,1840046.20782355,3000.36004320518,100.0004000016,
60.49003,22119.5536854579,4000.64010241639,937161.520042164,2300.21161946899,200.0016000128,400.006400102402,33544.9502333126,210050.137747714,1754077.67702981,2800.31363512713,0,
60.61637,18613.8487034354,3800.57768780855,963667.482272008,3000.36004320518,200.0016000128,500.010000200004,30236.5257230735,206694.898164953,1824494.84111315,3200.40965243551,0,
60.7426,17712.5404786589,2500.2500250025,958167.893276627,3200.40965243551,100.0004000016,200.0016000128,34748.2305439951,212999.419092493,1907180.9884622,2800.31363512713,0,
60.86889,24924.8251258253,4700.88376614804,987417.931734172,2400.23042212052,500.010000200004,300.003600043201,39161.2481921726,208321.569449934,1880911.11235361,2100.17641481884,0,
60.99511,21017.6548300572,2900.33643902693,990876.1628318,4400.77453631839,200.0016000128,600.014400345608,41569.0045475489,204865.143889534,1753251.58727681,2400.23042212052,0,
61.12143,22820.8125810739,4200.70571856072,941790.772193721,2500.2500250025,300.003600043201,200.0016000128,34347.1242544771,214626.904208624,1887965.37690474,2700.2916314962,100.0004000016,
61.24767,19314.911111378,2900.33643902693,1017058.86515671,1800.12960933187,200.0016000128,300.003600043201,33544.9502333126,207508.207564672,1684686.13777792,1900.14441097523,0,
61.37399,18713.9980705568,2600.27042812453,1079403.17993391,2600.27042812453,300.003600043201,100.0004000016,33544.9502333126,211575.541948028,1834629.9826541,3200.40965243551,0,
61.50031,21117.8234429859,3600.51847466035,988066.27996424,2200.1936170383,100.0004000016,300.003600043201,39662.8259162513,223480.033093206,1931529.27995863,3600.51847466035,0,
61.62658,22219.7311212357,3500.49006860961,1001040.04160166,1800.12960933187,600.014400345608,300.003600043201,33946.0308177889,214118.292540252,1823113.36949804,3100.38444767151,0,
61.75281,18413.5523745477,3200.40965243551,942329.164573986,2200.1936170383,200.0016000128,100.0004000016,35349.9140786791,204255.284828248,1756969.65545585,3500.49006860961,100.0004000016,
61.87908,19515.221873061,3900.60849492521,938237.942869475,2500.2500250025,200.0016000128,400.006400102402,36152.2037822616,221138.946280992,1762338.5745598,1800.12960933187,0,
62.0053,21117.8234429859,3600.51847466035,977264.697936366,3100.38444767151,300.003600043201,200.0016000128,37255.4360889003,206796.558969788,1966382.74355048,3800.57768780855,0,
62.13161,22520.2682414173,3500.49006860961,968845.695196387,3500.49006860961,0,0,37355.7347562563,202527.511079031,1835436.51594454,2400.23042212052,0,
62.25785,19815.6940296715,2900.33643902693,936085.186553074,3300.43565750679,300.003600043201,600.014400345608,37556.3345017526,201917.765134256,1822768.0238272,2900.33643902693,0,
62.38412,19415.0660912868,2100.17641481884,946637.108257673,3100.38444767151,300.003600043201,500.010000200004,36954.5449082846,225719.740235628,1757382.03604181,2800.31363512713,0,
62.51036,17912.8255831175,3000.36004320518,939099.145462318,1800.12960933187,300.003600043201,300.003600043201,33244.1482288479,191658.135091778,1739683.82997839,2200.1936170383,100.0004000016,
62.63658,20216.3347985172,3100.38444767151,929844.213495965,3200.40965243551,200.0016000128,600.014400345608,32742.827618525,215949.390580935,1873282.79722926,2300.21161946899,0,
62.76286,22620.4488857928,2300.21161946899,983528.521599588,2100.17641481884,0,400.006400102402,35149.3496869605,215237.265296572,1830252.50487237,3100.38444767151,0,
62.88912,18513.7001381022,3200.40965243551,960863.479088005,3100.38444767151,200.0016000128,500.010000200004,35751.0525029742,199682.282405783,1774966.04934305,3300.43565750679,0,
63.0153,19314.911111378,3400.46246289495,934363.238766271,2000.16001280102,300.003600043201,100.0004000016,38057.8479288519,193587.526554041,1691151.34950461,3300.43565750679,0,
63.14159,19415.0660912868,2500.2500250025,910611.321758582,2000.16001280102,300.003600043201,300.003600043201,37255.4360889003,195009.372543487,1652468.63741097,4000.64010241639,0,
63.26778,18313.4054127621,2000.16001280102,984630.702187927,1400.07840439065,100.0004000016,100.0004000016,35249.6314811254,208423.243376235,1859885.94218034,3300.43565750679,0,
63.3941,20316.4969955604,2400.23042212052,960755.644906707,2800.31363512713,200.0016000128,400.006400102402,34948.7885087582,205373.382319136,1752388.45324111,2700.2916314962,0,
63.52033,19515.221873061,4400.77453631839,957736.651493504,3000.36004320518,100.0004000016,300.003600043201,34547.6757925938,208524.918122711,1791493.59361805,3400.46246289495,0,
63.64654,21518.505915087,3100.38444767151,980936.228233172,2800.31363512713,700.019600548815,300.003600043201,39963.7821963854,218391.268384207,1821962.25184321,2600.27042812453,0,
63.77276,19615.3784567101,2900.33643902693,990551.914568016,2700.2916314962,500.010000200004,200.0016000128,33143.8825004306,199580.678977502,1808501.51199949,1800.12960933187,0,
63.899,19615.3784567101,3300.43565750679,963877.604871288,2600.27042812453,300.003600043201,400.006400102402,36051.9147572504,210151.825618355,1847425.00977246,2600.27042812453,0,
64.02526,19014.4509827469,3200.40965243551,945452.281124165,1700.11560786133,400.006400102402,400.006400102402,36152.2037822616,201308.048692959,1737624.75775712,2900.33643902693,0,
64.15151,18313.4054127621,3000.36004320518,948360.686365278,1900.14441097523,400.006400102402,100.0004000016,37656.6355799122,206389.92067045,1763271.37100746,3800.57768780855,0,
64.2777,20016.0128102482,2600.27042812453,965177.581042512,3800.57768780855,300.003600043201,500.010000200004,35149.3496869605,210761.970069783,1857231.25580116,3000.36004320518,0,
64.40394,19515.221873061,2800.31363512713,958599.149388623,1500.09000540032,300.003600043201,600.014400345608,36051.9147572504,219307.094493717,1718307.81200571,2000.16001280102,0,
64.53022,19615.3784567101,3100.38444767151,924358.942452071,3000.36004320518,600.014400345608,400.006400102402,32442.0448901777,192775.115181368,1655862.15720561,7202.07419736884,0,
64.65651,18814.1482394761,3100.38444767151,950192.239024107,2800.31363512713,100.0004000016,200.0016000128,33845.7594667991,194196.869469874,1729620.26832262,3400.46246289495,0,
64.78267,20717.1538033492,3300.43565750679,975645.235027638,2600.27042812453,600.014400345608,200.0016000128,35349.9140786791,194298.429488213,1516989.91791918,2000.16001280102,0,
64.90889,21117.8234429859,3200.40965243551,956658.609719834,2800.31363512713,400.006400102402,300.003600043201,33946.0308177889,192368.929142935,1682377.2503917,2900.33643902693,0,
65.03522,18814.1482394761,3100.38444767151,1013160.57819972,2500.2500250025,200.0016000128,400.006400102402,34146.5759295679,207304.875294421,1722877.34840646,2500.2500250025,100.0004000016,
65.16157,21718.8519635043,3100.38444767151,953963.896998061,2400.23042212052,700.019600548815,300.003600043201,33043.6175751993,193181.314318192,1637798.39661764,2000.16001280102,100.0004000016,
65.28788,19415.0660912868,4400.77453631839,952455.102252673,2200.1936170383,500.010000200004,300.003600043201,31940.756405173,192368.929142935,1811077.86998672,2200.1936170383,100.0004000016,
65.41427,15809.9919148902,2000.16001280102,967550.948334961,3900.60849492521,400.006400102402,1200.05760276493,35751.0525029742,191658.135091778,1670080.4369626,2200.1936170383,0,
65.54052,17612.3991289868,2700.2916314962,1004610.09727805,1800.12960933187,400.006400102402,200.0016000128,32341.7855869784,203137.286529427,1601251.07272505,2300.21161946899,100.0004000016,
65.66677,18113.1138944596,2800.31363512713,972838.644259379,2800.31363512713,700.019600548815,400.006400102402,33444.6820952793,240389.469305667,1679415.87019717,2300.21161946899,0,
65.79306,18513.7001381022,3300.43565750679,962696.797241723,2300.21161946899,200.0016000128,800.025600819226,31238.986254846,183537.622190525,1459989.72496227,2400.23042212052,0,
65.91934,18213.259252736,2900.33643902693,1018250.24144936,1900.14441097523,200.0016000128,0,34848.5091247016,189322.951301986,1619305.59814644,2200.1936170383,0,
66.04558,18213.259252736,3600.51847466035,971435.576295767,2100.17641481884,200.0016000128,300.003600043201,31439.4879969241,186582.200944598,1598347.92341378,2400.23042212052,0,
66.17178,15910.1188355794,3400.46246289495,1062108.93217005,2500.2500250025,200.0016000128,200.0016000128,31840.5011174214,189119.91230156,1590765.98424125,1900.14441097523,0,
66.29807,18413.5523745477,2700.2916314962,997687.245742619,2300.21161946899,300.003600043201,400.006400102402,32341.7855869784,193384.418798699,1508729.0203892,2400.23042212052,100.0004000016,
66.42434,16711.163056922,2700.2916314962,963667.482272008,2200.1936170383,700.019600548815,500.010000200004,29635.0879441258,183436.148908651,1533869.95431929,2200.1936170383,0,
66.55057,15109.1259120509,2800.31363512713,948576.149729512,2300.21161946899,700.019600548815,300.003600043201,33544.9502333126,182218.53330701,1579457.69400878,2700.2916314962,0,
66.67684,17311.9798900839,2600.27042812453,987201.822846285,2400.23042212052,200.0016000128,100.0004000016,34347.1242544771,177957.805771191,1564771.28794512,2300.21161946899,0,
66.80308,19415.0660912868,2900.33643902693,1015001.29034406,3300.43565750679,400.006400102402,200.0016000128,31439.4879969241,183639.096290148,1568836.66754521,1900.14441097523,0,
66.92931,19915.8530190031,3100.38444767151,973810.087812257,2700.2916314962,300.003600043201,200.0016000128,31138.7365883159,186683.699581297,1552921.03373708,1200.05760276493,0,
67.05562,20616.9883984403,3000.36004320518,1036567.83879824,2500.2500250025,400.006400102402,200.0016000128,32542.3049964954,182117.070654977,1449250.55817329,2200.1936170383,0,
67.18186,17412.118834709,3100.38444767151,981260.236616533,3400.46246289495,300.003600043201,300.003600043201,32843.0901342561,176335.050695068,1542659.36212681,2000.16001280102,0,
67.30815,17512.2585810067,2600.27042812453,981692.260365656,2800.31363512713,400.006400102402,100.0004000016,29835.5639922788,167312.292118,1519571.44372547,2700.2916314962,0,
67.43446,19314.911111378,3600.51847466035,990768.079178276,2700.2916314962,300.003600043201,500.010000200004,28131.6199408135,171366.664250215,1476207.42096323,2300.21161946899,0,
67.56077,19314.911111378,2500.2500250025,1002662.67265768,3000.36004320518,400.006400102402,300.003600043201,30437.0114058695,172887.390598631,1500118.72053187,2100.17641481884,0,
67.68696,16611.0297237366,2400.23042212052,993146.127229172,2900.33643902693,500.010000200004,400.006400102402,32041.0124959949,167312.292118,1401497.07048989,2800.31363512713,0,
67.81328,17512.2585810067,2200.1936170383,960755.644906707,3400.46246289495,300.003600043201,400.006400102402,30036.0432519023,173292.948658566,1426614.34901735,2500.2500250025,100.0004000016,
67.93944,17211.841747122,2900.33643902693,959726.985407961,2200.1936170383,300.003600043201,600.014400345608,31038.4877247787,164981.619497425,1530603.58184373,1800.12960933187,0,
68.06576,17512.2585810067,2500.2500250025,964961.841892077,3500.49006860961,400.006400102402,400.006400102402,28031.3951625821,175219.527914283,1431196.42396485,2300.21161946899,0,
68.19211,20116.1734034163,4400.77453631839,1022150.05412607,3500.49006860961,500.010000200004,200.0016000128,28031.3951625821,173090.167995135,1444504.62038385,1900.14441097523,0,
68.31843,14408.2991803279,2700.2916314962,1017167.16758386,3000.36004320518,400.006400102402,100.0004000016,29735.3255667733,162246.163260705,1409529.40331366,2300.21161946899,0,
68.44475,16611.0297237366,2500.2500250025,1023992.03874036,2600.27042812453,200.0016000128,400.006400102402,26728.5460872212,168427.114248551,1396144.89583025,2700.2916314962,0,
68.57091,19014.4509827469,2200.1936170383,1000715.53969165,2800.31363512713,300.003600043201,400.006400102402,27830.9480141918,177450.672338643,1430637.54926671,3000.36004320518,0,
68.69714,17612.3991289868,3100.38444767151,1015068.57825233,2200.1936170383,600.014400345608,500.010000200004,31740.2466327303,158701.086453348,1386449.608214,2400.23042212052,0,
68.82343,19515.221873061,2100.17641481884,1013593.6635048,4000.64010241639,600.014400345608,300.003600043201,30336.7681630136,159713.863606172,1382662.58051989,2800.31363512713,0,
68.94958,17612.3991289868,2500.2500250025,1052847.68046287,3700.5476810568,600.014400345608,200.0016000128,28532.5270808722,161739.662550877,1388009.28857927,2600.27042812453,0,
69.07583,18113.1138944596,2200.1936170383,1014243.31850175,3400.46246289495,200.0016000128,0,30136.2840860396,165792.239272326,1370751.67190566,1900.14441097523,0,
69.2021,16310.634533716,2500.2500250025,1034724.07358038,3100.38444767151,400.006400102402,300.003600043201,31840.5011174214,153435.959352048,1281374.70512298,3100.38444767151,0,
69.32835,16510.8971921468,2000.16001280102,1014676.43986031,3400.46246289495,200.0016000128,300.003600043201,28933.4470648069,166298.903152029,1222075.87609864,2600.27042812453,0,
69.45464,14808.7667899396,3200.40965243551,1015759.30635742,4200.70571856072,300.003600043201,200.0016000128,24023.0621396541,145036.570941189,1235261.03035315,4100.67251029169,0,
69.58084,14508.4148806308,2500.2500250025,978776.378849535,3700.5476810568,100.0004000016,400.006400102402,28131.6199408135,152727.360533157,1326874.47346251,3700.5476810568,0,
69.70701,15609.7404780583,2800.31363512713,1011609.72869956,3500.49006860961,0,200.0016000128,29234.1454819229,150500.595563854,1283695.69788469,3000.36004320518,0,
69.8333,16110.3750815525,2700.2916314962,946583.357107423,4100.67251029169,0,300.003600043201,29234.1454819229,150298.181935245,1251349.31935501,2500.2500250025,0,
69.95959,16310.634533716,2500.2500250025,959677.352362123,2300.21161946899,400.006400102402,300.003600043201,27229.6258329062,139979.405328871,1341858.89028346,2800.31363512713,0,
70.08589,17712.5404786589,2300.21161946899,1007856.45327741,3400.46246289495,400.006400102402,200.0016000128,28532.5270808722,146048.248225695,1286459.31907556,3400.46246289495,0,
70.21216,17512.2585810067,2500.2500250025,1019441.72685831,4000.64010241639,300.003600043201,400.006400102402,28732.9854673165,141395.206642155,1266684.59805669,3000.36004320518,0,
70.33842,18914.2992102029,2700.2916314962,982664.366334781,4000.64010241639,300.003600043201,300.003600043201,29033.6790677186,154853.276771807,1303606.75055764,2800.31363512713,0,
70.46471,17612.3991289868,3600.51847466035,1064799.17593531,4300.73972723308,200.0016000128,300.003600043201,26528.1198069954,149387.360923888,1232948.58342078,2900.33643902693,0,
70.59095,16911.4321281186,2900.33643902693,970680.140948075,4300.73972723308,500.010000200004,300.003600043201,27430.063349431,141597.47699041,1262711.15219766,3000.36004320518,0,
70.71715,18513.7001381022,3400.46246289495,1009046.98690392,4900.9605882753,500.010000200004,300.003600043201,26928.9755777216,148375.414948194,1182177.6869198,3100.38444767151,0,
70.84338,18313.4054127621,2600.27042812453,963128.20385002,3000.36004320518,500.010000200004,300.003600043201,24223.4482979524,151613.928762581,1225573.50084132,3900.60849492521,100.0004000016,
70.96971,19314.911111378,3200.40965243551,1022366.74466437,3100.38444767151,300.003600043201,100.0004000016,26628.3325458288,139777.161015245,1230196.20186759,2800.31363512713,0,
71.09601,16310.634533716,3200.40965243551,967766.730512749,3600.51847466035,200.0016000128,600.014400345608,25726.4467872973,141597.47699041,1181848.64796934,3600.51847466035,0,
71.22216,17712.5404786589,3300.43565750679,988822.72712152,4000.64010241639,500.010000200004,500.010000200004,27630.5040765005,129871.174228412,1211495.31338464,4400.77453631839,0,
71.3484,15009.0054032419,3200.40965243551,976400.959256535,3500.49006860961,300.003600043201,100.0004000016,27029.191526849,133408.130355929,1130619.65106216,3000.36004320518,0,
71.47468,15809.9919148902,2100.17641481884,986229.377328366,3400.46246289495,200.0016000128,300.003600043201,26027.0681508769,134924.273500149,1146798.58598113,2800.31363512713,0,
71.601,14508.4148806308,2200.1936170383,1010778.86676239,3800.57768780855,100.0004000016,300.003600043201,33544.9502333126,125527.133559262,1138050.72872885,4500.81014582625,0,
71.72726,15910.1188355794,2000.16001280102,956443.012110238,4200.70571856072,300.003600043201,500.010000200004,28131.6199408135,130679.533574588,1120354.23379598,3100.38444767151,0,
71.85351,16010.246557797,3300.43565750679,1058650.08261727,4900.9605882753,100.0004000016,100.0004000016,24924.8251258253,133610.272207053,1059799.94412779,2700.2916314962,200.0016000128,
71.97982,17412.118834709,3200.40965243551,960108.658630802,4600.84655576626,1100.04840212969,200.0016000128,26027.0681508769,124820.106288039,1141221.15054834,3700.5476810568,0,
72.10611,16510.8971921468,3100.38444767151,970464.310349126,4500.81014582625,300.003600043201,400.006400102402,23421.922919853,126234.200623935,1124066.32586951,3800.57768780855,100.0004000016,
72.2324,15910.1188355794,2500.2500250025,974349.810075554,4800.92177698118,300.003600043201,200.0016000128,27530.2833116428,120477.811584359,1080352.52290898,2900.33643902693,0,
72.35866,16110.3750815525,2200.1936170383,965609.070098836,4600.84655576626,400.006400102402,400.006400102402,31339.2367243789,124921.107747722,1095815.48379554,4500.81014582625,0,
72.485,15709.8657957197,3800.57768780855,959677.352362123,4000.64010241639,200.0016000128,300.003600043201,26928.9755777216,126032.177401848,1047310.25055429,3400.46246289495,0,
72.61128,14007.84439286,2400.23042212052,983938.932277372,4500.81014582625,300.003600043201,200.0016000128,30737.7459520291,127749.478347921,1075347.32362635,4500.81014582625,0,
72.73748,17712.5404786589,2100.17641481884,974781.604036273,4000.64010241639,400.006400102402,400.006400102402,29635.0879441258,118660.552449773,1033964.95203502,5301.12383825371,0,
72.8638,15910.1188355794,2800.31363512713,945129.165231036,6301.58800017604,600.014400345608,200.0016000128,26227.4864057532,121083.623063164,1000931.87339834,4500.81014582625,0,
72.98995,15609.7404780583,1700.11560786133,932318.722719201,5301.12383825371,400.006400102402,500.010000200004,31539.7400724913,116944.493562025,1041341.14990229,4600.84655576626,0,
73.11623,16410.7654621432,1800.12960933187,975753.192939583,4600.84655576626,700.019600548815,300.003600043201,27931.1711870447,120881.682656945,996553.373529995,4200.70571856072,0,
73.24245,16110.3750815525,3400.46246289495,978560.413661813,6101.48876325823,300.003600043201,300.003600043201,27129.408278574,116439.814982258,1032555.27232135,5401.16665199683,0,
73.36869,16510.8971921468,2400.23042212052,962373.251693785,5401.16665199683,500.010000200004,300.003600043201,27530.2833116428,118256.752792145,1031037.32642504,4000.64010241639,0,
73.49495,16210.5044068556,2500.2500250025,967550.948334961,5201.0818250196,300.003600043201,400.006400102402,29735.3255667733,120578.778135048,1059908.60268855,5901.39272868397,100.0004000016,
73.62129,20416.6599945556,2800.31363512713,998011.67206732,4900.9605882753,200.0016000128,300.003600043201,32041.0124959949,115935.15668325,988930.794595966,3500.49006860961,0,
73.7476,17111.7044058136,2500.2500250025,963020.350853872,4500.81014582625,500.010000200004,500.010000200004,28031.3951625821,111091.46865734,994984.007885838,5101.04061228491,0,
73.87391,14007.84439286,2900.33643902693,952993.937380616,4500.81014582625,200.0016000128,400.006400102402,27530.2833116428,121992.395070462,968953.596596197,4900.9605882753,0,
74.00024,18713.9980705568,2600.27042812453,942867.579302158,5101.04061228491,300.003600043201,0,34046.302972042,109073.816659569,1037110.1723865,4900.9605882753,0,
74.12659,14408.2991803279,2700.2916314962,985040.931636476,6001.44034568296,300.003600043201,100.0004000016,29735.3255667733,100905.640675516,890316.193253605,3500.49006860961,0,
74.25291,13307.0793662228,2500.2500250025,949761.262196388,5501.21026625858,400.006400102402,100.0004000016,32241.5270868879,110788.800186422,972406.914893617,4700.88376614804,0,
74.37924,14608.5313823273,2400.23042212052,929951.79103363,6601.74286011507,200.0016000128,700.019600548815,32742.827618525,108468.584284107,967766.730512749,4000.64010241639,0,
74.50539,14508.4148806308,2000.16001280102,962481.09931376,5101.04061228491,300.003600043201,200.0016000128,32642.5659059413,108367.715058191,922638.551318529,3800.57768780855,0,
74.63162,16410.7654621432,2100.17641481884,925219.223653755,6601.74286011507,200.0016000128,500.010000200004,27430.063349431,98990.4182094179,889672.71311343,3300.43565750679,0,
74.75791,14308.184281409,2000.16001280102,933287.137504512,3700.5476810568,100.0004000016,500.010000200004,34046.302972042,109376.443789146,1065118.82302889,5201.0818250196,100.0004000016,
74.88415,16310.634533716,3100.38444767151,974781.604036273,6401.6388195378,300.003600043201,400.006400102402,35149.3496869605,109679.078213637,924789.075916078,4100.67251029169,100.0004000016,
75.01045,16210.5044068556,2000.16001280102,952239.574466318,6301.58800017604,500.010000200004,500.010000200004,33143.8825004306,104636.123362174,912106.135986733,4400.77453631839,0,
75.13667,14608.5313823273,2100.17641481884,937592.078451879,5701.29989637637,200.0016000128,100.0004000016,33745.4889190629,96370.061034372,884097.224810632,3200.40965243551,0,
75.26292,14007.84439286,3000.36004320518,967443.058590861,3900.60849492521,400.006400102402,100.0004000016,31339.2367243789,103123.631879762,926509.752515908,4200.70571856072,0,
75.38921,16711.163056922,2000.16001280102,911891.277850101,6101.48876325823,0,500.010000200004,31339.2367243789,105140.327692376,867385.159156847,3300.43565750679,0,
75.51545,17612.3991289868,2500.2500250025,916081.65431679,7602.31110257518,500.010000200004,200.0016000128,35249.6314811254,109679.078213637,878202.686364464,4800.92177698118,0,
75.64172,18413.5523745477,1900.14441097523,904385.392563591,6101.48876325823,400.006400102402,100.0004000016,32943.3534531443,100804.83220614,884204.423092852,5001.00020004001,0,
75.76795,17011.567866149,1800.12960933187,946852.542999124,4500.81014582625,300.003600043201,500.010000200004,33946.0308177889,93750.2509375025,845884.094649695,4000.64010241639,0,
75.89423,17712.5404786589,2700.2916314962,930489.692111738,6101.48876325823,300.003600043201,300.003600043201,34347.1242544771,100199.998393587,890959.705381591,4600.84655576626,0,
76.02052,17512.2585810067,2100.17641481884,949761.262196388,6801.85010322808,400.006400102402,500.010000200004,36352.7842427204,99595.1937287155,849411.66739045,3300.43565750679,0,
76.1468,16410.7654621432,2400.23042212052,925864.472024955,5401.16665199683,100.0004000016,300.003600043201,33645.2191745706,98688.0413787011,829861.799907426,3900.60849492521,100.0004000016,
76.27302,16110.3750815525,2900.33643902693,968414.098563635,5101.04061228491,400.006400102402,500.010000200004,36051.9147572504,101812.953338742,880453.011449512,4900.9605882753,0,
76.3993,17111.7044058136,2300.21161946899,947498.868689049,6401.6388195378,500.010000200004,100.0004000016,36252.4936107484,97377.8259647432,827406.804385287,4100.67251029169,0,
76.5256,14007.84439286,1900.14441097523,937590.348270213,7202.07419736884,100.0004000016,100.0004000016,33645.2191745706,99192.0068109167,835627.537058624,4500.81014582625,0,
76.65187,16510.8971921468,2200.1936170383,923606.243233939,6901.90492575951,500.010000200004,300.003600043201,33344.4147604609,101107.260043455,850694.6598669,3400.46246289495,0,
76.7782,14508.4148806308,2500.2500250025,938776.187788439,6701.7960813498,300.003600043201,100.0004000016,33043.6175751993,97478.6069092355,819511.288290335,3100.38444767151,0,
76.90451,15309.3693340324,1900.14441097523,927047.510796023,7702.37233067785,100.0004000016,200.0016000128,31439.4879969241,93851.0027502861,777554.143174722,5101.04061228491,100.0004000016,
77.03075,15309.3693340324,2200.1936170383,936623.342131036,8302.75651516303,300.003600043201,200.0016000128,35149.3496869605,99393.5986506566,858609.261933231,4400.77453631839,0,
77.15702,13807.6218072376,2700.2916314962,1144429.55152605,7902.49718911176,300.003600043201,400.006400102402,36352.7842427204,94556.2880935365,829007.835487817,3800.57768780855,100.0004000016,
77.28325,16410.7654621432,3200.40965243551,977048.757881437,7502.25067520256,200.0016000128,200.0016000128,36753.9548056547,94254.0180919534,817591.487217194,4200.70571856072,0,
77.4095,15509.6159618964,2000.16001280102,988606.594868809,8202.69048247825,100.0004000016,100.0004000016,36854.249455198,97982.523772809,862568.380630798,3900.60849492521,0,
77.53581,16510.8971921468,1600.10240655402,916726.447915673,6601.74286011507,300.003600043201,100.0004000016,35550.4816839913,96168.5177600565,766926.809559736,4000.64010241639,0,
77.66204,17512.2585810067,2400.23042212052,968090.410503573,9003.24116682005,400.006400102402,300.003600043201,37054.8411649241,94354.7739500522,814072.593302384,4400.77453631839,100.0004000016,
77.78832,15109.1259120509,2600.27042812453,925541.843824536,8502.8909829342,300.003600043201,300.003600043201,36252.4936107484,92742.777304919,821751.417097718,3000.36004320518,0,
77.91456,14408.2991803279,2600.27042812453,970788.05759282,8803.09869073914,100.0004000016,100.0004000016,37756.9374616922,91836.1201999318,775427.9752061,3700.5476810568,0,
78.04083,16811.2971917128,2000.16001280102,866338.047483086,7802.43435952017,600.014400345608,500.010000200004,41769.6718125834,99494.3957848913,805652.470117054,3100.38444767151,0,
78.1671,14808.7667899396,3000.36004320518,992929.923060927,10004.0016006403,200.0016000128,300.003600043201,37656.6355799122,85088.6206010789,805972.121292198,3700.5476810568,200.0016000128,
78.29331,15509.6159618964,2200.1936170383,940283.392408005,9403.53572943427,200.0016000128,0,37756.9374616922,92742.777304919,784360.238453764,3900.60849492521,0,
78.4195,17311.9798900839,2600.27042812453,962265.404969801,7602.31110257518,400.006400102402,300.003600043201,39161.2481921726,98788.8328460822,778511.033202722,6901.90492575951,0,
78.54578,16611.0297237366,3100.38444767151,965501.196490295,10704.5815609081,500.010000200004,0,36954.5449082846,99192.0068109167,779999.670016004,4300.73972723308,0,
78.67197,14308.184281409,2800.31363512713,983528.521599588,8903.16952835209,200.0016000128,100.0004000016,37957.5436361524,90425.8949253108,810981.023766751,5201.0818250196,100.0004000016,
78.79829,19515.221873061,2400.23042212052,987742.10180542,9203.38684635946,400.006400102402,400.006400102402,40064.1025641026,94455.5306172433,799154.613301631,4800.92177698118,0,
78.92457,13907.7326993809,1100.04840212969,975537.278013058,8102.62525058119,300.003600043201,200.0016000128,37857.2401471024,87404.517338407,785955.936958495,4100.67251029169,100.0004000016,
79.05085,15009.0054032419,2200.1936170383,942975.264929664,10704.5815609081,300.003600043201,0,41769.6718125834,86095.4796862833,768520.350946632,4500.81014582625,0,
79.17713,15409.4922472243,2600.27042812453,961941.870173675,9603.68781612139,600.014400345608,100.0004000016,38760.0004807442,89015.8281583057,736474.967674987,4300.73972723308,0,
79.30345,15709.8657957197,2800.31363512713,1018250.24144936,11104.9305891816,300.003600043201,100.0004000016,41167.6796653699,87404.517338407,798835.130996165,4500.81014582625,0,
79.42976,16611.0297237366,2700.2916314962,991740.864422921,8502.8909829342,400.006400102402,100.0004000016,37656.6355799122,90123.7244181099,771495.48895743,4300.73972723308,0,
79.55608,17612.3991289868,2400.23042212052,1019333.40549362,9503.61137232148,500.010000200004,100.0004000016,34748.2305439951,91030.2577752084,840754.798111351,4300.73972723308,0,
79.68238,15309.3693340324,3000.36004320518,1036784.76952238,8803.09869073914,0,300.003600043201,39361.8768704403,95765.4409225605,771708.025103705,4700.88376614804,0,
79.80858,16510.8971921468,2100.17641481884,1028760.73946668,9103.31360615264,200.0016000128,500.010000200004,42171.0159909287,93548.7497390271,754079.446184276,6001.44034568296,0,
79.93477,19715.5358422437,3500.49006860961,1012835.77368417,9203.38684635946,400.006400102402,100.0004000016,36854.249455198,89620.1230796405,754822.332933618,4900.9605882753,0,
80.06104,15409.4922472243,2000.16001280102,952993.937380616,10804.6676164103,300.003600043201,300.003600043201,34547.6757925938,85793.4134740814,744107.688632226,5201.0818250196,0,
80.18733,17111.7044058136,2500.2500250025,1039605.19792183,10704.5815609081,200.0016000128,400.006400102402,36352.7842427204,94354.7739500522,753867.200698857,6301.58800017604,0,
80.31362,17011.567866149,2600.27042812453,971651.423038725,10904.7544729502,500.010000200004,400.006400102402,36753.9548056547,93448.0003533157,751320.527716661,5501.21026625858,0,
80.43983,16811.2971917128,1700.11560786133,1048070.15057868,7802.43435952017,200.0016000128,200.0016000128,39963.7821963854,99796.7920451716,775427.9752061,5401.16665199683,0,
80.56606,17712.5404786589,3000.36004320518,1089170.69831318,9603.68781612139,600.014400345608,200.0016000128,37556.3345017526,96067.7473368053,768626.594047241,6801.85010322808,0,
80.69234,17812.6826300326,3000.36004320518,1023450.25149062,10804.6676164103,400.006400102402,300.003600043201,40465.3920735909,86901.0251511235,784572.986843679,5301.12383825371,0,
80.81863,15509.6159618964,3000.36004320518,1077523.26115075,9403.53572943427,200.0016000128,100.0004000016,34748.2305439951,95563.9073592239,758855.894656583,5301.12383825371,0,
80.94488,13507.2939387269,2100.17641481884,1021066.65556435,8102.62525058119,400.006400102402,600.014400345608,39462.1924152464,94757.8054734678,759811.396964876,5401.16665199683,0,
81.07109,17612.3991289868,2900.33643902693,1052521.88411838,10004.0016006403,300.003600043201,300.003600043201,34748.2305439951,88512.2712931221,759599.056992598,6601.74286011507,100.0004000016,
81.1973,15509.6159618964,2600.27042812453,980180.240098434,7802.43435952017,400.006400102402,100.0004000016,38559.381447429,86296.8612025367,805865.570020603,5301.12383825371,0,
81.32359,18313.4054127621,2700.2916314962,1008072.90582997,9603.68781612139,100.0004000016,100.0004000016,38559.381447429,92037.5938944047,806291.780386392,5501.21026625858,0,
81.4498,15809.9919148902,2600.27042812453,996930.282472246,10304.2453490838,700.019600548815,300.003600043201,35851.3391176164,87908.0297361956,812473.413152384,5701.29989637637,0,
81.57617,17612.3991289868,3400.46246289495,1000823.70609501,9503.61137232148,400.006400102402,100.0004000016,39261.5621294189,87706.6223517417,771495.48895743,4100.67251029169,0,
81.70243,17011.567866149,2700.2916314962,1014243.31850175,11505.2924345199,100.0004000016,200.0016000128,36352.7842427204,96168.5177600565,745274.197468313,5301.12383825371,0,
81.8287,19515.221873061,1900.14441097523,1000715.53969165,11405.2007715518,100.0004000016,800.025600819226,35951.6265357053,85894.1014032046,766395.672894576,6101.48876325823,0,
81.95499,16611.0297237366,3200.40965243551,1039605.19792183,10004.0016006403,500.010000200004,300.003600043201,38559.381447429,94959.3260899243,754397.820971909,4600.84655576626,0,
82.08131,17612.3991289868,1900.14441097523,1028218.75364395,10004.0016006403,300.003600043201,1900.14441097523,40866.6944453348,90425.8949253108,765545.899774088,5301.12383825371,100.0004000016,
82.20757,17812.6826300326,2500.2500250025,1016300.77341259,10104.0820491479,0,300.003600043201,41669.3377780627,89015.8281583057,765121.03423257,4700.88376614804,0,
82.33383,17712.5404786589,1800.12960933187,1015975.89047482,6301.58800017604,200.0016000128,500.010000200004,39863.462632511,90425.8949253108,789254.33981572,6001.44034568296,0,
82.46006,20516.8237955123,2200.1936170383,1067643.09145448,7702.37233067785,300.003600043201,500.010000200004,36051.9147572504,90425.8949253108,764058.931677838,7001.96054895371,0,
82.58636,21418.3340939844,2600.27042812453,992821.822325547,7302.132222609,200.0016000128,400.006400102402,38760.0004807442,90728.0727109227,760660.791862104,8002.56081946223,0,
82.71264,14608.5313823273,2600.27042812453,1003311.78178853,7802.43435952017,300.003600043201,500.010000200004,37656.6355799122,86598.9395392896,746865.061710086,5801.34591225164,0,
82.83892,16010.246557797,2900.33643902693,1010670.61751413,8102.62525058119,400.006400102402,0,37556.3345017526,93951.7553721132,784041.122451505,4900.9605882753,0,
82.96511,19114.6035571176,2700.2916314962,1005800.33370643,11605.3848985929,100.0004000016,100.0004000016,38860.311202987,90728.0727109227,781488.478768429,5401.16665199683,0,
83.09144,15609.7404780583,2500.2500250025,1008938.75207031,7802.43435952017,500.010000200004,0,40967.0220480706,82571.8264526822,799474.103519874,5501.21026625858,0,
83.2177,16711.163056922,2500.2500250025,1029595.74637398,9503.61137232148,100.0004000016,100.0004000016,41669.3377780627,87605.9198721937,762890.720000659,5501.21026625858,0,
83.34398,20216.3347985172,3100.38444767151,1004285.50625143,9903.92195309342,500.010000200004,400.006400102402,39361.8768704403,86196.1700402583,751532.731228163,5801.34591225164,0,
83.47026,16611.0297237366,2500.2500250025,951485.255404137,7702.37233067785,500.010000200004,200.0016000128,35751.0525029742,88512.2712931221,810128.307309841,5601.25468104855,0,
83.59649,21117.8234429859,2600.27042812453,1012835.77368417,10404.3282005314,300.003600043201,300.003600043201,39863.462632511,87505.2182010854,760236.087411694,6101.48876325823,0,
83.72276,27430.063349431,2100.17641481884,1036784.76952238,7802.43435952017,300.003600043201,400.006400102402,45783.6925900546,88210.1468764175,778085.739975418,3200.40965243551,0,
83.84903,21518.505915087,2600.27042812453,1000174.72117413,8402.82334864514,300.003600043201,300.003600043201,38358.7656289435,93045.0109004188,765758.337799398,6501.69043951427,100.0004000016,
83.97516,19114.6035571176,2000.16001280102,994875.89006455,8703.02865397158,200.0016000128,200.0016000128,38258.4589252378,87505.2182010854,803947.797581448,5201.0818250196,0,
84.10139,16310.634533716,2600.27042812453,1029736.37083004,7402.19104855037,900.032401166442,100.0004000016,41468.6721210324,90123.7244181099,820151.285430412,6301.58800017604,0,
84.22767,20717.1538033492,3200.40965243551,1020958.3206698,11705.4781637807,600.014400345608,400.006400102402,35650.7666917691,87605.9198721937,769370.32028235,4100.67251029169,100.0004000016,
84.35393,16711.163056922,3000.36004320518,975861.151748903,10604.4963064339,200.0016000128,100.0004000016,37355.7347562563,96269.2889925755,810448.069378484,3600.51847466035,0,
84.48023,20016.0128102482,2700.2916314962,984824.862280428,8502.8909829342,400.006400102402,300.003600043201,39963.7821963854,89922.281456741,812473.413152384,5301.12383825371,0,
84.60646,17812.6826300326,2700.2916314962,1045247.8882513,6901.90492575951,300.003600043201,0,44679.7086001427,88713.6916135455,771176.691310784,5201.0818250196,0,
84.73274,17712.5404786589,2900.33643902693,960971.314165137,9403.53572943427,500.010000200004,400.006400102402,40164.423735672,96168.5177600565,790212.0987043,4500.81014582625,0,
84.85889,18313.4054127621,2600.27042812453,1000282.88307777,9103.31360615264,400.006400102402,600.014400345608,39763.1438724695,93548.7497390271,834986.772486773,4500.81014582625,0,
84.98521,17311.9798900839,3200.40965243551,1009534.41896789,9403.53572943427,400.006400102402,300.003600043201,38258.4589252378,91735.3845659732,701126.737396167,3800.57768780855,0,
85.11152,18914.2992102029,2100.17641481884,914684.711579925,8402.82334864514,100.0004000016,100.0004000016,39261.5621294189,89620.1230796405,799793.601651187,5001.00020004001,0,
85.23776,17812.6826300326,3100.38444767151,1015651.01565102,9703.76506084361,400.006400102402,200.0016000128,38459.0731363374,95362.3770327244,816418.415987179,5101.04061228491,0,
85.36403,17311.9798900839,3500.49006860961,977480.641581426,9103.31360615264,200.0016000128,100.0004000016,39060.9350586916,84383.8673296971,776916.255954468,4700.88376614804,100.0004000016,
85.49027,18814.1482394761,2300.21161946899,963883.199913592,8402.82334864514,400.006400102402,200.0016000128,41067.3504547458,96470.8338854557,796918.403315214,4900.9605882753,0,
85.61656,18513.7001381022,2200.1936170383,1005367.50785362,8703.02865397158,200.0016000128,800.025600819226,47389.6612390643,95866.208918067,875631.365405316,5201.0818250196,0,
85.74287,17111.7044058136,3700.5476810568,1020416.65972789,8903.16952835209,1100.04840212969,400.006400102402,42070.6787402837,97277.0458296357,823138.358309473,6201.53798141939,0,
85.86902,19815.6940296715,3800.57768780855,943124.507554649,8202.69048247825,900.032401166442,200.0016000128,44579.3512452165,94354.7739500522,839900.113282122,4500.81014582625,0,
85.99522,17211.841747122,1600.10240655402,984392.734348041,11605.3848985929,500.010000200004,200.0016000128,41468.6721210324,101006.449954617,822818.281729013,4900.9605882753,0,
86.12153,18914.2992102029,3200.40965243551,971327.654269686,9703.76506084361,300.003600043201,400.006400102402,41067.3504547458,90224.4471118141,845135.945415073,4800.92177698118,0,
86.24777,22319.9093591484,2700.2916314962,1004718.29608764,11205.0198488923,100.0004000016,0,43575.8219301585,95160.8499429838,855934.86786583,5701.29989637637,0,
86.37406,16110.3750815525,3000.36004320518,952455.102252673,10404.3282005314,300.003600043201,300.003600043201,41167.6796653699,87203.1180383011,784147.49357459,5201.0818250196,0,
86.50027,16811.2971917128,2500.2500250025,937376.797460212,10504.4118529783,500.010000200004,200.0016000128,41268.0096799526,96370.061034372,781594.828830836,4200.70571856072,0,
86.62645,18513.7001381022,2600.27042812453,941049.197822986,10704.5815609081,200.0016000128,500.010000200004,40064.1025641026,89821.5611890568,807677.061310782,4500.81014582625,0,
86.75273,18513.7001381022,3100.38444767151,960000.830720027,10904.7544729502,200.0016000128,400.006400102402,42371.6929043942,100704.02454648,837550.021496842,4700.88376614804,0,
86.87903,18914.2992102029,2600.27042812453,930920.02904263,9103.31360615264,300.003600043201,200.0016000128,43174.4327220127,89720.8417300266,813219.672564471,6301.58800017604,100.0004000016,
87.00531,18914.2992102029,3600.51847466035,947822.043608948,10304.2453490838,600.014400345608,500.010000200004,40465.3920735909,96773.1572945277,815991.87106048,7202.07419736884,0,
87.13151,19314.911111378,3000.36004320518,880345.844237586,9703.76506084361,100.0004000016,200.0016000128,40164.423735672,87404.517338407,759492.888319203,5501.21026625858,0,
87.25774,14908.8856958747,3100.38444767151,913502.800731383,9203.38684635946,300.003600043201,300.003600043201,44579.3512452165,93347.251776609,831676.661803423,5701.29989637637,0,
87.38396,17311.9798900839,2100.17641481884,961294.824771644,9803.84310649775,0,100.0004000016,41368.3404985035,87303.8172841488,831890.191734622,4500.81014582625,0,
87.5102,15109.1259120509,2600.27042812453,937053.882673218,8803.09869073914,300.003600043201,200.0016000128,44378.6389482162,94858.5653771255,815565.340228499,5801.34591225164,0,
87.63642,16711.163056922,2500.2500250025,949350.436749641,9903.92195309342,300.003600043201,300.003600043201,40866.6944453348,93347.251776609,846418.513479424,5701.29989637637,0,
87.76257,15809.9919148902,1900.14441097523,938883.839452835,12506.2531265633,200.0016000128,200.0016000128,45281.8696202735,101812.953338742,830609.065097268,5801.34591225164,0,
87.88888,16410.7654621432,2400.23042212052,958275.705961266,10704.5815609081,400.006400102402,100.0004000016,44077.5765347011,88713.6916135455,762465.942020025,6701.7960813498,0,
88.01515,17412.118834709,2700.2916314962,902870.452492063,10604.4963064339,700.019600548815,700.019600548815,41167.6796653699,93750.2509375025,801071.673313023,7001.96054895371,0,
88.14149,15910.1188355794,1800.12960933187,962049.714209757,9303.46088745013,100.0004000016,200.0016000128,42973.74294289,98184.0961842729,867813.404080078,8502.8909829342,0,
88.2678,18213.259252736,2000.16001280102,937484.437509337,10804.6676164103,500.010000200004,400.006400102402,43676.1712426472,89821.5611890568,817698.13534257,5701.29989637637,0,
88.39411,16310.634533716,2800.31363512713,941575.421498717,12606.3536022155,700.019600548815,300.003600043201,40264.7457111035,97881.7387812469,821004.664306283,6601.74286011507,0,
88.52045,17011.567866149,2900.33643902693,960863.479088005,13106.8679988314,100.0004000016,200.0016000128,43977.2240053534,94052.5088029936,806824.563142074,6001.44034568296,0,
88.64675,18613.8487034354,2500.2500250025,941683.096399294,10304.2453490838,100.0004000016,400.006400102402,47590.4218014227,92541.2922859506,800219.611469333,6701.7960813498,0,
88.77298,20216.3347985172,2200.1936170383,955149.50166113,11205.0198488923,500.010000200004,100.0004000016,45884.059597182,97277.0458296357,844922.19644622,5601.25468104855,0,
88.89927,20216.3347985172,3300.43565750679,922638.551318529,11405.2007715518,700.019600548815,300.003600043201,44177.9298682877,96974.7102805239,741562.945329039,7502.25067520256,0,
89.0255,14508.4148806308,2300.21161946899,880173.445694179,12406.1534521122,100.0004000016,400.006400102402,41870.0066511207,98385.6718335877,754509.075901372,6201.53798141939,0,
89.15181,18113.1138944596,3300.43565750679,971759.347755624,10804.6676164103,200.0016000128,0,39462.1924152464,98083.3095738145,781701.179770646,7001.96054895371,0,
89.2781,18613.8487034354,2500.2500250025,958343.445586851,11004.8421305374,300.003600043201,100.0004000016,41167.6796653699,97176.2665039031,797024.880714557,5101.04061228491,0,
89.40434,16510.8971921468,2500.2500250025,885812.503882872,10204.1632986258,600.014400345608,100.0004000016,36954.5449082846,94757.8054734678,781063.087292617,6301.58800017604,0,
89.53059,17712.5404786589,2300.21161946899,975321.366675948,12105.8592358702,100.0004000016,300.003600043201,42171.0159909287,100603.217696528,824738.860240645,7302.132222609,0,
89.65685,16310.634533716,2700.2916314962,948576.149729512,9303.46088745013,400.006400102402,100.0004000016,41870.0066511207,93649.4999337528,795001.960420149,6701.7960813498,100.0004000016,
89.78312,15209.2472223112,2500.2500250025,926617.302387323,12406.1534521122,200.0016000128,100.0004000016,43575.8219301585,89519.4052378888,780106.007795904,5401.16665199683,0,
89.90931,16110.3750815525,3100.38444767151,934255.62462136,11205.0198488923,300.003600043201,0,39863.462632511,84182.5165254594,808955.914173866,8202.69048247825,0,
90.03552,15109.1259120509,2300.21161946899,976292.995960167,7902.49718911176,100.0004000016,0,39161.2481921726,93851.0027502861,778192.061966649,7402.19104855037,0,
90.16176,18713.9980705568,2300.21161946899,961618.343441057,11905.6670975384,600.014400345608,200.0016000128,42973.74294289,93246.5040088971,810234.893785721,6901.90492575951,100.0004000016,
90.28808,13907.7326993809,2600.27042812453,958599.149388623,13707.5117164206,500.010000200004,500.010000200004,41769.6718125834,95563.9073592239,830929.334843237,7302.132222609,0,
90.41426,15709.8657957197,2200.1936170383,919090.965641653,13707.5117164206,200.0016000128,100.0004000016,37556.3345017526,84987.9391377989,790957.071467774,7902.49718911176,0,
90.54055,16510.8971921468,1900.14441097523,963128.20385002,11605.3848985929,200.0016000128,500.010000200004,39261.5621294189,98083.3095738145,868991.150735507,6301.58800017604,0,
90.66674,18213.259252736,2300.21161946899,994119.090496966,12205.9565067753,500.010000200004,200.0016000128,43876.872280235,99494.3957848913,801710.756630008,5601.25468104855,0,
90.79298,17412.118834709,1400.07840439065,951269.743726021,10704.5815609081,700.019600548815,700.019600548815,37656.6355799122,93548.7497390271,785743.165746631,6701.7960813498,100.0004000016,
90.9192,17812.6826300326,2000.16001280102,963775.340644732,10104.0820491479,100.0004000016,100.0004000016,43274.7788177972,92138.3319549385,786487.880350696,7001.96054895371,0,
91.04536,18313.4054127621,1900.14441097523,922208.489212214,12005.7627661277,100.0004000016,500.010000200004,38760.0004807442,85189.3028725552,814179.212357764,6301.58800017604,0,
91.17165,16911.4321281186,2500.2500250025,1004718.29608764,11004.8421305374,700.019600548815,100.0004000016,37155.1382251261,96269.2889925755,795960.146273412,5901.39272868397,0,
91.2978,15509.6159618964,2000.16001280102,938883.839452835,10204.1632986258,0,500.010000200004,39863.462632511,97377.8259647432,780850.396818849,7001.96054895371,0,
91.42411,15109.1259120509,3200.40965243551,964638.239888331,10204.1632986258,700.019600548815,400.006400102402,39261.5621294189,95160.8499429838,775109.080261628,5201.0818250196,0,
91.55042,13607.4024269202,3000.36004320518,972730.710572356,11405.2007715518,400.006400102402,200.0016000128,39662.8259162513,99897.5924178229,824632.153939599,7202.07419736884,0,
91.67671,14908.8856958747,3000.36004320518,966579.972911664,8803.09869073914,200.0016000128,200.0016000128,40164.423735672,91231.7185285699,745804.463704595,4400.77453631839,0,
91.80295,13607.4024269202,3800.57768780855,959030.419830207,9003.24116682005,300.003600043201,200.0016000128,41870.0066511207,95664.6737362827,802989.018247874,6601.74286011507,0,
91.92924,17712.5404786589,2300.21161946899,928597.339433002,11305.1099096792,400.006400102402,400.006400102402,41870.0066511207,96873.9333828578,798835.130996165,5601.25468104855,0,
92.05545,16010.246557797,2200.1936170383,978776.378849535,11705.4781637807,400.006400102402,0,39763.1438724695,87505.2182010854,796705.451153422,5901.39272868397,0,
92.1817,15309.3693340324,2800.31363512713,981800.268547888,10904.7544729502,0,400.006400102402,39963.7821963854,87706.6223517417,793085.802247506,7001.96054895371,0,
92.30801,16611.0297237366,2500.2500250025,986013.288207755,12806.5569571621,300.003600043201,500.010000200004,37456.0342272039,91030.2577752084,808204.909846289,6201.53798141939,0,
92.43425,16510.8971921468,2200.1936170383,1000823.70609501,12105.8592358702,200.0016000128,400.006400102402,36553.3679171591,94757.8054734678,792340.706503797,5601.25468104855,0,
92.56053,16811.2971917128,2000.16001280102,986877.666253649,9703.76506084361,300.003600043201,200.0016000128,39060.9350586916,89317.9719802497,773621.008181578,5901.39272868397,0,
92.68679,14908.8856958747,2400.23042212052,996930.282472246,10704.5815609081,300.003600043201,500.010000200004,40264.7457111035,89217.2565643428,779574.327668702,6201.53798141939,0,
92.81291,19314.911111378,2800.31363512713,1008289.36198545,10604.4963064339,300.003600043201,100.0004000016,41167.6796653699,97176.2665039031,807144.243355177,5101.04061228491,0,
92.93921,16510.8971921468,1900.14441097523,978452.432414458,10904.7544729502,200.0016000128,400.006400102402,35149.3496869605,97881.7387812469,771389.222198856,6401.6388195378,0,
93.06549,15910.1188355794,2200.1936170383,981692.260365656,10204.1632986258,200.0016000128,400.006400102402,36553.3679171591,90023.0025330887,770007.834082382,7602.31110257518,0,
93.19182,14208.0701838644,2500.2500250025,1005908.54242084,9703.76506084361,500.010000200004,100.0004000016,35349.9140786791,92239.0708243503,847857.217990227,6001.44034568296,0,
93.31808,16110.3750815525,1900.14441097523,988066.27996424,8402.82334864514,400.006400102402,0,35450.1974796312,95463.1417913744,766608.124933007,4600.84655576626,0,
93.44432,13307.0793662228,2600.27042812453,985581.120747719,11905.6670975384,500.010000200004,300.003600043201,39562.5087638469,89519.4052378888,782020.237854606,6301.58800017604,0,
93.5706,13707.5117164206,2600.27042812453,975537.278013058,9903.92195309342,200.0016000128,200.0016000128,37155.1382251261,96269.2889925755,772983.315601521,4900.9605882753,0,
93.69682,14408.2991803279,2300.21161946899,1026376.1706664,10404.3282005314,600.014400345608,0,34046.302972042,89317.9719802497,810874.431128328,6801.85010322808,0,
93.82304,17111.7044058136,2900.33643902693,1022691.78723847,11205.0198488923,500.010000200004,400.006400102402,40365.0684904065,88612.9810490653,783422.217256327,5301.12383825371,0,
93.94927,16711.163056922,2800.31363512713,972622.777782395,8703.02865397158,200.0016000128,0,39562.5087638469,92239.0708243503,751108.327702424,6201.53798141939,200.0016000128,
94.07558,14608.5313823273,1800.12960933187,988089.5517407,11805.5722300926,400.006400102402,300.003600043201,43375.1257177431,94556.2880935365,775321.676014517,5001.00020004001,0,
94.20185,14408.2991803279,2400.23042212052,999157.870309574,7602.31110257518,300.003600043201,200.0016000128,37857.2401471024,89317.9719802497,773727.293346255,4600.84655576626,0,
94.32809,16310.634533716,2600.27042812453,967550.948334961,8602.95941803981,100.0004000016,400.006400102402,37255.4360889003,120679.745497369,798291.832810304,5701.29989637637,0,
94.45441,15609.7404780583,2600.27042812453,1010670.61751413,9803.84310649775,300.003600043201,0,39161.2481921726,97680.1712264132,788828.692031871,4400.77453631839,0,
94.58064,16210.5044068556,3600.51847466035,1040690.14078639,8602.95941803981,900.032401166442,0,39662.8259162513,87706.6223517417,768307.867373612,4800.92177698118,0,
94.70693,14608.5313823273,2700.2916314962,959030.419830207,7402.19104855037,200.0016000128,200.0016000128,36854.249455198,89922.281456741,791063.499661621,5301.12383825371,100.0004000016,
94.83324,16410.7654621432,2500.2500250025,972730.710572356,7902.49718911176,500.010000200004,100.0004000016,38358.7656289435,94858.5653771255,797131.35899288,3800.57768780855,0,
94.95948,15409.4922472243,3000.36004320518,1017275.47091269,9203.38684635946,500.010000200004,300.003600043201,41669.3377780627,87807.3256397391,815778.603882693,4800.92177698118,0,
95.08577,16410.7654621432,1800.12960933187,1007964.67910333,8002.56081946223,200.0016000128,200.0016000128,39462.1924152464,94757.8054734678,868134.597077936,4200.70571856072,0,
95.21202,16110.3750815525,2400.23042212052,1042100.70167836,7902.49718911176,100.0004000016,800.025600819226,41167.6796653699,87706.6223517417,775853.180740283,5801.34591225164,0,
95.33823,18113.1138944596,2400.23042212052,1018033.61946232,8002.56081946223,300.003600043201,100.0004000016,35249.6314811254,94254.0180919534,807144.243355177,3900.60849492521,700.019600548815,
95.46455,16611.0297237366,3300.43565750679,1061864.61174077,6401.6388195378,600.014400345608,400.006400102402,34146.5759295679,92440.5509898466,786913.450866647,3600.51847466035,0,
95.59087,17111.7044058136,3600.51847466035,1024967.31264106,7502.25067520256,100.0004000016,200.0016000128,33444.6820952793,90224.4471118141,766820.580474934,4300.73972723308,0,
95.71713,16811.2971917128,3100.38444767151,942975.264929664,7702.37233067785,300.003600043201,300.003600043201,34146.5759295679,86397.5531731283,763421.712175175,2900.33643902693,0,
95.84333,18012.9693379233,2400.23042212052,975321.366675948,5901.39272868397,100.0004000016,200.0016000128,36653.6609596449,90627.3459736568,779999.670016004,3200.40965243551,0,
95.96957,14908.8856958747,3200.40965243551,1006767.33932568,8202.69048247825,100.0004000016,0,35450.1974796312,87505.2182010854,776065.788768234,3500.49006860961,0,
96.09576,15609.7404780583,2000.16001280102,976832.821416548,7001.96054895371,600.014400345608,100.0004000016,34046.302972042,88109.4403545251,777235.195618282,4400.77453631839,100.0004000016,
96.22189,18313.4054127621,1900.14441097523,1029194.34437665,7202.07419736884,600.014400345608,600.014400345608,35450.1974796312,95060.0876118738,749410.853479672,3900.60849492521,100.0004000016,
96.34805,15809.9919148902,2400.23042212052,1123676.45420941,5801.34591225164,300.003600043201,300.003600043201,35951.6265357053,87605.9198721937,776703.633896572,3600.51847466035,0,
96.47428,14908.8856958747,3200.40965243551,980612.227931029,7001.96054895371,700.019600548815,200.0016000128,35751.0525029742,88411.5623457063,821004.664306283,4000.64010241639,100.0004000016,
96.60052,17211.841747122,3100.38444767151,983744.569397385,5301.12383825371,200.0016000128,300.003600043201,39963.7821963854,88612.9810490653,747289.325379824,3500.49006860961,0,
96.72674,21618.6785382571,2700.2916314962,956227.418082146,5701.29989637637,100.0004000016,400.006400102402,38459.0731363374,97680.1712264132,790744.217715146,4200.70571856072,0,
96.85303,19314.911111378,3200.40965243551,985473.081128726,5601.25468104855,400.006400102402,100.0004000016,37355.7347562563,95664.6737362827,820257.954705071,4300.73972723308,0,
96.97926,14708.648685427,2600.27042812453,1013485.3908266,6401.6388195378,200.0016000128,600.014400345608,39863.462632511,86498.2459520426,766395.672894576,3800.57768780855,0,
97.10552,15409.4922472243,3000.36004320518,956982.012849744,6401.6388195378,200.0016000128,500.010000200004,39462.1924152464,93145.7570501702,767882.910740054,3200.40965243551,0,
97.23176,17412.118834709,3100.38444767151,988930.794595966,6501.69043951427,500.010000200004,100.0004000016,36653.6609596449,95866.208918067,830502.310280127,3400.46246289495,0,
97.35797,17311.9798900839,2100.17641481884,992605.623552212,6401.6388195378,300.003600043201,200.0016000128,39161.2481921726,93045.0109004188,824098.635661221,2700.2916314962,0,
97.48417,14007.84439286,3100.38444767151,979640.275508889,5901.39272868397,500.010000200004,200.0016000128,36954.5449082846,87102.4196008542,785530.398046076,3200.40965243551,0,
97.61048,17612.3991289868,2300.21161946899,987525.987525988,6201.53798141939,300.003600043201,500.010000200004,39763.1438724695,98184.0961842729,826873.171457379,3400.46246289495,0,
97.73671,16210.5044068556,2900.33643902693,993038.024695466,5401.16665199683,400.006400102402,900.032401166442,40264.7457111035,84987.9391377989,813859.357833783,3900.60849492521,0,
97.86298,16510.8971921468,1800.12960933187,947929.770371201,5001.00020004001,500.010000200004,200.0016000128,45783.6925900546,97176.2665039031,858823.237359173,3800.57768780855,0,
97.98923,17712.5404786589,3600.51847466035,1003744.53921365,7202.07419736884,400.006400102402,400.006400102402,43074.0874303803,95866.208918067,829648.303508699,2800.31363512713,0,
98.11551,16410.7654621432,2800.31363512713,950623.230167496,8703.02865397158,300.003600043201,400.006400102402,38459.0731363374,97881.7387812469,813113.061435209,2800.31363512713,0,
98.24182,15109.1259120509,2900.33643902693,958599.149388623,5501.21026625858,300.003600043201,0,36954.5449082846,84081.8423355086,772345.654576344,3400.46246289495,0,
98.36814,16711.163056922,2400.23042212052,934363.238766271,6101.48876325823,200.0016000128,500.010000200004,39361.8768704403,95362.3770327244,829007.835487817,3800.57768780855,0,
98.49445,17512.2585810067,3200.40965243551,993623.711025137,7402.19104855037,600.014400345608,500.010000200004,40565.7164606663,91533.9157245632,809488.806940894,3800.57768780855,100.0004000016,
98.62073,17512.2585810067,1800.12960933187,919090.965641653,6201.53798141939,100.0004000016,100.0004000016,40565.7164606663,91735.3845659732,865993.461076853,2800.31363512713,100.0004000016,
98.74696,19214.7569333248,3200.40965243551,994875.89006455,6501.69043951427,400.006400102402,200.0016000128,42171.0159909287,96672.3820155238,836054.731098342,2100.17641481884,0,
98.87311,17111.7044058136,2300.21161946899,941683.096399294,7001.96054895371,500.010000200004,200.0016000128,43074.0874303803,101208.070942038,844601.579622049,2500.2500250025,0,
98.99927,14608.5313823273,3800.57768780855,976832.821416548,6401.6388195378,800.025600819226,500.010000200004,42773.0563802976,97277.0458296357,851550.058941534,3000.36004320518,0,
99.1255,15910.1188355794,2800.31363512713,963236.057742237,8703.02865397158,300.003600043201,200.0016000128,44980.7854907414,96470.8338854557,821324.69592808,3700.5476810568,0,
99.25178,15910.1188355794,2500.2500250025,937699.720287846,7001.96054895371,300.003600043201,200.0016000128,44177.9298682877,100905.640675516,860963.186401685,4000.64010241639,0,
99.37811,17612.3991289868,2900.33643902693,958060.081487542,6601.74286011507,0,300.003600043201,42371.6929043942,98688.0413787011,858930.226400106,2600.27042812453,0,
99.50441,16410.7654621432,3000.36004320518,950299.985467832,8703.02865397158,200.0016000128,200.0016000128,45683.3263873305,103123.631879762,849411.66739045,3800.57768780855,0,
99.63069,17412.118834709,2300.21161946899,959893.003704996,8402.82334864514,300.003600043201,400.006400102402,44579.3512452165,100704.02454648,871025.693033036,3600.51847466035,0,
99.75698,18713.9980705568,3000.36004320518,932103.529255562,6701.7960813498,400.006400102402,300.003600043201,42371.6929043942,95765.4409225605,838084.095729068,2400.23042212052,0,
99.88323,17912.8255831175,2800.31363512713,945236.869634525,6401.6388195378,400.006400102402,200.0016000128,43776.5213593361,106753.917657881,870597.341744382,1900.14441097523,0,
100.00942,19114.6035571176,2900.33643902693,981476.246695156,7202.07419736884,400.006400102402,200.0016000128,48092.3372875922,105140.327692376,867813.404080078,3200.40965243551,0,
100.1357,17011.567866149,1600.10240655402,972946.578843477,6701.7960813498,400.006400102402,400.006400102402,44780.0667593657,100905.640675516,848770.218908065,2100.17641481884,0,
100.26195,53413.8783887248,1800.12960933187,912535.862949634,8202.69048247825,400.006400102402,300.003600043201,40967.0220480706,104535.284926434,883132.480225287,3500.49006860961,0,
100.38821,17912.8255831175,1900.14441097523,1003636.34850698,5201.0818250196,500.010000200004,300.003600043201,48192.7227986646,97780.9545991182,877559.808216229,3300.43565750679,0,
100.51448,18713.9980705568,2800.31363512713,960216.487437332,7402.19104855037,500.010000200004,200.0016000128,42271.354045629,104333.610485176,864379.013050201,1900.14441097523,0,
100.64066,15509.6159618964,2900.33643902693,962696.797241723,7302.132222609,500.010000200004,300.003600043201,47791.1855820906,103829.438557875,887420.784492399,2500.2500250025,0,
100.76696,17111.7044058136,1800.12960933187,952347.337912019,6101.48876325823,200.0016000128,500.010000200004,49899.3996040112,101812.953338742,878309.835828002,2900.33643902693,0,
100.8932,17211.841747122,2500.2500250025,943406.016379629,6701.7960813498,400.006400102402,400.006400102402,50702.6221071449,103325.286880801,923391.194342479,2600.27042812453,100.0004000016,
101.01939,17912.8255831175,2400.23042212052,954610.577022902,8302.75651516303,200.0016000128,100.0004000016,48092.3372875922,101812.953338742,941205.360079081,3400.46246289495,0,
101.14568,20516.8237955123,2500.2500250025,900186.89574864,7902.49718911176,200.0016000128,200.0016000128,45281.8696202735,101510.508496359,854651.355197405,2400.23042212052,0,
101.27188,18713.9980705568,2500.2500250025,899006.306926016,7302.132222609,400.006400102402,0,46787.3988610725,98788.8328460822,875309.986213635,2900.33643902693,100.0004000016,
101.3982,18513.7001381022,2700.2916314962,927370.176472052,6701.7960813498,100.0004000016,400.006400102402,46887.7739127647,97579.3886631222,865565.276409777,3800.57768780855,0,
101.52435,20216.3347985172,1800.12960933187,921563.422807658,8002.56081946223,200.0016000128,100.0004000016,49397.4116958642,103526.945121682,881631.909360455,2300.21161946899,0,
101.65055,19415.0660912868,2700.2916314962,934040.399010772,7402.19104855037,100.0004000016,300.003600043201,42271.354045629,108670.325167324,894070.465016075,2500.2500250025,0,
101.77687,17211.841747122,2100.17641481884,928445.786731273,7502.25067520256,300.003600043201,600.014400345608,42371.6929043942,102115.40546945,870597.341744382,2200.1936170383,100.0004000016,
101.9031,18313.4054127621,2200.1936170383,931135.202864457,8002.56081946223,500.010000200004,100.0004000016,43174.4327220127,100905.640675516,869526.525577718,2000.16001280102,100.0004000016,
102.02937,19114.6035571176,2800.31363512713,915436.892801314,8202.69048247825,200.0016000128,100.0004000016,43977.2240053534,96370.061034372,907809.650140938,2300.21161946899,0,
102.15571,18313.4054127621,2600.27042812453,942436.845731743,7902.49718911176,400.006400102402,300.003600043201,44679.7086001427,107661.653168788,882489.357120376,2400.23042212052,0,
102.28194,17712.5404786589,2200.1936170383,970788.05759282,8102.62525058119,600.014400345608,200.0016000128,49196.6221659339,109679.078213637,941467.747491979,1800.12960933187,0,
102.40817,17712.5404786589,2200.1936170383,963128.20385002,8002.56081946223,100.0004000016,200.0016000128,48594.2728894055,99595.1937287155,879488.538492116,2900.33643902693,0,
102.53433,20416.6599945556,3500.49006860961,932318.722719201,8803.09869073914,700.019600548815,400.006400102402,42472.032567234,101913.769905818,975901.129705027,2400.23042212052,0,
102.66062,16811.2971917128,1800.12960933187,918123.610788574,8102.62525058119,300.003600043201,200.0016000128,45582.960989,103829.438557875,874988.615005009,2200.1936170383,100.0004000016,
102.78678,16110.3750815525,2500.2500250025,965716.944603701,9003.24116682005,800.025600819226,500.010000200004,51606.3089965329,105947.096748278,912858.167525592,3600.51847466035,0,
102.913,16210.5044068556,2400.23042212052,971435.576295767,8903.16952835209,600.014400345608,300.003600043201,50501.811652291,114219.470150243,870918.603881052,3300.43565750679,100.0004000016,
103.03932,17311.9798900839,3500.49006860961,947275.127017977,7102.01697282028,800.025600819226,0,47088.5264296878,101913.769905818,822248.435647267,2200.1936170383,0,
103.16569,15109.1259120509,3100.38444767151,953425.02159325,8703.02865397158,200.0016000128,200.0016000128,44980.7854907414,100603.217696528,860856.18053774,2600.27042812453,0,
103.29192,16210.5044068556,2600.27042812453,926187.108255313,8703.02865397158,400.006400102402,500.010000200004,46887.7739127647,105140.327692376,858074.338860755,2500.2500250025,0,
103.41823,15709.8657957197,2000.16001280102,959785.177585698,8703.02865397158,100.0004000016,500.010000200004,43575.8219301585,94354.7739500522,860000.165504001,3200.40965243551,0,
103.54447,15809.9919148902,1600.10240655402,846968.489987557,9103.31360615264,400.006400102402,300.003600043201,41268.0096799526,101611.322634023,854223.545958468,2400.23042212052,0,
103.67067,18012.9693379233,2700.2916314962,988498.530090523,8502.8909829342,200.0016000128,300.003600043201,45181.5074394207,102619.508550956,899650.251123009,2000.16001280102,0,
103.79698,15910.1188355794,2300.21161946899,914147.466011004,7001.96054895371,400.006400102402,0,43977.2240053534,100502.411656272,842784.901197865,2300.21161946899,0,
103.92321,18313.4054127621,3900.60849492521,949438.038969828,9803.84310649775,0,100.0004000016,46586.6511711784,104736.962608001,854651.355197405,2800.31363512713,0,
104.0495,17011.567866149,2700.2916314962,1002879.03876717,7102.01697282028,100.0004000016,200.0016000128,42973.74294289,106451.353739857,871239.873996713,2200.1936170383,0,
104.17575,14007.84439286,1900.14441097523,978776.378849535,8002.56081946223,400.006400102402,400.006400102402,42271.354045629,100300.802004811,875631.365405316,1200.05760276493,0,
104.30196,17612.3991289868,2400.23042212052,954718.36016013,8703.02865397158,400.006400102402,100.0004000016,45984.4274087224,96168.5177600565,829755.051266898,1400.07840439065,0,
104.42827,15809.9919148902,2500.2500250025,949976.748820833,7802.43435952017,200.0016000128,300.003600043201,45181.5074394207,102417.864888746,859465.184884832,2000.16001280102,0,
104.55446,19114.6035571176,2200.1936170383,1000066.56017039,7302.132222609,300.003600043201,0,42973.74294289,107459.928493954,847487.417443125,2100.17641481884,0,
104.68073,18213.259252736,2600.27042812453,983420.499047967,7502.25067520256,0,600.014400345608,41970.3422936842,102317.044272455,831996.958024038,2400.23042212052,0,
104.80702,16010.246557797,2100.17641481884,947929.770371201,7802.43435952017,300.003600043201,200.0016000128,39060.9350586916,92742.777304919,817484.839972902,1700.11560786133,0,
104.93328,15309.3693340324,2000.16001280102,959785.177585698,6601.74286011507,200.0016000128,300.003600043201,42070.6787402837,100704.02454648,851229.277654611,3500.49006860961,0,
105.05947,17812.6826300326,2200.1936170383,989795.3667472,8202.69048247825,300.003600043201,200.0016000128,40866.6944453348,99998.3936001028,820791.314298935,2100.17641481884,0,
105.18573,19415.0660912868,2000.16001280102,997362.827514777,7602.31110257518,400.006400102402,0,42773.0563802976,99192.0068109167,855827.903609474,2300.21161946899,100.0004000016,
105.31208,18012.9693379233,3200.40965243551,981908.277628122,7702.37233067785,100.0004000016,200.0016000128,40565.7164606663,93851.0027502861,857646.416337068,2200.1936170383,0,
105.43843,17812.6826300326,2800.31363512713,1062081.96420529,7502.25067520256,600.014400345608,100.0004000016,46787.3988610725,106451.353739857,849625.490625892,1800.12960933187,0,
105.56471,18713.9980705568,3200.40965243551,1009263.45927365,7202.07419736884,200.0016000128,600.014400345608,46385.9066992069,99998.3936001028,795534.277105947,2600.27042812453,0,
105.69092,16611.0297237366,2700.2916314962,935654.678169648,7602.31110257518,700.019600548815,100.0004000016,45582.960989,100704.02454648,831783.426327754,2200.1936170383,0,
105.81715,17111.7044058136,3000.36004320518,988822.72712152,7902.49718911176,100.0004000016,200.0016000128,42773.0563802976,98385.6718335877,831356.373525546,2200.1936170383,0,
105.9434,17412.118834709,2300.21161946899,900926.543010817,6301.58800017604,300.003600043201,300.003600043201,43776.5213593361,94052.5088029936,837336.397985928,3000.36004320518,0,
106.06965,16711.163056922,1800.12960933187,1040690.14078639,6701.7960813498,400.006400102402,700.019600548815,40666.0416516423,95765.4409225605,821324.69592808,2500.2500250025,0,
106.1959,20316.4969955604,2600.27042812453,1020308.33024559,6701.7960813498,300.003600043201,300.003600043201,41569.0045475489,115935.15668325,866100.509458716,2100.17641481884,0,
106.32221,18213.259252736,2600.27042812453,1005908.54242084,6901.90492575951,300.003600043201,0,45582.960989,97176.2665039031,835627.537058624,1500.09000540032,0,
106.44844,14708.648685427,2400.23042212052,1012944.04095478,7902.49718911176,300.003600043201,700.019600548815,42070.6787402837,100905.640675516,834879.981481558,2100.17641481884,0,
106.57473,17211.841747122,3200.40965243551,982664.366334781,5901.39272868397,400.006400102402,1000.04000160006,39863.462632511,99695.9924821391,784572.986843679,2400.23042212052,0,
106.70098,16210.5044068556,3100.38444767151,983636.54504939,8302.75651516303,200.0016000128,200.0016000128,38960.6227289663,97881.7387812469,801071.673313023,2500.2500250025,0,
106.82723,18513.7001381022,3300.43565750679,955257.289274457,7302.132222609,600.014400345608,200.0016000128,42171.0159909287,94254.0180919534,798835.130996165,1800.12960933187,0,
106.9535,21217.9928579435,3200.40965243551,1004069.11673539,8302.75651516303,600.014400345608,500.010000200004,41368.3404985035,94858.5653771255,826232.8410509,2400.23042212052,0,
107.07969,19214.7569333248,2700.2916314962,1035374.7844271,8102.62525058119,500.010000200004,300.003600043201,43676.1712426472,94455.5306172433,781594.828830836,2000.16001280102,0,
107.20589,21518.505915087,3100.38444767151,986121.332318835,7001.96054895371,400.006400102402,300.003600043201,38158.1530252104,87203.1180383011,776384.707386481,1900.14441097523,0,
107.33217,17812.6826300326,2200.1936170383,930274.529002493,6901.90492575951,1100.04840212969,300.003600043201,38860.311202987,98889.6251229846,796173.086130326,1700.11560786133,0,
107.4584,19815.6940296715,3500.49006860961,992389.428375372,7702.37233067785,400.006400102402,300.003600043201,42873.3992595323,91533.9157245632,780943.947997331,1100.04840212969,0,
107.58463,19715.5358422437,3700.5476810568,1029411.15224915,8102.62525058119,400.006400102402,400.006400102402,38960.6227289663,94757.8054734678,820684.640617383,1600.10240655402,0,
107.71083,18814.1482394761,2700.2916314962,950407.732806298,4800.92177698118,100.0004000016,600.014400345608,37957.5436361524,90728.0727109227,801391.211014098,2600.27042812453,0,
107.83702,18613.8487034354,3300.43565750679,952809.286302414,7402.19104855037,200.0016000128,400.006400102402,41970.3422936842,93145.7570501702,791914.956834651,2100.17641481884,0,
107.96323,23021.1794851263,4000.64010241639,1000174.72117413,7702.37233067785,200.0016000128,500.010000200004,42773.0563802976,98284.883604194,835520.740756051,2500.2500250025,0,
108.08945,23221.549598027,3200.40965243551,1021391.66566051,7302.132222609,300.003600043201,200.0016000128,40365.0684904065,93851.0027502861,833812.119984624,2900.33643902693,0,
108.21569,21418.3340939844,3800.57768780855,989687.292082502,5401.16665199683,300.003600043201,600.014400345608,40164.423735672,97780.9545991182,787658.233070918,2800.31363512713,0,
108.34197,23822.6791905894,3800.57768780855,990227.674394428,6201.53798141939,100.0004000016,300.003600043201,38358.7656289435,91936.856642739,776065.788768234,1700.11560786133,0,
108.46814,19815.6940296715,2700.2916314962,984630.702187927,6701.7960813498,400.006400102402,500.010000200004,42472.032567234,92541.2922859506,794256.753968189,2100.17641481884,0,
108.59437,22920.9956319989,4200.70571856072,988390.466210934,6101.48876325823,300.003600043201,600.014400345608,44278.2840061228,88411.5623457063,773514.723893492,2200.1936170383,0,
108.72065,23922.8702639724,3400.46246289495,975429.321895832,6001.44034568296,300.003600043201,800.025600819226,40866.6944453348,99393.5986506566,771601.756592376,1900.14441097523,0,
108.84687,24323.6425805883,3800.57768780855,968629.895086735,6601.74286011507,600.014400345608,500.010000200004,40866.6944453348,96672.3820155238,797237.838150194,1900.14441097523,0,
108.97312,22319.9093591484,2900.33643902693,968198.305626997,5501.21026625858,400.006400102402,500.010000200004,48895.4439065055,93851.0027502861,851229.277654611,2100.17641481884,0,
109.09944,22920.9956319989,5501.21026625858,982880.399762205,7602.31110257518,300.003600043201,600.014400345608,40565.7164606663,95160.8499429838,790424.943673712,1900.14441097523,0,
109.22567,24123.2548176442,3800.57768780855,961110.52522907,7102.01697282028,200.0016000128,300.003600043201,44980.7854907414,87203.1180383011,816951.616967314,2700.2916314962,0,
109.35194,28332.0719053969,3600.51847466035,1015651.01565102,7302.132222609,500.010000200004,500.010000200004,43876.872280235,90023.0025330887,810874.431128328,1800.12960933187,0,
109.47811,25726.4467872973,3500.49006860961,967335.169743276,6601.74286011507,400.006400102402,400.006400102402,42171.0159909287,84786.578635789,870987.73107419,1200.05760276493,0,
109.60425,25125.2257266295,3400.46246289495,944267.562193598,6701.7960813498,300.003600043201,700.019600548815,44378.6389482162,94254.0180919534,783296.54916359,1600.10240655402,0,
109.73049,27329.8441898553,4900.9605882753,1025834.28414381,7102.01697282028,900.032401166442,900.032401166442,46385.9066992069,94959.3260899243,792553.586609332,1900.14441097523,0,
109.85677,28131.6199408135,5701.29989637637,961941.870173675,6301.58800017604,100.0004000016,400.006400102402,41067.3504547458,90325.1706142112,829683.243424255,1800.12960933187,0,
109.98296,34347.1242544771,5101.04061228491,1006341.38628363,6901.90492575951,600.014400345608,300.003600043201,42873.3992595323,91836.1201999318,832103.725196014,2600.27042812453,0,
110.10918,38960.6227289663,4300.73972723308,986445.470042826,6901.90492575951,100.0004000016,700.019600548815,42773.0563802976,86296.8612025367,810981.023766751,2000.16001280102,0,
110.23544,32742.827618525,4600.84655576626,1015542.72584613,6001.44034568296,200.0016000128,700.019600548815,41669.3377780627,86901.0251511235,823351.747104686,2300.21161946899,0,
110.36168,33745.4889190629,4700.88376614804,991632.77357753,7502.25067520256,700.019600548815,300.003600043201,45683.3263873305,98688.0413787011,836802.354662819,3000.36004320518,0,
110.48791,37957.5436361524,6601.74286011507,1027026.46428051,5301.12383825371,300.003600043201,600.014400345608,46988.1497689666,91130.9877474989,758639.524666366,2000.16001280102,100.0004000016,
110.6141,37857.2401471024,7001.96054895371,986013.288207755,6401.6388195378,200.0016000128,500.010000200004,45683.3263873305,92037.5938944047,818658.008121517,2700.2916314962,100.0004000016,
110.74035,38358.7656289435,6701.7960813498,990443.833611258,6001.44034568296,400.006400102402,800.025600819226,47389.6612390643,88109.4403545251,776703.633896572,2100.17641481884,0,
110.8665,40565.7164606663,5901.39272868397,937053.882673218,6001.44034568296,100.0004000016,900.032401166442,41870.0066511207,82068.5282243501,772239.380806486,2400.23042212052,0,
110.99273,38459.0731363374,6801.85010322808,964638.239888331,5601.25468104855,200.0016000128,1000.04000160006,42773.0563802976,89519.4052378888,857967.356902009,2000.16001280102,0,
111.11901,46988.1497689666,6501.69043951427,982664.366334781,6601.74286011507,200.0016000128,700.019600548815,44980.7854907414,94354.7739500522,830395.556345392,2700.2916314962,0,
111.24531,47289.282164727,7402.19104855037,993470.440225415,5301.12383825371,200.0016000128,700.019600548815,46285.535669918,92339.8105026498,842891.757564731,1800.12960933187,0,
111.3715,41268.0096799526,6401.6388195378,955580.657486005,7001.96054895371,500.010000200004,700.019600548815,48092.3372875922,80860.6948802941,779361.661758276,2700.2916314962,0,
111.49774,46586.6511711784,7402.19104855037,956119.622411137,6301.58800017604,200.0016000128,700.019600548815,41268.0096799526,97075.4879875358,768945.328605591,2300.21161946899,0,
111.62407,51104.2526754579,8602.95941803981,970140.571176884,5801.34591225164,200.0016000128,500.010000200004,52409.640968907,91836.1201999318,783190.185061426,2400.23042212052,100.0004000016,
111.75039,48493.8841597332,6201.53798141939,978992.347628014,5201.0818250196,100.0004000016,500.010000200004,49096.2286080718,92339.8105026498,802136.829763694,1700.11560786133,100.0004000016,
111.8767,53313.4510237786,8803.09869073914,966256.330573293,5501.21026625858,400.006400102402,600.014400345608,43977.2240053534,89720.8417300266,730753.396459448,1900.14441097523,0,
112.00301,48092.3372875922,7102.01697282028,889994.44918519,5001.00020004001,200.0016000128,600.014400345608,47891.5686793148,108367.715058191,843746.640312937,2900.33643902693,0,
112.12928,55020.8257333103,9503.61137232148,1000715.53969165,4900.9605882753,100.0004000016,1400.07840439065,48393.4962347255,91433.1825170923,798941.624218808,1400.07840439065,0,
112.25553,54518.6325444167,8402.82334864514,980072.2453849,6301.58800017604,300.003600043201,2100.17641481884,50803.0285418829,98284.883604194,826446.280991736,2900.33643902693,0,
112.38184,57230.7149529525,10104.0820491479,977264.697936366,8302.75651516303,300.003600043201,800.025600819226,49497.8076679519,97780.9545991182,828047.193007831,2400.23042212052,0,
112.50807,61149.2040579013,9303.46088745013,971759.347755624,5801.34591225164,400.006400102402,1100.04840212969,48293.1091143725,88109.4403545251,803095.545766435,2700.2916314962,0,
112.63438,61752.1573156257,10004.0016006403,943406.016379629,6301.58800017604,500.010000200004,1000.04000160006,48795.0527627819,97982.523772809,827726.994727011,2500.2500250025,100.0004000016,
112.76069,61249.6942527537,9503.61137232148,924251.411316247,6501.69043951427,400.006400102402,1000.04000160006,51305.072789072,85894.1014032046,799580.602017734,2400.23042212052,0,
112.88691,65068.9189134994,8703.02865397158,918553.537364187,6801.85010322808,200.0016000128,1200.05760276493,43074.0874303803,85491.3545362596,808955.914173866,2400.23042212052,0,
113.01314,68587.6558263409,9903.92195309342,934363.238766271,6701.7960813498,200.0016000128,800.025600819226,49698.6020264204,95563.9073592239,793511.590572368,3400.46246289495,0,
113.13934,68084.9186390236,9803.84310649775,968629.895086735,5201.0818250196,500.010000200004,1300.06760351538,47389.6612390643,95966.977722812,770857.901551199,2100.17641481884,0,
113.2655,70196.5503409547,12205.9565067753,961079.150138113,5101.04061228491,500.010000200004,1300.06760351538,46687.0246138803,91332.4501184311,777128.881520067,1800.12960933187,0,
113.3918,65269.9629836093,8903.16952835209,887849.693073654,5601.25468104855,600.014400345608,1300.06760351538,49799.0004128207,87203.1180383011,715931.533903884,2600.27042812453,0,
113.51803,67984.3736212609,8102.62525058119,939422.111178438,5901.39272868397,400.006400102402,1200.05760276493,54016.4594866532,100099.195592021,813859.357833783,2400.23042212052,0,
113.64433,74823.2726455744,10604.4963064339,949653.520226198,4900.9605882753,0,1400.07840439065,47690.8032894631,87706.6223517417,780956.741617064,2800.31363512713,0,
113.77064,67682.7434071994,12306.0545788528,912213.566391237,6201.53798141939,100.0004000016,1100.04840212969,49196.6221659339,90728.0727109227,778192.061966649,2400.23042212052,100.0004000016,
113.89695,72409.1175314308,11805.5722300926,953101.707091218,5401.16665199683,400.006400102402,800.025600819226,48895.4439065055,85088.6206010789,781063.087292617,3000.36004320518,0,
114.02327,69190.9670691107,9803.84310649775,954179.453425744,6801.85010322808,100.0004000016,1100.04840212969,49799.0004128207,90023.0025330887,820364.624861086,2100.17641481884,0,
114.14955,70699.3722296877,10304.2453490838,958167.893276627,5201.0818250196,400.006400102402,1500.09000540032,48393.4962347255,87102.4196008542,753336.602290193,2400.23042212052,0,
114.27572,71101.6442631302,11905.6670975384,931135.202864457,5701.29989637637,100.0004000016,1400.07840439065,46787.3988610725,87303.8172841488,775746.878041538,3300.43565750679,0,
114.40201,75024.4732238859,10004.0016006403,964422.509700308,6001.44034568296,100.0004000016,700.019600548815,55422.5947796526,97780.9545991182,798835.130996165,2400.23042212052,0,
114.52827,81363.9446364005,13307.0793662228,939529.768204362,6401.6388195378,300.003600043201,800.025600819226,46988.1497689666,88713.6916135455,773195.87628866,2900.33643902693,0,
114.65462,81162.6423105168,12806.5569571621,958922.600876373,5201.0818250196,200.0016000128,1000.04000160006,45281.8696202735,100099.195592021,757582.001838061,2300.21161946899,0,
114.78085,78646.6358500257,15409.4922472243,989795.3667472,6201.53798141939,400.006400102402,1500.09000540032,49598.2044448007,84987.9391377989,786275.100360183,1900.14441097523,0,
114.90714,78143.4951308277,12606.3536022155,923498.718342223,5701.29989637637,200.0016000128,1100.04840212969,45984.4274087224,90224.4471118141,732766.251785854,2700.2916314962,0,
115.03339,76634.1940971609,13407.186251831,961186.987006945,6101.48876325823,200.0016000128,1100.04840212969,53313.4510237786,91533.9157245632,771070.427181263,1600.10240655402,0,
115.15961,76835.4237383343,11405.2007715518,935654.678169648,4900.9605882753,600.014400345608,1300.06760351538,53715.1653144341,89217.2565643428,738170.736729399,2000.16001280102,0,
115.28592,76533.5804876483,12706.4548790786,952455.102252673,8302.75651516303,200.0016000128,600.014400345608,52610.4820122257,96168.5177600565,766395.672894576,1900.14441097523,0,
115.41215,83075.144879842,11705.4781637807,964422.509700308,5401.16665199683,300.003600043201,1200.05760276493,53012.1737596755,90828.8002569301,747607.532308098,2500.2500250025,0,
115.53844,83477.8141655429,10604.4963064339,975429.321895832,7602.31110257518,200.0016000128,1600.10240655402,54920.3854849831,95966.977722812,765970.779327859,2300.21161946899,0,
115.66469,77036.6566091032,11004.8421305374,933071.927968299,5301.12383825371,500.010000200004,700.019600548815,49397.4116958642,91634.6497408536,756095.952790106,2900.33643902693,0,
115.7909,83276.4779066501,12306.0545788528,978992.347628014,7402.19104855037,1100.04840212969,600.014400345608,47590.4218014227,86901.0251511235,874292.090086185,2500.2500250025,0,
115.91721,82269.8450919014,15910.1188355794,965393.323778069,6801.85010322808,200.0016000128,1200.05760276493,47991.9525811455,94052.5088029936,739866.729266023,1800.12960933187,0,
116.0434,78244.1216595779,12406.1534521122,990659.996423685,6701.7960813498,400.006400102402,900.032401166442,50301.0044168691,87605.9198721937,756838.955879565,2700.2916314962,0,
116.16973,82471.1651911485,13307.0793662228,1091163.26841334,6501.69043951427,400.006400102402,1000.04000160006,53112.5987092636,92843.5210278029,733190.05093113,2000.16001280102,100.0004000016,
116.29596,82773.1513996187,13907.7326993809,981171.852635154,5001.00020004001,700.019600548815,1300.06760351538,51405.4840532773,85994.790140602,761510.242776473,2000.16001280102,0,
116.42223,76533.5804876483,13006.7635170289,1015434.43694275,5901.39272868397,500.010000200004,1400.07840439065,45281.8696202735,84685.8995970396,721328.949047076,1200.05760276493,0,
116.54851,71805.6513855683,13206.9732818928,965824.820004902,7001.96054895371,500.010000200004,1600.10240655402,52309.2216548153,89015.8281583057,729588.203086727,2700.2916314962,0,
116.67473,78445.377139693,12105.8592358702,999417.613045468,7702.37233067785,400.006400102402,800.025600819226,51907.5524486736,81061.9923593053,760554.614436627,2600.27042812453,100.0004000016,
116.80096,78344.7489958631,11405.2007715518,981260.236616533,5201.0818250196,200.0016000128,1400.07840439065,50501.811652291,85793.4134740814,766820.580474934,1900.14441097523,0,
116.92718,76432.9676855054,14007.84439286,1026809.69613179,7602.31110257518,200.0016000128,1000.04000160006,49799.0004128207,86699.6339348789,734885.38711444,2800.31363512713,0,
117.0535,75326.2801455572,9803.84310649775,986013.288207755,5501.21026625858,300.003600043201,600.014400345608,49999.7996000016,79854.2559509478,710219.092203016,2900.33643902693,0,
117.17977,70799.9390278146,10304.2453490838,1000823.70609501,6701.7960813498,300.003600043201,700.019600548815,48995.8358549322,87807.3256397391,705989.289856622,2400.23042212052,0,
117.30601,66375.7630204782,12906.6598364756,934823.268627994,6201.53798141939,100.0004000016,800.025600819226,51706.7226756024,84283.191523519,734779.422058618,2400.23042212052,0,
117.43232,67984.3736212609,11505.2924345199,963185.834960734,6301.58800017604,200.0016000128,1300.06760351538,47991.9525811455,91231.7185285699,693519.477743246,3000.36004320518,0,
117.55859,63058.6555774328,11905.6670975384,913717.685594046,6001.44034568296,600.014400345608,1200.05760276493,51305.072789072,77036.6566091032,688661.641279419,2300.21161946899,0,
117.68485,72308.5378230818,11305.1099096792,956335.21464851,5101.04061228491,300.003600043201,600.014400345608,44780.0667593657,84786.578635789,719847.080077201,2100.17641481884,0,
117.81116,73716.727177903,12906.6598364756,1050784.44122109,5001.00020004001,700.019600548815,900.032401166442,49799.0004128207,86800.3291388203,696688.621917425,2400.23042212052,0,
117.93739,62857.6469786224,12806.5569571621,994010.979870238,5401.16665199683,200.0016000128,400.006400102402,48493.8841597332,81162.6423105168,687922.566326216,2700.2916314962,0,
118.0637,63762.2110649492,10204.1632986258,1017383.7751432,4200.70571856072,300.003600043201,1100.04840212969,46385.9066992069,79049.1629616551,666613.280111044,2000.16001280102,0,
118.18999,58134.8729051399,9203.38684635946,952993.937380616,3900.60849492521,100.0004000016,300.003600043201,42171.0159909287,79954.8962091147,690773.51836171,2000.16001280102,0,
118.3163,58034.4076882059,8002.56081946223,972622.777782395,5201.0818250196,400.006400102402,900.032401166442,48493.8841597332,77137.2742556103,696266.024191493,2500.2500250025,0,
118.44254,58938.6236428079,9803.84310649775,1044813.74832792,5901.39272868397,200.0016000128,400.006400102402,47891.5686793148,77740.997090982,666086.270902461,2000.16001280102,100.0004000016,
118.56881,50602.2164772841,7402.19104855037,975213.412353396,5401.16665199683,300.003600043201,600.014400345608,48293.1091143725,78344.7489958631,669881.220325617,2600.27042812453,0,
118.695,51505.8961224277,7202.07419736884,1025400.79117218,6501.69043951427,100.0004000016,500.010000200004,52309.2216548153,83779.8246142115,687605.832936032,1700.11560786133,0,
118.82122,46887.7739127647,7402.19104855037,978560.413661813,5101.04061228491,200.0016000128,0,45783.6925900546,75728.7006760416,674099.147209123,2000.16001280102,0,
118.94748,45984.4274087224,6601.74286011507,946206.249507022,5201.0818250196,500.010000200004,600.014400345608,44780.0667593657,84786.578635789,665243.101182654,1500.09000540032,0,
119.07367,40064.1025641026,6901.90492575951,963775.340644732,5201.0818250196,600.014400345608,400.006400102402,43174.4327220127,74320.2853257054,678634.964851085,1600.10240655402,0,
119.19996,39462.1924152464,7302.132222609,945129.165231036,6401.6388195378,300.003600043201,300.003600043201,37456.0342272039,77137.2742556103,653128.655570833,2400.23042212052,100.0004000016,
119.3262,39261.5621294189,7302.132222609,974673.654200209,4900.9605882753,300.003600043201,300.003600043201,41769.6718125834,81464.597011092,672095.459119755,2300.21161946899,0,
119.45243,41167.6796653699,7402.19104855037,979748.266631196,5201.0818250196,500.010000200004,700.019600548815,43074.0874303803,77439.1320397387,646812.614128316,2400.23042212052,0,
119.57876,39763.1438724695,5801.34591225164,938237.942869475,5301.12383825371,200.0016000128,300.003600043201,44077.5765347011,76734.808514053,670197.516767773,1700.11560786133,0,
119.70501,39662.8259162513,5001.00020004001,978128.494058282,4400.77453631839,600.014400345608,400.006400102402,42572.3730341581,89317.9719802497,669881.220325617,2600.27042812453,0,
119.83121,33845.7594667991,8903.16952835209,979748.266631196,4700.88376614804,200.0016000128,900.032401166442,42672.714305176,77740.997090982,690139.918778054,2300.21161946899,0,
119.95744,36152.2037822616,6001.44034568296,990227.674394428,6101.48876325823,400.006400102402,400.006400102402,44177.9298682877,81464.597011092,728105.382319646,1900.14441097523,0,
120.08373,36753.9548056547,4800.92177698118,999633.925154334,6901.90492575951,500.010000200004,1000.04000160006,41870.0066511207,76936.0397700144,684544.479466748,1900.14441097523,0,
120.21003,37556.3345017526,4200.70571856072,928876.055823833,5901.39272868397,400.006400102402,400.006400102402,39763.1438724695,77740.997090982,661028.083429134,2200.1936170383,0,
120.33617,32341.7855869784,6501.69043951427,979748.266631196,4100.67251029169,400.006400102402,400.006400102402,44478.9946945776,82068.5282243501,676208.630492655,2000.16001280102,0,
120.46248,36252.4936107484,4200.70571856072,955904.033755134,4900.9605882753,100.0004000016,300.003600043201,47690.8032894631,80961.3432159009,694681.406506304,2400.23042212052,0,
120.58871,36352.7842427204,5601.25468104855,966040.573496359,4500.81014582625,200.0016000128,400.006400102402,39462.1924152464,76533.5804876483,672939.079142483,2400.23042212052,0,
120.71498,37155.1382251261,5101.04061228491,953963.896998061,4600.84655576626,500.010000200004,200.0016000128,41569.0045475489,73314.3712214515,667878.190517259,2800.31363512713,0,
120.84123,35249.6314811254,5701.29989637637,970032.659913073,5801.34591225164,400.006400102402,200.0016000128,46687.0246138803,76332.3556907226,687605.832936032,1900.14441097523,0,
120.96755,38258.4589252378,5501.21026625858,956658.609719834,5601.25468104855,700.019600548815,300.003600043201,45984.4274087224,75527.4887962543,670197.516767773,2500.2500250025,0,
121.09379,39963.7821963854,3900.60849492521,959030.419830207,4800.92177698118,100.0004000016,400.006400102402,48092.3372875922,79552.3400225515,673888.21794461,2000.16001280102,0,
121.22009,37857.2401471024,5401.16665199683,976508.923450345,4700.88376614804,100.0004000016,200.0016000128,43475.4734218603,75225.6770310933,660290.59765896,2200.1936170383,0,
121.34639,38960.6227289663,7802.43435952017,962912.49875378,4200.70571856072,700.019600548815,400.006400102402,49196.6221659339,79652.977857676,718471.211772064,2400.23042212052,0,
121.47263,36553.3679171591,4800.92177698118,998660.549008515,3800.57768780855,400.006400102402,500.010000200004,44077.5765347011,78042.8694096027,698379.151830136,2800.31363512713,0,
121.59885,37155.1382251261,5601.25468104855,980288.235709802,5301.12383825371,600.014400345608,300.003600043201,44780.0667593657,81665.9041840232,685494.476591268,2600.27042812453,0,
121.72517,35249.6314811254,5801.34591225164,939206.799807427,4400.77453631839,400.006400102402,800.025600819226,50501.811652291,82571.8264526822,697850.837338772,2900.33643902693,100.0004000016,
121.85138,42672.714305176,6901.90492575951,991848.956167346,4800.92177698118,500.010000200004,600.014400345608,47690.8032894631,77338.5119709183,697533.859070613,2300.21161946899,0,
121.97776,34647.952766629,7902.49718911176,946744.825181212,4600.84655576626,200.0016000128,1100.04840212969,51807.1371596461,80156.1791485588,714344.489930263,2200.1936170383,0,
122.10403,39361.8768704403,6601.74286011507,972838.644259379,5901.39272868397,500.010000200004,900.032401166442,46084.7960246854,79753.6165004715,681272.804970251,1400.07840439065,0,
122.23026,41970.3422936842,6901.90492575951,978128.494058282,5101.04061228491,200.0016000128,500.010000200004,51305.072789072,79149.7967585701,689823.13070571,3200.40965243551,200.0016000128,
122.35646,33845.7594667991,4500.81014582625,941360.074379068,5101.04061228491,300.003600043201,400.006400102402,45081.1460629132,80055.5372749817,709690.290786881,1800.12960933187,0,
122.48269,36753.9548056547,8102.62525058119,922853.587722937,5201.0818250196,600.014400345608,600.014400345608,48293.1091143725,77942.2444958932,692568.8869157,1900.14441097523,0,
122.60902,39462.1924152464,6701.7960813498,970680.140948075,5401.16665199683,700.019600548815,400.006400102402,49497.8076679519,82672.4885221691,741244.887788765,2200.1936170383,0,
122.73534,40264.7457111035,6701.7960813498,958599.149388623,4200.70571856072,300.003600043201,300.003600043201,47389.6612390643,78847.8977906538,709796.0493299,2400.23042212052,0,
122.86166,42271.354045629,5901.39272868397,940821.72222153,4500.81014582625,500.010000200004,500.010000200004,50301.0044168691,80357.4653188817,738276.729715149,2200.1936170383,0,
122.98797,40064.1025641026,4400.77453631839,917801.175216776,12606.3536022155,400.006400102402,300.003600043201,49799.0004128207,79149.7967585701,709267.265315525,2000.16001280102,0,
123.1143,41468.6721210324,6701.7960813498,940606.387614917,5101.04061228491,100.0004000016,800.025600819226,48594.2728894055,81867.2145884166,726728.63035013,2600.27042812453,0,
123.24049,42070.6787402837,7502.25067520256,931780.745756523,4000.64010241639,500.010000200004,200.0016000128,51907.5524486736,84585.2213664477,718894.540187316,3200.40965243551,0,
123.3668,41167.6796653699,6201.53798141939,891933.534173607,4200.70571856072,400.006400102402,800.025600819226,54317.7609056434,80558.7547201612,695526.511616434,3300.43565750679,0,
123.49308,39261.5621294189,6501.69043951427,1989772.3822238,4800.92177698118,400.006400102402,700.019600548815,53916.0272907297,97579.3886631222,715085.086073533,2700.2916314962,0,
123.61933,69995.4272328341,6201.53798141939,944375.259443753,4600.84655576626,600.014400345608,300.003600043201,49698.6020264204,79351.066775277,689295.167946336,2100.17641481884,0,
123.74563,39060.9350586916,5901.39272868397,839359.020971456,5101.04061228491,100.0004000016,200.0016000128,55322.1513100927,81665.9041840232,695526.511616434,3000.36004320518,100.0004000016,
123.87187,43776.5213593361,6301.58800017604,945559.988210338,5001.00020004001,200.0016000128,400.006400102402,49999.7996000016,85592.0400406186,729905.972631614,3200.40965243551,0,
123.99816,38559.381447429,5401.16665199683,924574.00739991,4000.64010241639,400.006400102402,500.010000200004,54518.6325444167,83679.1536565984,711805.626977238,2200.1936170383,0,
124.12438,38057.8479288519,6501.69043951427,911246.724818414,4100.67251029169,700.019600548815,200.0016000128,51505.8961224277,77237.8927095454,702923.553336651,1700.11560786133,0,
124.25054,32642.5659059413,6401.6388195378,889565.469533159,4500.81014582625,400.006400102402,300.003600043201,47289.282164727,78847.8977906538,701549.495015956,2400.23042212052,0,
124.37676,34748.2305439951,6201.53798141939,890208.944342264,4400.77453631839,1300.06760351538,400.006400102402,47891.5686793148,79552.3400225515,744425.81692212,2200.1936170383,0,
124.50292,34647.952766629,6301.58800017604,941467.747491979,4700.88376614804,200.0016000128,600.014400345608,49196.6221659339,83377.145632081,701972.266543846,3000.36004320518,100.0004000016,
124.6292,35450.1974796312,5501.21026625858,926294.655449915,3300.43565750679,200.0016000128,200.0016000128,46385.9066992069,82873.815085041,721223.095600642,3000.36004320518,0,
124.75545,36453.0756781874,7202.07419736884,922961.107262991,5001.00020004001,400.006400102402,300.003600043201,46084.7960246854,86800.3291388203,710007.569026228,1900.14441097523,0,
124.88166,31038.4877247787,5001.00020004001,896860.057511747,4400.77453631839,400.006400102402,600.014400345608,45884.059597182,87203.1180383011,697533.859070613,3800.57768780855,0,
125.00793,33043.6175751993,5201.0818250196,906091.454720297,4100.67251029169,400.006400102402,300.003600043201,46486.2785329572,84283.191523519,701232.425497267,2500.2500250025,0,
125.13425,32542.3049964954,5901.39272868397,878738.442555411,4600.84655576626,300.003600043201,300.003600043201,44077.5765347011,77841.6203896896,687605.832936032,900.032401166442,100.0004000016,
125.2605,30036.0432519023,5501.21026625858,861070.193151161,3800.57768780855,400.006400102402,500.010000200004,42070.6787402837,86196.1700402583,709373.020378277,2100.17641481884,100.0004000016,
125.38666,33143.8825004306,4300.73972723308,883346.86169596,3200.40965243551,200.0016000128,300.003600043201,45281.8696202735,77942.2444958932,696371.672319868,3600.51847466035,0,
125.51288,32542.3049964954,5201.0818250196,921670.931645591,4700.88376614804,600.014400345608,100.0004000016,41870.0066511207,74018.5026197335,692252.038937122,1800.12960933187,100.0004000016,
125.63917,28332.0719053969,5501.21026625858,876059.883412825,4200.70571856072,400.006400102402,400.006400102402,49598.2044448007,88109.4403545251,728105.382319646,2600.27042812453,0,
125.76547,32341.7855869784,5801.34591225164,863424.565701375,3800.57768780855,400.006400102402,200.0016000128,44880.4257228954,77841.6203896896,704720.62053252,2100.17641481884,0,
125.89171,31740.2466327303,3500.49006860961,870383.171419229,4000.64010241639,200.0016000128,700.019600548815,41669.3377780627,83175.8109892403,733719.819493396,2300.21161946899,100.0004000016,
126.01803,29334.3798932349,5401.16665199683,860107.164284089,4800.92177698118,300.003600043201,300.003600043201,43274.7788177972,84685.8995970396,723763.818805923,2100.17641481884,100.0004000016,
126.14435,30938.239664225,5501.21026625858,894177.745922185,3700.5476810568,300.003600043201,400.006400102402,49698.6020264204,87807.3256397391,742943.81935939,2200.1936170383,300.003600043201,
126.27055,30437.0114058695,5601.25468104855,878845.596455633,4200.70571856072,400.006400102402,300.003600043201,43375.1257177431,78244.1216595779,678423.961050967,2500.2500250025,0,
126.39687,31639.9929510902,4700.88376614804,864494.876760855,4200.70571856072,300.003600043201,200.0016000128,49698.6020264204,81766.5589822822,719847.080077201,2500.2500250025,0,
126.5231,31238.986254846,5001.00020004001,894821.450027138,4500.81014582625,200.0016000128,500.010000200004,45382.2326054811,92138.3319549385,726622.732455472,2400.23042212052,0,
126.64938,29935.8032206519,3600.51847466035,878789.905873069,4100.67251029169,200.0016000128,600.014400345608,45382.2326054811,81464.597011092,699964.225649798,1900.14441097523,0,
126.77562,32241.5270868879,4800.92177698118,900508.893198734,5501.21026625858,300.003600043201,200.0016000128,46385.9066992069,75426.8840672744,735415.225483414,2800.31363512713,100.0004000016,
126.90186,31238.986254846,5101.04061228491,888171.383836668,5101.04061228491,500.010000200004,600.014400345608,50401.4076321559,84987.9391377989,679056.982854607,2400.23042212052,100.0004000016,
127.02817,31439.4879969241,5501.21026625858,898684.346835181,3500.49006860961,100.0004000016,700.019600548815,45081.1460629132,80256.8218298555,735309.256064268,2600.27042812453,0,
127.15446,31339.2367243789,5601.25468104855,944267.562193598,4000.64010241639,400.006400102402,400.006400102402,48092.3372875922,86196.1700402583,732978.149613594,2000.16001280102,100.0004000016,
127.2807,42472.032567234,4200.70571856072,959461.704602093,2700.2916314962,400.006400102402,600.014400345608,47490.0411179596,89922.281456741,739442.710177993,3500.49006860961,100.0004000016,
127.40692,31339.2367243789,5401.16665199683,846968.489987557,4400.77453631839,200.0016000128,700.019600548815,48092.3372875922,85390.6698401358,719529.558940931,2300.21161946899,0,
127.53318,28231.8455217485,5001.00020004001,883346.86169596,3200.40965243551,600.014400345608,100.0004000016,45482.5963950534,81867.2145884166,707786.785786267,3000.36004320518,0,
127.65951,33946.0308177889,3700.5476810568,914147.466011004,3100.38444767151,200.0016000128,600.014400345608,50903.435781508,82169.1862541687,690034.321885854,2500.2500250025,0,
127.78567,27730.7256440136,6701.7960813498,922423.518481651,3700.5476810568,300.003600043201,600.014400345608,50803.0285418829,84484.5439440034,726940.428754898,2000.16001280102,0,
127.91191,28332.0719053969,4000.64010241639,856683.642441367,3600.51847466035,200.0016000128,200.0016000128,46486.2785329572,78344.7489958631,809857.089352286,2800.31363512713,0,
128.03814,31439.4879969241,7302.132222609,864923.025989075,4100.67251029169,200.0016000128,800.025600819226,47289.282164727,77137.2742556103,680956.235541622,2600.27042812453,200.0016000128,
128.16437,32041.0124959949,5101.04061228491,897074.666445678,4300.73972723308,300.003600043201,900.032401166442,44478.9946945776,88713.6916135455,716143.154568421,2000.16001280102,100.0004000016,
128.29065,31639.9929510902,5301.12383825371,945559.988210338,3900.60849492521,300.003600043201,500.010000200004,45984.4274087224,78244.1216595779,683277.925941754,2600.27042812453,0,
128.41689,31439.4879969241,4500.81014582625,885919.716373155,4500.81014582625,100.0004000016,0,47289.282164727,80860.6948802941,666086.270902461,2300.21161946899,0,
128.54316,29735.3255667733,5101.04061228491,927155.065129014,3400.46246289495,400.006400102402,500.010000200004,47188.9038949381,84987.9391377989,686444.543993687,2600.27042812453,0,
128.66938,38358.7656289435,3700.5476810568,937699.720287846,5101.04061228491,300.003600043201,200.0016000128,47891.5686793148,89116.5419570314,696794.27352079,2200.1936170383,200.0016000128,
128.79564,26828.7604311822,5301.12383825371,950623.230167496,3600.51847466035,700.019600548815,700.019600548815,51305.072789072,74823.2726455744,670197.516767773,3000.36004320518,100.0004000016,
128.92183,30036.0432519023,3600.51847466035,908239.234608433,2900.33643902693,600.014400345608,400.006400102402,44980.7854907414,81867.2145884166,666824.089854418,2100.17641481884,0,
129.04811,29534.8511243267,4800.92177698118,931780.745756523,3000.36004320518,500.010000200004,500.010000200004,40565.7164606663,85289.9859522376,658815.753281249,2500.2500250025,0,
129.17434,28933.4470648069,4300.73972723308,928768.487211931,4200.70571856072,1200.05760276493,200.0016000128,43274.7788177972,75024.4732238859,658710.413741574,2100.17641481884,200.0016000128,
129.30062,26728.5460872212,3400.46246289495,873810.322201385,4100.67251029169,200.0016000128,500.010000200004,47690.8032894631,78747.266416548,642814.062929517,3600.51847466035,0,
129.42686,29534.8511243267,3800.57768780855,875417.111723841,3100.38444767151,200.0016000128,600.014400345608,41468.6721210324,82974.4795784455,642708.85473508,3500.49006860961,100.0004000016,
129.55312,29735.3255667733,6001.44034568296,953209.47769685,3100.38444767151,600.014400345608,1100.04840212969,50200.6020064209,77439.1320397387,682750.232172062,1900.14441097523,100.0004000016,
129.67945,29635.0879441258,15309.3693340324,922531.034454154,4600.84655576626,200.0016000128,1800.12960933187,47991.9525811455,77237.8927095454,660501.303553466,2600.27042812453,100.0004000016,
129.8057,29033.6790677186,38960.6227289663,918123.610788574,4000.64010241639,200.0016000128,1400.07840439065,50602.2164772841,77942.2444958932,651865.198422308,2800.31363512713,0,
129.93193,56728.433172703,5101.04061228491,931027.61550717,5401.16665199683,100.0004000016,800.025600819226,45382.2326054811,77740.997090982,666507.876537937,3000.36004320518,100.0004000016,
130.05815,35049.0686961746,7702.37233067785,906198.8352573,3900.60849492521,600.014400345608,1500.09000540032,44880.4257228954,81363.9446364005,637028.893957045,2500.2500250025,200.0016000128,
130.18437,38358.7656289435,5701.29989637637,956011.82763547,3700.5476810568,500.010000200004,1700.11560786133,55422.5947796526,73213.78425001,669354.076909492,5401.16665199683,0,
130.31058,88800.2657686825,4000.64010241639,893748.627631323,4100.67251029169,300.003600043201,1700.11560786133,47891.5686793148,80458.109615647,621054.357628925,2300.21161946899,0,
130.43689,25325.6295370915,4800.92177698118,901904.308004724,3200.40965243551,400.006400102402,2000.16001280102,45783.6925900546,79149.7967585701,614754.098360656,1900.14441097523,400.006400102402,
130.56314,27630.5040765005,6601.74286011507,871346.965808428,3800.57768780855,500.010000200004,1200.05760276493,46185.1654450807,76131.134123198,627147.554965106,3000.36004320518,0,
130.6895,27530.2833116428,5101.04061228491,932964.324539638,3400.46246289495,300.003600043201,2500.2500250025,50100.2004008016,79753.6165004715,632718.011393231,2400.23042212052,0,
130.81576,30737.7459520291,4700.88376614804,932964.324539638,5201.0818250196,0,2400.23042212052,52108.3854417188,75024.4732238859,644287.068304072,3000.36004320518,0,
130.94206,28632.7558727184,12506.2531265633,879917.18426501,4800.92177698118,400.006400102402,3000.36004320518,50401.4076321559,75426.8840672744,635661.87177247,2600.27042812453,200.0016000128,
131.06837,29935.8032206519,5901.39272868397,915544.35082598,4600.84655576626,300.003600043201,3900.60849492521,55020.8257333103,77237.8927095454,654918.766265219,4500.81014582625,200.0016000128,
131.19456,32141.2693898966,4000.64010241639,925541.843824536,4200.70571856072,400.006400102402,2000.16001280102,59440.9940378578,77942.2444958932,646602.132976606,3400.46246289495,100.0004000016,
131.32071,165471.875959729,10104.0820491479,960863.479088005,6201.53798141939,200.0016000128,1800.12960933187,55723.9300203653,77338.5119709183,677579.980526123,2200.1936170383,100.0004000016,
131.44703,38559.381447429,6501.69043951427,959035.215497406,4200.70571856072,400.006400102402,1500.09000540032,63762.2110649492,77137.2742556103,641867.220257485,2400.23042212052,300.003600043201,
131.57334,40365.0684904065,6901.90492575951,905232.44246966,4800.92177698118,500.010000200004,1500.09000540032,65672.0607992942,72509.6980467512,604155.656879734,2800.31363512713,200.0016000128,
131.6997,54418.1963224123,9303.46088745013,878202.686364464,3500.49006860961,100.0004000016,1400.07840439065,69693.7486211668,65571.5351359155,622629.906733627,2700.2916314962,0,
131.82603,53815.5958999932,7902.49718911176,876059.883412825,3400.46246289495,300.003600043201,1600.10240655402,74923.872531123,70598.8062383673,605519.320900659,3400.46246289495,200.0016000128,
131.95217,61149.2040579013,14208.0701838644,860107.164284089,3300.43565750679,100.0004000016,1400.07840439065,83578.4835070455,74018.5026197335,633243.651158212,3600.51847466035,300.003600043201,
132.0785,60043.8651007815,9603.68781612139,915651.809741797,4000.64010241639,500.010000200004,1600.10240655402,93548.7497390271,79753.6165004715,635451.573606559,4100.67251029169,0,
132.20469,54418.1963224123,6601.74286011507,956550.810467343,4500.81014582625,100.0004000016,1300.06760351538,90325.1706142112,70598.8062383673,643445.330226032,2700.2916314962,400.006400102402,
132.33093,61551.1696727162,10804.6676164103,914040.019570283,5401.16665199683,500.010000200004,1200.05760276493,77942.2444958932,70498.2410538434,588955.397427184,3200.40965243551,200.0016000128,
132.45717,63360.1745211896,8703.02865397158,932641.519611301,2900.33643902693,600.014400345608,1100.04840212969,97176.2665039031,75024.4732238859,576808.178030954,3200.40965243551,200.0016000128,
132.58339,63963.2341736111,8803.09869073914,865886.413581039,3400.46246289495,500.010000200004,1100.04840212969,78546.0060910773,74521.477832117,628117.34369257,3400.46246289495,300.003600043201,
132.7096,54719.5074041707,8903.16952835209,860112.118288094,4400.77453631839,500.010000200004,700.019600548815,76030.5245504369,71906.2270592058,596186.372999914,3500.49006860961,100.0004000016,
132.83589,74420.8811753284,8302.75651516303,919843.402674098,3200.40965243551,300.003600043201,1500.09000540032,79753.6165004715,83276.4779066501,578064.252097401,2900.33643902693,200.0016000128,
132.9621,62757.1438882963,9803.84310649775,851119.109450884,3600.51847466035,400.006400102402,1600.10240655402,84585.2213664477,66576.8280553149,565195.338544543,2900.33643902693,400.006400102402,
133.08832,79149.7967585701,10504.4118529783,790318.520749859,3400.46246289495,200.0016000128,1800.12960933187,82471.1651911485,70095.9883835203,652900.036282531,2400.23042212052,0,
133.21456,71101.6442631302,9703.76506084361,928338.221689366,3400.46246289495,400.006400102402,1400.07840439065,91130.9877474989,69794.307351667,606988.044609422,3100.38444767151,400.006400102402,
133.34085,70095.9883835203,9703.76506084361,925864.472024955,3300.43565750679,200.0016000128,1700.11560786133,87706.6223517417,71403.3567600526,602477.500542772,2600.27042812453,300.003600043201,
133.46714,74521.477832117,47088.5264296878,870061.922580218,3900.60849492521,0,1100.04840212969,81766.5589822822,70699.3722296877,588117.287741449,2600.27042812453,300.003600043201,
133.59337,76835.4237383343,11305.1099096792,838938.660426735,3300.43565750679,200.0016000128,1300.06760351538,79552.3400225515,68889.3078178835,601533.634270827,3400.46246289495,600.014400345608,
133.71957,77539.7529160163,12906.6598364756,883132.480225287,4000.64010241639,500.010000200004,1800.12960933187,93951.7553721132,72107.3808272592,615069.037734071,3300.43565750679,300.003600043201,
133.84581,82068.5282243501,13807.6218072376,854758.309719321,4200.70571856072,600.014400345608,1200.05760276493,100099.195592021,69392.077269883,562476.738146168,3200.40965243551,300.003600043201,
133.97212,116338.881700035,12406.1534521122,779680.661939704,4300.73972723308,300.003600043201,1100.04840212969,105846.247780643,69693.7486211668,795813.563551308,4200.70571856072,300.003600043201,
134.09836,89821.5611890568,16110.3750815525,720482.145870114,3800.57768780855,0,1500.09000540032,91936.856642739,60646.7651717156,517494.794431062,4300.73972723308,300.003600043201,
134.22463,83175.8109892403,15910.1188355794,782977.459489786,2700.2916314962,400.006400102402,1700.11560786133,97478.6069092355,67481.6606304171,567182.373779934,4200.70571856072,500.010000200004,
134.35095,93548.7497390271,13407.186251831,787232.637972009,4900.9605882753,200.0016000128,1400.07840439065,93548.7497390271,66576.8280553149,552443.835728449,4800.92177698118,200.0016000128,
134.47727,77942.2444958932,14508.4148806308,782977.459489786,4300.73972723308,200.0016000128,900.032401166442,91231.7185285699,60144.3464314354,544924.325716177,4000.64010241639,600.014400345608,
134.60341,84283.191523519,14408.2991803279,789254.33981572,3700.5476810568,300.003600043201,1000.04000160006,92541.2922859506,64968.3980878437,551921.504497138,4200.70571856072,300.003600043201,
134.72965,82773.1513996187,14007.84439286,773727.293346255,2300.21161946899,200.0016000128,1100.04840212969,90929.5286116888,62355.1395872932,516453.008900139,3300.43565750679,400.006400102402,
134.85594,84786.578635789,12005.7627661277,724399.078037537,3400.46246289495,200.0016000128,1600.10240655402,87404.517338407,55824.3767113128,494283.161943766,5201.0818250196,400.006400102402,
134.98209,71302.7851208838,12406.1534521122,656919.773890697,4000.64010241639,400.006400102402,1500.09000540032,77338.5119709183,54016.4594866532,443738.804754926,3700.5476810568,200.0016000128,
135.10827,67883.8294100424,10104.0820491479,632192.393185528,3000.36004320518,200.0016000128,1400.07840439065,83276.4779066501,55221.7086458555,479524.653988055,3700.5476810568,300.003600043201,
135.23451,75628.0943325068,9503.61137232148,681905.967242215,3400.46246289495,500.010000200004,1900.14441097523,82370.5047375581,56728.433172703,489084.554430411,3400.46246289495,500.010000200004,
135.36075,75728.7006760416,10604.4963064339,655129.383948509,3400.46246289495,500.010000200004,1500.09000540032,87605.9198721937,52007.9685426946,511661.890883561,6701.7960813498,400.006400102402,
135.48707,81061.9923593053,12806.5569571621,721328.949047076,4400.77453631839,100.0004000016,1700.11560786133,89015.8281583057,59039.0961104362,509371.122575589,4000.64010241639,300.003600043201,
135.61335,76030.5245504369,12606.3536022155,649022.874824561,2800.31363512713,600.014400345608,1600.10240655402,74521.477832117,52510.0610880405,457107.828162486,4100.67251029169,500.010000200004,
135.73959,72710.8614983452,10204.1632986258,619899.078093552,3900.60849492521,400.006400102402,2000.16001280102,71503.9292060958,58737.681124556,480875.074404155,4400.77453631839,200.0016000128,
135.8659,71705.0765188439,13106.8679988314,666718.684549867,3600.51847466035,100.0004000016,1500.09000540032,75125.0747238727,58436.2733895444,440321.077204251,5001.00020004001,600.014400345608,
135.99208,69995.4272328341,19415.0660912868,586545.980046588,3300.43565750679,0,1300.06760351538,69392.077269883,46385.9066992069,383081.465476979,3600.51847466035,300.003600043201,
136.11835,62254.6405270692,9503.61137232148,502189.107913023,2500.2500250025,0,600.014400345608,58436.2733895444,44278.2840061228,338214.486972104,3100.38444767151,500.010000200004,
136.24457,69190.9670691107,8703.02865397158,488980.60390532,3800.57768780855,200.0016000128,800.025600819226,59842.904856798,41368.3404985035,348902.291135185,3500.49006860961,500.010000200004,
136.3708,57632.5548762153,10104.0820491479,467688.634076175,3800.57768780855,400.006400102402,2300.21161946899,55523.0390545449,39662.8259162513,343968.338287234,4400.77453631839,500.010000200004,
136.49703,63460.6824479582,11305.1099096792,468934.013048244,1900.14441097523,200.0016000128,1500.09000540032,53313.4510237786,43174.4327220127,368451.387958712,3100.38444767151,200.0016000128,
136.62323,65672.0607992942,10104.0820491479,479628.527399773,3600.51847466035,100.0004000016,1700.11560786133,60144.3464314354,40866.6944453348,364950.913746992,3300.43565750679,400.006400102402,
136.7494,69090.4131787206,11205.0198488923,481186.730213349,3200.40965243551,200.0016000128,1600.10240655402,54719.5074041707,38760.0004807442,333695.436286769,2300.21161946899,600.014400345608,
136.87563,56326.6222468108,9403.53572943427,440735.298307886,2900.33643902693,100.0004000016,4100.67251029169,51405.4840532773,39963.7821963854,332873.963885455,3900.60849492521,100.0004000016,
137.00186,59240.0434627459,8602.95941803981,407640.179032396,2900.33643902693,100.0004000016,1900.14441097523,46285.535669918,32742.827618525,277445.238942634,3500.49006860961,200.0016000128,
137.12814,46385.9066992069,9503.61137232148,371540.844121312,1300.06760351538,100.0004000016,1800.12960933187,44579.3512452165,31740.2466327303,251198.92692505,1800.12960933187,600.014400345608,
137.25444,43475.4734218603,8002.56081946223,330923.180429126,2700.2916314962,0,1600.10240655402,41067.3504547458,29635.0879441258,243753.685588038,4000.64010241639,100.0004000016,
137.38068,45382.2326054811,6501.69043951427,329896.572966313,2700.2916314962,200.0016000128,900.032401166442,42873.3992595323,28833.2158646761,226432.45774068,2400.23042212052,400.006400102402,
137.507,46185.1654450807,8703.02865397158,294836.615591333,2600.27042812453,200.0016000128,1400.07840439065,31639.9929510902,30136.2840860396,212287.460416709,2100.17641481884,600.014400345608,
137.63327,38559.381447429,7802.43435952017,290026.018378768,2000.16001280102,200.0016000128,1000.04000160006,32241.5270868879,26327.6967369673,186379.206125327,2900.33643902693,100.0004000016,
137.75952,36553.3679171591,5801.34591225164,238045.242729424,3600.51847466035,300.003600043201,1300.06760351538,31339.2367243789,18513.7001381022,170859.796297266,2700.2916314962,400.006400102402,
137.88583,37355.7347562563,7001.96054895371,229691.107845828,2200.1936170383,200.0016000128,1200.05760276493,28933.4470648069,17612.3991289868,155460.74741905,1900.14441097523,400.006400102402,
138.01206,32341.7855869784,5201.0818250196,191861.215013543,2500.2500250025,100.0004000016,1100.04840212969,26628.3325458288,18914.2992102029,142305.448840437,1700.11560786133,200.0016000128,
138.13834,33244.1482288479,5901.39272868397,163056.606812143,2200.1936170383,0,1400.07840439065,26528.1198069954,14107.9568876847,112907.632716694,1200.05760276493,200.0016000128,
138.26458,31840.5011174214,4600.84655576626,136036.228066295,2200.1936170383,100.0004000016,1200.05760276493,22420.0883992057,11705.4781637807,97478.6069092355,1400.07840439065,300.003600043201,
138.39083,29133.9118734207,4300.73972723308,126739.27289247,1800.12960933187,300.003600043201,900.032401166442,21819.0261908384,10804.6676164103,91836.1201999318,1300.06760351538,100.0004000016,
138.51712,24924.8251258253,3600.51847466035,116036.086720649,1400.07840439065,0,1400.07840439065,20116.1734034163,9103.31360615264,77338.5119709183,1600.10240655402,200.0016000128,
138.64333,22420.0883992057,4400.77453631839,92541.2922859506,1500.09000540032,200.0016000128,1600.10240655402,21819.0261908384,9703.76506084361,60847.7383086133,1200.05760276493,200.0016000128,
138.76951,46687.0246138803,3500.49006860961,74420.8811753284,1200.05760276493,0,900.032401166442,16811.2971917128,6801.85010322808,45884.059597182,1100.04840212969,0,
138.8958,16210.5044068556,3800.57768780855,65873.1145450243,1300.06760351538,100.0004000016,1300.06760351538,15609.7404780583,7001.96054895371,49297.0165285281,800.025600819226,200.0016000128,
139.02204,17211.841747122,3200.40965243551,67481.6606304171,1200.05760276493,0,1300.06760351538,18713.9980705568,5701.29989637637,43174.4327220127,500.010000200004,0,
139.14831,18012.9693379233,3500.49006860961,53313.4510237786,1300.06760351538,200.0016000128,1200.05760276493,14708.648685427,5701.29989637637,38559.381447429,600.014400345608,100.0004000016,
139.27462,14508.4148806308,2000.16001280102,47690.8032894631,1200.05760276493,0,1300.06760351538,13006.7635170289,5301.12383825371,32341.7855869784,300.003600043201,100.0004000016,
139.40088,12406.1534521122,2400.23042212052,42472.032567234,2000.16001280102,100.0004000016,800.025600819226,15109.1259120509,3500.49006860961,27730.7256440136,600.014400345608,100.0004000016,
139.52711,9203.38684635946,1800.12960933187,32642.5659059413,1600.10240655402,0,1400.07840439065,13607.4024269202,3100.38444767151,19214.7569333248,500.010000200004,0,
139.65339,10604.4963064339,1300.06760351538,22920.9956319989,1100.04840212969,100.0004000016,1600.10240655402,12806.5569571621,1800.12960933187,14508.4148806308,700.019600548815,200.0016000128,
139.77968,7902.49718911176,2100.17641481884,13707.5117164206,1900.14441097523,100.0004000016,1000.04000160006,12306.0545788528,2300.21161946899,9703.76506084361,300.003600043201,100.0004000016,
139.90588,5901.39272868397,1500.09000540032,12105.8592358702,2100.17641481884,0,1200.05760276493,9603.68781612139,1200.05760276493,6601.74286011507,100.0004000016,0,
140.03211,8002.56081946223,1100.04840212969,7902.49718911176,1800.12960933187,100.0004000016,900.032401166442,8202.69048247825,1600.10240655402,4200.70571856072,0,0,
140.15844,4200.70571856072,1300.06760351538,3600.51847466035,1100.04840212969,100.0004000016,1300.06760351538,6901.90492575951,1500.09000540032,1500.09000540032,0,100.0004000016,
140.28477,4700.88376614804,1400.07840439065,1600.10240655402,1600.10240655402,200.0016000128,1100.04840212969,5001.00020004001,1100.04840212969,900.032401166442,100.0004000016,0,
140.41107,3400.46246289495,1200.05760276493,1100.04840212969,1300.06760351538,0,1300.06760351538,3900.60849492521,1400.07840439065,1000.04000160006,100.0004000016,0,
140.53739,4000.64010241639,1500.09000540032,600.014400345608,1700.11560786133,200.0016000128,1300.06760351538,3300.43565750679,1300.06760351538,600.014400345608,0,100.0004000016,
140.66365,3200.40965243551,1000.04000160006,700.019600548815,1400.07840439065,0,500.010000200004,1500.09000540032,1300.06760351538,1300.06760351538,100.0004000016,0,
140.78991,3900.60849492521,1500.09000540032,900.032401166442,1000.04000160006,0,1200.05760276493,700.019600548815,900.032401166442,0,0,200.0016000128,
140.91622,1900.14441097523,36954.5449082846,300.003600043201,1200.05760276493,400.006400102402,1200.05760276493,500.010000200004,1200.05760276493,300.003600043201,0,0,
141.04239,13907.7326993809,900.032401166442,300.003600043201,1500.09000540032,200.0016000128,1200.05760276493,800.025600819226,800.025600819226,300.003600043201,100.0004000016,0,
141.16853,2800.31363512713,700.019600548815,300.003600043201,1400.07840439065,200.0016000128,1400.07840439065,500.010000200004,800.025600819226,200.0016000128,0,0,
141.29477,3000.36004320518,1200.05760276493,400.006400102402,1500.09000540032,0,700.019600548815,600.014400345608,1300.06760351538,100.0004000016,0,0,
141.42104,2300.21161946899,900.032401166442,100.0004000016,2100.17641481884,300.003600043201,1200.05760276493,900.032401166442,1200.05760276493,100.0004000016,300.003600043201,0,
141.54728,1700.11560786133,800.025600819226,1400.07840439065,1200.05760276493,200.0016000128,1300.06760351538,500.010000200004,1600.10240655402,1700.11560786133,0,0,
141.67362,1200.05760276493,900.032401166442,300.003600043201,1400.07840439065,100.0004000016,400.006400102402,700.019600548815,1200.05760276493,0,0,0,
141.79983,600.014400345608,700.019600548815,100.0004000016,1400.07840439065,200.0016000128,100.0004000016,300.003600043201,1200.05760276493,0,0,0,
141.92604,300.003600043201,500.010000200004,500.010000200004,1500.09000540032,300.003600043201,100.0004000016,0,1200.05760276493,0,0,0,
142.05243,0,400.006400102402,200.0016000128,1500.09000540032,200.0016000128,200.0016000128,200.0016000128,900.032401166442,200.0016000128,0,0,
142.17873,200.0016000128,800.025600819226,100.0004000016,1700.11560786133,300.003600043201,300.003600043201,0,1200.05760276493,0,0,0,
142.30504,0,1000.04000160006,300.003600043201,1100.04840212969,100.0004000016,0,0,1400.07840439065,100.0004000016,0,0,
142.43127,0,300.003600043201,300.003600043201,1600.10240655402,0,200.0016000128,0,1500.09000540032,0,0,0,
142.55756,0,200.0016000128,100.0004000016,1400.07840439065,0,300.003600043201,200.0016000128,1400.07840439065,100.0004000016,0,0,
142.68381,0,1000.04000160006,0,800.025600819226,300.003600043201,0,200.0016000128,1200.05760276493,0,0,0,
142.81001,100.0004000016,200.0016000128,200.0016000128,1300.06760351538,300.003600043201,200.0016000128,0,1300.06760351538,0,0,0,
142.93633,0,600.014400345608,0,2300.21161946899,100.0004000016,200.0016000128,100.0004000016,900.032401166442,0,0,0,
143.06264,300.003600043201,700.019600548815,300.003600043201,1600.10240655402,300.003600043201,100.0004000016,200.0016000128,700.019600548815,0,0,0,
143.18901,0,400.006400102402,300.003600043201,2000.16001280102,100.0004000016,0,300.003600043201,300.003600043201,0,0,0,
143.31525,0,700.019600548815,100.0004000016,1100.04840212969,0,100.0004000016,200.0016000128,1300.06760351538,0,100.0004000016,0,
143.44154,0,1000.04000160006,100.0004000016,1700.11560786133,300.003600043201,0,0,900.032401166442,0,0,0,
143.56776,0,400.006400102402,100.0004000016,1400.07840439065,0,0,200.0016000128,700.019600548815,0,0,0,
143.69403,0,300.003600043201,200.0016000128,1400.07840439065,200.0016000128,0,100.0004000016,1100.04840212969,0,0,0,
143.82031,0,300.003600043201,200.0016000128,1900.14441097523,0,0,0,1000.04000160006,0,0,0,
143.94654,0,300.003600043201,0,1700.11560786133,300.003600043201,0,200.0016000128,1300.06760351538,0,0,0,
144.07283,100.0004000016,200.0016000128,0,1400.07840439065,100.0004000016,0,0,1000.04000160006,0,0,0,
144.19908,100.0004000016,400.006400102402,100.0004000016,700.019600548815,0,100.0004000016,0,1000.04000160006,0,0,0,
144.32521,0,400.006400102402,100.0004000016,1200.05760276493,0,0,0,1100.04840212969,0,0,0,
144.45143,0,700.019600548815,300.003600043201,1300.06760351538,100.0004000016,200.0016000128,0,1000.04000160006,0,0,100.0004000016,
144.57766,0,200.0016000128,200.0016000128,1400.07840439065,200.0016000128,0,200.0016000128,700.019600548815,0,0,0,
144.70398,200.0016000128,300.003600043201,100.0004000016,1200.05760276493,100.0004000016,100.0004000016,0,1200.05760276493,0,0,0,
144.83027,0,300.003600043201,100.0004000016,1000.04000160006,100.0004000016,300.003600043201,0,1200.05760276493,0,0,100.0004000016,
144.9565,0,500.010000200004,200.0016000128,700.019600548815,100.0004000016,0,100.0004000016,1400.07840439065,0,0,0,
145.08273,0,200.0016000128,300.003600043201,1000.04000160006,100.0004000016,0,200.0016000128,1300.06760351538,0,0,0,
145.20893,0,600.014400345608,500.010000200004,800.025600819226,100.0004000016,0,0,1200.05760276493,0,0,0,
145.33517,0,600.014400345608,200.0016000128,1500.09000540032,0,100.0004000016,200.0016000128,1400.07840439065,0,0,0,
145.46133,0,0,200.0016000128,1400.07840439065,100.0004000016,0,0,1000.04000160006,0,0,0,
145.58756,0,300.003600043201,500.010000200004,1400.07840439065,100.0004000016,0,300.003600043201,1600.10240655402,0,0,0,
145.71379,0,300.003600043201,300.003600043201,1400.07840439065,100.0004000016,0,0,800.025600819226,0,0,0,
145.84008,0,300.003600043201,0,1500.09000540032,100.0004000016,0,100.0004000016,1000.04000160006,0,0,0,
145.96631,0,300.003600043201,200.0016000128,900.032401166442,300.003600043201,100.0004000016,200.0016000128,1000.04000160006,0,0,0,
146.09257,0,500.010000200004,100.0004000016,1900.14441097523,100.0004000016,0,100.0004000016,1100.04840212969,0,0,0,
146.21874,0,300.003600043201,0,1200.05760276493,100.0004000016,100.0004000016,100.0004000016,1000.04000160006,0,0,0,
146.34498,0,900.032401166442,300.003600043201,1500.09000540032,600.014400345608,0,400.006400102402,800.025600819226,0,0,0,
146.47122,0,600.014400345608,100.0004000016,1500.09000540032,300.003600043201,0,0,800.025600819226,0,0,0,
146.59754,0,600.014400345608,0,1100.04840212969,100.0004000016,0,100.0004000016,1500.09000540032,0,0,0,
146.72373,0,600.014400345608,200.0016000128,1500.09000540032,100.0004000016,0,100.0004000016,1300.06760351538,0,0,0,
146.85005,0,500.010000200004,100.0004000016,1200.05760276493,100.0004000016,100.0004000016,100.0004000016,900.032401166442,0,0,0,
146.97629,0,400.006400102402,300.003600043201,1900.14441097523,100.0004000016,0,0,1100.04840212969,0,0,0,
147.10253,0,0,100.0004000016,1500.09000540032,0,0,100.0004000016,1100.04840212969,0,0,0,
147.22878,0,600.014400345608,0,1200.05760276493,200.0016000128,0,0,900.032401166442,0,0,0,
147.35508,0,800.025600819226,100.0004000016,2000.16001280102,200.0016000128,0,200.0016000128,1200.05760276493,0,0,0,
147.48129,0,400.006400102402,100.0004000016,1600.10240655402,0,0,200.0016000128,1400.07840439065,0,0,0,
147.60757,0,300.003600043201,200.0016000128,1000.04000160006,200.0016000128,200.0016000128,200.0016000128,800.025600819226,0,0,0,
147.73379,0,500.010000200004,100.0004000016,1700.11560786133,300.003600043201,200.0016000128,100.0004000016,1900.14441097523,0,0,0,
147.86002,0,500.010000200004,0,1800.12960933187,200.0016000128,100.0004000016,0,1100.04840212969,0,0,0,
147.98617,0,400.006400102402,100.0004000016,1000.04000160006,100.0004000016,0,200.0016000128,1300.06760351538,0,0,0,
148.11241,0,500.010000200004,100.0004000016,1700.11560786133,0,300.003600043201,100.0004000016,1300.06760351538,0,0,0,
148.23862,0,400.006400102402,100.0004000016,1100.04840212969,300.003600043201,100.0004000016,100.0004000016,900.032401166442,0,0,0,
148.36485,0,500.010000200004,200.0016000128,1800.12960933187,200.0016000128,0,300.003600043201,1000.04000160006,0,0,0,
148.49118,200.0016000128,300.003600043201,0,1300.06760351538,200.0016000128,0,0,1600.10240655402,0,0,0,
148.61743,0,300.003600043201,0,2100.17641481884,100.0004000016,0,100.0004000016,1000.04000160006,0,0,0,
148.74362,200.0016000128,700.019600548815,0,1900.14441097523,100.0004000016,300.003600043201,0,1300.06760351538,0,0,0,
148.86986,0,500.010000200004,0,1500.09000540032,200.0016000128,200.0016000128,0,800.025600819226,0,0,0,
148.99615,200.0016000128,800.025600819226,0,900.032401166442,0,0,0,500.010000200004,0,0,0,
149.12244,0,200.0016000128,400.006400102402,1500.09000540032,0,100.0004000016,0,700.019600548815,0,0,0,
149.24859,100.0004000016,800.025600819226,0,1700.11560786133,100.0004000016,0,100.0004000016,1400.07840439065,0,0,0,
149.3749,0,700.019600548815,400.006400102402,1000.04000160006,100.0004000016,0,100.0004000016,1300.06760351538,0,0,0,
149.50117,0,500.010000200004,300.003600043201,900.032401166442,0,100.0004000016,100.0004000016,1500.09000540032,0,0,0,
149.6274,0,500.010000200004,0,1300.06760351538,100.0004000016,0,0,700.019600548815,0,0,0,
149.7536,0,400.006400102402,100.0004000016,1400.07840439065,100.0004000016,200.0016000128,0,800.025600819226,0,0,0,
149.87983,0,400.006400102402,200.0016000128,1600.10240655402,0,0,100.0004000016,1500.09000540032,0,0,0,
150.00612,0,500.010000200004,100.0004000016,1700.11560786133,0,100.0004000016,200.0016000128,900.032401166442,0,0,0,
150.13231,0,600.014400345608,100.0004000016,1000.04000160006,200.0016000128,0,100.0004000016,1600.10240655402,0,0,100.0004000016,
150.25851,0,200.0016000128,400.006400102402,700.019600548815,100.0004000016,100.0004000016,200.0016000128,900.032401166442,0,0,0,
150.38479,100.0004000016,300.003600043201,0,400.006400102402,100.0004000016,0,100.0004000016,700.019600548815,0,0,0,
150.51103,0,600.014400345608,100.0004000016,1800.12960933187,200.0016000128,0,200.0016000128,1100.04840212969,0,0,100.0004000016,
150.63729,100.0004000016,300.003600043201,400.006400102402,600.014400345608,600.014400345608,0,0,1000.04000160006,0,0,0,
150.76345,100.0004000016,300.003600043201,100.0004000016,1900.14441097523,100.0004000016,0,0,1100.04840212969,0,0,0,
150.88969,0,500.010000200004,300.003600043201,1000.04000160006,100.0004000016,0,200.0016000128,1200.05760276493,0,0,0,
151.01585,0,100.0004000016,0,2000.16001280102,100.0004000016,0,0,1300.06760351538,0,0,0,
151.14208,0,300.003600043201,0,700.019600548815,400.006400102402,0,100.0004000016,1400.07840439065,0,0,0,
151.26831,0,600.014400345608,0,1200.05760276493,200.0016000128,100.0004000016,200.0016000128,400.006400102402,0,0,0,
151.3946,0,100.0004000016,100.0004000016,1300.06760351538,100.0004000016,100.0004000016,300.003600043201,800.025600819226,0,0,0,
151.52086,0,400.006400102402,100.0004000016,1300.06760351538,300.003600043201,0,0,1400.07840439065,0,0,0,
151.64711,100.0004000016,100.0004000016,0,1500.09000540032,300.003600043201,100.0004000016,0,900.032401166442,0,0,0,
151.77343,0,100.0004000016,0,1300.06760351538,0,200.0016000128,100.0004000016,1100.04840212969,0,0,0,
151.89975,0,600.014400345608,0,800.025600819226,100.0004000016,0,0,1300.06760351538,0,0,0,
152.02605,0,600.014400345608,400.006400102402,2400.23042212052,0,0,0,600.014400345608,0,0,0,
152.15234,0,600.014400345608,300.003600043201,2100.17641481884,100.0004000016,100.0004000016,0,900.032401166442,0,0,0,
152.27864,0,800.025600819226,100.0004000016,1400.07840439065,200.0016000128,100.0004000016,0,1100.04840212969,0,0,0,
152.40489,0,400.006400102402,0,1500.09000540032,100.0004000016,0,300.003600043201,1300.06760351538,0,0,0,
152.5312,0,500.010000200004,300.003600043201,1200.05760276493,100.0004000016,0,100.0004000016,900.032401166442,0,0,100.0004000016,
152.65754,0,500.010000200004,0,800.025600819226,300.003600043201,0,100.0004000016,900.032401166442,0,0,0,

