- 54:03/07/2023 10:15:02 PM;
Software:Name=Qtegra;Version=2.10.3324.83;File Version=1;
Configuration:Machine=iCAP RQ;
STDS:Additional Gas Flow 1=0;Additional Gas Flow 2=0;Additional Gas Flow 3=0;CCT Entry Lens=-108.333333333333;Angular Deflection=-370;Deflection Entry Lens=-35;Extraction Lens 1 Polarity=0;Extraction Lens 1 Negative=0;Extraction Lens 1 Positive=0;Spray Chamber Temperature=2.7;Peristaltic Pump Speed=0;Cool Flow=14;Sampling Depth=5;Plasma Power=1550;Auxilliary Flow=0.8;Nebulizer Flow=1.105;Torch Horizontal Position=-0.723333333333333;Torch Vertical Position=0.3;Extraction Lens 2=-130;CCT Focus Lens=-1.08;CCT Bias=-2;CCT Exit Lens=-160;Focus Lens=18.8;D1 Lens=-200;D2 Lens=-80;Quad Entry Lens=-29.4;Pole Bias=-1;CCT1 Flow=0;CCT2 Flow=0;CCT1 Shut-Off Valve=0;CCT2 Shut-Off Valve=0;Virtual CCT Mass to Dac Factor=130;Virtual CCT Mass to Dac Offset=35;Virtual CCT Mass parameter b=0.65;Virtual CCT Mass Maximum Dac Limit Set=4095;
RF Generator:RF Plasma Lit Readback=1;RF FET Temperature Ok Readback=1;Plasma Power Readback=1548.6077186126;
Ion Optics:Pole Bias Readback=-0.793743890518083;Torch Horizontal Position Readback=-0.72316715542522;Torch Vertical Position Readback=0.300879765395894;Sampling Depth Readback=5;Extraction Lens 1 Negative Readback=-200.39100684262;Extraction Lens 1 Positive Readback=0.00977517106549364;Extraction Lens 2 Readback=-137.82991202346;Angular Deflection Readback=-369.560117302053;Quad Entry Lens Readback=-29.8142717497556;Focus Lens Readback=18.2355816226784;D2 Lens Readback=-80.9384164222874;Deflection Exit Lens Readback=34.6578690127077;Deflection Entry Lens Readback=-35.425219941349;D1 Lens Readback=-200.58651026393;CCT Exit Lens Readback=-162.267839687195;CCT Bias Readback=-2.01857282502444;CCT Entry Lens Readback=-109.237536656891;CCT Focus Lens Readback=-1.40273704789833;
Vacuum:Analyzer Vacuum Ok Readback=1;Interface Pressure Readback=2.02512396424301;Analyzer Pressure Readback=2.19605002409792E-07;
Detector:Detector Voltage (Counting) Readback=1618.76832844575;Detector Voltage (Analog) Readback=-1978.49462365591;
Cooling System:Plasma Cooling Water Flow Readback=0.909803921568627;Interface Temperature Readback=31.3538974560148;Exhaust Flow Readback=0.550695014662757;Quad Board Temperature Readback=0;Inlet Fan Speed Readback=0;Outlet Fan Speed Readback=2423.52941176471;Peltier Temperature Hot Side Readback=20.7862437909878;Spray Chamber Temperature Readback=2.6293915694153;
Power Supply:Supply Voltage 500 V Readback=-539.467253176931;Supply Voltage 1 kV Readback=-1168.13294232649;
Gas Supply:Nebulizer Supply Pressure Readback=0.0564456989247311;Nebulizer Flow Readback=1.10117302052786;Cool Flow Readback=14.0762463343109;Auxilliary Flow Readback=0.796187683284457;CCT2 Flow Readback=0;CCT1 Flow Readback=0;Additional Gas Flow 1 Readback=0;
Pulse Counting:Threshold=2500000;

Time,24Mg,26Mg,43Ca,55Mn,59Co,63Cu,66Zn,86Sr,88Sr,138Ba,208Pb,
,dwell time=0.01;xcal factor=66096.21568,dwell time=0.01;xcal factor=66420.50783,dwell time=0.01;xcal factor=69176.99106,dwell time=0.01;xcal factor=80139.50903,dwell time=0.01;xcal factor=85118.72235,dwell time=0.01;xcal factor=86639.08057,dwell time=0.01;xcal factor=86821.65425,dwell time=0.01;xcal factor=85302.89892,dwell time=0.01;xcal factor=82608.9753,dwell time=0.01;xcal factor=93538.82005,dwell time=0.01;xcal factor=107923.33534,
0.01244,0,100.0004000016,100.0004000016,1400.07840439065,200.0016000128,0,0,1300.06760351538,0,0,0,
0.13867,0,500.010000200004,100.0004000016,1500.09000540032,300.003600043201,100.0004000016,0,800.025600819226,0,0,0,
0.26491,0,100.0004000016,0,1600.10240655402,400.006400102402,200.0016000128,0,1200.05760276493,0,0,0,
0.39117,0,500.010000200004,300.003600043201,1500.09000540032,300.003600043201,0,0,1000.04000160006,0,0,0,
0.51736,0,300.003600043201,200.0016000128,1500.09000540032,100.0004000016,0,200.0016000128,600.014400345608,0,0,0,
0.64358,0,300.003600043201,200.0016000128,600.014400345608,100.0004000016,100.0004000016,100.0004000016,600.014400345608,0,0,0,
0.76984,0,600.014400345608,100.0004000016,1300.06760351538,100.0004000016,0,0,900.032401166442,0,0,0,
0.89613,200.0016000128,400.006400102402,300.003600043201,1800.12960933187,200.0016000128,100.0004000016,0,1000.04000160006,0,0,0,
1.02234,0,1100.04840212969,200.0016000128,1300.06760351538,0,100.0004000016,100.0004000016,900.032401166442,0,0,0,
1.14856,100.0004000016,200.0016000128,100.0004000016,1000.04000160006,100.0004000016,0,0,1300.06760351538,0,100.0004000016,0,
1.27487,0,200.0016000128,0,900.032401166442,200.0016000128,300.003600043201,0,500.010000200004,0,0,0,
1.40118,0,200.0016000128,0,1200.05760276493,200.0016000128,200.0016000128,0,1400.07840439065,0,0,0,
1.52747,0,300.003600043201,100.0004000016,1300.06760351538,300.003600043201,0,100.0004000016,1100.04840212969,0,0,0,
1.6537,0,300.003600043201,300.003600043201,1900.14441097523,0,0,100.0004000016,700.019600548815,0,0,0,
1.78,100.0004000016,400.006400102402,100.0004000016,1100.04840212969,0,200.0016000128,100.0004000016,1200.05760276493,0,0,0,
1.90625,100.0004000016,700.019600548815,0,500.010000200004,200.0016000128,0,100.0004000016,300.003600043201,0,0,0,
2.03246,0,400.006400102402,200.0016000128,800.025600819226,100.0004000016,0,0,1200.05760276493,0,0,0,
2.15879,100.0004000016,700.019600548815,200.0016000128,1200.05760276493,0,100.0004000016,0,900.032401166442,0,0,0,
2.28501,0,400.006400102402,400.006400102402,800.025600819226,200.0016000128,0,0,900.032401166442,0,0,0,
2.4113,0,500.010000200004,100.0004000016,500.010000200004,100.0004000016,100.0004000016,200.0016000128,500.010000200004,0,0,0,
2.53759,0,600.014400345608,0,1400.07840439065,0,0,100.0004000016,1000.04000160006,0,0,0,
2.66391,0,400.006400102402,200.0016000128,1100.04840212969,100.0004000016,0,0,900.032401166442,0,0,0,
2.79015,0,200.0016000128,100.0004000016,1100.04840212969,100.0004000016,100.0004000016,0,1000.04000160006,0,0,0,
2.91641,0,200.0016000128,200.0016000128,1000.04000160006,100.0004000016,0,0,800.025600819226,0,0,0,
3.04259,100.0004000016,300.003600043201,0,2700.2916314962,200.0016000128,0,0,600.014400345608,0,0,0,
3.16882,0,400.006400102402,0,1300.06760351538,200.0016000128,0,100.0004000016,700.019600548815,0,0,0,
3.29507,0,700.019600548815,0,1000.04000160006,300.003600043201,200.0016000128,0,1000.04000160006,0,0,0,
3.42135,0,400.006400102402,0,600.014400345608,300.003600043201,100.0004000016,0,900.032401166442,0,0,0,
3.5476,0,500.010000200004,100.0004000016,1600.10240655402,300.003600043201,0,0,400.006400102402,0,0,0,
3.6738,0,300.003600043201,200.0016000128,800.025600819226,200.0016000128,0,100.0004000016,1000.04000160006,0,0,0,
3.80002,0,500.010000200004,200.0016000128,900.032401166442,0,0,100.0004000016,400.006400102402,0,0,0,
3.92634,0,300.003600043201,300.003600043201,1200.05760276493,0,0,0,800.025600819226,0,0,0,
4.05261,0,100.0004000016,100.0004000016,1200.05760276493,100.0004000016,0,100.0004000016,1600.10240655402,0,0,0,
4.17887,100.0004000016,400.006400102402,100.0004000016,1500.09000540032,200.0016000128,0,200.0016000128,700.019600548815,0,0,0,
4.30518,0,500.010000200004,100.0004000016,1400.07840439065,100.0004000016,0,0,700.019600548815,0,0,0,
4.43145,0,500.010000200004,300.003600043201,1000.04000160006,100.0004000016,100.0004000016,0,1000.04000160006,0,0,0,
4.5577,0,700.019600548815,200.0016000128,1400.07840439065,100.0004000016,100.0004000016,0,1100.04840212969,0,0,0,
4.68401,100.0004000016,100.0004000016,400.006400102402,1400.07840439065,100.0004000016,0,0,1000.04000160006,0,0,0,
4.81025,0,900.032401166442,0,1700.11560786133,0,100.0004000016,0,800.025600819226,100.0004000016,0,0,
4.93652,0,300.003600043201,0,1200.05760276493,100.0004000016,0,100.0004000016,1000.04000160006,0,0,0,
5.06279,0,700.019600548815,200.0016000128,1200.05760276493,300.003600043201,200.0016000128,100.0004000016,1000.04000160006,0,0,0,
5.18902,0,600.014400345608,200.0016000128,800.025600819226,100.0004000016,0,200.0016000128,900.032401166442,0,0,0,
5.31531,0,400.006400102402,400.006400102402,300.003600043201,0,100.0004000016,100.0004000016,1400.07840439065,0,100.0004000016,0,
5.44151,0,200.0016000128,0,1600.10240655402,0,0,100.0004000016,1200.05760276493,0,0,0,
5.5677,0,300.003600043201,300.003600043201,900.032401166442,200.0016000128,0,100.0004000016,800.025600819226,0,0,0,
5.69398,0,800.025600819226,300.003600043201,700.019600548815,100.0004000016,100.0004000016,100.0004000016,400.006400102402,0,0,0,
5.82022,0,200.0016000128,100.0004000016,1400.07840439065,300.003600043201,200.0016000128,0,400.006400102402,0,0,0,
5.94649,0,400.006400102402,0,1100.04840212969,400.006400102402,0,100.0004000016,700.019600548815,0,0,0,
6.0728,0,500.010000200004,200.0016000128,2100.17641481884,200.0016000128,0,0,1200.05760276493,0,0,0,
6.19905,0,300.003600043201,0,1200.05760276493,100.0004000016,0,100.0004000016,1500.09000540032,0,0,0,
6.32528,0,200.0016000128,200.0016000128,1400.07840439065,100.0004000016,0,0,800.025600819226,0,0,0,
6.45156,0,200.0016000128,100.0004000016,1400.07840439065,0,0,100.0004000016,700.019600548815,0,0,0,
6.57786,0,100.0004000016,200.0016000128,1300.06760351538,0,100.0004000016,100.0004000016,900.032401166442,0,0,0,
6.70406,0,500.010000200004,0,800.025600819226,200.0016000128,100.0004000016,0,1100.04840212969,0,0,0,
6.83029,0,400.006400102402,0,1500.09000540032,100.0004000016,0,100.0004000016,1000.04000160006,0,0,0,
6.95662,0,600.014400345608,100.0004000016,1000.04000160006,300.003600043201,0,0,1100.04840212969,0,0,0,
7.08294,0,300.003600043201,200.0016000128,1100.04840212969,0,100.0004000016,0,1200.05760276493,100.0004000016,0,0,
7.20925,0,900.032401166442,400.006400102402,1300.06760351538,0,200.0016000128,100.0004000016,1000.04000160006,0,0,0,
7.33557,0,800.025600819226,0,1500.09000540032,100.0004000016,100.0004000016,0,1300.06760351538,0,0,0,
7.46177,0,700.019600548815,100.0004000016,1200.05760276493,300.003600043201,0,0,1000.04000160006,0,0,0,
7.58801,100.0004000016,700.019600548815,200.0016000128,1600.10240655402,100.0004000016,0,100.0004000016,600.014400345608,0,0,0,
7.71427,0,300.003600043201,100.0004000016,1000.04000160006,100.0004000016,0,0,500.010000200004,0,0,0,
7.84055,100.0004000016,300.003600043201,100.0004000016,700.019600548815,0,0,0,1100.04840212969,0,0,0,
7.9667,0,400.006400102402,100.0004000016,600.014400345608,100.0004000016,0,400.006400102402,1100.04840212969,0,0,0,
8.09295,0,700.019600548815,200.0016000128,1500.09000540032,400.006400102402,0,0,800.025600819226,800.025600819226,0,0,
8.21923,0,300.003600043201,0,1000.04000160006,100.0004000016,0,100.0004000016,900.032401166442,0,0,0,
8.34546,100.0004000016,200.0016000128,200.0016000128,1300.06760351538,100.0004000016,0,200.0016000128,900.032401166442,0,0,0,
8.47179,100.0004000016,400.006400102402,300.003600043201,1700.11560786133,300.003600043201,0,100.0004000016,800.025600819226,0,0,0,
8.598,0,200.0016000128,0,800.025600819226,400.006400102402,200.0016000128,200.0016000128,700.019600548815,0,0,0,
8.72413,0,700.019600548815,100.0004000016,1500.09000540032,200.0016000128,0,0,1000.04000160006,0,0,0,
8.85036,0,600.014400345608,100.0004000016,1300.06760351538,200.0016000128,100.0004000016,0,900.032401166442,0,0,0,
8.97656,0,400.006400102402,0,1600.10240655402,300.003600043201,200.0016000128,0,1200.05760276493,0,0,0,
9.10288,0,300.003600043201,100.0004000016,1800.12960933187,100.0004000016,0,0,1100.04840212969,0,0,0,
9.22919,0,300.003600043201,200.0016000128,1300.06760351538,200.0016000128,0,100.0004000016,1000.04000160006,0,0,0,
9.3555,0,600.014400345608,200.0016000128,1900.14441097523,200.0016000128,0,0,1200.05760276493,0,0,0,
9.48176,0,600.014400345608,300.003600043201,1500.09000540032,200.0016000128,0,100.0004000016,1000.04000160006,0,0,0,
9.60796,0,400.006400102402,100.0004000016,1100.04840212969,500.010000200004,0,0,1200.05760276493,0,0,0,
9.73417,0,300.003600043201,100.0004000016,1600.10240655402,500.010000200004,0,0,900.032401166442,0,0,0,
9.86048,0,500.010000200004,100.0004000016,1600.10240655402,0,0,0,900.032401166442,0,0,0,
9.98676,0,600.014400345608,100.0004000016,1100.04840212969,500.010000200004,0,0,1100.04840212969,0,0,0,
10.11305,100.0004000016,600.014400345608,200.0016000128,800.025600819226,0,200.0016000128,100.0004000016,900.032401166442,0,0,0,
10.2393,0,800.025600819226,0,1500.09000540032,200.0016000128,0,200.0016000128,500.010000200004,0,0,0,
10.36561,0,300.003600043201,100.0004000016,1600.10240655402,200.0016000128,0,0,1100.04840212969,0,0,0,
10.49182,0,600.014400345608,100.0004000016,1100.04840212969,0,100.0004000016,200.0016000128,1400.07840439065,0,0,0,
10.61806,0,700.019600548815,100.0004000016,1000.04000160006,200.0016000128,100.0004000016,0,900.032401166442,0,0,0,
10.7444,0,700.019600548815,100.0004000016,300.003600043201,200.0016000128,0,100.0004000016,900.032401166442,0,0,0,
10.87059,0,100.0004000016,0,2500.2500250025,100.0004000016,0,0,500.010000200004,0,0,0,
10.99682,0,200.0016000128,300.003600043201,1200.05760276493,400.006400102402,0,0,1000.04000160006,0,0,0,
11.12305,0,300.003600043201,200.0016000128,1100.04840212969,300.003600043201,100.0004000016,0,700.019600548815,0,0,0,
11.24922,0,900.032401166442,0,1500.09000540032,0,0,0,500.010000200004,0,0,0,
11.37558,0,300.003600043201,200.0016000128,1400.07840439065,100.0004000016,0,0,800.025600819226,0,0,0,
11.50186,0,400.006400102402,100.0004000016,600.014400345608,100.0004000016,100.0004000016,0,1400.07840439065,0,0,0,
11.62812,0,500.010000200004,0,900.032401166442,100.0004000016,0,200.0016000128,800.025600819226,0,0,0,
11.75441,0,200.0016000128,100.0004000016,1800.12960933187,0,0,100.0004000016,600.014400345608,0,0,0,
11.88073,0,800.025600819226,400.006400102402,700.019600548815,0,0,0,900.032401166442,0,0,0,
12.00708,0,100.0004000016,200.0016000128,1700.11560786133,0,0,0,1000.04000160006,0,0,0,
12.13342,0,200.0016000128,0,1000.04000160006,0,0,400.006400102402,400.006400102402,0,0,0,
12.25972,0,500.010000200004,0,1100.04840212969,100.0004000016,100.0004000016,0,800.025600819226,0,0,0,
12.38603,0,800.025600819226,400.006400102402,1000.04000160006,200.0016000128,100.0004000016,100.0004000016,1300.06760351538,0,0,100.0004000016,
12.5123,0,500.010000200004,0,1400.07840439065,300.003600043201,0,0,1400.07840439065,0,0,0,
12.63855,0,900.032401166442,0,1700.11560786133,200.0016000128,400.006400102402,0,1200.05760276493,0,0,0,
12.76487,0,800.025600819226,100.0004000016,900.032401166442,0,100.0004000016,100.0004000016,600.014400345608,0,0,0,
12.89114,0,300.003600043201,100.0004000016,1200.05760276493,100.0004000016,0,0,800.025600819226,0,0,0,
13.01739,0,400.006400102402,100.0004000016,1200.05760276493,100.0004000016,0,0,1400.07840439065,0,0,0,
13.1437,200.0016000128,500.010000200004,0,1100.04840212969,200.0016000128,0,0,700.019600548815,0,0,0,
13.26993,0,600.014400345608,0,1100.04840212969,100.0004000016,100.0004000016,100.0004000016,600.014400345608,0,0,0,
13.39622,0,300.003600043201,300.003600043201,1400.07840439065,400.006400102402,100.0004000016,0,900.032401166442,0,0,100.0004000016,
13.52248,100.0004000016,800.025600819226,200.0016000128,1100.04840212969,300.003600043201,0,0,700.019600548815,0,0,0,
13.64883,0,400.006400102402,0,1200.05760276493,100.0004000016,200.0016000128,0,800.025600819226,0,0,0,
13.77507,0,300.003600043201,100.0004000016,1000.04000160006,500.010000200004,100.0004000016,100.0004000016,1100.04840212969,0,0,0,
13.90134,0,300.003600043201,0,1200.05760276493,500.010000200004,0,100.0004000016,800.025600819226,0,0,0,
14.02753,0,200.0016000128,200.0016000128,1400.07840439065,200.0016000128,100.0004000016,100.0004000016,1500.09000540032,0,0,0,
14.15374,0,500.010000200004,0,1200.05760276493,200.0016000128,0,200.0016000128,800.025600819226,0,0,0,
14.28001,100.0004000016,400.006400102402,0,1200.05760276493,0,0,0,1000.04000160006,0,0,0,
14.40619,0,300.003600043201,300.003600043201,1300.06760351538,200.0016000128,100.0004000016,100.0004000016,700.019600548815,0,0,0,
14.53233,0,400.006400102402,200.0016000128,1200.05760276493,200.0016000128,100.0004000016,0,800.025600819226,0,0,0,
14.65857,0,400.006400102402,200.0016000128,1100.04840212969,200.0016000128,0,100.0004000016,1200.05760276493,0,0,0,
14.78486,0,200.0016000128,200.0016000128,1500.09000540032,300.003600043201,0,200.0016000128,600.014400345608,0,0,0,
14.91115,0,1000.04000160006,0,1600.10240655402,200.0016000128,100.0004000016,0,900.032401166442,0,0,0,
15.03748,0,600.014400345608,300.003600043201,1300.06760351538,100.0004000016,200.0016000128,0,1000.04000160006,0,0,0,
15.16371,0,300.003600043201,200.0016000128,1400.07840439065,0,0,100.0004000016,700.019600548815,0,0,0,
15.28997,0,600.014400345608,100.0004000016,1200.05760276493,500.010000200004,0,0,900.032401166442,0,0,0,
15.41626,0,400.006400102402,200.0016000128,1100.04840212969,300.003600043201,0,0,700.019600548815,0,0,0,
15.54245,0,400.006400102402,100.0004000016,1500.09000540032,0,0,100.0004000016,1400.07840439065,0,0,0,
15.66864,0,300.003600043201,0,900.032401166442,100.0004000016,0,300.003600043201,700.019600548815,0,0,0,
15.79493,0,400.006400102402,100.0004000016,1600.10240655402,200.0016000128,0,0,1000.04000160006,0,0,0,
15.92117,0,400.006400102402,100.0004000016,2200.1936170383,200.0016000128,200.0016000128,100.0004000016,1000.04000160006,0,0,0,
16.04744,100.0004000016,900.032401166442,200.0016000128,1400.07840439065,200.0016000128,200.0016000128,0,1000.04000160006,0,0,0,
16.17369,0,300.003600043201,100.0004000016,1500.09000540032,300.003600043201,0,100.0004000016,700.019600548815,0,0,0,
16.29995,0,300.003600043201,100.0004000016,1100.04840212969,0,300.003600043201,100.0004000016,500.010000200004,0,0,0,
16.42623,0,400.006400102402,200.0016000128,1600.10240655402,0,0,0,800.025600819226,0,0,0,
16.55243,0,800.025600819226,100.0004000016,1100.04840212969,200.0016000128,0,0,1200.05760276493,0,0,0,
16.67862,0,200.0016000128,400.006400102402,1400.07840439065,100.0004000016,200.0016000128,100.0004000016,1500.09000540032,0,0,0,
16.8049,0,900.032401166442,400.006400102402,1200.05760276493,0,100.0004000016,0,600.014400345608,0,0,0,
16.93119,0,300.003600043201,100.0004000016,1200.05760276493,100.0004000016,0,100.0004000016,800.025600819226,0,0,0,
17.05742,0,1000.04000160006,0,1200.05760276493,0,0,0,1100.04840212969,0,0,0,
17.18357,100.0004000016,100.0004000016,200.0016000128,1600.10240655402,600.014400345608,0,0,1200.05760276493,0,0,0,
17.30973,100.0004000016,300.003600043201,0,1000.04000160006,200.0016000128,0,100.0004000016,800.025600819226,0,0,0,
17.43596,0,300.003600043201,100.0004000016,1000.04000160006,0,0,0,1100.04840212969,0,0,0,
17.56224,0,400.006400102402,0,2100.17641481884,200.0016000128,100.0004000016,200.0016000128,1500.09000540032,0,0,0,
17.68857,0,700.019600548815,400.006400102402,1700.11560786133,100.0004000016,0,0,600.014400345608,0,0,0,
17.81487,0,500.010000200004,100.0004000016,1500.09000540032,100.0004000016,0,100.0004000016,700.019600548815,0,0,0,
17.94115,0,400.006400102402,0,1300.06760351538,0,100.0004000016,100.0004000016,1200.05760276493,0,0,0,
18.06745,0,300.003600043201,200.0016000128,1100.04840212969,100.0004000016,100.0004000016,0,1100.04840212969,0,0,0,
18.19366,0,300.003600043201,0,1700.11560786133,200.0016000128,0,0,1200.05760276493,0,0,0,
18.31994,0,400.006400102402,0,1200.05760276493,100.0004000016,100.0004000016,0,1500.09000540032,0,0,100.0004000016,
18.4462,0,200.0016000128,300.003600043201,1700.11560786133,0,200.0016000128,300.003600043201,1000.04000160006,0,0,0,
18.57252,0,300.003600043201,0,1600.10240655402,0,200.0016000128,100.0004000016,900.032401166442,0,0,0,
18.69885,200.0016000128,600.014400345608,400.006400102402,1200.05760276493,100.0004000016,200.0016000128,0,700.019600548815,0,0,0,
18.82508,100.0004000016,400.006400102402,100.0004000016,1400.07840439065,200.0016000128,0,0,700.019600548815,0,0,0,
18.95135,100.0004000016,300.003600043201,100.0004000016,1600.10240655402,200.0016000128,200.0016000128,200.0016000128,900.032401166442,0,0,0,
19.07758,0,500.010000200004,100.0004000016,1100.04840212969,0,0,0,300.003600043201,0,0,0,
19.20386,100.0004000016,100.0004000016,0,1300.06760351538,100.0004000016,0,0,1500.09000540032,0,0,0,
19.33014,0,600.014400345608,200.0016000128,1900.14441097523,200.0016000128,100.0004000016,0,1100.04840212969,0,0,0,
19.45633,100.0004000016,200.0016000128,0,1600.10240655402,400.006400102402,0,100.0004000016,500.010000200004,0,0,0,
19.58264,0,200.0016000128,100.0004000016,1300.06760351538,300.003600043201,0,0,1200.05760276493,0,0,0,
19.7088,0,500.010000200004,100.0004000016,2000.16001280102,100.0004000016,0,200.0016000128,1100.04840212969,0,0,0,
19.83495,0,500.010000200004,800.025600819226,1100.04840212969,100.0004000016,200.0016000128,200.0016000128,1600.10240655402,100.0004000016,0,0,
19.96131,0,500.010000200004,200.0016000128,1100.04840212969,300.003600043201,100.0004000016,0,900.032401166442,0,0,0,
20.08755,0,700.019600548815,100.0004000016,1200.05760276493,100.0004000016,100.0004000016,100.0004000016,700.019600548815,0,0,0,
20.21381,0,700.019600548815,200.0016000128,1000.04000160006,300.003600043201,100.0004000016,0,600.014400345608,0,0,0,
20.3401,0,200.0016000128,100.0004000016,800.025600819226,400.006400102402,0,0,900.032401166442,0,0,0,
20.46638,0,100.0004000016,200.0016000128,1500.09000540032,100.0004000016,0,100.0004000016,1700.11560786133,0,0,0,
20.59267,0,400.006400102402,300.003600043201,1500.09000540032,100.0004000016,100.0004000016,0,800.025600819226,7902.49718911176,200.0016000128,0,
20.71888,6801.85010322808,1900.14441097523,177349.248103642,3800.57768780855,500.010000200004,1500.09000540032,5901.39272868397,221037.169755739,1683033.95827192,10004.0016006403,200.0016000128,
20.84512,47891.5686793148,8803.09869073914,781250.348484867,8302.75651516303,0,2500.2500250025,11205.0198488923,393394.467084066,3302169.8741494,13907.7326993809,100.0004000016,
20.97143,81263.2930695453,10104.0820491479,898040.450667341,9203.38684635946,300.003600043201,1300.06760351538,9503.61137232148,418696.773248957,3231126.15539151,13807.6218072376,0,
21.09775,66074.1715161165,9003.24116682005,1016733.96328519,9203.38684635946,200.0016000128,2400.23042212052,12205.9565067753,424900.94458592,3504561.86363408,13106.8679988314,0,
21.22407,62355.1395872932,9103.31360615264,997774.330488465,9703.76506084361,500.010000200004,1900.14441097523,10504.4118529783,420764.493903084,3655736.28843284,18313.4054127621,100.0004000016,
21.35021,58637.211073913,27830.9480141918,1015217.86184046,9803.84310649775,600.014400345608,1100.04840212969,11705.4781637807,415492.47091451,3334387.37451635,15609.7404780583,0,
21.47645,57331.1737254839,8002.56081946223,1031687.85298969,9703.76506084361,300.003600043201,1300.06760351538,10804.6676164103,410532.564105692,3377344.04167228,13307.0793662228,0,
21.60273,57933.9432768561,8002.56081946223,967550.948334961,9103.31360615264,200.0016000128,1500.09000540032,9503.61137232148,408673.098110001,3220386.98860252,11205.0198488923,100.0004000016,
21.72897,52811.3262757894,7102.01697282028,954071.674764337,9603.68781612139,400.006400102402,900.032401166442,8803.09869073914,407330.319685193,3230300.06563851,10304.2453490838,200.0016000128,
21.85526,55924.8242076314,7802.43435952017,934793.704276959,9503.61137232148,600.014400345608,1400.07840439065,9603.68781612139,405884.40932335,3101430.06417071,9803.84310649775,0,
21.98147,50903.435781508,10504.4118529783,926617.302387323,6901.90492575951,400.006400102402,1500.09000540032,12406.1534521122,407743.467161,3300517.6946434,10804.6676164103,0,
22.10773,58637.211073913,9703.76506084361,991416.594583805,8402.82334864514,300.003600043201,1200.05760276493,8102.62525058119,423453.033729804,3047734.23022579,13607.4024269202,0,
22.23397,53413.8783887248,7602.31110257518,910611.321758582,7402.19104855037,300.003600043201,1000.04000160006,9903.92195309342,406504.06504065,3235256.6041565,13106.8679988314,0,
22.36018,55020.8257333103,7702.37233067785,1016950.56363122,9103.31360615264,200.0016000128,1100.04840212969,8402.82334864514,394116.691045019,3166691.15465761,9503.61137232148,0,
22.48641,48795.0527627819,7802.43435952017,918016.13137324,8803.09869073914,100.0004000016,700.019600548815,9803.84310649775,407743.467161,3089864.80762873,9903.92195309342,100.0004000016,
22.6127,55824.3767113128,9903.92195309342,1012727.50731478,9303.46088745013,300.003600043201,1400.07840439065,9303.46088745013,386999.419145453,3132821.47478466,13407.186251831,100.0004000016,
22.73902,54116.8924877736,10304.2453490838,916941.386245361,9303.46088745013,300.003600043201,1000.04000160006,7102.01697282028,403406.088688371,3316213.39995037,9903.92195309342,0,
22.86533,56929.3434683601,8803.09869073914,947391.145504666,8903.16952835209,300.003600043201,600.014400345608,8602.95941803981,391846.982636039,3164212.88539861,10704.5815609081,0,
22.9916,60244.8285678772,7702.37233067785,963128.20385002,9403.53572943427,600.014400345608,1100.04840212969,7302.132222609,387515.029408897,3291430.70736041,11605.3848985929,0,
23.11783,60244.8285678772,8602.95941803981,1000066.56017039,9503.61137232148,300.003600043201,1600.10240655402,8102.62525058119,383184.554027601,2998994.93479887,12606.3536022155,100.0004000016,
23.24398,62556.1401257539,10504.4118529783,939206.799807427,9103.31360615264,100.0004000016,1000.04000160006,9603.68781612139,383906.197328395,3191473.84724757,11305.1099096792,0,
23.3703,62958.150874998,8102.62525058119,962804.647549734,8202.69048247825,400.006400102402,1200.05760276493,9103.31360615264,385143.395598013,3048560.31997879,10404.3282005314,0,
23.49666,66074.1715161165,8102.62525058119,920595.883394644,10204.1632986258,100.0004000016,1000.04000160006,8602.95941803981,366803.985632242,2970907.88319691,11505.2924345199,100.0004000016,
23.62297,60546.2798120259,8703.02865397158,985148.967662002,8602.95941803981,500.010000200004,1500.09000540032,6101.48876325823,378443.347193347,2893255.44641503,10204.1632986258,0,
23.74924,55121.2667869313,9403.53572943427,1081478.48966557,9003.24116682005,300.003600043201,1600.10240655402,7102.01697282028,363406.893976901,3325300.38723336,10704.5815609081,100.0004000016,
23.87544,58335.8057557995,9303.46088745013,917908.652849311,9303.46088745013,600.014400345608,1500.09000540032,8703.02865397158,369790.059913296,3022951.53763583,9403.53572943427,100.0004000016,
24.00167,58838.151980851,9403.53572943427,941252.402159972,10004.0016006403,800.025600819226,1000.04000160006,10004.0016006403,364024.479327306,3055169.03800278,9803.84310649775,0,
24.12795,53916.0272907297,11004.8421305374,860535.168258986,10304.2453490838,0,700.019600548815,7102.01697282028,360628.132037574,2944473.01110095,10804.6676164103,0,
24.25419,61752.1573156257,8302.75651516303,886991.890123181,9803.84310649775,0,1300.06760351538,7001.96054895371,360731.038288617,2986603.58850389,8602.95941803981,100.0004000016,
24.38048,53413.8783887248,10004.0016006403,838831.836748193,8402.82334864514,400.006400102402,400.006400102402,7502.25067520256,344893.30813713,2766863.71420623,10604.4963064339,0,
24.50678,60847.7383086133,8402.82334864514,851122.352328049,10204.1632986258,300.003600043201,800.025600819226,6001.44034568296,354146.721404579,3043603.7814608,8102.62525058119,0,
24.63309,52409.640968907,10204.1632986258,895787.066193775,10404.3282005314,200.0016000128,800.025600819226,6101.48876325823,349210.726974805,2800733.39407918,9303.46088745013,0,
24.75936,54920.3854849831,10104.0820491479,839365.963973722,8602.95941803981,700.019600548815,1000.04000160006,6301.58800017604,328048.889213088,2786689.8682782,8302.75651516303,100.0004000016,
24.88559,50903.435781508,8402.82334864514,855507.016150384,8602.95941803981,200.0016000128,900.032401166442,6501.69043951427,344584.977352079,3010560.19134085,10004.0016006403,200.0016000128,
25.01182,55221.7086458555,9403.53572943427,826553.002285133,9203.38684635946,100.0004000016,1600.10240655402,6901.90492575951,352192.660438816,2894907.62592103,7602.31110257518,0,
25.13809,55523.0390545449,9703.76506084361,880560.179548974,8903.16952835209,100.0004000016,500.010000200004,7702.37233067785,349210.726974805,2914733.779993,8703.02865397158,0,
25.26439,51305.072789072,9003.24116682005,829648.303508699,10204.1632986258,500.010000200004,1400.07840439065,6201.53798141939,349107.914194284,2855255.31777709,8002.56081946223,0,
25.39061,75024.4732238859,8703.02865397158,868134.597077936,10204.1632986258,300.003600043201,1700.11560786133,5601.25468104855,342735.150170911,2960168.71640793,9303.46088745013,0,
25.51682,53715.1653144341,9903.92195309342,823351.747104686,8703.02865397158,200.0016000128,800.025600819226,7502.25067520256,347463.023120942,2918864.22875799,9103.31360615264,0,
25.64304,53413.8783887248,9403.53572943427,842357.484566944,10404.3282005314,400.006400102402,800.025600819226,5801.34591225164,331333.846715033,2753646.27815825,6201.53798141939,0,
25.7692,55523.0390545449,7702.37233067785,791595.653806633,9803.84310649775,200.0016000128,1100.04840212969,5601.25468104855,353323.922179493,2847820.51000011,9103.31360615264,0,
25.89555,55523.0390545449,8803.09869073914,844494.709115043,7802.43435952017,200.0016000128,1700.11560786133,4900.9605882753,328664.753845904,2689211.27742435,8402.82334864514,100.0004000016,
26.02179,53213.0244639615,7402.19104855037,799367.605901244,8703.02865397158,0,1100.04840212969,6401.6388195378,327535.691563297,2768515.89371223,6801.85010322808,200.0016000128,
26.14807,53514.3065588096,9403.53572943427,804693.564102988,9003.24116682005,100.0004000016,1500.09000540032,7102.01697282028,351781.317562497,2743733.20112227,8002.56081946223,0,
26.27434,52208.8031457558,9803.84310649775,747077.191797187,9003.24116682005,100.0004000016,1400.07840439065,6301.58800017604,338419.936674221,2703254.80322533,9203.38684635946,200.0016000128,
26.40059,51003.8438260298,8502.8909829342,801284.697567661,8002.56081946223,400.006400102402,700.019600548815,6501.69043951427,356821.187754075,2865168.39481308,8803.09869073914,0,
26.52691,52208.8031457558,6401.6388195378,797131.35899288,7902.49718911176,200.0016000128,800.025600819226,5901.39272868397,340577.359714564,2867646.66407207,7502.25067520256,0,
26.6532,48694.6624237518,7001.96054895371,756732.809956523,8703.02865397158,400.006400102402,800.025600819226,6901.90492575951,334825.04783215,2864342.30506008,11104.9305891816,0,
26.77935,50200.6020064209,8502.8909829342,791702.087270867,7502.25067520256,100.0004000016,1000.04000160006,5801.34591225164,347668.622830747,2832124.80469313,8202.69048247825,0,
26.90554,45081.1460629132,8102.62525058119,806078.673443687,9103.31360615264,400.006400102402,500.010000200004,6801.85010322808,357952.862608583,2849472.6895061,9703.76506084361,100.0004000016,
27.03177,52811.3262757894,7902.49718911176,801391.211014098,7902.49718911176,300.003600043201,1300.06760351538,6101.48876325823,350136.079530475,2844516.15098811,9003.24116682005,0,
27.15801,43575.8219301585,7902.49718911176,797876.731553486,7202.07419736884,200.0016000128,1000.04000160006,6101.48876325823,364642.094754186,2891603.26690904,9203.38684635946,0,
27.28433,47891.5686793148,7202.07419736884,810341.481141932,8703.02865397158,100.0004000016,900.032401166442,5601.25468104855,353941.016591619,3000647.11430487,8502.8909829342,0,
27.4106,48694.6624237518,8002.56081946223,779786.997087915,8302.75651516303,300.003600043201,700.019600548815,4900.9605882753,363201.038876715,2981647.0499859,9803.84310649775,0,
27.53686,46988.1497689666,7902.49718911176,790744.217715146,7502.25067520256,400.006400102402,800.025600819226,4900.9605882753,379576.952907687,3150995.44935063,10304.2453490838,0,
27.66316,48293.1091143725,6701.7960813498,851336.203865705,6501.69043951427,200.0016000128,1700.11560786133,7102.01697282028,381741.39051332,2966777.43443192,9603.68781612139,100.0004000016,
27.78949,49196.6221659339,7602.31110257518,816525.054421235,8402.82334864514,200.0016000128,1000.04000160006,6501.69043951427,369378.14580289,2971733.97294991,10204.1632986258,0,
27.91578,49999.7996000016,7502.25067520256,816631.693736266,6301.58800017604,200.0016000128,700.019600548815,5001.00020004001,366598.075385471,3007255.83232886,10204.1632986258,0,
28.04195,48092.3372875922,6801.85010322808,829755.051266898,7402.19104855037,400.006400102402,1100.04840212969,6101.48876325823,388958.849575497,2832950.89444613,8302.75651516303,0,
28.16818,45984.4274087224,6401.6388195378,821004.664306283,8803.09869073914,100.0004000016,1400.07840439065,6401.6388195378,377825.059485622,2846994.42024711,9603.68781612139,0,
28.29437,48995.8358549322,5701.29989637637,827086.621982363,8202.69048247825,200.0016000128,700.019600548815,6601.74286011507,385555.82182183,3202213.01403655,10004.0016006403,0,
28.42071,49698.6020264204,7502.25067520256,856469.702423061,9103.31360615264,200.0016000128,900.032401166442,6601.74286011507,378752.502344997,2937864.29307697,10004.0016006403,0,
28.54691,41368.3404985035,5501.21026625858,818444.696891459,8202.69048247825,700.019600548815,1100.04840212969,5801.34591225164,377412.88441705,2941994.74184196,9603.68781612139,0,
28.67314,43174.4327220127,5301.12383825371,806824.563142074,7602.31110257518,200.0016000128,1300.06760351538,7302.132222609,364642.094754186,3065908.20479176,9203.38684635946,100.0004000016,
28.79947,45783.6925900546,6401.6388195378,849839.317398803,7102.01697282028,500.010000200004,1500.09000540032,6701.7960813498,408879.692003724,3036168.97368381,11004.8421305374,0,
28.92578,44880.4257228954,6501.69043951427,853581.858645024,8903.16952835209,400.006400102402,1100.04840212969,6301.58800017604,383287.643415575,2965125.25492592,9303.46088745013,200.0016000128,
29.05193,40365.0684904065,6101.48876325823,802669.440969685,9803.84310649775,500.010000200004,900.032401166442,7001.96054895371,378855.555736027,3009734.10158785,9303.46088745013,0,
29.17816,42572.3730341581,7001.96054895371,815032.196508156,7602.31110257518,100.0004000016,1500.09000540032,5101.04061228491,382256.787215465,3060951.66627377,8002.56081946223,0,
29.30445,42171.0159909287,6701.7960813498,827833.726605148,6001.44034568296,400.006400102402,1200.05760276493,5501.21026625858,377000.722736981,3008908.01183485,10004.0016006403,0,
29.43059,41970.3422936842,6801.85010322808,831036.093190112,7502.25067520256,300.003600043201,1000.04000160006,6001.44034568296,381122.942098552,3155125.89811563,10404.3282005314,100.0004000016,
29.5568,40365.0684904065,7902.49718911176,837122.778007441,6301.58800017604,100.0004000016,800.025600819226,4700.88376614804,397315.605329779,3164212.88539861,13206.9732818928,100.0004000016,
29.68311,40666.0416516423,6501.69043951427,830822.577378812,5701.29989637637,300.003600043201,500.010000200004,6601.74286011507,384112.388665283,3032038.52491882,9903.92195309342,0,
29.80926,39562.5087638469,6001.44034568296,876274.147739035,9403.53572943427,200.0016000128,1400.07840439065,6101.48876325823,399379.848741613,3159256.34688062,9103.31360615264,0,
29.93554,37054.8411649241,5901.39272868397,844922.19644622,7001.96054895371,600.014400345608,1100.04840212969,7702.37233067785,390299.686785263,2971733.97294991,9803.84310649775,0,
30.06179,35650.7666917691,5501.21026625858,786381.489916493,5701.29989637637,800.025600819226,400.006400102402,6601.74286011507,367936.551746532,2958516.53690193,9203.38684635946,0,
30.18802,37857.2401471024,6301.58800017604,845777.213535744,5901.39272868397,300.003600043201,700.019600548815,6301.58800017604,387618.153974889,3258387.11724046,10804.6676164103,0,
30.31425,38057.8479288519,8102.62525058119,878095.53778823,8102.62525058119,600.014400345608,1100.04840212969,7302.132222609,391331.1963989,3198082.56527156,7602.31110257518,100.0004000016,
30.44052,35751.0525029742,5801.34591225164,863852.679495138,5901.39272868397,600.014400345608,400.006400102402,7402.19104855037,392053.302998294,3193952.11650656,7702.37233067785,0,
30.5668,37957.5436361524,5601.25468104855,847487.417443125,8502.8909829342,100.0004000016,700.019600548815,4900.9605882753,397522.014572082,2972560.06270291,7502.25067520256,0,
30.69309,34948.7885087582,6501.69043951427,866742.818357524,6901.90492575951,200.0016000128,700.019600548815,5901.39272868397,371437.850125842,3022125.44788283,8002.56081946223,0,
30.81931,38559.381447429,5001.00020004001,858609.261933231,7001.96054895371,200.0016000128,1500.09000540032,6801.85010322808,394529.408896618,3054342.94824978,7902.49718911176,0,
30.94559,36954.5449082846,6101.48876325823,888922.026709083,7902.49718911176,300.003600043201,1400.07840439065,8102.62525058119,378134.199573647,3119604.03873668,11705.4781637807,0,
31.07175,33244.1482288479,6201.53798141939,836588.743515016,6001.44034568296,600.014400345608,600.014400345608,6401.6388195378,384627.881662957,3046082.0507198,7702.37233067785,0,
31.1979,33745.4889190629,5001.00020004001,900508.893198734,7001.96054895371,200.0016000128,1000.04000160006,7902.49718911176,394632.590455681,3027081.98640083,8903.16952835209,0,
31.32414,31940.756405173,5101.04061228491,899113.62873517,5601.25468104855,700.019600548815,700.019600548815,7602.31110257518,409086.289257038,3173299.8726816,7102.01697282028,100.0004000016,
31.45036,37355.7347562563,7001.96054895371,884311.622262993,7502.25067520256,300.003600043201,1200.05760276493,7502.25067520256,396490.001909816,3021299.35812983,8102.62525058119,0,
31.57659,33043.6175751993,5201.0818250196,892139.560703603,6501.69043951427,100.0004000016,800.025600819226,8102.62525058119,383596.916603715,3027908.07615382,8602.95941803981,0,
31.70288,35249.6314811254,4700.88376614804,905984.075073469,6701.7960813498,400.006400102402,1500.09000540032,8302.75651516303,394735.772853231,3141082.37231465,8502.8909829342,0,
31.82911,32542.3049964954,4900.9605882753,870597.341744382,5401.16665199683,500.010000200004,1600.10240655402,6101.48876325823,389371.399787136,2837081.34321112,6801.85010322808,0,
31.95542,34146.5759295679,5701.29989637637,862247.325843627,6801.85010322808,400.006400102402,700.019600548815,9203.38684635946,381122.942098552,3181560.77021158,6901.90492575951,200.0016000128,
32.08171,31740.2466327303,5901.39272868397,917801.175216776,6701.7960813498,300.003600043201,1400.07840439065,7802.43435952017,383390.733640912,3086560.44861673,7802.43435952017,0,
32.20804,31138.7365883159,3000.36004320518,862033.293747181,6401.6388195378,300.003600043201,1300.06760351538,6801.85010322808,354352.429555467,2890777.17715604,8002.56081946223,0,
32.33434,31339.2367243789,4000.64010241639,868134.597077936,6101.48876325823,300.003600043201,700.019600548815,9003.24116682005,389783.963406212,3117951.85923068,7402.19104855037,0,
32.46063,31138.7365883159,2400.23042212052,894821.450027138,6501.69043951427,100.0004000016,600.014400345608,7702.37233067785,391743.823712232,2988255.76800989,9803.84310649775,100.0004000016,
32.58691,29033.6790677186,5101.04061228491,887849.693073654,5701.29989637637,500.010000200004,400.006400102402,7302.132222609,374940.115141328,2960168.71640793,7902.49718911176,0,
32.71312,27730.7256440136,5101.04061228491,904266.121779064,5501.21026625858,400.006400102402,1200.05760276493,7202.07419736884,374321.99811621,2856081.40753009,7302.132222609,0,
32.83935,28532.5270808722,4300.73972723308,866421.659920704,5901.39272868397,200.0016000128,600.014400345608,6101.48876325823,372158.825654703,2915559.869746,5901.39272868397,0,
32.96559,30236.5257230735,5901.39272868397,909420.665353923,7302.132222609,600.014400345608,800.025600819226,7001.96054895371,382978.377763699,3013038.46059985,7202.07419736884,0,
33.0918,29434.6151073663,6501.69043951427,882274.989854148,5701.29989637637,100.0004000016,400.006400102402,7902.49718911176,365774.467826052,2937038.20332397,9703.76506084361,0,
33.21804,30236.5257230735,5401.16665199683,904910.32756241,6701.7960813498,200.0016000128,1000.04000160006,8202.69048247825,388752.579497262,2938690.38282996,7902.49718911176,0,
33.34432,29033.6790677186,5201.0818250196,909635.482520324,4700.88376614804,300.003600043201,700.019600548815,9003.24116682005,364950.913746992,3053516.85849678,9803.84310649775,0,
33.47051,26427.9078707115,5101.04061228491,918123.610788574,4900.9605882753,300.003600043201,600.014400345608,7502.25067520256,371849.831124968,2899864.16443902,7102.01697282028,100.0004000016,
33.59682,29133.9118734207,6801.85010322808,928983.625328261,6601.74286011507,0,1000.04000160006,8703.02865397158,372467.827710794,3098125.70515871,8002.56081946223,0,
33.72311,30437.0114058695,5301.12383825371,904480.853480112,6001.44034568296,400.006400102402,1100.04840212969,8502.8909829342,374837.093545859,2953559.99838394,9503.61137232148,0,
33.84946,27329.8441898553,5301.12383825371,912965.604165976,6301.58800017604,300.003600043201,1000.04000160006,6801.85010322808,356101.083618336,2822211.72765714,8602.95941803981,100.0004000016,
33.97566,28532.5270808722,5701.29989637637,916941.386245361,5701.29989637637,200.0016000128,800.025600819226,8302.75651516303,369584.101186079,3069212.56380376,8102.62525058119,0,
34.10185,32442.0448901777,5401.16665199683,905769.318450296,6001.44034568296,700.019600548815,1000.04000160006,7702.37233067785,363303.966009115,2913907.69024,8302.75651516303,0,
34.22815,27530.2833116428,3300.43565750679,881846.265974276,6701.7960813498,200.0016000128,900.032401166442,8002.56081946223,369481.123076486,2969255.70369092,7502.25067520256,0,
34.35437,29835.5639922788,4600.84655576626,929736.636850927,5301.12383825371,200.0016000128,1200.05760276493,8402.82334864514,372467.827710794,2880038.01036706,7902.49718911176,0,
34.48057,25425.8326459683,4000.64010241639,929198.76701474,4900.9605882753,700.019600548815,800.025600819226,7702.37233067785,356512.566687628,2880864.10012005,8202.69048247825,0,
34.6068,26728.5460872212,4800.92177698118,880024.347926907,4500.81014582625,500.010000200004,500.010000200004,8102.62525058119,362583.493624861,2894081.53616803,9903.92195309342,0,
34.73295,27630.5040765005,5201.0818250196,974349.810075554,6601.74286011507,300.003600043201,900.032401166442,8402.82334864514,365568.574292707,3053516.85849678,10104.0820491479,0,
34.85927,25726.4467872973,4100.67251029169,907809.650140938,6501.69043951427,200.0016000128,1000.04000160006,9303.46088745013,348799.480856587,2778428.97074821,7502.25067520256,0,
34.98563,25926.8602271954,4600.84655576626,879059.906918197,6601.74286011507,100.0004000016,400.006400102402,8402.82334864514,330204.546467754,2913081.600487,7102.01697282028,0,
35.11194,26327.6967369673,4200.70571856072,906628.36630729,6001.44034568296,300.003600043201,500.010000200004,7802.43435952017,358364.405782519,2793298.58630219,8002.56081946223,0,
35.23821,24824.6260290208,4200.70571856072,920165.88906169,5401.16665199683,200.0016000128,1100.04840212969,10204.1632986258,354660.998040592,3052690.76874379,8502.8909829342,0,
35.36441,26728.5460872212,4900.9605882753,887956.922439681,6501.69043951427,500.010000200004,600.014400345608,8002.56081946223,343968.338287234,2823037.81741014,8903.16952835209,0,
35.49063,25926.8602271954,4100.67251029169,903085.161055022,4400.77453631839,300.003600043201,1400.07840439065,8703.02865397158,365877.415846165,2980820.9602329,9803.84310649775,100.0004000016,
35.61699,26227.4864057532,4400.77453631839,919090.965641653,5001.00020004001,400.006400102402,600.014400345608,8903.16952835209,367936.551746532,3015516.72985884,11104.9305891816,0,
35.74325,23522.1107841371,4100.67251029169,928876.055823833,4700.88376614804,400.006400102402,1200.05760276493,8602.95941803981,418800.151292699,2820559.54815115,8102.62525058119,0,
35.86955,26828.7604311822,3700.5476810568,903085.161055022,6501.69043951427,400.006400102402,1000.04000160006,8803.09869073914,356101.083618336,3003951.47331686,9503.61137232148,100.0004000016,
35.99574,24023.0621396541,5001.00020004001,895465.186136604,4900.9605882753,400.006400102402,800.025600819226,8703.02865397158,349724.803387534,3148517.18009164,10204.1632986258,0,
36.12206,25726.4467872973,4200.70571856072,933609.958506224,4900.9605882753,300.003600043201,600.014400345608,10004.0016006403,359496.218391924,2916385.959499,9703.76506084361,0,
36.24833,22520.2682414173,4700.88376614804,913825.129361815,4000.64010241639,200.0016000128,1000.04000160006,8402.82334864514,354558.141044364,2837907.43296412,8202.69048247825,0,
36.37455,27329.8441898553,4100.67251029169,900830.898655229,6101.48876325823,300.003600043201,1000.04000160006,11205.0198488923,373909.936829114,2947777.37011295,8602.95941803981,0,
36.50091,22920.9956319989,4000.64010241639,902655.747488478,5201.0818250196,500.010000200004,1100.04840212969,8803.09869073914,362274.732275828,2998994.93479887,8402.82334864514,0,
36.6271,24724.4277346018,3200.40965243551,884204.423092852,6201.53798141939,500.010000200004,900.032401166442,10804.6676164103,368348.419044527,2964299.16517292,10104.0820491479,200.0016000128,
36.75337,21618.6785382571,4200.70571856072,915866.730246926,6101.48876325823,100.0004000016,1100.04840212969,9203.38684635946,349621.986436938,2956038.26764294,7602.31110257518,0,
36.8796,23722.4889194957,2300.21161946899,892783.163476676,4500.81014582625,0,1000.04000160006,8302.75651516303,358775.96231483,2959342.62665493,11004.8421305374,0,
37.00592,23121.3641404658,3500.49006860961,875202.861590435,4900.9605882753,300.003600043201,700.019600548815,11505.2924345199,356203.953133621,2862690.12555408,11405.2007715518,0,
37.1321,23021.1794851263,3000.36004320518,870276.087586407,4900.9605882753,300.003600043201,500.010000200004,9503.61137232148,348388.248081634,2882516.27962605,9103.31360615264,0,
37.2584,21418.3340939844,3300.43565750679,820681.233386481,4700.88376614804,300.003600043201,700.019600548815,10604.4963064339,347051.833707118,2843690.06123511,8903.16952835209,0,
37.3846,23221.549598027,3300.43565750679,862033.293747181,5701.29989637637,100.0004000016,800.025600819226,10204.1632986258,356203.953133621,2984125.31924489,8202.69048247825,0,
37.51088,24524.0335528818,2600.27042812453,893855.905870655,5401.16665199683,400.006400102402,800.025600819226,10704.5815609081,348285.441972705,2938690.38282996,10504.4118529783,0,
37.6372,22119.5536854579,4300.73972723308,866207.558726638,5301.12383825371,100.0004000016,900.032401166442,11104.9305891816,336365.589567093,2788342.0477842,8703.02865397158,0,
37.76352,24023.0621396541,3700.5476810568,873947.516499187,5101.04061228491,200.0016000128,100.0004000016,10204.1632986258,344687.753446878,2832950.89444613,8703.02865397158,0,
37.88976,20416.6599945556,3700.5476810568,880881.689172681,4600.84655576626,200.0016000128,400.006400102402,11705.4781637807,348182.636697679,2819733.45839815,8502.8909829342,0,
38.01603,19515.221873061,3100.38444767151,856897.586000041,3700.5476810568,200.0016000128,600.014400345608,10804.6676164103,352089.823468328,2906472.88246301,9203.38684635946,0,
38.14219,21819.0261908384,3900.60849492521,881846.265974276,4600.84655576626,400.006400102402,1000.04000160006,12406.1534521122,350650.193476162,2750341.91914626,8302.75651516303,0,
38.26852,21217.9928579435,3500.49006860961,858823.237359173,5401.16665199683,100.0004000016,600.014400345608,11004.8421305374,342632.389911605,2831298.71494013,9403.53572943427,100.0004000016,
38.39482,17912.8255831175,2900.33643902693,845670.333305765,4200.70571856072,100.0004000016,600.014400345608,11004.8421305374,356512.566687628,2892429.35666204,7302.132222609,0,
38.52105,22420.0883992057,3500.49006860961,848984.031531625,4400.77453631839,300.003600043201,300.003600043201,11405.2007715518,337700.877292555,2850298.7792591,9003.24116682005,0,
38.64733,21117.8234429859,2200.1936170383,859786.170600113,5301.12383825371,200.0016000128,400.006400102402,12906.6598364756,341707.585077181,2936212.11357097,9003.24116682005,0,
38.77356,22720.6303323418,3800.57768780855,848021.902579839,3300.43565750679,100.0004000016,1300.06760351538,12906.6598364756,349621.986436938,2803211.66333818,8402.82334864514,0,
38.8998,17011.567866149,3600.51847466035,854972.221417845,5601.25468104855,0,1000.04000160006,11505.2924345199,336673.72039663,2648732.87952742,9803.84310649775,100.0004000016,
39.02611,19715.5358422437,2600.27042812453,806611.447399932,4600.84655576626,600.014400345608,500.010000200004,12706.4548790786,335646.646776495,2737950.57285128,9203.38684635946,0,
39.15231,20717.1538033492,3200.40965243551,810128.307309841,4700.88376614804,200.0016000128,400.006400102402,12005.7627661277,356718.313230527,2858559.67678909,7102.01697282028,0,
39.27856,16210.5044068556,2600.27042812453,815032.196508156,4100.67251029169,200.0016000128,400.006400102402,11605.3848985929,347668.622830747,2775124.61173622,9503.61137232148,0,
39.40477,19815.6940296715,3200.40965243551,821964.78297155,3700.5476810568,200.0016000128,500.010000200004,15009.0054032419,342426.871893018,2814776.91988016,7602.31110257518,0,
39.53097,18814.1482394761,3000.36004320518,801071.673313023,5201.0818250196,300.003600043201,800.025600819226,13106.8679988314,340474.616953386,2910603.33122801,9503.61137232148,0,
39.65728,15809.9919148902,1900.14441097523,820577.967817232,5101.04061228491,600.014400345608,500.010000200004,16110.3750815525,363612.752418674,2816429.09938615,8102.62525058119,0,
39.78344,17512.2585810067,2900.33643902693,827726.994727011,4600.84655576626,800.025600819226,800.025600819226,15709.8657957197,348902.291135185,2965951.34467892,8703.02865397158,0,
39.90961,20516.8237955123,3500.49006860961,858716.249203552,4500.81014582625,500.010000200004,500.010000200004,13807.6218072376,354146.721404579,3052690.76874379,8102.62525058119,0,
40.03595,21217.9928579435,2300.21161946899,828794.353205663,3900.60849492521,300.003600043201,300.003600043201,13907.7326993809,353323.922179493,2841211.79197612,9703.76506084361,0,
40.16218,17512.2585810067,3100.38444767151,839045.484988548,3900.60849492521,300.003600043201,400.006400102402,13407.186251831,359907.811663123,2933733.84431197,8703.02865397158,0,
40.28845,16911.4321281186,2800.31363512713,825592.542395293,3800.57768780855,0,300.003600043201,16611.0297237366,349313.540589321,2831298.71494013,11405.2007715518,0,
40.41474,18213.259252736,2900.33643902693,796279.557377117,4500.81014582625,0,300.003600043201,13507.2939387269,325790.975103734,2843690.06123511,9703.76506084361,0,
40.54089,15209.2472223112,2500.2500250025,810021.721714281,3200.40965243551,200.0016000128,300.003600043201,18213.259252736,367009.899221943,2786689.8682782,9303.46088745013,0,
40.66712,17812.6826300326,2200.1936170383,842250.632618295,6701.7960813498,400.006400102402,400.006400102402,15709.8657957197,362995.187118033,2890777.17715604,8502.8909829342,0,
40.79342,16110.3750815525,2700.2916314962,816738.333932282,5601.25468104855,400.006400102402,600.014400345608,15409.4922472243,356924.06311237,2801559.48383218,9903.92195309342,0,
40.91973,19014.4509827469,2100.17641481884,792660.027979878,4400.77453631839,200.0016000128,200.0016000128,15209.2472223112,347154.629809876,2615689.28940747,9503.61137232148,0,
41.04599,16611.0297237366,2400.23042212052,799474.103519874,4400.77453631839,300.003600043201,100.0004000016,15910.1188355794,351267.157737612,2828820.44568114,10604.4963064339,0,
41.17227,16310.634533716,2400.23042212052,826873.171457379,5001.00020004001,100.0004000016,200.0016000128,17311.9798900839,369481.123076486,2840385.70222312,11905.6670975384,0,
41.29855,17111.7044058136,1600.10240655402,822818.281729013,4000.64010241639,100.0004000016,300.003600043201,16010.246557797,373188.861779046,3026255.89664783,11405.2007715518,0,
41.42484,19314.911111378,2700.2916314962,801284.697567661,3200.40965243551,100.0004000016,600.014400345608,18914.2992102029,352398.336882669,3055169.03800278,9803.84310649775,100.0004000016,
41.55111,16711.163056922,3100.38444767151,836268.333416009,5001.00020004001,400.006400102402,900.032401166442,18012.9693379233,388133.789371918,2979168.7807269,10804.6676164103,0,
41.67739,17712.5404786589,2300.21161946899,837015.96934283,4500.81014582625,600.014400345608,500.010000200004,19014.4509827469,377515.926928996,3212126.09107254,12506.2531265633,0,
41.80373,16711.163056922,3100.38444767151,814392.453110738,3300.43565750679,200.0016000128,700.019600548815,17311.9798900839,355483.884054443,2842863.97148211,11505.2924345199,0,
41.93007,15709.8657957197,2000.16001280102,853688.8043186,3900.60849492521,0,900.032401166442,17812.6826300326,378134.199573647,3178256.41119959,13707.5117164206,0,
42.05631,14808.7667899396,2900.33643902693,851229.277654611,4600.84655576626,200.0016000128,600.014400345608,17211.841747122,364950.913746992,3023777.62738883,12306.0545788528,0,
42.1826,17412.118834709,2400.23042212052,832744.346762227,5501.21026625858,300.003600043201,300.003600043201,19114.6035571176,370099.004274354,2994864.48603388,13307.0793662228,0,
42.30881,15910.1188355794,2100.17641481884,828687.613387939,3800.57768780855,200.0016000128,600.014400345608,19915.8530190031,377618.970277733,3007255.83232886,11805.5722300926,0,
42.43514,16110.3750815525,2600.27042812453,866100.509458716,5101.04061228491,300.003600043201,200.0016000128,19915.8530190031,387824.405620255,3150995.44935063,13206.9732818928,0,
42.56138,17612.3991289868,2300.21161946899,865137.105918771,3700.5476810568,600.014400345608,900.032401166442,22920.9956319989,379370.835245246,3103908.33342971,14107.9568876847,0,
42.68756,18012.9693379233,2600.27042812453,867492.219058341,4800.92177698118,300.003600043201,700.019600548815,20416.6599945556,400825.018796611,3057647.30726178,13106.8679988314,100.0004000016,
42.81386,15509.6159618964,3100.38444767151,842357.484566944,4400.77453631839,300.003600043201,300.003600043201,19615.3784567101,359907.811663123,3008908.01183485,9903.92195309342,0,
42.94005,16110.3750815525,3300.43565750679,832530.802709729,4500.81014582625,400.006400102402,1200.05760276493,21318.1630749398,399895.96202614,2997342.75529287,12806.5569571621,0,
43.06628,15709.8657957197,1600.10240655402,863424.565701375,5001.00020004001,300.003600043201,0,21518.505915087,382772.204849125,3114647.50021869,11805.5722300926,0,
43.19252,16110.3750815525,2700.2916314962,797450.799101836,5901.39272868397,100.0004000016,400.006400102402,19214.7569333248,377309.842741886,2913907.69024,14107.9568876847,0,
43.31867,14708.648685427,2300.21161946899,871989.535297673,5301.12383825371,1100.04840212969,200.0016000128,21618.6785382571,391434.351969969,3236908.7836625,15209.2472223112,100.0004000016,
43.44495,16911.4321281186,3300.43565750679,866314.60888063,5701.29989637637,600.014400345608,800.025600819226,25125.2257266295,404025.623516405,3102256.15392371,13106.8679988314,0,
43.57111,15309.3693340324,2600.27042812453,850908.504328476,4400.77453631839,400.006400102402,100.0004000016,21718.8519635043,387824.405620255,3120430.12848968,14007.84439286,0,
43.69733,15709.8657957197,2000.16001280102,880774.518410548,4500.81014582625,0,600.014400345608,23121.3641404658,416526.028555975,3177430.32144659,14508.4148806308,0,
43.82365,17311.9798900839,2600.27042812453,834346.039698089,4500.81014582625,400.006400102402,800.025600819226,24724.4277346018,391434.351969969,3148517.18009164,15910.1188355794,0,
43.95002,16811.2971917128,3500.49006860961,854330.496940916,6201.53798141939,800.025600819226,800.025600819226,25926.8602271954,387824.405620255,3053516.85849678,16410.7654621432,0,
44.07625,15209.2472223112,2600.27042812453,847487.417443125,3700.5476810568,200.0016000128,400.006400102402,20216.3347985172,384627.881662957,3117951.85923068,15509.6159618964,100.0004000016,
44.20251,16811.2971917128,3600.51847466035,899435.599499416,3300.43565750679,800.025600819226,900.032401166442,25826.6531060054,424590.664090308,3257561.02748747,15209.2472223112,200.0016000128,
44.32875,18413.5523745477,2300.21161946899,861819.265193302,4900.9605882753,400.006400102402,700.019600548815,25225.4272306485,429659.52737452,2961820.89591393,14508.4148806308,0,
44.45494,18313.4054127621,3000.36004320518,866528.71184687,4200.70571856072,500.010000200004,200.0016000128,26928.9755777216,419110.290469257,3172473.7829286,15910.1188355794,0,
44.58127,15609.7404780583,4600.84655576626,853154.084798345,3900.60849492521,400.006400102402,1200.05760276493,25425.8326459683,387824.405620255,3073343.01256875,12406.1534521122,0,
44.70747,15509.6159618964,3000.36004320518,898147.764471885,4200.70571856072,300.003600043201,800.025600819226,24624.2302425587,410635.875752155,3137778.01330265,16110.3750815525,0,
44.8338,17512.2585810067,3100.38444767151,873167.662266158,4400.77453631839,300.003600043201,700.019600548815,25626.2412710616,392981.786122024,3027908.07615382,12706.4548790786,100.0004000016,
44.96007,16010.246557797,3000.36004320518,866528.71184687,5001.00020004001,500.010000200004,1200.05760276493,22820.8125810739,384627.881662957,3128691.02601967,14608.5313823273,0,
45.08631,14308.184281409,2300.21161946899,883346.86169596,3700.5476810568,400.006400102402,600.014400345608,25025.025025025,390609.130869293,2984951.40899789,13206.9732818928,0,
45.21262,14007.84439286,2900.33643902693,831569.898161619,4400.77453631839,200.0016000128,600.014400345608,27430.063349431,396283.609441729,3128691.02601967,13907.7326993809,0,
45.33881,17812.6826300326,2600.27042812453,885812.503882872,3600.51847466035,200.0016000128,900.032401166442,23522.1107841371,386071.373447388,3088212.62812273,15109.1259120509,100.0004000016,
45.46501,18613.8487034354,2800.31363512713,881524.732385034,4400.77453631839,700.019600548815,700.019600548815,27029.191526849,386690.063040229,3048560.31997879,16611.0297237366,0,
45.59129,15709.8657957197,3000.36004320518,945021.461721753,5501.21026625858,600.014400345608,600.014400345608,25325.6295370915,401960.624928874,3216256.53983753,15910.1188355794,0,
45.71753,18413.5523745477,2800.31363512713,882060.626138811,4200.70571856072,200.0016000128,800.025600819226,22319.9093591484,391021.734714605,3008908.01183485,16110.3750815525,0,
45.84376,17612.3991289868,2400.23042212052,910817.040611578,5201.0818250196,700.019600548815,600.014400345608,23622.2994506814,400102.41321293,3200560.83453055,16210.5044068556,0,
45.96996,17612.3991289868,3600.51847466035,925864.472024955,5401.16665199683,300.003600043201,1100.04840212969,23922.8702639724,396283.609441729,3243517.50168649,16911.4321281186,0,
46.0962,19415.0660912868,2500.2500250025,905017.698308091,3200.40965243551,400.006400102402,500.010000200004,26027.0681508769,388030.660616868,3051864.67899079,13807.6218072376,0,
46.22248,18213.259252736,3100.38444767151,883775.635291389,3700.5476810568,100.0004000016,900.032401166442,26127.2768770597,394013.513678231,3014690.64010584,15910.1188355794,0,
46.34877,16711.163056922,2400.23042212052,885919.716373155,4800.92177698118,100.0004000016,500.010000200004,24924.8251258253,389887.10640597,3095647.43589972,16110.3750815525,0,
46.47496,14308.184281409,2400.23042212052,891710.50996313,5201.0818250196,400.006400102402,600.014400345608,28231.8455217485,401134.719490189,3231952.24514451,18613.8487034354,0,
46.60125,18313.4054127621,3300.43565750679,938237.942869475,4900.9605882753,400.006400102402,1100.04840212969,27430.063349431,390712.280573464,3013864.55035285,16310.634533716,0,
46.72749,15910.1188355794,2600.27042812453,939960.405244438,3900.60849492521,600.014400345608,400.006400102402,27129.408278574,378340.297149911,3036168.97368381,18213.259252736,0,
46.85378,18814.1482394761,4200.70571856072,870169.004640074,4200.70571856072,100.0004000016,700.019600548815,25025.025025025,373085.854403144,2987429.67825689,16010.246557797,0,
46.98003,15910.1188355794,3100.38444767151,920273.38630746,4400.77453631839,500.010000200004,900.032401166442,25125.2257266295,373703.911204216,3053516.85849678,18313.4054127621,100.0004000016,
47.10624,15009.0054032419,3800.57768780855,901152.912118424,4500.81014582625,400.006400102402,200.0016000128,25526.0365572884,367524.697822046,3016342.81961184,18113.1138944596,100.0004000016,
47.23255,18914.2992102029,2200.1936170383,891388.7312391,4400.77453631839,300.003600043201,600.014400345608,23522.1107841371,372673.833262966,3136951.92354965,16010.246557797,0,
47.35888,18814.1482394761,3800.57768780855,898898.986006307,4500.81014582625,400.006400102402,500.010000200004,24023.0621396541,362171.813496733,2914733.779993,17612.3991289868,0,
47.48512,20216.3347985172,3300.43565750679,880131.512476294,3700.5476810568,500.010000200004,600.014400345608,26027.0681508769,371334.856966563,2846994.42024711,14708.648685427,0,
47.61133,18012.9693379233,2700.2916314962,904802.957706783,3300.43565750679,600.014400345608,600.014400345608,25025.025025025,375043.137573334,3134473.65429066,17111.7044058136,0,
47.73753,19014.4509827469,2500.2500250025,942759.894568624,4100.67251029169,400.006400102402,1300.06760351538,27129.408278574,365774.467826052,3098951.79491171,15309.3693340324,0,
47.86385,18113.1138944596,1500.09000540032,917371.273600358,5101.04061228491,400.006400102402,500.010000200004,27931.1711870447,388340.049395554,2933733.84431197,15609.7404780583,0,
47.99004,16911.4321281186,2000.16001280102,927907.970446333,4800.92177698118,200.0016000128,500.010000200004,23822.6791905894,362789.338700776,2932907.75455897,13707.5117164206,0,
48.11623,19915.8530190031,3000.36004320518,862354.343220339,3700.5476810568,200.0016000128,500.010000200004,25626.2412710616,343557.262247021,2835429.16370512,13807.6218072376,0,
48.24251,17011.567866149,3900.60849492521,891925.033555935,4600.84655576626,400.006400102402,900.032401166442,27430.063349431,359599.115457183,2926299.03653498,17712.5404786589,100.0004000016,
48.36875,19715.5358422437,3800.57768780855,910709.621786554,4900.9605882753,300.003600043201,400.006400102402,21217.9928579435,351781.317562497,2866820.57431908,17812.6826300326,0,
48.49509,16110.3750815525,2900.33643902693,911246.724818414,3600.51847466035,400.006400102402,800.025600819226,23922.8702639724,348079.832256547,2866820.57431908,14508.4148806308,100.0004000016,
48.6213,16510.8971921468,3000.36004320518,889779.957582184,5101.04061228491,200.0016000128,900.032401166442,25325.6295370915,371025.882505764,3074169.10232175,16911.4321281186,0,
48.74758,17311.9798900839,2400.23042212052,932856.722003925,5201.0818250196,200.0016000128,900.032401166442,24724.4277346018,345098.866161657,2983299.22949189,15910.1188355794,100.0004000016,
48.8738,17512.2585810067,1800.12960933187,868562.866816222,3800.57768780855,0,400.006400102402,25125.2257266295,362583.493624861,2975864.42171491,18113.1138944596,0,
49.00003,17612.3991289868,3100.38444767151,897825.825726279,4400.77453631839,400.006400102402,600.014400345608,25225.4272306485,361245.58207102,2855255.31777709,18113.1138944596,0,
49.12632,18012.9693379233,3200.40965243551,878095.53778823,4700.88376614804,500.010000200004,500.010000200004,23722.4889194957,341604.833150874,2817255.18913915,17712.5404786589,0,
49.25255,17211.841747122,3200.40965243551,885598.081566555,3800.57768780855,200.0016000128,600.014400345608,24624.2302425587,360216.515384522,2873429.29234307,15910.1188355794,0,
49.37881,17311.9798900839,3300.43565750679,883990.027416322,4200.70571856072,200.0016000128,700.019600548815,24323.6425805883,365568.574292707,2965125.25492592,16611.0297237366,0,
49.50504,17311.9798900839,3000.36004320518,907809.650140938,4600.84655576626,300.003600043201,700.019600548815,24423.8376655616,351884.152030179,2813950.83012716,17211.841747122,0,
49.63129,16711.163056922,2400.23042212052,870704.428236736,4100.67251029169,200.0016000128,500.010000200004,21418.3340939844,351061.499647113,2854429.22802409,16510.8971921468,0,
49.75753,18012.9693379233,3200.40965243551,908668.833322279,5101.04061228491,500.010000200004,800.025600819226,25125.2257266295,348696.671411943,2879211.92061406,17011.567866149,0,
49.88384,19715.5358422437,3600.51847466035,889779.957582184,5101.04061228491,500.010000200004,900.032401166442,21518.505915087,340577.359714564,2593384.8660765,17211.841747122,0,
50.01012,14208.0701838644,2700.2916314962,849839.317398803,4300.73972723308,300.003600043201,1200.05760276493,23121.3641404658,348902.291135185,2695819.99544834,18313.4054127621,100.0004000016,
50.13638,15309.3693340324,2500.2500250025,918446.05438312,5501.21026625858,600.014400345608,1700.11560786133,25125.2257266295,357232.694195831,2877559.74110806,17211.841747122,0,
50.26256,19314.911111378,3600.51847466035,867063.984769473,4500.81014582625,100.0004000016,900.032401166442,24824.6260290208,340782.847736359,2740428.84211027,15309.3693340324,0,
50.3889,18613.8487034354,3400.46246289495,851977.779708059,3700.5476810568,700.019600548815,900.032401166442,23722.4889194957,365053.855082345,2805689.93259717,14808.7667899396,0,
50.51518,16911.4321281186,2500.2500250025,891388.7312391,4600.84655576626,300.003600043201,500.010000200004,25225.4272306485,360010.712068525,2684254.73890636,16310.634533716,0,
50.64145,16410.7654621432,3300.43565750679,870169.004640074,5001.00020004001,200.0016000128,400.006400102402,28432.2990917683,362892.262491732,3089864.80762873,18513.7001381022,0,
50.76774,18012.9693379233,2500.2500250025,890852.451138783,4100.67251029169,100.0004000016,900.032401166442,24223.4482979524,362789.338700776,2857733.58703609,17311.9798900839,0,
50.89398,13507.2939387269,2500.2500250025,857004.559107044,5101.04061228491,100.0004000016,500.010000200004,21718.8519635043,333182.009792795,2735472.30359228,15009.0054032419,100.0004000016,
51.02025,16811.2971917128,2500.2500250025,845349.697919553,4300.73972723308,400.006400102402,500.010000200004,23822.6791905894,331025.845752291,2847820.51000011,21919.201220269,0,
51.14641,16611.0297237366,2100.17641481884,884311.622262993,4000.64010241639,300.003600043201,400.006400102402,23722.4889194957,344071.109380956,2813950.83012716,17512.2585810067,0,
51.27256,16210.5044068556,2400.23042212052,844174.102897029,3900.60849492521,500.010000200004,300.003600043201,23421.922919853,348182.636697679,2780907.24000721,17211.841747122,0,
51.3988,18814.1482394761,2500.2500250025,836695.548647397,3300.43565750679,400.006400102402,200.0016000128,26528.1198069954,332052.54475667,2700776.53396633,14708.648685427,0,
51.52515,15409.4922472243,3600.51847466035,820257.954705071,4600.84655576626,200.0016000128,400.006400102402,26427.9078707115,362377.651890207,2854429.22802409,18914.2992102029,0,
51.65142,19014.4509827469,2400.23042212052,858930.226400106,4600.84655576626,300.003600043201,800.025600819226,24524.0335528818,343762.798600213,2952733.90863094,14608.5313823273,0,
51.77771,16110.3750815525,2500.2500250025,852726.325107341,4600.84655576626,200.0016000128,1000.04000160006,26427.9078707115,342632.389911605,2867646.66407207,15409.4922472243,0,
51.90402,16110.3750815525,1700.11560786133,841289.004841624,2800.31363512713,300.003600043201,600.014400345608,25425.8326459683,352398.336882669,2833776.98419913,17311.9798900839,0,
52.03038,15809.9919148902,3900.60849492521,851443.130961343,5101.04061228491,400.006400102402,800.025600819226,25425.8326459683,345098.866161657,2846168.33049411,19114.6035571176,0,
52.1567,16711.163056922,2700.2916314962,845777.213535744,3600.51847466035,300.003600043201,500.010000200004,22820.8125810739,343762.798600213,2808994.29160917,16911.4321281186,0,
52.28301,16811.2971917128,1800.12960933187,829007.835487817,4700.88376614804,200.0016000128,700.019600548815,24824.6260290208,350341.722606421,2902342.43369802,16711.163056922,100.0004000016,
52.40933,15609.7404780583,2400.23042212052,847808.105872622,4700.88376614804,600.014400345608,400.006400102402,24423.8376655616,351061.499647113,2962646.98566693,19114.6035571176,0,
52.53558,15509.6159618964,2600.27042812453,837977.2791163,4500.81014582625,200.0016000128,500.010000200004,21718.8519635043,344687.753446878,3008908.01183485,16210.5044068556,0,
52.66184,14508.4148806308,2400.23042212052,855720.940238121,4200.70571856072,300.003600043201,500.010000200004,25926.8602271954,355072.434370931,2820559.54815115,17211.841747122,0,
52.78816,15709.8657957197,1800.12960933187,835413.945336398,4600.84655576626,200.0016000128,100.0004000016,25225.4272306485,354043.868580863,2824689.99691614,16911.4321281186,200.0016000128,
52.91439,14708.648685427,2600.27042812453,817058.259806351,5501.21026625858,200.0016000128,500.010000200004,23622.2994506814,336057.466232103,2707385.25199032,15609.7404780583,0,
53.04069,12406.1534521122,2700.2916314962,806824.563142074,5001.00020004001,200.0016000128,500.010000200004,24323.6425805883,334003.502172644,2833776.98419913,18113.1138944596,0,
53.16699,14208.0701838644,2400.23042212052,856469.702423061,4200.70571856072,300.003600043201,400.006400102402,23622.2994506814,350650.193476162,2895733.71567403,14408.2991803279,0,
53.29322,17211.841747122,2700.2916314962,821964.78297155,5601.25468104855,600.014400345608,400.006400102402,24423.8376655616,335030.44257258,2713167.88026132,16010.246557797,100.0004000016,
53.41945,14308.184281409,2800.31363512713,783934.752206073,4200.70571856072,300.003600043201,400.006400102402,23922.8702639724,336262.880956049,2744559.29087527,16310.634533716,0,
53.54565,16210.5044068556,2300.21161946899,843746.640312937,3400.46246289495,500.010000200004,600.014400345608,25425.8326459683,332360.570687419,2746211.47038126,17612.3991289868,0,
53.67181,13607.4024269202,2500.2500250025,797344.318186509,4500.81014582625,500.010000200004,700.019600548815,22219.7311212357,321686.70793764,2646254.61026842,14308.184281409,0,
53.79813,12906.6598364756,2800.31363512713,824205.337553353,4600.84655576626,200.0016000128,300.003600043201,28532.5270808722,346435.074599628,2737950.57285128,14708.648685427,0,
53.92432,16110.3750815525,1600.10240655402,851443.130961343,4900.9605882753,300.003600043201,300.003600043201,27029.191526849,351267.157737612,2785863.7785252,16911.4321281186,0,
54.05051,14908.8856958747,1700.11560786133,850266.981557386,3700.5476810568,300.003600043201,1000.04000160006,22720.6303323418,335543.94399426,2653689.41804541,15309.3693340324,0,
54.1768,12606.3536022155,2400.23042212052,813432.897464914,3200.40965243551,600.014400345608,500.010000200004,23121.3641404658,319532.500151917,2774298.52198322,16210.5044068556,0,
54.30302,12506.2531265633,2300.21161946899,824632.153939599,3900.60849492521,200.0016000128,600.014400345608,23221.549598027,333900.812711538,2715646.14952031,15609.7404780583,0,
54.42931,13307.0793662228,2400.23042212052,845029.070488699,4100.67251029169,500.010000200004,800.025600819226,23522.1107841371,338933.575505968,2717298.32902631,15509.6159618964,100.0004000016,
54.55561,12506.2531265633,2600.27042812453,826553.002285133,3600.51847466035,200.0016000128,400.006400102402,23822.6791905894,317686.3280443,2556210.82719156,16611.0297237366,0,
54.68194,10104.0820491479,3500.49006860961,809382.226627024,3300.43565750679,100.0004000016,500.010000200004,20717.1538033492,328562.107660573,2588428.32755851,15209.2472223112,0,
54.80824,13607.4024269202,1700.11560786133,833171.445458942,4400.77453631839,400.006400102402,300.003600043201,24223.4482979524,339344.501564958,2666906.85409339,13407.186251831,200.0016000128,
54.93453,11905.6670975384,1500.09000540032,874988.615005009,4400.77453631839,200.0016000128,300.003600043201,23121.3641404658,322815.248791595,2566949.99398054,13807.6218072376,0,
55.06083,11004.8421305374,1900.14441097523,794789.039897316,4000.64010241639,700.019600548815,300.003600043201,20116.1734034163,311329.351017515,2550428.19892057,12406.1534521122,0,
55.18712,12005.7627661277,2000.16001280102,803415.133599762,5201.0818250196,600.014400345608,100.0004000016,24223.4482979524,316455.696202532,2483514.92892767,14308.184281409,0,
55.31341,13307.0793662228,2100.17641481884,834986.772486773,4400.77453631839,300.003600043201,600.014400345608,21318.1630749398,332257.89454485,2531428.1346016,13407.186251831,0,
55.43967,13006.7635170289,3100.38444767151,823991.934650839,4100.67251029169,100.0004000016,200.0016000128,21819.0261908384,321686.70793764,2551254.28867357,14808.7667899396,100.0004000016,
55.56592,12706.4548790786,1700.11560786133,802030.310161046,4000.64010241639,400.006400102402,500.010000200004,22920.9956319989,329075.346907016,2623950.18693745,13106.8679988314,0,
55.69223,12906.6598364756,2100.17641481884,807890.194653431,4400.77453631839,300.003600043201,300.003600043201,22119.5536854579,316558.244286559,2488471.46744567,13707.5117164206,0,
55.81847,12406.1534521122,1600.10240655402,863210.514119244,4500.81014582625,300.003600043201,400.006400102402,19815.6940296715,322404.858660465,2600819.67385349,15009.0054032419,0,
55.94474,15209.2472223112,1700.11560786133,841075.319499055,5201.0818250196,600.014400345608,200.0016000128,20717.1538033492,322507.454946195,2529775.9550956,13707.5117164206,0,
56.07099,14608.5313823273,2400.23042212052,826339.560580328,3400.46246289495,400.006400102402,600.014400345608,19214.7569333248,325688.352209413,2353818.83770688,13907.7326993809,0,
56.19714,13106.8679988314,2600.27042812453,885919.716373155,3500.49006860961,200.0016000128,600.014400345608,21518.505915087,329896.572966313,2654515.50779841,13206.9732818928,100.0004000016,
56.32336,13507.2939387269,1900.14441097523,845456.57549768,4700.88376614804,300.003600043201,400.006400102402,18513.7001381022,316660.793201363,2456253.96707872,15409.4922472243,0,
56.44956,13407.186251831,1900.14441097523,823671.836910084,3500.49006860961,100.0004000016,600.014400345608,22420.0883992057,312559.484514789,2514080.24978863,11805.5722300926,0,
56.57574,14908.8856958747,2600.27042812453,886777.448267864,4100.67251029169,800.025600819226,500.010000200004,20216.3347985172,322815.248791595,2622298.00743146,15509.6159618964,0,
56.70203,13807.6218072376,2600.27042812453,866528.71184687,3300.43565750679,200.0016000128,400.006400102402,19815.6940296715,328972.69739375,2609080.57138348,14608.5313823273,0,
56.82826,15709.8657957197,2400.23042212052,903407.230573481,4000.64010241639,500.010000200004,300.003600043201,19314.911111378,328048.889213088,2644602.43076242,13807.6218072376,0,
56.95455,14608.5313823273,3300.43565750679,842571.191115117,4300.73972723308,700.019600548815,500.010000200004,19214.7569333248,318609.380443501,2539689.03213159,12005.7627661277,0,
57.08086,15009.0054032419,1900.14441097523,838190.91322502,4700.88376614804,500.010000200004,700.019600548815,20717.1538033492,320866.014131069,2454601.78757272,11705.4781637807,0,
57.20711,15009.0054032419,1900.14441097523,860428.165937058,3700.5476810568,100.0004000016,300.003600043201,22319.9093591484,335646.646776495,2529775.9550956,14208.0701838644,0,
57.33326,17011.567866149,1700.11560786133,922638.551318529,4500.81014582625,500.010000200004,400.006400102402,19615.3784567101,331231.178895234,2606602.30212448,12506.2531265633,0,
57.45948,14107.9568876847,2700.2916314962,874988.615005009,3400.46246289495,600.014400345608,700.019600548815,15609.7404780583,299546.632124352,2397601.59461581,12706.4548790786,0,
57.58572,16310.634533716,3200.40965243551,846418.513479424,2100.17641481884,300.003600043201,700.019600548815,20416.6599945556,323533.46353006,2633037.17422044,12306.0545788528,0,
57.71207,15910.1188355794,2600.27042812453,869740.681719406,3800.57768780855,200.0016000128,500.010000200004,20216.3347985172,330820.515938152,2483514.92892767,14007.84439286,0,
57.83831,16611.0297237366,2200.1936170383,891925.033555935,3400.46246289495,600.014400345608,400.006400102402,18814.1482394761,329588.606953681,2447993.06954873,14708.648685427,0,
57.96455,14608.5313823273,2800.31363512713,837763.64854027,3500.49006860961,100.0004000016,1100.04840212969,19314.911111378,328870.048712483,2510775.89077663,14708.648685427,0,
58.09083,14808.7667899396,3100.38444767151,841609.539481845,2000.16001280102,100.0004000016,600.014400345608,19314.911111378,316045.51217398,2621471.91767846,12005.7627661277,0,
58.217,15809.9919148902,2300.21161946899,884204.423092852,2800.31363512713,500.010000200004,400.006400102402,17512.2585810067,340885.592996996,2631384.99471444,12706.4548790786,100.0004000016,
58.34323,17412.118834709,2100.17641481884,869205.298013245,3600.51847466035,200.0016000128,200.0016000128,19114.6035571176,335338.540927719,2666080.76434039,13307.0793662228,0,
58.4695,14508.4148806308,2300.21161946899,884311.622262993,3200.40965243551,400.006400102402,700.019600548815,24123.2548176442,337290.004540442,2599993.58410049,13907.7326993809,0,
58.59573,16510.8971921468,3300.43565750679,886348.575215374,3300.43565750679,100.0004000016,200.0016000128,19214.7569333248,356924.06311237,2708211.34174332,13807.6218072376,0,
58.72202,18513.7001381022,3100.38444767151,901582.275858068,2300.21161946899,200.0016000128,400.006400102402,19214.7569333248,355998.214937726,2670211.21310538,14308.184281409,0,
58.84827,19114.6035571176,2600.27042812453,865672.321247512,2900.33643902693,300.003600043201,700.019600548815,20516.8237955123,342735.150170911,2644602.43076242,14107.9568876847,100.0004000016,
58.97451,18413.5523745477,2600.27042812453,882167.807552624,2500.2500250025,600.014400345608,300.003600043201,18613.8487034354,336571.009287373,2742081.02161627,14208.0701838644,0,
59.1008,18313.4054127621,2100.17641481884,893212.249767997,3300.43565750679,300.003600043201,500.010000200004,22520.2682414173,374837.093545859,2666906.85409339,13307.0793662228,0,
59.22699,17612.3991289868,2500.2500250025,909098.446283184,4300.73972723308,200.0016000128,300.003600043201,20116.1734034163,357335.572893211,2988255.76800989,14808.7667899396,0,
59.35327,16811.2971917128,2300.21161946899,928123.094282953,3300.43565750679,300.003600043201,700.019600548815,19314.911111378,352501.176356055,2854429.22802409,12005.7627661277,100.0004000016,
59.47947,16911.4321281186,3600.51847466035,888600.317290685,3600.51847466035,200.0016000128,600.014400345608,20817.3200102485,346537.865699848,2802385.57358518,11805.5722300926,0,
59.60571,18713.9980705568,1500.09000540032,855934.86786583,3700.5476810568,300.003600043201,300.003600043201,17812.6826300326,342324.114133718,2711515.70075532,12306.0545788528,0,
59.73194,16811.2971917128,2700.2916314962,885812.503882872,2400.23042212052,200.0016000128,500.010000200004,21718.8519635043,349621.986436938,2775950.70148922,13907.7326993809,0,
59.8581,17512.2585810067,1500.09000540032,876595.550881667,2800.31363512713,0,800.025600819226,20216.3347985172,354146.721404579,2943646.92134796,13507.2939387269,0,
59.98439,18513.7001381022,3400.46246289495,884204.423092852,2700.2916314962,500.010000200004,400.006400102402,18814.1482394761,369584.101186079,2610732.75088948,12906.6598364756,100.0004000016,
60.11054,17912.8255831175,3400.46246289495,865351.189392309,2400.23042212052,200.0016000128,600.014400345608,19915.8530190031,336673.72039663,2885820.63863805,15910.1188355794,200.0016000128,
60.23677,19114.6035571176,3800.57768780855,842357.484566944,2600.27042812453,200.0016000128,1000.04000160006,21919.201220269,367936.551746532,2854429.22802409,13807.6218072376,0,
60.36311,19014.4509827469,2600.27042812453,861284.209306752,3500.49006860961,400.006400102402,600.014400345608,20817.3200102485,355998.214937726,2897385.89518003,12706.4548790786,0,
60.48934,16811.2971917128,2300.21161946899,894928.737156115,3000.36004320518,300.003600043201,900.032401166442,22219.7311212357,367936.551746532,2818907.36864515,14908.8856958747,0,
60.61553,19114.6035571176,2700.2916314962,908668.833322279,2800.31363512713,500.010000200004,1200.05760276493,19415.0660912868,368657.32829478,2857733.58703609,12005.7627661277,0,
60.74177,19314.911111378,3700.5476810568,892139.560703603,2100.17641481884,200.0016000128,900.032401166442,19415.0660912868,358775.96231483,3084908.26911074,14308.184281409,0,
60.86806,20817.3200102485,3200.40965243551,918338.572293503,3000.36004320518,200.0016000128,800.025600819226,23121.3641404658,365568.574292707,2984125.31924489,13006.7635170289,0,
60.99421,19815.6940296715,3800.57768780855,890959.705381591,2400.23042212052,600.014400345608,500.010000200004,22319.9093591484,376691.61026274,3021299.35812983,14708.648685427,0,
61.12042,15509.6159618964,3200.40965243551,894285.027717243,3400.46246289495,400.006400102402,200.0016000128,21518.505915087,371025.882505764,2913081.600487,13807.6218072376,0,
61.24673,17111.7044058136,2800.31363512713,885812.503882872,3300.43565750679,0,100.0004000016,20917.487019148,369893.040530941,2889124.99765004,12706.4548790786,0,
61.37305,18012.9693379233,3500.49006860961,848021.902579839,3200.40965243551,200.0016000128,400.006400102402,19314.911111378,365362.684101802,2868472.75382507,13307.0793662228,0,
61.49931,16510.8971921468,4600.84655576626,913825.129361815,3000.36004320518,400.006400102402,600.014400345608,22920.9956319989,367833.587011669,2909777.24147501,13907.7326993809,0,
61.62552,19715.5358422437,3000.36004320518,873917.435294507,3100.38444767151,600.014400345608,1000.04000160006,20316.4969955604,359804.912092772,2982473.1397389,12506.2531265633,0,
61.75175,18313.4054127621,2300.21161946899,870597.341744382,2100.17641481884,100.0004000016,500.010000200004,23021.1794851263,364230.347794327,3031212.43516582,14408.2991803279,0,
61.87804,18814.1482394761,2100.17641481884,923391.194342479,3700.5476810568,400.006400102402,300.003600043201,23021.1794851263,356203.953133621,3071690.83306276,14208.0701838644,200.0016000128,
62.00432,17512.2585810067,2900.33643902693,857218.507976435,1900.14441097523,200.0016000128,300.003600043201,23722.4889194957,358467.293663223,2853603.1382711,13507.2939387269,0,
62.13056,17812.6826300326,2500.2500250025,884204.423092852,3500.49006860961,400.006400102402,1100.04840212969,22420.0883992057,368451.387958712,2870951.02308407,13206.9732818928,100.0004000016,
62.25677,18012.9693379233,2300.21161946899,870811.515615622,2500.2500250025,400.006400102402,400.006400102402,19815.6940296715,356409.694668257,2910603.33122801,14608.5313823273,0,
62.38304,20717.1538033492,3900.60849492521,901796.96306611,1500.09000540032,300.003600043201,500.010000200004,22920.9956319989,364539.156760969,2898211.98493303,13607.4024269202,0,
62.5092,21318.1630749398,4600.84655576626,905876.696316806,3000.36004320518,700.019600548815,200.0016000128,22520.2682414173,360010.712068525,2951907.81887794,14007.84439286,0,
62.63536,30336.7681630136,2500.2500250025,849625.490625892,2000.16001280102,200.0016000128,600.014400345608,22119.5536854579,351369.988034153,2939516.47258296,14508.4148806308,0,
62.76161,17712.5404786589,2700.2916314962,858502.2755482,3600.51847466035,400.006400102402,1000.04000160006,25626.2412710616,373600.899646393,3083256.08960474,13407.186251831,0,
62.8879,31940.756405173,2400.23042212052,852940.203183428,2200.1936170383,300.003600043201,400.006400102402,21618.6785382571,385555.82182183,3108864.8719477,14608.5313823273,100.0004000016,
63.01423,19815.6940296715,3100.38444767151,887313.559567744,2600.27042812453,200.0016000128,1000.04000160006,25225.4272306485,374321.99811621,3032038.52491882,12606.3536022155,100.0004000016,
63.14052,21217.9928579435,3200.40965243551,876059.883412825,2400.23042212052,200.0016000128,200.0016000128,29434.6151073663,368039.517317239,2912255.510734,12906.6598364756,200.0016000128,
63.26678,20416.6599945556,3600.51847466035,878202.686364464,2200.1936170383,200.0016000128,900.032401166442,23221.549598027,361863.062171057,2846994.42024711,13807.6218072376,100.0004000016,
63.39302,22720.6303323418,1800.12960933187,852833.263703036,2400.23042212052,600.014400345608,600.014400345608,23622.2994506814,364333.283281049,3006429.74257586,12606.3536022155,0,
63.51925,51706.7226756024,2700.2916314962,840647.959415712,3300.43565750679,300.003600043201,400.006400102402,21718.8519635043,366083.314393324,3073343.01256875,12906.6598364756,0,
63.64546,15709.8657957197,1900.14441097523,885812.503882872,2400.23042212052,300.003600043201,200.0016000128,26928.9755777216,372570.830068729,3079125.64083974,12506.2531265633,0,
63.7717,15409.4922472243,2700.2916314962,844494.709115043,2300.21161946899,600.014400345608,200.0016000128,23321.7358578195,352295.498243593,3711084.30188376,12906.6598364756,0,
63.89798,17412.118834709,2600.27042812453,856148.799033601,2200.1936170383,200.0016000128,700.019600548815,24724.4277346018,382462.951757076,3018821.08887084,12806.5569571621,0,
64.02426,17712.5404786589,2600.27042812453,852619.387396331,2000.16001280102,200.0016000128,300.003600043201,22219.7311212357,354043.868580863,2905646.79271002,12105.8592358702,0,
64.15055,19314.911111378,2700.2916314962,835093.564374853,2500.2500250025,200.0016000128,600.014400345608,25225.4272306485,348285.441972705,3022951.53763583,12706.4548790786,0,
64.27681,20917.487019148,2800.31363512713,838831.836748193,2300.21161946899,300.003600043201,400.006400102402,27229.6258329062,359084.638480889,2965951.34467892,11605.3848985929,100.0004000016,
64.40312,17311.9798900839,2200.1936170383,808209.901268112,2400.23042212052,400.006400102402,800.025600819226,25626.2412710616,410119.325920355,2966777.43443192,13407.186251831,100.0004000016,
64.52944,21217.9928579435,2300.21161946899,835413.945336398,2200.1936170383,100.0004000016,400.006400102402,23722.4889194957,371952.828465301,3038647.24294281,14908.8856958747,0,
64.65566,20616.9883984403,2300.21161946899,834666.402119683,2400.23042212052,100.0004000016,100.0004000016,25626.2412710616,346537.865699848,2873429.29234307,14007.84439286,0,
64.78196,20116.1734034163,4400.77453631839,802989.018247874,2400.23042212052,200.0016000128,500.010000200004,26928.9755777216,356924.06311237,3081603.91009874,13507.2939387269,100.0004000016,
64.90819,15509.6159618964,2400.23042212052,825272.404973328,2000.16001280102,300.003600043201,700.019600548815,26628.3325458288,362171.813496733,2982473.1397389,12005.7627661277,100.0004000016,
65.03447,15809.9919148902,2200.1936170383,806185.226475082,1400.07840439065,0,500.010000200004,24524.0335528818,358878.853535231,3008081.92208185,14107.9568876847,0,
65.16074,15109.1259120509,4100.67251029169,801497.725339961,2300.21161946899,200.0016000128,300.003600043201,27129.408278574,360113.613308988,2986603.58850389,11205.0198488923,0,
65.28687,20016.0128102482,2300.21161946899,821218.017839363,2200.1936170383,500.010000200004,500.010000200004,25325.6295370915,342015.845855668,3030386.34541282,10404.3282005314,0,
65.4131,15809.9919148902,1700.11560786133,817698.13534257,2500.2500250025,400.006400102402,300.003600043201,24924.8251258253,343660.030006894,2887472.81814404,11104.9305891816,100.0004000016,
65.53937,16811.2971917128,1900.14441097523,822391.525297681,2200.1936170383,500.010000200004,200.0016000128,24724.4277346018,357232.694195831,2875081.47184906,10904.7544729502,0,
65.66563,13206.9732818928,2200.1936170383,806611.447399932,2200.1936170383,800.025600819226,100.0004000016,28231.8455217485,354660.998040592,2888298.90789704,8302.75651516303,0,
65.79193,16010.246557797,3100.38444767151,830075.299835514,2900.33643902693,700.019600548815,300.003600043201,25526.0365572884,343865.56802699,2780081.15025421,9803.84310649775,0,
65.91817,15409.4922472243,2500.2500250025,797450.799101836,1500.09000540032,100.0004000016,400.006400102402,27029.191526849,357335.572893211,2742081.02161627,9203.38684635946,100.0004000016,
66.04443,15009.0054032419,2000.16001280102,782445.660917525,1600.10240655402,0,500.010000200004,20817.3200102485,338214.486972104,2712341.79050832,8803.09869073914,0,
66.17071,14408.2991803279,1300.06760351538,816951.616967314,2800.31363512713,300.003600043201,500.010000200004,26427.9078707115,356409.694668257,2827994.35592814,11305.1099096792,0,
66.29699,15809.9919148902,2100.17641481884,817698.13534257,1700.11560786133,400.006400102402,300.003600043201,26528.1198069954,374528.033778572,2908951.15172201,11605.3848985929,0,
66.42335,15709.8657957197,2400.23042212052,798515.656603182,2000.16001280102,500.010000200004,300.003600043201,28031.3951625821,339549.96959254,2676819.93112937,9603.68781612139,0,
66.54961,12906.6598364756,2700.2916314962,840113.779188992,2900.33643902693,200.0016000128,300.003600043201,25726.4467872973,350753.018767669,2887472.81814404,8903.16952835209,0,
66.6759,13907.7326993809,2200.1936170383,831783.426327754,2300.21161946899,200.0016000128,500.010000200004,25325.6295370915,339858.17788175,2842037.88172911,10304.2453490838,100.0004000016,
66.80214,14508.4148806308,2200.1936170383,795321.347795222,2700.2916314962,500.010000200004,500.010000200004,28131.6199408135,353015.386237978,2717298.32902631,11004.8421305374,0,
66.92841,14007.84439286,2500.2500250025,815671.971615152,3600.51847466035,200.0016000128,600.014400345608,25926.8602271954,340885.592996996,2768515.89371223,10304.2453490838,0,
67.05464,13407.186251831,2100.17641481884,828901.093905619,2200.1936170383,200.0016000128,200.0016000128,27630.5040765005,347874.225875921,2830472.62518713,10204.1632986258,100.0004000016,
67.18089,11305.1099096792,2000.16001280102,818658.008121517,1800.12960933187,300.003600043201,200.0016000128,27430.063349431,330820.515938152,2541341.21163758,9203.38684635946,0,
67.3072,14208.0701838644,3700.5476810568,802030.310161046,2100.17641481884,0,100.0004000016,24724.4277346018,339036.305771219,2744559.29087527,8703.02865397158,0,
67.43349,12306.0545788528,2200.1936170383,838831.836748193,3500.49006860961,200.0016000128,200.0016000128,26227.4864057532,339241.768800704,2678472.11063537,10404.3282005314,0,
67.55977,11905.6670975384,2400.23042212052,833598.558278532,2700.2916314962,0,200.0016000128,27329.8441898553,350753.018767669,2790820.31704319,9903.92195309342,0,
67.68598,15309.3693340324,1900.14441097523,854651.355197405,2900.33643902693,300.003600043201,500.010000200004,28532.5270808722,333900.812711538,2699124.35446034,11205.0198488923,0,
67.81211,11505.2924345199,2200.1936170383,842464.337399214,1300.06760351538,600.014400345608,400.006400102402,25726.4467872973,340063.654239899,2564471.72472155,10504.4118529783,0,
67.9383,11505.2924345199,1900.14441097523,792660.027979878,2500.2500250025,300.003600043201,0,25025.025025025,312559.484514789,2615689.28940747,9803.84310649775,0,
68.06454,14107.9568876847,2000.16001280102,825165.694263094,2700.2916314962,300.003600043201,400.006400102402,27029.191526849,317481.214428939,2647906.78977442,10504.4118529783,0,
68.19073,11905.6670975384,1200.05760276493,834025.685221697,2900.33643902693,300.003600043201,200.0016000128,23421.922919853,322404.858660465,2473601.85189169,10404.3282005314,0,
68.317,11205.0198488923,2700.2916314962,809915.13699903,2400.23042212052,400.006400102402,0,27029.191526849,316865.893523338,2602471.85335949,11205.0198488923,0,
68.4432,13006.7635170289,1700.11560786133,829114.577952268,2300.21161946899,500.010000200004,100.0004000016,28031.3951625821,307024.825179073,2554558.64768556,10804.6676164103,100.0004000016,
68.56943,13006.7635170289,2100.17641481884,827406.804385287,3400.46246289495,400.006400102402,200.0016000128,28231.8455217485,326201.474997974,2560341.27595655,11004.8421305374,0,
68.69566,14708.648685427,1400.07840439065,869526.525577718,3000.36004320518,100.0004000016,500.010000200004,25626.2412710616,318609.380443501,2543819.48089658,10004.0016006403,0,
68.82182,14107.9568876847,2100.17641481884,812153.600898676,2500.2500250025,300.003600043201,300.003600043201,25425.8326459683,296679.4566678,2432297.36424175,10304.2453490838,100.0004000016,
68.94811,14508.4148806308,2900.33643902693,862354.343220339,3100.38444767151,300.003600043201,500.010000200004,25025.025025025,314917.574628377,2449645.24905473,12406.1534521122,0,
69.0744,14208.0701838644,2400.23042212052,862033.293747181,2800.31363512713,300.003600043201,100.0004000016,26828.7604311822,309996.841312394,2346384.02992989,12406.1534521122,0,
69.20068,14708.648685427,2000.16001280102,823778.535275282,2400.23042212052,400.006400102402,300.003600043201,22119.5536854579,290947.054919797,2406688.58189879,13106.8679988314,0,
69.32695,11905.6670975384,2300.21161946899,863531.592821111,2700.2916314962,600.014400345608,300.003600043201,25325.6295370915,291254.082008409,2438906.08226574,13206.9732818928,0,
69.45316,12706.4548790786,2400.23042212052,869740.681719406,3600.51847466035,200.0016000128,100.0004000016,27931.1711870447,289923.685126288,2316644.79882193,12506.2531265633,0,
69.57939,13407.186251831,2200.1936170383,870918.603881052,3800.57768780855,500.010000200004,400.006400102402,27430.063349431,304360.852331847,2293514.28573797,14208.0701838644,0,
69.70569,12506.2531265633,2000.16001280102,842998.614815274,3700.5476810568,400.006400102402,500.010000200004,24724.4277346018,273050.032551688,2114252.80933725,10404.3282005314,0,
69.83194,13206.9732818928,2700.2916314962,852940.203183428,2300.21161946899,100.0004000016,800.025600819226,22820.8125810739,285524.138572764,2263775.05463002,10104.0820491479,0,
69.95823,16010.246557797,2300.21161946899,884847.631432902,4300.73972723308,200.0016000128,600.014400345608,22620.4488857928,292277.55947732,2394297.23560381,14908.8856958747,0,
70.08454,13907.7326993809,2300.21161946899,891603.249499774,3400.46246289495,200.0016000128,500.010000200004,25526.0365572884,285933.334142483,2227427.10549807,13206.9732818928,0,
70.2108,16510.8971921468,2800.31363512713,881524.732385034,3000.36004320518,600.014400345608,600.014400345608,26227.4864057532,282455.593894995,2095252.74501828,13307.0793662228,200.0016000128,
70.33703,14107.9568876847,2600.27042812453,882596.542085102,3000.36004320518,800.025600819226,100.0004000016,25926.8602271954,279387.793898162,2064687.42415733,14007.84439286,0,
70.46323,14007.84439286,2300.21161946899,841502.693718241,3100.38444767151,0,500.010000200004,22920.9956319989,266204.7330676,2101035.37328927,13006.7635170289,0,
70.58944,12706.4548790786,2200.1936170383,855079.178594477,2300.21161946899,300.003600043201,200.0016000128,23722.4889194957,250892.871571939,2071296.14218132,12506.2531265633,0,
70.71575,12606.3536022155,2000.16001280102,882918.102305857,2700.2916314962,200.0016000128,300.003600043201,23121.3641404658,258240.248298605,2169600.82278816,15209.2472223112,100.0004000016,
70.84195,14808.7667899396,2000.16001280102,909420.665353923,3200.40965243551,200.0016000128,300.003600043201,21618.6785382571,264570.583146712,2058078.70613334,14007.84439286,0,
70.96814,13707.5117164206,2400.23042212052,874774.371967476,3800.57768780855,200.0016000128,500.010000200004,23221.549598027,246506.893306242,2126500.63801529,15709.8657957197,0,
71.09443,14708.648685427,2900.33643902693,888064.152694016,3400.46246289495,900.032401166442,500.010000200004,23121.3641404658,245181.19981258,2196497.96135051,16711.163056922,0,
71.22066,12506.2531265633,2000.16001280102,859144.207137951,3000.36004320518,300.003600043201,100.0004000016,24223.4482979524,249464.711348119,2015122.0389774,16010.246557797,0,
71.34689,13206.9732818928,2100.17641481884,913610.242717239,3500.49006860961,100.0004000016,200.0016000128,25526.0365572884,245691.065448949,2206797.78166654,18613.8487034354,0,
71.47309,12406.1534521122,2800.31363512713,906413.599001878,3700.5476810568,300.003600043201,300.003600043201,22319.9093591484,241001.078295566,2145115.61647643,15709.8657957197,0,
71.59925,10304.2453490838,1800.12960933187,836481.939265665,3100.38444767151,0,500.010000200004,20817.3200102485,228469.015403494,2003089.15339915,17612.3991289868,0,
71.72548,11605.3848985929,2100.17641481884,865244.147212554,3100.38444767151,200.0016000128,0,22520.2682414173,220935.394051895,2088644.02699429,17712.5404786589,0,
71.85172,15309.3693340324,2300.21161946899,907702.256249974,3600.51847466035,400.006400102402,600.014400345608,24824.6260290208,242938.035655145,2126265.16900748,18513.7001381022,0,
71.97796,14708.648685427,2100.17641481884,894392.31040126,3700.5476810568,200.0016000128,100.0004000016,26027.0681508769,230302.198467612,1995274.74710827,18213.259252736,0,
72.10422,13307.0793662228,2500.2500250025,868562.866816222,3100.38444767151,200.0016000128,300.003600043201,21117.8234429859,219001.81173309,2001339.26642761,19114.6035571176,0,
72.23044,12406.1534521122,2300.21161946899,882167.807552624,3400.46246289495,500.010000200004,100.0004000016,23021.1794851263,216661.556089925,2006006.13576459,15910.1188355794,0,
72.3567,13607.4024269202,2100.17641481884,878202.686364464,3800.57768780855,300.003600043201,400.006400102402,20616.9883984403,235293.880138411,1999006.43656313,19014.4509827469,0,
72.48293,17111.7044058136,2100.17641481884,905339.815885569,3600.51847466035,600.014400345608,400.006400102402,21919.201220269,214626.904208624,1948947.91307347,18713.9980705568,0,
72.60919,13106.8679988314,2700.2916314962,879917.18426501,2700.2916314962,200.0016000128,900.032401166442,22720.6303323418,212490.873078304,1875478.38351523,21217.9928579435,100.0004000016,
72.73538,13106.8679988314,2400.23042212052,877774.097383239,3400.46246289495,200.0016000128,600.014400345608,22319.9093591484,221546.060596278,1810251.78023372,21919.201220269,0,
72.86166,15910.1188355794,2400.23042212052,888385.848786974,3700.5476810568,200.0016000128,400.006400102402,25626.2412710616,221749.622682626,1933618.32692672,22720.6303323418,0,
72.98785,16711.163056922,2000.16001280102,901582.275858068,4200.70571856072,300.003600043201,400.006400102402,23321.7358578195,213813.135388091,1795743.54972861,20216.3347985172,0,
73.11417,13106.8679988314,1800.12960933187,853261.026932893,4400.77453631839,500.010000200004,300.003600043201,21919.201220269,220019.449679,1835090.85288359,19915.8530190031,0,
73.2404,12706.4548790786,2500.2500250025,862461.361482726,3800.57768780855,300.003600043201,300.003600043201,26327.6967369673,198158.317004927,1823573.84422585,20516.8237955123,0,
73.36657,13006.7635170289,1200.05760276493,894928.737156115,3300.43565750679,100.0004000016,400.006400102402,22920.9956319989,210151.825618355,1819545.22633551,22720.6303323418,0,
73.49285,13407.186251831,2200.1936170383,872310.832012121,4500.81014582625,500.010000200004,800.025600819226,23922.8702639724,201206.43215432,1865543.32874828,23021.1794851263,0,
73.61908,13307.0793662228,1900.14441097523,871132.783071587,4600.84655576626,200.0016000128,300.003600043201,23522.1107841371,198259.908963727,1789311.70757216,22219.7311212357,0,
73.74534,12906.6598364756,3100.38444767151,873167.662266158,3800.57768780855,400.006400102402,300.003600043201,24023.0621396541,214525.180233426,1842466.93008074,19715.5358422437,0,
73.87164,14007.84439286,3000.36004320518,871882.438166201,4000.64010241639,600.014400345608,100.0004000016,21017.6548300572,203137.286529427,1782768.18121435,23321.7358578195,0,
73.99783,13206.9732818928,1900.14441097523,858609.261933231,3800.57768780855,300.003600043201,100.0004000016,22920.9956319989,195009.372543487,1785522.96055028,18413.5523745477,0,
74.12414,13907.7326993809,2900.33643902693,844174.102897029,4600.84655576626,200.0016000128,100.0004000016,23722.4889194957,188003.256305061,1768658.82594804,23922.8702639724,0,
74.25029,15509.6159618964,2500.2500250025,880345.844237586,3900.60849492521,300.003600043201,500.010000200004,25626.2412710616,210456.894152384,1820811.23298488,21418.3340939844,0,
74.37653,14708.648685427,2200.1936170383,871668.246563208,3500.49006860961,300.003600043201,300.003600043201,21618.6785382571,210761.970069783,1797926.4836404,22119.5536854579,0,
74.50273,14608.5313823273,1800.12960933187,862782.421584044,3700.5476810568,200.0016000128,0,25926.8602271954,201511.284228693,1832786.66002645,21819.0261908384,0,
74.62895,14308.184281409,2000.16001280102,881631.909360455,4100.67251029169,200.0016000128,200.0016000128,25225.4272306485,195110.939112487,1713054.7767216,21318.1630749398,0,
74.75529,16010.246557797,2200.1936170383,855079.178594477,3800.57768780855,500.010000200004,500.010000200004,22920.9956319989,197751.957361372,1716137.82962371,22019.3770518056,0,
74.8816,16410.7654621432,2300.21161946899,857111.533099171,3800.57768780855,400.006400102402,0,27229.6258329062,194501.551981296,1630990.303833,20216.3347985172,0,
75.00778,16010.246557797,2700.2916314962,879381.37926751,3600.51847466035,100.0004000016,500.010000200004,27630.5040765005,188612.329120454,1756555.94628881,24824.6260290208,0,
75.1341,14308.184281409,2200.1936170383,880345.844237586,2600.27042812453,500.010000200004,500.010000200004,25125.2257266295,199377.474578868,1726305.52657236,22319.9093591484,100.0004000016,
75.26033,14708.648685427,3200.40965243551,881631.909360455,3400.46246289495,200.0016000128,100.0004000016,23321.7358578195,200596.750131043,1676425.24024793,20316.4969955604,100.0004000016,
75.38658,13607.4024269202,2100.17641481884,858823.237359173,3900.60849492521,100.0004000016,200.0016000128,22820.8125810739,188815.359938096,1734422.38676368,18513.7001381022,0,
75.51283,12005.7627661277,2800.31363512713,850480.818943232,4700.88376614804,200.0016000128,200.0016000128,23121.3641404658,201511.284228693,1715110.06625347,22119.5536854579,0,
75.63908,14308.184281409,2000.16001280102,859786.170600113,4500.81014582625,300.003600043201,200.0016000128,21819.0261908384,198869.477919743,1808846.49040029,23221.549598027,0,
75.76539,13106.8679988314,2900.33643902693,886348.575215374,4200.70571856072,1000.04000160006,200.0016000128,23822.6791905894,195314.07470713,1734536.7439473,24123.2548176442,0,
75.89171,13106.8679988314,1700.11560786133,841182.161728589,3100.38444767151,300.003600043201,300.003600043201,24724.4277346018,193384.418798699,1707233.17337481,23221.549598027,0,
76.01794,12205.9565067753,2900.33643902693,832637.574294666,2800.31363512713,200.0016000128,0,23522.1107841371,187698.730942987,1654384.32636908,20516.8237955123,0,
76.14422,14508.4148806308,2400.23042212052,843105.472949505,3900.60849492521,100.0004000016,700.019600548815,26828.7604311822,185567.259568501,1733050.17686586,18814.1482394761,0,
76.27042,13807.6218072376,1600.10240655402,884204.423092852,4100.67251029169,100.0004000016,300.003600043201,23622.2994506814,202425.884705958,1794479.90842719,23622.2994506814,0,
76.39664,15910.1188355794,1800.12960933187,866742.818357524,3400.46246289495,400.006400102402,400.006400102402,31940.756405173,212694.289022191,1773704.36689828,21017.6548300572,0,
76.5229,13206.9732818928,2200.1936170383,858395.290048448,4500.81014582625,100.0004000016,0,25526.0365572884,185668.750025186,1644498.44396129,20917.487019148,0,
76.64914,15409.4922472243,1800.12960933187,816951.616967314,4100.67251029169,400.006400102402,0,26628.3325458288,181609.769658779,1670990.92332837,21919.201220269,0,
76.77536,15209.2472223112,2200.1936170383,821644.735483071,3700.5476810568,600.014400345608,300.003600043201,26528.1198069954,194806.241862078,1719678.50882818,18012.9693379233,100.0004000016,
76.90152,13707.5117164206,2700.2916314962,867920.467526447,3500.49006860961,500.010000200004,400.006400102402,25025.025025025,196329.801815748,1776571.99898892,19815.6940296715,0,
77.02772,15209.2472223112,1800.12960933187,859251.198834886,3000.36004320518,100.0004000016,200.0016000128,25526.0365572884,197244.026237386,1735794.73754005,18814.1482394761,0,
77.15397,11505.2924345199,1700.11560786133,828367.399228042,4400.77453631839,100.0004000016,300.003600043201,25726.4467872973,181711.228222856,1619078.85210014,22420.0883992057,0,
77.28019,13006.7635170289,2000.16001280102,793192.248010829,3900.60849492521,300.003600043201,400.006400102402,29534.8511243267,201104.816435153,1683744.26299498,17211.841747122,0,
77.40651,12105.8592358702,2200.1936170383,834025.685221697,4800.92177698118,300.003600043201,500.010000200004,28532.5270808722,186683.699581297,1682832.90569646,17111.7044058136,0,
77.53277,11705.4781637807,2600.27042812453,801710.756630008,2900.33643902693,400.006400102402,400.006400102402,26227.4864057532,196736.115590531,1732021.11188099,17111.7044058136,0,
77.65898,14608.5313823273,2600.27042812453,832744.346762227,3500.49006860961,300.003600043201,400.006400102402,24123.2548176442,192572.020524892,1697422.09692232,18713.9980705568,0,
77.78533,13507.2939387269,2100.17641481884,814712.320845896,3500.49006860961,600.014400345608,200.0016000128,28532.5270808722,196634.535918306,1668259.6507098,17512.2585810067,0,
77.9116,11905.6670975384,2700.2916314962,805226.280868212,3700.5476810568,200.0016000128,500.010000200004,28732.9854673165,195821.928024607,1677024.46603268,16110.3750815525,0,
78.03786,12506.2531265633,1000.04000160006,822284.838393813,4300.73972723308,400.006400102402,400.006400102402,26327.6967369673,191150.449611653,1674633.49053584,17612.3991289868,0,
78.16417,11605.3848985929,1800.12960933187,841609.539481845,3900.60849492521,400.006400102402,400.006400102402,27630.5040765005,195618.784240846,1677252.20033976,17111.7044058136,0,
78.29049,9503.61137232148,900.032401166442,824845.567423507,3100.38444767151,300.003600043201,200.0016000128,28632.7558727184,198869.477919743,1712940.60324231,18413.5523745477,0,
78.41681,11505.2924345199,1800.12960933187,846276.720077002,5001.00020004001,100.0004000016,300.003600043201,29735.3255667733,197853.546043534,1619425.04729102,17412.118834709,0,
78.54301,12105.8592358702,2300.21161946899,834346.039698089,3000.36004320518,300.003600043201,100.0004000016,28732.9854673165,192064.29820955,1717165.67207565,16811.2971917128,0,
78.66931,13307.0793662228,1800.12960933187,860749.175559316,4500.81014582625,400.006400102402,400.006400102402,26227.4864057532,199580.678977502,1757771.52716235,17612.3991289868,0,
78.79555,12205.9565067753,1500.09000540032,825805.971752767,4600.84655576626,400.006400102402,500.010000200004,25225.4272306485,191353.521348161,1658022.35861651,16210.5044068556,0,
78.92182,9303.46088745013,1500.09000540032,777766.779263952,4800.92177698118,400.006400102402,100.0004000016,25826.6531060054,179885.099148316,1642908.29724107,15309.3693340324,0,
79.048,12105.8592358702,2200.1936170383,817271.548127525,3100.38444767151,300.003600043201,300.003600043201,25425.8326459683,194907.806793353,1676341.28643988,17512.2585810067,0,
79.17421,9603.68781612139,2100.17641481884,831676.661803423,4000.64010241639,400.006400102402,200.0016000128,30837.992406645,198158.317004927,1715566.84021099,14308.184281409,0,
79.30048,11905.6670975384,3000.36004320518,809595.388135019,4200.70571856072,600.014400345608,100.0004000016,29334.3798932349,188815.359938096,1645407.18445443,14508.4148806308,0,
79.42671,11505.2924345199,2100.17641481884,834986.772486773,3400.46246289495,300.003600043201,200.0016000128,27029.191526849,193384.418798699,1664277.54739842,17412.118834709,0,
79.55292,14508.4148806308,1500.09000540032,819724.617145123,3500.49006860961,600.014400345608,0,27530.2833116428,189932.087943091,1609445.71460199,14308.184281409,0,
79.67913,12806.5569571621,2400.23042212052,849411.66739045,3800.57768780855,500.010000200004,300.003600043201,30036.0432519023,203340.551570067,1742658.60535966,15109.1259120509,0,
79.80552,10904.7544729502,2800.31363512713,834666.402119683,4600.84655576626,300.003600043201,200.0016000128,32542.3049964954,184856.849273669,1628832.42156211,14007.84439286,0,
79.93181,11405.2007715518,1700.11560786133,821964.78297155,4200.70571856072,300.003600043201,700.019600548815,26828.7604311822,187191.205035826,1657226.45420502,17812.6826300326,0,
80.05812,11405.2007715518,1500.09000540032,819084.641156034,4500.81014582625,600.014400345608,500.010000200004,27229.6258329062,196329.801815748,1616924.95730645,15509.6159618964,0,
80.18436,14708.648685427,2000.16001280102,828367.399228042,4200.70571856072,0,600.014400345608,28732.9854673165,186176.214578162,1605028.13747776,11905.6670975384,0,
80.31065,12105.8592358702,1700.11560786133,790957.071467774,4800.92177698118,500.010000200004,100.0004000016,28532.5270808722,191048.914971141,1589521.60132735,14608.5313823273,0,
80.43686,11305.1099096792,1800.12960933187,814925.570406595,3300.43565750679,200.0016000128,300.003600043201,32041.0124959949,187292.708581008,1649156.39430518,14408.2991803279,0,
80.56311,11104.9305891816,2500.2500250025,846097.85952956,5001.00020004001,500.010000200004,300.003600043201,29434.6151073663,184856.849273669,1595518.33601416,12306.0545788528,100.0004000016,
80.68941,10304.2453490838,1400.07840439065,819084.641156034,3900.60849492521,200.0016000128,500.010000200004,29835.5639922788,185465.769929763,1612958.16868783,13907.7326993809,0,
80.81573,11705.4781637807,1300.06760351538,817058.259806351,4500.81014582625,200.0016000128,100.0004000016,31439.4879969241,176436.466759047,1567933.14232761,13807.6218072376,0,
80.94204,10704.5815609081,1500.09000540032,829007.835487817,4200.70571856072,400.006400102402,200.0016000128,28332.0719053969,175726.571468853,1546717.97616317,14908.8856958747,0,
81.06828,11905.6670975384,1900.14441097523,798622.147188363,4500.81014582625,400.006400102402,100.0004000016,28031.3951625821,181508.311912264,1624408.40564523,13106.8679988314,0,
81.19455,13206.9732818928,2400.23042212052,851336.203865705,5101.04061228491,200.0016000128,600.014400345608,29735.3255667733,188409.301575787,1581831.63705805,14308.184281409,0,
81.32082,11805.5722300926,3100.38444767151,854116.595860859,5301.12383825371,200.0016000128,400.006400102402,28732.9854673165,185973.226303022,1607519.92371092,12806.5569571621,0,
81.44708,10004.0016006403,1900.14441097523,799687.101394834,5301.12383825371,300.003600043201,400.006400102402,26928.9755777216,180189.435601162,1576858.14761425,14808.7667899396,0,
81.57339,10904.7544729502,2500.2500250025,849411.66739045,4300.73972723308,200.0016000128,500.010000200004,32041.0124959949,183943.523495612,1450902.73767929,15009.0054032419,0,
81.69963,12506.2531265633,1800.12960933187,816844.975009294,5201.0818250196,300.003600043201,400.006400102402,29334.3798932349,184552.399987106,1524861.22192609,15910.1188355794,0,
81.82592,10904.7544729502,2100.17641481884,812899.84181855,4900.9605882753,200.0016000128,300.003600043201,29835.5639922788,180595.228982261,1534433.20327923,18012.9693379233,0,
81.95221,12606.3536022155,2000.16001280102,870061.922580218,4600.84655576626,100.0004000016,100.0004000016,29033.6790677186,182725.858831683,1523960.68512451,14908.8856958747,0,
82.07853,10204.1632986258,2200.1936170383,818658.008121517,6301.58800017604,200.0016000128,400.006400102402,30537.255451651,177450.672338643,1523060.20946852,17111.7044058136,0,
82.20477,10504.4118529783,1900.14441097523,852726.325107341,5701.29989637637,500.010000200004,100.0004000016,31138.7365883159,176943.559335006,1479684.78583231,16410.7654621432,0,
82.33103,12606.3536022155,1900.14441097523,839045.484988548,6601.74286011507,0,300.003600043201,26728.5460872212,174611.102607687,1491694.32399554,16611.0297237366,0,
82.45738,11805.5722300926,2000.16001280102,828794.353205663,5101.04061228491,100.0004000016,100.0004000016,26127.2768770597,169846.121628751,1442602.62902932,16110.3750815525,0,
82.58361,10904.7544729502,2000.16001280102,802669.440969685,6401.6388195378,600.014400345608,100.0004000016,30537.255451651,168325.762700944,1500231.08201504,15809.9919148902,0,
82.70984,12806.5569571621,2100.17641481884,852619.387396331,5401.16665199683,200.0016000128,500.010000200004,28131.6199408135,171873.552617271,1491469.74674155,16811.2971917128,100.0004000016,
82.83607,12205.9565067753,1900.14441097523,847487.417443125,5701.29989637637,400.006400102402,500.010000200004,27730.7256440136,172279.0780099,1466901.55159564,14908.8856958747,0,
82.96229,12105.8592358702,1000.04000160006,842998.614815274,6601.74286011507,200.0016000128,400.006400102402,31840.5011174214,174712.504783195,1468582.8508993,17812.6826300326,0,
83.08858,10904.7544729502,1900.14441097523,858823.237359173,8002.56081946223,300.003600043201,600.014400345608,28332.0719053969,183842.046942682,1427173.05358585,18613.8487034354,0,
83.21486,12105.8592358702,2000.16001280102,882382.173043395,6801.85010322808,400.006400102402,700.019600548815,30236.5257230735,172786.003125453,1430749.32231559,21518.505915087,0,
83.34114,13106.8679988314,1600.10240655402,845777.213535744,7502.25067520256,300.003600043201,300.003600043201,31038.4877247787,166096.235152003,1468358.66531713,18914.2992102029,200.0016000128,
83.46735,9903.92195309342,2000.16001280102,870918.603881052,5101.04061228491,200.0016000128,700.019600548815,27029.191526849,171873.552617271,1446630.69924892,20416.6599945556,0,
83.59359,12105.8592358702,2100.17641481884,865030.065510948,6601.74286011507,600.014400345608,200.0016000128,32141.2693898966,165082.944113384,1484397.51173789,18914.2992102029,0,
83.71981,13807.6218072376,2500.2500250025,912320.997686548,7102.01697282028,400.006400102402,300.003600043201,30938.239664225,173799.914610471,1419353.3387722,18513.7001381022,0,
83.84604,11905.6670975384,2100.17641481884,871025.693033036,6701.7960813498,200.0016000128,100.0004000016,28332.0719053969,171468.040290459,1439246.84103879,20817.3200102485,0,
83.97227,13307.0793662228,2000.16001280102,855400.055433978,7602.31110257518,400.006400102402,400.006400102402,28131.6199408135,161131.888614688,1402389.31062305,20917.487019148,0,
84.09841,12806.5569571621,2300.21161946899,854758.309719321,6401.6388195378,400.006400102402,100.0004000016,27630.5040765005,162043.560529812,1422704.07839722,18914.2992102029,100.0004000016,
84.22472,14308.184281409,1900.14441097523,886563.009965291,6801.85010322808,300.003600043201,100.0004000016,26928.9755777216,157789.656726992,1383219.42818066,19915.8530190031,0,
84.35096,11905.6670975384,1300.06760351538,871668.246563208,6901.90492575951,400.006400102402,300.003600043201,28933.4470648069,162955.298513171,1392132.18868897,19114.6035571176,100.0004000016,
84.47721,11505.2924345199,1600.10240655402,899220.951433781,7702.37233067785,300.003600043201,100.0004000016,28933.4470648069,160017.71265247,1363076.50775707,20416.6599945556,0,
84.60342,12105.8592358702,3400.46246289495,889779.957582184,8903.16952835209,300.003600043201,300.003600043201,28632.7558727184,168123.062054524,1380880.82595372,20416.6599945556,0,
84.72965,12806.5569571621,2100.17641481884,841930.08207397,7402.19104855037,100.0004000016,300.003600043201,28632.7558727184,156979.55240702,1408413.50927675,17412.118834709,0,
84.85594,11205.0198488923,2300.21161946899,886026.929751536,7102.01697282028,800.025600819226,300.003600043201,28332.0719053969,163157.91592687,1399378.24184365,18413.5523745477,0,
84.98214,12005.7627661277,1800.12960933187,904158.757263526,7402.19104855037,200.0016000128,200.0016000128,33043.6175751993,159004.911037759,1246032.47893561,20516.8237955123,0,
85.10838,14007.84439286,2900.33643902693,853795.750876961,7602.31110257518,300.003600043201,100.0004000016,26127.2768770597,149286.162661559,1345851.47684305,21117.8234429859,0,
85.23461,14107.9568876847,2000.16001280102,862996.466080163,6401.6388195378,600.014400345608,400.006400102402,27229.6258329062,162550.073474646,1411091.81340669,21017.6548300572,0,
85.36084,12205.9565067753,2100.17641481884,868991.150735507,7202.07419736884,100.0004000016,300.003600043201,26227.4864057532,156372.008404241,1380992.17856344,16911.4321281186,200.0016000128,
85.48712,13807.6218072376,2800.31363512713,894070.465016075,6901.90492575951,500.010000200004,500.010000200004,30136.2840860396,150196.976342719,1364299.78528914,19214.7569333248,0,
85.61328,12406.1534521122,2400.23042212052,890852.451138783,7001.96054895371,300.003600043201,100.0004000016,28031.3951625821,160017.71265247,1376761.44012897,20416.6599945556,0,
85.73945,14007.84439286,2200.1936170383,880131.512476294,6001.44034568296,400.006400102402,200.0016000128,25826.6531060054,150399.388342287,1383553.54806028,19715.5358422437,0,
85.86566,13507.2939387269,2100.17641481884,840647.959415712,6801.85010322808,400.006400102402,200.0016000128,27229.6258329062,164880.295697409,1366524.21712516,21217.9928579435,0,
85.99194,12706.4548790786,2500.2500250025,872632.136706849,7302.132222609,700.019600548815,400.006400102402,27931.1711870447,162651.378510693,1332531.41997649,20516.8237955123,0,
86.11826,14908.8856958747,1800.12960933187,881524.732385034,6101.48876325823,300.003600043201,100.0004000016,25225.4272306485,156372.008404241,1321109.10836716,19915.8530190031,100.0004000016,
86.24457,14208.0701838644,2100.17641481884,887956.922439681,6001.44034568296,500.010000200004,200.0016000128,27329.8441898553,156169.500257599,1409640.99790413,19214.7569333248,0,
86.37081,11004.8421305374,3000.36004320518,895143.314081157,7302.132222609,100.0004000016,500.010000200004,27430.063349431,155055.763727617,1344629.91063902,16711.163056922,0,
86.49708,11004.8421305374,1700.11560786133,863210.514119244,4900.9605882753,400.006400102402,100.0004000016,27830.9480141918,160828.012656903,1403727.78390344,18713.9980705568,0,
86.62336,13206.9732818928,1900.14441097523,896216.25205098,7001.96054895371,400.006400102402,100.0004000016,25526.0365572884,150298.181935245,1392132.18868897,19114.6035571176,0,
86.74963,12205.9565067753,1900.14441097523,840113.779188992,7302.132222609,200.0016000128,500.010000200004,25025.025025025,159106.187529939,1381214.88660299,17612.3991289868,100.0004000016,
86.87594,11605.3848985929,1700.11560786133,903192.516671295,6401.6388195378,500.010000200004,900.032401166442,25826.6531060054,158599.813222555,1380880.82595372,20516.8237955123,0,
87.00223,13907.7326993809,2000.16001280102,885705.292280676,6501.69043951427,500.010000200004,300.003600043201,26127.2768770597,148476.605881122,1349739.03218463,18914.2992102029,0,
87.12855,10004.0016006403,1700.11560786133,840113.779188992,6701.7960813498,600.014400345608,200.0016000128,27129.408278574,156169.500257599,1355294.67327868,19114.6035571176,0,
87.25479,11805.5722300926,2100.17641481884,863103.489656828,7602.31110257518,100.0004000016,400.006400102402,23321.7358578195,167008.266858875,1397036.77423987,19415.0660912868,0,
87.38101,13507.2939387269,1400.07840439065,890316.193253605,5301.12383825371,300.003600043201,300.003600043201,27129.408278574,159713.863606172,1378542.63827632,14208.0701838644,0,
87.50722,11605.3848985929,2100.17641481884,864815.98735314,5401.16665199683,100.0004000016,500.010000200004,22119.5536854579,157992.190959224,1396590.82750145,15709.8657957197,0,
87.63355,11104.9305891816,1500.09000540032,876488.415613666,5301.12383825371,300.003600043201,0,28933.4470648069,159612.582221614,1318559.8484051,13607.4024269202,0,
87.75985,10704.5815609081,2000.16001280102,831890.191734622,4900.9605882753,300.003600043201,0,24524.0335528818,152727.360533157,1381214.88660299,14808.7667899396,0,
87.88608,13807.6218072376,1500.09000540032,870704.428236736,5701.29989637637,500.010000200004,100.0004000016,28131.6199408135,159815.145806161,1399489.7506621,13807.6218072376,0,
88.01243,12606.3536022155,1600.10240655402,862461.361482726,4400.77453631839,200.0016000128,200.0016000128,20616.9883984403,152423.687546532,1428514.04094094,13307.0793662228,0,
88.13864,12406.1534521122,1500.09000540032,859465.184884832,5201.0818250196,200.0016000128,700.019600548815,24624.2302425587,157688.390833746,1377540.68471875,13407.186251831,0,
88.26499,14808.7667899396,2000.16001280102,886348.575215374,5401.16665199683,200.0016000128,400.006400102402,26528.1198069954,159207.464837492,1407074.56090316,13407.186251831,0,
88.39123,12706.4548790786,2600.27042812453,832317.262187687,4800.92177698118,300.003600043201,100.0004000016,26528.1198069954,164272.370031566,1427284.79733444,12306.0545788528,100.0004000016,
88.51752,12706.4548790786,2100.17641481884,875309.986213635,3900.60849492521,300.003600043201,200.0016000128,24624.2302425587,155764.493745271,1390906.32706145,11905.6670975384,100.0004000016,
88.64383,12005.7627661277,1500.09000540032,835841.132312577,3500.49006860961,100.0004000016,100.0004000016,23522.1107841371,154144.598097139,1353738.85763921,11905.6670975384,0,
88.77007,11104.9305891816,1500.09000540032,833491.778749576,4800.92177698118,500.010000200004,200.0016000128,24624.2302425587,155157.008427984,1383108.05676801,12606.3536022155,100.0004000016,
88.89636,10704.5815609081,2100.17641481884,831569.898161619,3700.5476810568,200.0016000128,200.0016000128,25826.6531060054,151512.712580585,1365745.62328623,11805.5722300926,0,
89.02261,11705.4781637807,1500.09000540032,799474.103519874,4000.64010241639,100.0004000016,0,23922.8702639724,149690.960597476,1386338.20952863,12606.3536022155,0,
89.14882,11905.6670975384,2100.17641481884,815991.87106048,4400.77453631839,300.003600043201,300.003600043201,29635.0879441258,164171.051942875,1398040.20949485,14007.84439286,100.0004000016,
89.27513,11305.1099096792,1900.14441097523,850801.581655444,4900.9605882753,600.014400345608,0,25325.6295370915,163664.473737187,1476992.55255154,13607.4024269202,0,
89.40145,12906.6598364756,1500.09000540032,834559.613763,4000.64010241639,300.003600043201,200.0016000128,26127.2768770597,164373.688936131,1430190.46652458,12406.1534521122,100.0004000016,
89.52776,12005.7627661277,2400.23042212052,811514.000165194,4500.81014582625,200.0016000128,500.010000200004,27530.2833116428,163563.160543533,1462867.30459819,11605.3848985929,0,
89.65399,11205.0198488923,1100.04840212969,852084.712111185,3800.57768780855,1000.04000160006,300.003600043201,28332.0719053969,161840.961061548,1479236.0422651,12806.5569571621,0,
89.78027,13006.7635170289,1400.07840439065,828580.874452434,4300.73972723308,700.019600548815,300.003600043201,28131.6199408135,160220.28276062,1439023.15212379,9603.68781612139,0,
89.90654,12005.7627661277,1900.14441097523,830182.051123096,3800.57768780855,200.0016000128,500.010000200004,21718.8519635043,167210.949548802,1444392.73096533,10704.5815609081,0,
90.03279,13006.7635170289,2500.2500250025,842036.931371819,3900.60849492521,200.0016000128,400.006400102402,26327.6967369673,160321.56903791,1444057.06839068,12906.6598364756,0,
90.15911,12406.1534521122,1800.12960933187,842250.632618295,5301.12383825371,600.014400345608,200.0016000128,27430.063349431,171873.552617271,1446854.51691118,12306.0545788528,100.0004000016,
90.28534,14408.2991803279,2900.33643902693,826979.896278849,4200.70571856072,300.003600043201,100.0004000016,27730.7256440136,159511.301652477,1428961.06696887,12806.5569571621,0,
90.41163,13807.6218072376,1800.12960933187,820471.29589847,3200.40965243551,100.0004000016,800.025600819226,26828.7604311822,164171.051942875,1418236.61440787,10804.6676164103,0,
90.53785,13507.2939387269,1500.09000540032,833385.000103334,3700.5476810568,600.014400345608,100.0004000016,27129.408278574,167616.324722653,1413770.66085141,11305.1099096792,0,
90.66401,14208.0701838644,1800.12960933187,797344.318186509,4800.92177698118,300.003600043201,400.006400102402,25325.6295370915,151512.712580585,1355961.50764534,10904.7544729502,0,
90.7903,11405.2007715518,1600.10240655402,780744.052897962,3900.60849492521,400.006400102402,400.006400102402,28432.2990917683,164475.008656579,1435780.08814747,10504.4118529783,0,
90.91659,14107.9568876847,1900.14441097523,830609.065097268,4400.77453631839,200.0016000128,300.003600043201,32241.5270868879,165082.944113384,1474973.73682605,9703.76506084361,0,
91.04286,12606.3536022155,1300.06760351538,807250.805186225,4100.67251029169,0,200.0016000128,29935.8032206519,160828.012656903,1405735.7482963,10904.7544729502,0,
91.16907,11705.4781637807,1600.10240655402,802882.491608903,4400.77453631839,100.0004000016,300.003600043201,29334.3798932349,159308.742960425,1427061.31078224,9303.46088745013,0,
91.29531,13106.8679988314,1800.12960933187,793085.802247506,4300.73972723308,400.006400102402,200.0016000128,25926.8602271954,156169.500257599,1389012.03761173,10504.4118529783,0,
91.42154,13607.4024269202,2000.16001280102,821644.735483071,5501.21026625858,300.003600043201,800.025600819226,28332.0719053969,161638.364855834,1442602.62902932,12806.5569571621,0,
91.54775,13206.9732818928,2200.1936170383,814605.697386736,4000.64010241639,400.006400102402,0,26628.3325458288,162246.163260705,1356294.93748287,10904.7544729502,0,
91.67398,11605.3848985929,2200.1936170383,781169.433845519,3700.5476810568,300.003600043201,400.006400102402,26327.6967369673,164880.295697409,1390794.89074211,9703.76506084361,0,
91.80013,13907.7326993809,2600.27042812453,848235.702823868,3500.49006860961,400.006400102402,100.0004000016,29334.3798932349,167616.324722653,1395030.1325664,11305.1099096792,100.0004000016,
91.92636,12806.5569571621,2100.17641481884,799687.101394834,5201.0818250196,400.006400102402,500.010000200004,26728.5460872212,158093.45929823,1342187.11803829,9603.68781612139,100.0004000016,
92.0526,13006.7635170289,1500.09000540032,778298.384834936,3500.49006860961,300.003600043201,300.003600043201,26628.3325458288,162752.684362456,1316232.69444538,10604.4963064339,0,
92.17887,12906.6598364756,2400.23042212052,788190.246700143,3800.57768780855,200.0016000128,200.0016000128,26528.1198069954,151613.928762581,1315457.06791072,11305.1099096792,0,
92.30512,11505.2924345199,1700.11560786133,815352.080097809,2800.31363512713,200.0016000128,200.0016000128,28332.0719053969,161233.182231741,1417901.61550752,8602.95941803981,0,
92.4314,13807.6218072376,2200.1936170383,854330.496940916,3300.43565750679,500.010000200004,0,27129.408278574,155966.995371302,1353738.85763921,7902.49718911176,0,
92.55771,14808.7667899396,1700.11560786133,820577.967817232,4100.67251029169,300.003600043201,200.0016000128,29635.0879441258,161537.067976409,1350072.3045984,12806.5569571621,0,
92.68403,12506.2531265633,1500.09000540032,807463.931488409,3400.46246289495,100.0004000016,300.003600043201,26528.1198069954,160017.71265247,1338523.77841927,12205.9565067753,0,
92.81034,10604.4963064339,2400.23042212052,804587.023389278,3800.57768780855,300.003600043201,300.003600043201,27630.5040765005,157283.335413002,1351738.79313253,8903.16952835209,0,
92.93663,11705.4781637807,2000.16001280102,820471.29589847,3100.38444767151,400.006400102402,100.0004000016,24023.0621396541,145947.076833944,1341965.06844696,11104.9305891816,100.0004000016,
93.0629,11705.4781637807,2100.17641481884,830715.820796826,4600.84655576626,300.003600043201,300.003600043201,27730.7256440136,158397.269206927,1340854.87664051,8903.16952835209,0,
93.18911,12205.9565067753,2300.21161946899,809382.226627024,5101.04061228491,600.014400345608,8803.09869073914,27029.191526849,150601.803599957,1302721.17432181,11004.8421305374,0,
93.31524,13707.5117164206,2200.1936170383,796492.502507419,2600.27042812453,500.010000200004,300.003600043201,26928.9755777216,149286.162661559,1288228.34165443,10404.3282005314,0,
93.44151,10504.4118529783,2500.2500250025,862782.421584044,4400.77453631839,300.003600043201,200.0016000128,29234.1454819229,161233.182231741,1329758.10324635,11405.2007715518,0,
93.56774,13407.186251831,1900.14441097523,794682.580954032,3900.60849492521,200.0016000128,400.006400102402,25626.2412710616,153132.269255226,1281043.16819027,9803.84310649775,0,
93.694,10204.1632986258,2500.2500250025,818124.736655128,3300.43565750679,300.003600043201,0,28732.9854673165,152828.586491523,1293426.22274949,10104.0820491479,0,
93.8203,10704.5815609081,2300.21161946899,871025.693033036,3700.5476810568,300.003600043201,300.003600043201,28131.6199408135,149994.567601173,1289223.52149407,10204.1632986258,0,
93.94658,14908.8856958747,2800.31363512713,823351.747104686,4400.77453631839,200.0016000128,200.0016000128,27730.7256440136,151107.855998841,1337080.92436833,11205.0198488923,0,
94.07292,10904.7544729502,3400.46246289495,818658.008121517,3100.38444767151,200.0016000128,200.0016000128,28031.3951625821,151917.582196467,1275076.93342526,8402.82334864514,0,
94.19921,13106.8679988314,2000.16001280102,815245.451353751,4300.73972723308,500.010000200004,200.0016000128,26628.3325458288,158802.360499473,1321552.50833867,10904.7544729502,0,
94.3255,12306.0545788528,2400.23042212052,842464.337399214,3600.51847466035,200.0016000128,400.006400102402,29234.1454819229,154853.276771807,1304160.26598767,9803.84310649775,0,
94.45171,11605.3848985929,1700.11560786133,837977.2791163,4400.77453631839,500.010000200004,0,26728.5460872212,148375.414948194,1276071.11776304,12005.7627661277,0,
94.57798,13407.186251831,1900.14441097523,874238.779895096,4300.73972723308,300.003600043201,300.003600043201,28332.0719053969,159612.582221614,1325987.32982882,9203.38684635946,0,
94.70426,11605.3848985929,1800.12960933187,834452.826289139,3900.60849492521,400.006400102402,400.006400102402,27730.7256440136,147363.550405375,1305045.93913223,10904.7544729502,0,
94.8305,11905.6670975384,2300.21161946899,859893.167609346,3900.60849492521,0,200.0016000128,27530.2833116428,150196.976342719,1377095.39645829,10004.0016006403,0,
94.95677,11104.9305891816,2000.16001280102,873381.878697306,5401.16665199683,300.003600043201,300.003600043201,27430.063349431,151006.643889915,1274414.18566132,11205.0198488923,0,
95.083,11104.9305891816,1600.10240655402,858609.261933231,5301.12383825371,300.003600043201,100.0004000016,33444.6820952793,154549.552450254,1294864.29746433,11305.1099096792,0,
95.20925,12205.9565067753,1400.07840439065,811940.39713219,3900.60849492521,300.003600043201,0,27830.9480141918,156068.247406912,1316121.88785543,10104.0820491479,0,
95.33556,14107.9568876847,2600.27042812453,839686.45090873,5301.12383825371,500.010000200004,200.0016000128,26327.6967369673,163461.848165684,1326541.78759325,9603.68781612139,0,
95.4618,15409.4922472243,2000.16001280102,864708.949603132,3900.60849492521,100.0004000016,500.010000200004,28532.5270808722,156574.519811306,1323658.86222829,11905.6670975384,0,
95.58807,12306.0545788528,1600.10240655402,866528.71184687,4500.81014582625,500.010000200004,300.003600043201,26427.9078707115,149690.960597476,1257966.66708679,10804.6676164103,0,
95.71431,12606.3536022155,1700.11560786133,835520.740756051,4400.77453631839,400.006400102402,400.006400102402,27129.408278574,151613.928762581,1232398.06090114,9803.84310649775,0,
95.84055,11805.5722300926,1900.14441097523,845670.333305765,4800.92177698118,300.003600043201,100.0004000016,28532.5270808722,151209.068922361,1307481.84783753,11405.2007715518,0,
95.96685,11605.3848985929,1800.12960933187,833598.558278532,3100.38444767151,300.003600043201,400.006400102402,27931.1711870447,147970.659359672,1253334.17344003,13006.7635170289,100.0004000016,
96.09306,8703.02865397158,1500.09000540032,821644.735483071,4700.88376614804,500.010000200004,300.003600043201,26528.1198069954,154245.835463059,1253003.34358251,12306.0545788528,0,
96.21924,12906.6598364756,1800.12960933187,851336.203865705,4200.70571856072,700.019600548815,300.003600043201,24423.8376655616,144631.922820061,1304270.97186916,13407.186251831,0,
96.34553,11805.5722300926,1600.10240655402,871239.873996713,4400.77453631839,100.0004000016,100.0004000016,27931.1711870447,154245.835463059,1346962.08988319,12906.6598364756,0,
96.47173,13006.7635170289,2600.27042812453,872310.832012121,4700.88376614804,900.032401166442,200.0016000128,30136.2840860396,149893.364452135,1339855.78402161,13507.2939387269,0,
96.59804,11605.3848985929,2000.16001280102,846952.95441011,4900.9605882753,400.006400102402,300.003600043201,30136.2840860396,153334.728504966,1222901.96585164,12005.7627661277,0,
96.72419,11305.1099096792,1500.09000540032,858502.2755482,3600.51847466035,500.010000200004,0,24423.8376655616,146250.593451514,1310028.96207988,13006.7635170289,0,
96.85036,11905.6670975384,1000.04000160006,859037.216326362,6601.74286011507,300.003600043201,300.003600043201,24624.2302425587,152018.801637095,1279938.10548977,15109.1259120509,0,
96.97655,12806.5569571621,1200.05760276493,855186.136656035,4800.92177698118,300.003600043201,400.006400102402,30136.2840860396,147768.286451187,1255870.81271372,12606.3536022155,0,
97.10285,11705.4781637807,1700.11560786133,856576.671989674,5101.04061228491,700.019600548815,0,27630.5040765005,153840.890888675,1278280.68567392,14708.648685427,0,
97.22917,14007.84439286,1800.12960933187,841075.319499055,6701.7960813498,500.010000200004,0,25826.6531060054,151816.363570512,1262159.37979284,12105.8592358702,100.0004000016,
97.35549,11505.2924345199,2300.21161946899,840327.448629429,5201.0818250196,600.014400345608,200.0016000128,25726.4467872973,147667.101218354,1262490.44045348,13607.4024269202,0,
97.48177,12606.3536022155,1600.10240655402,816525.054421235,4900.9605882753,600.014400345608,400.006400102402,27931.1711870447,144733.083629371,1298626.15976941,10304.2453490838,0,
97.60805,12005.7627661277,1600.10240655402,845135.945415073,4400.77453631839,700.019600548815,200.0016000128,26027.0681508769,148274.224829595,1286238.20799354,14007.84439286,0,
97.73426,12806.5569571621,1600.10240655402,855934.86786583,6501.69043951427,200.0016000128,300.003600043201,25125.2257266295,153132.269255226,1316454.31042468,14408.2991803279,0,
97.86047,12906.6598364756,2600.27042812453,868348.730174498,4000.64010241639,300.003600043201,400.006400102402,26728.5460872212,151209.068922361,1351627.68733899,10504.4118529783,0,
97.98673,14408.2991803279,1700.11560786133,874131.664141351,5401.16665199683,100.0004000016,2200.1936170383,25025.025025025,145238.89988574,1274193.27716962,12105.8592358702,0,
98.11301,10704.5815609081,2800.31363512713,847701.20884529,6701.7960813498,200.0016000128,500.010000200004,23421.922919853,151917.582196467,1325876.44107848,14408.2991803279,0,
98.23929,12105.8592358702,2400.23042212052,883561.246717964,5001.00020004001,100.0004000016,100.0004000016,27630.5040765005,150703.012450604,1273641.02219177,15809.9919148902,0,
98.36553,12205.9565067753,1400.07840439065,827620.263730996,5601.25468104855,500.010000200004,200.0016000128,26027.0681508769,148071.847035344,1301724.97233059,13607.4024269202,0,
98.49184,10504.4118529783,2200.1936170383,832317.262187687,5301.12383825371,400.006400102402,400.006400102402,27229.6258329062,149589.759891837,1344296.77587958,14708.648685427,0,
98.61813,11305.1099096792,2300.21161946899,871454.058506741,4400.77453631839,400.006400102402,300.003600043201,27630.5040765005,154650.79307583,1351072.17242455,16210.5044068556,0,
98.74428,10904.7544729502,900.032401166442,864815.98735314,5601.25468104855,200.0016000128,200.0016000128,24624.2302425587,149792.162117572,1361297.39761272,13607.4024269202,0,
98.87047,11605.3848985929,2800.31363512713,888707.552875096,5001.00020004001,200.0016000128,200.0016000128,25826.6531060054,147970.659359672,1333751.86442963,13407.186251831,0,
98.99679,11205.0198488923,2300.21161946899,835734.334244129,5001.00020004001,400.006400102402,300.003600043201,27229.6258329062,149387.360923888,1303606.75055764,15609.7404780583,0,
99.12303,11405.2007715518,2000.16001280102,858288.305433964,5401.16665199683,200.0016000128,200.0016000128,25225.4272306485,151512.712580585,1353072.1357373,15409.4922472243,0,
99.24925,10904.7544729502,1600.10240655402,838404.550866517,5101.04061228491,400.006400102402,300.003600043201,24524.0335528818,146048.248225695,1299179.46560067,11805.5722300926,0,
99.37541,10704.5815609081,1400.07840439065,849304.757099253,6401.6388195378,300.003600043201,200.0016000128,26227.4864057532,157182.073595827,1336902.35176546,14708.648685427,0,
99.50165,12706.4548790786,1300.06760351538,854116.595860859,4800.92177698118,0,500.010000200004,25325.6295370915,153638.423490681,1404062.42342822,14208.0701838644,0,
99.62793,10904.7544729502,1400.07840439065,862033.293747181,4100.67251029169,400.006400102402,600.014400345608,26327.6967369673,149792.162117572,1308699.97137613,15209.2472223112,0,
99.75416,11505.2924345199,2000.16001280102,825485.829039416,3000.36004320518,400.006400102402,100.0004000016,25826.6531060054,156675.776737521,1253665.01163562,11104.9305891816,0,
99.88042,11305.1099096792,2000.16001280102,785743.165746631,4700.88376614804,500.010000200004,0,22720.6303323418,152524.911060672,1337968.81584492,11905.6670975384,0,
100.00676,11905.6670975384,1000.04000160006,852084.712111185,3900.60849492521,400.006400102402,300.003600043201,22820.8125810739,152423.687546532,1345185.15396126,12205.9565067753,0,
100.13308,10504.4118529783,1500.09000540032,853902.698320117,4900.9605882753,200.0016000128,0,23622.2994506814,156473.263700215,1364410.99796678,12806.5569571621,0,
100.2594,10804.6676164103,2300.21161946899,851122.352328049,4300.73972723308,400.006400102402,0,28231.8455217485,155865.744150758,1361075.02572841,13407.186251831,0,
100.38572,11004.8421305374,1900.14441097523,850373.899808087,5301.12383825371,600.014400345608,400.006400102402,25325.6295370915,150095.771564698,1408636.68054,11705.4781637807,0,
100.51197,9703.76506084361,2600.27042812453,853154.084798345,6501.69043951427,100.0004000016,300.003600043201,24023.0621396541,155764.493745271,1390126.29258839,14908.8856958747,0,
100.63826,10404.3282005314,2400.23042212052,850266.981557386,5701.29989637637,200.0016000128,400.006400102402,26528.1198069954,163664.473737187,1385892.62419312,16510.8971921468,100.0004000016,
100.76454,11104.9305891816,1300.06760351538,797983.216864038,4500.81014582625,700.019600548815,200.0016000128,24323.6425805883,149387.360923888,1380101.38400564,12906.6598364756,0,
100.89078,10404.3282005314,1500.09000540032,817911.434236616,3600.51847466035,100.0004000016,100.0004000016,25926.8602271954,153031.040852547,1353627.73497949,12506.2531265633,0,
101.01699,10704.5815609081,1600.10240655402,790637.792156345,5601.25468104855,700.019600548815,400.006400102402,24624.2302425587,151715.14575922,1369082.77782466,13006.7635170289,0,
101.14333,9403.53572943427,1500.09000540032,818977.981575577,3000.36004320518,300.003600043201,100.0004000016,27530.2833116428,166704.248945012,1433655.75344378,12606.3536022155,0,
101.26954,9703.76506084361,1500.09000540032,865351.189392309,3900.60849492521,400.006400102402,100.0004000016,24323.6425805883,158903.63536094,1332531.41997649,13807.6218072376,0,
101.39574,10804.6676164103,1800.12960933187,804267.406526622,4300.73972723308,800.025600819226,400.006400102402,24223.4482979524,149286.162661559,1326985.37062077,11505.2924345199,0,
101.522,9203.38684635946,1600.10240655402,815032.196508156,3600.51847466035,200.0016000128,300.003600043201,24223.4482979524,154043.361546108,1393804.00172299,12906.6598364756,0,
101.64836,10104.0820491479,1000.04000160006,829114.577952268,3300.43565750679,100.0004000016,0,24824.6260290208,151613.928762581,1357628.74120182,11705.4781637807,0,
101.77463,11104.9305891816,1300.06760351538,823671.836910084,4100.67251029169,500.010000200004,0,22420.0883992057,157384.598045372,1332753.31055375,12806.5569571621,0,
101.90083,9603.68781612139,700.019600548815,850266.981557386,2600.27042812453,300.003600043201,300.003600043201,24423.8376655616,162651.378510693,1433879.35154522,14608.5313823273,0,
102.02704,10604.4963064339,1500.09000540032,825272.404973328,3900.60849492521,500.010000200004,500.010000200004,21618.6785382571,148274.224829595,1300728.84579777,11905.6670975384,0,
102.15343,9303.46088745013,1000.04000160006,771708.025103705,3700.5476810568,800.025600819226,100.0004000016,21518.505915087,143013.460563686,1333419.00472316,12706.4548790786,0,
102.2797,8402.82334864514,2000.16001280102,790531.36747587,4300.73972723308,200.0016000128,0,23622.2994506814,154448.312639607,1338967.76531769,12005.7627661277,0,
102.40598,10904.7544729502,1600.10240655402,797450.799101836,3600.51847466035,200.0016000128,300.003600043201,22219.7311212357,150500.595563854,1354516.7424974,13507.2939387269,0,
102.53218,8302.75651516303,1800.12960933187,807996.762644886,3000.36004320518,600.014400345608,0,22119.5536854579,157080.812593836,1374535.28068835,12105.8592358702,0,
102.6585,10504.4118529783,1400.07840439065,812686.625724304,3900.60849492521,300.003600043201,100.0004000016,26828.7604311822,152524.911060672,1365189.51298222,11605.3848985929,0,
102.78466,10104.0820491479,1800.12960933187,801071.673313023,5701.29989637637,300.003600043201,200.0016000128,20216.3347985172,145643.56754321,1360296.75367673,13507.2939387269,0,
102.9109,8803.09869073914,1800.12960933187,806078.673443687,3200.40965243551,400.006400102402,300.003600043201,20817.3200102485,147869.47249829,1311690.38928672,12606.3536022155,0,
103.03724,8703.02865397158,1500.09000540032,784041.122451505,3100.38444767151,400.006400102402,300.003600043201,26027.0681508769,156169.500257599,1347628.50265373,12105.8592358702,0,
103.16355,7802.43435952017,1300.06760351538,785530.398046076,2500.2500250025,300.003600043201,200.0016000128,25125.2257266295,161840.961061548,1357184.12496257,10704.5815609081,0,
103.2898,7902.49718911176,2000.16001280102,818338.042598192,3900.60849492521,300.003600043201,200.0016000128,22219.7311212357,162955.298513171,1350405.58544277,13006.7635170289,0,
103.41609,8302.75651516303,1200.05760276493,796918.403315214,4200.70571856072,500.010000200004,100.0004000016,25425.8326459683,149184.965213647,1308478.48597863,11305.1099096792,0,
103.54236,9003.24116682005,1900.14441097523,776809.944487062,3600.51847466035,200.0016000128,300.003600043201,24524.0335528818,158498.540807085,1266684.72276057,12205.9565067753,0,
103.66864,10504.4118529783,1100.04840212969,806824.563142074,4400.77453631839,300.003600043201,100.0004000016,24123.2548176442,147970.659359672,1297962.22350323,12506.2531265633,0,
103.79496,8903.16952835209,1400.07840439065,776065.788768234,4200.70571856072,400.006400102402,300.003600043201,23522.1107841371,144834.245252655,1296081.25278738,11805.5722300926,0,
103.92127,9903.92195309342,1800.12960933187,796386.029502811,3900.60849492521,400.006400102402,100.0004000016,22820.8125810739,155157.008427984,1355183.53749816,13006.7635170289,0,
104.04751,9203.38684635946,1500.09000540032,774046.154099929,3700.5476810568,300.003600043201,200.0016000128,23922.8702639724,150500.595563854,1335194.35373433,13707.5117164206,0,
104.17378,8502.8909829342,1700.11560786133,785849.550913644,3300.43565750679,600.014400345608,100.0004000016,20116.1734034163,157992.190959224,1357962.21322537,13307.0793662228,0,
104.30002,8302.75651516303,1600.10240655402,820364.624861086,2700.2916314962,500.010000200004,300.003600043201,21819.0261908384,149083.768580143,1312355.01892385,12406.1534521122,0,
104.42626,7902.49718911176,2200.1936170383,807783.627542067,5401.16665199683,200.0016000128,200.0016000128,25425.8326459683,165488.250736846,1391574.96474086,12406.1534521122,100.0004000016,
104.55253,8402.82334864514,1400.07840439065,816418.415987179,3900.60849492521,700.019600548815,300.003600043201,20616.9883984403,151006.643889915,1334972.42201688,14808.7667899396,0,
104.67877,8502.8909829342,1500.09000540032,793618.039850108,3600.51847466035,200.0016000128,100.0004000016,23622.2994506814,151209.068922361,1381883.03328338,14608.5313823273,0,
104.80502,9303.46088745013,1500.09000540032,838618.192040879,4300.73972723308,200.0016000128,0,24824.6260290208,156979.55240702,1347739.57472641,14408.2991803279,200.0016000128,
104.93128,9503.61137232148,900.032401166442,789360.75395712,4800.92177698118,100.0004000016,200.0016000128,26227.4864057532,151209.068922361,1319446.4915125,11605.3848985929,0,
105.05752,9603.68781612139,1800.12960933187,779999.670016004,5101.04061228491,200.0016000128,100.0004000016,25526.0365572884,159511.301652477,1351405.4785626,12205.9565067753,0,
105.18385,10804.6676164103,1300.06760351538,810128.307309841,3700.5476810568,200.0016000128,100.0004000016,26027.0681508769,150196.976342719,1298072.87721956,13006.7635170289,100.0004000016,
105.31007,8803.09869073914,900.032401166442,810128.307309841,3600.51847466035,700.019600548815,200.0016000128,26427.9078707115,156372.008404241,1324545.84893501,14308.184281409,0,
105.43629,8903.16952835209,1400.07840439065,789680.001650539,4800.92177698118,500.010000200004,200.0016000128,22920.9956319989,160625.432762757,1294311.17318906,12506.2531265633,0,
105.56258,7802.43435952017,1600.10240655402,815778.603882693,5401.16665199683,800.025600819226,100.0004000016,25225.4272306485,163563.160543533,1358740.34742928,14708.648685427,0,
105.6889,9603.68781612139,1000.04000160006,788403.058298295,3900.60849492521,100.0004000016,200.0016000128,26027.0681508769,152322.464847114,1316897.5535812,15009.0054032419,0,
105.8152,8102.62525058119,1800.12960933187,827193.348567934,4400.77453631839,800.025600819226,200.0016000128,26928.9755777216,160321.56903791,1335749.19939322,14808.7667899396,0,
105.94149,9803.84310649775,1400.07840439065,797344.318186509,4900.9605882753,300.003600043201,0,25826.6531060054,148274.224829595,1287896.63178438,13206.9732818928,0,
106.06778,8903.16952835209,1500.09000540032,790744.217715146,4500.81014582625,300.003600043201,100.0004000016,22820.8125810739,149083.768580143,1295528.07731306,12906.6598364756,0,
106.19399,10304.2453490838,1400.07840439065,765121.03423257,4300.73972723308,100.0004000016,200.0016000128,23321.7358578195,152423.687546532,1258518.26332462,14608.5313823273,0,
106.3202,7602.31110257518,1300.06760351538,789254.33981572,4500.81014582625,100.0004000016,100.0004000016,22820.8125810739,144631.922820061,1285464.348499,13206.9732818928,0,
106.44651,7902.49718911176,1400.07840439065,860642.171466402,5901.39272868397,300.003600043201,100.0004000016,24524.0335528818,161942.260387856,1324656.72647629,13206.9732818928,100.0004000016,
106.57279,9203.38684635946,1100.04840212969,800965.162504799,4200.70571856072,0,300.003600043201,21117.8234429859,154043.361546108,1280711.63962206,12306.0545788528,0,
106.69914,201824.794584795,1400.07840439065,826446.280991736,3900.60849492521,100.0004000016,0,20817.3200102485,154853.276771807,1293204.99444688,13907.7326993809,0,
106.82529,8102.62525058119,1200.05760276493,792447.146117308,3900.60849492521,400.006400102402,200.0016000128,23522.1107841371,148476.605881122,1245065.92760561,13206.9732818928,0,
106.95155,8202.69048247825,1100.04840212969,784892.116011387,5101.04061228491,200.0016000128,100.0004000016,25526.0365572884,149893.364452135,1253775.29288712,14308.184281409,0,
107.07786,9803.84310649775,1800.12960933187,833812.119984624,5701.29989637637,500.010000200004,200.0016000128,25526.0365572884,150399.388342287,1324434.97232775,11805.5722300926,0,
107.20409,7001.96054895371,1300.06760351538,814179.212357764,5101.04061228491,200.0016000128,300.003600043201,25125.2257266295,150601.803599957,1296966.38195818,13507.2939387269,0,
107.33034,5901.39272868397,1800.12960933187,855507.016150384,4400.77453631839,300.003600043201,200.0016000128,24123.2548176442,148173.035525315,1256753.23693254,14408.2991803279,0,
107.4566,7802.43435952017,1500.09000540032,813539.511236117,4200.70571856072,300.003600043201,100.0004000016,21819.0261908384,147768.286451187,1303496.05026703,13106.8679988314,0,
107.58287,8703.02865397158,600.014400345608,821964.78297155,4400.77453631839,500.010000200004,300.003600043201,23822.6791905894,148678.990190003,1288007.20081093,13607.4024269202,0,
107.7091,6301.58800017604,1800.12960933187,849090.939169851,4200.70571856072,300.003600043201,100.0004000016,24123.2548176442,154043.361546108,1276513.00161863,13907.7326993809,0,
107.83527,8202.69048247825,2700.2916314962,770539.119678384,5201.0818250196,400.006400102402,0,23522.1107841371,141496.341409452,1200397.40762788,10304.2453490838,100.0004000016,
107.96167,7802.43435952017,2200.1936170383,815885.237031132,4200.70571856072,0,200.0016000128,25826.6531060054,150804.222115806,1275739.71462445,12606.3536022155,100.0004000016,
108.0879,8202.69048247825,1400.07840439065,840220.61346751,6801.85010322808,200.0016000128,500.010000200004,27029.191526849,153334.728504966,1236692.74943749,11805.5722300926,0,
108.21416,8202.69048247825,900.032401166442,820791.314298935,6001.44034568296,300.003600043201,200.0016000128,23421.922919853,143114.608350732,1207538.54604769,12406.1534521122,0,
108.34046,8803.09869073914,1100.04840212969,808955.914173866,5401.16665199683,0,1700.11560786133,24524.0335528818,145744.736492712,1226894.10629236,11505.2924345199,0,
108.46674,9103.31360615264,1900.14441097523,788615.873408842,4100.67251029169,400.006400102402,500.010000200004,23121.3641404658,141496.341409452,1211935.02795241,11805.5722300926,0,
108.59296,10104.0820491479,2100.17641481884,864280.807462155,6101.48876325823,500.010000200004,300.003600043201,25225.4272306485,151209.068922361,1270659.24643139,10904.7544729502,0,
108.71912,11004.8421305374,1600.10240655402,843960.369837411,4200.70571856072,600.014400345608,100.0004000016,25526.0365572884,145441.232086388,1283806.23157505,13307.0793662228,0,
108.84545,8703.02865397158,1400.07840439065,861498.229004601,5201.0818250196,200.0016000128,0,25526.0365572884,144935.407689925,1231957.65952178,12706.4548790786,0,
108.9717,8102.62525058119,1500.09000540032,847380.52306827,5101.04061228491,0,300.003600043201,22920.9956319989,145845.906256286,1255760.51385674,10004.0016006403,0,
109.09799,10404.3282005314,800.025600819226,854009.646648079,5701.29989637637,300.003600043201,200.0016000128,26828.7604311822,153537.191013949,1263483.67251747,13407.186251831,0,
109.22427,9403.53572943427,1900.14441097523,880345.844237586,4900.9605882753,300.003600043201,100.0004000016,25225.4272306485,148881.377756317,1260614.54039723,13206.9732818928,0,
109.3505,7902.49718911176,1700.11560786133,863745.649717982,5201.0818250196,200.0016000128,400.006400102402,29033.6790677186,152120.021892405,1238234.77552665,12205.9565067753,0,
109.47682,8602.95941803981,900.032401166442,842891.757564731,5601.25468104855,400.006400102402,100.0004000016,23922.8702639724,146452.941933823,1201935.17012392,14308.184281409,0,
109.60311,8703.02865397158,1900.14441097523,871989.535297673,5701.29989637637,200.0016000128,100.0004000016,22420.0883992057,145340.065579047,1244184.28876161,11605.3848985929,0,
109.72935,10504.4118529783,1500.09000540032,852512.450569996,5701.29989637637,500.010000200004,200.0016000128,26628.3325458288,145643.56754321,1225903.63973581,12406.1534521122,0,
109.85569,9703.76506084361,2000.16001280102,861284.209306752,5701.29989637637,300.003600043201,100.0004000016,26928.9755777216,143923.819945367,1195016.6600306,12806.5569571621,0,
109.98193,6501.69043951427,1300.06760351538,840327.448629429,5101.04061228491,400.006400102402,100.0004000016,25325.6295370915,141395.206642155,1234820.5328397,12406.1534521122,0,
110.10825,8102.62525058119,1600.10240655402,862889.443389239,6701.7960813498,200.0016000128,200.0016000128,23321.7358578195,142710.022085357,1264145.86896502,11305.1099096792,0,
110.23449,9903.92195309342,1500.09000540032,870811.515615622,5601.25468104855,500.010000200004,200.0016000128,24123.2548176442,140788.415124698,1233719.35376905,12406.1534521122,100.0004000016,
110.36081,9603.68781612139,1600.10240655402,856469.702423061,4600.84655576626,400.006400102402,200.0016000128,24223.4482979524,148173.035525315,1236472.474792,13407.186251831,1100.04840212969,
110.48717,9803.84310649775,900.032401166442,855934.86786583,7902.49718911176,300.003600043201,200.0016000128,25325.6295370915,147161.187267892,1291324.70417001,13407.186251831,0,
110.61344,9803.84310649775,1400.07840439065,861177.20078618,6201.53798141939,200.0016000128,400.006400102402,27630.5040765005,137047.181232077,1205560.61031702,9903.92195309342,0,
110.73972,8602.95941803981,1700.11560786133,809169.068640001,4800.92177698118,300.003600043201,400.006400102402,26027.0681508769,147970.659359672,1209846.51513881,13807.6218072376,0,
110.86604,6901.90492575951,1700.11560786133,852405.514628325,6201.53798141939,100.0004000016,400.006400102402,23922.8702639724,143114.608350732,1237133.30982486,14708.648685427,0,
110.99223,9003.24116682005,1600.10240655402,837656.834576986,5101.04061228491,500.010000200004,200.0016000128,23021.1794851263,137754.896834654,1233939.58218778,15509.6159618964,100.0004000016,
111.1184,9503.61137232148,1100.04840212969,837763.64854027,5301.12383825371,900.032401166442,400.006400102402,25425.8326459683,144429.603643327,1269002.99676786,15209.2472223112,0,
111.24455,9903.92195309342,2100.17641481884,864601.912739041,4800.92177698118,100.0004000016,400.006400102402,26427.9078707115,148071.847035344,1245176.13662609,14107.9568876847,0,
111.37078,9003.24116682005,1300.06760351538,869740.681719406,5301.12383825371,200.0016000128,100.0004000016,26027.0681508769,142811.167431008,1284137.83822429,13006.7635170289,0,
111.49706,7902.49718911176,1500.09000540032,869740.681719406,5601.25468104855,300.003600043201,300.003600043201,23822.6791905894,139574.919955593,1284358.91397234,14208.0701838644,0,
111.62338,9003.24116682005,2000.16001280102,853154.084798345,5401.16665199683,500.010000200004,300.003600043201,25826.6531060054,147060.006920471,1290108.18905322,14608.5313823273,0,
111.7497,8502.8909829342,1800.12960933187,806824.563142074,5701.29989637637,200.0016000128,300.003600043201,25225.4272306485,143215.756951596,1228655.12046297,13607.4024269202,0,
111.87595,9103.31360615264,1200.05760276493,851336.203865705,6001.44034568296,900.032401166442,300.003600043201,26327.6967369673,148173.035525315,1231517.27292949,12606.3536022155,0,
112.00221,7302.132222609,1400.07840439065,857325.483738845,7001.96054895371,400.006400102402,500.010000200004,24423.8376655616,144631.922820061,1247600.96927141,13607.4024269202,0,
112.12836,9503.61137232148,1200.05760276493,859465.184884832,5501.21026625858,300.003600043201,400.006400102402,27530.2833116428,139372.682149839,1266684.59805669,13407.186251831,0,
112.25468,10204.1632986258,900.032401166442,848235.702823868,7402.19104855037,300.003600043201,300.003600043201,25926.8602271954,147768.286451187,1267457.35215624,14608.5313823273,0,
112.38095,10304.2453490838,1400.07840439065,832210.49325056,6201.53798141939,400.006400102402,200.0016000128,27329.8441898553,137957.108612063,1231407.17859181,12806.5569571621,0,
112.50723,9903.92195309342,1400.07840439065,842357.484566944,4500.81014582625,200.0016000128,100.0004000016,26127.2768770597,150298.181935245,1202374.56399249,13807.6218072376,0,
112.63351,8402.82334864514,1200.05760276493,810128.307309841,5901.39272868397,200.0016000128,0,24924.8251258253,139271.564467148,1231847.56148745,13907.7326993809,0,
112.75975,8002.56081946223,2200.1936170383,828580.874452434,4800.92177698118,300.003600043201,500.010000200004,23822.6791905894,140383.903718363,1251790.37210338,13407.186251831,0,
112.88601,7802.43435952017,1400.07840439065,831249.612531256,5901.39272868397,600.014400345608,300.003600043201,25926.8602271954,150703.012450604,1325987.32982882,15409.4922472243,100.0004000016,
113.01224,11505.2924345199,1900.14441097523,833812.119984624,6601.74286011507,400.006400102402,200.0016000128,25025.025025025,145643.56754321,1313352.02633861,13707.5117164206,100.0004000016,
113.13849,9303.46088745013,1700.11560786133,840861.637690447,5801.34591225164,600.014400345608,200.0016000128,42873.3992595323,147464.733195458,1274856.01378904,14208.0701838644,0,
113.26468,6901.90492575951,1800.12960933187,809488.806940894,6801.85010322808,300.003600043201,100.0004000016,24924.8251258253,146149.420431548,1278722.64384973,14408.2991803279,0,
113.39096,8803.09869073914,1300.06760351538,807357.367897299,6101.48876325823,300.003600043201,300.003600043201,26928.9755777216,135429.695197725,1311579.62094486,12306.0545788528,100.0004000016,
113.51716,9303.46088745013,1700.11560786133,840968.478153012,5601.25468104855,200.0016000128,300.003600043201,27129.408278574,143316.906366288,1266243.04469884,15910.1188355794,0,
113.64348,9703.76506084361,1300.06760351538,810021.721714281,5901.39272868397,300.003600043201,300.003600043201,28231.8455217485,146452.941933823,1311025.79322481,12506.2531265633,0,
113.76963,8302.75651516303,1500.09000540032,838831.836748193,6801.85010322808,100.0004000016,400.006400102402,27630.5040765005,147869.47249829,1372754.62367134,14508.4148806308,0,
113.89579,9803.84310649775,2000.16001280102,847915.003784135,5901.39272868397,400.006400102402,200.0016000128,28532.5270808722,145845.906256286,1281043.16819027,14808.7667899396,0,
114.02192,7702.37233067785,1200.05760276493,784998.494156088,5901.39272868397,200.0016000128,400.006400102402,25826.6531060054,143923.819945367,1293868.69052327,14208.0701838644,100.0004000016,
114.14815,8502.8909829342,1600.10240655402,807463.931488409,6201.53798141939,0,100.0004000016,30236.5257230735,146857.648668222,1323437.12489102,14308.184281409,0,
114.27438,8803.09869073914,1600.10240655402,776065.788768234,5501.21026625858,500.010000200004,100.0004000016,25425.8326459683,152929.813264649,1329203.50999878,13507.2939387269,0,
114.40065,10004.0016006403,900.032401166442,800965.162504799,5401.16665199683,100.0004000016,100.0004000016,24724.4277346018,149286.162661559,1327650.77319045,14007.84439286,0,
114.52684,12105.8592358702,1400.07840439065,810767.8393703,6401.6388195378,200.0016000128,400.006400102402,26628.3325458288,148678.990190003,1352294.33615408,15609.7404780583,0,
114.65305,9703.76506084361,1400.07840439065,810554.658495389,7702.37233067785,300.003600043201,300.003600043201,29234.1454819229,154853.276771807,1355628.08624405,16611.0297237366,0,
114.77931,9603.68781612139,1400.07840439065,794469.665703673,6001.44034568296,100.0004000016,600.014400345608,26227.4864057532,146149.420431548,1252010.90403525,12706.4548790786,0,
114.9056,9903.92195309342,1300.06760351538,762465.942020025,5001.00020004001,400.006400102402,300.003600043201,25225.4272306485,154954.519842228,1386338.20952863,16911.4321281186,0,
115.03179,8302.75651516303,1800.12960933187,811620.598086223,5501.21026625858,400.006400102402,100.0004000016,26127.2768770597,151006.643889915,1354072.23124117,14908.8856958747,0,
115.15795,10004.0016006403,1200.05760276493,809915.13699903,5001.00020004001,300.003600043201,200.0016000128,28031.3951625821,152322.464847114,1340854.87664051,14007.84439286,0,
115.28426,9303.46088745013,1500.09000540032,813432.897464914,4800.92177698118,700.019600548815,100.0004000016,23922.8702639724,158498.540807085,1379210.64960389,12906.6598364756,0,
115.41059,11705.4781637807,1200.05760276493,796598.976390953,6301.58800017604,300.003600043201,100.0004000016,25325.6295370915,143923.819945367,1259952.52200584,13307.0793662228,0,
115.53683,7202.07419736884,2500.2500250025,800752.143526488,5701.29989637637,300.003600043201,300.003600043201,26327.6967369673,161942.260387856,1377985.98801384,15109.1259120509,100.0004000016,
115.66309,9803.84310649775,1400.07840439065,813539.511236117,6201.53798141939,200.0016000128,300.003600043201,28231.8455217485,157485.861492946,1381103.53211319,14408.2991803279,300.003600043201,
115.7894,10604.4963064339,1300.06760351538,783296.54916359,6501.69043951427,100.0004000016,300.003600043201,25025.025025025,160524.144038969,1350849.97301673,13907.7326993809,100.0004000016,
115.91559,9803.84310649775,1800.12960933187,776278.400303541,5601.25468104855,0,400.006400102402,27530.2833116428,147768.286451187,1386561.00783998,12606.3536022155,300.003600043201,
116.04185,13206.9732818928,1700.11560786133,785317.633856741,6501.69043951427,500.010000200004,0,28833.2158646761,156777.034478872,1393023.79595025,13807.6218072376,0,
116.16809,11405.2007715518,1400.07840439065,790744.217715146,5601.25468104855,300.003600043201,200.0016000128,27229.6258329062,159106.187529939,1362854.10585635,14308.184281409,100.0004000016,
116.2943,10904.7544729502,1900.14441097523,783296.54916359,6801.85010322808,100.0004000016,800.025600819226,25025.025025025,152423.687546532,1329869.02469952,13807.6218072376,0,
116.42056,11805.5722300926,2100.17641481884,787764.634040675,5701.29989637637,300.003600043201,400.006400102402,25325.6295370915,157182.073595827,1405624.18670677,13807.6218072376,0,
116.54679,12105.8592358702,1300.06760351538,821431.374898263,4700.88376614804,100.0004000016,100.0004000016,25425.8326459683,167717.670556589,1380685.10867439,14808.7667899396,0,
116.67301,10904.7544729502,2400.23042212052,803947.797581448,6401.6388195378,200.0016000128,400.006400102402,28031.3951625821,164981.619497425,1353424.14682544,15009.0054032419,100.0004000016,
116.79937,10504.4118529783,2200.1936170383,775746.878041538,6201.53798141939,100.0004000016,200.0016000128,27029.191526849,160726.722302066,1367414.09496488,14007.84439286,300.003600043201,
116.92557,10304.2453490838,2200.1936170383,808636.189076133,8002.56081946223,300.003600043201,200.0016000128,24323.6425805883,153638.423490681,1312133.47198074,14608.5313823273,200.0016000128,
117.05175,11605.3848985929,2400.23042212052,790212.0987043,6601.74286011507,400.006400102402,200.0016000128,24924.8251258253,153334.728504966,1353627.73497949,15309.3693340324,0,
117.17804,10004.0016006403,2100.17641481884,782126.592304138,5601.25468104855,100.0004000016,700.019600548815,26528.1198069954,153233.498472696,1270548.82328958,14508.4148806308,100.0004000016,
117.30426,10904.7544729502,1900.14441097523,852940.203183428,5301.12383825371,0,700.019600548815,27129.408278574,158903.63536094,1397036.77423987,14708.648685427,0,
117.43054,11104.9305891816,1600.10240655402,808849.338261103,6701.7960813498,200.0016000128,500.010000200004,22319.9093591484,144733.083629371,1323547.9930927,12706.4548790786,300.003600043201,
117.55686,9503.61137232148,1600.10240655402,778830.012332592,6701.7960813498,300.003600043201,300.003600043201,23722.4889194957,157992.190959224,1338634.77374059,13707.5117164206,0,
117.68318,10104.0820491479,1600.10240655402,789680.001650539,4800.92177698118,200.0016000128,300.003600043201,24924.8251258253,149184.965213647,1327428.96859664,15109.1259120509,0,
117.80948,11104.9305891816,1800.12960933187,802669.440969685,6401.6388195378,400.006400102402,300.003600043201,23421.922919853,154347.073643879,1323769.73229779,14208.0701838644,0,
117.93577,9003.24116682005,1400.07840439065,812899.84181855,5401.16665199683,300.003600043201,0,26728.5460872212,164981.619497425,1370751.67190566,16510.8971921468,200.0016000128,
118.06217,9503.61137232148,1700.11560786133,826659.724460533,6801.85010322808,400.006400102402,300.003600043201,26928.9755777216,159004.911037759,1355405.8099965,14808.7667899396,0,
118.18832,10304.2453490838,1700.11560786133,825592.542395293,6701.7960813498,300.003600043201,0,23822.6791905894,156473.263700215,1334195.69046154,15910.1188355794,0,
118.31463,8703.02865397158,1600.10240655402,784147.49357459,5901.39272868397,200.0016000128,400.006400102402,24824.6260290208,156068.247406912,1337857.82613643,13807.6218072376,0,
118.44091,9203.38684635946,1600.10240655402,773514.723893492,6001.44034568296,500.010000200004,600.014400345608,25626.2412710616,150703.012450604,1286680.43387743,15809.9919148902,100.0004000016,
118.56717,9003.24116682005,1300.06760351538,811940.39713219,6701.7960813498,400.006400102402,600.014400345608,24123.2548176442,165690.908944491,1388232.1151118,17111.7044058136,100.0004000016,
118.69346,10804.6676164103,1500.09000540032,830288.803293052,6101.48876325823,500.010000200004,200.0016000128,22820.8125810739,171265.289026537,1375870.93125815,15409.4922472243,0,
118.8197,10804.6676164103,1300.06760351538,851122.352328049,6001.44034568296,200.0016000128,0,25125.2257266295,159106.187529939,1369861.56877471,15809.9919148902,0,
118.94598,9803.84310649775,1600.10240655402,799474.103519874,4900.9605882753,500.010000200004,300.003600043201,24724.4277346018,148982.572761036,1297298.32075972,16811.2971917128,100.0004000016,
119.07224,10304.2453490838,1500.09000540032,809701.97020941,6401.6388195378,300.003600043201,600.014400345608,19715.5358422437,157080.812593836,1342964.32108912,15509.6159618964,0,
119.19845,9003.24116682005,1100.04840212969,810128.307309841,6301.58800017604,300.003600043201,100.0004000016,20416.6599945556,153031.040852547,1310693.50778376,15109.1259120509,0,
119.32477,9603.68781612139,1500.09000540032,818764.66505833,6101.48876325823,400.006400102402,300.003600043201,22019.3770518056,148678.990190003,1292320.11846268,16010.246557797,200.0016000128,
119.45101,7902.49718911176,2600.27042812453,853902.698320117,4700.88376614804,500.010000200004,500.010000200004,23221.549598027,154245.835463059,1368526.52673769,15609.7404780583,0,
119.57728,9703.76506084361,1300.06760351538,837015.96934283,6101.48876325823,200.0016000128,300.003600043201,23922.8702639724,144733.083629371,1306485.28520439,15009.0054032419,100.0004000016,
119.70351,8903.16952835209,1900.14441097523,820577.967817232,6101.48876325823,400.006400102402,500.010000200004,19915.8530190031,152828.586491523,1295749.34470993,17512.2585810067,200.0016000128,
119.82983,9203.38684635946,1800.12960933187,854544.401560373,6101.48876325823,700.019600548815,500.010000200004,24023.0621396541,156777.034478872,1286680.43387743,16310.634533716,0,
119.95611,8202.69048247825,1700.11560786133,781594.828830836,5701.29989637637,400.006400102402,100.0004000016,22219.7311212357,148780.183565976,1292873.15897302,16510.8971921468,200.0016000128,
120.08228,10804.6676164103,1600.10240655402,842784.901197865,5101.04061228491,200.0016000128,200.0016000128,23321.7358578195,159106.187529939,1302942.56279038,14708.648685427,100.0004000016,
120.20851,10104.0820491479,1900.14441097523,806824.563142074,6401.6388195378,300.003600043201,200.0016000128,21318.1630749398,151209.068922361,1250908.28142654,15709.8657957197,100.0004000016,
120.33474,9803.84310649775,1900.14441097523,825805.971752767,6201.53798141939,200.0016000128,200.0016000128,21418.3340939844,162246.163260705,1298847.47930807,15009.0054032419,0,
120.46102,9303.46088745013,2100.17641481884,842784.901197865,5501.21026625858,200.0016000128,200.0016000128,23121.3641404658,150804.222115806,1312908.90260435,16711.163056922,100.0004000016,
120.58732,10904.7544729502,2600.27042812453,836054.731098342,5201.0818250196,700.019600548815,400.006400102402,21318.1630749398,153031.040852547,1310361.23073555,16010.246557797,0,
120.71357,10004.0016006403,1800.12960933187,804267.406526622,6201.53798141939,0,500.010000200004,21318.1630749398,149083.768580143,1239887.14749336,15309.3693340324,400.006400102402,
120.83988,7802.43435952017,1200.05760276493,841395.848838171,4700.88376614804,500.010000200004,400.006400102402,23522.1107841371,156878.293035369,1357517.58573573,16510.8971921468,0,
120.96609,10404.3282005314,1700.11560786133,875738.493576607,6301.58800017604,100.0004000016,300.003600043201,19815.6940296715,163563.160543533,1306928.19260881,15809.9919148902,100.0004000016,
121.09241,10204.1632986258,1300.06760351538,860214.16394962,6401.6388195378,600.014400345608,300.003600043201,31038.4877247787,156068.247406912,1314681.48709528,14908.8856958747,0,
121.21872,9403.53572943427,1800.12960933187,832317.262187687,6501.69043951427,300.003600043201,400.006400102402,22420.0883992057,146756.470763375,1274524.64130019,16310.634533716,100.0004000016,
121.34495,8002.56081946223,1600.10240655402,853581.858645024,5001.00020004001,500.010000200004,200.0016000128,21117.8234429859,151917.582196467,1312133.47198074,17512.2585810067,0,
121.47122,9703.76506084361,1300.06760351538,844922.19644622,4400.77453631839,200.0016000128,200.0016000128,19515.221873061,155359.50027369,1290218.77668457,14808.7667899396,0,
121.59746,9403.53572943427,2000.16001280102,834559.613763,4800.92177698118,300.003600043201,100.0004000016,20316.4969955604,155865.744150758,1290771.72879702,16911.4321281186,100.0004000016,
121.72373,7902.49718911176,1700.11560786133,825272.404973328,5201.0818250196,200.0016000128,100.0004000016,18914.2992102029,148982.572761036,1255209.03347224,13807.6218072376,0,
121.85001,8002.56081946223,1300.06760351538,800219.611469333,5201.0818250196,400.006400102402,200.0016000128,18413.5523745477,149690.960597476,1291656.50055949,16510.8971921468,0,
121.97621,7502.25067520256,1600.10240655402,863424.565701375,6101.48876325823,100.0004000016,400.006400102402,20016.0128102482,150298.181935245,1299290.12956082,15009.0054032419,0,
122.10246,9103.31360615264,1100.04840212969,819297.962960668,6301.58800017604,200.0016000128,200.0016000128,21819.0261908384,148982.572761036,1221392.46082524,12506.2531265633,0,
122.22868,12205.9565067753,1800.12960933187,840434.284674762,5401.16665199683,200.0016000128,400.006400102402,22920.9956319989,150500.595563854,1275187.3946365,15509.6159618964,0,
122.35491,9503.61137232148,1300.06760351538,848770.218908065,5401.16665199683,500.010000200004,200.0016000128,22219.7311212357,155764.493745271,1311579.62094486,16310.634533716,0,
122.48119,8502.8909829342,1000.04000160006,834559.613763,5201.0818250196,200.0016000128,600.014400345608,21117.8234429859,149184.965213647,1293647.45477493,14408.2991803279,100.0004000016,
122.60735,9203.38684635946,1300.06760351538,848128.802259747,4500.81014582625,500.010000200004,500.010000200004,21017.6548300572,156675.776737521,1342076.09277468,16010.246557797,0,
122.7336,10004.0016006403,1400.07840439065,864815.98735314,4800.92177698118,400.006400102402,100.0004000016,20516.8237955123,151715.14575922,1320998.26070844,16510.8971921468,0,
122.85987,8302.75651516303,1600.10240655402,821218.017839363,4600.84655576626,700.019600548815,100.0004000016,18213.259252736,154347.073643879,1328641.45423548,15609.7404780583,0,
122.98608,7502.25067520256,1500.09000540032,858181.321704737,6501.69043951427,300.003600043201,300.003600043201,20016.0128102482,154448.312639607,1364188.57354976,14708.648685427,0,
123.11239,10604.4963064339,1700.11560786133,860856.18053774,4800.92177698118,300.003600043201,600.014400345608,23321.7358578195,152626.135389544,1313684.3789339,14908.8856958747,0,
123.23863,9703.76506084361,1800.12960933187,855720.940238121,4700.88376614804,600.014400345608,500.010000200004,19314.911111378,152727.360533157,1303938.85702021,14408.2991803279,0,
123.36487,7001.96054895371,600.014400345608,835841.132312577,5401.16665199683,300.003600043201,400.006400102402,20116.1734034163,150601.803599957,1373422.34187551,14107.9568876847,0,
123.49114,9103.31360615264,2500.2500250025,847487.417443125,6001.44034568296,600.014400345608,400.006400102402,21017.6548300572,160929.303827279,1335194.35373433,13607.4024269202,0,
123.61737,6301.58800017604,1000.04000160006,824632.153939599,5501.21026625858,500.010000200004,100.0004000016,18814.1482394761,151917.582196467,1395364.5516589,15109.1259120509,0,
123.74362,8402.82334864514,1800.12960933187,919090.965641653,3600.51847466035,400.006400102402,300.003600043201,21618.6785382571,163765.787746655,1391017.76432188,17412.118834709,0,
123.86994,7902.49718911176,1000.04000160006,878631.289542549,4900.9605882753,0,400.006400102402,22119.5536854579,155157.008427984,1371308.01687764,12906.6598364756,0,
123.99617,8202.69048247825,1100.04840212969,820257.954705071,3200.40965243551,300.003600043201,200.0016000128,17011.567866149,153537.191013949,1335083.38740804,12906.6598364756,0,
124.12245,6101.48876325823,1200.05760276493,829648.303508699,3900.60849492521,400.006400102402,400.006400102402,19715.5358422437,161537.067976409,1383442.17382678,16811.2971917128,0,
124.24868,6801.85010322808,1800.12960933187,834132.46916438,4600.84655576626,300.003600043201,100.0004000016,18213.259252736,147970.659359672,1440141.63455071,14408.2991803279,0,
124.37495,8202.69048247825,900.032401166442,841289.004841624,4000.64010241639,400.006400102402,0,18713.9980705568,152828.586491523,1405958.87430341,11905.6670975384,0,
124.50117,8202.69048247825,1200.05760276493,839365.963973722,4800.92177698118,0,200.0016000128,19415.0660912868,159916.42882159,1419018.31154997,11805.5722300926,0,
124.62747,8602.95941803981,700.019600548815,844067.235925321,4700.88376614804,400.006400102402,1500.09000540032,19314.911111378,153840.890888675,1354961.26874892,13507.2939387269,0,
124.75368,7502.25067520256,1200.05760276493,801604.24054526,4800.92177698118,1000.04000160006,100.0004000016,21117.8234429859,167514.979704916,1406293.57038439,16210.5044068556,0,
124.8799,6401.6388195378,600.014400345608,859144.207137951,3900.60849492521,0,400.006400102402,19214.7569333248,171163.914619412,1472170.33676836,15009.0054032419,0,
125.00609,6301.58800017604,1300.06760351538,841716.386128994,3900.60849492521,600.014400345608,100.0004000016,18613.8487034354,157485.861492946,1428625.79603021,15509.6159618964,0,
125.1324,6801.85010322808,1000.04000160006,825805.971752767,4500.81014582625,0,300.003600043201,17311.9798900839,169846.121628751,1458610.26678746,14308.184281409,0,
125.25856,8602.95941803981,900.032401166442,856255.765945036,4800.92177698118,300.003600043201,400.006400102402,19014.4509827469,156979.55240702,1504501.52453893,13707.5117164206,100.0004000016,
125.38475,7402.19104855037,1000.04000160006,840541.121603519,4700.88376614804,300.003600043201,100.0004000016,19114.6035571176,171265.289026537,1498433.41261665,14107.9568876847,100.0004000016,
125.51092,7102.01697282028,1100.04840212969,834132.46916438,4300.73972723308,200.0016000128,400.006400102402,16611.0297237366,166501.574416339,1470152.25631578,14608.5313823273,0,
125.63725,8602.95941803981,500.010000200004,821004.664306283,3900.60849492521,300.003600043201,200.0016000128,18814.1482394761,174712.504783195,1499556.92740817,12406.1534521122,100.0004000016,
125.76356,8002.56081946223,1200.05760276493,821431.374898263,2600.27042812453,400.006400102402,100.0004000016,19915.8530190031,162144.861487425,1476207.42096323,15009.0054032419,0,
125.88987,6201.53798141939,1800.12960933187,799367.605901244,4200.70571856072,600.014400345608,100.0004000016,18012.9693379233,177146.402085071,1493827.99782963,13807.6218072376,0,
126.01615,6301.58800017604,900.032401166442,840220.61346751,4000.64010241639,200.0016000128,300.003600043201,17311.9798900839,170048.850030808,1503827.15264084,13006.7635170289,0,
126.14244,8002.56081946223,700.019600548815,825592.542395293,5101.04061228491,300.003600043201,200.0016000128,18313.4054127621,169643.396492359,1521146.90169353,11305.1099096792,0,
126.26864,5801.34591225164,1300.06760351538,798941.624218808,3700.5476810568,100.0004000016,200.0016000128,19214.7569333248,166197.568743985,1459842.42634638,14208.0701838644,0,
126.39485,9403.53572943427,1000.04000160006,814179.212357764,4400.77453631839,400.006400102402,500.010000200004,18012.9693379233,170150.215456486,1480918.90907088,13707.5117164206,100.0004000016,
126.52111,9003.24116682005,1400.07840439065,815885.237031132,4600.84655576626,200.0016000128,500.010000200004,17011.567866149,184958.334004932,1540067.00836118,13607.4024269202,0,
126.64739,6401.6388195378,1200.05760276493,793511.590572368,5201.0818250196,300.003600043201,0,18213.259252736,167819.017206735,1534207.90082574,12906.6598364756,0,
126.77366,8903.16952835209,1200.05760276493,820577.967817232,4700.88376614804,200.0016000128,200.0016000128,19114.6035571176,175422.342885224,1543335.71161621,12306.0545788528,0,
126.89991,8102.62525058119,1300.06760351538,808103.331516443,4100.67251029169,100.0004000016,0,21919.201220269,167109.607795764,1528238.77961613,14107.9568876847,0,
127.02611,6501.69043951427,1400.07840439065,802243.350245844,3400.46246289495,200.0016000128,100.0004000016,21117.8234429859,174002.706708771,1512259.26868584,14608.5313823273,0,
127.15233,7602.31110257518,900.032401166442,773939.866305419,4000.64010241639,500.010000200004,0,19615.3784567101,161334.476664372,1514958.67908839,15309.3693340324,0,
127.27856,7402.19104855037,1000.04000160006,802243.350245844,4400.77453631839,100.0004000016,600.014400345608,17011.567866149,169339.314910719,1565674.59811447,12706.4548790786,200.0016000128,
127.40483,6601.74286011507,1600.10240655402,800219.611469333,3000.36004320518,100.0004000016,200.0016000128,20817.3200102485,177856.377450309,1557547.01748124,14808.7667899396,0,
127.53102,6801.85010322808,1300.06760351538,806504.890848807,4000.64010241639,700.019600548815,400.006400102402,20717.1538033492,178059.234909278,1549988.31800514,15009.0054032419,0,
127.65724,7702.37233067785,900.032401166442,809169.068640001,3600.51847466035,200.0016000128,300.003600043201,21418.3340939844,174611.102607687,1566126.27623671,13807.6218072376,0,
127.7835,5701.29989637637,1300.06760351538,815565.340228499,2800.31363512713,200.0016000128,200.0016000128,20416.6599945556,172481.845606093,1576180.08870066,14508.4148806308,0,
127.90967,6601.74286011507,1400.07840439065,812473.413152384,4000.64010241639,800.025600819226,400.006400102402,19114.6035571176,177450.672338643,1594499.83192276,12406.1534521122,300.003600043201,
128.03581,7202.07419736884,900.032401166442,805759.019628893,3300.43565750679,300.003600043201,500.010000200004,18313.4054127621,168629.819792611,1508323.61361467,14107.9568876847,0,
128.16197,7202.07419736884,1700.11560786133,771282.956316645,3400.46246289495,300.003600043201,0,20717.1538033492,180899.582601409,1515296.14403957,13707.5117164206,0,
128.28819,6401.6388195378,1600.10240655402,791276.358684439,4300.73972723308,100.0004000016,100.0004000016,17812.6826300326,183740.57120753,1569514.35178887,15409.4922472243,0,
128.41442,6701.7960813498,1500.09000540032,792234.267768786,3600.51847466035,300.003600043201,200.0016000128,19515.221873061,170859.796297266,1559126.99087216,13707.5117164206,0,
128.54065,6601.74286011507,1400.07840439065,772664.481144719,3700.5476810568,300.003600043201,400.006400102402,20516.8237955123,171468.040290459,1410980.20655499,13407.186251831,0,
128.66693,8102.62525058119,1900.14441097523,756732.809956523,4400.77453631839,500.010000200004,200.0016000128,17311.9798900839,174509.701249058,1497984.03337474,15509.6159618964,0,
128.79318,6001.44034568296,1300.06760351538,792660.027979878,4600.84655576626,400.006400102402,300.003600043201,18713.9980705568,177552.0973908,1515858.60471431,13407.186251831,0,
128.91957,6101.48876325823,1000.04000160006,764483.762191754,3300.43565750679,200.0016000128,300.003600043201,19515.221873061,174205.502074355,1534433.20327923,14608.5313823273,0,
129.04577,8803.09869073914,1000.04000160006,805332.826860668,4100.67251029169,100.0004000016,300.003600043201,18313.4054127621,179479.32865465,1515296.14403957,14408.2991803279,0,
129.17209,5901.39272868397,1300.06760351538,803202.074164596,4100.67251029169,100.0004000016,200.0016000128,22520.2682414173,177349.248103642,1572112.46168301,13407.186251831,100.0004000016,
129.29841,9003.24116682005,1400.07840439065,816418.415987179,3100.38444767151,300.003600043201,400.006400102402,19214.7569333248,180392.330656825,1569401.40201417,15009.0054032419,0,
129.42473,7602.31110257518,1500.09000540032,801071.673313023,2700.2916314962,200.0016000128,100.0004000016,21418.3340939844,177957.805771191,1513833.85795373,14408.2991803279,0,
129.55098,7202.07419736884,800.025600819226,781382.129583414,4100.67251029169,400.006400102402,100.0004000016,20817.3200102485,177856.377450309,1523510.43965371,16110.3750815525,100.0004000016,
129.67719,8502.8909829342,1600.10240655402,821218.017839363,3800.57768780855,400.006400102402,400.006400102402,22019.3770518056,177754.949946623,1547845.58923474,14408.2991803279,0,
129.80355,7702.37233067785,1200.05760276493,764058.931677838,4400.77453631839,500.010000200004,300.003600043201,21418.3340939844,175118.121654227,1485856.55260091,16911.4321281186,100.0004000016,
129.92975,8803.09869073914,1200.05760276493,832851.120112425,3500.49006860961,300.003600043201,400.006400102402,20917.487019148,183537.622190525,1586354.60667084,14508.4148806308,100.0004000016,
130.05609,8703.02865397158,1200.05760276493,795534.277105947,4800.92177698118,100.0004000016,300.003600043201,19415.0660912868,182928.794765174,1550552.25148683,16310.634533716,100.0004000016,
130.18238,7302.132222609,1500.09000540032,826766.447517945,3800.57768780855,600.014400345608,0,19415.0660912868,186582.200944598,1490122.36317322,17412.118834709,0,
130.30861,8002.56081946223,1400.07840439065,798409.166897132,2600.27042812453,500.010000200004,100.0004000016,19014.4509827469,179885.099148316,1534996.47615247,14508.4148806308,0,
130.4348,7502.25067520256,900.032401166442,811940.39713219,4100.67251029169,400.006400102402,300.003600043201,19715.5358422437,172988.778888522,1516758.59142978,15709.8657957197,100.0004000016,
130.56103,6201.53798141939,1200.05760276493,819404.625184867,2400.23042212052,300.003600043201,300.003600043201,20316.4969955604,171468.040290459,1560820.02813322,15609.7404780583,0,
130.68719,9003.24116682005,1600.10240655402,810234.893785721,3900.60849492521,200.0016000128,400.006400102402,21919.201220269,171062.541028832,1503377.59044013,16110.3750815525,100.0004000016,
130.81344,8502.8909829342,2800.31363512713,828687.613387939,4400.77453631839,300.003600043201,300.003600043201,20416.6599945556,175320.934991279,1459730.40709883,17311.9798900839,0,
130.93966,8102.62525058119,600.014400345608,813752.741420541,4200.70571856072,100.0004000016,200.0016000128,20216.3347985172,172988.778888522,1473291.62554482,17311.9798900839,100.0004000016,
131.06589,9203.38684635946,2000.16001280102,801604.24054526,5101.04061228491,500.010000200004,500.010000200004,20616.9883984403,169846.121628751,1501691.86800885,18914.2992102029,100.0004000016,
131.19218,7402.19104855037,1900.14441097523,791489.221220825,4400.77453631839,200.0016000128,400.006400102402,20717.1538033492,173698.519786527,1497759.34946941,17311.9798900839,0,
131.31841,9303.46088745013,1700.11560786133,808209.901268112,4000.64010241639,1000.04000160006,900.032401166442,21919.201220269,170961.168254787,1522047.24743585,15109.1259120509,0,
131.44472,7902.49718911176,1600.10240655402,838190.91322502,4000.64010241639,400.006400102402,700.019600548815,21117.8234429859,174915.311584892,1453906.71294337,17111.7044058136,100.0004000016,
131.571,8502.8909829342,900.032401166442,832424.032007407,4800.92177698118,200.0016000128,300.003600043201,21919.201220269,183842.046942682,1483275.28199392,18513.7001381022,200.0016000128,
131.69732,8803.09869073914,1400.07840439065,831249.612531256,5501.21026625858,100.0004000016,200.0016000128,23321.7358578195,168731.173789082,1430078.69820233,17612.3991289868,0,
131.82363,8903.16952835209,1100.04840212969,825165.694263094,4300.73972723308,200.0016000128,200.0016000128,21217.9928579435,174104.103983147,1477889.90281555,16510.8971921468,0,
131.94991,8703.02865397158,1300.06760351538,820791.314298935,4600.84655576626,400.006400102402,400.006400102402,19515.221873061,171569.417147276,1446071.17166674,17211.841747122,0,
132.0762,9303.46088745013,1000.04000160006,825165.694263094,5101.04061228491,600.014400345608,200.0016000128,23722.4889194957,170454.316632233,1451555.56307955,18713.9980705568,0,
132.2024,9303.46088745013,1900.14441097523,851336.203865705,5801.34591225164,600.014400345608,900.032401166442,20316.4969955604,172380.461399665,1459282.33959325,17011.567866149,200.0016000128,
132.32864,7802.43435952017,800.025600819226,846418.513479424,4900.9605882753,100.0004000016,500.010000200004,22319.9093591484,172481.845606093,1447637.90856311,16410.7654621432,0,
132.45497,8502.8909829342,1300.06760351538,842678.045714664,5401.16665199683,600.014400345608,400.006400102402,18113.1138944596,160625.432762757,1425720.47084292,19715.5358422437,0,
132.58122,10204.1632986258,2100.17641481884,836161.531815683,5601.25468104855,300.003600043201,500.010000200004,21919.201220269,175016.7162111,1451555.56307955,15609.7404780583,0,
132.70761,10304.2453490838,1600.10240655402,869098.223931192,6301.58800017604,500.010000200004,700.019600548815,22119.5536854579,176233.635448137,1473628.03070094,17712.5404786589,100.0004000016,
132.83384,10304.2453490838,2100.17641481884,854544.401560373,4100.67251029169,0,400.006400102402,21618.6785382571,158599.813222555,1398374.70486617,14708.648685427,0,
132.96012,10204.1632986258,1500.09000540032,832744.346762227,6001.44034568296,500.010000200004,600.014400345608,22920.9956319989,154245.835463059,1405735.7482963,18713.9980705568,0,
133.08639,10704.5815609081,1300.06760351538,819724.617145123,5601.25468104855,500.010000200004,700.019600548815,23321.7358578195,171163.914619412,1397148.26327882,17311.9798900839,0,
133.21263,11605.3848985929,2600.27042812453,861712.252244797,7001.96054895371,400.006400102402,400.006400102402,26027.0681508769,163056.606812143,1452899.02611007,16210.5044068556,200.0016000128,
133.33891,11004.8421305374,1100.04840212969,857325.483738845,6201.53798141939,300.003600043201,600.014400345608,19815.6940296715,170150.215456486,1406516.70581873,19815.6940296715,100.0004000016,
133.4652,14007.84439286,2200.1936170383,872632.136706849,5301.12383825371,100.0004000016,1000.04000160006,22820.8125810739,179580.770052011,1408971.44450736,15809.9919148902,100.0004000016,
133.59149,13006.7635170289,1700.11560786133,852940.203183428,7202.07419736884,500.010000200004,500.010000200004,23321.7358578195,165285.59579317,1380212.73003546,15209.2472223112,100.0004000016,
133.71768,9703.76506084361,1200.05760276493,865030.065510948,6201.53798141939,200.0016000128,700.019600548815,22620.4488857928,156574.519811306,1360741.47493621,16210.5044068556,0,
133.84391,10504.4118529783,1600.10240655402,862247.325843627,6401.6388195378,500.010000200004,900.032401166442,23421.922919853,158498.540807085,1416003.44887341,14908.8856958747,100.0004000016,
133.97024,9103.31360615264,1800.12960933187,840968.478153012,6201.53798141939,500.010000200004,900.032401166442,25025.025025025,159713.863606172,1359185.016174,16110.3750815525,0,
134.09658,12606.3536022155,1100.04840212969,892032.296685406,8703.02865397158,200.0016000128,800.025600819226,25325.6295370915,160422.856130689,1428402.28679679,15109.1259120509,0,
134.22288,8803.09869073914,2000.16001280102,854651.355197405,6301.58800017604,400.006400102402,500.010000200004,21117.8234429859,159004.911037759,1370084.08892414,15009.0054032419,0,
134.34919,14808.7667899396,1400.07840439065,889350.985038026,7202.07419736884,300.003600043201,900.032401166442,27129.408278574,160625.432762757,1395810.45696427,16110.3750815525,100.0004000016,
134.47556,13507.2939387269,2200.1936170383,880345.844237586,6101.48876325823,600.014400345608,700.019600548815,32642.5659059413,161334.476664372,1368860.27457367,14608.5313823273,100.0004000016,
134.60179,12105.8592358702,1800.12960933187,888064.152694016,7102.01697282028,400.006400102402,1000.04000160006,22820.8125810739,163461.848165684,1351849.89986297,16010.246557797,200.0016000128,
134.72808,14007.84439286,2300.21161946899,886455.792146256,7102.01697282028,200.0016000128,1400.07840439065,30637.5003003677,158802.360499473,1401943.18301827,15209.2472223112,400.006400102402,
134.85429,15409.4922472243,5301.12383825371,900079.565044424,8102.62525058119,600.014400345608,1700.11560786133,29033.6790677186,159106.187529939,1357962.21322537,16210.5044068556,400.006400102402,
134.98055,16811.2971917128,15109.1259120509,835307.150799654,8803.09869073914,600.014400345608,1300.06760351538,35149.3496869605,146857.648668222,1304270.97186916,12506.2531265633,600.014400345608,
135.10685,17812.6826300326,2700.2916314962,852512.450569996,7802.43435952017,300.003600043201,2300.21161946899,39562.5087638469,154448.312639607,1308257.00431034,14708.648685427,300.003600043201,
135.23309,20616.9883984403,2600.27042812453,815352.080097809,8002.56081946223,600.014400345608,2500.2500250025,38760.0004807442,146149.420431548,1309253.70118581,15409.4922472243,800.025600819226,
135.35938,110612.016943722,4000.64010241639,836161.531815683,6601.74286011507,300.003600043201,2700.2916314962,46385.9066992069,154347.073643879,1321995.92324927,13607.4024269202,300.003600043201,
135.48564,23922.8702639724,6701.7960813498,852726.325107341,7402.19104855037,400.006400102402,2600.27042812453,41669.3377780627,148476.605881122,1276181.58733362,14308.184281409,1100.04840212969,
135.612,22520.2682414173,4800.92177698118,803202.074164596,7102.01697282028,100.0004000016,2200.1936170383,40064.1025641026,153132.269255226,1240768.49764253,12906.6598364756,900.032401166442,
135.73824,21618.6785382571,3100.38444767151,831249.612531256,8302.75651516303,200.0016000128,2800.31363512713,39763.1438724695,140282.777900686,1239226.17373307,11104.9305891816,600.014400345608,
135.8645,50301.0044168691,2800.31363512713,767033.039520445,7502.25067520256,200.0016000128,2100.17641481884,41067.3504547458,139777.161015245,1174392.64939296,10604.4963064339,500.010000200004,
135.99074,19915.8530190031,3800.57768780855,758431.249716657,7402.19104855037,0,2400.23042212052,36152.2037822616,146048.248225695,1166393.14063704,13507.2939387269,700.019600548815,
136.11693,18213.259252736,3600.51847466035,743789.568204566,6801.85010322808,600.014400345608,2300.21161946899,34046.302972042,124820.106288039,1116315.8026693,10704.5815609081,1200.05760276493,
136.24317,20616.9883984403,5801.34591225164,733719.819493396,6301.58800017604,500.010000200004,2300.21161946899,42070.6787402837,132599.595465677,1153910.53270285,11305.1099096792,1300.06760351538,
136.36935,22119.5536854579,3400.46246289495,740926.838108104,6301.58800017604,600.014400345608,2600.27042812453,35349.9140786791,127749.478347921,1081658.54309942,15709.8657957197,900.032401166442,
136.49564,21718.8519635043,4300.73972723308,681905.967242215,6001.44034568296,400.006400102402,1800.12960933187,35049.0686961746,123406.171112505,1067190.79098284,11805.5722300926,700.019600548815,
136.6219,17211.841747122,3100.38444767151,700703.993683795,7302.132222609,400.006400102402,2800.31363512713,33745.4889190629,124517.106781208,1145157.91675382,13206.9732818928,1100.04840212969,
136.74812,21418.3340939844,3600.51847466035,705143.496393054,8302.75651516303,500.010000200004,2400.23042212052,34547.6757925938,119367.233091652,1079590.73819846,10304.2453490838,1400.07840439065,
136.87448,21418.3340939844,5501.21026625858,651128.239224474,6501.69043951427,100.0004000016,1700.11560786133,36252.4936107484,113714.901072054,995632.733700738,10004.0016006403,800.025600819226,
137.00081,69632.3632209207,4900.9605882753,635030.987625458,5801.34591225164,100.0004000016,2200.1936170383,34146.5759295679,108771.196824644,949114.823795131,11205.0198488923,1400.07840439065,
137.12704,22319.9093591484,3900.60849492521,614334.191242767,5101.04061228491,100.0004000016,2000.16001280102,30136.2840860396,109779.957976272,901796.96306611,9703.76506084361,1300.06760351538,
137.25327,20917.487019148,3700.5476810568,562685.840726062,6601.74286011507,100.0004000016,1500.09000540032,29434.6151073663,99595.1937287155,837336.397985928,8202.69048247825,1000.04000160006,
137.37951,19615.3784567101,3600.51847466035,541792.502564396,4300.73972723308,500.010000200004,2500.2500250025,41067.3504547458,93448.0003533157,843960.369837411,8803.09869073914,900.032401166442,
137.50579,37355.7347562563,4800.92177698118,502709.40784749,4600.84655576626,100.0004000016,3000.36004320518,26127.2768770597,91836.1201999318,813859.357833783,6901.90492575951,2000.16001280102,
137.6321,21017.6548300572,4100.67251029169,489084.554430411,4600.84655576626,300.003600043201,2400.23042212052,20817.3200102485,86901.0251511235,735203.287517809,6501.69043951427,1100.04840212969,
137.75842,20416.6599945556,3400.46246289495,434626.904544863,4600.84655576626,300.003600043201,2100.17641481884,23021.1794851263,80357.4653188817,684755.583865864,7302.132222609,900.032401166442,
137.88468,188605.551448407,2800.31363512713,438664.327666277,4900.9605882753,300.003600043201,2700.2916314962,17712.5404786589,80961.3432159009,662292.443378718,6801.85010322808,1000.04000160006,
138.01089,19915.8530190031,3400.46246289495,421591.676360767,3200.40965243551,0,2200.1936170383,19515.221873061,70900.5066327574,637659.876446989,6201.53798141939,1100.04840212969,
138.13725,18213.259252736,2800.31363512713,400928.251522024,3700.5476810568,300.003600043201,2200.1936170383,19214.7569333248,70397.6766761065,622314.781410908,6201.53798141939,1100.04840212969,
138.26348,20817.3200102485,2600.27042812453,380504.523821126,2300.21161946899,0,2800.31363512713,16310.634533716,67682.7434071994,547848.053662744,5501.21026625858,400.006400102402,
138.38977,15409.4922472243,3200.40965243551,329691.261459152,4200.70571856072,1000.04000160006,2800.31363512713,19415.0660912868,67783.2860053585,580262.678601394,5901.39272868397,1300.06760351538,
138.51593,16911.4321281186,5101.04061228491,343146.199541796,2800.31363512713,200.0016000128,2900.33643902693,20616.9883984403,58335.8057557995,777639.588985336,6301.58800017604,400.006400102402,
138.64214,14107.9568876847,3400.46246289495,313482.163107929,5201.0818250196,0,2100.17641481884,19915.8530190031,56125.7216164208,466962.219252208,5101.04061228491,900.032401166442,
138.76841,15109.1259120509,2600.27042812453,274378.654675153,2700.2916314962,200.0016000128,2200.1936170383,13206.9732818928,47791.1855820906,437628.968778872,4800.92177698118,900.032401166442,
138.89459,14107.9568876847,2800.31363512713,266919.740134784,226273.903743878,500.010000200004,2200.1936170383,12105.8592358702,46687.0246138803,378443.347193347,3900.60849492521,1200.05760276493,
139.02089,15109.1259120509,3000.36004320518,225312.491171141,2700.2916314962,200.0016000128,2100.17641481884,10604.4963064339,40565.7164606663,351369.988034153,5401.16665199683,1100.04840212969,
139.14714,15209.2472223112,2300.21161946899,202222.634418575,2600.27042812453,200.0016000128,1300.06760351538,11004.8421305374,31940.756405173,294120.027681885,2600.27042812453,800.025600819226,
139.27336,13907.7326993809,3000.36004320518,178059.234909278,1800.12960933187,100.0004000016,2200.1936170383,7502.25067520256,33645.2191745706,269065.004164342,3600.51847466035,900.032401166442,
139.39969,11104.9305891816,2600.27042812453,149387.360923888,7802.43435952017,100.0004000016,1700.11560786133,7902.49718911176,28131.6199408135,223072.856341484,7802.43435952017,1200.05760276493,
139.52595,11805.5722300926,2300.21161946899,124618.105804792,2700.2916314962,0,1700.11560786133,6901.90492575951,22019.3770518056,184552.399987106,2800.31363512713,900.032401166442,
139.65213,8803.09869073914,2100.17641481884,97579.3886631222,1700.11560786133,100.0004000016,1700.11560786133,4600.84655576626,20416.6599945556,145744.736492712,3000.36004320518,800.025600819226,
139.77837,10204.1632986258,2300.21161946899,81967.871002436,2000.16001280102,100.0004000016,1400.07840439065,4600.84655576626,15910.1188355794,123103.205707969,2100.17641481884,400.006400102402,
139.90466,9803.84310649775,1500.09000540032,63762.2110649492,1500.09000540032,0,2000.16001280102,4700.88376614804,14007.84439286,96470.8338854557,2100.17641481884,2400.23042212052,
140.03095,7202.07419736884,1200.05760276493,52108.3854417188,1600.10240655402,200.0016000128,1000.04000160006,5501.21026625858,9103.31360615264,69693.7486211668,1500.09000540032,200.0016000128,
140.15709,6801.85010322808,1800.12960933187,36653.6609596449,1600.10240655402,0,600.014400345608,4800.92177698118,7802.43435952017,53916.0272907297,1500.09000540032,200.0016000128,
140.2834,4300.73972723308,34046.302972042,31840.5011174214,1800.12960933187,0,1000.04000160006,13307.0793662228,4700.88376614804,37054.8411649241,2800.31363512713,400.006400102402,
140.40965,4000.64010241639,1500.09000540032,18613.8487034354,1600.10240655402,200.0016000128,1400.07840439065,5201.0818250196,3800.57768780855,27830.9480141918,800.025600819226,600.014400345608,
140.53596,3100.38444767151,600.014400345608,13807.6218072376,6101.48876325823,100.0004000016,500.010000200004,3600.51847466035,3500.49006860961,18012.9693379233,1100.04840212969,300.003600043201,
140.66216,35262.3310663134,800.025600819226,10004.0016006403,1300.06760351538,100.0004000016,500.010000200004,1200.05760276493,2200.1936170383,12306.0545788528,300.003600043201,400.006400102402,
140.78848,14408.2991803279,1300.06760351538,5501.21026625858,1300.06760351538,300.003600043201,300.003600043201,1900.14441097523,2100.17641481884,5801.34591225164,300.003600043201,400.006400102402,
140.91471,1900.14441097523,500.010000200004,2400.23042212052,5101.04061228491,300.003600043201,1100.04840212969,1900.14441097523,1300.06760351538,2900.33643902693,100.0004000016,300.003600043201,
141.04101,1700.11560786133,600.014400345608,2100.17641481884,1100.04840212969,200.0016000128,400.006400102402,1400.07840439065,1300.06760351538,2200.1936170383,200.0016000128,100.0004000016,
141.16732,3800.57768780855,600.014400345608,600.014400345608,1800.12960933187,100.0004000016,1300.06760351538,1200.05760276493,900.032401166442,1200.05760276493,0,0,
141.29355,1300.06760351538,700.019600548815,700.019600548815,1200.05760276493,100.0004000016,1700.11560786133,32542.3049964954,1300.06760351538,900.032401166442,100.0004000016,200.0016000128,
141.41978,21518.505915087,600.014400345608,1500.09000540032,1700.11560786133,0,1000.04000160006,1500.09000540032,1100.04840212969,400.006400102402,100.0004000016,300.003600043201,
141.54599,2200.1936170383,700.019600548815,800.025600819226,700.019600548815,200.0016000128,1100.04840212969,900.032401166442,900.032401166442,1800.12960933187,600.014400345608,0,
141.67222,2300.21161946899,7502.25067520256,800.025600819226,1500.09000540032,300.003600043201,1200.05760276493,600.014400345608,1100.04840212969,2800.31363512713,100.0004000016,100.0004000016,
141.79845,14908.8856958747,1100.04840212969,400.006400102402,1400.07840439065,0,1300.06760351538,800.025600819226,1000.04000160006,1100.04840212969,700.019600548815,200.0016000128,
141.92465,2500.2500250025,1000.04000160006,1000.04000160006,1900.14441097523,200.0016000128,900.032401166442,2800.31363512713,1400.07840439065,0,100.0004000016,0,
142.05097,2700.2916314962,400.006400102402,300.003600043201,800.025600819226,200.0016000128,600.014400345608,6701.7960813498,1000.04000160006,400.006400102402,100.0004000016,600.014400345608,
142.17728,1300.06760351538,1000.04000160006,100.0004000016,1900.14441097523,200.0016000128,500.010000200004,600.014400345608,800.025600819226,300.003600043201,800.025600819226,0,
142.30361,6801.85010322808,700.019600548815,400.006400102402,1200.05760276493,100.0004000016,1200.05760276493,600.014400345608,700.019600548815,300.003600043201,100.0004000016,0,
142.42995,700.019600548815,900.032401166442,500.010000200004,1500.09000540032,300.003600043201,600.014400345608,1300.06760351538,500.010000200004,400.006400102402,0,0,
142.55627,1800.12960933187,1000.04000160006,200.0016000128,1100.04840212969,100.0004000016,700.019600548815,700.019600548815,1200.05760276493,200.0016000128,0,100.0004000016,
142.68258,400.006400102402,29334.3798932349,300.003600043201,49297.0165285281,400.006400102402,500.010000200004,100.0004000016,900.032401166442,900.032401166442,100.0004000016,0,
142.80889,800.025600819226,800.025600819226,200.0016000128,1600.10240655402,100.0004000016,700.019600548815,1100.04840212969,800.025600819226,100.0004000016,0,100.0004000016,
142.93522,1000.04000160006,1000.04000160006,400.006400102402,900.032401166442,100.0004000016,700.019600548815,800.025600819226,500.010000200004,300.003600043201,0,0,
143.06141,1200.05760276493,500.010000200004,100.0004000016,1200.05760276493,0,500.010000200004,800.025600819226,1700.11560786133,1900.14441097523,100.0004000016,0,
143.18772,1200.05760276493,400.006400102402,1500.09000540032,900.032401166442,0,900.032401166442,1100.04840212969,600.014400345608,200.0016000128,0,0,
143.31399,1300.06760351538,600.014400345608,400.006400102402,1800.12960933187,0,1200.05760276493,300.003600043201,1200.05760276493,800.025600819226,100.0004000016,0,
143.44025,2300.21161946899,1400.07840439065,400.006400102402,800.025600819226,200.0016000128,1700.11560786133,800.025600819226,600.014400345608,100.0004000016,300.003600043201,0,
143.56656,1600.10240655402,1400.07840439065,400.006400102402,2200.1936170383,0,700.019600548815,500.010000200004,700.019600548815,2600.27042812453,0,0,
143.69279,700.019600548815,200.0016000128,0,1500.09000540032,0,0,200.0016000128,500.010000200004,0,0,0,
143.81908,500.010000200004,400.006400102402,600.014400345608,1600.10240655402,0,0,100.0004000016,200.0016000128,100.0004000016,0,0,
143.9453,0,1600.10240655402,0,1800.12960933187,300.003600043201,0,0,1000.04000160006,100.0004000016,0,0,
144.07146,0,400.006400102402,100.0004000016,1600.10240655402,300.003600043201,200.0016000128,0,1100.04840212969,0,0,0,
144.19769,0,500.010000200004,100.0004000016,1500.09000540032,100.0004000016,100.0004000016,100.0004000016,1000.04000160006,0,0,0,
144.32392,0,100.0004000016,0,1300.06760351538,400.006400102402,300.003600043201,0,800.025600819226,0,0,0,
144.45022,0,700.019600548815,400.006400102402,600.014400345608,300.003600043201,100.0004000016,0,1000.04000160006,0,0,0,
144.57654,0,200.0016000128,0,1100.04840212969,300.003600043201,0,0,400.006400102402,0,0,0,
144.70276,0,300.003600043201,0,1400.07840439065,100.0004000016,0,0,800.025600819226,100.0004000016,0,0,
144.82898,0,200.0016000128,100.0004000016,1300.06760351538,100.0004000016,0,0,1600.10240655402,0,0,0,
144.95518,0,300.003600043201,0,700.019600548815,200.0016000128,400.006400102402,0,900.032401166442,0,0,0,
145.08143,0,800.025600819226,400.006400102402,900.032401166442,200.0016000128,200.0016000128,100.0004000016,500.010000200004,100.0004000016,0,0,
145.20773,0,200.0016000128,100.0004000016,1100.04840212969,0,200.0016000128,0,1500.09000540032,0,0,0,
145.33401,0,100.0004000016,200.0016000128,1300.06760351538,400.006400102402,0,100.0004000016,900.032401166442,0,0,0,
145.46034,0,500.010000200004,0,1000.04000160006,200.0016000128,100.0004000016,100.0004000016,900.032401166442,0,0,0,
145.58665,0,300.003600043201,200.0016000128,1300.06760351538,0,0,200.0016000128,1000.04000160006,0,0,0,
145.71297,0,200.0016000128,200.0016000128,1600.10240655402,300.003600043201,0,300.003600043201,800.025600819226,0,0,0,
145.8392,0,500.010000200004,100.0004000016,1200.05760276493,100.0004000016,0,100.0004000016,1100.04840212969,0,0,0,
145.96543,0,300.003600043201,100.0004000016,1200.05760276493,0,100.0004000016,0,800.025600819226,0,0,100.0004000016,
146.09171,0,500.010000200004,100.0004000016,1400.07840439065,200.0016000128,100.0004000016,0,800.025600819226,0,0,0,
146.21795,0,600.014400345608,400.006400102402,1500.09000540032,100.0004000016,200.0016000128,0,800.025600819226,0,0,0,
146.34427,0,500.010000200004,200.0016000128,1100.04840212969,0,0,100.0004000016,1000.04000160006,0,0,100.0004000016,
146.47048,0,200.0016000128,0,1900.14441097523,300.003600043201,100.0004000016,0,1200.05760276493,0,0,0,
146.59671,0,400.006400102402,0,700.019600548815,200.0016000128,100.0004000016,0,1000.04000160006,0,0,0,
146.72293,0,600.014400345608,0,1300.06760351538,100.0004000016,0,100.0004000016,1000.04000160006,0,0,0,
146.84916,0,300.003600043201,100.0004000016,1600.10240655402,100.0004000016,0,0,1100.04840212969,0,0,0,
146.97546,0,200.0016000128,100.0004000016,1300.06760351538,300.003600043201,0,200.0016000128,700.019600548815,0,0,0,
147.10177,0,700.019600548815,400.006400102402,1100.04840212969,200.0016000128,0,0,800.025600819226,0,0,0,
147.228,100.0004000016,100.0004000016,100.0004000016,700.019600548815,0,200.0016000128,100.0004000016,500.010000200004,0,0,0,
147.3543,0,800.025600819226,0,900.032401166442,100.0004000016,0,0,1500.09000540032,0,0,0,
147.48059,0,300.003600043201,0,1000.04000160006,100.0004000016,100.0004000016,100.0004000016,900.032401166442,0,0,0,
147.60683,0,200.0016000128,0,1300.06760351538,300.003600043201,100.0004000016,0,800.025600819226,0,0,0,
147.73306,100.0004000016,900.032401166442,500.010000200004,800.025600819226,200.0016000128,0,200.0016000128,1000.04000160006,0,0,0,
147.8594,0,200.0016000128,400.006400102402,1700.11560786133,0,0,0,600.014400345608,0,0,0,
147.98564,0,500.010000200004,0,1700.11560786133,0,100.0004000016,0,700.019600548815,0,0,0,
148.11185,0,200.0016000128,300.003600043201,800.025600819226,100.0004000016,0,0,900.032401166442,0,0,0,
148.2382,100.0004000016,200.0016000128,100.0004000016,500.010000200004,200.0016000128,200.0016000128,200.0016000128,900.032401166442,0,0,0,
148.36443,100.0004000016,300.003600043201,200.0016000128,1000.04000160006,200.0016000128,100.0004000016,0,500.010000200004,0,0,0,
148.49073,0,300.003600043201,200.0016000128,500.010000200004,200.0016000128,0,0,800.025600819226,0,0,0,
148.61704,0,700.019600548815,100.0004000016,900.032401166442,600.014400345608,0,300.003600043201,500.010000200004,0,0,0,
148.74335,0,500.010000200004,100.0004000016,700.019600548815,100.0004000016,0,0,900.032401166442,0,0,0,
148.86961,0,500.010000200004,100.0004000016,1300.06760351538,200.0016000128,100.0004000016,0,400.006400102402,0,0,0,
148.99586,0,900.032401166442,100.0004000016,1200.05760276493,100.0004000016,200.0016000128,100.0004000016,900.032401166442,0,0,0,
149.12218,0,100.0004000016,0,1000.04000160006,100.0004000016,0,100.0004000016,1200.05760276493,0,0,0,
149.2485,0,500.010000200004,400.006400102402,1400.07840439065,200.0016000128,0,0,900.032401166442,0,0,0,
149.37468,200.0016000128,600.014400345608,200.0016000128,1200.05760276493,100.0004000016,0,0,1600.10240655402,0,0,0,
149.50086,100.0004000016,600.014400345608,100.0004000016,1800.12960933187,300.003600043201,100.0004000016,100.0004000016,1000.04000160006,0,0,0,
149.62708,0,400.006400102402,100.0004000016,1400.07840439065,300.003600043201,0,0,800.025600819226,0,0,0,
149.75334,0,400.006400102402,0,1500.09000540032,400.006400102402,100.0004000016,100.0004000016,900.032401166442,0,0,0,
149.87958,0,500.010000200004,100.0004000016,1100.04840212969,0,100.0004000016,200.0016000128,2100.17641481884,0,0,0,
150.00579,0,200.0016000128,100.0004000016,1300.06760351538,200.0016000128,400.006400102402,100.0004000016,900.032401166442,0,0,0,
150.13214,0,900.032401166442,100.0004000016,1000.04000160006,300.003600043201,100.0004000016,0,1000.04000160006,100.0004000016,0,0,
150.25849,0,600.014400345608,400.006400102402,1600.10240655402,200.0016000128,0,100.0004000016,1200.05760276493,0,0,0,
150.38478,0,400.006400102402,0,1000.04000160006,0,0,0,1100.04840212969,0,0,0,
150.51097,0,500.010000200004,100.0004000016,400.006400102402,400.006400102402,0,0,1100.04840212969,0,0,0,
150.63729,0,200.0016000128,100.0004000016,900.032401166442,200.0016000128,0,0,1500.09000540032,100.0004000016,0,0,
150.7636,100.0004000016,100.0004000016,200.0016000128,900.032401166442,300.003600043201,100.0004000016,200.0016000128,1000.04000160006,0,0,0,
150.88993,0,300.003600043201,200.0016000128,700.019600548815,100.0004000016,200.0016000128,0,1200.05760276493,100.0004000016,0,0,
151.01618,0,400.006400102402,200.0016000128,1200.05760276493,300.003600043201,0,0,900.032401166442,0,0,0,
151.14247,0,300.003600043201,200.0016000128,900.032401166442,100.0004000016,0,0,1300.06760351538,200.0016000128,0,0,
151.26875,0,1100.04840212969,200.0016000128,1800.12960933187,0,100.0004000016,100.0004000016,1000.04000160006,0,0,0,
151.39501,100.0004000016,400.006400102402,0,1100.04840212969,300.003600043201,200.0016000128,0,1400.07840439065,0,0,0,
151.52119,0,500.010000200004,0,1000.04000160006,200.0016000128,200.0016000128,0,900.032401166442,0,0,100.0004000016,
151.64748,0,600.014400345608,0,1200.05760276493,200.0016000128,0,100.0004000016,500.010000200004,0,0,0,
151.77372,0,400.006400102402,100.0004000016,1300.06760351538,200.0016000128,0,100.0004000016,1500.09000540032,0,0,0,
151.89991,0,300.003600043201,100.0004000016,600.014400345608,300.003600043201,100.0004000016,0,1100.04840212969,0,0,0,
152.0261,100.0004000016,400.006400102402,200.0016000128,900.032401166442,0,0,300.003600043201,700.019600548815,0,0,0,
152.15231,0,300.003600043201,100.0004000016,700.019600548815,100.0004000016,0,0,1000.04000160006,0,0,0,
152.27857,0,300.003600043201,100.0004000016,1100.04840212969,100.0004000016,0,0,700.019600548815,0,0,0,
152.4048,0,200.0016000128,300.003600043201,800.025600819226,0,0,0,400.006400102402,0,0,0,
152.53101,0,200.0016000128,200.0016000128,2000.16001280102,100.0004000016,0,0,400.006400102402,0,0,0,
152.65715,0,400.006400102402,400.006400102402,1400.07840439065,100.0004000016,0,200.0016000128,900.032401166442,0,0,0,
152.78338,0,800.025600819226,0,1700.11560786133,100.0004000016,0,0,1000.04000160006,0,0,0,
152.9096,0,100.0004000016,200.0016000128,2200.1936170383,100.0004000016,0,100.0004000016,1000.04000160006,0,0,0,
153.03576,100.0004000016,100.0004000016,100.0004000016,1500.09000540032,100.0004000016,100.0004000016,100.0004000016,900.032401166442,100.0004000016,0,0,
153.16206,0,400.006400102402,200.0016000128,600.014400345608,100.0004000016,0,0,600.014400345608,0,0,0,
153.28827,0,400.006400102402,200.0016000128,1300.06760351538,200.0016000128,200.0016000128,100.0004000016,500.010000200004,0,0,0,
153.41453,0,600.014400345608,0,1100.04840212969,400.006400102402,100.0004000016,0,800.025600819226,0,0,0,
153.54086,0,100.0004000016,200.0016000128,1500.09000540032,100.0004000016,0,0,1000.04000160006,0,0,0,
153.66719,100.0004000016,100.0004000016,0,1000.04000160006,100.0004000016,0,200.0016000128,700.019600548815,0,0,0,
153.79349,0,100.0004000016,300.003600043201,1900.14441097523,200.0016000128,0,0,1200.05760276493,0,0,0,
153.91981,0,300.003600043201,100.0004000016,1000.04000160006,0,100.0004000016,0,1300.06760351538,0,0,0,
154.04618,0,400.006400102402,300.003600043201,1300.06760351538,300.003600043201,100.0004000016,100.0004000016,400.006400102402,0,0,0,
154.17242,0,400.006400102402,100.0004000016,900.032401166442,100.0004000016,0,0,600.014400345608,0,0,0,
154.2987,0,300.003600043201,0,1000.04000160006,100.0004000016,100.0004000016,100.0004000016,1200.05760276493,0,0,0,
154.42492,0,300.003600043201,0,900.032401166442,100.0004000016,0,100.0004000016,600.014400345608,0,0,0,
154.55117,0,500.010000200004,0,1300.06760351538,300.003600043201,100.0004000016,0,1100.04840212969,0,0,0,
154.67747,100.0004000016,100.0004000016,200.0016000128,1400.07840439065,0,0,200.0016000128,300.003600043201,0,100.0004000016,0,
154.80371,0,300.003600043201,0,1000.04000160006,100.0004000016,0,0,400.006400102402,0,0,0,

